path,class,split
plantwild/extracted/plantwild/images/apple scab/google_0009.jpg,Apple___Apple_scab,fit
plantwild/extracted/plantwild/images/apple scab/google_0110.jpg,Apple___Apple_scab,fit
plantwild/extracted/plantwild/images/apple scab/google_0196.jpg,Apple___Apple_scab,fit
plantwild/extracted/plantwild/images/apple scab/google_0319.jpg,Apple___Apple_scab,fit
plantwild/extracted/plantwild/images/apple scab/31.jpg,Apple___Apple_scab,fit
plantwild/extracted/plantwild/images/apple scab/google_0224.jpg,Apple___Apple_scab,fit
plantwild/extracted/plantwild/images/apple scab/google_0189.jpg,Apple___Apple_scab,fit
plantwild/extracted/plantwild/images/apple scab/google_0057.jpg,Apple___Apple_scab,fit
plantwild/extracted/plantwild/images/apple scab/google_0002.jpg,Apple___Apple_scab,fit
plantwild/extracted/plantwild/images/apple scab/26.jpg,Apple___Apple_scab,fit
plantwild/extracted/plantwild/images/apple scab/google_0016.jpg,Apple___Apple_scab,fit
plantwild/extracted/plantwild/images/apple scab/google_0296.jpg,Apple___Apple_scab,fit
plantwild/extracted/plantwild/images/apple scab/google_0099.jpg,Apple___Apple_scab,fit
plantwild/extracted/plantwild/images/apple scab/google_0203.jpg,Apple___Apple_scab,fit
plantwild/extracted/plantwild/images/apple scab/google_0190.jpg,Apple___Apple_scab,fit
plantwild/extracted/plantwild/images/apple scab/10.jpg,Apple___Apple_scab,fit
plantwild/extracted/plantwild/images/apple scab/google_0302.jpg,Apple___Apple_scab,fit
plantwild/extracted/plantwild/images/apple scab/google_0155.jpg,Apple___Apple_scab,fit
plantwild/extracted/plantwild/images/apple scab/google_0240.jpg,Apple___Apple_scab,fit
plantwild/extracted/plantwild/images/apple scab/google_0028.jpg,Apple___Apple_scab,fit
plantwild/extracted/plantwild/images/apple scab/97.jpg,Apple___Apple_scab,fit
plantwild/extracted/plantwild/images/apple scab/45.jpg,Apple___Apple_scab,fit
plantwild/extracted/plantwild/images/apple scab/google_0285.jpg,Apple___Apple_scab,fit
plantwild/extracted/plantwild/images/apple scab/13.jpg,Apple___Apple_scab,fit
plantwild/extracted/plantwild/images/apple scab/google_0092.jpg,Apple___Apple_scab,fit
plantwild/extracted/plantwild/images/apple scab/google_0136.jpg,Apple___Apple_scab,fit
plantwild/extracted/plantwild/images/apple scab/google_0301.jpg,Apple___Apple_scab,fit
plantwild/extracted/plantwild/images/apple scab/9.jpg,Apple___Apple_scab,fit
plantwild/extracted/plantwild/images/apple scab/44.jpg,Apple___Apple_scab,fit
plantwild/extracted/plantwild/images/apple scab/google_0021.jpg,Apple___Apple_scab,fit
plantwild/extracted/plantwild/images/apple scab/google_0289.jpg,Apple___Apple_scab,fit
plantwild/extracted/plantwild/images/apple scab/google_0270.jpg,Apple___Apple_scab,fit
plantwild/extracted/plantwild/images/apple scab/66.jpg,Apple___Apple_scab,fit
plantwild/extracted/plantwild/images/apple scab/google_0295.jpg,Apple___Apple_scab,fit
plantwild/extracted/plantwild/images/apple scab/google_0256.jpg,Apple___Apple_scab,fit
plantwild/extracted/plantwild/images/apple scab/google_0140.jpg,Apple___Apple_scab,fit
plantwild/extracted/plantwild/images/apple scab/google_0297.jpg,Apple___Apple_scab,fit
plantwild/extracted/plantwild/images/apple scab/68.jpg,Apple___Apple_scab,fit
plantwild/extracted/plantwild/images/apple scab/google_0067.jpg,Apple___Apple_scab,fit
plantwild/extracted/plantwild/images/apple scab/google_0041.jpg,Apple___Apple_scab,fit
plantwild/extracted/plantwild/images/apple scab/3.jpg,Apple___Apple_scab,fit
plantwild/extracted/plantwild/images/apple scab/google_0006.jpg,Apple___Apple_scab,fit
plantwild/extracted/plantwild/images/apple scab/8.jpg,Apple___Apple_scab,fit
plantwild/extracted/plantwild/images/apple scab/14.jpg,Apple___Apple_scab,fit
plantwild/extracted/plantwild/images/apple scab/google_0244.jpg,Apple___Apple_scab,fit
plantwild/extracted/plantwild/images/apple scab/33.jpg,Apple___Apple_scab,fit
plantwild/extracted/plantwild/images/apple scab/53.jpg,Apple___Apple_scab,fit
plantwild/extracted/plantwild/images/apple scab/google_0153.jpg,Apple___Apple_scab,fit
plantwild/extracted/plantwild/images/apple scab/google_0029.jpg,Apple___Apple_scab,fit
plantwild/extracted/plantwild/images/apple scab/google_0068.jpg,Apple___Apple_scab,fit
plantwild/extracted/plantwild/images/apple scab/google_0156.jpg,Apple___Apple_scab,fit
plantwild/extracted/plantwild/images/apple scab/google_0074.jpg,Apple___Apple_scab,fit
plantwild/extracted/plantwild/images/apple scab/google_0233.jpg,Apple___Apple_scab,fit
plantwild/extracted/plantwild/images/apple scab/43 - Copy (2).jpg,Apple___Apple_scab,fit
plantwild/extracted/plantwild/images/apple scab/google_0305.jpg,Apple___Apple_scab,fit
plantwild/extracted/plantwild/images/apple scab/google_0183.jpg,Apple___Apple_scab,fit
plantwild/extracted/plantwild/images/apple scab/48.jpg,Apple___Apple_scab,fit
plantwild/extracted/plantwild/images/apple scab/google_0226.jpg,Apple___Apple_scab,fit
plantwild/extracted/plantwild/images/apple scab/google_0008.jpg,Apple___Apple_scab,fit
plantwild/extracted/plantwild/images/apple scab/4.jpg,Apple___Apple_scab,fit
plantwild/extracted/plantwild/images/apple scab/google_0287.jpg,Apple___Apple_scab,fit
plantwild/extracted/plantwild/images/apple scab/google_0012.jpg,Apple___Apple_scab,fit
plantwild/extracted/plantwild/images/apple scab/60.jpg,Apple___Apple_scab,fit
plantwild/extracted/plantwild/images/apple scab/12.jpg,Apple___Apple_scab,fit
plantwild/extracted/plantwild/images/apple scab/google_0300.jpg,Apple___Apple_scab,fit
plantwild/extracted/plantwild/images/apple scab/google_0206.jpg,Apple___Apple_scab,fit
plantwild/extracted/plantwild/images/apple scab/google_0288.jpg,Apple___Apple_scab,fit
plantwild/extracted/plantwild/images/apple scab/17.jpg,Apple___Apple_scab,fit
plantwild/extracted/plantwild/images/apple scab/google_0049.jpg,Apple___Apple_scab,fit
plantwild/extracted/plantwild/images/apple scab/google_0075.jpg,Apple___Apple_scab,fit
plantwild/extracted/plantwild/images/apple scab/google_0086.jpg,Apple___Apple_scab,fit
plantwild/extracted/plantwild/images/apple scab/google_0135.jpg,Apple___Apple_scab,fit
plantwild/extracted/plantwild/images/apple scab/google_0038.jpg,Apple___Apple_scab,fit
plantwild/extracted/plantwild/images/apple scab/google_0184.jpg,Apple___Apple_scab,fit
plantwild/extracted/plantwild/images/apple scab/google_0050.jpg,Apple___Apple_scab,fit
plantwild/extracted/plantwild/images/apple scab/google_0332.jpg,Apple___Apple_scab,fit
plantwild/extracted/plantwild/images/apple scab/google_0259.jpg,Apple___Apple_scab,fit
plantwild/extracted/plantwild/images/apple scab/google_0316.jpg,Apple___Apple_scab,fit
plantwild/extracted/plantwild/images/apple scab/google_0334.jpg,Apple___Apple_scab,fit
plantwild/extracted/plantwild/images/apple scab/69.jpg,Apple___Apple_scab,fit
plantwild/extracted/plantwild/images/apple scab/google_0219.jpg,Apple___Apple_scab,fit
plantwild/extracted/plantwild/images/apple scab/google_0245.jpg,Apple___Apple_scab,fit
plantwild/extracted/plantwild/images/apple scab/57 - Copy.jpg,Apple___Apple_scab,fit
plantwild/extracted/plantwild/images/apple scab/google_0105.jpg,Apple___Apple_scab,fit
plantwild/extracted/plantwild/images/apple scab/google_0208.jpg,Apple___Apple_scab,fit
plantwild/extracted/plantwild/images/apple scab/google_0055.jpg,Apple___Apple_scab,fit
plantwild/extracted/plantwild/images/apple scab/google_0113.jpg,Apple___Apple_scab,fit
plantwild/extracted/plantwild/images/apple scab/google_0139.jpg,Apple___Apple_scab,fit
plantwild/extracted/plantwild/images/apple scab/86.jpg,Apple___Apple_scab,fit
plantwild/extracted/plantwild/images/apple scab/google_0119.jpg,Apple___Apple_scab,fit
plantwild/extracted/plantwild/images/apple scab/40.jpg,Apple___Apple_scab,fit
plantwild/extracted/plantwild/images/apple scab/29.jpg,Apple___Apple_scab,fit
plantwild/extracted/plantwild/images/apple scab/74.jpg,Apple___Apple_scab,fit
plantwild/extracted/plantwild/images/apple scab/65.jpg,Apple___Apple_scab,fit
plantwild/extracted/plantwild/images/apple scab/google_0001.jpg,Apple___Apple_scab,fit
plantwild/extracted/plantwild/images/apple scab/google_0254.jpg,Apple___Apple_scab,fit
plantwild/extracted/plantwild/images/apple scab/google_0104.jpg,Apple___Apple_scab,fit
plantwild/extracted/plantwild/images/apple scab/google_0158.jpg,Apple___Apple_scab,fit
plantwild/extracted/plantwild/images/apple scab/google_0331.jpg,Apple___Apple_scab,fit
plantwild/extracted/plantwild/images/apple scab/google_0152.jpg,Apple___Apple_scab,fit
plantwild/extracted/plantwild/images/apple scab/google_0330.jpg,Apple___Apple_scab,fit
plantwild/extracted/plantwild/images/apple scab/google_0212.jpg,Apple___Apple_scab,fit
plantwild/extracted/plantwild/images/apple scab/google_0230.jpg,Apple___Apple_scab,fit
plantwild/extracted/plantwild/images/apple scab/18.jpg,Apple___Apple_scab,fit
plantwild/extracted/plantwild/images/apple scab/77.jpg,Apple___Apple_scab,fit
plantwild/extracted/plantwild/images/apple scab/google_0031.jpg,Apple___Apple_scab,fit
plantwild/extracted/plantwild/images/apple scab/15.jpg,Apple___Apple_scab,fit
plantwild/extracted/plantwild/images/apple scab/38.jpg,Apple___Apple_scab,fit
plantwild/extracted/plantwild/images/apple scab/google_0192.jpg,Apple___Apple_scab,fit
plantwild/extracted/plantwild/images/apple scab/google_0025.jpg,Apple___Apple_scab,fit
plantwild/extracted/plantwild/images/apple scab/google_0030.jpg,Apple___Apple_scab,fit
plantwild/extracted/plantwild/images/apple scab/51.jpg,Apple___Apple_scab,fit
plantwild/extracted/plantwild/images/apple scab/google_0154.jpg,Apple___Apple_scab,fit
plantwild/extracted/plantwild/images/apple scab/google_0274.jpg,Apple___Apple_scab,fit
plantwild/extracted/plantwild/images/apple scab/google_0177.jpg,Apple___Apple_scab,fit
plantwild/extracted/plantwild/images/apple scab/google_0174.jpg,Apple___Apple_scab,fit
plantwild/extracted/plantwild/images/apple scab/google_0065.jpg,Apple___Apple_scab,fit
plantwild/extracted/plantwild/images/apple scab/google_0095.jpg,Apple___Apple_scab,fit
plantwild/extracted/plantwild/images/apple scab/google_0163.jpg,Apple___Apple_scab,fit
plantwild/extracted/plantwild/images/apple scab/google_0069.jpg,Apple___Apple_scab,fit
plantwild/extracted/plantwild/images/apple scab/google_0169.jpg,Apple___Apple_scab,fit
plantwild/extracted/plantwild/images/apple scab/google_0020.jpg,Apple___Apple_scab,fit
plantwild/extracted/plantwild/images/apple scab/google_0053.jpg,Apple___Apple_scab,fit
plantwild/extracted/plantwild/images/apple scab/google_0167.jpg,Apple___Apple_scab,fit
plantwild/extracted/plantwild/images/apple scab/google_0216.jpg,Apple___Apple_scab,fit
plantwild/extracted/plantwild/images/apple scab/google_0098.jpg,Apple___Apple_scab,fit
plantwild/extracted/plantwild/images/apple scab/google_0284.jpg,Apple___Apple_scab,fit
plantwild/extracted/plantwild/images/apple scab/google_0107.jpg,Apple___Apple_scab,fit
plantwild/extracted/plantwild/images/apple scab/56.jpg,Apple___Apple_scab,fit
plantwild/extracted/plantwild/images/apple scab/85.jpg,Apple___Apple_scab,fit
plantwild/extracted/plantwild/images/apple scab/34.jpg,Apple___Apple_scab,fit
plantwild/extracted/plantwild/images/apple scab/google_0062.jpg,Apple___Apple_scab,fit
plantwild/extracted/plantwild/images/apple scab/50.jpg,Apple___Apple_scab,fit
plantwild/extracted/plantwild/images/apple scab/google_0060.jpg,Apple___Apple_scab,fit
plantwild/extracted/plantwild/images/apple scab/google_0223.jpg,Apple___Apple_scab,fit
plantwild/extracted/plantwild/images/apple scab/1.jpg,Apple___Apple_scab,fit
plantwild/extracted/plantwild/images/apple scab/google_0209.jpg,Apple___Apple_scab,fit
plantwild/extracted/plantwild/images/apple scab/google_0188.jpg,Apple___Apple_scab,fit
plantwild/extracted/plantwild/images/apple scab/google_0312.jpg,Apple___Apple_scab,fit
plantwild/extracted/plantwild/images/apple scab/google_0249.jpg,Apple___Apple_scab,fit
plantwild/extracted/plantwild/images/apple scab/google_0108.jpg,Apple___Apple_scab,fit
plantwild/extracted/plantwild/images/apple scab/google_0007.jpg,Apple___Apple_scab,fit
plantwild/extracted/plantwild/images/apple scab/google_0178.jpg,Apple___Apple_scab,fit
plantwild/extracted/plantwild/images/apple scab/google_0124.jpg,Apple___Apple_scab,fit
plantwild/extracted/plantwild/images/apple scab/37.jpg,Apple___Apple_scab,fit
plantwild/extracted/plantwild/images/apple scab/11.jpg,Apple___Apple_scab,fit
plantwild/extracted/plantwild/images/apple scab/google_0251.jpg,Apple___Apple_scab,fit
plantwild/extracted/plantwild/images/apple scab/68 - Copy.jpg,Apple___Apple_scab,fit
plantwild/extracted/plantwild/images/apple scab/google_0272.jpg,Apple___Apple_scab,fit
plantwild/extracted/plantwild/images/apple scab/google_0310.jpg,Apple___Apple_scab,fit
plantwild/extracted/plantwild/images/apple scab/google_0168.jpg,Apple___Apple_scab,fit
plantwild/extracted/plantwild/images/apple scab/google_0019.jpg,Apple___Apple_scab,fit
plantwild/extracted/plantwild/images/apple scab/google_0144.jpg,Apple___Apple_scab,fit
plantwild/extracted/plantwild/images/apple scab/google_0103.jpg,Apple___Apple_scab,fit
plantwild/extracted/plantwild/images/apple scab/google_0032.jpg,Apple___Apple_scab,fit
plantwild/extracted/plantwild/images/apple scab/46.jpg,Apple___Apple_scab,fit
plantwild/extracted/plantwild/images/apple scab/46 - Copy.jpg,Apple___Apple_scab,fit
plantwild/extracted/plantwild/images/apple scab/35.jpg,Apple___Apple_scab,fit
plantwild/extracted/plantwild/images/apple scab/google_0333.jpg,Apple___Apple_scab,fit
plantwild/extracted/plantwild/images/apple scab/30.jpg,Apple___Apple_scab,fit
plantwild/extracted/plantwild/images/apple scab/google_0058.jpg,Apple___Apple_scab,fit
plantwild/extracted/plantwild/images/apple scab/google_0064.jpg,Apple___Apple_scab,fit
plantwild/extracted/plantwild/images/apple scab/google_0130.jpg,Apple___Apple_scab,fit
plantwild/extracted/plantwild/images/apple scab/google_0283.jpg,Apple___Apple_scab,fit
plantwild/extracted/plantwild/images/apple scab/google_0236.jpg,Apple___Apple_scab,fit
plantwild/extracted/plantwild/images/apple scab/google_0147.jpg,Apple___Apple_scab,fit
plantwild/extracted/plantwild/images/apple scab/google_0122.jpg,Apple___Apple_scab,fit
plantwild/extracted/plantwild/images/apple scab/google_0034.jpg,Apple___Apple_scab,fit
plantwild/extracted/plantwild/images/apple scab/google_0097.jpg,Apple___Apple_scab,fit
plantwild/extracted/plantwild/images/apple scab/google_0191.jpg,Apple___Apple_scab,fit
plantwild/extracted/plantwild/images/apple scab/google_0260.jpg,Apple___Apple_scab,fit
plantwild/extracted/plantwild/images/apple scab/google_0084.jpg,Apple___Apple_scab,fit
plantwild/extracted/plantwild/images/apple scab/68 - Copy (2).jpg,Apple___Apple_scab,fit
plantwild/extracted/plantwild/images/apple scab/43 - Copy.jpg,Apple___Apple_scab,fit
plantwild/extracted/plantwild/images/apple scab/71.jpg,Apple___Apple_scab,fit
plantwild/extracted/plantwild/images/apple scab/43.jpg,Apple___Apple_scab,fit
plantwild/extracted/plantwild/images/apple scab/google_0262.jpg,Apple___Apple_scab,fit
plantwild/extracted/plantwild/images/apple scab/google_0117.jpg,Apple___Apple_scab,fit
plantwild/extracted/plantwild/images/apple scab/google_0304.jpg,Apple___Apple_scab,fit
plantwild/extracted/plantwild/images/apple scab/google_0059.jpg,Apple___Apple_scab,fit
plantwild/extracted/plantwild/images/apple scab/google_0121.jpg,Apple___Apple_scab,fit
plantwild/extracted/plantwild/images/apple scab/google_0143.jpg,Apple___Apple_scab,fit
plantwild/extracted/plantwild/images/apple scab/google_0148.jpg,Apple___Apple_scab,fit
plantwild/extracted/plantwild/images/apple scab/google_0091.jpg,Apple___Apple_scab,fit
plantwild/extracted/plantwild/images/apple scab/6.jpg,Apple___Apple_scab,fit
plantwild/extracted/plantwild/images/apple scab/google_0317.jpg,Apple___Apple_scab,fit
plantwild/extracted/plantwild/images/apple scab/google_0247.jpg,Apple___Apple_scab,fit
plantwild/extracted/plantwild/images/apple scab/google_0024.jpg,Apple___Apple_scab,fit
plantwild/extracted/plantwild/images/apple scab/95.jpg,Apple___Apple_scab,fit
plantwild/extracted/plantwild/images/apple scab/16.jpg,Apple___Apple_scab,fit
plantwild/extracted/plantwild/images/apple scab/google_0222.jpg,Apple___Apple_scab,fit
plantwild/extracted/plantwild/images/apple scab/21.jpg,Apple___Apple_scab,fit
plantwild/extracted/plantwild/images/apple scab/google_0000.jpg,Apple___Apple_scab,fit
plantwild/extracted/plantwild/images/apple scab/google_0133.jpg,Apple___Apple_scab,fit
plantwild/extracted/plantwild/images/apple scab/61.jpg,Apple___Apple_scab,fit
plantwild/extracted/plantwild/images/apple scab/google_0291.jpg,Apple___Apple_scab,fit
plantwild/extracted/plantwild/images/apple scab/google_0273.jpg,Apple___Apple_scab,fit
plantwild/extracted/plantwild/images/apple scab/google_0115.jpg,Apple___Apple_scab,fit
plantwild/extracted/plantwild/images/apple scab/73.jpg,Apple___Apple_scab,fit
plantwild/extracted/plantwild/images/apple scab/google_0207.jpg,Apple___Apple_scab,fit
plantwild/extracted/plantwild/images/apple scab/google_0045.jpg,Apple___Apple_scab,fit
plantwild/extracted/plantwild/images/apple scab/google_0200.jpg,Apple___Apple_scab,fit
plantwild/extracted/plantwild/images/apple scab/67.jpg,Apple___Apple_scab,fit
plantwild/extracted/plantwild/images/apple scab/google_0264.jpg,Apple___Apple_scab,fit
plantwild/extracted/plantwild/images/apple black rot/google_0058.jpg,Apple___Black_rot,fit
plantwild/extracted/plantwild/images/apple black rot/google_0175.jpg,Apple___Black_rot,fit
plantwild/extracted/plantwild/images/apple black rot/38 - Copy (2).jpg,Apple___Black_rot,fit
plantwild/extracted/plantwild/images/apple black rot/5.jpg,Apple___Black_rot,fit
plantwild/extracted/plantwild/images/apple black rot/44.jpg,Apple___Black_rot,fit
plantwild/extracted/plantwild/images/apple black rot/17.jpg,Apple___Black_rot,fit
plantwild/extracted/plantwild/images/apple black rot/google_0045.jpg,Apple___Black_rot,fit
plantwild/extracted/plantwild/images/apple black rot/google_0027.jpg,Apple___Black_rot,fit
plantwild/extracted/plantwild/images/apple black rot/58.jpg,Apple___Black_rot,fit
plantwild/extracted/plantwild/images/apple black rot/155.jpg,Apple___Black_rot,fit
plantwild/extracted/plantwild/images/apple black rot/google_0024.jpg,Apple___Black_rot,fit
plantwild/extracted/plantwild/images/apple black rot/google_0000.jpg,Apple___Black_rot,fit
plantwild/extracted/plantwild/images/apple black rot/google_0016.jpg,Apple___Black_rot,fit
plantwild/extracted/plantwild/images/apple black rot/google_0145.jpg,Apple___Black_rot,fit
plantwild/extracted/plantwild/images/apple black rot/164.jpg,Apple___Black_rot,fit
plantwild/extracted/plantwild/images/apple black rot/google_0025.jpg,Apple___Black_rot,fit
plantwild/extracted/plantwild/images/apple black rot/google_0056.jpg,Apple___Black_rot,fit
plantwild/extracted/plantwild/images/apple black rot/109.jpg,Apple___Black_rot,fit
plantwild/extracted/plantwild/images/apple black rot/google_0146.jpg,Apple___Black_rot,fit
plantwild/extracted/plantwild/images/apple black rot/google_0062.jpg,Apple___Black_rot,fit
plantwild/extracted/plantwild/images/apple black rot/google_0190.jpg,Apple___Black_rot,fit
plantwild/extracted/plantwild/images/apple black rot/google_0112.jpg,Apple___Black_rot,fit
plantwild/extracted/plantwild/images/apple black rot/google_0182.jpg,Apple___Black_rot,fit
plantwild/extracted/plantwild/images/apple black rot/google_0104.jpg,Apple___Black_rot,fit
plantwild/extracted/plantwild/images/apple black rot/google_0160.jpg,Apple___Black_rot,fit
plantwild/extracted/plantwild/images/apple black rot/google_0133.jpg,Apple___Black_rot,fit
plantwild/extracted/plantwild/images/apple black rot/19.jpg,Apple___Black_rot,fit
plantwild/extracted/plantwild/images/apple black rot/google_0178.jpg,Apple___Black_rot,fit
plantwild/extracted/plantwild/images/apple black rot/171.jpg,Apple___Black_rot,fit
plantwild/extracted/plantwild/images/apple black rot/google_0026.jpg,Apple___Black_rot,fit
plantwild/extracted/plantwild/images/apple black rot/google_0090.jpg,Apple___Black_rot,fit
plantwild/extracted/plantwild/images/apple black rot/google_0085.jpg,Apple___Black_rot,fit
plantwild/extracted/plantwild/images/apple black rot/google_0186.jpg,Apple___Black_rot,fit
plantwild/extracted/plantwild/images/apple black rot/google_0002.jpg,Apple___Black_rot,fit
plantwild/extracted/plantwild/images/apple black rot/google_0031.jpg,Apple___Black_rot,fit
plantwild/extracted/plantwild/images/apple black rot/86.jpg,Apple___Black_rot,fit
plantwild/extracted/plantwild/images/apple black rot/google_0155.jpg,Apple___Black_rot,fit
plantwild/extracted/plantwild/images/apple black rot/google_0021.jpg,Apple___Black_rot,fit
plantwild/extracted/plantwild/images/apple black rot/167.jpg,Apple___Black_rot,fit
plantwild/extracted/plantwild/images/apple black rot/72.jpg,Apple___Black_rot,fit
plantwild/extracted/plantwild/images/apple black rot/google_0174.jpg,Apple___Black_rot,fit
plantwild/extracted/plantwild/images/apple black rot/google_0074.jpg,Apple___Black_rot,fit
plantwild/extracted/plantwild/images/apple black rot/48.jpg,Apple___Black_rot,fit
plantwild/extracted/plantwild/images/apple black rot/google_0046.jpg,Apple___Black_rot,fit
plantwild/extracted/plantwild/images/apple black rot/61.jpg,Apple___Black_rot,fit
plantwild/extracted/plantwild/images/apple black rot/52.jpg,Apple___Black_rot,fit
plantwild/extracted/plantwild/images/apple black rot/google_0037.jpg,Apple___Black_rot,fit
plantwild/extracted/plantwild/images/apple black rot/33.jpg,Apple___Black_rot,fit
plantwild/extracted/plantwild/images/apple black rot/168.jpg,Apple___Black_rot,fit
plantwild/extracted/plantwild/images/apple black rot/100.jpg,Apple___Black_rot,fit
plantwild/extracted/plantwild/images/apple black rot/google_0010.jpg,Apple___Black_rot,fit
plantwild/extracted/plantwild/images/apple black rot/google_0055.jpg,Apple___Black_rot,fit
plantwild/extracted/plantwild/images/apple black rot/google_0048.jpg,Apple___Black_rot,fit
plantwild/extracted/plantwild/images/apple black rot/11.jpg,Apple___Black_rot,fit
plantwild/extracted/plantwild/images/apple black rot/14.jpg,Apple___Black_rot,fit
plantwild/extracted/plantwild/images/apple black rot/google_0137.jpg,Apple___Black_rot,fit
plantwild/extracted/plantwild/images/apple black rot/66.jpg,Apple___Black_rot,fit
plantwild/extracted/plantwild/images/apple black rot/google_0052.jpg,Apple___Black_rot,fit
plantwild/extracted/plantwild/images/apple black rot/4.jpg,Apple___Black_rot,fit
plantwild/extracted/plantwild/images/apple black rot/google_0053.jpg,Apple___Black_rot,fit
plantwild/extracted/plantwild/images/apple black rot/187.jpg,Apple___Black_rot,fit
plantwild/extracted/plantwild/images/apple black rot/google_0113.jpg,Apple___Black_rot,fit
plantwild/extracted/plantwild/images/apple black rot/google_0156.jpg,Apple___Black_rot,fit
plantwild/extracted/plantwild/images/apple black rot/google_0166.jpg,Apple___Black_rot,fit
plantwild/extracted/plantwild/images/apple black rot/google_0097.jpg,Apple___Black_rot,fit
plantwild/extracted/plantwild/images/apple black rot/38 - Copy.jpg,Apple___Black_rot,fit
plantwild/extracted/plantwild/images/apple black rot/google_0221.jpg,Apple___Black_rot,fit
plantwild/extracted/plantwild/images/apple black rot/111.jpg,Apple___Black_rot,fit
plantwild/extracted/plantwild/images/apple black rot/3.jpg,Apple___Black_rot,fit
plantwild/extracted/plantwild/images/apple black rot/59.jpg,Apple___Black_rot,fit
plantwild/extracted/plantwild/images/apple black rot/147.jpg,Apple___Black_rot,fit
plantwild/extracted/plantwild/images/apple black rot/12.jpg,Apple___Black_rot,fit
plantwild/extracted/plantwild/images/apple black rot/21.jpg,Apple___Black_rot,fit
plantwild/extracted/plantwild/images/apple black rot/69.jpg,Apple___Black_rot,fit
plantwild/extracted/plantwild/images/apple black rot/google_0051.jpg,Apple___Black_rot,fit
plantwild/extracted/plantwild/images/apple black rot/google_0015.jpg,Apple___Black_rot,fit
plantwild/extracted/plantwild/images/apple black rot/google_0067.jpg,Apple___Black_rot,fit
plantwild/extracted/plantwild/images/apple black rot/38.jpg,Apple___Black_rot,fit
plantwild/extracted/plantwild/images/apple black rot/175.jpg,Apple___Black_rot,fit
plantwild/extracted/plantwild/images/apple black rot/google_0003.jpg,Apple___Black_rot,fit
plantwild/extracted/plantwild/images/apple black rot/google_0041.jpg,Apple___Black_rot,fit
plantwild/extracted/plantwild/images/apple black rot/28.jpg,Apple___Black_rot,fit
plantwild/extracted/plantwild/images/apple black rot/156.jpg,Apple___Black_rot,fit
plantwild/extracted/plantwild/images/apple black rot/google_0023.jpg,Apple___Black_rot,fit
plantwild/extracted/plantwild/images/apple black rot/google_0018.jpg,Apple___Black_rot,fit
plantwild/extracted/plantwild/images/apple black rot/google_0157.jpg,Apple___Black_rot,fit
plantwild/extracted/plantwild/images/apple black rot/google_0181.jpg,Apple___Black_rot,fit
plantwild/extracted/plantwild/images/apple black rot/google_0118.jpg,Apple___Black_rot,fit
plantwild/extracted/plantwild/images/apple black rot/149.jpg,Apple___Black_rot,fit
plantwild/extracted/plantwild/images/apple black rot/google_0013.jpg,Apple___Black_rot,fit
plantwild/extracted/plantwild/images/apple black rot/google_0029.jpg,Apple___Black_rot,fit
plantwild/extracted/plantwild/images/apple black rot/80.jpg,Apple___Black_rot,fit
plantwild/extracted/plantwild/images/apple black rot/google_0077.jpg,Apple___Black_rot,fit
plantwild/extracted/plantwild/images/apple black rot/google_0064.jpg,Apple___Black_rot,fit
plantwild/extracted/plantwild/images/apple black rot/google_0082.jpg,Apple___Black_rot,fit
plantwild/extracted/plantwild/images/apple black rot/google_0012.jpg,Apple___Black_rot,fit
plantwild/extracted/plantwild/images/apple black rot/google_0005.jpg,Apple___Black_rot,fit
plantwild/extracted/plantwild/images/apple black rot/google_0177.jpg,Apple___Black_rot,fit
plantwild/extracted/plantwild/images/apple black rot/google_0022.jpg,Apple___Black_rot,fit
plantwild/extracted/plantwild/images/apple black rot/8.jpg,Apple___Black_rot,fit
plantwild/extracted/plantwild/images/apple black rot/60.jpg,Apple___Black_rot,fit
plantwild/extracted/plantwild/images/apple black rot/google_0099.jpg,Apple___Black_rot,fit
plantwild/extracted/plantwild/images/apple black rot/32.jpg,Apple___Black_rot,fit
plantwild/extracted/plantwild/images/apple black rot/google_0122.jpg,Apple___Black_rot,fit
plantwild/extracted/plantwild/images/apple black rot/20.jpg,Apple___Black_rot,fit
plantwild/extracted/plantwild/images/apple black rot/143.jpg,Apple___Black_rot,fit
plantwild/extracted/plantwild/images/apple black rot/39.jpg,Apple___Black_rot,fit
plantwild/extracted/plantwild/images/apple black rot/151.jpg,Apple___Black_rot,fit
plantwild/extracted/plantwild/images/apple black rot/google_0078.jpg,Apple___Black_rot,fit
plantwild/extracted/plantwild/images/apple black rot/70.jpg,Apple___Black_rot,fit
plantwild/extracted/plantwild/images/apple black rot/18.jpg,Apple___Black_rot,fit
plantwild/extracted/plantwild/images/apple black rot/78.jpg,Apple___Black_rot,fit
plantwild/extracted/plantwild/images/apple black rot/google_0070.jpg,Apple___Black_rot,fit
plantwild/extracted/plantwild/images/apple black rot/google_0148.jpg,Apple___Black_rot,fit
plantwild/extracted/plantwild/images/apple black rot/9.jpg,Apple___Black_rot,fit
plantwild/extracted/plantwild/images/apple black rot/google_0006.jpg,Apple___Black_rot,fit
plantwild/extracted/plantwild/images/apple black rot/google_0072.jpg,Apple___Black_rot,fit
plantwild/extracted/plantwild/images/apple black rot/10.jpg,Apple___Black_rot,fit
plantwild/extracted/plantwild/images/apple black rot/144.jpg,Apple___Black_rot,fit
plantwild/extracted/plantwild/images/apple black rot/google_0066.jpg,Apple___Black_rot,fit
plantwild/extracted/plantwild/images/apple black rot/google_0028.jpg,Apple___Black_rot,fit
plantwild/extracted/plantwild/images/apple rust/104.jpg,Apple___Cedar_apple_rust,fit
plantwild/extracted/plantwild/images/apple rust/68.jpg,Apple___Cedar_apple_rust,fit
plantwild/extracted/plantwild/images/apple rust/google_0080.jpg,Apple___Cedar_apple_rust,fit
plantwild/extracted/plantwild/images/apple rust/google_0206.jpg,Apple___Cedar_apple_rust,fit
plantwild/extracted/plantwild/images/apple rust/google_0119.jpg,Apple___Cedar_apple_rust,fit
plantwild/extracted/plantwild/images/apple rust/43.jpg,Apple___Cedar_apple_rust,fit
plantwild/extracted/plantwild/images/apple rust/34.jpg,Apple___Cedar_apple_rust,fit
plantwild/extracted/plantwild/images/apple rust/google_0184.jpg,Apple___Cedar_apple_rust,fit
plantwild/extracted/plantwild/images/apple rust/google_0180.jpg,Apple___Cedar_apple_rust,fit
plantwild/extracted/plantwild/images/apple rust/google_0222.jpg,Apple___Cedar_apple_rust,fit
plantwild/extracted/plantwild/images/apple rust/google_0235.jpg,Apple___Cedar_apple_rust,fit
plantwild/extracted/plantwild/images/apple rust/google_0073.jpg,Apple___Cedar_apple_rust,fit
plantwild/extracted/plantwild/images/apple rust/google_0026.jpg,Apple___Cedar_apple_rust,fit
plantwild/extracted/plantwild/images/apple rust/google_0056.jpg,Apple___Cedar_apple_rust,fit
plantwild/extracted/plantwild/images/apple rust/google_0074.jpg,Apple___Cedar_apple_rust,fit
plantwild/extracted/plantwild/images/apple rust/178.jpg,Apple___Cedar_apple_rust,fit
plantwild/extracted/plantwild/images/apple rust/google_0123.jpg,Apple___Cedar_apple_rust,fit
plantwild/extracted/plantwild/images/apple rust/google_0067.jpg,Apple___Cedar_apple_rust,fit
plantwild/extracted/plantwild/images/apple rust/177.jpg,Apple___Cedar_apple_rust,fit
plantwild/extracted/plantwild/images/apple rust/google_0087.jpg,Apple___Cedar_apple_rust,fit
plantwild/extracted/plantwild/images/apple rust/google_0173.jpg,Apple___Cedar_apple_rust,fit
plantwild/extracted/plantwild/images/apple rust/google_0055.jpg,Apple___Cedar_apple_rust,fit
plantwild/extracted/plantwild/images/apple rust/7.jpg,Apple___Cedar_apple_rust,fit
plantwild/extracted/plantwild/images/apple rust/google_0187.jpg,Apple___Cedar_apple_rust,fit
plantwild/extracted/plantwild/images/apple rust/google_0218.jpg,Apple___Cedar_apple_rust,fit
plantwild/extracted/plantwild/images/apple rust/google_0139.jpg,Apple___Cedar_apple_rust,fit
plantwild/extracted/plantwild/images/apple rust/google_0036.jpg,Apple___Cedar_apple_rust,fit
plantwild/extracted/plantwild/images/apple rust/143.jpg,Apple___Cedar_apple_rust,fit
plantwild/extracted/plantwild/images/apple rust/google_0212.jpg,Apple___Cedar_apple_rust,fit
plantwild/extracted/plantwild/images/apple rust/google_0118.jpg,Apple___Cedar_apple_rust,fit
plantwild/extracted/plantwild/images/apple rust/google_0075.jpg,Apple___Cedar_apple_rust,fit
plantwild/extracted/plantwild/images/apple rust/google_0001.jpg,Apple___Cedar_apple_rust,fit
plantwild/extracted/plantwild/images/apple rust/143 - Copy.jpg,Apple___Cedar_apple_rust,fit
plantwild/extracted/plantwild/images/apple rust/14.jpg,Apple___Cedar_apple_rust,fit
plantwild/extracted/plantwild/images/apple rust/google_0097.jpg,Apple___Cedar_apple_rust,fit
plantwild/extracted/plantwild/images/apple rust/google_0089.jpg,Apple___Cedar_apple_rust,fit
plantwild/extracted/plantwild/images/apple rust/3.jpg,Apple___Cedar_apple_rust,fit
plantwild/extracted/plantwild/images/apple rust/google_0045.jpg,Apple___Cedar_apple_rust,fit
plantwild/extracted/plantwild/images/apple rust/6.jpg,Apple___Cedar_apple_rust,fit
plantwild/extracted/plantwild/images/apple rust/google_0140.jpg,Apple___Cedar_apple_rust,fit
plantwild/extracted/plantwild/images/apple rust/google_0006.jpg,Apple___Cedar_apple_rust,fit
plantwild/extracted/plantwild/images/apple rust/google_0171.jpg,Apple___Cedar_apple_rust,fit
plantwild/extracted/plantwild/images/apple rust/google_0048.jpg,Apple___Cedar_apple_rust,fit
plantwild/extracted/plantwild/images/apple rust/48.jpg,Apple___Cedar_apple_rust,fit
plantwild/extracted/plantwild/images/apple rust/google_0141.jpg,Apple___Cedar_apple_rust,fit
plantwild/extracted/plantwild/images/apple rust/google_0096.jpg,Apple___Cedar_apple_rust,fit
plantwild/extracted/plantwild/images/apple rust/148.jpg,Apple___Cedar_apple_rust,fit
plantwild/extracted/plantwild/images/apple rust/124.jpg,Apple___Cedar_apple_rust,fit
plantwild/extracted/plantwild/images/apple rust/155.jpg,Apple___Cedar_apple_rust,fit
plantwild/extracted/plantwild/images/apple rust/108 - Copy (2).jpg,Apple___Cedar_apple_rust,fit
plantwild/extracted/plantwild/images/apple rust/162.jpg,Apple___Cedar_apple_rust,fit
plantwild/extracted/plantwild/images/apple rust/149.jpg,Apple___Cedar_apple_rust,fit
plantwild/extracted/plantwild/images/apple rust/27.jpg,Apple___Cedar_apple_rust,fit
plantwild/extracted/plantwild/images/apple rust/google_0007.jpg,Apple___Cedar_apple_rust,fit
plantwild/extracted/plantwild/images/apple rust/11.jpg,Apple___Cedar_apple_rust,fit
plantwild/extracted/plantwild/images/apple rust/google_0031.jpg,Apple___Cedar_apple_rust,fit
plantwild/extracted/plantwild/images/apple rust/google_0135.jpg,Apple___Cedar_apple_rust,fit
plantwild/extracted/plantwild/images/apple rust/google_0229.jpg,Apple___Cedar_apple_rust,fit
plantwild/extracted/plantwild/images/apple rust/google_0147.jpg,Apple___Cedar_apple_rust,fit
plantwild/extracted/plantwild/images/apple rust/google_0018.jpg,Apple___Cedar_apple_rust,fit
plantwild/extracted/plantwild/images/apple rust/google_0079.jpg,Apple___Cedar_apple_rust,fit
plantwild/extracted/plantwild/images/apple rust/google_0066.jpg,Apple___Cedar_apple_rust,fit
plantwild/extracted/plantwild/images/apple rust/4.jpg,Apple___Cedar_apple_rust,fit
plantwild/extracted/plantwild/images/apple rust/google_0085.jpg,Apple___Cedar_apple_rust,fit
plantwild/extracted/plantwild/images/apple rust/108 - Copy.jpg,Apple___Cedar_apple_rust,fit
plantwild/extracted/plantwild/images/apple rust/8.jpg,Apple___Cedar_apple_rust,fit
plantwild/extracted/plantwild/images/apple rust/173.jpg,Apple___Cedar_apple_rust,fit
plantwild/extracted/plantwild/images/apple rust/51 - Copy.jpg,Apple___Cedar_apple_rust,fit
plantwild/extracted/plantwild/images/apple rust/100.jpg,Apple___Cedar_apple_rust,fit
plantwild/extracted/plantwild/images/apple rust/google_0169.jpg,Apple___Cedar_apple_rust,fit
plantwild/extracted/plantwild/images/apple rust/51.jpg,Apple___Cedar_apple_rust,fit
plantwild/extracted/plantwild/images/apple rust/151.jpg,Apple___Cedar_apple_rust,fit
plantwild/extracted/plantwild/images/apple rust/96.jpg,Apple___Cedar_apple_rust,fit
plantwild/extracted/plantwild/images/apple rust/google_0035.jpg,Apple___Cedar_apple_rust,fit
plantwild/extracted/plantwild/images/apple rust/45.jpg,Apple___Cedar_apple_rust,fit
plantwild/extracted/plantwild/images/apple rust/73.jpg,Apple___Cedar_apple_rust,fit
plantwild/extracted/plantwild/images/apple rust/google_0149.jpg,Apple___Cedar_apple_rust,fit
plantwild/extracted/plantwild/images/apple rust/22.jpg,Apple___Cedar_apple_rust,fit
plantwild/extracted/plantwild/images/apple rust/google_0092.jpg,Apple___Cedar_apple_rust,fit
plantwild/extracted/plantwild/images/apple rust/16.jpg,Apple___Cedar_apple_rust,fit
plantwild/extracted/plantwild/images/apple rust/18.jpg,Apple___Cedar_apple_rust,fit
plantwild/extracted/plantwild/images/apple rust/152.jpg,Apple___Cedar_apple_rust,fit
plantwild/extracted/plantwild/images/apple rust/google_0124.jpg,Apple___Cedar_apple_rust,fit
plantwild/extracted/plantwild/images/apple rust/google_0136.jpg,Apple___Cedar_apple_rust,fit
plantwild/extracted/plantwild/images/apple rust/google_0176.jpg,Apple___Cedar_apple_rust,fit
plantwild/extracted/plantwild/images/apple rust/130.jpg,Apple___Cedar_apple_rust,fit
plantwild/extracted/plantwild/images/apple rust/google_0030.jpg,Apple___Cedar_apple_rust,fit
plantwild/extracted/plantwild/images/apple rust/google_0167.jpg,Apple___Cedar_apple_rust,fit
plantwild/extracted/plantwild/images/apple rust/113.jpg,Apple___Cedar_apple_rust,fit
plantwild/extracted/plantwild/images/apple rust/93.jpg,Apple___Cedar_apple_rust,fit
plantwild/extracted/plantwild/images/apple rust/google_0131.jpg,Apple___Cedar_apple_rust,fit
plantwild/extracted/plantwild/images/apple rust/google_0142.jpg,Apple___Cedar_apple_rust,fit
plantwild/extracted/plantwild/images/apple rust/40.jpg,Apple___Cedar_apple_rust,fit
plantwild/extracted/plantwild/images/apple rust/google_0203.jpg,Apple___Cedar_apple_rust,fit
plantwild/extracted/plantwild/images/apple rust/google_0015.jpg,Apple___Cedar_apple_rust,fit
plantwild/extracted/plantwild/images/apple rust/google_0022.jpg,Apple___Cedar_apple_rust,fit
plantwild/extracted/plantwild/images/apple rust/google_0211.jpg,Apple___Cedar_apple_rust,fit
plantwild/extracted/plantwild/images/apple rust/google_0243.jpg,Apple___Cedar_apple_rust,fit
plantwild/extracted/plantwild/images/apple rust/google_0113.jpg,Apple___Cedar_apple_rust,fit
plantwild/extracted/plantwild/images/apple rust/google_0143.jpg,Apple___Cedar_apple_rust,fit
plantwild/extracted/plantwild/images/apple rust/56.jpg,Apple___Cedar_apple_rust,fit
plantwild/extracted/plantwild/images/apple rust/187.jpg,Apple___Cedar_apple_rust,fit
plantwild/extracted/plantwild/images/apple rust/google_0145.jpg,Apple___Cedar_apple_rust,fit
plantwild/extracted/plantwild/images/apple rust/50.jpg,Apple___Cedar_apple_rust,fit
plantwild/extracted/plantwild/images/apple rust/google_0197.jpg,Apple___Cedar_apple_rust,fit
plantwild/extracted/plantwild/images/apple rust/google_0146.jpg,Apple___Cedar_apple_rust,fit
plantwild/extracted/plantwild/images/apple rust/google_0003.jpg,Apple___Cedar_apple_rust,fit
plantwild/extracted/plantwild/images/apple rust/102.jpg,Apple___Cedar_apple_rust,fit
plantwild/extracted/plantwild/images/apple rust/google_0151.jpg,Apple___Cedar_apple_rust,fit
plantwild/extracted/plantwild/images/apple rust/google_0226.jpg,Apple___Cedar_apple_rust,fit
plantwild/extracted/plantwild/images/apple rust/google_0127.jpg,Apple___Cedar_apple_rust,fit
plantwild/extracted/plantwild/images/apple rust/google_0095.jpg,Apple___Cedar_apple_rust,fit
plantwild/extracted/plantwild/images/apple rust/google_0172.jpg,Apple___Cedar_apple_rust,fit
plantwild/extracted/plantwild/images/apple rust/148 - Copy.jpg,Apple___Cedar_apple_rust,fit
plantwild/extracted/plantwild/images/apple rust/42.jpg,Apple___Cedar_apple_rust,fit
plantwild/extracted/plantwild/images/apple rust/google_0101.jpg,Apple___Cedar_apple_rust,fit
plantwild/extracted/plantwild/images/apple rust/google_0240.jpg,Apple___Cedar_apple_rust,fit
plantwild/extracted/plantwild/images/apple rust/60.jpg,Apple___Cedar_apple_rust,fit
plantwild/extracted/plantwild/images/apple rust/61.jpg,Apple___Cedar_apple_rust,fit
plantwild/extracted/plantwild/images/apple rust/30.jpg,Apple___Cedar_apple_rust,fit
plantwild/extracted/plantwild/images/apple rust/199.jpg,Apple___Cedar_apple_rust,fit
plantwild/extracted/plantwild/images/apple rust/google_0019.jpg,Apple___Cedar_apple_rust,fit
plantwild/extracted/plantwild/images/apple rust/google_0155.jpg,Apple___Cedar_apple_rust,fit
plantwild/extracted/plantwild/images/apple rust/google_0063.jpg,Apple___Cedar_apple_rust,fit
plantwild/extracted/plantwild/images/apple rust/google_0065.jpg,Apple___Cedar_apple_rust,fit
plantwild/extracted/plantwild/images/apple rust/google_0196.jpg,Apple___Cedar_apple_rust,fit
plantwild/extracted/plantwild/images/apple rust/63.jpg,Apple___Cedar_apple_rust,fit
plantwild/extracted/plantwild/images/apple rust/41.jpg,Apple___Cedar_apple_rust,fit
plantwild/extracted/plantwild/images/apple rust/54.jpg,Apple___Cedar_apple_rust,fit
plantwild/extracted/plantwild/images/apple rust/google_0215.jpg,Apple___Cedar_apple_rust,fit
plantwild/extracted/plantwild/images/apple rust/google_0000.jpg,Apple___Cedar_apple_rust,fit
plantwild/extracted/plantwild/images/apple rust/google_0214.jpg,Apple___Cedar_apple_rust,fit
plantwild/extracted/plantwild/images/apple rust/106.jpg,Apple___Cedar_apple_rust,fit
plantwild/extracted/plantwild/images/apple rust/66.jpg,Apple___Cedar_apple_rust,fit
plantwild/extracted/plantwild/images/apple rust/google_0175.jpg,Apple___Cedar_apple_rust,fit
plantwild/extracted/plantwild/images/apple rust/19.jpg,Apple___Cedar_apple_rust,fit
plantwild/extracted/plantwild/images/apple rust/129.jpg,Apple___Cedar_apple_rust,fit
plantwild/extracted/plantwild/images/apple rust/google_0082.jpg,Apple___Cedar_apple_rust,fit
plantwild/extracted/plantwild/images/apple rust/google_0165.jpg,Apple___Cedar_apple_rust,fit
plantwild/extracted/plantwild/images/apple rust/google_0209.jpg,Apple___Cedar_apple_rust,fit
plantwild/extracted/plantwild/images/apple rust/49.jpg,Apple___Cedar_apple_rust,fit
plantwild/extracted/plantwild/images/apple rust/71.jpg,Apple___Cedar_apple_rust,fit
plantwild/extracted/plantwild/images/apple rust/google_0115.jpg,Apple___Cedar_apple_rust,fit
plantwild/extracted/plantwild/images/apple rust/13.jpg,Apple___Cedar_apple_rust,fit
plantwild/extracted/plantwild/images/apple rust/google_0157.jpg,Apple___Cedar_apple_rust,fit
plantwild/extracted/plantwild/images/apple rust/158.jpg,Apple___Cedar_apple_rust,fit
plantwild/extracted/plantwild/images/apple rust/google_0238.jpg,Apple___Cedar_apple_rust,fit
plantwild/extracted/plantwild/images/apple rust/google_0217.jpg,Apple___Cedar_apple_rust,fit
plantwild/extracted/plantwild/images/apple rust/157.jpg,Apple___Cedar_apple_rust,fit
plantwild/extracted/plantwild/images/apple rust/google_0202.jpg,Apple___Cedar_apple_rust,fit
plantwild/extracted/plantwild/images/apple rust/136.jpg,Apple___Cedar_apple_rust,fit
plantwild/extracted/plantwild/images/apple rust/google_0021.jpg,Apple___Cedar_apple_rust,fit
plantwild/extracted/plantwild/images/apple rust/google_0069.jpg,Apple___Cedar_apple_rust,fit
plantwild/extracted/plantwild/images/apple rust/google_0137.jpg,Apple___Cedar_apple_rust,fit
plantwild/extracted/plantwild/images/apple rust/31.jpg,Apple___Cedar_apple_rust,fit
plantwild/extracted/plantwild/images/apple rust/google_0132.jpg,Apple___Cedar_apple_rust,fit
plantwild/extracted/plantwild/images/apple rust/36.jpg,Apple___Cedar_apple_rust,fit
plantwild/extracted/plantwild/images/apple rust/google_0227.jpg,Apple___Cedar_apple_rust,fit
plantwild/extracted/plantwild/images/apple rust/80.jpg,Apple___Cedar_apple_rust,fit
plantwild/extracted/plantwild/images/apple rust/google_0054.jpg,Apple___Cedar_apple_rust,fit
plantwild/extracted/plantwild/images/apple rust/26 - Copy (2).jpg,Apple___Cedar_apple_rust,fit
plantwild/extracted/plantwild/images/apple rust/google_0237.jpg,Apple___Cedar_apple_rust,fit
plantwild/extracted/plantwild/images/apple rust/google_0002.jpg,Apple___Cedar_apple_rust,fit
plantwild/extracted/plantwild/images/apple rust/google_0230.jpg,Apple___Cedar_apple_rust,fit
plantwild/extracted/plantwild/images/apple rust/33.jpg,Apple___Cedar_apple_rust,fit
plantwild/extracted/plantwild/images/apple rust/google_0053.jpg,Apple___Cedar_apple_rust,fit
plantwild/extracted/plantwild/images/apple rust/google_0205.jpg,Apple___Cedar_apple_rust,fit
plantwild/extracted/plantwild/images/apple rust/286.jpg,Apple___Cedar_apple_rust,fit
plantwild/extracted/plantwild/images/apple rust/9.jpg,Apple___Cedar_apple_rust,fit
plantwild/extracted/plantwild/images/apple rust/google_0185.jpg,Apple___Cedar_apple_rust,fit
plantwild/extracted/plantwild/images/apple rust/159.jpg,Apple___Cedar_apple_rust,fit
plantwild/extracted/plantwild/images/apple rust/87.jpg,Apple___Cedar_apple_rust,fit
plantwild/extracted/plantwild/images/apple rust/google_0023.jpg,Apple___Cedar_apple_rust,fit
plantwild/extracted/plantwild/images/apple rust/78.jpg,Apple___Cedar_apple_rust,fit
plantwild/extracted/plantwild/images/apple rust/google_0008.jpg,Apple___Cedar_apple_rust,fit
plantwild/extracted/plantwild/images/apple rust/google_0120.jpg,Apple___Cedar_apple_rust,fit
plantwild/extracted/plantwild/images/apple rust/google_0159.jpg,Apple___Cedar_apple_rust,fit
plantwild/extracted/plantwild/images/apple rust/46.jpg,Apple___Cedar_apple_rust,fit
plantwild/extracted/plantwild/images/apple rust/google_0038.jpg,Apple___Cedar_apple_rust,fit
plantwild/extracted/plantwild/images/apple rust/google_0028.jpg,Apple___Cedar_apple_rust,fit
plantwild/extracted/plantwild/images/apple rust/google_0228.jpg,Apple___Cedar_apple_rust,fit
plantwild/extracted/plantwild/images/apple rust/google_0060.jpg,Apple___Cedar_apple_rust,fit
plantwild/extracted/plantwild/images/apple rust/google_0084.jpg,Apple___Cedar_apple_rust,fit
plantwild/extracted/plantwild/images/apple rust/153.jpg,Apple___Cedar_apple_rust,fit
plantwild/extracted/plantwild/images/apple rust/google_0117.jpg,Apple___Cedar_apple_rust,fit
plantwild/extracted/plantwild/images/apple rust/150.jpg,Apple___Cedar_apple_rust,fit
plantwild/extracted/plantwild/images/apple rust/google_0198.jpg,Apple___Cedar_apple_rust,fit
plantwild/extracted/plantwild/images/apple rust/google_0244.jpg,Apple___Cedar_apple_rust,fit
plantwild/extracted/plantwild/images/apple rust/12.jpg,Apple___Cedar_apple_rust,fit
plantwild/extracted/plantwild/images/apple rust/94.jpg,Apple___Cedar_apple_rust,fit
plantwild/extracted/plantwild/images/apple rust/google_0011.jpg,Apple___Cedar_apple_rust,fit
plantwild/extracted/plantwild/images/apple rust/google_0107.jpg,Apple___Cedar_apple_rust,fit
plantwild/extracted/plantwild/images/apple rust/174.jpg,Apple___Cedar_apple_rust,fit
plantwild/extracted/plantwild/images/apple rust/208.jpg,Apple___Cedar_apple_rust,fit
plantwild/extracted/plantwild/images/apple rust/77.jpg,Apple___Cedar_apple_rust,fit
plantwild/extracted/plantwild/images/apple rust/147.jpg,Apple___Cedar_apple_rust,fit
plantwild/extracted/plantwild/images/apple rust/google_0134.jpg,Apple___Cedar_apple_rust,fit
plantwild/extracted/plantwild/images/apple rust/10.jpg,Apple___Cedar_apple_rust,fit
plantwild/extracted/plantwild/images/apple rust/google_0221.jpg,Apple___Cedar_apple_rust,fit
plantwild/extracted/plantwild/images/apple rust/google_0168.jpg,Apple___Cedar_apple_rust,fit
plantwild/extracted/plantwild/images/apple rust/google_0125.jpg,Apple___Cedar_apple_rust,fit
plantwild/extracted/plantwild/images/apple rust/google_0122.jpg,Apple___Cedar_apple_rust,fit
plantwild/extracted/plantwild/images/apple rust/69.jpg,Apple___Cedar_apple_rust,fit
plantwild/extracted/plantwild/images/apple rust/google_0005.jpg,Apple___Cedar_apple_rust,fit
plantwild/extracted/plantwild/images/apple rust/google_0186.jpg,Apple___Cedar_apple_rust,fit
plantwild/extracted/plantwild/images/apple rust/google_0071.jpg,Apple___Cedar_apple_rust,fit
plantwild/extracted/plantwild/images/apple rust/google_0078.jpg,Apple___Cedar_apple_rust,fit
plantwild/extracted/plantwild/images/apple rust/181.jpg,Apple___Cedar_apple_rust,fit
plantwild/extracted/plantwild/images/apple rust/google_0033.jpg,Apple___Cedar_apple_rust,fit
plantwild/extracted/plantwild/images/apple rust/google_0051.jpg,Apple___Cedar_apple_rust,fit
plantwild/extracted/plantwild/images/apple rust/74.jpg,Apple___Cedar_apple_rust,fit
plantwild/extracted/plantwild/images/apple rust/92.jpg,Apple___Cedar_apple_rust,fit
plantwild/extracted/plantwild/images/apple rust/131.jpg,Apple___Cedar_apple_rust,fit
plantwild/extracted/plantwild/images/apple rust/google_0093.jpg,Apple___Cedar_apple_rust,fit
plantwild/extracted/plantwild/images/apple rust/google_0042.jpg,Apple___Cedar_apple_rust,fit
plantwild/extracted/plantwild/images/apple rust/google_0153.jpg,Apple___Cedar_apple_rust,fit
plantwild/extracted/plantwild/images/apple leaf/google_0333.jpg,Apple___healthy,fit
plantwild/extracted/plantwild/images/apple leaf/google_0396.jpg,Apple___healthy,fit
plantwild/extracted/plantwild/images/apple leaf/google_0023.jpg,Apple___healthy,fit
plantwild/extracted/plantwild/images/apple leaf/74.jpg,Apple___healthy,fit
plantwild/extracted/plantwild/images/apple leaf/66.jpg,Apple___healthy,fit
plantwild/extracted/plantwild/images/apple leaf/185.jpg,Apple___healthy,fit
plantwild/extracted/plantwild/images/apple leaf/28.jpg,Apple___healthy,fit
plantwild/extracted/plantwild/images/apple leaf/329.jpg,Apple___healthy,fit
plantwild/extracted/plantwild/images/apple leaf/google_0426.jpg,Apple___healthy,fit
plantwild/extracted/plantwild/images/apple leaf/google_0015.jpg,Apple___healthy,fit
plantwild/extracted/plantwild/images/apple leaf/292.jpg,Apple___healthy,fit
plantwild/extracted/plantwild/images/apple leaf/google_0319.jpg,Apple___healthy,fit
plantwild/extracted/plantwild/images/apple leaf/17.jpg,Apple___healthy,fit
plantwild/extracted/plantwild/images/apple leaf/149.jpg,Apple___healthy,fit
plantwild/extracted/plantwild/images/apple leaf/132.jpg,Apple___healthy,fit
plantwild/extracted/plantwild/images/apple leaf/google_0094.jpg,Apple___healthy,fit
plantwild/extracted/plantwild/images/apple leaf/google_0463.jpg,Apple___healthy,fit
plantwild/extracted/plantwild/images/apple leaf/308.jpg,Apple___healthy,fit
plantwild/extracted/plantwild/images/apple leaf/29.jpg,Apple___healthy,fit
plantwild/extracted/plantwild/images/apple leaf/265.jpg,Apple___healthy,fit
plantwild/extracted/plantwild/images/apple leaf/226.jpg,Apple___healthy,fit
plantwild/extracted/plantwild/images/apple leaf/112.jpg,Apple___healthy,fit
plantwild/extracted/plantwild/images/apple leaf/37.jpg,Apple___healthy,fit
plantwild/extracted/plantwild/images/apple leaf/google_0110.jpg,Apple___healthy,fit
plantwild/extracted/plantwild/images/apple leaf/google_0377.jpg,Apple___healthy,fit
plantwild/extracted/plantwild/images/apple leaf/google_0576.jpg,Apple___healthy,fit
plantwild/extracted/plantwild/images/apple leaf/google_0509.jpg,Apple___healthy,fit
plantwild/extracted/plantwild/images/apple leaf/162.jpg,Apple___healthy,fit
plantwild/extracted/plantwild/images/apple leaf/284.jpg,Apple___healthy,fit
plantwild/extracted/plantwild/images/apple leaf/170.jpg,Apple___healthy,fit
plantwild/extracted/plantwild/images/apple leaf/22.jpg,Apple___healthy,fit
plantwild/extracted/plantwild/images/apple leaf/136.jpg,Apple___healthy,fit
plantwild/extracted/plantwild/images/apple leaf/google_0029.jpg,Apple___healthy,fit
plantwild/extracted/plantwild/images/apple leaf/google_0012.jpg,Apple___healthy,fit
plantwild/extracted/plantwild/images/apple leaf/google_0002.jpg,Apple___healthy,fit
plantwild/extracted/plantwild/images/apple leaf/google_0479.jpg,Apple___healthy,fit
plantwild/extracted/plantwild/images/apple leaf/187.jpg,Apple___healthy,fit
plantwild/extracted/plantwild/images/apple leaf/117.jpg,Apple___healthy,fit
plantwild/extracted/plantwild/images/apple leaf/google_0024.jpg,Apple___healthy,fit
plantwild/extracted/plantwild/images/apple leaf/7.jpg,Apple___healthy,fit
plantwild/extracted/plantwild/images/apple leaf/100.jpg,Apple___healthy,fit
plantwild/extracted/plantwild/images/apple leaf/6.jpg,Apple___healthy,fit
plantwild/extracted/plantwild/images/apple leaf/324.jpg,Apple___healthy,fit
plantwild/extracted/plantwild/images/apple leaf/google_0474.jpg,Apple___healthy,fit
plantwild/extracted/plantwild/images/apple leaf/4.jpg,Apple___healthy,fit
plantwild/extracted/plantwild/images/apple leaf/81.jpg,Apple___healthy,fit
plantwild/extracted/plantwild/images/apple leaf/321.jpg,Apple___healthy,fit
plantwild/extracted/plantwild/images/apple leaf/307.jpg,Apple___healthy,fit
plantwild/extracted/plantwild/images/apple leaf/158.jpg,Apple___healthy,fit
plantwild/extracted/plantwild/images/apple leaf/252.jpg,Apple___healthy,fit
plantwild/extracted/plantwild/images/apple leaf/google_0237.jpg,Apple___healthy,fit
plantwild/extracted/plantwild/images/apple leaf/13.jpg,Apple___healthy,fit
plantwild/extracted/plantwild/images/apple leaf/289.jpg,Apple___healthy,fit
plantwild/extracted/plantwild/images/apple leaf/64.jpg,Apple___healthy,fit
plantwild/extracted/plantwild/images/apple leaf/126.jpg,Apple___healthy,fit
plantwild/extracted/plantwild/images/apple leaf/31.jpg,Apple___healthy,fit
plantwild/extracted/plantwild/images/apple leaf/91.jpg,Apple___healthy,fit
plantwild/extracted/plantwild/images/apple leaf/305.jpg,Apple___healthy,fit
plantwild/extracted/plantwild/images/apple leaf/63.jpg,Apple___healthy,fit
plantwild/extracted/plantwild/images/apple leaf/google_0585.jpg,Apple___healthy,fit
plantwild/extracted/plantwild/images/apple leaf/190.jpg,Apple___healthy,fit
plantwild/extracted/plantwild/images/apple leaf/159.jpg,Apple___healthy,fit
plantwild/extracted/plantwild/images/apple leaf/297.jpg,Apple___healthy,fit
plantwild/extracted/plantwild/images/apple leaf/303.jpg,Apple___healthy,fit
plantwild/extracted/plantwild/images/apple leaf/82.jpg,Apple___healthy,fit
plantwild/extracted/plantwild/images/apple leaf/191.jpg,Apple___healthy,fit
plantwild/extracted/plantwild/images/apple leaf/google_0026.jpg,Apple___healthy,fit
plantwild/extracted/plantwild/images/apple leaf/16.jpg,Apple___healthy,fit
plantwild/extracted/plantwild/images/apple leaf/113.jpg,Apple___healthy,fit
plantwild/extracted/plantwild/images/apple leaf/google_0078.jpg,Apple___healthy,fit
plantwild/extracted/plantwild/images/apple leaf/211.jpg,Apple___healthy,fit
plantwild/extracted/plantwild/images/apple leaf/78.jpg,Apple___healthy,fit
plantwild/extracted/plantwild/images/apple leaf/105.jpg,Apple___healthy,fit
plantwild/extracted/plantwild/images/apple leaf/166.jpg,Apple___healthy,fit
plantwild/extracted/plantwild/images/apple leaf/200.jpg,Apple___healthy,fit
plantwild/extracted/plantwild/images/apple leaf/281.jpg,Apple___healthy,fit
plantwild/extracted/plantwild/images/apple leaf/85.jpg,Apple___healthy,fit
plantwild/extracted/plantwild/images/apple leaf/google_0003.jpg,Apple___healthy,fit
plantwild/extracted/plantwild/images/apple leaf/318.jpg,Apple___healthy,fit
plantwild/extracted/plantwild/images/apple leaf/68.jpg,Apple___healthy,fit
plantwild/extracted/plantwild/images/apple leaf/264.jpg,Apple___healthy,fit
plantwild/extracted/plantwild/images/apple leaf/245.jpg,Apple___healthy,fit
plantwild/extracted/plantwild/images/apple leaf/google_0250.jpg,Apple___healthy,fit
plantwild/extracted/plantwild/images/apple leaf/39.jpg,Apple___healthy,fit
plantwild/extracted/plantwild/images/apple leaf/google_0522.jpg,Apple___healthy,fit
plantwild/extracted/plantwild/images/apple leaf/24.jpg,Apple___healthy,fit
plantwild/extracted/plantwild/images/apple leaf/296.jpg,Apple___healthy,fit
plantwild/extracted/plantwild/images/apple leaf/google_0535.jpg,Apple___healthy,fit
plantwild/extracted/plantwild/images/apple leaf/google_0521.jpg,Apple___healthy,fit
plantwild/extracted/plantwild/images/apple leaf/270.jpg,Apple___healthy,fit
plantwild/extracted/plantwild/images/apple leaf/291.jpg,Apple___healthy,fit
plantwild/extracted/plantwild/images/apple leaf/145.jpg,Apple___healthy,fit
plantwild/extracted/plantwild/images/apple leaf/google_0385.jpg,Apple___healthy,fit
plantwild/extracted/plantwild/images/apple leaf/254.jpg,Apple___healthy,fit
plantwild/extracted/plantwild/images/apple leaf/93.jpg,Apple___healthy,fit
plantwild/extracted/plantwild/images/apple leaf/google_0007.jpg,Apple___healthy,fit
plantwild/extracted/plantwild/images/apple leaf/124.jpg,Apple___healthy,fit
plantwild/extracted/plantwild/images/apple leaf/google_0548.jpg,Apple___healthy,fit
plantwild/extracted/plantwild/images/apple leaf/google_0327.jpg,Apple___healthy,fit
plantwild/extracted/plantwild/images/apple leaf/240.jpg,Apple___healthy,fit
plantwild/extracted/plantwild/images/apple leaf/18.jpg,Apple___healthy,fit
plantwild/extracted/plantwild/images/apple leaf/84.jpg,Apple___healthy,fit
plantwild/extracted/plantwild/images/apple leaf/27.jpg,Apple___healthy,fit
plantwild/extracted/plantwild/images/apple leaf/62.jpg,Apple___healthy,fit
plantwild/extracted/plantwild/images/apple leaf/google_0016.jpg,Apple___healthy,fit
plantwild/extracted/plantwild/images/apple leaf/273.jpg,Apple___healthy,fit
plantwild/extracted/plantwild/images/apple leaf/138.jpg,Apple___healthy,fit
plantwild/extracted/plantwild/images/apple leaf/google_0350.jpg,Apple___healthy,fit
plantwild/extracted/plantwild/images/apple leaf/205.jpg,Apple___healthy,fit
plantwild/extracted/plantwild/images/apple leaf/google_0121.jpg,Apple___healthy,fit
plantwild/extracted/plantwild/images/apple leaf/157.jpg,Apple___healthy,fit
plantwild/extracted/plantwild/images/apple leaf/214.jpg,Apple___healthy,fit
plantwild/extracted/plantwild/images/apple leaf/google_0552.jpg,Apple___healthy,fit
plantwild/extracted/plantwild/images/apple leaf/google_0133.jpg,Apple___healthy,fit
plantwild/extracted/plantwild/images/apple leaf/139.jpg,Apple___healthy,fit
plantwild/extracted/plantwild/images/apple leaf/google_0322.jpg,Apple___healthy,fit
plantwild/extracted/plantwild/images/apple leaf/google_0554.jpg,Apple___healthy,fit
plantwild/extracted/plantwild/images/apple leaf/12.jpg,Apple___healthy,fit
plantwild/extracted/plantwild/images/apple leaf/58.jpg,Apple___healthy,fit
plantwild/extracted/plantwild/images/apple leaf/20.jpg,Apple___healthy,fit
plantwild/extracted/plantwild/images/apple leaf/168.jpg,Apple___healthy,fit
plantwild/extracted/plantwild/images/apple leaf/65.jpg,Apple___healthy,fit
plantwild/extracted/plantwild/images/apple leaf/222.jpg,Apple___healthy,fit
plantwild/extracted/plantwild/images/apple leaf/129.jpg,Apple___healthy,fit
plantwild/extracted/plantwild/images/apple leaf/152.jpg,Apple___healthy,fit
plantwild/extracted/plantwild/images/apple leaf/121.jpg,Apple___healthy,fit
plantwild/extracted/plantwild/images/apple leaf/174.jpg,Apple___healthy,fit
plantwild/extracted/plantwild/images/apple leaf/46.jpg,Apple___healthy,fit
plantwild/extracted/plantwild/images/apple leaf/165.jpg,Apple___healthy,fit
plantwild/extracted/plantwild/images/apple leaf/301.jpg,Apple___healthy,fit
plantwild/extracted/plantwild/images/apple leaf/google_0360.jpg,Apple___healthy,fit
plantwild/extracted/plantwild/images/apple leaf/90.jpg,Apple___healthy,fit
plantwild/extracted/plantwild/images/apple leaf/44.jpg,Apple___healthy,fit
plantwild/extracted/plantwild/images/apple leaf/237.jpg,Apple___healthy,fit
plantwild/extracted/plantwild/images/apple leaf/179.jpg,Apple___healthy,fit
plantwild/extracted/plantwild/images/apple leaf/google_0359.jpg,Apple___healthy,fit
plantwild/extracted/plantwild/images/apple leaf/142.jpg,Apple___healthy,fit
plantwild/extracted/plantwild/images/apple leaf/61.jpg,Apple___healthy,fit
plantwild/extracted/plantwild/images/apple leaf/276.jpg,Apple___healthy,fit
plantwild/extracted/plantwild/images/apple leaf/google_0027.jpg,Apple___healthy,fit
plantwild/extracted/plantwild/images/apple leaf/160.jpg,Apple___healthy,fit
plantwild/extracted/plantwild/images/apple leaf/302.jpg,Apple___healthy,fit
plantwild/extracted/plantwild/images/apple leaf/98.jpg,Apple___healthy,fit
plantwild/extracted/plantwild/images/apple leaf/google_0446.jpg,Apple___healthy,fit
plantwild/extracted/plantwild/images/apple leaf/103.jpg,Apple___healthy,fit
plantwild/extracted/plantwild/images/apple leaf/google_0126.jpg,Apple___healthy,fit
plantwild/extracted/plantwild/images/apple leaf/183.jpg,Apple___healthy,fit
plantwild/extracted/plantwild/images/apple leaf/143.jpg,Apple___healthy,fit
plantwild/extracted/plantwild/images/apple leaf/google_0138.jpg,Apple___healthy,fit
plantwild/extracted/plantwild/images/apple leaf/google_0075.jpg,Apple___healthy,fit
plantwild/extracted/plantwild/images/apple leaf/google_0032.jpg,Apple___healthy,fit
plantwild/extracted/plantwild/images/apple leaf/google_0529.jpg,Apple___healthy,fit
plantwild/extracted/plantwild/images/apple leaf/52.jpg,Apple___healthy,fit
plantwild/extracted/plantwild/images/apple leaf/google_0079.jpg,Apple___healthy,fit
plantwild/extracted/plantwild/images/apple leaf/google_0019.jpg,Apple___healthy,fit
plantwild/extracted/plantwild/images/apple leaf/google_0432.jpg,Apple___healthy,fit
plantwild/extracted/plantwild/images/apple leaf/google_0244.jpg,Apple___healthy,fit
plantwild/extracted/plantwild/images/apple leaf/google_0044.jpg,Apple___healthy,fit
plantwild/extracted/plantwild/images/apple leaf/google_0018.jpg,Apple___healthy,fit
plantwild/extracted/plantwild/images/apple leaf/310.jpg,Apple___healthy,fit
plantwild/extracted/plantwild/images/apple leaf/267.jpg,Apple___healthy,fit
plantwild/extracted/plantwild/images/apple leaf/google_0004.jpg,Apple___healthy,fit
plantwild/extracted/plantwild/images/apple leaf/266.jpg,Apple___healthy,fit
plantwild/extracted/plantwild/images/apple leaf/196.jpg,Apple___healthy,fit
plantwild/extracted/plantwild/images/apple leaf/312.jpg,Apple___healthy,fit
plantwild/extracted/plantwild/images/apple leaf/151.jpg,Apple___healthy,fit
plantwild/extracted/plantwild/images/apple leaf/114.jpg,Apple___healthy,fit
plantwild/extracted/plantwild/images/apple leaf/294.jpg,Apple___healthy,fit
plantwild/extracted/plantwild/images/apple leaf/google_0216.jpg,Apple___healthy,fit
plantwild/extracted/plantwild/images/apple leaf/google_0498.jpg,Apple___healthy,fit
plantwild/extracted/plantwild/images/apple leaf/274.jpg,Apple___healthy,fit
plantwild/extracted/plantwild/images/apple leaf/1.jpg,Apple___healthy,fit
plantwild/extracted/plantwild/images/apple leaf/238.jpg,Apple___healthy,fit
plantwild/extracted/plantwild/images/apple leaf/google_0137.jpg,Apple___healthy,fit
plantwild/extracted/plantwild/images/apple leaf/133.jpg,Apple___healthy,fit
plantwild/extracted/plantwild/images/apple leaf/299.jpg,Apple___healthy,fit
plantwild/extracted/plantwild/images/apple leaf/96.jpg,Apple___healthy,fit
plantwild/extracted/plantwild/images/apple leaf/83.jpg,Apple___healthy,fit
plantwild/extracted/plantwild/images/apple leaf/127.jpg,Apple___healthy,fit
plantwild/extracted/plantwild/images/apple leaf/google_0081.jpg,Apple___healthy,fit
plantwild/extracted/plantwild/images/apple leaf/110.jpg,Apple___healthy,fit
plantwild/extracted/plantwild/images/apple leaf/google_0070.jpg,Apple___healthy,fit
plantwild/extracted/plantwild/images/apple leaf/207.jpg,Apple___healthy,fit
plantwild/extracted/plantwild/images/apple leaf/google_0204.jpg,Apple___healthy,fit
plantwild/extracted/plantwild/images/apple leaf/google_0127.jpg,Apple___healthy,fit
plantwild/extracted/plantwild/images/apple leaf/41.jpg,Apple___healthy,fit
plantwild/extracted/plantwild/images/apple leaf/283.jpg,Apple___healthy,fit
plantwild/extracted/plantwild/images/apple leaf/21.jpg,Apple___healthy,fit
plantwild/extracted/plantwild/images/apple leaf/60.jpg,Apple___healthy,fit
plantwild/extracted/plantwild/images/apple leaf/google_0057.jpg,Apple___healthy,fit
plantwild/extracted/plantwild/images/apple leaf/google_0558.jpg,Apple___healthy,fit
plantwild/extracted/plantwild/images/apple leaf/277.jpg,Apple___healthy,fit
plantwild/extracted/plantwild/images/apple leaf/34.jpg,Apple___healthy,fit
plantwild/extracted/plantwild/images/apple leaf/189.jpg,Apple___healthy,fit
plantwild/extracted/plantwild/images/apple leaf/209.jpg,Apple___healthy,fit
plantwild/extracted/plantwild/images/apple leaf/193.jpg,Apple___healthy,fit
plantwild/extracted/plantwild/images/apple leaf/google_0293.jpg,Apple___healthy,fit
plantwild/extracted/plantwild/images/apple leaf/332.jpg,Apple___healthy,fit
plantwild/extracted/plantwild/images/apple leaf/google_0518.jpg,Apple___healthy,fit
plantwild/extracted/plantwild/images/apple leaf/269.jpg,Apple___healthy,fit
plantwild/extracted/plantwild/images/apple leaf/216.jpg,Apple___healthy,fit
plantwild/extracted/plantwild/images/apple leaf/google_0570.jpg,Apple___healthy,fit
plantwild/extracted/plantwild/images/apple leaf/15.jpg,Apple___healthy,fit
plantwild/extracted/plantwild/images/apple leaf/175.jpg,Apple___healthy,fit
plantwild/extracted/plantwild/images/apple leaf/google_0300.jpg,Apple___healthy,fit
plantwild/extracted/plantwild/images/apple leaf/google_0466.jpg,Apple___healthy,fit
plantwild/extracted/plantwild/images/apple leaf/google_0431.jpg,Apple___healthy,fit
plantwild/extracted/plantwild/images/apple leaf/225.jpg,Apple___healthy,fit
plantwild/extracted/plantwild/images/apple leaf/google_0530.jpg,Apple___healthy,fit
plantwild/extracted/plantwild/images/apple leaf/3.jpg,Apple___healthy,fit
plantwild/extracted/plantwild/images/apple leaf/322.jpg,Apple___healthy,fit
plantwild/extracted/plantwild/images/apple leaf/google_0120.jpg,Apple___healthy,fit
plantwild/extracted/plantwild/images/apple leaf/94.jpg,Apple___healthy,fit
plantwild/extracted/plantwild/images/apple leaf/171.jpg,Apple___healthy,fit
plantwild/extracted/plantwild/images/apple leaf/316.jpg,Apple___healthy,fit
plantwild/extracted/plantwild/images/apple leaf/google_0581.jpg,Apple___healthy,fit
plantwild/extracted/plantwild/images/apple leaf/300.jpg,Apple___healthy,fit
plantwild/extracted/plantwild/images/apple leaf/google_0405.jpg,Apple___healthy,fit
plantwild/extracted/plantwild/images/apple leaf/google_0309.jpg,Apple___healthy,fit
plantwild/extracted/plantwild/images/apple leaf/75.jpg,Apple___healthy,fit
plantwild/extracted/plantwild/images/apple leaf/326.jpg,Apple___healthy,fit
plantwild/extracted/plantwild/images/apple leaf/320.jpg,Apple___healthy,fit
plantwild/extracted/plantwild/images/apple leaf/google_0480.jpg,Apple___healthy,fit
plantwild/extracted/plantwild/images/apple leaf/67.jpg,Apple___healthy,fit
plantwild/extracted/plantwild/images/apple leaf/google_0503.jpg,Apple___healthy,fit
plantwild/extracted/plantwild/images/apple leaf/google_0042.jpg,Apple___healthy,fit
plantwild/extracted/plantwild/images/apple leaf/google_0052.jpg,Apple___healthy,fit
plantwild/extracted/plantwild/images/apple leaf/google_0076.jpg,Apple___healthy,fit
plantwild/extracted/plantwild/images/apple leaf/186.jpg,Apple___healthy,fit
plantwild/extracted/plantwild/images/apple leaf/google_0239.jpg,Apple___healthy,fit
plantwild/extracted/plantwild/images/apple leaf/google_0132.jpg,Apple___healthy,fit
plantwild/extracted/plantwild/images/apple leaf/335.jpg,Apple___healthy,fit
plantwild/extracted/plantwild/images/apple leaf/111.jpg,Apple___healthy,fit
plantwild/extracted/plantwild/images/apple leaf/260.jpg,Apple___healthy,fit
plantwild/extracted/plantwild/images/apple leaf/125.jpg,Apple___healthy,fit
plantwild/extracted/plantwild/images/apple leaf/50.jpg,Apple___healthy,fit
plantwild/extracted/plantwild/images/apple leaf/230.jpg,Apple___healthy,fit
plantwild/extracted/plantwild/images/apple leaf/google_0191.jpg,Apple___healthy,fit
plantwild/extracted/plantwild/images/apple leaf/google_0170.jpg,Apple___healthy,fit
plantwild/extracted/plantwild/images/apple leaf/172.jpg,Apple___healthy,fit
plantwild/extracted/plantwild/images/apple leaf/208.jpg,Apple___healthy,fit
plantwild/extracted/plantwild/images/apple leaf/285.jpg,Apple___healthy,fit
plantwild/extracted/plantwild/images/apple leaf/google_0118.jpg,Apple___healthy,fit
plantwild/extracted/plantwild/images/apple leaf/google_0213.jpg,Apple___healthy,fit
plantwild/extracted/plantwild/images/apple leaf/70.jpg,Apple___healthy,fit
plantwild/extracted/plantwild/images/apple leaf/135.jpg,Apple___healthy,fit
plantwild/extracted/plantwild/images/apple leaf/217.jpg,Apple___healthy,fit
plantwild/extracted/plantwild/images/apple leaf/178.jpg,Apple___healthy,fit
plantwild/extracted/plantwild/images/apple leaf/40.jpg,Apple___healthy,fit
plantwild/extracted/plantwild/images/apple leaf/google_0038.jpg,Apple___healthy,fit
plantwild/extracted/plantwild/images/apple leaf/317.jpg,Apple___healthy,fit
plantwild/extracted/plantwild/images/apple leaf/298.jpg,Apple___healthy,fit
plantwild/extracted/plantwild/images/apple leaf/google_0497.jpg,Apple___healthy,fit
plantwild/extracted/plantwild/images/apple leaf/google_0582.jpg,Apple___healthy,fit
plantwild/extracted/plantwild/images/apple leaf/309.jpg,Apple___healthy,fit
plantwild/extracted/plantwild/images/apple leaf/188.jpg,Apple___healthy,fit
plantwild/extracted/plantwild/images/apple leaf/google_0527.jpg,Apple___healthy,fit
plantwild/extracted/plantwild/images/apple leaf/google_0013.jpg,Apple___healthy,fit
plantwild/extracted/plantwild/images/apple leaf/177.jpg,Apple___healthy,fit
plantwild/extracted/plantwild/images/apple leaf/242.jpg,Apple___healthy,fit
plantwild/extracted/plantwild/images/apple leaf/google_0010.jpg,Apple___healthy,fit
plantwild/extracted/plantwild/images/apple leaf/google_0000.jpg,Apple___healthy,fit
plantwild/extracted/plantwild/images/apple leaf/google_0494.jpg,Apple___healthy,fit
plantwild/extracted/plantwild/images/apple leaf/google_0210.jpg,Apple___healthy,fit
plantwild/extracted/plantwild/images/apple leaf/206.jpg,Apple___healthy,fit
plantwild/extracted/plantwild/images/apple leaf/google_0376.jpg,Apple___healthy,fit
plantwild/extracted/plantwild/images/apple leaf/224.jpg,Apple___healthy,fit
plantwild/extracted/plantwild/images/apple leaf/14.jpg,Apple___healthy,fit
plantwild/extracted/plantwild/images/apple leaf/google_0185.jpg,Apple___healthy,fit
plantwild/extracted/plantwild/images/apple leaf/google_0493.jpg,Apple___healthy,fit
plantwild/extracted/plantwild/images/apple leaf/253.jpg,Apple___healthy,fit
plantwild/extracted/plantwild/images/apple leaf/google_0158.jpg,Apple___healthy,fit
plantwild/extracted/plantwild/images/apple leaf/119.jpg,Apple___healthy,fit
plantwild/extracted/plantwild/images/apple leaf/google_0055.jpg,Apple___healthy,fit
plantwild/extracted/plantwild/images/apple leaf/google_0036.jpg,Apple___healthy,fit
plantwild/extracted/plantwild/images/apple leaf/google_0040.jpg,Apple___healthy,fit
plantwild/extracted/plantwild/images/apple leaf/315.jpg,Apple___healthy,fit
plantwild/extracted/plantwild/images/apple leaf/10.jpg,Apple___healthy,fit
plantwild/extracted/plantwild/images/apple leaf/87.jpg,Apple___healthy,fit
plantwild/extracted/plantwild/images/apple leaf/141.jpg,Apple___healthy,fit
plantwild/extracted/plantwild/images/apple leaf/192.jpg,Apple___healthy,fit
plantwild/extracted/plantwild/images/apple leaf/227.jpg,Apple___healthy,fit
plantwild/extracted/plantwild/images/apple leaf/184.jpg,Apple___healthy,fit
plantwild/extracted/plantwild/images/apple leaf/144.jpg,Apple___healthy,fit
plantwild/extracted/plantwild/images/apple leaf/241.jpg,Apple___healthy,fit
plantwild/extracted/plantwild/images/apple leaf/google_0437.jpg,Apple___healthy,fit
plantwild/extracted/plantwild/images/apple leaf/210.jpg,Apple___healthy,fit
plantwild/extracted/plantwild/images/apple leaf/153.jpg,Apple___healthy,fit
plantwild/extracted/plantwild/images/apple leaf/134.jpg,Apple___healthy,fit
plantwild/extracted/plantwild/images/apple leaf/google_0173.jpg,Apple___healthy,fit
plantwild/extracted/plantwild/images/apple leaf/325.jpg,Apple___healthy,fit
plantwild/extracted/plantwild/images/apple leaf/26.jpg,Apple___healthy,fit
plantwild/extracted/plantwild/images/apple leaf/334.jpg,Apple___healthy,fit
plantwild/extracted/plantwild/images/apple leaf/google_0506.jpg,Apple___healthy,fit
plantwild/extracted/plantwild/images/apple leaf/google_0557.jpg,Apple___healthy,fit
plantwild/extracted/plantwild/images/apple leaf/google_0571.jpg,Apple___healthy,fit
plantwild/extracted/plantwild/images/apple leaf/220.jpg,Apple___healthy,fit
plantwild/extracted/plantwild/images/apple leaf/32.jpg,Apple___healthy,fit
plantwild/extracted/plantwild/images/apple leaf/9.jpg,Apple___healthy,fit
plantwild/extracted/plantwild/images/apple leaf/163.jpg,Apple___healthy,fit
plantwild/extracted/plantwild/images/apple leaf/232.jpg,Apple___healthy,fit
plantwild/extracted/plantwild/images/apple leaf/google_0392.jpg,Apple___healthy,fit
plantwild/extracted/plantwild/images/apple leaf/262.jpg,Apple___healthy,fit
plantwild/extracted/plantwild/images/apple leaf/92.jpg,Apple___healthy,fit
plantwild/extracted/plantwild/images/apple leaf/180.jpg,Apple___healthy,fit
plantwild/extracted/plantwild/images/apple leaf/181.jpg,Apple___healthy,fit
plantwild/extracted/plantwild/images/apple leaf/google_0060.jpg,Apple___healthy,fit
plantwild/extracted/plantwild/images/apple leaf/99.jpg,Apple___healthy,fit
plantwild/extracted/plantwild/images/apple leaf/140.jpg,Apple___healthy,fit
plantwild/extracted/plantwild/images/apple leaf/google_0047.jpg,Apple___healthy,fit
plantwild/extracted/plantwild/images/apple leaf/311.jpg,Apple___healthy,fit
plantwild/extracted/plantwild/images/blueberry leaf/77.jpg,Blueberry___healthy,fit
plantwild/extracted/plantwild/images/blueberry leaf/google_0132.jpg,Blueberry___healthy,fit
plantwild/extracted/plantwild/images/blueberry leaf/google_0144.jpg,Blueberry___healthy,fit
plantwild/extracted/plantwild/images/blueberry leaf/141.jpg,Blueberry___healthy,fit
plantwild/extracted/plantwild/images/blueberry leaf/32.jpg,Blueberry___healthy,fit
plantwild/extracted/plantwild/images/blueberry leaf/40.jpg,Blueberry___healthy,fit
plantwild/extracted/plantwild/images/blueberry leaf/google_0068.jpg,Blueberry___healthy,fit
plantwild/extracted/plantwild/images/blueberry leaf/google_0497.jpg,Blueberry___healthy,fit
plantwild/extracted/plantwild/images/blueberry leaf/146.jpg,Blueberry___healthy,fit
plantwild/extracted/plantwild/images/blueberry leaf/222.jpg,Blueberry___healthy,fit
plantwild/extracted/plantwild/images/blueberry leaf/google_0004.jpg,Blueberry___healthy,fit
plantwild/extracted/plantwild/images/blueberry leaf/3.jpg,Blueberry___healthy,fit
plantwild/extracted/plantwild/images/blueberry leaf/54.jpg,Blueberry___healthy,fit
plantwild/extracted/plantwild/images/blueberry leaf/119.jpg,Blueberry___healthy,fit
plantwild/extracted/plantwild/images/blueberry leaf/179.jpg,Blueberry___healthy,fit
plantwild/extracted/plantwild/images/blueberry leaf/110.jpg,Blueberry___healthy,fit
plantwild/extracted/plantwild/images/blueberry leaf/google_0169.jpg,Blueberry___healthy,fit
plantwild/extracted/plantwild/images/blueberry leaf/google_0355.jpg,Blueberry___healthy,fit
plantwild/extracted/plantwild/images/blueberry leaf/google_0005.jpg,Blueberry___healthy,fit
plantwild/extracted/plantwild/images/blueberry leaf/google_0047.jpg,Blueberry___healthy,fit
plantwild/extracted/plantwild/images/blueberry leaf/14.jpg,Blueberry___healthy,fit
plantwild/extracted/plantwild/images/blueberry leaf/8.jpg,Blueberry___healthy,fit
plantwild/extracted/plantwild/images/blueberry leaf/google_0087.jpg,Blueberry___healthy,fit
plantwild/extracted/plantwild/images/blueberry leaf/184.jpg,Blueberry___healthy,fit
plantwild/extracted/plantwild/images/blueberry leaf/115.jpg,Blueberry___healthy,fit
plantwild/extracted/plantwild/images/blueberry leaf/99.jpg,Blueberry___healthy,fit
plantwild/extracted/plantwild/images/blueberry leaf/169.jpg,Blueberry___healthy,fit
plantwild/extracted/plantwild/images/blueberry leaf/google_0226.jpg,Blueberry___healthy,fit
plantwild/extracted/plantwild/images/blueberry leaf/211.jpg,Blueberry___healthy,fit
plantwild/extracted/plantwild/images/blueberry leaf/59.jpg,Blueberry___healthy,fit
plantwild/extracted/plantwild/images/blueberry leaf/52.jpg,Blueberry___healthy,fit
plantwild/extracted/plantwild/images/blueberry leaf/google_0496.jpg,Blueberry___healthy,fit
plantwild/extracted/plantwild/images/blueberry leaf/118.jpg,Blueberry___healthy,fit
plantwild/extracted/plantwild/images/blueberry leaf/google_0316.jpg,Blueberry___healthy,fit
plantwild/extracted/plantwild/images/blueberry leaf/178.jpg,Blueberry___healthy,fit
plantwild/extracted/plantwild/images/blueberry leaf/google_0140.jpg,Blueberry___healthy,fit
plantwild/extracted/plantwild/images/blueberry leaf/216.jpg,Blueberry___healthy,fit
plantwild/extracted/plantwild/images/blueberry leaf/google_0374.jpg,Blueberry___healthy,fit
plantwild/extracted/plantwild/images/blueberry leaf/208.jpg,Blueberry___healthy,fit
plantwild/extracted/plantwild/images/blueberry leaf/51.jpg,Blueberry___healthy,fit
plantwild/extracted/plantwild/images/blueberry leaf/google_0279.jpg,Blueberry___healthy,fit
plantwild/extracted/plantwild/images/blueberry leaf/209.jpg,Blueberry___healthy,fit
plantwild/extracted/plantwild/images/blueberry leaf/google_0196.jpg,Blueberry___healthy,fit
plantwild/extracted/plantwild/images/blueberry leaf/210.jpg,Blueberry___healthy,fit
plantwild/extracted/plantwild/images/blueberry leaf/google_0008.jpg,Blueberry___healthy,fit
plantwild/extracted/plantwild/images/blueberry leaf/google_0006.jpg,Blueberry___healthy,fit
plantwild/extracted/plantwild/images/blueberry leaf/google_0099.jpg,Blueberry___healthy,fit
plantwild/extracted/plantwild/images/blueberry leaf/google_0133.jpg,Blueberry___healthy,fit
plantwild/extracted/plantwild/images/blueberry leaf/42.jpg,Blueberry___healthy,fit
plantwild/extracted/plantwild/images/blueberry leaf/google_0086.jpg,Blueberry___healthy,fit
plantwild/extracted/plantwild/images/blueberry leaf/google_0240.jpg,Blueberry___healthy,fit
plantwild/extracted/plantwild/images/blueberry leaf/18.jpg,Blueberry___healthy,fit
plantwild/extracted/plantwild/images/blueberry leaf/50.jpg,Blueberry___healthy,fit
plantwild/extracted/plantwild/images/blueberry leaf/google_0309.jpg,Blueberry___healthy,fit
plantwild/extracted/plantwild/images/blueberry leaf/182.jpg,Blueberry___healthy,fit
plantwild/extracted/plantwild/images/blueberry leaf/google_0481.jpg,Blueberry___healthy,fit
plantwild/extracted/plantwild/images/blueberry leaf/195.jpg,Blueberry___healthy,fit
plantwild/extracted/plantwild/images/blueberry leaf/google_0001.jpg,Blueberry___healthy,fit
plantwild/extracted/plantwild/images/blueberry leaf/158.jpg,Blueberry___healthy,fit
plantwild/extracted/plantwild/images/blueberry leaf/127.jpg,Blueberry___healthy,fit
plantwild/extracted/plantwild/images/blueberry leaf/google_0500.jpg,Blueberry___healthy,fit
plantwild/extracted/plantwild/images/blueberry leaf/google_0498.jpg,Blueberry___healthy,fit
plantwild/extracted/plantwild/images/blueberry leaf/google_0441.jpg,Blueberry___healthy,fit
plantwild/extracted/plantwild/images/blueberry leaf/5.jpg,Blueberry___healthy,fit
plantwild/extracted/plantwild/images/blueberry leaf/17.jpg,Blueberry___healthy,fit
plantwild/extracted/plantwild/images/blueberry leaf/19.jpg,Blueberry___healthy,fit
plantwild/extracted/plantwild/images/blueberry leaf/218.jpg,Blueberry___healthy,fit
plantwild/extracted/plantwild/images/blueberry leaf/google_0023.jpg,Blueberry___healthy,fit
plantwild/extracted/plantwild/images/blueberry leaf/65.jpg,Blueberry___healthy,fit
plantwild/extracted/plantwild/images/blueberry leaf/58.jpg,Blueberry___healthy,fit
plantwild/extracted/plantwild/images/blueberry leaf/143.jpg,Blueberry___healthy,fit
plantwild/extracted/plantwild/images/blueberry leaf/google_0013.jpg,Blueberry___healthy,fit
plantwild/extracted/plantwild/images/blueberry leaf/33.jpg,Blueberry___healthy,fit
plantwild/extracted/plantwild/images/blueberry leaf/10.jpg,Blueberry___healthy,fit
plantwild/extracted/plantwild/images/blueberry leaf/google_0482.jpg,Blueberry___healthy,fit
plantwild/extracted/plantwild/images/blueberry leaf/92.jpg,Blueberry___healthy,fit
plantwild/extracted/plantwild/images/blueberry leaf/112.jpg,Blueberry___healthy,fit
plantwild/extracted/plantwild/images/blueberry leaf/12.jpg,Blueberry___healthy,fit
plantwild/extracted/plantwild/images/blueberry leaf/131.jpg,Blueberry___healthy,fit
plantwild/extracted/plantwild/images/blueberry leaf/36.jpg,Blueberry___healthy,fit
plantwild/extracted/plantwild/images/blueberry leaf/google_0455.jpg,Blueberry___healthy,fit
plantwild/extracted/plantwild/images/blueberry leaf/204.jpg,Blueberry___healthy,fit
plantwild/extracted/plantwild/images/blueberry leaf/30.jpg,Blueberry___healthy,fit
plantwild/extracted/plantwild/images/blueberry leaf/1.jpg,Blueberry___healthy,fit
plantwild/extracted/plantwild/images/blueberry leaf/22.jpg,Blueberry___healthy,fit
plantwild/extracted/plantwild/images/blueberry leaf/116.jpg,Blueberry___healthy,fit
plantwild/extracted/plantwild/images/blueberry leaf/83.jpg,Blueberry___healthy,fit
plantwild/extracted/plantwild/images/blueberry leaf/google_0381.jpg,Blueberry___healthy,fit
plantwild/extracted/plantwild/images/blueberry leaf/23.jpg,Blueberry___healthy,fit
plantwild/extracted/plantwild/images/blueberry leaf/google_0012.jpg,Blueberry___healthy,fit
plantwild/extracted/plantwild/images/blueberry leaf/google_0431.jpg,Blueberry___healthy,fit
plantwild/extracted/plantwild/images/blueberry leaf/google_0291.jpg,Blueberry___healthy,fit
plantwild/extracted/plantwild/images/blueberry leaf/48.jpg,Blueberry___healthy,fit
plantwild/extracted/plantwild/images/blueberry leaf/123.jpg,Blueberry___healthy,fit
plantwild/extracted/plantwild/images/blueberry leaf/188.jpg,Blueberry___healthy,fit
plantwild/extracted/plantwild/images/blueberry leaf/google_0402.jpg,Blueberry___healthy,fit
plantwild/extracted/plantwild/images/blueberry leaf/google_0127.jpg,Blueberry___healthy,fit
plantwild/extracted/plantwild/images/blueberry leaf/google_0015.jpg,Blueberry___healthy,fit
plantwild/extracted/plantwild/images/blueberry leaf/google_0143.jpg,Blueberry___healthy,fit
plantwild/extracted/plantwild/images/blueberry leaf/google_0290.jpg,Blueberry___healthy,fit
plantwild/extracted/plantwild/images/blueberry leaf/191.jpg,Blueberry___healthy,fit
plantwild/extracted/plantwild/images/blueberry leaf/199.jpg,Blueberry___healthy,fit
plantwild/extracted/plantwild/images/blueberry leaf/google_0283.jpg,Blueberry___healthy,fit
plantwild/extracted/plantwild/images/blueberry leaf/81.jpg,Blueberry___healthy,fit
plantwild/extracted/plantwild/images/blueberry leaf/200.jpg,Blueberry___healthy,fit
plantwild/extracted/plantwild/images/blueberry leaf/google_0171.jpg,Blueberry___healthy,fit
plantwild/extracted/plantwild/images/blueberry leaf/google_0501.jpg,Blueberry___healthy,fit
plantwild/extracted/plantwild/images/blueberry leaf/25.jpg,Blueberry___healthy,fit
plantwild/extracted/plantwild/images/blueberry leaf/28.jpg,Blueberry___healthy,fit
plantwild/extracted/plantwild/images/blueberry leaf/113.jpg,Blueberry___healthy,fit
plantwild/extracted/plantwild/images/blueberry leaf/78.jpg,Blueberry___healthy,fit
plantwild/extracted/plantwild/images/blueberry leaf/86.jpg,Blueberry___healthy,fit
plantwild/extracted/plantwild/images/blueberry leaf/159.jpg,Blueberry___healthy,fit
plantwild/extracted/plantwild/images/blueberry leaf/105.jpg,Blueberry___healthy,fit
plantwild/extracted/plantwild/images/blueberry leaf/15.jpg,Blueberry___healthy,fit
plantwild/extracted/plantwild/images/blueberry leaf/2.jpg,Blueberry___healthy,fit
plantwild/extracted/plantwild/images/blueberry leaf/34.jpg,Blueberry___healthy,fit
plantwild/extracted/plantwild/images/blueberry leaf/google_0016.jpg,Blueberry___healthy,fit
plantwild/extracted/plantwild/images/blueberry leaf/154.jpg,Blueberry___healthy,fit
plantwild/extracted/plantwild/images/blueberry leaf/207.jpg,Blueberry___healthy,fit
plantwild/extracted/plantwild/images/blueberry leaf/google_0243.jpg,Blueberry___healthy,fit
plantwild/extracted/plantwild/images/blueberry leaf/151.jpg,Blueberry___healthy,fit
plantwild/extracted/plantwild/images/blueberry leaf/29.jpg,Blueberry___healthy,fit
plantwild/extracted/plantwild/images/blueberry leaf/13.jpg,Blueberry___healthy,fit
plantwild/extracted/plantwild/images/blueberry leaf/google_0360.jpg,Blueberry___healthy,fit
plantwild/extracted/plantwild/images/blueberry leaf/63.jpg,Blueberry___healthy,fit
plantwild/extracted/plantwild/images/blueberry leaf/google_0181.jpg,Blueberry___healthy,fit
plantwild/extracted/plantwild/images/blueberry leaf/171.jpg,Blueberry___healthy,fit
plantwild/extracted/plantwild/images/blueberry leaf/6.jpg,Blueberry___healthy,fit
plantwild/extracted/plantwild/images/blueberry leaf/google_0066.jpg,Blueberry___healthy,fit
plantwild/extracted/plantwild/images/blueberry leaf/187.jpg,Blueberry___healthy,fit
plantwild/extracted/plantwild/images/blueberry leaf/google_0319.jpg,Blueberry___healthy,fit
plantwild/extracted/plantwild/images/blueberry leaf/43.jpg,Blueberry___healthy,fit
plantwild/extracted/plantwild/images/blueberry leaf/122.jpg,Blueberry___healthy,fit
plantwild/extracted/plantwild/images/blueberry leaf/google_0028.jpg,Blueberry___healthy,fit
plantwild/extracted/plantwild/images/blueberry leaf/140.jpg,Blueberry___healthy,fit
plantwild/extracted/plantwild/images/blueberry leaf/27.jpg,Blueberry___healthy,fit
plantwild/extracted/plantwild/images/blueberry leaf/88.jpg,Blueberry___healthy,fit
plantwild/extracted/plantwild/images/blueberry leaf/89.jpg,Blueberry___healthy,fit
plantwild/extracted/plantwild/images/blueberry leaf/219.jpg,Blueberry___healthy,fit
plantwild/extracted/plantwild/images/blueberry leaf/133.jpg,Blueberry___healthy,fit
plantwild/extracted/plantwild/images/blueberry leaf/90.jpg,Blueberry___healthy,fit
plantwild/extracted/plantwild/images/blueberry leaf/177.jpg,Blueberry___healthy,fit
plantwild/extracted/plantwild/images/blueberry leaf/google_0210.jpg,Blueberry___healthy,fit
plantwild/extracted/plantwild/images/blueberry leaf/70.jpg,Blueberry___healthy,fit
plantwild/extracted/plantwild/images/blueberry leaf/44.jpg,Blueberry___healthy,fit
plantwild/extracted/plantwild/images/blueberry leaf/72.jpg,Blueberry___healthy,fit
plantwild/extracted/plantwild/images/blueberry leaf/107.jpg,Blueberry___healthy,fit
plantwild/extracted/plantwild/images/blueberry leaf/109.jpg,Blueberry___healthy,fit
plantwild/extracted/plantwild/images/blueberry leaf/google_0115.jpg,Blueberry___healthy,fit
plantwild/extracted/plantwild/images/blueberry leaf/google_0336.jpg,Blueberry___healthy,fit
plantwild/extracted/plantwild/images/blueberry leaf/24.jpg,Blueberry___healthy,fit
plantwild/extracted/plantwild/images/blueberry leaf/194.jpg,Blueberry___healthy,fit
plantwild/extracted/plantwild/images/blueberry leaf/google_0504.jpg,Blueberry___healthy,fit
plantwild/extracted/plantwild/images/blueberry leaf/114.jpg,Blueberry___healthy,fit
plantwild/extracted/plantwild/images/blueberry leaf/google_0165.jpg,Blueberry___healthy,fit
plantwild/extracted/plantwild/images/blueberry leaf/google_0253.jpg,Blueberry___healthy,fit
plantwild/extracted/plantwild/images/blueberry leaf/61.jpg,Blueberry___healthy,fit
plantwild/extracted/plantwild/images/blueberry leaf/104.jpg,Blueberry___healthy,fit
plantwild/extracted/plantwild/images/blueberry leaf/39.jpg,Blueberry___healthy,fit
plantwild/extracted/plantwild/images/blueberry leaf/175.jpg,Blueberry___healthy,fit
plantwild/extracted/plantwild/images/blueberry leaf/124.jpg,Blueberry___healthy,fit
plantwild/extracted/plantwild/images/blueberry leaf/215.jpg,Blueberry___healthy,fit
plantwild/extracted/plantwild/images/blueberry leaf/217.jpg,Blueberry___healthy,fit
plantwild/extracted/plantwild/images/blueberry leaf/7.jpg,Blueberry___healthy,fit
plantwild/extracted/plantwild/images/blueberry leaf/91.jpg,Blueberry___healthy,fit
plantwild/extracted/plantwild/images/blueberry leaf/214.jpg,Blueberry___healthy,fit
plantwild/extracted/plantwild/images/blueberry leaf/35.jpg,Blueberry___healthy,fit
plantwild/extracted/plantwild/images/blueberry leaf/130.jpg,Blueberry___healthy,fit
plantwild/extracted/plantwild/images/blueberry leaf/56.jpg,Blueberry___healthy,fit
plantwild/extracted/plantwild/images/blueberry leaf/183.jpg,Blueberry___healthy,fit
plantwild/extracted/plantwild/images/blueberry leaf/101.jpg,Blueberry___healthy,fit
plantwild/extracted/plantwild/images/blueberry leaf/google_0454.jpg,Blueberry___healthy,fit
plantwild/extracted/plantwild/images/blueberry leaf/google_0073.jpg,Blueberry___healthy,fit
plantwild/extracted/plantwild/images/blueberry leaf/google_0021.jpg,Blueberry___healthy,fit
plantwild/extracted/plantwild/images/blueberry leaf/60.jpg,Blueberry___healthy,fit
plantwild/extracted/plantwild/images/blueberry leaf/google_0315.jpg,Blueberry___healthy,fit
plantwild/extracted/plantwild/images/blueberry leaf/93.jpg,Blueberry___healthy,fit
plantwild/extracted/plantwild/images/blueberry leaf/google_0137.jpg,Blueberry___healthy,fit
plantwild/extracted/plantwild/images/blueberry leaf/173.jpg,Blueberry___healthy,fit
plantwild/extracted/plantwild/images/blueberry leaf/137.jpg,Blueberry___healthy,fit
plantwild/extracted/plantwild/images/blueberry leaf/117.jpg,Blueberry___healthy,fit
plantwild/extracted/plantwild/images/blueberry leaf/38.jpg,Blueberry___healthy,fit
plantwild/extracted/plantwild/images/blueberry leaf/128.jpg,Blueberry___healthy,fit
plantwild/extracted/plantwild/images/blueberry leaf/205.jpg,Blueberry___healthy,fit
plantwild/extracted/plantwild/images/blueberry leaf/google_0038.jpg,Blueberry___healthy,fit
plantwild/extracted/plantwild/images/blueberry leaf/41.jpg,Blueberry___healthy,fit
plantwild/extracted/plantwild/images/blueberry leaf/181.jpg,Blueberry___healthy,fit
plantwild/extracted/plantwild/images/blueberry leaf/144.jpg,Blueberry___healthy,fit
plantwild/extracted/plantwild/images/blueberry leaf/185.jpg,Blueberry___healthy,fit
plantwild/extracted/plantwild/images/blueberry leaf/google_0419.jpg,Blueberry___healthy,fit
plantwild/extracted/plantwild/images/blueberry leaf/53.jpg,Blueberry___healthy,fit
plantwild/extracted/plantwild/images/blueberry leaf/google_0190.jpg,Blueberry___healthy,fit
plantwild/extracted/plantwild/images/blueberry leaf/57.jpg,Blueberry___healthy,fit
plantwild/extracted/plantwild/images/blueberry leaf/google_0046.jpg,Blueberry___healthy,fit
plantwild/extracted/plantwild/images/blueberry leaf/16.jpg,Blueberry___healthy,fit
plantwild/extracted/plantwild/images/blueberry leaf/147.jpg,Blueberry___healthy,fit
plantwild/extracted/plantwild/images/cherry powdery mildew/29.jpg,Cherry___Powdery_mildew,fit
plantwild/extracted/plantwild/images/cherry powdery mildew/google_0097.jpg,Cherry___Powdery_mildew,fit
plantwild/extracted/plantwild/images/cherry powdery mildew/41.jpg,Cherry___Powdery_mildew,fit
plantwild/extracted/plantwild/images/cherry powdery mildew/google_0147.jpg,Cherry___Powdery_mildew,fit
plantwild/extracted/plantwild/images/cherry powdery mildew/40.jpg,Cherry___Powdery_mildew,fit
plantwild/extracted/plantwild/images/cherry powdery mildew/25.jpg,Cherry___Powdery_mildew,fit
plantwild/extracted/plantwild/images/cherry powdery mildew/106.jpg,Cherry___Powdery_mildew,fit
plantwild/extracted/plantwild/images/cherry powdery mildew/google_0128.jpg,Cherry___Powdery_mildew,fit
plantwild/extracted/plantwild/images/cherry powdery mildew/53.jpg,Cherry___Powdery_mildew,fit
plantwild/extracted/plantwild/images/cherry powdery mildew/google_0064.jpg,Cherry___Powdery_mildew,fit
plantwild/extracted/plantwild/images/cherry powdery mildew/google_0023.jpg,Cherry___Powdery_mildew,fit
plantwild/extracted/plantwild/images/cherry powdery mildew/google_0094.jpg,Cherry___Powdery_mildew,fit
plantwild/extracted/plantwild/images/cherry powdery mildew/8.jpg,Cherry___Powdery_mildew,fit
plantwild/extracted/plantwild/images/cherry powdery mildew/google_0073.jpg,Cherry___Powdery_mildew,fit
plantwild/extracted/plantwild/images/cherry powdery mildew/google_0172.jpg,Cherry___Powdery_mildew,fit
plantwild/extracted/plantwild/images/cherry powdery mildew/google_0013.jpg,Cherry___Powdery_mildew,fit
plantwild/extracted/plantwild/images/cherry powdery mildew/32.jpg,Cherry___Powdery_mildew,fit
plantwild/extracted/plantwild/images/cherry powdery mildew/google_0012.jpg,Cherry___Powdery_mildew,fit
plantwild/extracted/plantwild/images/cherry powdery mildew/45.jpg,Cherry___Powdery_mildew,fit
plantwild/extracted/plantwild/images/cherry powdery mildew/103.jpg,Cherry___Powdery_mildew,fit
plantwild/extracted/plantwild/images/cherry powdery mildew/google_0130.jpg,Cherry___Powdery_mildew,fit
plantwild/extracted/plantwild/images/cherry powdery mildew/22.jpg,Cherry___Powdery_mildew,fit
plantwild/extracted/plantwild/images/cherry powdery mildew/google_0035.jpg,Cherry___Powdery_mildew,fit
plantwild/extracted/plantwild/images/cherry powdery mildew/28.jpg,Cherry___Powdery_mildew,fit
plantwild/extracted/plantwild/images/cherry powdery mildew/46.jpg,Cherry___Powdery_mildew,fit
plantwild/extracted/plantwild/images/cherry powdery mildew/google_0120.jpg,Cherry___Powdery_mildew,fit
plantwild/extracted/plantwild/images/cherry powdery mildew/google_0143.jpg,Cherry___Powdery_mildew,fit
plantwild/extracted/plantwild/images/cherry powdery mildew/google_0124.jpg,Cherry___Powdery_mildew,fit
plantwild/extracted/plantwild/images/cherry powdery mildew/google_0028.jpg,Cherry___Powdery_mildew,fit
plantwild/extracted/plantwild/images/cherry powdery mildew/43.jpg,Cherry___Powdery_mildew,fit
plantwild/extracted/plantwild/images/cherry powdery mildew/google_0119.jpg,Cherry___Powdery_mildew,fit
plantwild/extracted/plantwild/images/cherry powdery mildew/google_0032.jpg,Cherry___Powdery_mildew,fit
plantwild/extracted/plantwild/images/cherry powdery mildew/108.jpg,Cherry___Powdery_mildew,fit
plantwild/extracted/plantwild/images/cherry powdery mildew/68.jpg,Cherry___Powdery_mildew,fit
plantwild/extracted/plantwild/images/cherry powdery mildew/86.jpg,Cherry___Powdery_mildew,fit
plantwild/extracted/plantwild/images/cherry powdery mildew/107.jpg,Cherry___Powdery_mildew,fit
plantwild/extracted/plantwild/images/cherry powdery mildew/31.jpg,Cherry___Powdery_mildew,fit
plantwild/extracted/plantwild/images/cherry powdery mildew/google_0062.jpg,Cherry___Powdery_mildew,fit
plantwild/extracted/plantwild/images/cherry powdery mildew/14.jpg,Cherry___Powdery_mildew,fit
plantwild/extracted/plantwild/images/cherry powdery mildew/google_0060.jpg,Cherry___Powdery_mildew,fit
plantwild/extracted/plantwild/images/cherry powdery mildew/10.jpg,Cherry___Powdery_mildew,fit
plantwild/extracted/plantwild/images/cherry powdery mildew/27.jpg,Cherry___Powdery_mildew,fit
plantwild/extracted/plantwild/images/cherry powdery mildew/26.jpg,Cherry___Powdery_mildew,fit
plantwild/extracted/plantwild/images/cherry powdery mildew/google_0131.jpg,Cherry___Powdery_mildew,fit
plantwild/extracted/plantwild/images/cherry powdery mildew/google_0029.jpg,Cherry___Powdery_mildew,fit
plantwild/extracted/plantwild/images/cherry powdery mildew/google_0121.jpg,Cherry___Powdery_mildew,fit
plantwild/extracted/plantwild/images/cherry powdery mildew/google_0022.jpg,Cherry___Powdery_mildew,fit
plantwild/extracted/plantwild/images/cherry powdery mildew/21.jpg,Cherry___Powdery_mildew,fit
plantwild/extracted/plantwild/images/cherry powdery mildew/google_0031.jpg,Cherry___Powdery_mildew,fit
plantwild/extracted/plantwild/images/cherry powdery mildew/google_0075.jpg,Cherry___Powdery_mildew,fit
plantwild/extracted/plantwild/images/cherry powdery mildew/57.jpg,Cherry___Powdery_mildew,fit
plantwild/extracted/plantwild/images/cherry powdery mildew/102.jpg,Cherry___Powdery_mildew,fit
plantwild/extracted/plantwild/images/cherry powdery mildew/google_0018.jpg,Cherry___Powdery_mildew,fit
plantwild/extracted/plantwild/images/cherry powdery mildew/6.jpg,Cherry___Powdery_mildew,fit
plantwild/extracted/plantwild/images/cherry powdery mildew/64.jpg,Cherry___Powdery_mildew,fit
plantwild/extracted/plantwild/images/cherry powdery mildew/google_0011.jpg,Cherry___Powdery_mildew,fit
plantwild/extracted/plantwild/images/cherry powdery mildew/google_0058.jpg,Cherry___Powdery_mildew,fit
plantwild/extracted/plantwild/images/cherry powdery mildew/google_0071.jpg,Cherry___Powdery_mildew,fit
plantwild/extracted/plantwild/images/cherry powdery mildew/80.jpg,Cherry___Powdery_mildew,fit
plantwild/extracted/plantwild/images/cherry powdery mildew/google_0055.jpg,Cherry___Powdery_mildew,fit
plantwild/extracted/plantwild/images/cherry powdery mildew/google_0068.jpg,Cherry___Powdery_mildew,fit
plantwild/extracted/plantwild/images/cherry powdery mildew/google_0038.jpg,Cherry___Powdery_mildew,fit
plantwild/extracted/plantwild/images/cherry powdery mildew/88.jpg,Cherry___Powdery_mildew,fit
plantwild/extracted/plantwild/images/cherry powdery mildew/google_0033.jpg,Cherry___Powdery_mildew,fit
plantwild/extracted/plantwild/images/cherry powdery mildew/5.jpg,Cherry___Powdery_mildew,fit
plantwild/extracted/plantwild/images/cherry powdery mildew/18.jpg,Cherry___Powdery_mildew,fit
plantwild/extracted/plantwild/images/cherry powdery mildew/google_0169.jpg,Cherry___Powdery_mildew,fit
plantwild/extracted/plantwild/images/cherry powdery mildew/65.jpg,Cherry___Powdery_mildew,fit
plantwild/extracted/plantwild/images/cherry powdery mildew/google_0093.jpg,Cherry___Powdery_mildew,fit
plantwild/extracted/plantwild/images/cherry powdery mildew/38.jpg,Cherry___Powdery_mildew,fit
plantwild/extracted/plantwild/images/cherry powdery mildew/google_0021.jpg,Cherry___Powdery_mildew,fit
plantwild/extracted/plantwild/images/cherry powdery mildew/google_0136.jpg,Cherry___Powdery_mildew,fit
plantwild/extracted/plantwild/images/cherry powdery mildew/33.jpg,Cherry___Powdery_mildew,fit
plantwild/extracted/plantwild/images/cherry powdery mildew/google_0024.jpg,Cherry___Powdery_mildew,fit
plantwild/extracted/plantwild/images/cherry powdery mildew/google_0047.jpg,Cherry___Powdery_mildew,fit
plantwild/extracted/plantwild/images/cherry powdery mildew/17.jpg,Cherry___Powdery_mildew,fit
plantwild/extracted/plantwild/images/cherry powdery mildew/google_0070.jpg,Cherry___Powdery_mildew,fit
plantwild/extracted/plantwild/images/cherry powdery mildew/58.jpg,Cherry___Powdery_mildew,fit
plantwild/extracted/plantwild/images/cherry powdery mildew/google_0057.jpg,Cherry___Powdery_mildew,fit
plantwild/extracted/plantwild/images/cherry powdery mildew/51.jpg,Cherry___Powdery_mildew,fit
plantwild/extracted/plantwild/images/cherry leaf/10.jpg,Cherry___healthy,fit
plantwild/extracted/plantwild/images/cherry leaf/google_0165.jpg,Cherry___healthy,fit
plantwild/extracted/plantwild/images/cherry leaf/google_0209.jpg,Cherry___healthy,fit
plantwild/extracted/plantwild/images/cherry leaf/25.jpg,Cherry___healthy,fit
plantwild/extracted/plantwild/images/cherry leaf/google_0263.jpg,Cherry___healthy,fit
plantwild/extracted/plantwild/images/cherry leaf/137.jpg,Cherry___healthy,fit
plantwild/extracted/plantwild/images/cherry leaf/18.jpg,Cherry___healthy,fit
plantwild/extracted/plantwild/images/cherry leaf/105.jpg,Cherry___healthy,fit
plantwild/extracted/plantwild/images/cherry leaf/1.jpg,Cherry___healthy,fit
plantwild/extracted/plantwild/images/cherry leaf/google_0350.jpg,Cherry___healthy,fit
plantwild/extracted/plantwild/images/cherry leaf/google_0243.jpg,Cherry___healthy,fit
plantwild/extracted/plantwild/images/cherry leaf/google_0147.jpg,Cherry___healthy,fit
plantwild/extracted/plantwild/images/cherry leaf/google_0358.jpg,Cherry___healthy,fit
plantwild/extracted/plantwild/images/cherry leaf/google_0107.jpg,Cherry___healthy,fit
plantwild/extracted/plantwild/images/cherry leaf/54.jpg,Cherry___healthy,fit
plantwild/extracted/plantwild/images/cherry leaf/110.jpg,Cherry___healthy,fit
plantwild/extracted/plantwild/images/cherry leaf/google_0335.jpg,Cherry___healthy,fit
plantwild/extracted/plantwild/images/cherry leaf/192.jpg,Cherry___healthy,fit
plantwild/extracted/plantwild/images/cherry leaf/42.jpg,Cherry___healthy,fit
plantwild/extracted/plantwild/images/cherry leaf/127.jpg,Cherry___healthy,fit
plantwild/extracted/plantwild/images/cherry leaf/62.jpg,Cherry___healthy,fit
plantwild/extracted/plantwild/images/cherry leaf/17.jpg,Cherry___healthy,fit
plantwild/extracted/plantwild/images/cherry leaf/167.jpg,Cherry___healthy,fit
plantwild/extracted/plantwild/images/cherry leaf/15.jpg,Cherry___healthy,fit
plantwild/extracted/plantwild/images/cherry leaf/94.jpg,Cherry___healthy,fit
plantwild/extracted/plantwild/images/cherry leaf/google_0068.jpg,Cherry___healthy,fit
plantwild/extracted/plantwild/images/cherry leaf/165.jpg,Cherry___healthy,fit
plantwild/extracted/plantwild/images/cherry leaf/128.jpg,Cherry___healthy,fit
plantwild/extracted/plantwild/images/cherry leaf/google_0079.jpg,Cherry___healthy,fit
plantwild/extracted/plantwild/images/cherry leaf/122.jpg,Cherry___healthy,fit
plantwild/extracted/plantwild/images/cherry leaf/google_0026.jpg,Cherry___healthy,fit
plantwild/extracted/plantwild/images/cherry leaf/google_0215.jpg,Cherry___healthy,fit
plantwild/extracted/plantwild/images/cherry leaf/85.jpg,Cherry___healthy,fit
plantwild/extracted/plantwild/images/cherry leaf/131.jpg,Cherry___healthy,fit
plantwild/extracted/plantwild/images/cherry leaf/3.jpg,Cherry___healthy,fit
plantwild/extracted/plantwild/images/cherry leaf/google_0236.jpg,Cherry___healthy,fit
plantwild/extracted/plantwild/images/cherry leaf/7.jpg,Cherry___healthy,fit
plantwild/extracted/plantwild/images/cherry leaf/182.jpg,Cherry___healthy,fit
plantwild/extracted/plantwild/images/cherry leaf/68.jpg,Cherry___healthy,fit
plantwild/extracted/plantwild/images/cherry leaf/google_0111.jpg,Cherry___healthy,fit
plantwild/extracted/plantwild/images/cherry leaf/69.jpg,Cherry___healthy,fit
plantwild/extracted/plantwild/images/cherry leaf/29.jpg,Cherry___healthy,fit
plantwild/extracted/plantwild/images/cherry leaf/google_0369.jpg,Cherry___healthy,fit
plantwild/extracted/plantwild/images/cherry leaf/google_0004.jpg,Cherry___healthy,fit
plantwild/extracted/plantwild/images/cherry leaf/67.jpg,Cherry___healthy,fit
plantwild/extracted/plantwild/images/cherry leaf/174.jpg,Cherry___healthy,fit
plantwild/extracted/plantwild/images/cherry leaf/178.jpg,Cherry___healthy,fit
plantwild/extracted/plantwild/images/cherry leaf/70.jpg,Cherry___healthy,fit
plantwild/extracted/plantwild/images/cherry leaf/google_0129.jpg,Cherry___healthy,fit
plantwild/extracted/plantwild/images/cherry leaf/google_0041.jpg,Cherry___healthy,fit
plantwild/extracted/plantwild/images/cherry leaf/168.jpg,Cherry___healthy,fit
plantwild/extracted/plantwild/images/cherry leaf/google_0078.jpg,Cherry___healthy,fit
plantwild/extracted/plantwild/images/cherry leaf/59.jpg,Cherry___healthy,fit
plantwild/extracted/plantwild/images/cherry leaf/185.jpg,Cherry___healthy,fit
plantwild/extracted/plantwild/images/cherry leaf/13.jpg,Cherry___healthy,fit
plantwild/extracted/plantwild/images/cherry leaf/google_0061.jpg,Cherry___healthy,fit
plantwild/extracted/plantwild/images/cherry leaf/16.jpg,Cherry___healthy,fit
plantwild/extracted/plantwild/images/cherry leaf/130.jpg,Cherry___healthy,fit
plantwild/extracted/plantwild/images/cherry leaf/4.jpg,Cherry___healthy,fit
plantwild/extracted/plantwild/images/cherry leaf/38.jpg,Cherry___healthy,fit
plantwild/extracted/plantwild/images/cherry leaf/57.jpg,Cherry___healthy,fit
plantwild/extracted/plantwild/images/cherry leaf/google_0220.jpg,Cherry___healthy,fit
plantwild/extracted/plantwild/images/cherry leaf/188.jpg,Cherry___healthy,fit
plantwild/extracted/plantwild/images/cherry leaf/google_0048.jpg,Cherry___healthy,fit
plantwild/extracted/plantwild/images/cherry leaf/google_0456.jpg,Cherry___healthy,fit
plantwild/extracted/plantwild/images/cherry leaf/49.jpg,Cherry___healthy,fit
plantwild/extracted/plantwild/images/cherry leaf/99.jpg,Cherry___healthy,fit
plantwild/extracted/plantwild/images/cherry leaf/google_0438.jpg,Cherry___healthy,fit
plantwild/extracted/plantwild/images/cherry leaf/121.jpg,Cherry___healthy,fit
plantwild/extracted/plantwild/images/cherry leaf/google_0156.jpg,Cherry___healthy,fit
plantwild/extracted/plantwild/images/cherry leaf/98.jpg,Cherry___healthy,fit
plantwild/extracted/plantwild/images/cherry leaf/google_0158.jpg,Cherry___healthy,fit
plantwild/extracted/plantwild/images/cherry leaf/81.jpg,Cherry___healthy,fit
plantwild/extracted/plantwild/images/cherry leaf/google_0406.jpg,Cherry___healthy,fit
plantwild/extracted/plantwild/images/cherry leaf/22.jpg,Cherry___healthy,fit
plantwild/extracted/plantwild/images/cherry leaf/100.jpg,Cherry___healthy,fit
plantwild/extracted/plantwild/images/cherry leaf/141.jpg,Cherry___healthy,fit
plantwild/extracted/plantwild/images/cherry leaf/google_0045.jpg,Cherry___healthy,fit
plantwild/extracted/plantwild/images/cherry leaf/161.jpg,Cherry___healthy,fit
plantwild/extracted/plantwild/images/cherry leaf/109.jpg,Cherry___healthy,fit
plantwild/extracted/plantwild/images/cherry leaf/177.jpg,Cherry___healthy,fit
plantwild/extracted/plantwild/images/cherry leaf/google_0415.jpg,Cherry___healthy,fit
plantwild/extracted/plantwild/images/cherry leaf/33.jpg,Cherry___healthy,fit
plantwild/extracted/plantwild/images/cherry leaf/google_0012.jpg,Cherry___healthy,fit
plantwild/extracted/plantwild/images/cherry leaf/google_0009.jpg,Cherry___healthy,fit
plantwild/extracted/plantwild/images/cherry leaf/google_0229.jpg,Cherry___healthy,fit
plantwild/extracted/plantwild/images/cherry leaf/84.jpg,Cherry___healthy,fit
plantwild/extracted/plantwild/images/cherry leaf/72.jpg,Cherry___healthy,fit
plantwild/extracted/plantwild/images/cherry leaf/79.jpg,Cherry___healthy,fit
plantwild/extracted/plantwild/images/cherry leaf/114.jpg,Cherry___healthy,fit
plantwild/extracted/plantwild/images/cherry leaf/google_0332.jpg,Cherry___healthy,fit
plantwild/extracted/plantwild/images/cherry leaf/30.jpg,Cherry___healthy,fit
plantwild/extracted/plantwild/images/cherry leaf/google_0443.jpg,Cherry___healthy,fit
plantwild/extracted/plantwild/images/cherry leaf/google_0205.jpg,Cherry___healthy,fit
plantwild/extracted/plantwild/images/cherry leaf/google_0036.jpg,Cherry___healthy,fit
plantwild/extracted/plantwild/images/cherry leaf/64.jpg,Cherry___healthy,fit
plantwild/extracted/plantwild/images/cherry leaf/96.jpg,Cherry___healthy,fit
plantwild/extracted/plantwild/images/cherry leaf/google_0211.jpg,Cherry___healthy,fit
plantwild/extracted/plantwild/images/cherry leaf/google_0213.jpg,Cherry___healthy,fit
plantwild/extracted/plantwild/images/cherry leaf/63.jpg,Cherry___healthy,fit
plantwild/extracted/plantwild/images/cherry leaf/google_0152.jpg,Cherry___healthy,fit
plantwild/extracted/plantwild/images/cherry leaf/82.jpg,Cherry___healthy,fit
plantwild/extracted/plantwild/images/cherry leaf/google_0121.jpg,Cherry___healthy,fit
plantwild/extracted/plantwild/images/cherry leaf/195.jpg,Cherry___healthy,fit
plantwild/extracted/plantwild/images/cherry leaf/google_0166.jpg,Cherry___healthy,fit
plantwild/extracted/plantwild/images/cherry leaf/129.jpg,Cherry___healthy,fit
plantwild/extracted/plantwild/images/cherry leaf/56.jpg,Cherry___healthy,fit
plantwild/extracted/plantwild/images/cherry leaf/55.jpg,Cherry___healthy,fit
plantwild/extracted/plantwild/images/cherry leaf/51.jpg,Cherry___healthy,fit
plantwild/extracted/plantwild/images/cherry leaf/181.jpg,Cherry___healthy,fit
plantwild/extracted/plantwild/images/cherry leaf/11.jpg,Cherry___healthy,fit
plantwild/extracted/plantwild/images/cherry leaf/97.jpg,Cherry___healthy,fit
plantwild/extracted/plantwild/images/cherry leaf/106.jpg,Cherry___healthy,fit
plantwild/extracted/plantwild/images/cherry leaf/138.jpg,Cherry___healthy,fit
plantwild/extracted/plantwild/images/cherry leaf/73.jpg,Cherry___healthy,fit
plantwild/extracted/plantwild/images/cherry leaf/google_0224.jpg,Cherry___healthy,fit
plantwild/extracted/plantwild/images/cherry leaf/google_0124.jpg,Cherry___healthy,fit
plantwild/extracted/plantwild/images/cherry leaf/104.jpg,Cherry___healthy,fit
plantwild/extracted/plantwild/images/cherry leaf/186.jpg,Cherry___healthy,fit
plantwild/extracted/plantwild/images/cherry leaf/google_0162.jpg,Cherry___healthy,fit
plantwild/extracted/plantwild/images/cherry leaf/google_0182.jpg,Cherry___healthy,fit
plantwild/extracted/plantwild/images/cherry leaf/32.jpg,Cherry___healthy,fit
plantwild/extracted/plantwild/images/cherry leaf/157.jpg,Cherry___healthy,fit
plantwild/extracted/plantwild/images/cherry leaf/google_0249.jpg,Cherry___healthy,fit
plantwild/extracted/plantwild/images/cherry leaf/google_0286.jpg,Cherry___healthy,fit
plantwild/extracted/plantwild/images/cherry leaf/google_0184.jpg,Cherry___healthy,fit
plantwild/extracted/plantwild/images/cherry leaf/143.jpg,Cherry___healthy,fit
plantwild/extracted/plantwild/images/cherry leaf/27.jpg,Cherry___healthy,fit
plantwild/extracted/plantwild/images/cherry leaf/136.jpg,Cherry___healthy,fit
plantwild/extracted/plantwild/images/cherry leaf/google_0071.jpg,Cherry___healthy,fit
plantwild/extracted/plantwild/images/cherry leaf/google_0000.jpg,Cherry___healthy,fit
plantwild/extracted/plantwild/images/cherry leaf/173.jpg,Cherry___healthy,fit
plantwild/extracted/plantwild/images/cherry leaf/google_0228.jpg,Cherry___healthy,fit
plantwild/extracted/plantwild/images/cherry leaf/google_0042.jpg,Cherry___healthy,fit
plantwild/extracted/plantwild/images/cherry leaf/google_0057.jpg,Cherry___healthy,fit
plantwild/extracted/plantwild/images/cherry leaf/google_0322.jpg,Cherry___healthy,fit
plantwild/extracted/plantwild/images/cherry leaf/21.jpg,Cherry___healthy,fit
plantwild/extracted/plantwild/images/cherry leaf/google_0054.jpg,Cherry___healthy,fit
plantwild/extracted/plantwild/images/cherry leaf/google_0467.jpg,Cherry___healthy,fit
plantwild/extracted/plantwild/images/cherry leaf/112.jpg,Cherry___healthy,fit
plantwild/extracted/plantwild/images/cherry leaf/google_0001.jpg,Cherry___healthy,fit
plantwild/extracted/plantwild/images/cherry leaf/6.jpg,Cherry___healthy,fit
plantwild/extracted/plantwild/images/cherry leaf/53.jpg,Cherry___healthy,fit
plantwild/extracted/plantwild/images/cherry leaf/google_0173.jpg,Cherry___healthy,fit
plantwild/extracted/plantwild/images/cherry leaf/144.jpg,Cherry___healthy,fit
plantwild/extracted/plantwild/images/cherry leaf/google_0193.jpg,Cherry___healthy,fit
plantwild/extracted/plantwild/images/cherry leaf/108.jpg,Cherry___healthy,fit
plantwild/extracted/plantwild/images/cherry leaf/71.jpg,Cherry___healthy,fit
plantwild/extracted/plantwild/images/cherry leaf/google_0014.jpg,Cherry___healthy,fit
plantwild/extracted/plantwild/images/cherry leaf/google_0006.jpg,Cherry___healthy,fit
plantwild/extracted/plantwild/images/cherry leaf/31.jpg,Cherry___healthy,fit
plantwild/extracted/plantwild/images/cherry leaf/google_0007.jpg,Cherry___healthy,fit
plantwild/extracted/plantwild/images/cherry leaf/google_0455.jpg,Cherry___healthy,fit
plantwild/extracted/plantwild/images/cherry leaf/google_0031.jpg,Cherry___healthy,fit
plantwild/extracted/plantwild/images/cherry leaf/183.jpg,Cherry___healthy,fit
plantwild/extracted/plantwild/images/cherry leaf/28.jpg,Cherry___healthy,fit
plantwild/extracted/plantwild/images/cherry leaf/google_0008.jpg,Cherry___healthy,fit
plantwild/extracted/plantwild/images/cherry leaf/107.jpg,Cherry___healthy,fit
plantwild/extracted/plantwild/images/cherry leaf/48.jpg,Cherry___healthy,fit
plantwild/extracted/plantwild/images/cherry leaf/google_0016.jpg,Cherry___healthy,fit
plantwild/extracted/plantwild/images/cherry leaf/google_0123.jpg,Cherry___healthy,fit
plantwild/extracted/plantwild/images/cherry leaf/116.jpg,Cherry___healthy,fit
plantwild/extracted/plantwild/images/cherry leaf/60.jpg,Cherry___healthy,fit
plantwild/extracted/plantwild/images/cherry leaf/24.jpg,Cherry___healthy,fit
plantwild/extracted/plantwild/images/cherry leaf/111.jpg,Cherry___healthy,fit
plantwild/extracted/plantwild/images/cherry leaf/80.jpg,Cherry___healthy,fit
plantwild/extracted/plantwild/images/cherry leaf/google_0399.jpg,Cherry___healthy,fit
plantwild/extracted/plantwild/images/cherry leaf/187.jpg,Cherry___healthy,fit
plantwild/extracted/plantwild/images/cherry leaf/9.jpg,Cherry___healthy,fit
plantwild/extracted/plantwild/images/cherry leaf/46.jpg,Cherry___healthy,fit
plantwild/extracted/plantwild/images/cherry leaf/52.jpg,Cherry___healthy,fit
plantwild/extracted/plantwild/images/cherry leaf/115.jpg,Cherry___healthy,fit
plantwild/extracted/plantwild/images/cherry leaf/google_0453.jpg,Cherry___healthy,fit
plantwild/extracted/plantwild/images/cherry leaf/134.jpg,Cherry___healthy,fit
plantwild/extracted/plantwild/images/cherry leaf/google_0463.jpg,Cherry___healthy,fit
plantwild/extracted/plantwild/images/cherry leaf/google_0018.jpg,Cherry___healthy,fit
plantwild/extracted/plantwild/images/cherry leaf/193.jpg,Cherry___healthy,fit
plantwild/extracted/plantwild/images/cherry leaf/88.jpg,Cherry___healthy,fit
plantwild/extracted/plantwild/images/cherry leaf/google_0084.jpg,Cherry___healthy,fit
plantwild/extracted/plantwild/images/cherry leaf/92.jpg,Cherry___healthy,fit
plantwild/extracted/plantwild/images/cherry leaf/google_0015.jpg,Cherry___healthy,fit
plantwild/extracted/plantwild/images/cherry leaf/google_0002.jpg,Cherry___healthy,fit
plantwild/extracted/plantwild/images/cherry leaf/47.jpg,Cherry___healthy,fit
plantwild/extracted/plantwild/images/cherry leaf/google_0382.jpg,Cherry___healthy,fit
plantwild/extracted/plantwild/images/cherry leaf/74.jpg,Cherry___healthy,fit
plantwild/extracted/plantwild/images/cherry leaf/50.jpg,Cherry___healthy,fit
plantwild/extracted/plantwild/images/cherry leaf/58.jpg,Cherry___healthy,fit
plantwild/extracted/plantwild/images/cherry leaf/89.jpg,Cherry___healthy,fit
plantwild/extracted/plantwild/images/cherry leaf/140.jpg,Cherry___healthy,fit
plantwild/extracted/plantwild/images/cherry leaf/google_0090.jpg,Cherry___healthy,fit
plantwild/extracted/plantwild/images/cherry leaf/google_0461.jpg,Cherry___healthy,fit
plantwild/extracted/plantwild/images/cherry leaf/135.jpg,Cherry___healthy,fit
plantwild/extracted/plantwild/images/cherry leaf/google_0408.jpg,Cherry___healthy,fit
plantwild/extracted/plantwild/images/cherry leaf/14.jpg,Cherry___healthy,fit
plantwild/extracted/plantwild/images/cherry leaf/146.jpg,Cherry___healthy,fit
plantwild/extracted/plantwild/images/cherry leaf/175.jpg,Cherry___healthy,fit
plantwild/extracted/plantwild/images/cherry leaf/google_0106.jpg,Cherry___healthy,fit
plantwild/extracted/plantwild/images/cherry leaf/123.jpg,Cherry___healthy,fit
plantwild/extracted/plantwild/images/cherry leaf/170.jpg,Cherry___healthy,fit
plantwild/extracted/plantwild/images/cherry leaf/133.jpg,Cherry___healthy,fit
plantwild/extracted/plantwild/images/corn gray leaf spot/google_0211.jpg,Corn___Cercospora_leaf_spot Gray_leaf_spot,fit
plantwild/extracted/plantwild/images/corn gray leaf spot/google_0036.jpg,Corn___Cercospora_leaf_spot Gray_leaf_spot,fit
plantwild/extracted/plantwild/images/corn gray leaf spot/44.jpg,Corn___Cercospora_leaf_spot Gray_leaf_spot,fit
plantwild/extracted/plantwild/images/corn gray leaf spot/google_0245.jpg,Corn___Cercospora_leaf_spot Gray_leaf_spot,fit
plantwild/extracted/plantwild/images/corn gray leaf spot/google_0209.jpg,Corn___Cercospora_leaf_spot Gray_leaf_spot,fit
plantwild/extracted/plantwild/images/corn gray leaf spot/google_0023.jpg,Corn___Cercospora_leaf_spot Gray_leaf_spot,fit
plantwild/extracted/plantwild/images/corn gray leaf spot/google_0095.jpg,Corn___Cercospora_leaf_spot Gray_leaf_spot,fit
plantwild/extracted/plantwild/images/corn gray leaf spot/google_0061.jpg,Corn___Cercospora_leaf_spot Gray_leaf_spot,fit
plantwild/extracted/plantwild/images/corn gray leaf spot/google_0195.jpg,Corn___Cercospora_leaf_spot Gray_leaf_spot,fit
plantwild/extracted/plantwild/images/corn gray leaf spot/google_0327.jpg,Corn___Cercospora_leaf_spot Gray_leaf_spot,fit
plantwild/extracted/plantwild/images/corn gray leaf spot/google_0029.jpg,Corn___Cercospora_leaf_spot Gray_leaf_spot,fit
plantwild/extracted/plantwild/images/corn gray leaf spot/114.jpg,Corn___Cercospora_leaf_spot Gray_leaf_spot,fit
plantwild/extracted/plantwild/images/corn gray leaf spot/4 - Copy (2).jpg,Corn___Cercospora_leaf_spot Gray_leaf_spot,fit
plantwild/extracted/plantwild/images/corn gray leaf spot/google_0033.jpg,Corn___Cercospora_leaf_spot Gray_leaf_spot,fit
plantwild/extracted/plantwild/images/corn gray leaf spot/google_0017.jpg,Corn___Cercospora_leaf_spot Gray_leaf_spot,fit
plantwild/extracted/plantwild/images/corn gray leaf spot/26 - Copy (3).jpg,Corn___Cercospora_leaf_spot Gray_leaf_spot,fit
plantwild/extracted/plantwild/images/corn gray leaf spot/google_0161.jpg,Corn___Cercospora_leaf_spot Gray_leaf_spot,fit
plantwild/extracted/plantwild/images/corn gray leaf spot/google_0138.jpg,Corn___Cercospora_leaf_spot Gray_leaf_spot,fit
plantwild/extracted/plantwild/images/corn gray leaf spot/google_0014.jpg,Corn___Cercospora_leaf_spot Gray_leaf_spot,fit
plantwild/extracted/plantwild/images/corn gray leaf spot/google_0152.jpg,Corn___Cercospora_leaf_spot Gray_leaf_spot,fit
plantwild/extracted/plantwild/images/corn gray leaf spot/add (6).jpg,Corn___Cercospora_leaf_spot Gray_leaf_spot,fit
plantwild/extracted/plantwild/images/corn gray leaf spot/google_0159.jpg,Corn___Cercospora_leaf_spot Gray_leaf_spot,fit
plantwild/extracted/plantwild/images/corn gray leaf spot/google_0187.jpg,Corn___Cercospora_leaf_spot Gray_leaf_spot,fit
plantwild/extracted/plantwild/images/corn gray leaf spot/google_0128.jpg,Corn___Cercospora_leaf_spot Gray_leaf_spot,fit
plantwild/extracted/plantwild/images/corn gray leaf spot/google_0035.jpg,Corn___Cercospora_leaf_spot Gray_leaf_spot,fit
plantwild/extracted/plantwild/images/corn gray leaf spot/google_0182.jpg,Corn___Cercospora_leaf_spot Gray_leaf_spot,fit
plantwild/extracted/plantwild/images/corn gray leaf spot/google_0047.jpg,Corn___Cercospora_leaf_spot Gray_leaf_spot,fit
plantwild/extracted/plantwild/images/corn gray leaf spot/google_0385.jpg,Corn___Cercospora_leaf_spot Gray_leaf_spot,fit
plantwild/extracted/plantwild/images/corn gray leaf spot/google_0094.jpg,Corn___Cercospora_leaf_spot Gray_leaf_spot,fit
plantwild/extracted/plantwild/images/corn gray leaf spot/google_0274.jpg,Corn___Cercospora_leaf_spot Gray_leaf_spot,fit
plantwild/extracted/plantwild/images/corn gray leaf spot/google_0186.jpg,Corn___Cercospora_leaf_spot Gray_leaf_spot,fit
plantwild/extracted/plantwild/images/corn gray leaf spot/google_0296.jpg,Corn___Cercospora_leaf_spot Gray_leaf_spot,fit
plantwild/extracted/plantwild/images/corn gray leaf spot/google_0102.jpg,Corn___Cercospora_leaf_spot Gray_leaf_spot,fit
plantwild/extracted/plantwild/images/corn gray leaf spot/google_0189.jpg,Corn___Cercospora_leaf_spot Gray_leaf_spot,fit
plantwild/extracted/plantwild/images/corn gray leaf spot/google_0067.jpg,Corn___Cercospora_leaf_spot Gray_leaf_spot,fit
plantwild/extracted/plantwild/images/corn gray leaf spot/google_0044.jpg,Corn___Cercospora_leaf_spot Gray_leaf_spot,fit
plantwild/extracted/plantwild/images/corn gray leaf spot/2 - Copy.jpg,Corn___Cercospora_leaf_spot Gray_leaf_spot,fit
plantwild/extracted/plantwild/images/corn gray leaf spot/google_0207.jpg,Corn___Cercospora_leaf_spot Gray_leaf_spot,fit
plantwild/extracted/plantwild/images/corn gray leaf spot/google_0068.jpg,Corn___Cercospora_leaf_spot Gray_leaf_spot,fit
plantwild/extracted/plantwild/images/corn gray leaf spot/google_0172.jpg,Corn___Cercospora_leaf_spot Gray_leaf_spot,fit
plantwild/extracted/plantwild/images/corn gray leaf spot/31.jpg,Corn___Cercospora_leaf_spot Gray_leaf_spot,fit
plantwild/extracted/plantwild/images/corn gray leaf spot/google_0001.jpg,Corn___Cercospora_leaf_spot Gray_leaf_spot,fit
plantwild/extracted/plantwild/images/corn gray leaf spot/google_0086.jpg,Corn___Cercospora_leaf_spot Gray_leaf_spot,fit
plantwild/extracted/plantwild/images/corn gray leaf spot/google_0020.jpg,Corn___Cercospora_leaf_spot Gray_leaf_spot,fit
plantwild/extracted/plantwild/images/corn gray leaf spot/google_0165.jpg,Corn___Cercospora_leaf_spot Gray_leaf_spot,fit
plantwild/extracted/plantwild/images/corn gray leaf spot/google_0180.jpg,Corn___Cercospora_leaf_spot Gray_leaf_spot,fit
plantwild/extracted/plantwild/images/corn gray leaf spot/30.jpg,Corn___Cercospora_leaf_spot Gray_leaf_spot,fit
plantwild/extracted/plantwild/images/corn gray leaf spot/google_0024.jpg,Corn___Cercospora_leaf_spot Gray_leaf_spot,fit
plantwild/extracted/plantwild/images/corn gray leaf spot/google_0118.jpg,Corn___Cercospora_leaf_spot Gray_leaf_spot,fit
plantwild/extracted/plantwild/images/corn gray leaf spot/google_0174.jpg,Corn___Cercospora_leaf_spot Gray_leaf_spot,fit
plantwild/extracted/plantwild/images/corn gray leaf spot/google_0000.jpg,Corn___Cercospora_leaf_spot Gray_leaf_spot,fit
plantwild/extracted/plantwild/images/corn gray leaf spot/google_0002.jpg,Corn___Cercospora_leaf_spot Gray_leaf_spot,fit
plantwild/extracted/plantwild/images/corn gray leaf spot/4 - Copy.jpg,Corn___Cercospora_leaf_spot Gray_leaf_spot,fit
plantwild/extracted/plantwild/images/corn gray leaf spot/add (4).jpg,Corn___Cercospora_leaf_spot Gray_leaf_spot,fit
plantwild/extracted/plantwild/images/corn gray leaf spot/google_0198.jpg,Corn___Cercospora_leaf_spot Gray_leaf_spot,fit
plantwild/extracted/plantwild/images/corn gray leaf spot/google_0149.jpg,Corn___Cercospora_leaf_spot Gray_leaf_spot,fit
plantwild/extracted/plantwild/images/corn gray leaf spot/google_0084.jpg,Corn___Cercospora_leaf_spot Gray_leaf_spot,fit
plantwild/extracted/plantwild/images/corn gray leaf spot/51.jpg,Corn___Cercospora_leaf_spot Gray_leaf_spot,fit
plantwild/extracted/plantwild/images/corn gray leaf spot/google_0018.jpg,Corn___Cercospora_leaf_spot Gray_leaf_spot,fit
plantwild/extracted/plantwild/images/corn gray leaf spot/google_0011.jpg,Corn___Cercospora_leaf_spot Gray_leaf_spot,fit
plantwild/extracted/plantwild/images/corn gray leaf spot/google_0010.jpg,Corn___Cercospora_leaf_spot Gray_leaf_spot,fit
plantwild/extracted/plantwild/images/corn gray leaf spot/google_0109.jpg,Corn___Cercospora_leaf_spot Gray_leaf_spot,fit
plantwild/extracted/plantwild/images/corn gray leaf spot/google_0160.jpg,Corn___Cercospora_leaf_spot Gray_leaf_spot,fit
plantwild/extracted/plantwild/images/corn gray leaf spot/google_0104.jpg,Corn___Cercospora_leaf_spot Gray_leaf_spot,fit
plantwild/extracted/plantwild/images/corn gray leaf spot/google_0074.jpg,Corn___Cercospora_leaf_spot Gray_leaf_spot,fit
plantwild/extracted/plantwild/images/corn gray leaf spot/add (7).jpg,Corn___Cercospora_leaf_spot Gray_leaf_spot,fit
plantwild/extracted/plantwild/images/corn gray leaf spot/google_0286.jpg,Corn___Cercospora_leaf_spot Gray_leaf_spot,fit
plantwild/extracted/plantwild/images/corn gray leaf spot/add (9).jpg,Corn___Cercospora_leaf_spot Gray_leaf_spot,fit
plantwild/extracted/plantwild/images/corn gray leaf spot/google_0175.jpg,Corn___Cercospora_leaf_spot Gray_leaf_spot,fit
plantwild/extracted/plantwild/images/corn gray leaf spot/google_0173.jpg,Corn___Cercospora_leaf_spot Gray_leaf_spot,fit
plantwild/extracted/plantwild/images/corn gray leaf spot/26 - Copy.jpg,Corn___Cercospora_leaf_spot Gray_leaf_spot,fit
plantwild/extracted/plantwild/images/corn gray leaf spot/6.jpg,Corn___Cercospora_leaf_spot Gray_leaf_spot,fit
plantwild/extracted/plantwild/images/corn gray leaf spot/google_0081.jpg,Corn___Cercospora_leaf_spot Gray_leaf_spot,fit
plantwild/extracted/plantwild/images/corn gray leaf spot/google_0258.jpg,Corn___Cercospora_leaf_spot Gray_leaf_spot,fit
plantwild/extracted/plantwild/images/corn gray leaf spot/google_0155.jpg,Corn___Cercospora_leaf_spot Gray_leaf_spot,fit
plantwild/extracted/plantwild/images/corn gray leaf spot/google_0143.jpg,Corn___Cercospora_leaf_spot Gray_leaf_spot,fit
plantwild/extracted/plantwild/images/corn gray leaf spot/38.jpg,Corn___Cercospora_leaf_spot Gray_leaf_spot,fit
plantwild/extracted/plantwild/images/corn gray leaf spot/google_0136.jpg,Corn___Cercospora_leaf_spot Gray_leaf_spot,fit
plantwild/extracted/plantwild/images/corn gray leaf spot/google_0105.jpg,Corn___Cercospora_leaf_spot Gray_leaf_spot,fit
plantwild/extracted/plantwild/images/corn gray leaf spot/google_0162.jpg,Corn___Cercospora_leaf_spot Gray_leaf_spot,fit
plantwild/extracted/plantwild/images/corn gray leaf spot/google_0133.jpg,Corn___Cercospora_leaf_spot Gray_leaf_spot,fit
plantwild/extracted/plantwild/images/corn gray leaf spot/add (8).jpg,Corn___Cercospora_leaf_spot Gray_leaf_spot,fit
plantwild/extracted/plantwild/images/corn gray leaf spot/google_0176.jpg,Corn___Cercospora_leaf_spot Gray_leaf_spot,fit
plantwild/extracted/plantwild/images/corn gray leaf spot/68.jpg,Corn___Cercospora_leaf_spot Gray_leaf_spot,fit
plantwild/extracted/plantwild/images/corn gray leaf spot/70 - Copy (2).jpg,Corn___Cercospora_leaf_spot Gray_leaf_spot,fit
plantwild/extracted/plantwild/images/corn gray leaf spot/google_0100.jpg,Corn___Cercospora_leaf_spot Gray_leaf_spot,fit
plantwild/extracted/plantwild/images/corn gray leaf spot/google_0049.jpg,Corn___Cercospora_leaf_spot Gray_leaf_spot,fit
plantwild/extracted/plantwild/images/corn gray leaf spot/google_0199.jpg,Corn___Cercospora_leaf_spot Gray_leaf_spot,fit
plantwild/extracted/plantwild/images/corn gray leaf spot/google_0206.jpg,Corn___Cercospora_leaf_spot Gray_leaf_spot,fit
plantwild/extracted/plantwild/images/corn gray leaf spot/google_0197.jpg,Corn___Cercospora_leaf_spot Gray_leaf_spot,fit
plantwild/extracted/plantwild/images/corn gray leaf spot/google_0145.jpg,Corn___Cercospora_leaf_spot Gray_leaf_spot,fit
plantwild/extracted/plantwild/images/corn gray leaf spot/google_0006.jpg,Corn___Cercospora_leaf_spot Gray_leaf_spot,fit
plantwild/extracted/plantwild/images/corn gray leaf spot/google_0053.jpg,Corn___Cercospora_leaf_spot Gray_leaf_spot,fit
plantwild/extracted/plantwild/images/corn gray leaf spot/google_0097.jpg,Corn___Cercospora_leaf_spot Gray_leaf_spot,fit
plantwild/extracted/plantwild/images/corn gray leaf spot/google_0139.jpg,Corn___Cercospora_leaf_spot Gray_leaf_spot,fit
plantwild/extracted/plantwild/images/corn gray leaf spot/google_0293.jpg,Corn___Cercospora_leaf_spot Gray_leaf_spot,fit
plantwild/extracted/plantwild/images/corn gray leaf spot/google_0089.jpg,Corn___Cercospora_leaf_spot Gray_leaf_spot,fit
plantwild/extracted/plantwild/images/corn gray leaf spot/google_0134.jpg,Corn___Cercospora_leaf_spot Gray_leaf_spot,fit
plantwild/extracted/plantwild/images/corn gray leaf spot/google_0270.jpg,Corn___Cercospora_leaf_spot Gray_leaf_spot,fit
plantwild/extracted/plantwild/images/corn gray leaf spot/google_0007.jpg,Corn___Cercospora_leaf_spot Gray_leaf_spot,fit
plantwild/extracted/plantwild/images/corn gray leaf spot/google_0048.jpg,Corn___Cercospora_leaf_spot Gray_leaf_spot,fit
plantwild/extracted/plantwild/images/corn gray leaf spot/google_0244.jpg,Corn___Cercospora_leaf_spot Gray_leaf_spot,fit
plantwild/extracted/plantwild/images/corn gray leaf spot/34.jpg,Corn___Cercospora_leaf_spot Gray_leaf_spot,fit
plantwild/extracted/plantwild/images/corn gray leaf spot/google_0041.jpg,Corn___Cercospora_leaf_spot Gray_leaf_spot,fit
plantwild/extracted/plantwild/images/corn gray leaf spot/google_0072.jpg,Corn___Cercospora_leaf_spot Gray_leaf_spot,fit
plantwild/extracted/plantwild/images/corn gray leaf spot/add (1).jpg,Corn___Cercospora_leaf_spot Gray_leaf_spot,fit
plantwild/extracted/plantwild/images/corn gray leaf spot/google_0313.jpg,Corn___Cercospora_leaf_spot Gray_leaf_spot,fit
plantwild/extracted/plantwild/images/corn gray leaf spot/google_0101.jpg,Corn___Cercospora_leaf_spot Gray_leaf_spot,fit
plantwild/extracted/plantwild/images/corn gray leaf spot/google_0117.jpg,Corn___Cercospora_leaf_spot Gray_leaf_spot,fit
plantwild/extracted/plantwild/images/corn gray leaf spot/google_0123.jpg,Corn___Cercospora_leaf_spot Gray_leaf_spot,fit
plantwild/extracted/plantwild/images/corn gray leaf spot/99.jpg,Corn___Cercospora_leaf_spot Gray_leaf_spot,fit
plantwild/extracted/plantwild/images/corn gray leaf spot/google_0060.jpg,Corn___Cercospora_leaf_spot Gray_leaf_spot,fit
plantwild/extracted/plantwild/images/corn gray leaf spot/google_0057.jpg,Corn___Cercospora_leaf_spot Gray_leaf_spot,fit
plantwild/extracted/plantwild/images/corn gray leaf spot/google_0140.jpg,Corn___Cercospora_leaf_spot Gray_leaf_spot,fit
plantwild/extracted/plantwild/images/corn gray leaf spot/google_0337.jpg,Corn___Cercospora_leaf_spot Gray_leaf_spot,fit
plantwild/extracted/plantwild/images/corn gray leaf spot/google_0246.jpg,Corn___Cercospora_leaf_spot Gray_leaf_spot,fit
plantwild/extracted/plantwild/images/corn gray leaf spot/google_0038.jpg,Corn___Cercospora_leaf_spot Gray_leaf_spot,fit
plantwild/extracted/plantwild/images/corn gray leaf spot/google_0045.jpg,Corn___Cercospora_leaf_spot Gray_leaf_spot,fit
plantwild/extracted/plantwild/images/corn gray leaf spot/google_0055.jpg,Corn___Cercospora_leaf_spot Gray_leaf_spot,fit
plantwild/extracted/plantwild/images/corn gray leaf spot/45.jpg,Corn___Cercospora_leaf_spot Gray_leaf_spot,fit
plantwild/extracted/plantwild/images/corn gray leaf spot/add (2).jpg,Corn___Cercospora_leaf_spot Gray_leaf_spot,fit
plantwild/extracted/plantwild/images/corn gray leaf spot/17.jpg,Corn___Cercospora_leaf_spot Gray_leaf_spot,fit
plantwild/extracted/plantwild/images/corn gray leaf spot/google_0064.jpg,Corn___Cercospora_leaf_spot Gray_leaf_spot,fit
plantwild/extracted/plantwild/images/corn gray leaf spot/add (3).jpg,Corn___Cercospora_leaf_spot Gray_leaf_spot,fit
plantwild/extracted/plantwild/images/corn gray leaf spot/100.jpg,Corn___Cercospora_leaf_spot Gray_leaf_spot,fit
plantwild/extracted/plantwild/images/corn gray leaf spot/google_0150.jpg,Corn___Cercospora_leaf_spot Gray_leaf_spot,fit
plantwild/extracted/plantwild/images/corn gray leaf spot/5.jpg,Corn___Cercospora_leaf_spot Gray_leaf_spot,fit
plantwild/extracted/plantwild/images/corn gray leaf spot/google_0214.jpg,Corn___Cercospora_leaf_spot Gray_leaf_spot,fit
plantwild/extracted/plantwild/images/corn gray leaf spot/google_0144.jpg,Corn___Cercospora_leaf_spot Gray_leaf_spot,fit
plantwild/extracted/plantwild/images/corn gray leaf spot/20.jpg,Corn___Cercospora_leaf_spot Gray_leaf_spot,fit
plantwild/extracted/plantwild/images/corn gray leaf spot/google_0190.jpg,Corn___Cercospora_leaf_spot Gray_leaf_spot,fit
plantwild/extracted/plantwild/images/corn gray leaf spot/google_0063.jpg,Corn___Cercospora_leaf_spot Gray_leaf_spot,fit
plantwild/extracted/plantwild/images/corn gray leaf spot/13.jpg,Corn___Cercospora_leaf_spot Gray_leaf_spot,fit
plantwild/extracted/plantwild/images/corn gray leaf spot/google_0169.jpg,Corn___Cercospora_leaf_spot Gray_leaf_spot,fit
plantwild/extracted/plantwild/images/corn gray leaf spot/google_0108.jpg,Corn___Cercospora_leaf_spot Gray_leaf_spot,fit
plantwild/extracted/plantwild/images/corn gray leaf spot/google_0127.jpg,Corn___Cercospora_leaf_spot Gray_leaf_spot,fit
plantwild/extracted/plantwild/images/corn gray leaf spot/3.jpg,Corn___Cercospora_leaf_spot Gray_leaf_spot,fit
plantwild/extracted/plantwild/images/corn gray leaf spot/google_0054.jpg,Corn___Cercospora_leaf_spot Gray_leaf_spot,fit
plantwild/extracted/plantwild/images/corn gray leaf spot/google_0119.jpg,Corn___Cercospora_leaf_spot Gray_leaf_spot,fit
plantwild/extracted/plantwild/images/corn gray leaf spot/google_0373.jpg,Corn___Cercospora_leaf_spot Gray_leaf_spot,fit
plantwild/extracted/plantwild/images/corn gray leaf spot/add (5).jpg,Corn___Cercospora_leaf_spot Gray_leaf_spot,fit
plantwild/extracted/plantwild/images/corn gray leaf spot/google_0257.jpg,Corn___Cercospora_leaf_spot Gray_leaf_spot,fit
plantwild/extracted/plantwild/images/corn gray leaf spot/google_0142.jpg,Corn___Cercospora_leaf_spot Gray_leaf_spot,fit
plantwild/extracted/plantwild/images/corn gray leaf spot/google_0051.jpg,Corn___Cercospora_leaf_spot Gray_leaf_spot,fit
plantwild/extracted/plantwild/images/corn gray leaf spot/1.jpg,Corn___Cercospora_leaf_spot Gray_leaf_spot,fit
plantwild/extracted/plantwild/images/corn gray leaf spot/google_0079.jpg,Corn___Cercospora_leaf_spot Gray_leaf_spot,fit
plantwild/extracted/plantwild/images/corn gray leaf spot/google_0028.jpg,Corn___Cercospora_leaf_spot Gray_leaf_spot,fit
plantwild/extracted/plantwild/images/corn gray leaf spot/61 - Copy.jpg,Corn___Cercospora_leaf_spot Gray_leaf_spot,fit
plantwild/extracted/plantwild/images/corn gray leaf spot/google_0157.jpg,Corn___Cercospora_leaf_spot Gray_leaf_spot,fit
plantwild/extracted/plantwild/images/corn gray leaf spot/google_0141.jpg,Corn___Cercospora_leaf_spot Gray_leaf_spot,fit
plantwild/extracted/plantwild/images/corn gray leaf spot/google_0300.jpg,Corn___Cercospora_leaf_spot Gray_leaf_spot,fit
plantwild/extracted/plantwild/images/corn rust/38.jpg,Corn___Common_rust,fit
plantwild/extracted/plantwild/images/corn rust/google_0027.jpg,Corn___Common_rust,fit
plantwild/extracted/plantwild/images/corn rust/54.jpg,Corn___Common_rust,fit
plantwild/extracted/plantwild/images/corn rust/google_0160.jpg,Corn___Common_rust,fit
plantwild/extracted/plantwild/images/corn rust/google_0181.jpg,Corn___Common_rust,fit
plantwild/extracted/plantwild/images/corn rust/21.jpg,Corn___Common_rust,fit
plantwild/extracted/plantwild/images/corn rust/google_0166.jpg,Corn___Common_rust,fit
plantwild/extracted/plantwild/images/corn rust/google_0017.jpg,Corn___Common_rust,fit
plantwild/extracted/plantwild/images/corn rust/google_0006.jpg,Corn___Common_rust,fit
plantwild/extracted/plantwild/images/corn rust/13.jpg,Corn___Common_rust,fit
plantwild/extracted/plantwild/images/corn rust/94.jpg,Corn___Common_rust,fit
plantwild/extracted/plantwild/images/corn rust/google_0112.jpg,Corn___Common_rust,fit
plantwild/extracted/plantwild/images/corn rust/google_0155.jpg,Corn___Common_rust,fit
plantwild/extracted/plantwild/images/corn rust/google_0224.jpg,Corn___Common_rust,fit
plantwild/extracted/plantwild/images/corn rust/7.jpg,Corn___Common_rust,fit
plantwild/extracted/plantwild/images/corn rust/google_0096.jpg,Corn___Common_rust,fit
plantwild/extracted/plantwild/images/corn rust/60.jpg,Corn___Common_rust,fit
plantwild/extracted/plantwild/images/corn rust/google_0173.jpg,Corn___Common_rust,fit
plantwild/extracted/plantwild/images/corn rust/58.jpg,Corn___Common_rust,fit
plantwild/extracted/plantwild/images/corn rust/google_0029.jpg,Corn___Common_rust,fit
plantwild/extracted/plantwild/images/corn rust/10.jpg,Corn___Common_rust,fit
plantwild/extracted/plantwild/images/corn rust/google_0078.jpg,Corn___Common_rust,fit
plantwild/extracted/plantwild/images/corn rust/google_0067.jpg,Corn___Common_rust,fit
plantwild/extracted/plantwild/images/corn rust/google_0196.jpg,Corn___Common_rust,fit
plantwild/extracted/plantwild/images/corn rust/google_0011.jpg,Corn___Common_rust,fit
plantwild/extracted/plantwild/images/corn rust/google_0132.jpg,Corn___Common_rust,fit
plantwild/extracted/plantwild/images/corn rust/google_0034.jpg,Corn___Common_rust,fit
plantwild/extracted/plantwild/images/corn rust/google_0016.jpg,Corn___Common_rust,fit
plantwild/extracted/plantwild/images/corn rust/100.jpg,Corn___Common_rust,fit
plantwild/extracted/plantwild/images/corn rust/1.jpg,Corn___Common_rust,fit
plantwild/extracted/plantwild/images/corn rust/google_0053.jpg,Corn___Common_rust,fit
plantwild/extracted/plantwild/images/corn rust/google_0018.jpg,Corn___Common_rust,fit
plantwild/extracted/plantwild/images/corn rust/google_0086.jpg,Corn___Common_rust,fit
plantwild/extracted/plantwild/images/corn rust/google_0165.jpg,Corn___Common_rust,fit
plantwild/extracted/plantwild/images/corn rust/google_0039.jpg,Corn___Common_rust,fit
plantwild/extracted/plantwild/images/corn rust/92.jpg,Corn___Common_rust,fit
plantwild/extracted/plantwild/images/corn rust/google_0058.jpg,Corn___Common_rust,fit
plantwild/extracted/plantwild/images/corn rust/20.jpg,Corn___Common_rust,fit
plantwild/extracted/plantwild/images/corn rust/72.jpg,Corn___Common_rust,fit
plantwild/extracted/plantwild/images/corn rust/45.jpg,Corn___Common_rust,fit
plantwild/extracted/plantwild/images/corn rust/google_0087.jpg,Corn___Common_rust,fit
plantwild/extracted/plantwild/images/corn rust/google_0177.jpg,Corn___Common_rust,fit
plantwild/extracted/plantwild/images/corn rust/59.jpg,Corn___Common_rust,fit
plantwild/extracted/plantwild/images/corn rust/90.jpg,Corn___Common_rust,fit
plantwild/extracted/plantwild/images/corn rust/google_0207.jpg,Corn___Common_rust,fit
plantwild/extracted/plantwild/images/corn rust/35.jpg,Corn___Common_rust,fit
plantwild/extracted/plantwild/images/corn rust/google_0172.jpg,Corn___Common_rust,fit
plantwild/extracted/plantwild/images/corn rust/google_0048.jpg,Corn___Common_rust,fit
plantwild/extracted/plantwild/images/corn rust/google_0161.jpg,Corn___Common_rust,fit
plantwild/extracted/plantwild/images/corn rust/google_0127.jpg,Corn___Common_rust,fit
plantwild/extracted/plantwild/images/corn rust/63.jpg,Corn___Common_rust,fit
plantwild/extracted/plantwild/images/corn rust/39.jpg,Corn___Common_rust,fit
plantwild/extracted/plantwild/images/corn rust/29.jpg,Corn___Common_rust,fit
plantwild/extracted/plantwild/images/corn rust/google_0020.jpg,Corn___Common_rust,fit
plantwild/extracted/plantwild/images/corn rust/google_0190.jpg,Corn___Common_rust,fit
plantwild/extracted/plantwild/images/corn rust/27.jpg,Corn___Common_rust,fit
plantwild/extracted/plantwild/images/corn rust/google_0182.jpg,Corn___Common_rust,fit
plantwild/extracted/plantwild/images/corn rust/google_0140.jpg,Corn___Common_rust,fit
plantwild/extracted/plantwild/images/corn rust/google_0035.jpg,Corn___Common_rust,fit
plantwild/extracted/plantwild/images/corn rust/google_0109.jpg,Corn___Common_rust,fit
plantwild/extracted/plantwild/images/corn rust/34.jpg,Corn___Common_rust,fit
plantwild/extracted/plantwild/images/corn rust/57.jpg,Corn___Common_rust,fit
plantwild/extracted/plantwild/images/corn rust/17.jpg,Corn___Common_rust,fit
plantwild/extracted/plantwild/images/corn rust/97.jpg,Corn___Common_rust,fit
plantwild/extracted/plantwild/images/corn rust/google_0124.jpg,Corn___Common_rust,fit
plantwild/extracted/plantwild/images/corn rust/google_0170.jpg,Corn___Common_rust,fit
plantwild/extracted/plantwild/images/corn rust/google_0125.jpg,Corn___Common_rust,fit
plantwild/extracted/plantwild/images/corn rust/google_0079.jpg,Corn___Common_rust,fit
plantwild/extracted/plantwild/images/corn rust/google_0012.jpg,Corn___Common_rust,fit
plantwild/extracted/plantwild/images/corn rust/google_0205.jpg,Corn___Common_rust,fit
plantwild/extracted/plantwild/images/corn rust/67.jpg,Corn___Common_rust,fit
plantwild/extracted/plantwild/images/corn rust/96.jpg,Corn___Common_rust,fit
plantwild/extracted/plantwild/images/corn rust/98.jpg,Corn___Common_rust,fit
plantwild/extracted/plantwild/images/corn rust/64.jpg,Corn___Common_rust,fit
plantwild/extracted/plantwild/images/corn rust/google_0180.jpg,Corn___Common_rust,fit
plantwild/extracted/plantwild/images/corn rust/16.jpg,Corn___Common_rust,fit
plantwild/extracted/plantwild/images/corn rust/18.jpg,Corn___Common_rust,fit
plantwild/extracted/plantwild/images/corn rust/66.jpg,Corn___Common_rust,fit
plantwild/extracted/plantwild/images/corn rust/google_0197.jpg,Corn___Common_rust,fit
plantwild/extracted/plantwild/images/corn rust/google_0142.jpg,Corn___Common_rust,fit
plantwild/extracted/plantwild/images/corn rust/google_0059.jpg,Corn___Common_rust,fit
plantwild/extracted/plantwild/images/corn rust/69.jpg,Corn___Common_rust,fit
plantwild/extracted/plantwild/images/corn rust/google_0031.jpg,Corn___Common_rust,fit
plantwild/extracted/plantwild/images/corn rust/google_0005.jpg,Corn___Common_rust,fit
plantwild/extracted/plantwild/images/corn rust/46.jpg,Corn___Common_rust,fit
plantwild/extracted/plantwild/images/corn rust/76.jpg,Corn___Common_rust,fit
plantwild/extracted/plantwild/images/corn rust/google_0084.jpg,Corn___Common_rust,fit
plantwild/extracted/plantwild/images/corn rust/google_0191.jpg,Corn___Common_rust,fit
plantwild/extracted/plantwild/images/corn rust/google_0008.jpg,Corn___Common_rust,fit
plantwild/extracted/plantwild/images/corn rust/google_0040.jpg,Corn___Common_rust,fit
plantwild/extracted/plantwild/images/corn rust/google_0015.jpg,Corn___Common_rust,fit
plantwild/extracted/plantwild/images/corn rust/61.jpg,Corn___Common_rust,fit
plantwild/extracted/plantwild/images/corn rust/google_0003.jpg,Corn___Common_rust,fit
plantwild/extracted/plantwild/images/corn rust/37.jpg,Corn___Common_rust,fit
plantwild/extracted/plantwild/images/corn rust/89.jpg,Corn___Common_rust,fit
plantwild/extracted/plantwild/images/corn rust/google_0174.jpg,Corn___Common_rust,fit
plantwild/extracted/plantwild/images/corn rust/google_0162.jpg,Corn___Common_rust,fit
plantwild/extracted/plantwild/images/corn rust/google_0146.jpg,Corn___Common_rust,fit
plantwild/extracted/plantwild/images/corn rust/google_0092.jpg,Corn___Common_rust,fit
plantwild/extracted/plantwild/images/corn rust/19.jpg,Corn___Common_rust,fit
plantwild/extracted/plantwild/images/corn rust/12.jpg,Corn___Common_rust,fit
plantwild/extracted/plantwild/images/corn rust/14.jpg,Corn___Common_rust,fit
plantwild/extracted/plantwild/images/corn rust/google_0063.jpg,Corn___Common_rust,fit
plantwild/extracted/plantwild/images/corn rust/52.jpg,Corn___Common_rust,fit
plantwild/extracted/plantwild/images/corn rust/google_0097.jpg,Corn___Common_rust,fit
plantwild/extracted/plantwild/images/corn rust/google_0107.jpg,Corn___Common_rust,fit
plantwild/extracted/plantwild/images/corn rust/google_0094.jpg,Corn___Common_rust,fit
plantwild/extracted/plantwild/images/corn rust/9.jpg,Corn___Common_rust,fit
plantwild/extracted/plantwild/images/corn rust/google_0021.jpg,Corn___Common_rust,fit
plantwild/extracted/plantwild/images/corn rust/google_0212.jpg,Corn___Common_rust,fit
plantwild/extracted/plantwild/images/corn rust/google_0131.jpg,Corn___Common_rust,fit
plantwild/extracted/plantwild/images/corn rust/81.jpg,Corn___Common_rust,fit
plantwild/extracted/plantwild/images/corn rust/32.jpg,Corn___Common_rust,fit
plantwild/extracted/plantwild/images/corn rust/google_0050.jpg,Corn___Common_rust,fit
plantwild/extracted/plantwild/images/corn rust/71.jpg,Corn___Common_rust,fit
plantwild/extracted/plantwild/images/corn rust/2.jpg,Corn___Common_rust,fit
plantwild/extracted/plantwild/images/corn rust/75.jpg,Corn___Common_rust,fit
plantwild/extracted/plantwild/images/corn rust/84.jpg,Corn___Common_rust,fit
plantwild/extracted/plantwild/images/corn rust/47.jpg,Corn___Common_rust,fit
plantwild/extracted/plantwild/images/corn rust/google_0202.jpg,Corn___Common_rust,fit
plantwild/extracted/plantwild/images/corn rust/google_0095.jpg,Corn___Common_rust,fit
plantwild/extracted/plantwild/images/corn rust/google_0113.jpg,Corn___Common_rust,fit
plantwild/extracted/plantwild/images/corn rust/77.jpg,Corn___Common_rust,fit
plantwild/extracted/plantwild/images/corn rust/google_0091.jpg,Corn___Common_rust,fit
plantwild/extracted/plantwild/images/corn rust/google_0080.jpg,Corn___Common_rust,fit
plantwild/extracted/plantwild/images/corn rust/36.jpg,Corn___Common_rust,fit
plantwild/extracted/plantwild/images/corn rust/google_0071.jpg,Corn___Common_rust,fit
plantwild/extracted/plantwild/images/corn rust/31.jpg,Corn___Common_rust,fit
plantwild/extracted/plantwild/images/corn rust/79.jpg,Corn___Common_rust,fit
plantwild/extracted/plantwild/images/corn rust/google_0072.jpg,Corn___Common_rust,fit
plantwild/extracted/plantwild/images/corn rust/google_0117.jpg,Corn___Common_rust,fit
plantwild/extracted/plantwild/images/corn rust/88.jpg,Corn___Common_rust,fit
plantwild/extracted/plantwild/images/corn rust/50.jpg,Corn___Common_rust,fit
plantwild/extracted/plantwild/images/corn rust/51.jpg,Corn___Common_rust,fit
plantwild/extracted/plantwild/images/corn rust/83.jpg,Corn___Common_rust,fit
plantwild/extracted/plantwild/images/corn rust/48.jpg,Corn___Common_rust,fit
plantwild/extracted/plantwild/images/corn rust/google_0104.jpg,Corn___Common_rust,fit
plantwild/extracted/plantwild/images/corn rust/google_0115.jpg,Corn___Common_rust,fit
plantwild/extracted/plantwild/images/corn rust/22.jpg,Corn___Common_rust,fit
plantwild/extracted/plantwild/images/corn rust/google_0046.jpg,Corn___Common_rust,fit
plantwild/extracted/plantwild/images/corn rust/google_0019.jpg,Corn___Common_rust,fit
plantwild/extracted/plantwild/images/corn rust/google_0168.jpg,Corn___Common_rust,fit
plantwild/extracted/plantwild/images/corn rust/55.jpg,Corn___Common_rust,fit
plantwild/extracted/plantwild/images/corn rust/google_0100.jpg,Corn___Common_rust,fit
plantwild/extracted/plantwild/images/corn rust/google_0081.jpg,Corn___Common_rust,fit
plantwild/extracted/plantwild/images/corn rust/google_0139.jpg,Corn___Common_rust,fit
plantwild/extracted/plantwild/images/corn rust/google_0179.jpg,Corn___Common_rust,fit
plantwild/extracted/plantwild/images/corn rust/google_0101.jpg,Corn___Common_rust,fit
plantwild/extracted/plantwild/images/corn rust/google_0152.jpg,Corn___Common_rust,fit
plantwild/extracted/plantwild/images/corn rust/google_0082.jpg,Corn___Common_rust,fit
plantwild/extracted/plantwild/images/corn rust/google_0141.jpg,Corn___Common_rust,fit
plantwild/extracted/plantwild/images/corn rust/41.jpg,Corn___Common_rust,fit
plantwild/extracted/plantwild/images/corn rust/google_0153.jpg,Corn___Common_rust,fit
plantwild/extracted/plantwild/images/corn rust/google_0077.jpg,Corn___Common_rust,fit
plantwild/extracted/plantwild/images/corn rust/google_0013.jpg,Corn___Common_rust,fit
plantwild/extracted/plantwild/images/corn rust/google_0014.jpg,Corn___Common_rust,fit
plantwild/extracted/plantwild/images/corn rust/google_0056.jpg,Corn___Common_rust,fit
plantwild/extracted/plantwild/images/corn rust/google_0037.jpg,Corn___Common_rust,fit
plantwild/extracted/plantwild/images/corn rust/google_0203.jpg,Corn___Common_rust,fit
plantwild/extracted/plantwild/images/corn rust/85.jpg,Corn___Common_rust,fit
plantwild/extracted/plantwild/images/corn rust/google_0134.jpg,Corn___Common_rust,fit
plantwild/extracted/plantwild/images/corn rust/google_0214.jpg,Corn___Common_rust,fit
plantwild/extracted/plantwild/images/corn rust/google_0163.jpg,Corn___Common_rust,fit
plantwild/extracted/plantwild/images/corn rust/42.jpg,Corn___Common_rust,fit
plantwild/extracted/plantwild/images/corn rust/google_0105.jpg,Corn___Common_rust,fit
plantwild/extracted/plantwild/images/corn rust/google_0032.jpg,Corn___Common_rust,fit
plantwild/extracted/plantwild/images/corn northern leaf blight/1 - Copy.jpg,Corn___Northern_Leaf_Blight,fit
plantwild/extracted/plantwild/images/corn northern leaf blight/google_0012.jpg,Corn___Northern_Leaf_Blight,fit
plantwild/extracted/plantwild/images/corn northern leaf blight/google_0018.jpg,Corn___Northern_Leaf_Blight,fit
plantwild/extracted/plantwild/images/corn northern leaf blight/78.jpg,Corn___Northern_Leaf_Blight,fit
plantwild/extracted/plantwild/images/corn northern leaf blight/google_0076.jpg,Corn___Northern_Leaf_Blight,fit
plantwild/extracted/plantwild/images/corn northern leaf blight/80.jpg,Corn___Northern_Leaf_Blight,fit
plantwild/extracted/plantwild/images/corn northern leaf blight/google_0099.jpg,Corn___Northern_Leaf_Blight,fit
plantwild/extracted/plantwild/images/corn northern leaf blight/google_0034.jpg,Corn___Northern_Leaf_Blight,fit
plantwild/extracted/plantwild/images/corn northern leaf blight/google_0003.jpg,Corn___Northern_Leaf_Blight,fit
plantwild/extracted/plantwild/images/corn northern leaf blight/google_0001.jpg,Corn___Northern_Leaf_Blight,fit
plantwild/extracted/plantwild/images/corn northern leaf blight/31.jpg,Corn___Northern_Leaf_Blight,fit
plantwild/extracted/plantwild/images/corn northern leaf blight/2.jpg,Corn___Northern_Leaf_Blight,fit
plantwild/extracted/plantwild/images/corn northern leaf blight/2 - Copy (2).jpg,Corn___Northern_Leaf_Blight,fit
plantwild/extracted/plantwild/images/corn northern leaf blight/google_0024.jpg,Corn___Northern_Leaf_Blight,fit
plantwild/extracted/plantwild/images/corn northern leaf blight/google_0023.jpg,Corn___Northern_Leaf_Blight,fit
plantwild/extracted/plantwild/images/corn northern leaf blight/66.jpg,Corn___Northern_Leaf_Blight,fit
plantwild/extracted/plantwild/images/corn northern leaf blight/google_0098.jpg,Corn___Northern_Leaf_Blight,fit
plantwild/extracted/plantwild/images/corn northern leaf blight/google_0022.jpg,Corn___Northern_Leaf_Blight,fit
plantwild/extracted/plantwild/images/corn northern leaf blight/google_0002.jpg,Corn___Northern_Leaf_Blight,fit
plantwild/extracted/plantwild/images/corn northern leaf blight/82.jpg,Corn___Northern_Leaf_Blight,fit
plantwild/extracted/plantwild/images/corn northern leaf blight/google_0065.jpg,Corn___Northern_Leaf_Blight,fit
plantwild/extracted/plantwild/images/corn northern leaf blight/google_0043.jpg,Corn___Northern_Leaf_Blight,fit
plantwild/extracted/plantwild/images/corn northern leaf blight/7.jpg,Corn___Northern_Leaf_Blight,fit
plantwild/extracted/plantwild/images/corn northern leaf blight/add (23).jpg,Corn___Northern_Leaf_Blight,fit
plantwild/extracted/plantwild/images/corn northern leaf blight/1 - Copy (3).jpg,Corn___Northern_Leaf_Blight,fit
plantwild/extracted/plantwild/images/corn northern leaf blight/add (13).jpg,Corn___Northern_Leaf_Blight,fit
plantwild/extracted/plantwild/images/corn northern leaf blight/24.jpg,Corn___Northern_Leaf_Blight,fit
plantwild/extracted/plantwild/images/corn northern leaf blight/70 - Copy (3).jpg,Corn___Northern_Leaf_Blight,fit
plantwild/extracted/plantwild/images/corn northern leaf blight/104.jpg,Corn___Northern_Leaf_Blight,fit
plantwild/extracted/plantwild/images/corn northern leaf blight/59.jpg,Corn___Northern_Leaf_Blight,fit
plantwild/extracted/plantwild/images/corn northern leaf blight/70 - Copy.jpg,Corn___Northern_Leaf_Blight,fit
plantwild/extracted/plantwild/images/corn northern leaf blight/86 - Copy (2).jpg,Corn___Northern_Leaf_Blight,fit
plantwild/extracted/plantwild/images/corn northern leaf blight/55.jpg,Corn___Northern_Leaf_Blight,fit
plantwild/extracted/plantwild/images/corn northern leaf blight/google_0064.jpg,Corn___Northern_Leaf_Blight,fit
plantwild/extracted/plantwild/images/corn northern leaf blight/20.jpg,Corn___Northern_Leaf_Blight,fit
plantwild/extracted/plantwild/images/corn northern leaf blight/87.jpg,Corn___Northern_Leaf_Blight,fit
plantwild/extracted/plantwild/images/corn northern leaf blight/14.jpg,Corn___Northern_Leaf_Blight,fit
plantwild/extracted/plantwild/images/corn northern leaf blight/add (19).jpg,Corn___Northern_Leaf_Blight,fit
plantwild/extracted/plantwild/images/corn northern leaf blight/5.jpg,Corn___Northern_Leaf_Blight,fit
plantwild/extracted/plantwild/images/corn northern leaf blight/53.jpg,Corn___Northern_Leaf_Blight,fit
plantwild/extracted/plantwild/images/corn northern leaf blight/add (3).jpg,Corn___Northern_Leaf_Blight,fit
plantwild/extracted/plantwild/images/corn northern leaf blight/google_0094.jpg,Corn___Northern_Leaf_Blight,fit
plantwild/extracted/plantwild/images/corn northern leaf blight/1 - Copy (2).jpg,Corn___Northern_Leaf_Blight,fit
plantwild/extracted/plantwild/images/corn northern leaf blight/google_0114.jpg,Corn___Northern_Leaf_Blight,fit
plantwild/extracted/plantwild/images/corn northern leaf blight/google_0149.jpg,Corn___Northern_Leaf_Blight,fit
plantwild/extracted/plantwild/images/corn northern leaf blight/90 - Copy.jpg,Corn___Northern_Leaf_Blight,fit
plantwild/extracted/plantwild/images/corn northern leaf blight/google_0126.jpg,Corn___Northern_Leaf_Blight,fit
plantwild/extracted/plantwild/images/corn northern leaf blight/add (7).jpg,Corn___Northern_Leaf_Blight,fit
plantwild/extracted/plantwild/images/corn northern leaf blight/22.jpg,Corn___Northern_Leaf_Blight,fit
plantwild/extracted/plantwild/images/corn northern leaf blight/google_0113.jpg,Corn___Northern_Leaf_Blight,fit
plantwild/extracted/plantwild/images/corn northern leaf blight/google_0073.jpg,Corn___Northern_Leaf_Blight,fit
plantwild/extracted/plantwild/images/corn northern leaf blight/61.jpg,Corn___Northern_Leaf_Blight,fit
plantwild/extracted/plantwild/images/corn northern leaf blight/58.jpg,Corn___Northern_Leaf_Blight,fit
plantwild/extracted/plantwild/images/corn northern leaf blight/add (11).jpg,Corn___Northern_Leaf_Blight,fit
plantwild/extracted/plantwild/images/corn northern leaf blight/17.jpg,Corn___Northern_Leaf_Blight,fit
plantwild/extracted/plantwild/images/corn northern leaf blight/google_0088.jpg,Corn___Northern_Leaf_Blight,fit
plantwild/extracted/plantwild/images/corn northern leaf blight/46.jpg,Corn___Northern_Leaf_Blight,fit
plantwild/extracted/plantwild/images/corn northern leaf blight/1.jpg,Corn___Northern_Leaf_Blight,fit
plantwild/extracted/plantwild/images/corn northern leaf blight/64.jpg,Corn___Northern_Leaf_Blight,fit
plantwild/extracted/plantwild/images/corn northern leaf blight/google_0078.jpg,Corn___Northern_Leaf_Blight,fit
plantwild/extracted/plantwild/images/corn northern leaf blight/google_0060.jpg,Corn___Northern_Leaf_Blight,fit
plantwild/extracted/plantwild/images/corn northern leaf blight/50.jpg,Corn___Northern_Leaf_Blight,fit
plantwild/extracted/plantwild/images/corn northern leaf blight/42.jpg,Corn___Northern_Leaf_Blight,fit
plantwild/extracted/plantwild/images/corn northern leaf blight/google_0040.jpg,Corn___Northern_Leaf_Blight,fit
plantwild/extracted/plantwild/images/corn northern leaf blight/2 - Copy (3).jpg,Corn___Northern_Leaf_Blight,fit
plantwild/extracted/plantwild/images/corn northern leaf blight/71.jpg,Corn___Northern_Leaf_Blight,fit
plantwild/extracted/plantwild/images/corn northern leaf blight/37.jpg,Corn___Northern_Leaf_Blight,fit
plantwild/extracted/plantwild/images/corn northern leaf blight/28.jpg,Corn___Northern_Leaf_Blight,fit
plantwild/extracted/plantwild/images/corn northern leaf blight/3.jpg,Corn___Northern_Leaf_Blight,fit
plantwild/extracted/plantwild/images/corn northern leaf blight/add (4).jpg,Corn___Northern_Leaf_Blight,fit
plantwild/extracted/plantwild/images/corn northern leaf blight/google_0125.jpg,Corn___Northern_Leaf_Blight,fit
plantwild/extracted/plantwild/images/corn northern leaf blight/6.jpg,Corn___Northern_Leaf_Blight,fit
plantwild/extracted/plantwild/images/corn northern leaf blight/add (26).jpg,Corn___Northern_Leaf_Blight,fit
plantwild/extracted/plantwild/images/corn northern leaf blight/google_0112.jpg,Corn___Northern_Leaf_Blight,fit
plantwild/extracted/plantwild/images/corn northern leaf blight/google_0009.jpg,Corn___Northern_Leaf_Blight,fit
plantwild/extracted/plantwild/images/corn northern leaf blight/101.jpg,Corn___Northern_Leaf_Blight,fit
plantwild/extracted/plantwild/images/corn northern leaf blight/google_0063.jpg,Corn___Northern_Leaf_Blight,fit
plantwild/extracted/plantwild/images/corn northern leaf blight/google_0162.jpg,Corn___Northern_Leaf_Blight,fit
plantwild/extracted/plantwild/images/corn northern leaf blight/add (30).jpg,Corn___Northern_Leaf_Blight,fit
plantwild/extracted/plantwild/images/corn northern leaf blight/google_0109.jpg,Corn___Northern_Leaf_Blight,fit
plantwild/extracted/plantwild/images/corn northern leaf blight/google_0083.jpg,Corn___Northern_Leaf_Blight,fit
plantwild/extracted/plantwild/images/corn northern leaf blight/add (8).jpg,Corn___Northern_Leaf_Blight,fit
plantwild/extracted/plantwild/images/corn northern leaf blight/google_0163.jpg,Corn___Northern_Leaf_Blight,fit
plantwild/extracted/plantwild/images/corn northern leaf blight/google_0068.jpg,Corn___Northern_Leaf_Blight,fit
plantwild/extracted/plantwild/images/corn northern leaf blight/google_0120.jpg,Corn___Northern_Leaf_Blight,fit
plantwild/extracted/plantwild/images/corn northern leaf blight/google_0074.jpg,Corn___Northern_Leaf_Blight,fit
plantwild/extracted/plantwild/images/corn northern leaf blight/add (21).jpg,Corn___Northern_Leaf_Blight,fit
plantwild/extracted/plantwild/images/corn northern leaf blight/48.jpg,Corn___Northern_Leaf_Blight,fit
plantwild/extracted/plantwild/images/corn northern leaf blight/add (25).jpg,Corn___Northern_Leaf_Blight,fit
plantwild/extracted/plantwild/images/corn northern leaf blight/google_0067.jpg,Corn___Northern_Leaf_Blight,fit
plantwild/extracted/plantwild/images/corn northern leaf blight/google_0032.jpg,Corn___Northern_Leaf_Blight,fit
plantwild/extracted/plantwild/images/corn northern leaf blight/google_0056.jpg,Corn___Northern_Leaf_Blight,fit
plantwild/extracted/plantwild/images/corn northern leaf blight/google_0051.jpg,Corn___Northern_Leaf_Blight,fit
plantwild/extracted/plantwild/images/corn northern leaf blight/29.jpg,Corn___Northern_Leaf_Blight,fit
plantwild/extracted/plantwild/images/corn northern leaf blight/add (12).jpg,Corn___Northern_Leaf_Blight,fit
plantwild/extracted/plantwild/images/corn northern leaf blight/google_0110.jpg,Corn___Northern_Leaf_Blight,fit
plantwild/extracted/plantwild/images/corn northern leaf blight/add (5).jpg,Corn___Northern_Leaf_Blight,fit
plantwild/extracted/plantwild/images/corn northern leaf blight/google_0169.jpg,Corn___Northern_Leaf_Blight,fit
plantwild/extracted/plantwild/images/corn northern leaf blight/google_0020.jpg,Corn___Northern_Leaf_Blight,fit
plantwild/extracted/plantwild/images/corn northern leaf blight/google_0011.jpg,Corn___Northern_Leaf_Blight,fit
plantwild/extracted/plantwild/images/corn northern leaf blight/google_0095.jpg,Corn___Northern_Leaf_Blight,fit
plantwild/extracted/plantwild/images/corn northern leaf blight/33.jpg,Corn___Northern_Leaf_Blight,fit
plantwild/extracted/plantwild/images/corn northern leaf blight/google_0123.jpg,Corn___Northern_Leaf_Blight,fit
plantwild/extracted/plantwild/images/corn northern leaf blight/google_0008.jpg,Corn___Northern_Leaf_Blight,fit
plantwild/extracted/plantwild/images/corn northern leaf blight/google_0049.jpg,Corn___Northern_Leaf_Blight,fit
plantwild/extracted/plantwild/images/corn northern leaf blight/36.jpg,Corn___Northern_Leaf_Blight,fit
plantwild/extracted/plantwild/images/corn northern leaf blight/add (10).jpg,Corn___Northern_Leaf_Blight,fit
plantwild/extracted/plantwild/images/corn northern leaf blight/google_0143.jpg,Corn___Northern_Leaf_Blight,fit
plantwild/extracted/plantwild/images/corn northern leaf blight/92.jpg,Corn___Northern_Leaf_Blight,fit
plantwild/extracted/plantwild/images/corn northern leaf blight/99.jpg,Corn___Northern_Leaf_Blight,fit
plantwild/extracted/plantwild/images/corn northern leaf blight/google_0175.jpg,Corn___Northern_Leaf_Blight,fit
plantwild/extracted/plantwild/images/corn northern leaf blight/google_0152.jpg,Corn___Northern_Leaf_Blight,fit
plantwild/extracted/plantwild/images/corn northern leaf blight/google_0069.jpg,Corn___Northern_Leaf_Blight,fit
plantwild/extracted/plantwild/images/corn northern leaf blight/49.jpg,Corn___Northern_Leaf_Blight,fit
plantwild/extracted/plantwild/images/corn northern leaf blight/76.jpg,Corn___Northern_Leaf_Blight,fit
plantwild/extracted/plantwild/images/corn northern leaf blight/google_0077.jpg,Corn___Northern_Leaf_Blight,fit
plantwild/extracted/plantwild/images/corn northern leaf blight/73.jpg,Corn___Northern_Leaf_Blight,fit
plantwild/extracted/plantwild/images/corn northern leaf blight/google_0086.jpg,Corn___Northern_Leaf_Blight,fit
plantwild/extracted/plantwild/images/corn northern leaf blight/google_0071.jpg,Corn___Northern_Leaf_Blight,fit
plantwild/extracted/plantwild/images/corn northern leaf blight/23.jpg,Corn___Northern_Leaf_Blight,fit
plantwild/extracted/plantwild/images/corn northern leaf blight/43.jpg,Corn___Northern_Leaf_Blight,fit
plantwild/extracted/plantwild/images/corn northern leaf blight/google_0135.jpg,Corn___Northern_Leaf_Blight,fit
plantwild/extracted/plantwild/images/corn northern leaf blight/google_0107.jpg,Corn___Northern_Leaf_Blight,fit
plantwild/extracted/plantwild/images/corn northern leaf blight/68.jpg,Corn___Northern_Leaf_Blight,fit
plantwild/extracted/plantwild/images/corn northern leaf blight/google_0055.jpg,Corn___Northern_Leaf_Blight,fit
plantwild/extracted/plantwild/images/corn northern leaf blight/google_0075.jpg,Corn___Northern_Leaf_Blight,fit
plantwild/extracted/plantwild/images/corn northern leaf blight/google_0134.jpg,Corn___Northern_Leaf_Blight,fit
plantwild/extracted/plantwild/images/corn northern leaf blight/57.jpg,Corn___Northern_Leaf_Blight,fit
plantwild/extracted/plantwild/images/corn northern leaf blight/google_0079.jpg,Corn___Northern_Leaf_Blight,fit
plantwild/extracted/plantwild/images/corn northern leaf blight/19.jpg,Corn___Northern_Leaf_Blight,fit
plantwild/extracted/plantwild/images/corn northern leaf blight/google_0005.jpg,Corn___Northern_Leaf_Blight,fit
plantwild/extracted/plantwild/images/corn northern leaf blight/google_0104.jpg,Corn___Northern_Leaf_Blight,fit
plantwild/extracted/plantwild/images/corn northern leaf blight/google_0036.jpg,Corn___Northern_Leaf_Blight,fit
plantwild/extracted/plantwild/images/corn northern leaf blight/56.jpg,Corn___Northern_Leaf_Blight,fit
plantwild/extracted/plantwild/images/corn northern leaf blight/add (27).jpg,Corn___Northern_Leaf_Blight,fit
plantwild/extracted/plantwild/images/corn northern leaf blight/google_0085.jpg,Corn___Northern_Leaf_Blight,fit
plantwild/extracted/plantwild/images/corn northern leaf blight/add (29).jpg,Corn___Northern_Leaf_Blight,fit
plantwild/extracted/plantwild/images/corn northern leaf blight/90.jpg,Corn___Northern_Leaf_Blight,fit
plantwild/extracted/plantwild/images/corn northern leaf blight/add (6).jpg,Corn___Northern_Leaf_Blight,fit
plantwild/extracted/plantwild/images/corn northern leaf blight/google_0057.jpg,Corn___Northern_Leaf_Blight,fit
plantwild/extracted/plantwild/images/corn northern leaf blight/51.jpg,Corn___Northern_Leaf_Blight,fit
plantwild/extracted/plantwild/images/corn northern leaf blight/google_0053.jpg,Corn___Northern_Leaf_Blight,fit
plantwild/extracted/plantwild/images/corn northern leaf blight/105.jpg,Corn___Northern_Leaf_Blight,fit
plantwild/extracted/plantwild/images/corn northern leaf blight/69.jpg,Corn___Northern_Leaf_Blight,fit
plantwild/extracted/plantwild/images/corn northern leaf blight/40.jpg,Corn___Northern_Leaf_Blight,fit
plantwild/extracted/plantwild/images/corn northern leaf blight/add (2).jpg,Corn___Northern_Leaf_Blight,fit
plantwild/extracted/plantwild/images/corn northern leaf blight/google_0019.jpg,Corn___Northern_Leaf_Blight,fit
plantwild/extracted/plantwild/images/corn northern leaf blight/47.jpg,Corn___Northern_Leaf_Blight,fit
plantwild/extracted/plantwild/images/corn northern leaf blight/google_0007.jpg,Corn___Northern_Leaf_Blight,fit
plantwild/extracted/plantwild/images/corn northern leaf blight/google_0132.jpg,Corn___Northern_Leaf_Blight,fit
plantwild/extracted/plantwild/images/corn northern leaf blight/16.jpg,Corn___Northern_Leaf_Blight,fit
plantwild/extracted/plantwild/images/corn northern leaf blight/62.jpg,Corn___Northern_Leaf_Blight,fit
plantwild/extracted/plantwild/images/corn northern leaf blight/google_0037.jpg,Corn___Northern_Leaf_Blight,fit
plantwild/extracted/plantwild/images/corn northern leaf blight/google_0038.jpg,Corn___Northern_Leaf_Blight,fit
plantwild/extracted/plantwild/images/corn northern leaf blight/72.jpg,Corn___Northern_Leaf_Blight,fit
plantwild/extracted/plantwild/images/corn northern leaf blight/google_0059.jpg,Corn___Northern_Leaf_Blight,fit
plantwild/extracted/plantwild/images/corn northern leaf blight/google_0042.jpg,Corn___Northern_Leaf_Blight,fit
plantwild/extracted/plantwild/images/corn leaf/28.jpg,Corn___healthy,fit
plantwild/extracted/plantwild/images/corn leaf/google_0269.jpg,Corn___healthy,fit
plantwild/extracted/plantwild/images/corn leaf/45.jpg,Corn___healthy,fit
plantwild/extracted/plantwild/images/corn leaf/google_0124.jpg,Corn___healthy,fit
plantwild/extracted/plantwild/images/corn leaf/google_0119.jpg,Corn___healthy,fit
plantwild/extracted/plantwild/images/corn leaf/google_0242.jpg,Corn___healthy,fit
plantwild/extracted/plantwild/images/corn leaf/google_0618.jpg,Corn___healthy,fit
plantwild/extracted/plantwild/images/corn leaf/google_0279.jpg,Corn___healthy,fit
plantwild/extracted/plantwild/images/corn leaf/32.jpg,Corn___healthy,fit
plantwild/extracted/plantwild/images/corn leaf/google_0191.jpg,Corn___healthy,fit
plantwild/extracted/plantwild/images/corn leaf/62.jpg,Corn___healthy,fit
plantwild/extracted/plantwild/images/corn leaf/google_0293.jpg,Corn___healthy,fit
plantwild/extracted/plantwild/images/corn leaf/google_0098.jpg,Corn___healthy,fit
plantwild/extracted/plantwild/images/corn leaf/google_0558.jpg,Corn___healthy,fit
plantwild/extracted/plantwild/images/corn leaf/15.jpg,Corn___healthy,fit
plantwild/extracted/plantwild/images/corn leaf/google_0085.jpg,Corn___healthy,fit
plantwild/extracted/plantwild/images/corn leaf/google_0483.jpg,Corn___healthy,fit
plantwild/extracted/plantwild/images/corn leaf/20.jpg,Corn___healthy,fit
plantwild/extracted/plantwild/images/corn leaf/2.jpg,Corn___healthy,fit
plantwild/extracted/plantwild/images/corn leaf/google_0423.jpg,Corn___healthy,fit
plantwild/extracted/plantwild/images/corn leaf/google_0331.jpg,Corn___healthy,fit
plantwild/extracted/plantwild/images/corn leaf/google_0161.jpg,Corn___healthy,fit
plantwild/extracted/plantwild/images/corn leaf/57.jpg,Corn___healthy,fit
plantwild/extracted/plantwild/images/corn leaf/google_0012.jpg,Corn___healthy,fit
plantwild/extracted/plantwild/images/corn leaf/google_0169.jpg,Corn___healthy,fit
plantwild/extracted/plantwild/images/corn leaf/google_0247.jpg,Corn___healthy,fit
plantwild/extracted/plantwild/images/corn leaf/google_0595.jpg,Corn___healthy,fit
plantwild/extracted/plantwild/images/corn leaf/google_0133.jpg,Corn___healthy,fit
plantwild/extracted/plantwild/images/corn leaf/google_0225.jpg,Corn___healthy,fit
plantwild/extracted/plantwild/images/corn leaf/63.jpg,Corn___healthy,fit
plantwild/extracted/plantwild/images/corn leaf/google_0543.jpg,Corn___healthy,fit
plantwild/extracted/plantwild/images/corn leaf/google_0266.jpg,Corn___healthy,fit
plantwild/extracted/plantwild/images/corn leaf/google_0571.jpg,Corn___healthy,fit
plantwild/extracted/plantwild/images/corn leaf/google_0432.jpg,Corn___healthy,fit
plantwild/extracted/plantwild/images/corn leaf/google_0113.jpg,Corn___healthy,fit
plantwild/extracted/plantwild/images/corn leaf/11.jpg,Corn___healthy,fit
plantwild/extracted/plantwild/images/corn leaf/13.jpg,Corn___healthy,fit
plantwild/extracted/plantwild/images/corn leaf/google_0431.jpg,Corn___healthy,fit
plantwild/extracted/plantwild/images/corn leaf/1.jpg,Corn___healthy,fit
plantwild/extracted/plantwild/images/corn leaf/24.jpg,Corn___healthy,fit
plantwild/extracted/plantwild/images/corn leaf/google_0380.jpg,Corn___healthy,fit
plantwild/extracted/plantwild/images/corn leaf/google_0602.jpg,Corn___healthy,fit
plantwild/extracted/plantwild/images/corn leaf/google_0564.jpg,Corn___healthy,fit
plantwild/extracted/plantwild/images/corn leaf/72.jpg,Corn___healthy,fit
plantwild/extracted/plantwild/images/corn leaf/54.jpg,Corn___healthy,fit
plantwild/extracted/plantwild/images/corn leaf/google_0395.jpg,Corn___healthy,fit
plantwild/extracted/plantwild/images/corn leaf/google_0188.jpg,Corn___healthy,fit
plantwild/extracted/plantwild/images/corn leaf/41.jpg,Corn___healthy,fit
plantwild/extracted/plantwild/images/corn leaf/6.jpg,Corn___healthy,fit
plantwild/extracted/plantwild/images/corn leaf/34 - Copy (3).jpg,Corn___healthy,fit
plantwild/extracted/plantwild/images/corn leaf/google_0629.jpg,Corn___healthy,fit
plantwild/extracted/plantwild/images/corn leaf/17.jpg,Corn___healthy,fit
plantwild/extracted/plantwild/images/corn leaf/35.jpg,Corn___healthy,fit
plantwild/extracted/plantwild/images/corn leaf/google_0579.jpg,Corn___healthy,fit
plantwild/extracted/plantwild/images/corn leaf/google_0150.jpg,Corn___healthy,fit
plantwild/extracted/plantwild/images/corn leaf/google_0260.jpg,Corn___healthy,fit
plantwild/extracted/plantwild/images/corn leaf/38.jpg,Corn___healthy,fit
plantwild/extracted/plantwild/images/corn leaf/14.jpg,Corn___healthy,fit
plantwild/extracted/plantwild/images/corn leaf/google_0013.jpg,Corn___healthy,fit
plantwild/extracted/plantwild/images/corn leaf/google_0299.jpg,Corn___healthy,fit
plantwild/extracted/plantwild/images/corn leaf/5.jpg,Corn___healthy,fit
plantwild/extracted/plantwild/images/corn leaf/21.jpg,Corn___healthy,fit
plantwild/extracted/plantwild/images/corn leaf/48.jpg,Corn___healthy,fit
plantwild/extracted/plantwild/images/corn leaf/google_0002.jpg,Corn___healthy,fit
plantwild/extracted/plantwild/images/corn leaf/64.jpg,Corn___healthy,fit
plantwild/extracted/plantwild/images/corn leaf/google_0610.jpg,Corn___healthy,fit
plantwild/extracted/plantwild/images/corn leaf/30.jpg,Corn___healthy,fit
plantwild/extracted/plantwild/images/corn leaf/google_0076.jpg,Corn___healthy,fit
plantwild/extracted/plantwild/images/corn leaf/34 - Copy (2).jpg,Corn___healthy,fit
plantwild/extracted/plantwild/images/corn leaf/google_0538.jpg,Corn___healthy,fit
plantwild/extracted/plantwild/images/corn leaf/google_0190.jpg,Corn___healthy,fit
plantwild/extracted/plantwild/images/corn leaf/22.jpg,Corn___healthy,fit
plantwild/extracted/plantwild/images/corn leaf/google_0003.jpg,Corn___healthy,fit
plantwild/extracted/plantwild/images/corn leaf/18.jpg,Corn___healthy,fit
plantwild/extracted/plantwild/images/corn leaf/google_0223.jpg,Corn___healthy,fit
plantwild/extracted/plantwild/images/corn leaf/google_0148.jpg,Corn___healthy,fit
plantwild/extracted/plantwild/images/corn leaf/google_0308.jpg,Corn___healthy,fit
plantwild/extracted/plantwild/images/corn leaf/8.jpg,Corn___healthy,fit
plantwild/extracted/plantwild/images/corn leaf/19.jpg,Corn___healthy,fit
plantwild/extracted/plantwild/images/corn leaf/google_0008.jpg,Corn___healthy,fit
plantwild/extracted/plantwild/images/corn leaf/37.jpg,Corn___healthy,fit
plantwild/extracted/plantwild/images/corn leaf/34 - Copy.jpg,Corn___healthy,fit
plantwild/extracted/plantwild/images/corn leaf/9.jpg,Corn___healthy,fit
plantwild/extracted/plantwild/images/corn leaf/google_0316.jpg,Corn___healthy,fit
plantwild/extracted/plantwild/images/corn leaf/google_0001.jpg,Corn___healthy,fit
plantwild/extracted/plantwild/images/corn leaf/60.jpg,Corn___healthy,fit
plantwild/extracted/plantwild/images/corn leaf/google_0099.jpg,Corn___healthy,fit
plantwild/extracted/plantwild/images/corn leaf/google_0010.jpg,Corn___healthy,fit
plantwild/extracted/plantwild/images/corn leaf/66.jpg,Corn___healthy,fit
plantwild/extracted/plantwild/images/corn leaf/29.jpg,Corn___healthy,fit
plantwild/extracted/plantwild/images/corn leaf/70.jpg,Corn___healthy,fit
plantwild/extracted/plantwild/images/corn leaf/27.jpg,Corn___healthy,fit
plantwild/extracted/plantwild/images/corn leaf/google_0093.jpg,Corn___healthy,fit
plantwild/extracted/plantwild/images/corn leaf/google_0623.jpg,Corn___healthy,fit
plantwild/extracted/plantwild/images/corn leaf/google_0011.jpg,Corn___healthy,fit
plantwild/extracted/plantwild/images/corn leaf/google_0411.jpg,Corn___healthy,fit
plantwild/extracted/plantwild/images/corn leaf/42.jpg,Corn___healthy,fit
plantwild/extracted/plantwild/images/corn leaf/google_0014.jpg,Corn___healthy,fit
plantwild/extracted/plantwild/images/corn leaf/google_0537.jpg,Corn___healthy,fit
plantwild/extracted/plantwild/images/corn leaf/google_0198.jpg,Corn___healthy,fit
plantwild/extracted/plantwild/images/corn leaf/google_0168.jpg,Corn___healthy,fit
plantwild/extracted/plantwild/images/corn leaf/google_0322.jpg,Corn___healthy,fit
plantwild/extracted/plantwild/images/corn leaf/google_0079.jpg,Corn___healthy,fit
plantwild/extracted/plantwild/images/corn leaf/75.jpg,Corn___healthy,fit
plantwild/extracted/plantwild/images/corn leaf/google_0063.jpg,Corn___healthy,fit
plantwild/extracted/plantwild/images/corn leaf/59.jpg,Corn___healthy,fit
plantwild/extracted/plantwild/images/corn leaf/3.jpg,Corn___healthy,fit
plantwild/extracted/plantwild/images/corn leaf/44.jpg,Corn___healthy,fit
plantwild/extracted/plantwild/images/corn leaf/69.jpg,Corn___healthy,fit
plantwild/extracted/plantwild/images/grape black rot/google_0092.jpg,Grape___Black_rot,fit
plantwild/extracted/plantwild/images/grape black rot/google_0149.jpg,Grape___Black_rot,fit
plantwild/extracted/plantwild/images/grape black rot/38.jpg,Grape___Black_rot,fit
plantwild/extracted/plantwild/images/grape black rot/76.jpg,Grape___Black_rot,fit
plantwild/extracted/plantwild/images/grape black rot/google_0209.jpg,Grape___Black_rot,fit
plantwild/extracted/plantwild/images/grape black rot/9.jpg,Grape___Black_rot,fit
plantwild/extracted/plantwild/images/grape black rot/20 - Copy.jpg,Grape___Black_rot,fit
plantwild/extracted/plantwild/images/grape black rot/34.jpg,Grape___Black_rot,fit
plantwild/extracted/plantwild/images/grape black rot/google_0286.jpg,Grape___Black_rot,fit
plantwild/extracted/plantwild/images/grape black rot/32.jpg,Grape___Black_rot,fit
plantwild/extracted/plantwild/images/grape black rot/39.jpg,Grape___Black_rot,fit
plantwild/extracted/plantwild/images/grape black rot/google_0000.jpg,Grape___Black_rot,fit
plantwild/extracted/plantwild/images/grape black rot/53.jpg,Grape___Black_rot,fit
plantwild/extracted/plantwild/images/grape black rot/171.jpg,Grape___Black_rot,fit
plantwild/extracted/plantwild/images/grape black rot/google_0071.jpg,Grape___Black_rot,fit
plantwild/extracted/plantwild/images/grape black rot/google_0037.jpg,Grape___Black_rot,fit
plantwild/extracted/plantwild/images/grape black rot/18.jpg,Grape___Black_rot,fit
plantwild/extracted/plantwild/images/grape black rot/google_0223.jpg,Grape___Black_rot,fit
plantwild/extracted/plantwild/images/grape black rot/google_0069.jpg,Grape___Black_rot,fit
plantwild/extracted/plantwild/images/grape black rot/13.jpg,Grape___Black_rot,fit
plantwild/extracted/plantwild/images/grape black rot/google_0142.jpg,Grape___Black_rot,fit
plantwild/extracted/plantwild/images/grape black rot/google_0222.jpg,Grape___Black_rot,fit
plantwild/extracted/plantwild/images/grape black rot/155.jpg,Grape___Black_rot,fit
plantwild/extracted/plantwild/images/grape black rot/google_0341.jpg,Grape___Black_rot,fit
plantwild/extracted/plantwild/images/grape black rot/79.jpg,Grape___Black_rot,fit
plantwild/extracted/plantwild/images/grape black rot/google_0101.jpg,Grape___Black_rot,fit
plantwild/extracted/plantwild/images/grape black rot/google_0233.jpg,Grape___Black_rot,fit
plantwild/extracted/plantwild/images/grape black rot/google_0095.jpg,Grape___Black_rot,fit
plantwild/extracted/plantwild/images/grape black rot/google_0119.jpg,Grape___Black_rot,fit
plantwild/extracted/plantwild/images/grape black rot/google_0011.jpg,Grape___Black_rot,fit
plantwild/extracted/plantwild/images/grape black rot/google_0014 - Copy.jpg,Grape___Black_rot,fit
plantwild/extracted/plantwild/images/grape black rot/102.jpg,Grape___Black_rot,fit
plantwild/extracted/plantwild/images/grape black rot/google_0043.jpg,Grape___Black_rot,fit
plantwild/extracted/plantwild/images/grape black rot/google_0103.jpg,Grape___Black_rot,fit
plantwild/extracted/plantwild/images/grape black rot/google_0151.jpg,Grape___Black_rot,fit
plantwild/extracted/plantwild/images/grape black rot/google_0197.jpg,Grape___Black_rot,fit
plantwild/extracted/plantwild/images/grape black rot/google_0123.jpg,Grape___Black_rot,fit
plantwild/extracted/plantwild/images/grape black rot/178.jpg,Grape___Black_rot,fit
plantwild/extracted/plantwild/images/grape black rot/15.jpg,Grape___Black_rot,fit
plantwild/extracted/plantwild/images/grape black rot/198.jpg,Grape___Black_rot,fit
plantwild/extracted/plantwild/images/grape black rot/8 - Copy (2).jpg,Grape___Black_rot,fit
plantwild/extracted/plantwild/images/grape black rot/59.jpg,Grape___Black_rot,fit
plantwild/extracted/plantwild/images/grape black rot/google_0053.jpg,Grape___Black_rot,fit
plantwild/extracted/plantwild/images/grape black rot/57.jpg,Grape___Black_rot,fit
plantwild/extracted/plantwild/images/grape black rot/25.jpg,Grape___Black_rot,fit
plantwild/extracted/plantwild/images/grape black rot/google_0293.jpg,Grape___Black_rot,fit
plantwild/extracted/plantwild/images/grape black rot/google_0006.jpg,Grape___Black_rot,fit
plantwild/extracted/plantwild/images/grape black rot/google_0075.jpg,Grape___Black_rot,fit
plantwild/extracted/plantwild/images/grape black rot/google_0008.jpg,Grape___Black_rot,fit
plantwild/extracted/plantwild/images/grape black rot/google_0051.jpg,Grape___Black_rot,fit
plantwild/extracted/plantwild/images/grape black rot/google_0081.jpg,Grape___Black_rot,fit
plantwild/extracted/plantwild/images/grape black rot/google_0077.jpg,Grape___Black_rot,fit
plantwild/extracted/plantwild/images/grape black rot/177.jpg,Grape___Black_rot,fit
plantwild/extracted/plantwild/images/grape black rot/68.jpg,Grape___Black_rot,fit
plantwild/extracted/plantwild/images/grape black rot/google_0260.jpg,Grape___Black_rot,fit
plantwild/extracted/plantwild/images/grape black rot/50.jpg,Grape___Black_rot,fit
plantwild/extracted/plantwild/images/grape black rot/google_0035.jpg,Grape___Black_rot,fit
plantwild/extracted/plantwild/images/grape black rot/google_0003.jpg,Grape___Black_rot,fit
plantwild/extracted/plantwild/images/grape black rot/67.jpg,Grape___Black_rot,fit
plantwild/extracted/plantwild/images/grape black rot/216.jpg,Grape___Black_rot,fit
plantwild/extracted/plantwild/images/grape black rot/google_0135.jpg,Grape___Black_rot,fit
plantwild/extracted/plantwild/images/grape black rot/google_0171.jpg,Grape___Black_rot,fit
plantwild/extracted/plantwild/images/grape black rot/158.jpg,Grape___Black_rot,fit
plantwild/extracted/plantwild/images/grape black rot/100.jpg,Grape___Black_rot,fit
plantwild/extracted/plantwild/images/grape black rot/170.jpg,Grape___Black_rot,fit
plantwild/extracted/plantwild/images/grape black rot/google_0239.jpg,Grape___Black_rot,fit
plantwild/extracted/plantwild/images/grape black rot/google_0032.jpg,Grape___Black_rot,fit
plantwild/extracted/plantwild/images/grape black rot/google_0052.jpg,Grape___Black_rot,fit
plantwild/extracted/plantwild/images/grape black rot/google_0085.jpg,Grape___Black_rot,fit
plantwild/extracted/plantwild/images/grape black rot/google_0044.jpg,Grape___Black_rot,fit
plantwild/extracted/plantwild/images/grape black rot/google_0004.jpg,Grape___Black_rot,fit
plantwild/extracted/plantwild/images/grape black rot/227.jpg,Grape___Black_rot,fit
plantwild/extracted/plantwild/images/grape black rot/google_0129.jpg,Grape___Black_rot,fit
plantwild/extracted/plantwild/images/grape black rot/google_0093.jpg,Grape___Black_rot,fit
plantwild/extracted/plantwild/images/grape black rot/google_0130.jpg,Grape___Black_rot,fit
plantwild/extracted/plantwild/images/grape black rot/google_0285.jpg,Grape___Black_rot,fit
plantwild/extracted/plantwild/images/grape black rot/google_0053 - Copy.jpg,Grape___Black_rot,fit
plantwild/extracted/plantwild/images/grape black rot/29.jpg,Grape___Black_rot,fit
plantwild/extracted/plantwild/images/grape black rot/20.jpg,Grape___Black_rot,fit
plantwild/extracted/plantwild/images/grape black rot/google_0278 - Copy.jpg,Grape___Black_rot,fit
plantwild/extracted/plantwild/images/grape black rot/28.jpg,Grape___Black_rot,fit
plantwild/extracted/plantwild/images/grape black rot/google_0041.jpg,Grape___Black_rot,fit
plantwild/extracted/plantwild/images/grape black rot/google_0134.jpg,Grape___Black_rot,fit
plantwild/extracted/plantwild/images/grape black rot/google_0356.jpg,Grape___Black_rot,fit
plantwild/extracted/plantwild/images/grape black rot/google_0307.jpg,Grape___Black_rot,fit
plantwild/extracted/plantwild/images/grape black rot/23.jpg,Grape___Black_rot,fit
plantwild/extracted/plantwild/images/grape black rot/google_0110.jpg,Grape___Black_rot,fit
plantwild/extracted/plantwild/images/grape black rot/199.jpg,Grape___Black_rot,fit
plantwild/extracted/plantwild/images/grape black rot/33.jpg,Grape___Black_rot,fit
plantwild/extracted/plantwild/images/grape black rot/google_0014.jpg,Grape___Black_rot,fit
plantwild/extracted/plantwild/images/grape black rot/google_0332.jpg,Grape___Black_rot,fit
plantwild/extracted/plantwild/images/grape black rot/google_0002.jpg,Grape___Black_rot,fit
plantwild/extracted/plantwild/images/grape black rot/2.jpg,Grape___Black_rot,fit
plantwild/extracted/plantwild/images/grape black rot/google_0097.jpg,Grape___Black_rot,fit
plantwild/extracted/plantwild/images/grape black rot/google_0108.jpg,Grape___Black_rot,fit
plantwild/extracted/plantwild/images/grape black rot/google_0007.jpg,Grape___Black_rot,fit
plantwild/extracted/plantwild/images/grape black rot/google_0028.jpg,Grape___Black_rot,fit
plantwild/extracted/plantwild/images/grape black rot/google_0017.jpg,Grape___Black_rot,fit
plantwild/extracted/plantwild/images/grape black rot/10.jpg,Grape___Black_rot,fit
plantwild/extracted/plantwild/images/grape black rot/google_0084.jpg,Grape___Black_rot,fit
plantwild/extracted/plantwild/images/grape black rot/230.jpg,Grape___Black_rot,fit
plantwild/extracted/plantwild/images/grape black rot/19.jpg,Grape___Black_rot,fit
plantwild/extracted/plantwild/images/grape black rot/google_0230.jpg,Grape___Black_rot,fit
plantwild/extracted/plantwild/images/grape black rot/191.jpg,Grape___Black_rot,fit
plantwild/extracted/plantwild/images/grape black rot/66.jpg,Grape___Black_rot,fit
plantwild/extracted/plantwild/images/grape black rot/96.jpg,Grape___Black_rot,fit
plantwild/extracted/plantwild/images/grape black rot/google_0040.jpg,Grape___Black_rot,fit
plantwild/extracted/plantwild/images/grape black rot/7.jpg,Grape___Black_rot,fit
plantwild/extracted/plantwild/images/grape black rot/google_0132.jpg,Grape___Black_rot,fit
plantwild/extracted/plantwild/images/grape black rot/google_0158.jpg,Grape___Black_rot,fit
plantwild/extracted/plantwild/images/grape black rot/google_0038.jpg,Grape___Black_rot,fit
plantwild/extracted/plantwild/images/grape black rot/149.jpg,Grape___Black_rot,fit
plantwild/extracted/plantwild/images/grape black rot/google_0029.jpg,Grape___Black_rot,fit
plantwild/extracted/plantwild/images/grape black rot/google_0330.jpg,Grape___Black_rot,fit
plantwild/extracted/plantwild/images/grape black rot/google_0049.jpg,Grape___Black_rot,fit
plantwild/extracted/plantwild/images/grape black rot/google_0234.jpg,Grape___Black_rot,fit
plantwild/extracted/plantwild/images/grape black rot/98.jpg,Grape___Black_rot,fit
plantwild/extracted/plantwild/images/grape black rot/google_0262.jpg,Grape___Black_rot,fit
plantwild/extracted/plantwild/images/grape black rot/google_0258.jpg,Grape___Black_rot,fit
plantwild/extracted/plantwild/images/grape black rot/12.jpg,Grape___Black_rot,fit
plantwild/extracted/plantwild/images/grape black rot/180.jpg,Grape___Black_rot,fit
plantwild/extracted/plantwild/images/grape black rot/google_0063.jpg,Grape___Black_rot,fit
plantwild/extracted/plantwild/images/grape black rot/google_0005.jpg,Grape___Black_rot,fit
plantwild/extracted/plantwild/images/grape black rot/58.jpg,Grape___Black_rot,fit
plantwild/extracted/plantwild/images/grape black rot/google_0161.jpg,Grape___Black_rot,fit
plantwild/extracted/plantwild/images/grape black rot/google_0080.jpg,Grape___Black_rot,fit
plantwild/extracted/plantwild/images/grape black rot/google_0303.jpg,Grape___Black_rot,fit
plantwild/extracted/plantwild/images/grape black rot/google_0034.jpg,Grape___Black_rot,fit
plantwild/extracted/plantwild/images/grape black rot/176.jpg,Grape___Black_rot,fit
plantwild/extracted/plantwild/images/grape black rot/91.jpg,Grape___Black_rot,fit
plantwild/extracted/plantwild/images/grape black rot/google_0219.jpg,Grape___Black_rot,fit
plantwild/extracted/plantwild/images/grape black rot/51.jpg,Grape___Black_rot,fit
plantwild/extracted/plantwild/images/grape black rot/google_0162.jpg,Grape___Black_rot,fit
plantwild/extracted/plantwild/images/grape black rot/google_0013.jpg,Grape___Black_rot,fit
plantwild/extracted/plantwild/images/grape black rot/200.jpg,Grape___Black_rot,fit
plantwild/extracted/plantwild/images/grape black rot/google_0087.jpg,Grape___Black_rot,fit
plantwild/extracted/plantwild/images/grape black rot/google_0118.jpg,Grape___Black_rot,fit
plantwild/extracted/plantwild/images/grape black rot/google_0147.jpg,Grape___Black_rot,fit
plantwild/extracted/plantwild/images/grape black rot/google_0320.jpg,Grape___Black_rot,fit
plantwild/extracted/plantwild/images/grape black rot/google_0124.jpg,Grape___Black_rot,fit
plantwild/extracted/plantwild/images/grape black rot/google_0133 - Copy (2).jpg,Grape___Black_rot,fit
plantwild/extracted/plantwild/images/grape black rot/42.jpg,Grape___Black_rot,fit
plantwild/extracted/plantwild/images/grape black rot/google_0220.jpg,Grape___Black_rot,fit
plantwild/extracted/plantwild/images/grape black rot/google_0039.jpg,Grape___Black_rot,fit
plantwild/extracted/plantwild/images/grape black rot/google_0066.jpg,Grape___Black_rot,fit
plantwild/extracted/plantwild/images/grape black rot/3.jpg,Grape___Black_rot,fit
plantwild/extracted/plantwild/images/grape black rot/google_0009.jpg,Grape___Black_rot,fit
plantwild/extracted/plantwild/images/grape black rot/google_0111.jpg,Grape___Black_rot,fit
plantwild/extracted/plantwild/images/grape black rot/22 - Copy.jpg,Grape___Black_rot,fit
plantwild/extracted/plantwild/images/grape black rot/google_0018.jpg,Grape___Black_rot,fit
plantwild/extracted/plantwild/images/grape black rot/google_0021.jpg,Grape___Black_rot,fit
plantwild/extracted/plantwild/images/grape black rot/google_0133 - Copy.jpg,Grape___Black_rot,fit
plantwild/extracted/plantwild/images/grape black rot/google_0061.jpg,Grape___Black_rot,fit
plantwild/extracted/plantwild/images/grape black rot/google_0291.jpg,Grape___Black_rot,fit
plantwild/extracted/plantwild/images/grape black rot/google_0278.jpg,Grape___Black_rot,fit
plantwild/extracted/plantwild/images/grape black rot/google_0166.jpg,Grape___Black_rot,fit
plantwild/extracted/plantwild/images/grape black rot/google_0046.jpg,Grape___Black_rot,fit
plantwild/extracted/plantwild/images/grape black rot/google_0104.jpg,Grape___Black_rot,fit
plantwild/extracted/plantwild/images/grape black rot/google_0027.jpg,Grape___Black_rot,fit
plantwild/extracted/plantwild/images/grape black rot/26.jpg,Grape___Black_rot,fit
plantwild/extracted/plantwild/images/grape leaf/47.jpg,Grape___healthy,fit
plantwild/extracted/plantwild/images/grape leaf/google_0061.jpg,Grape___healthy,fit
plantwild/extracted/plantwild/images/grape leaf/55.jpg,Grape___healthy,fit
plantwild/extracted/plantwild/images/grape leaf/24.jpg,Grape___healthy,fit
plantwild/extracted/plantwild/images/grape leaf/9.jpg,Grape___healthy,fit
plantwild/extracted/plantwild/images/grape leaf/65.jpg,Grape___healthy,fit
plantwild/extracted/plantwild/images/grape leaf/63.jpg,Grape___healthy,fit
plantwild/extracted/plantwild/images/grape leaf/168.jpg,Grape___healthy,fit
plantwild/extracted/plantwild/images/grape leaf/43.jpg,Grape___healthy,fit
plantwild/extracted/plantwild/images/grape leaf/google_0009.jpg,Grape___healthy,fit
plantwild/extracted/plantwild/images/grape leaf/17.jpg,Grape___healthy,fit
plantwild/extracted/plantwild/images/grape leaf/google_0090.jpg,Grape___healthy,fit
plantwild/extracted/plantwild/images/grape leaf/66.jpg,Grape___healthy,fit
plantwild/extracted/plantwild/images/grape leaf/97.jpg,Grape___healthy,fit
plantwild/extracted/plantwild/images/grape leaf/60.jpg,Grape___healthy,fit
plantwild/extracted/plantwild/images/grape leaf/google_0000.jpg,Grape___healthy,fit
plantwild/extracted/plantwild/images/grape leaf/93.jpg,Grape___healthy,fit
plantwild/extracted/plantwild/images/grape leaf/91.jpg,Grape___healthy,fit
plantwild/extracted/plantwild/images/grape leaf/106.jpg,Grape___healthy,fit
plantwild/extracted/plantwild/images/grape leaf/129.jpg,Grape___healthy,fit
plantwild/extracted/plantwild/images/grape leaf/59.jpg,Grape___healthy,fit
plantwild/extracted/plantwild/images/grape leaf/7.jpg,Grape___healthy,fit
plantwild/extracted/plantwild/images/grape leaf/133.jpg,Grape___healthy,fit
plantwild/extracted/plantwild/images/grape leaf/23.jpg,Grape___healthy,fit
plantwild/extracted/plantwild/images/grape leaf/57.jpg,Grape___healthy,fit
plantwild/extracted/plantwild/images/grape leaf/171.jpg,Grape___healthy,fit
plantwild/extracted/plantwild/images/grape leaf/170.jpg,Grape___healthy,fit
plantwild/extracted/plantwild/images/grape leaf/144.jpg,Grape___healthy,fit
plantwild/extracted/plantwild/images/grape leaf/google_0115.jpg,Grape___healthy,fit
plantwild/extracted/plantwild/images/grape leaf/79.jpg,Grape___healthy,fit
plantwild/extracted/plantwild/images/grape leaf/18.jpg,Grape___healthy,fit
plantwild/extracted/plantwild/images/grape leaf/46.jpg,Grape___healthy,fit
plantwild/extracted/plantwild/images/grape leaf/49.jpg,Grape___healthy,fit
plantwild/extracted/plantwild/images/grape leaf/64.jpg,Grape___healthy,fit
plantwild/extracted/plantwild/images/grape leaf/82.jpg,Grape___healthy,fit
plantwild/extracted/plantwild/images/grape leaf/88.jpg,Grape___healthy,fit
plantwild/extracted/plantwild/images/grape leaf/5.jpg,Grape___healthy,fit
plantwild/extracted/plantwild/images/grape leaf/41.jpg,Grape___healthy,fit
plantwild/extracted/plantwild/images/grape leaf/136.jpg,Grape___healthy,fit
plantwild/extracted/plantwild/images/grape leaf/google_0108.jpg,Grape___healthy,fit
plantwild/extracted/plantwild/images/grape leaf/113.jpg,Grape___healthy,fit
plantwild/extracted/plantwild/images/grape leaf/154.jpg,Grape___healthy,fit
plantwild/extracted/plantwild/images/grape leaf/152.jpg,Grape___healthy,fit
plantwild/extracted/plantwild/images/grape leaf/149.jpg,Grape___healthy,fit
plantwild/extracted/plantwild/images/grape leaf/95.jpg,Grape___healthy,fit
plantwild/extracted/plantwild/images/grape leaf/12.jpg,Grape___healthy,fit
plantwild/extracted/plantwild/images/grape leaf/google_0004.jpg,Grape___healthy,fit
plantwild/extracted/plantwild/images/grape leaf/92.jpg,Grape___healthy,fit
plantwild/extracted/plantwild/images/grape leaf/google_0044.jpg,Grape___healthy,fit
plantwild/extracted/plantwild/images/grape leaf/45.jpg,Grape___healthy,fit
plantwild/extracted/plantwild/images/grape leaf/google_0149.jpg,Grape___healthy,fit
plantwild/extracted/plantwild/images/grape leaf/89.jpg,Grape___healthy,fit
plantwild/extracted/plantwild/images/grape leaf/164.jpg,Grape___healthy,fit
plantwild/extracted/plantwild/images/grape leaf/125.jpg,Grape___healthy,fit
plantwild/extracted/plantwild/images/grape leaf/104.jpg,Grape___healthy,fit
plantwild/extracted/plantwild/images/grape leaf/10.jpg,Grape___healthy,fit
plantwild/extracted/plantwild/images/grape leaf/56.jpg,Grape___healthy,fit
plantwild/extracted/plantwild/images/grape leaf/13.jpg,Grape___healthy,fit
plantwild/extracted/plantwild/images/grape leaf/135.jpg,Grape___healthy,fit
plantwild/extracted/plantwild/images/grape leaf/165.jpg,Grape___healthy,fit
plantwild/extracted/plantwild/images/grape leaf/138.jpg,Grape___healthy,fit
plantwild/extracted/plantwild/images/grape leaf/131.jpg,Grape___healthy,fit
plantwild/extracted/plantwild/images/grape leaf/google_0180.jpg,Grape___healthy,fit
plantwild/extracted/plantwild/images/grape leaf/33.jpg,Grape___healthy,fit
plantwild/extracted/plantwild/images/grape leaf/177.jpg,Grape___healthy,fit
plantwild/extracted/plantwild/images/grape leaf/114.jpg,Grape___healthy,fit
plantwild/extracted/plantwild/images/grape leaf/google_0325.jpg,Grape___healthy,fit
plantwild/extracted/plantwild/images/grape leaf/google_0337.jpg,Grape___healthy,fit
plantwild/extracted/plantwild/images/grape leaf/30.jpg,Grape___healthy,fit
plantwild/extracted/plantwild/images/grape leaf/158.jpg,Grape___healthy,fit
plantwild/extracted/plantwild/images/grape leaf/141.jpg,Grape___healthy,fit
plantwild/extracted/plantwild/images/grape leaf/1.jpg,Grape___healthy,fit
plantwild/extracted/plantwild/images/grape leaf/85.jpg,Grape___healthy,fit
plantwild/extracted/plantwild/images/grape leaf/111.jpg,Grape___healthy,fit
plantwild/extracted/plantwild/images/grape leaf/148.jpg,Grape___healthy,fit
plantwild/extracted/plantwild/images/grape leaf/142.jpg,Grape___healthy,fit
plantwild/extracted/plantwild/images/grape leaf/67.jpg,Grape___healthy,fit
plantwild/extracted/plantwild/images/grape leaf/26.jpg,Grape___healthy,fit
plantwild/extracted/plantwild/images/grape leaf/google_0091.jpg,Grape___healthy,fit
plantwild/extracted/plantwild/images/grape leaf/72.jpg,Grape___healthy,fit
plantwild/extracted/plantwild/images/grape leaf/google_0010.jpg,Grape___healthy,fit
plantwild/extracted/plantwild/images/grape leaf/28.jpg,Grape___healthy,fit
plantwild/extracted/plantwild/images/grape leaf/google_0192.jpg,Grape___healthy,fit
plantwild/extracted/plantwild/images/grape leaf/134.jpg,Grape___healthy,fit
plantwild/extracted/plantwild/images/grape leaf/14.jpg,Grape___healthy,fit
plantwild/extracted/plantwild/images/grape leaf/20.jpg,Grape___healthy,fit
plantwild/extracted/plantwild/images/grape leaf/6.jpg,Grape___healthy,fit
plantwild/extracted/plantwild/images/grape leaf/35.jpg,Grape___healthy,fit
plantwild/extracted/plantwild/images/grape leaf/96.jpg,Grape___healthy,fit
plantwild/extracted/plantwild/images/grape leaf/179.jpg,Grape___healthy,fit
plantwild/extracted/plantwild/images/grape leaf/29.jpg,Grape___healthy,fit
plantwild/extracted/plantwild/images/grape leaf/google_0012.jpg,Grape___healthy,fit
plantwild/extracted/plantwild/images/grape leaf/53.jpg,Grape___healthy,fit
plantwild/extracted/plantwild/images/grape leaf/15.jpg,Grape___healthy,fit
plantwild/extracted/plantwild/images/grape leaf/google_0361.jpg,Grape___healthy,fit
plantwild/extracted/plantwild/images/grape leaf/80.jpg,Grape___healthy,fit
plantwild/extracted/plantwild/images/grape leaf/52.jpg,Grape___healthy,fit
plantwild/extracted/plantwild/images/grape leaf/google_0238.jpg,Grape___healthy,fit
plantwild/extracted/plantwild/images/grape leaf/google_0047.jpg,Grape___healthy,fit
plantwild/extracted/plantwild/images/grape leaf/137.jpg,Grape___healthy,fit
plantwild/extracted/plantwild/images/grape leaf/22.jpg,Grape___healthy,fit
plantwild/extracted/plantwild/images/grape leaf/102.jpg,Grape___healthy,fit
plantwild/extracted/plantwild/images/grape leaf/70.jpg,Grape___healthy,fit
plantwild/extracted/plantwild/images/grape leaf/google_0286.jpg,Grape___healthy,fit
plantwild/extracted/plantwild/images/grape leaf/151.jpg,Grape___healthy,fit
plantwild/extracted/plantwild/images/grape leaf/71.jpg,Grape___healthy,fit
plantwild/extracted/plantwild/images/grape leaf/2.jpg,Grape___healthy,fit
plantwild/extracted/plantwild/images/grape leaf/4.jpg,Grape___healthy,fit
plantwild/extracted/plantwild/images/grape leaf/19.jpg,Grape___healthy,fit
plantwild/extracted/plantwild/images/grape leaf/98.jpg,Grape___healthy,fit
plantwild/extracted/plantwild/images/grape leaf/108.jpg,Grape___healthy,fit
plantwild/extracted/plantwild/images/grape leaf/48.jpg,Grape___healthy,fit
plantwild/extracted/plantwild/images/grape leaf/132.jpg,Grape___healthy,fit
plantwild/extracted/plantwild/images/grape leaf/157.jpg,Grape___healthy,fit
plantwild/extracted/plantwild/images/grape leaf/110.jpg,Grape___healthy,fit
plantwild/extracted/plantwild/images/grape leaf/105.jpg,Grape___healthy,fit
plantwild/extracted/plantwild/images/grape leaf/146.jpg,Grape___healthy,fit
plantwild/extracted/plantwild/images/grape leaf/google_0070.jpg,Grape___healthy,fit
plantwild/extracted/plantwild/images/grape leaf/google_0092.jpg,Grape___healthy,fit
plantwild/extracted/plantwild/images/grape leaf/90.jpg,Grape___healthy,fit
plantwild/extracted/plantwild/images/grape leaf/34.jpg,Grape___healthy,fit
plantwild/extracted/plantwild/images/grape leaf/3.jpg,Grape___healthy,fit
plantwild/extracted/plantwild/images/grape leaf/74.jpg,Grape___healthy,fit
plantwild/extracted/plantwild/images/grape leaf/117.jpg,Grape___healthy,fit
plantwild/extracted/plantwild/images/grape leaf/36.jpg,Grape___healthy,fit
plantwild/extracted/plantwild/images/grape leaf/google_0008.jpg,Grape___healthy,fit
plantwild/extracted/plantwild/images/grape leaf/google_0367.jpg,Grape___healthy,fit
plantwild/extracted/plantwild/images/grape leaf/94.jpg,Grape___healthy,fit
plantwild/extracted/plantwild/images/grape leaf/40.jpg,Grape___healthy,fit
plantwild/extracted/plantwild/images/grape leaf/google_0147.jpg,Grape___healthy,fit
plantwild/extracted/plantwild/images/grape leaf/143.jpg,Grape___healthy,fit
plantwild/extracted/plantwild/images/grape leaf/google_0046.jpg,Grape___healthy,fit
plantwild/extracted/plantwild/images/grape leaf/84.jpg,Grape___healthy,fit
plantwild/extracted/plantwild/images/grape leaf/google_0246.jpg,Grape___healthy,fit
plantwild/extracted/plantwild/images/grape leaf/139.jpg,Grape___healthy,fit
plantwild/extracted/plantwild/images/grape leaf/155.jpg,Grape___healthy,fit
plantwild/extracted/plantwild/images/grape leaf/google_0287.jpg,Grape___healthy,fit
plantwild/extracted/plantwild/images/grape leaf/21.jpg,Grape___healthy,fit
plantwild/extracted/plantwild/images/grape leaf/google_0189.jpg,Grape___healthy,fit
plantwild/extracted/plantwild/images/grape leaf/google_0031.jpg,Grape___healthy,fit
plantwild/extracted/plantwild/images/grape leaf/81.jpg,Grape___healthy,fit
plantwild/extracted/plantwild/images/citrus greening disease/google_0075.jpg,Orange___Haunglongbing_(Citrus_greening),fit
plantwild/extracted/plantwild/images/citrus greening disease/google_0186.jpg,Orange___Haunglongbing_(Citrus_greening),fit
plantwild/extracted/plantwild/images/citrus greening disease/13.jpg,Orange___Haunglongbing_(Citrus_greening),fit
plantwild/extracted/plantwild/images/citrus greening disease/google_0134.jpg,Orange___Haunglongbing_(Citrus_greening),fit
plantwild/extracted/plantwild/images/citrus greening disease/101.jpg,Orange___Haunglongbing_(Citrus_greening),fit
plantwild/extracted/plantwild/images/citrus greening disease/google_0071.jpg,Orange___Haunglongbing_(Citrus_greening),fit
plantwild/extracted/plantwild/images/citrus greening disease/google_0146.jpg,Orange___Haunglongbing_(Citrus_greening),fit
plantwild/extracted/plantwild/images/citrus greening disease/google_0314.jpg,Orange___Haunglongbing_(Citrus_greening),fit
plantwild/extracted/plantwild/images/citrus greening disease/google_0193.jpg,Orange___Haunglongbing_(Citrus_greening),fit
plantwild/extracted/plantwild/images/citrus greening disease/google_0157.jpg,Orange___Haunglongbing_(Citrus_greening),fit
plantwild/extracted/plantwild/images/citrus greening disease/4.jpg,Orange___Haunglongbing_(Citrus_greening),fit
plantwild/extracted/plantwild/images/citrus greening disease/35.jpg,Orange___Haunglongbing_(Citrus_greening),fit
plantwild/extracted/plantwild/images/citrus greening disease/39 - Copy.jpg,Orange___Haunglongbing_(Citrus_greening),fit
plantwild/extracted/plantwild/images/citrus greening disease/google_0169.jpg,Orange___Haunglongbing_(Citrus_greening),fit
plantwild/extracted/plantwild/images/citrus greening disease/83.jpg,Orange___Haunglongbing_(Citrus_greening),fit
plantwild/extracted/plantwild/images/citrus greening disease/google_0039.jpg,Orange___Haunglongbing_(Citrus_greening),fit
plantwild/extracted/plantwild/images/citrus greening disease/59.jpg,Orange___Haunglongbing_(Citrus_greening),fit
plantwild/extracted/plantwild/images/citrus greening disease/google_0204.jpg,Orange___Haunglongbing_(Citrus_greening),fit
plantwild/extracted/plantwild/images/citrus greening disease/56 - Copy (3).jpg,Orange___Haunglongbing_(Citrus_greening),fit
plantwild/extracted/plantwild/images/citrus greening disease/google_0223.jpg,Orange___Haunglongbing_(Citrus_greening),fit
plantwild/extracted/plantwild/images/citrus greening disease/google_0054.jpg,Orange___Haunglongbing_(Citrus_greening),fit
plantwild/extracted/plantwild/images/citrus greening disease/google_0068.jpg,Orange___Haunglongbing_(Citrus_greening),fit
plantwild/extracted/plantwild/images/citrus greening disease/google_0152.jpg,Orange___Haunglongbing_(Citrus_greening),fit
plantwild/extracted/plantwild/images/citrus greening disease/3.jpg,Orange___Haunglongbing_(Citrus_greening),fit
plantwild/extracted/plantwild/images/citrus greening disease/56 - Copy (2).jpg,Orange___Haunglongbing_(Citrus_greening),fit
plantwild/extracted/plantwild/images/citrus greening disease/google_0164.jpg,Orange___Haunglongbing_(Citrus_greening),fit
plantwild/extracted/plantwild/images/citrus greening disease/109.jpg,Orange___Haunglongbing_(Citrus_greening),fit
plantwild/extracted/plantwild/images/citrus greening disease/8.jpg,Orange___Haunglongbing_(Citrus_greening),fit
plantwild/extracted/plantwild/images/citrus greening disease/google_0018.jpg,Orange___Haunglongbing_(Citrus_greening),fit
plantwild/extracted/plantwild/images/citrus greening disease/google_0053.jpg,Orange___Haunglongbing_(Citrus_greening),fit
plantwild/extracted/plantwild/images/citrus greening disease/google_0297.jpg,Orange___Haunglongbing_(Citrus_greening),fit
plantwild/extracted/plantwild/images/citrus greening disease/google_0191.jpg,Orange___Haunglongbing_(Citrus_greening),fit
plantwild/extracted/plantwild/images/citrus greening disease/78 - Copy (2).jpg,Orange___Haunglongbing_(Citrus_greening),fit
plantwild/extracted/plantwild/images/citrus greening disease/google_0354.jpg,Orange___Haunglongbing_(Citrus_greening),fit
plantwild/extracted/plantwild/images/citrus greening disease/google_0022.jpg,Orange___Haunglongbing_(Citrus_greening),fit
plantwild/extracted/plantwild/images/citrus greening disease/google_0158.jpg,Orange___Haunglongbing_(Citrus_greening),fit
plantwild/extracted/plantwild/images/citrus greening disease/17.jpg,Orange___Haunglongbing_(Citrus_greening),fit
plantwild/extracted/plantwild/images/citrus greening disease/google_0296.jpg,Orange___Haunglongbing_(Citrus_greening),fit
plantwild/extracted/plantwild/images/citrus greening disease/google_0052.jpg,Orange___Haunglongbing_(Citrus_greening),fit
plantwild/extracted/plantwild/images/citrus greening disease/google_0329.jpg,Orange___Haunglongbing_(Citrus_greening),fit
plantwild/extracted/plantwild/images/citrus greening disease/google_0207.jpg,Orange___Haunglongbing_(Citrus_greening),fit
plantwild/extracted/plantwild/images/citrus greening disease/google_0120.jpg,Orange___Haunglongbing_(Citrus_greening),fit
plantwild/extracted/plantwild/images/citrus greening disease/75.jpg,Orange___Haunglongbing_(Citrus_greening),fit
plantwild/extracted/plantwild/images/citrus greening disease/22.jpg,Orange___Haunglongbing_(Citrus_greening),fit
plantwild/extracted/plantwild/images/citrus greening disease/google_0226.jpg,Orange___Haunglongbing_(Citrus_greening),fit
plantwild/extracted/plantwild/images/citrus greening disease/google_0127.jpg,Orange___Haunglongbing_(Citrus_greening),fit
plantwild/extracted/plantwild/images/citrus greening disease/google_0298.jpg,Orange___Haunglongbing_(Citrus_greening),fit
plantwild/extracted/plantwild/images/citrus greening disease/google_0011 - Copy.jpg,Orange___Haunglongbing_(Citrus_greening),fit
plantwild/extracted/plantwild/images/citrus greening disease/88.jpg,Orange___Haunglongbing_(Citrus_greening),fit
plantwild/extracted/plantwild/images/citrus greening disease/google_0019.jpg,Orange___Haunglongbing_(Citrus_greening),fit
plantwild/extracted/plantwild/images/citrus greening disease/12 - Copy.jpg,Orange___Haunglongbing_(Citrus_greening),fit
plantwild/extracted/plantwild/images/citrus greening disease/45.jpg,Orange___Haunglongbing_(Citrus_greening),fit
plantwild/extracted/plantwild/images/citrus greening disease/71.jpg,Orange___Haunglongbing_(Citrus_greening),fit
plantwild/extracted/plantwild/images/citrus greening disease/google_0216.jpg,Orange___Haunglongbing_(Citrus_greening),fit
plantwild/extracted/plantwild/images/citrus greening disease/26.jpg,Orange___Haunglongbing_(Citrus_greening),fit
plantwild/extracted/plantwild/images/citrus greening disease/google_0041.jpg,Orange___Haunglongbing_(Citrus_greening),fit
plantwild/extracted/plantwild/images/citrus greening disease/google_0172.jpg,Orange___Haunglongbing_(Citrus_greening),fit
plantwild/extracted/plantwild/images/citrus greening disease/google_0046.jpg,Orange___Haunglongbing_(Citrus_greening),fit
plantwild/extracted/plantwild/images/citrus greening disease/39.jpg,Orange___Haunglongbing_(Citrus_greening),fit
plantwild/extracted/plantwild/images/citrus greening disease/google_0062.jpg,Orange___Haunglongbing_(Citrus_greening),fit
plantwild/extracted/plantwild/images/citrus greening disease/google_0004.jpg,Orange___Haunglongbing_(Citrus_greening),fit
plantwild/extracted/plantwild/images/citrus greening disease/google_0126.jpg,Orange___Haunglongbing_(Citrus_greening),fit
plantwild/extracted/plantwild/images/citrus greening disease/18.jpg,Orange___Haunglongbing_(Citrus_greening),fit
plantwild/extracted/plantwild/images/citrus greening disease/google_0037.jpg,Orange___Haunglongbing_(Citrus_greening),fit
plantwild/extracted/plantwild/images/citrus greening disease/65.jpg,Orange___Haunglongbing_(Citrus_greening),fit
plantwild/extracted/plantwild/images/citrus greening disease/google_0048.jpg,Orange___Haunglongbing_(Citrus_greening),fit
plantwild/extracted/plantwild/images/citrus greening disease/49.jpg,Orange___Haunglongbing_(Citrus_greening),fit
plantwild/extracted/plantwild/images/citrus greening disease/google_0227.jpg,Orange___Haunglongbing_(Citrus_greening),fit
plantwild/extracted/plantwild/images/citrus greening disease/google_0079.jpg,Orange___Haunglongbing_(Citrus_greening),fit
plantwild/extracted/plantwild/images/citrus greening disease/76.jpg,Orange___Haunglongbing_(Citrus_greening),fit
plantwild/extracted/plantwild/images/citrus greening disease/google_0028.jpg,Orange___Haunglongbing_(Citrus_greening),fit
plantwild/extracted/plantwild/images/citrus greening disease/google_0085.jpg,Orange___Haunglongbing_(Citrus_greening),fit
plantwild/extracted/plantwild/images/citrus greening disease/google_0188.jpg,Orange___Haunglongbing_(Citrus_greening),fit
plantwild/extracted/plantwild/images/citrus greening disease/google_0306.jpg,Orange___Haunglongbing_(Citrus_greening),fit
plantwild/extracted/plantwild/images/citrus greening disease/google_0187.jpg,Orange___Haunglongbing_(Citrus_greening),fit
plantwild/extracted/plantwild/images/citrus greening disease/10.jpg,Orange___Haunglongbing_(Citrus_greening),fit
plantwild/extracted/plantwild/images/citrus greening disease/56 - Copy.jpg,Orange___Haunglongbing_(Citrus_greening),fit
plantwild/extracted/plantwild/images/citrus greening disease/google_0251.jpg,Orange___Haunglongbing_(Citrus_greening),fit
plantwild/extracted/plantwild/images/citrus greening disease/google_0072.jpg,Orange___Haunglongbing_(Citrus_greening),fit
plantwild/extracted/plantwild/images/citrus greening disease/google_0189.jpg,Orange___Haunglongbing_(Citrus_greening),fit
plantwild/extracted/plantwild/images/citrus greening disease/google_0363.jpg,Orange___Haunglongbing_(Citrus_greening),fit
plantwild/extracted/plantwild/images/citrus greening disease/93.jpg,Orange___Haunglongbing_(Citrus_greening),fit
plantwild/extracted/plantwild/images/citrus greening disease/108.jpg,Orange___Haunglongbing_(Citrus_greening),fit
plantwild/extracted/plantwild/images/citrus greening disease/56.jpg,Orange___Haunglongbing_(Citrus_greening),fit
plantwild/extracted/plantwild/images/citrus greening disease/60 - Copy.jpg,Orange___Haunglongbing_(Citrus_greening),fit
plantwild/extracted/plantwild/images/citrus greening disease/google_0121.jpg,Orange___Haunglongbing_(Citrus_greening),fit
plantwild/extracted/plantwild/images/citrus greening disease/google_0328.jpg,Orange___Haunglongbing_(Citrus_greening),fit
plantwild/extracted/plantwild/images/citrus greening disease/google_0150.jpg,Orange___Haunglongbing_(Citrus_greening),fit
plantwild/extracted/plantwild/images/citrus greening disease/26 - Copy.jpg,Orange___Haunglongbing_(Citrus_greening),fit
plantwild/extracted/plantwild/images/citrus greening disease/google_0355.jpg,Orange___Haunglongbing_(Citrus_greening),fit
plantwild/extracted/plantwild/images/citrus greening disease/google_0231.jpg,Orange___Haunglongbing_(Citrus_greening),fit
plantwild/extracted/plantwild/images/citrus greening disease/google_0097.jpg,Orange___Haunglongbing_(Citrus_greening),fit
plantwild/extracted/plantwild/images/citrus greening disease/67.jpg,Orange___Haunglongbing_(Citrus_greening),fit
plantwild/extracted/plantwild/images/citrus greening disease/60 - Copy (2).jpg,Orange___Haunglongbing_(Citrus_greening),fit
plantwild/extracted/plantwild/images/citrus greening disease/google_0253.jpg,Orange___Haunglongbing_(Citrus_greening),fit
plantwild/extracted/plantwild/images/citrus greening disease/google_0182.jpg,Orange___Haunglongbing_(Citrus_greening),fit
plantwild/extracted/plantwild/images/citrus greening disease/24.jpg,Orange___Haunglongbing_(Citrus_greening),fit
plantwild/extracted/plantwild/images/citrus greening disease/78 - Copy.jpg,Orange___Haunglongbing_(Citrus_greening),fit
plantwild/extracted/plantwild/images/citrus greening disease/25.jpg,Orange___Haunglongbing_(Citrus_greening),fit
plantwild/extracted/plantwild/images/citrus greening disease/google_0060.jpg,Orange___Haunglongbing_(Citrus_greening),fit
plantwild/extracted/plantwild/images/citrus greening disease/39 - Copy (2).jpg,Orange___Haunglongbing_(Citrus_greening),fit
plantwild/extracted/plantwild/images/citrus greening disease/google_0013.jpg,Orange___Haunglongbing_(Citrus_greening),fit
plantwild/extracted/plantwild/images/citrus greening disease/google_0070.jpg,Orange___Haunglongbing_(Citrus_greening),fit
plantwild/extracted/plantwild/images/citrus greening disease/google_0125.jpg,Orange___Haunglongbing_(Citrus_greening),fit
plantwild/extracted/plantwild/images/citrus greening disease/google_0005.jpg,Orange___Haunglongbing_(Citrus_greening),fit
plantwild/extracted/plantwild/images/citrus greening disease/15.jpg,Orange___Haunglongbing_(Citrus_greening),fit
plantwild/extracted/plantwild/images/citrus greening disease/google_0001.jpg,Orange___Haunglongbing_(Citrus_greening),fit
plantwild/extracted/plantwild/images/citrus greening disease/50.jpg,Orange___Haunglongbing_(Citrus_greening),fit
plantwild/extracted/plantwild/images/citrus greening disease/google_0117.jpg,Orange___Haunglongbing_(Citrus_greening),fit
plantwild/extracted/plantwild/images/citrus greening disease/16.jpg,Orange___Haunglongbing_(Citrus_greening),fit
plantwild/extracted/plantwild/images/citrus greening disease/google_0133.jpg,Orange___Haunglongbing_(Citrus_greening),fit
plantwild/extracted/plantwild/images/citrus greening disease/google_0026.jpg,Orange___Haunglongbing_(Citrus_greening),fit
plantwild/extracted/plantwild/images/citrus greening disease/11.jpg,Orange___Haunglongbing_(Citrus_greening),fit
plantwild/extracted/plantwild/images/citrus greening disease/google_0222.jpg,Orange___Haunglongbing_(Citrus_greening),fit
plantwild/extracted/plantwild/images/citrus greening disease/12.jpg,Orange___Haunglongbing_(Citrus_greening),fit
plantwild/extracted/plantwild/images/citrus greening disease/48.jpg,Orange___Haunglongbing_(Citrus_greening),fit
plantwild/extracted/plantwild/images/citrus greening disease/61.jpg,Orange___Haunglongbing_(Citrus_greening),fit
plantwild/extracted/plantwild/images/citrus greening disease/google_0229.jpg,Orange___Haunglongbing_(Citrus_greening),fit
plantwild/extracted/plantwild/images/citrus greening disease/google_0147.jpg,Orange___Haunglongbing_(Citrus_greening),fit
plantwild/extracted/plantwild/images/citrus greening disease/google_0086.jpg,Orange___Haunglongbing_(Citrus_greening),fit
plantwild/extracted/plantwild/images/citrus greening disease/14.jpg,Orange___Haunglongbing_(Citrus_greening),fit
plantwild/extracted/plantwild/images/citrus greening disease/68.jpg,Orange___Haunglongbing_(Citrus_greening),fit
plantwild/extracted/plantwild/images/citrus greening disease/51.jpg,Orange___Haunglongbing_(Citrus_greening),fit
plantwild/extracted/plantwild/images/citrus greening disease/google_0185.jpg,Orange___Haunglongbing_(Citrus_greening),fit
plantwild/extracted/plantwild/images/citrus greening disease/google_0160.jpg,Orange___Haunglongbing_(Citrus_greening),fit
plantwild/extracted/plantwild/images/citrus greening disease/google_0154.jpg,Orange___Haunglongbing_(Citrus_greening),fit
plantwild/extracted/plantwild/images/citrus greening disease/google_0083.jpg,Orange___Haunglongbing_(Citrus_greening),fit
plantwild/extracted/plantwild/images/citrus greening disease/google_0047.jpg,Orange___Haunglongbing_(Citrus_greening),fit
plantwild/extracted/plantwild/images/citrus greening disease/google_0008.jpg,Orange___Haunglongbing_(Citrus_greening),fit
plantwild/extracted/plantwild/images/citrus greening disease/95.jpg,Orange___Haunglongbing_(Citrus_greening),fit
plantwild/extracted/plantwild/images/citrus greening disease/google_0010.jpg,Orange___Haunglongbing_(Citrus_greening),fit
plantwild/extracted/plantwild/images/citrus greening disease/42.jpg,Orange___Haunglongbing_(Citrus_greening),fit
plantwild/extracted/plantwild/images/citrus greening disease/google_0237.jpg,Orange___Haunglongbing_(Citrus_greening),fit
plantwild/extracted/plantwild/images/citrus greening disease/google_0140.jpg,Orange___Haunglongbing_(Citrus_greening),fit
plantwild/extracted/plantwild/images/citrus greening disease/google_0029.jpg,Orange___Haunglongbing_(Citrus_greening),fit
plantwild/extracted/plantwild/images/citrus greening disease/85.jpg,Orange___Haunglongbing_(Citrus_greening),fit
plantwild/extracted/plantwild/images/citrus greening disease/28.jpg,Orange___Haunglongbing_(Citrus_greening),fit
plantwild/extracted/plantwild/images/citrus greening disease/google_0058.jpg,Orange___Haunglongbing_(Citrus_greening),fit
plantwild/extracted/plantwild/images/citrus greening disease/google_0221.jpg,Orange___Haunglongbing_(Citrus_greening),fit
plantwild/extracted/plantwild/images/citrus greening disease/google_0009.jpg,Orange___Haunglongbing_(Citrus_greening),fit
plantwild/extracted/plantwild/images/citrus greening disease/46.jpg,Orange___Haunglongbing_(Citrus_greening),fit
plantwild/extracted/plantwild/images/citrus greening disease/google_0064.jpg,Orange___Haunglongbing_(Citrus_greening),fit
plantwild/extracted/plantwild/images/citrus greening disease/google_0214.jpg,Orange___Haunglongbing_(Citrus_greening),fit
plantwild/extracted/plantwild/images/citrus greening disease/google_0252.jpg,Orange___Haunglongbing_(Citrus_greening),fit
plantwild/extracted/plantwild/images/citrus greening disease/google_0015.jpg,Orange___Haunglongbing_(Citrus_greening),fit
plantwild/extracted/plantwild/images/citrus greening disease/google_0253 - Copy (2).jpg,Orange___Haunglongbing_(Citrus_greening),fit
plantwild/extracted/plantwild/images/citrus greening disease/google_0145.jpg,Orange___Haunglongbing_(Citrus_greening),fit
plantwild/extracted/plantwild/images/citrus greening disease/google_0305.jpg,Orange___Haunglongbing_(Citrus_greening),fit
plantwild/extracted/plantwild/images/citrus greening disease/google_0091.jpg,Orange___Haunglongbing_(Citrus_greening),fit
plantwild/extracted/plantwild/images/citrus greening disease/google_0081.jpg,Orange___Haunglongbing_(Citrus_greening),fit
plantwild/extracted/plantwild/images/citrus greening disease/google_0069.jpg,Orange___Haunglongbing_(Citrus_greening),fit
plantwild/extracted/plantwild/images/citrus greening disease/google_0067.jpg,Orange___Haunglongbing_(Citrus_greening),fit
plantwild/extracted/plantwild/images/citrus greening disease/60.jpg,Orange___Haunglongbing_(Citrus_greening),fit
plantwild/extracted/plantwild/images/citrus greening disease/74.jpg,Orange___Haunglongbing_(Citrus_greening),fit
plantwild/extracted/plantwild/images/citrus greening disease/27.jpg,Orange___Haunglongbing_(Citrus_greening),fit
plantwild/extracted/plantwild/images/citrus greening disease/103.jpg,Orange___Haunglongbing_(Citrus_greening),fit
plantwild/extracted/plantwild/images/citrus greening disease/google_0137.jpg,Orange___Haunglongbing_(Citrus_greening),fit
plantwild/extracted/plantwild/images/citrus greening disease/google_0038.jpg,Orange___Haunglongbing_(Citrus_greening),fit
plantwild/extracted/plantwild/images/citrus greening disease/google_0003.jpg,Orange___Haunglongbing_(Citrus_greening),fit
plantwild/extracted/plantwild/images/citrus greening disease/google_0199.jpg,Orange___Haunglongbing_(Citrus_greening),fit
plantwild/extracted/plantwild/images/citrus greening disease/google_0236.jpg,Orange___Haunglongbing_(Citrus_greening),fit
plantwild/extracted/plantwild/images/citrus greening disease/130.jpg,Orange___Haunglongbing_(Citrus_greening),fit
plantwild/extracted/plantwild/images/citrus greening disease/google_0119.jpg,Orange___Haunglongbing_(Citrus_greening),fit
plantwild/extracted/plantwild/images/citrus greening disease/5.jpg,Orange___Haunglongbing_(Citrus_greening),fit
plantwild/extracted/plantwild/images/citrus greening disease/google_0011 - Copy (2).jpg,Orange___Haunglongbing_(Citrus_greening),fit
plantwild/extracted/plantwild/images/citrus greening disease/70 - Copy.jpg,Orange___Haunglongbing_(Citrus_greening),fit
plantwild/extracted/plantwild/images/peach leaf/google_0035.jpg,Peach___healthy,fit
plantwild/extracted/plantwild/images/peach leaf/google_0159.jpg,Peach___healthy,fit
plantwild/extracted/plantwild/images/peach leaf/31.jpg,Peach___healthy,fit
plantwild/extracted/plantwild/images/peach leaf/google_0083.jpg,Peach___healthy,fit
plantwild/extracted/plantwild/images/peach leaf/17.jpg,Peach___healthy,fit
plantwild/extracted/plantwild/images/peach leaf/41 - Copy (2).jpg,Peach___healthy,fit
plantwild/extracted/plantwild/images/peach leaf/86.jpg,Peach___healthy,fit
plantwild/extracted/plantwild/images/peach leaf/234.jpg,Peach___healthy,fit
plantwild/extracted/plantwild/images/peach leaf/50.jpg,Peach___healthy,fit
plantwild/extracted/plantwild/images/peach leaf/21.jpg,Peach___healthy,fit
plantwild/extracted/plantwild/images/peach leaf/100.jpg,Peach___healthy,fit
plantwild/extracted/plantwild/images/peach leaf/56.jpg,Peach___healthy,fit
plantwild/extracted/plantwild/images/peach leaf/111.jpg,Peach___healthy,fit
plantwild/extracted/plantwild/images/peach leaf/google_0058.jpg,Peach___healthy,fit
plantwild/extracted/plantwild/images/peach leaf/297.jpg,Peach___healthy,fit
plantwild/extracted/plantwild/images/peach leaf/147.jpg,Peach___healthy,fit
plantwild/extracted/plantwild/images/peach leaf/24.jpg,Peach___healthy,fit
plantwild/extracted/plantwild/images/peach leaf/216.jpg,Peach___healthy,fit
plantwild/extracted/plantwild/images/peach leaf/194.jpg,Peach___healthy,fit
plantwild/extracted/plantwild/images/peach leaf/145.jpg,Peach___healthy,fit
plantwild/extracted/plantwild/images/peach leaf/35.jpg,Peach___healthy,fit
plantwild/extracted/plantwild/images/peach leaf/106.jpg,Peach___healthy,fit
plantwild/extracted/plantwild/images/peach leaf/32.jpg,Peach___healthy,fit
plantwild/extracted/plantwild/images/peach leaf/10.jpg,Peach___healthy,fit
plantwild/extracted/plantwild/images/peach leaf/152.jpg,Peach___healthy,fit
plantwild/extracted/plantwild/images/peach leaf/22.jpg,Peach___healthy,fit
plantwild/extracted/plantwild/images/peach leaf/google_0063.jpg,Peach___healthy,fit
plantwild/extracted/plantwild/images/peach leaf/182.jpg,Peach___healthy,fit
plantwild/extracted/plantwild/images/peach leaf/8.jpg,Peach___healthy,fit
plantwild/extracted/plantwild/images/peach leaf/google_0117.jpg,Peach___healthy,fit
plantwild/extracted/plantwild/images/peach leaf/google_0005.jpg,Peach___healthy,fit
plantwild/extracted/plantwild/images/peach leaf/google_0212.jpg,Peach___healthy,fit
plantwild/extracted/plantwild/images/peach leaf/4.jpg,Peach___healthy,fit
plantwild/extracted/plantwild/images/peach leaf/257.jpg,Peach___healthy,fit
plantwild/extracted/plantwild/images/peach leaf/25.jpg,Peach___healthy,fit
plantwild/extracted/plantwild/images/peach leaf/212.jpg,Peach___healthy,fit
plantwild/extracted/plantwild/images/peach leaf/59.jpg,Peach___healthy,fit
plantwild/extracted/plantwild/images/peach leaf/172.jpg,Peach___healthy,fit
plantwild/extracted/plantwild/images/peach leaf/157.jpg,Peach___healthy,fit
plantwild/extracted/plantwild/images/peach leaf/143.jpg,Peach___healthy,fit
plantwild/extracted/plantwild/images/peach leaf/google_0263.jpg,Peach___healthy,fit
plantwild/extracted/plantwild/images/peach leaf/61.jpg,Peach___healthy,fit
plantwild/extracted/plantwild/images/peach leaf/google_0012.jpg,Peach___healthy,fit
plantwild/extracted/plantwild/images/peach leaf/15.jpg,Peach___healthy,fit
plantwild/extracted/plantwild/images/peach leaf/google_0311.jpg,Peach___healthy,fit
plantwild/extracted/plantwild/images/peach leaf/173.jpg,Peach___healthy,fit
plantwild/extracted/plantwild/images/peach leaf/google_0178.jpg,Peach___healthy,fit
plantwild/extracted/plantwild/images/peach leaf/26.jpg,Peach___healthy,fit
plantwild/extracted/plantwild/images/peach leaf/11.jpg,Peach___healthy,fit
plantwild/extracted/plantwild/images/peach leaf/184.jpg,Peach___healthy,fit
plantwild/extracted/plantwild/images/peach leaf/189.jpg,Peach___healthy,fit
plantwild/extracted/plantwild/images/peach leaf/1.jpg,Peach___healthy,fit
plantwild/extracted/plantwild/images/peach leaf/36.jpg,Peach___healthy,fit
plantwild/extracted/plantwild/images/peach leaf/148.jpg,Peach___healthy,fit
plantwild/extracted/plantwild/images/peach leaf/44.jpg,Peach___healthy,fit
plantwild/extracted/plantwild/images/peach leaf/google_0082.jpg,Peach___healthy,fit
plantwild/extracted/plantwild/images/peach leaf/150.jpg,Peach___healthy,fit
plantwild/extracted/plantwild/images/peach leaf/google_0136.jpg,Peach___healthy,fit
plantwild/extracted/plantwild/images/peach leaf/7.jpg,Peach___healthy,fit
plantwild/extracted/plantwild/images/peach leaf/30.jpg,Peach___healthy,fit
plantwild/extracted/plantwild/images/peach leaf/185.jpg,Peach___healthy,fit
plantwild/extracted/plantwild/images/peach leaf/163.jpg,Peach___healthy,fit
plantwild/extracted/plantwild/images/peach leaf/153.jpg,Peach___healthy,fit
plantwild/extracted/plantwild/images/peach leaf/9.jpg,Peach___healthy,fit
plantwild/extracted/plantwild/images/peach leaf/138.jpg,Peach___healthy,fit
plantwild/extracted/plantwild/images/peach leaf/google_0009.jpg,Peach___healthy,fit
plantwild/extracted/plantwild/images/peach leaf/186.jpg,Peach___healthy,fit
plantwild/extracted/plantwild/images/peach leaf/20.jpg,Peach___healthy,fit
plantwild/extracted/plantwild/images/peach leaf/34.jpg,Peach___healthy,fit
plantwild/extracted/plantwild/images/peach leaf/google_0218.jpg,Peach___healthy,fit
plantwild/extracted/plantwild/images/peach leaf/227.jpg,Peach___healthy,fit
plantwild/extracted/plantwild/images/peach leaf/19.jpg,Peach___healthy,fit
plantwild/extracted/plantwild/images/peach leaf/google_0054.jpg,Peach___healthy,fit
plantwild/extracted/plantwild/images/peach leaf/65.jpg,Peach___healthy,fit
plantwild/extracted/plantwild/images/peach leaf/146.jpg,Peach___healthy,fit
plantwild/extracted/plantwild/images/peach leaf/161.jpg,Peach___healthy,fit
plantwild/extracted/plantwild/images/peach leaf/283.jpg,Peach___healthy,fit
plantwild/extracted/plantwild/images/peach leaf/146 - Copy (3).jpg,Peach___healthy,fit
plantwild/extracted/plantwild/images/peach leaf/41 - Copy (3).jpg,Peach___healthy,fit
plantwild/extracted/plantwild/images/peach leaf/46.jpg,Peach___healthy,fit
plantwild/extracted/plantwild/images/peach leaf/2.jpg,Peach___healthy,fit
plantwild/extracted/plantwild/images/peach leaf/78.jpg,Peach___healthy,fit
plantwild/extracted/plantwild/images/peach leaf/142.jpg,Peach___healthy,fit
plantwild/extracted/plantwild/images/peach leaf/236.jpg,Peach___healthy,fit
plantwild/extracted/plantwild/images/peach leaf/165.jpg,Peach___healthy,fit
plantwild/extracted/plantwild/images/peach leaf/google_0173.jpg,Peach___healthy,fit
plantwild/extracted/plantwild/images/peach leaf/38.jpg,Peach___healthy,fit
plantwild/extracted/plantwild/images/peach leaf/170.jpg,Peach___healthy,fit
plantwild/extracted/plantwild/images/peach leaf/174.jpg,Peach___healthy,fit
plantwild/extracted/plantwild/images/peach leaf/58.jpg,Peach___healthy,fit
plantwild/extracted/plantwild/images/peach leaf/google_0068.jpg,Peach___healthy,fit
plantwild/extracted/plantwild/images/peach leaf/281.jpg,Peach___healthy,fit
plantwild/extracted/plantwild/images/peach leaf/166.jpg,Peach___healthy,fit
plantwild/extracted/plantwild/images/peach leaf/google_0077.jpg,Peach___healthy,fit
plantwild/extracted/plantwild/images/peach leaf/google_0343.jpg,Peach___healthy,fit
plantwild/extracted/plantwild/images/peach leaf/263.jpg,Peach___healthy,fit
plantwild/extracted/plantwild/images/peach leaf/google_0234.jpg,Peach___healthy,fit
plantwild/extracted/plantwild/images/peach leaf/51.jpg,Peach___healthy,fit
plantwild/extracted/plantwild/images/peach leaf/google_0328.jpg,Peach___healthy,fit
plantwild/extracted/plantwild/images/peach leaf/146 - Copy.jpg,Peach___healthy,fit
plantwild/extracted/plantwild/images/peach leaf/99.jpg,Peach___healthy,fit
plantwild/extracted/plantwild/images/peach leaf/google_0308.jpg,Peach___healthy,fit
plantwild/extracted/plantwild/images/peach leaf/202.jpg,Peach___healthy,fit
plantwild/extracted/plantwild/images/peach leaf/3.jpg,Peach___healthy,fit
plantwild/extracted/plantwild/images/peach leaf/29.jpg,Peach___healthy,fit
plantwild/extracted/plantwild/images/peach leaf/40.jpg,Peach___healthy,fit
plantwild/extracted/plantwild/images/peach leaf/google_0001.jpg,Peach___healthy,fit
plantwild/extracted/plantwild/images/peach leaf/39.jpg,Peach___healthy,fit
plantwild/extracted/plantwild/images/peach leaf/28.jpg,Peach___healthy,fit
plantwild/extracted/plantwild/images/peach leaf/41.jpg,Peach___healthy,fit
plantwild/extracted/plantwild/images/bell pepper leaf spot/google_0064.jpg,"Pepper,_bell___Bacterial_spot",fit
plantwild/extracted/plantwild/images/bell pepper leaf spot/google_0023.jpg,"Pepper,_bell___Bacterial_spot",fit
plantwild/extracted/plantwild/images/bell pepper leaf spot/google_0073.jpg,"Pepper,_bell___Bacterial_spot",fit
plantwild/extracted/plantwild/images/bell pepper leaf spot/13.jpg,"Pepper,_bell___Bacterial_spot",fit
plantwild/extracted/plantwild/images/bell pepper leaf spot/google_0069.jpg,"Pepper,_bell___Bacterial_spot",fit
plantwild/extracted/plantwild/images/bell pepper leaf spot/google_0280.jpg,"Pepper,_bell___Bacterial_spot",fit
plantwild/extracted/plantwild/images/bell pepper leaf spot/20.jpg,"Pepper,_bell___Bacterial_spot",fit
plantwild/extracted/plantwild/images/bell pepper leaf spot/google_0027.jpg,"Pepper,_bell___Bacterial_spot",fit
plantwild/extracted/plantwild/images/bell pepper leaf spot/google_0007.jpg,"Pepper,_bell___Bacterial_spot",fit
plantwild/extracted/plantwild/images/bell pepper leaf spot/google_0009.jpg,"Pepper,_bell___Bacterial_spot",fit
plantwild/extracted/plantwild/images/bell pepper leaf spot/google_0053.jpg,"Pepper,_bell___Bacterial_spot",fit
plantwild/extracted/plantwild/images/bell pepper leaf spot/google_0047.jpg,"Pepper,_bell___Bacterial_spot",fit
plantwild/extracted/plantwild/images/bell pepper leaf spot/google_0012.jpg,"Pepper,_bell___Bacterial_spot",fit
plantwild/extracted/plantwild/images/bell pepper leaf spot/google_0057.jpg,"Pepper,_bell___Bacterial_spot",fit
plantwild/extracted/plantwild/images/bell pepper leaf spot/29 - Copy (3).jpg,"Pepper,_bell___Bacterial_spot",fit
plantwild/extracted/plantwild/images/bell pepper leaf spot/google_0122.jpg,"Pepper,_bell___Bacterial_spot",fit
plantwild/extracted/plantwild/images/bell pepper leaf spot/google_0206.jpg,"Pepper,_bell___Bacterial_spot",fit
plantwild/extracted/plantwild/images/bell pepper leaf spot/google_0147.jpg,"Pepper,_bell___Bacterial_spot",fit
plantwild/extracted/plantwild/images/bell pepper leaf spot/11.jpg,"Pepper,_bell___Bacterial_spot",fit
plantwild/extracted/plantwild/images/bell pepper leaf spot/google_0003.jpg,"Pepper,_bell___Bacterial_spot",fit
plantwild/extracted/plantwild/images/bell pepper leaf spot/google_0216.jpg,"Pepper,_bell___Bacterial_spot",fit
plantwild/extracted/plantwild/images/bell pepper leaf spot/12.jpg,"Pepper,_bell___Bacterial_spot",fit
plantwild/extracted/plantwild/images/bell pepper leaf spot/google_0136.jpg,"Pepper,_bell___Bacterial_spot",fit
plantwild/extracted/plantwild/images/bell pepper leaf spot/google_0097.jpg,"Pepper,_bell___Bacterial_spot",fit
plantwild/extracted/plantwild/images/bell pepper leaf spot/google_0297.jpg,"Pepper,_bell___Bacterial_spot",fit
plantwild/extracted/plantwild/images/bell pepper leaf spot/51.jpg,"Pepper,_bell___Bacterial_spot",fit
plantwild/extracted/plantwild/images/bell pepper leaf spot/google_0307.jpg,"Pepper,_bell___Bacterial_spot",fit
plantwild/extracted/plantwild/images/bell pepper leaf spot/google_0083.jpg,"Pepper,_bell___Bacterial_spot",fit
plantwild/extracted/plantwild/images/bell pepper leaf spot/google_0065.jpg,"Pepper,_bell___Bacterial_spot",fit
plantwild/extracted/plantwild/images/bell pepper leaf spot/google_0004.jpg,"Pepper,_bell___Bacterial_spot",fit
plantwild/extracted/plantwild/images/bell pepper leaf spot/44.jpg,"Pepper,_bell___Bacterial_spot",fit
plantwild/extracted/plantwild/images/bell pepper leaf spot/google_0208.jpg,"Pepper,_bell___Bacterial_spot",fit
plantwild/extracted/plantwild/images/bell pepper leaf spot/google_0006.jpg,"Pepper,_bell___Bacterial_spot",fit
plantwild/extracted/plantwild/images/bell pepper leaf spot/google_0361.jpg,"Pepper,_bell___Bacterial_spot",fit
plantwild/extracted/plantwild/images/bell pepper leaf spot/4.jpg,"Pepper,_bell___Bacterial_spot",fit
plantwild/extracted/plantwild/images/bell pepper leaf spot/google_0089.jpg,"Pepper,_bell___Bacterial_spot",fit
plantwild/extracted/plantwild/images/bell pepper leaf spot/google_0091.jpg,"Pepper,_bell___Bacterial_spot",fit
plantwild/extracted/plantwild/images/bell pepper leaf spot/google_0011.jpg,"Pepper,_bell___Bacterial_spot",fit
plantwild/extracted/plantwild/images/bell pepper leaf spot/google_0022.jpg,"Pepper,_bell___Bacterial_spot",fit
plantwild/extracted/plantwild/images/bell pepper leaf spot/google_0048.jpg,"Pepper,_bell___Bacterial_spot",fit
plantwild/extracted/plantwild/images/bell pepper leaf spot/google_0092.jpg,"Pepper,_bell___Bacterial_spot",fit
plantwild/extracted/plantwild/images/bell pepper leaf spot/google_0153.jpg,"Pepper,_bell___Bacterial_spot",fit
plantwild/extracted/plantwild/images/bell pepper leaf spot/google_0040.jpg,"Pepper,_bell___Bacterial_spot",fit
plantwild/extracted/plantwild/images/bell pepper leaf spot/41.jpg,"Pepper,_bell___Bacterial_spot",fit
plantwild/extracted/plantwild/images/bell pepper leaf spot/google_0071.jpg,"Pepper,_bell___Bacterial_spot",fit
plantwild/extracted/plantwild/images/bell pepper leaf spot/44 - Copy.jpg,"Pepper,_bell___Bacterial_spot",fit
plantwild/extracted/plantwild/images/bell pepper leaf spot/5.jpg,"Pepper,_bell___Bacterial_spot",fit
plantwild/extracted/plantwild/images/bell pepper leaf spot/google_0031.jpg,"Pepper,_bell___Bacterial_spot",fit
plantwild/extracted/plantwild/images/bell pepper leaf spot/google_0014.jpg,"Pepper,_bell___Bacterial_spot",fit
plantwild/extracted/plantwild/images/bell pepper leaf spot/18.jpg,"Pepper,_bell___Bacterial_spot",fit
plantwild/extracted/plantwild/images/bell pepper leaf spot/google_0095.jpg,"Pepper,_bell___Bacterial_spot",fit
plantwild/extracted/plantwild/images/bell pepper leaf spot/google_0090.jpg,"Pepper,_bell___Bacterial_spot",fit
plantwild/extracted/plantwild/images/bell pepper leaf spot/google_0314.jpg,"Pepper,_bell___Bacterial_spot",fit
plantwild/extracted/plantwild/images/bell pepper leaf spot/16.jpg,"Pepper,_bell___Bacterial_spot",fit
plantwild/extracted/plantwild/images/bell pepper leaf spot/google_0103.jpg,"Pepper,_bell___Bacterial_spot",fit
plantwild/extracted/plantwild/images/bell pepper leaf spot/google_0179.jpg,"Pepper,_bell___Bacterial_spot",fit
plantwild/extracted/plantwild/images/bell pepper leaf spot/google_0172.jpg,"Pepper,_bell___Bacterial_spot",fit
plantwild/extracted/plantwild/images/bell pepper leaf spot/google_0282.jpg,"Pepper,_bell___Bacterial_spot",fit
plantwild/extracted/plantwild/images/bell pepper leaf spot/7.jpg,"Pepper,_bell___Bacterial_spot",fit
plantwild/extracted/plantwild/images/bell pepper leaf spot/google_0062.jpg,"Pepper,_bell___Bacterial_spot",fit
plantwild/extracted/plantwild/images/bell pepper leaf spot/google_0137.jpg,"Pepper,_bell___Bacterial_spot",fit
plantwild/extracted/plantwild/images/bell pepper leaf spot/google_0182.jpg,"Pepper,_bell___Bacterial_spot",fit
plantwild/extracted/plantwild/images/bell pepper leaf spot/google_0102.jpg,"Pepper,_bell___Bacterial_spot",fit
plantwild/extracted/plantwild/images/bell pepper leaf spot/google_0196.jpg,"Pepper,_bell___Bacterial_spot",fit
plantwild/extracted/plantwild/images/bell pepper leaf spot/google_0026.jpg,"Pepper,_bell___Bacterial_spot",fit
plantwild/extracted/plantwild/images/bell pepper leaf spot/google_0213.jpg,"Pepper,_bell___Bacterial_spot",fit
plantwild/extracted/plantwild/images/bell pepper leaf spot/google_0337.jpg,"Pepper,_bell___Bacterial_spot",fit
plantwild/extracted/plantwild/images/bell pepper leaf spot/google_0162.jpg,"Pepper,_bell___Bacterial_spot",fit
plantwild/extracted/plantwild/images/bell pepper leaf spot/google_0085.jpg,"Pepper,_bell___Bacterial_spot",fit
plantwild/extracted/plantwild/images/bell pepper leaf spot/19.jpg,"Pepper,_bell___Bacterial_spot",fit
plantwild/extracted/plantwild/images/bell pepper leaf spot/39.jpg,"Pepper,_bell___Bacterial_spot",fit
plantwild/extracted/plantwild/images/bell pepper leaf spot/google_0096.jpg,"Pepper,_bell___Bacterial_spot",fit
plantwild/extracted/plantwild/images/bell pepper leaf spot/google_0035.jpg,"Pepper,_bell___Bacterial_spot",fit
plantwild/extracted/plantwild/images/bell pepper leaf spot/37.jpg,"Pepper,_bell___Bacterial_spot",fit
plantwild/extracted/plantwild/images/bell pepper leaf spot/google_0015.jpg,"Pepper,_bell___Bacterial_spot",fit
plantwild/extracted/plantwild/images/bell pepper leaf spot/google_0034.jpg,"Pepper,_bell___Bacterial_spot",fit
plantwild/extracted/plantwild/images/bell pepper leaf spot/google_0020.jpg,"Pepper,_bell___Bacterial_spot",fit
plantwild/extracted/plantwild/images/bell pepper leaf spot/google_0118.jpg,"Pepper,_bell___Bacterial_spot",fit
plantwild/extracted/plantwild/images/bell pepper leaf spot/29 - Copy (2).jpg,"Pepper,_bell___Bacterial_spot",fit
plantwild/extracted/plantwild/images/bell pepper leaf spot/google_0214.jpg,"Pepper,_bell___Bacterial_spot",fit
plantwild/extracted/plantwild/images/bell pepper leaf spot/google_0036.jpg,"Pepper,_bell___Bacterial_spot",fit
plantwild/extracted/plantwild/images/bell pepper leaf spot/google_0225.jpg,"Pepper,_bell___Bacterial_spot",fit
plantwild/extracted/plantwild/images/bell pepper leaf/google_0112.jpg,"Pepper,_bell___healthy",fit
plantwild/extracted/plantwild/images/bell pepper leaf/google_0253.jpg,"Pepper,_bell___healthy",fit
plantwild/extracted/plantwild/images/bell pepper leaf/9.jpg,"Pepper,_bell___healthy",fit
plantwild/extracted/plantwild/images/bell pepper leaf/154.jpg,"Pepper,_bell___healthy",fit
plantwild/extracted/plantwild/images/bell pepper leaf/14.jpg,"Pepper,_bell___healthy",fit
plantwild/extracted/plantwild/images/bell pepper leaf/245.jpg,"Pepper,_bell___healthy",fit
plantwild/extracted/plantwild/images/bell pepper leaf/google_0267.jpg,"Pepper,_bell___healthy",fit
plantwild/extracted/plantwild/images/bell pepper leaf/70.jpg,"Pepper,_bell___healthy",fit
plantwild/extracted/plantwild/images/bell pepper leaf/271.jpg,"Pepper,_bell___healthy",fit
plantwild/extracted/plantwild/images/bell pepper leaf/google_0174.jpg,"Pepper,_bell___healthy",fit
plantwild/extracted/plantwild/images/bell pepper leaf/45.jpg,"Pepper,_bell___healthy",fit
plantwild/extracted/plantwild/images/bell pepper leaf/266.jpg,"Pepper,_bell___healthy",fit
plantwild/extracted/plantwild/images/bell pepper leaf/google_0135.jpg,"Pepper,_bell___healthy",fit
plantwild/extracted/plantwild/images/bell pepper leaf/26.jpg,"Pepper,_bell___healthy",fit
plantwild/extracted/plantwild/images/bell pepper leaf/25.jpg,"Pepper,_bell___healthy",fit
plantwild/extracted/plantwild/images/bell pepper leaf/google_0177.jpg,"Pepper,_bell___healthy",fit
plantwild/extracted/plantwild/images/bell pepper leaf/google_0265.jpg,"Pepper,_bell___healthy",fit
plantwild/extracted/plantwild/images/bell pepper leaf/257.jpg,"Pepper,_bell___healthy",fit
plantwild/extracted/plantwild/images/bell pepper leaf/google_0017.jpg,"Pepper,_bell___healthy",fit
plantwild/extracted/plantwild/images/bell pepper leaf/206.jpg,"Pepper,_bell___healthy",fit
plantwild/extracted/plantwild/images/bell pepper leaf/46.jpg,"Pepper,_bell___healthy",fit
plantwild/extracted/plantwild/images/bell pepper leaf/213.jpg,"Pepper,_bell___healthy",fit
plantwild/extracted/plantwild/images/bell pepper leaf/google_0044.jpg,"Pepper,_bell___healthy",fit
plantwild/extracted/plantwild/images/bell pepper leaf/google_0094.jpg,"Pepper,_bell___healthy",fit
plantwild/extracted/plantwild/images/bell pepper leaf/160.jpg,"Pepper,_bell___healthy",fit
plantwild/extracted/plantwild/images/bell pepper leaf/19.jpg,"Pepper,_bell___healthy",fit
plantwild/extracted/plantwild/images/bell pepper leaf/52.jpg,"Pepper,_bell___healthy",fit
plantwild/extracted/plantwild/images/bell pepper leaf/google_0099.jpg,"Pepper,_bell___healthy",fit
plantwild/extracted/plantwild/images/bell pepper leaf/84.jpg,"Pepper,_bell___healthy",fit
plantwild/extracted/plantwild/images/bell pepper leaf/70 - Copy.jpg,"Pepper,_bell___healthy",fit
plantwild/extracted/plantwild/images/bell pepper leaf/275.jpg,"Pepper,_bell___healthy",fit
plantwild/extracted/plantwild/images/bell pepper leaf/google_0212.jpg,"Pepper,_bell___healthy",fit
plantwild/extracted/plantwild/images/bell pepper leaf/56.jpg,"Pepper,_bell___healthy",fit
plantwild/extracted/plantwild/images/bell pepper leaf/22.jpg,"Pepper,_bell___healthy",fit
plantwild/extracted/plantwild/images/bell pepper leaf/google_0161.jpg,"Pepper,_bell___healthy",fit
plantwild/extracted/plantwild/images/bell pepper leaf/google_0237.jpg,"Pepper,_bell___healthy",fit
plantwild/extracted/plantwild/images/bell pepper leaf/google_0117.jpg,"Pepper,_bell___healthy",fit
plantwild/extracted/plantwild/images/bell pepper leaf/60.jpg,"Pepper,_bell___healthy",fit
plantwild/extracted/plantwild/images/bell pepper leaf/198.jpg,"Pepper,_bell___healthy",fit
plantwild/extracted/plantwild/images/bell pepper leaf/163.jpg,"Pepper,_bell___healthy",fit
plantwild/extracted/plantwild/images/bell pepper leaf/259.jpg,"Pepper,_bell___healthy",fit
plantwild/extracted/plantwild/images/bell pepper leaf/54.jpg,"Pepper,_bell___healthy",fit
plantwild/extracted/plantwild/images/bell pepper leaf/205.jpg,"Pepper,_bell___healthy",fit
plantwild/extracted/plantwild/images/bell pepper leaf/108.jpg,"Pepper,_bell___healthy",fit
plantwild/extracted/plantwild/images/bell pepper leaf/49.jpg,"Pepper,_bell___healthy",fit
plantwild/extracted/plantwild/images/bell pepper leaf/58.jpg,"Pepper,_bell___healthy",fit
plantwild/extracted/plantwild/images/bell pepper leaf/8.jpg,"Pepper,_bell___healthy",fit
plantwild/extracted/plantwild/images/bell pepper leaf/google_0231.jpg,"Pepper,_bell___healthy",fit
plantwild/extracted/plantwild/images/bell pepper leaf/47.jpg,"Pepper,_bell___healthy",fit
plantwild/extracted/plantwild/images/bell pepper leaf/google_0026.jpg,"Pepper,_bell___healthy",fit
plantwild/extracted/plantwild/images/bell pepper leaf/42.jpg,"Pepper,_bell___healthy",fit
plantwild/extracted/plantwild/images/bell pepper leaf/273.jpg,"Pepper,_bell___healthy",fit
plantwild/extracted/plantwild/images/bell pepper leaf/6.jpg,"Pepper,_bell___healthy",fit
plantwild/extracted/plantwild/images/bell pepper leaf/16.jpg,"Pepper,_bell___healthy",fit
plantwild/extracted/plantwild/images/bell pepper leaf/253.jpg,"Pepper,_bell___healthy",fit
plantwild/extracted/plantwild/images/bell pepper leaf/google_0156.jpg,"Pepper,_bell___healthy",fit
plantwild/extracted/plantwild/images/bell pepper leaf/173.jpg,"Pepper,_bell___healthy",fit
plantwild/extracted/plantwild/images/bell pepper leaf/210.jpg,"Pepper,_bell___healthy",fit
plantwild/extracted/plantwild/images/bell pepper leaf/google_0251.jpg,"Pepper,_bell___healthy",fit
plantwild/extracted/plantwild/images/bell pepper leaf/96.jpg,"Pepper,_bell___healthy",fit
plantwild/extracted/plantwild/images/bell pepper leaf/4.jpg,"Pepper,_bell___healthy",fit
plantwild/extracted/plantwild/images/bell pepper leaf/google_0064.jpg,"Pepper,_bell___healthy",fit
plantwild/extracted/plantwild/images/bell pepper leaf/google_0198.jpg,"Pepper,_bell___healthy",fit
plantwild/extracted/plantwild/images/bell pepper leaf/google_0104.jpg,"Pepper,_bell___healthy",fit
plantwild/extracted/plantwild/images/bell pepper leaf/155.jpg,"Pepper,_bell___healthy",fit
plantwild/extracted/plantwild/images/bell pepper leaf/google_0015.jpg,"Pepper,_bell___healthy",fit
plantwild/extracted/plantwild/images/bell pepper leaf/73.jpg,"Pepper,_bell___healthy",fit
plantwild/extracted/plantwild/images/bell pepper leaf/61.jpg,"Pepper,_bell___healthy",fit
plantwild/extracted/plantwild/images/bell pepper leaf/google_0260.jpg,"Pepper,_bell___healthy",fit
plantwild/extracted/plantwild/images/bell pepper leaf/google_0004.jpg,"Pepper,_bell___healthy",fit
plantwild/extracted/plantwild/images/bell pepper leaf/google_0131.jpg,"Pepper,_bell___healthy",fit
plantwild/extracted/plantwild/images/bell pepper leaf/143.jpg,"Pepper,_bell___healthy",fit
plantwild/extracted/plantwild/images/bell pepper leaf/39.jpg,"Pepper,_bell___healthy",fit
plantwild/extracted/plantwild/images/bell pepper leaf/20.jpg,"Pepper,_bell___healthy",fit
plantwild/extracted/plantwild/images/bell pepper leaf/google_0229.jpg,"Pepper,_bell___healthy",fit
plantwild/extracted/plantwild/images/bell pepper leaf/90.jpg,"Pepper,_bell___healthy",fit
plantwild/extracted/plantwild/images/bell pepper leaf/google_0007.jpg,"Pepper,_bell___healthy",fit
plantwild/extracted/plantwild/images/bell pepper leaf/google_0070.jpg,"Pepper,_bell___healthy",fit
plantwild/extracted/plantwild/images/bell pepper leaf/google_0110.jpg,"Pepper,_bell___healthy",fit
plantwild/extracted/plantwild/images/bell pepper leaf/82.jpg,"Pepper,_bell___healthy",fit
plantwild/extracted/plantwild/images/bell pepper leaf/75.jpg,"Pepper,_bell___healthy",fit
plantwild/extracted/plantwild/images/bell pepper leaf/google_0157.jpg,"Pepper,_bell___healthy",fit
plantwild/extracted/plantwild/images/bell pepper leaf/79.jpg,"Pepper,_bell___healthy",fit
plantwild/extracted/plantwild/images/bell pepper leaf/google_0187.jpg,"Pepper,_bell___healthy",fit
plantwild/extracted/plantwild/images/bell pepper leaf/277.jpg,"Pepper,_bell___healthy",fit
plantwild/extracted/plantwild/images/bell pepper leaf/google_0119.jpg,"Pepper,_bell___healthy",fit
plantwild/extracted/plantwild/images/bell pepper leaf/32.jpg,"Pepper,_bell___healthy",fit
plantwild/extracted/plantwild/images/bell pepper leaf/93.jpg,"Pepper,_bell___healthy",fit
plantwild/extracted/plantwild/images/bell pepper leaf/248.jpg,"Pepper,_bell___healthy",fit
plantwild/extracted/plantwild/images/bell pepper leaf/33.jpg,"Pepper,_bell___healthy",fit
plantwild/extracted/plantwild/images/bell pepper leaf/google_0213.jpg,"Pepper,_bell___healthy",fit
plantwild/extracted/plantwild/images/bell pepper leaf/170.jpg,"Pepper,_bell___healthy",fit
plantwild/extracted/plantwild/images/bell pepper leaf/google_0081.jpg,"Pepper,_bell___healthy",fit
plantwild/extracted/plantwild/images/bell pepper leaf/google_0053.jpg,"Pepper,_bell___healthy",fit
plantwild/extracted/plantwild/images/bell pepper leaf/243.jpg,"Pepper,_bell___healthy",fit
plantwild/extracted/plantwild/images/bell pepper leaf/179.jpg,"Pepper,_bell___healthy",fit
plantwild/extracted/plantwild/images/bell pepper leaf/161.jpg,"Pepper,_bell___healthy",fit
plantwild/extracted/plantwild/images/bell pepper leaf/51.jpg,"Pepper,_bell___healthy",fit
plantwild/extracted/plantwild/images/bell pepper leaf/10.jpg,"Pepper,_bell___healthy",fit
plantwild/extracted/plantwild/images/bell pepper leaf/81.jpg,"Pepper,_bell___healthy",fit
plantwild/extracted/plantwild/images/bell pepper leaf/241.jpg,"Pepper,_bell___healthy",fit
plantwild/extracted/plantwild/images/bell pepper leaf/google_0140.jpg,"Pepper,_bell___healthy",fit
plantwild/extracted/plantwild/images/bell pepper leaf/google_0059.jpg,"Pepper,_bell___healthy",fit
plantwild/extracted/plantwild/images/bell pepper leaf/google_0141.jpg,"Pepper,_bell___healthy",fit
plantwild/extracted/plantwild/images/bell pepper leaf/35.jpg,"Pepper,_bell___healthy",fit
plantwild/extracted/plantwild/images/bell pepper leaf/177.jpg,"Pepper,_bell___healthy",fit
plantwild/extracted/plantwild/images/bell pepper leaf/219.jpg,"Pepper,_bell___healthy",fit
plantwild/extracted/plantwild/images/bell pepper leaf/12.jpg,"Pepper,_bell___healthy",fit
plantwild/extracted/plantwild/images/bell pepper leaf/207.jpg,"Pepper,_bell___healthy",fit
plantwild/extracted/plantwild/images/bell pepper leaf/109.jpg,"Pepper,_bell___healthy",fit
plantwild/extracted/plantwild/images/bell pepper leaf/google_0032.jpg,"Pepper,_bell___healthy",fit
plantwild/extracted/plantwild/images/bell pepper leaf/google_0208.jpg,"Pepper,_bell___healthy",fit
plantwild/extracted/plantwild/images/bell pepper leaf/167.jpg,"Pepper,_bell___healthy",fit
plantwild/extracted/plantwild/images/bell pepper leaf/google_0096.jpg,"Pepper,_bell___healthy",fit
plantwild/extracted/plantwild/images/bell pepper leaf/11.jpg,"Pepper,_bell___healthy",fit
plantwild/extracted/plantwild/images/bell pepper leaf/27.jpg,"Pepper,_bell___healthy",fit
plantwild/extracted/plantwild/images/bell pepper leaf/23.jpg,"Pepper,_bell___healthy",fit
plantwild/extracted/plantwild/images/bell pepper leaf/google_0264.jpg,"Pepper,_bell___healthy",fit
plantwild/extracted/plantwild/images/bell pepper leaf/2.jpg,"Pepper,_bell___healthy",fit
plantwild/extracted/plantwild/images/bell pepper leaf/google_0243.jpg,"Pepper,_bell___healthy",fit
plantwild/extracted/plantwild/images/bell pepper leaf/69.jpg,"Pepper,_bell___healthy",fit
plantwild/extracted/plantwild/images/bell pepper leaf/40 - Copy (2).jpg,"Pepper,_bell___healthy",fit
plantwild/extracted/plantwild/images/bell pepper leaf/174.jpg,"Pepper,_bell___healthy",fit
plantwild/extracted/plantwild/images/bell pepper leaf/google_0003.jpg,"Pepper,_bell___healthy",fit
plantwild/extracted/plantwild/images/bell pepper leaf/97.jpg,"Pepper,_bell___healthy",fit
plantwild/extracted/plantwild/images/bell pepper leaf/50.jpg,"Pepper,_bell___healthy",fit
plantwild/extracted/plantwild/images/bell pepper leaf/21.jpg,"Pepper,_bell___healthy",fit
plantwild/extracted/plantwild/images/bell pepper leaf/228.jpg,"Pepper,_bell___healthy",fit
plantwild/extracted/plantwild/images/bell pepper leaf/260.jpg,"Pepper,_bell___healthy",fit
plantwild/extracted/plantwild/images/bell pepper leaf/214.jpg,"Pepper,_bell___healthy",fit
plantwild/extracted/plantwild/images/bell pepper leaf/40 - Copy.jpg,"Pepper,_bell___healthy",fit
plantwild/extracted/plantwild/images/bell pepper leaf/123.jpg,"Pepper,_bell___healthy",fit
plantwild/extracted/plantwild/images/bell pepper leaf/197.jpg,"Pepper,_bell___healthy",fit
plantwild/extracted/plantwild/images/bell pepper leaf/18.jpg,"Pepper,_bell___healthy",fit
plantwild/extracted/plantwild/images/bell pepper leaf/34.jpg,"Pepper,_bell___healthy",fit
plantwild/extracted/plantwild/images/bell pepper leaf/29.jpg,"Pepper,_bell___healthy",fit
plantwild/extracted/plantwild/images/bell pepper leaf/53.jpg,"Pepper,_bell___healthy",fit
plantwild/extracted/plantwild/images/bell pepper leaf/78.jpg,"Pepper,_bell___healthy",fit
plantwild/extracted/plantwild/images/bell pepper leaf/google_0097.jpg,"Pepper,_bell___healthy",fit
plantwild/extracted/plantwild/images/bell pepper leaf/google_0210.jpg,"Pepper,_bell___healthy",fit
plantwild/extracted/plantwild/images/bell pepper leaf/13.jpg,"Pepper,_bell___healthy",fit
plantwild/extracted/plantwild/images/bell pepper leaf/1.jpg,"Pepper,_bell___healthy",fit
plantwild/extracted/plantwild/images/bell pepper leaf/99.jpg,"Pepper,_bell___healthy",fit
plantwild/extracted/plantwild/images/bell pepper leaf/216.jpg,"Pepper,_bell___healthy",fit
plantwild/extracted/plantwild/images/bell pepper leaf/google_0091.jpg,"Pepper,_bell___healthy",fit
plantwild/extracted/plantwild/images/bell pepper leaf/162.jpg,"Pepper,_bell___healthy",fit
plantwild/extracted/plantwild/images/bell pepper leaf/230.jpg,"Pepper,_bell___healthy",fit
plantwild/extracted/plantwild/images/bell pepper leaf/185.jpg,"Pepper,_bell___healthy",fit
plantwild/extracted/plantwild/images/bell pepper leaf/3.jpg,"Pepper,_bell___healthy",fit
plantwild/extracted/plantwild/images/bell pepper leaf/google_0075.jpg,"Pepper,_bell___healthy",fit
plantwild/extracted/plantwild/images/bell pepper leaf/83.jpg,"Pepper,_bell___healthy",fit
plantwild/extracted/plantwild/images/bell pepper leaf/google_0085.jpg,"Pepper,_bell___healthy",fit
plantwild/extracted/plantwild/images/bell pepper leaf/google_0083.jpg,"Pepper,_bell___healthy",fit
plantwild/extracted/plantwild/images/bell pepper leaf/278.jpg,"Pepper,_bell___healthy",fit
plantwild/extracted/plantwild/images/bell pepper leaf/google_0159.jpg,"Pepper,_bell___healthy",fit
plantwild/extracted/plantwild/images/bell pepper leaf/google_0088.jpg,"Pepper,_bell___healthy",fit
plantwild/extracted/plantwild/images/bell pepper leaf/google_0057.jpg,"Pepper,_bell___healthy",fit
plantwild/extracted/plantwild/images/bell pepper leaf/156.jpg,"Pepper,_bell___healthy",fit
plantwild/extracted/plantwild/images/bell pepper leaf/85.jpg,"Pepper,_bell___healthy",fit
plantwild/extracted/plantwild/images/bell pepper leaf/google_0273.jpg,"Pepper,_bell___healthy",fit
plantwild/extracted/plantwild/images/bell pepper leaf/google_0108.jpg,"Pepper,_bell___healthy",fit
plantwild/extracted/plantwild/images/bell pepper leaf/70 - Copy (3).jpg,"Pepper,_bell___healthy",fit
plantwild/extracted/plantwild/images/bell pepper leaf/24.jpg,"Pepper,_bell___healthy",fit
plantwild/extracted/plantwild/images/bell pepper leaf/41.jpg,"Pepper,_bell___healthy",fit
plantwild/extracted/plantwild/images/bell pepper leaf/267.jpg,"Pepper,_bell___healthy",fit
plantwild/extracted/plantwild/images/bell pepper leaf/110.jpg,"Pepper,_bell___healthy",fit
plantwild/extracted/plantwild/images/bell pepper leaf/google_0068.jpg,"Pepper,_bell___healthy",fit
plantwild/extracted/plantwild/images/bell pepper leaf/237.jpg,"Pepper,_bell___healthy",fit
plantwild/extracted/plantwild/images/potato early blight/75.jpg,Potato___Early_blight,fit
plantwild/extracted/plantwild/images/potato early blight/google_0230.jpg,Potato___Early_blight,fit
plantwild/extracted/plantwild/images/potato early blight/google_0128.jpg,Potato___Early_blight,fit
plantwild/extracted/plantwild/images/potato early blight/70.jpg,Potato___Early_blight,fit
plantwild/extracted/plantwild/images/potato early blight/google_0170.jpg,Potato___Early_blight,fit
plantwild/extracted/plantwild/images/potato early blight/google_0174.jpg,Potato___Early_blight,fit
plantwild/extracted/plantwild/images/potato early blight/google_0192 - Copy.jpg,Potato___Early_blight,fit
plantwild/extracted/plantwild/images/potato early blight/google_0058.jpg,Potato___Early_blight,fit
plantwild/extracted/plantwild/images/potato early blight/21.jpg,Potato___Early_blight,fit
plantwild/extracted/plantwild/images/potato early blight/google_0213 - Copy (8).jpg,Potato___Early_blight,fit
plantwild/extracted/plantwild/images/potato early blight/google_0083.jpg,Potato___Early_blight,fit
plantwild/extracted/plantwild/images/potato early blight/google_0022.jpg,Potato___Early_blight,fit
plantwild/extracted/plantwild/images/potato early blight/22.jpg,Potato___Early_blight,fit
plantwild/extracted/plantwild/images/potato early blight/google_0009.jpg,Potato___Early_blight,fit
plantwild/extracted/plantwild/images/potato early blight/google_0027.jpg,Potato___Early_blight,fit
plantwild/extracted/plantwild/images/potato early blight/google_0274 - Copy.jpg,Potato___Early_blight,fit
plantwild/extracted/plantwild/images/potato early blight/google_0154.jpg,Potato___Early_blight,fit
plantwild/extracted/plantwild/images/potato early blight/65 - Copy.jpg,Potato___Early_blight,fit
plantwild/extracted/plantwild/images/potato early blight/68.jpg,Potato___Early_blight,fit
plantwild/extracted/plantwild/images/potato early blight/google_0206.jpg,Potato___Early_blight,fit
plantwild/extracted/plantwild/images/potato early blight/google_0153.jpg,Potato___Early_blight,fit
plantwild/extracted/plantwild/images/potato early blight/google_0031 - Copy.jpg,Potato___Early_blight,fit
plantwild/extracted/plantwild/images/potato early blight/google_0145.jpg,Potato___Early_blight,fit
plantwild/extracted/plantwild/images/potato early blight/google_0153 - Copy (3).jpg,Potato___Early_blight,fit
plantwild/extracted/plantwild/images/potato early blight/google_0002.jpg,Potato___Early_blight,fit
plantwild/extracted/plantwild/images/potato early blight/61 - Copy.jpg,Potato___Early_blight,fit
plantwild/extracted/plantwild/images/potato early blight/google_0098.jpg,Potato___Early_blight,fit
plantwild/extracted/plantwild/images/potato early blight/google_0320.jpg,Potato___Early_blight,fit
plantwild/extracted/plantwild/images/potato early blight/30 - Copy.jpg,Potato___Early_blight,fit
plantwild/extracted/plantwild/images/potato early blight/google_0037.jpg,Potato___Early_blight,fit
plantwild/extracted/plantwild/images/potato early blight/google_0345.jpg,Potato___Early_blight,fit
plantwild/extracted/plantwild/images/potato early blight/57.jpg,Potato___Early_blight,fit
plantwild/extracted/plantwild/images/potato early blight/google_0063.jpg,Potato___Early_blight,fit
plantwild/extracted/plantwild/images/potato early blight/45.jpg,Potato___Early_blight,fit
plantwild/extracted/plantwild/images/potato early blight/google_0182.jpg,Potato___Early_blight,fit
plantwild/extracted/plantwild/images/potato early blight/google_0352.jpg,Potato___Early_blight,fit
plantwild/extracted/plantwild/images/potato early blight/google_0224.jpg,Potato___Early_blight,fit
plantwild/extracted/plantwild/images/potato early blight/google_0194.jpg,Potato___Early_blight,fit
plantwild/extracted/plantwild/images/potato early blight/google_0075 - Copy.jpg,Potato___Early_blight,fit
plantwild/extracted/plantwild/images/potato early blight/15.jpg,Potato___Early_blight,fit
plantwild/extracted/plantwild/images/potato early blight/google_0190.jpg,Potato___Early_blight,fit
plantwild/extracted/plantwild/images/potato early blight/google_0024.jpg,Potato___Early_blight,fit
plantwild/extracted/plantwild/images/potato early blight/google_0008.jpg,Potato___Early_blight,fit
plantwild/extracted/plantwild/images/potato early blight/google_0078.jpg,Potato___Early_blight,fit
plantwild/extracted/plantwild/images/potato early blight/google_0207.jpg,Potato___Early_blight,fit
plantwild/extracted/plantwild/images/potato early blight/google_0100.jpg,Potato___Early_blight,fit
plantwild/extracted/plantwild/images/potato early blight/google_0208 - Copy.jpg,Potato___Early_blight,fit
plantwild/extracted/plantwild/images/potato early blight/google_0123.jpg,Potato___Early_blight,fit
plantwild/extracted/plantwild/images/potato early blight/google_0001.jpg,Potato___Early_blight,fit
plantwild/extracted/plantwild/images/potato early blight/google_0003.jpg,Potato___Early_blight,fit
plantwild/extracted/plantwild/images/potato early blight/google_0306 - Copy (9).jpg,Potato___Early_blight,fit
plantwild/extracted/plantwild/images/potato early blight/18.jpg,Potato___Early_blight,fit
plantwild/extracted/plantwild/images/potato early blight/10.jpg,Potato___Early_blight,fit
plantwild/extracted/plantwild/images/potato early blight/google_0036.jpg,Potato___Early_blight,fit
plantwild/extracted/plantwild/images/potato early blight/google_0068.jpg,Potato___Early_blight,fit
plantwild/extracted/plantwild/images/potato early blight/google_0313 - Copy (4).jpg,Potato___Early_blight,fit
plantwild/extracted/plantwild/images/potato early blight/google_0153 - Copy.jpg,Potato___Early_blight,fit
plantwild/extracted/plantwild/images/potato early blight/google_0071.jpg,Potato___Early_blight,fit
plantwild/extracted/plantwild/images/potato early blight/google_0030.jpg,Potato___Early_blight,fit
plantwild/extracted/plantwild/images/potato early blight/google_0188.jpg,Potato___Early_blight,fit
plantwild/extracted/plantwild/images/potato early blight/google_0200.jpg,Potato___Early_blight,fit
plantwild/extracted/plantwild/images/potato early blight/google_0197.jpg,Potato___Early_blight,fit
plantwild/extracted/plantwild/images/potato early blight/google_0117.jpg,Potato___Early_blight,fit
plantwild/extracted/plantwild/images/potato early blight/42.jpg,Potato___Early_blight,fit
plantwild/extracted/plantwild/images/potato early blight/61.jpg,Potato___Early_blight,fit
plantwild/extracted/plantwild/images/potato early blight/1.jpg,Potato___Early_blight,fit
plantwild/extracted/plantwild/images/potato early blight/google_0005.jpg,Potato___Early_blight,fit
plantwild/extracted/plantwild/images/potato early blight/google_0075 - Copy (3).jpg,Potato___Early_blight,fit
plantwild/extracted/plantwild/images/potato early blight/100.jpg,Potato___Early_blight,fit
plantwild/extracted/plantwild/images/potato early blight/google_0053.jpg,Potato___Early_blight,fit
plantwild/extracted/plantwild/images/potato early blight/google_0118.jpg,Potato___Early_blight,fit
plantwild/extracted/plantwild/images/potato early blight/google_0156.jpg,Potato___Early_blight,fit
plantwild/extracted/plantwild/images/potato early blight/19.jpg,Potato___Early_blight,fit
plantwild/extracted/plantwild/images/potato early blight/google_0116.jpg,Potato___Early_blight,fit
plantwild/extracted/plantwild/images/potato early blight/google_0306 - Copy (7).jpg,Potato___Early_blight,fit
plantwild/extracted/plantwild/images/potato early blight/google_0105.jpg,Potato___Early_blight,fit
plantwild/extracted/plantwild/images/potato early blight/60.jpg,Potato___Early_blight,fit
plantwild/extracted/plantwild/images/potato early blight/google_0013.jpg,Potato___Early_blight,fit
plantwild/extracted/plantwild/images/potato early blight/google_0112.jpg,Potato___Early_blight,fit
plantwild/extracted/plantwild/images/potato early blight/google_0213.jpg,Potato___Early_blight,fit
plantwild/extracted/plantwild/images/potato early blight/google_0139 - Copy (2).jpg,Potato___Early_blight,fit
plantwild/extracted/plantwild/images/potato early blight/30.jpg,Potato___Early_blight,fit
plantwild/extracted/plantwild/images/potato early blight/google_0306 - Copy.jpg,Potato___Early_blight,fit
plantwild/extracted/plantwild/images/potato early blight/google_0016 - Copy.jpg,Potato___Early_blight,fit
plantwild/extracted/plantwild/images/potato early blight/google_0039 - Copy (5).jpg,Potato___Early_blight,fit
plantwild/extracted/plantwild/images/potato early blight/google_0080.jpg,Potato___Early_blight,fit
plantwild/extracted/plantwild/images/potato early blight/google_0039.jpg,Potato___Early_blight,fit
plantwild/extracted/plantwild/images/potato early blight/google_0050.jpg,Potato___Early_blight,fit
plantwild/extracted/plantwild/images/potato early blight/google_0366.jpg,Potato___Early_blight,fit
plantwild/extracted/plantwild/images/potato early blight/google_0139 - Copy.jpg,Potato___Early_blight,fit
plantwild/extracted/plantwild/images/potato early blight/google_0208 - Copy (2).jpg,Potato___Early_blight,fit
plantwild/extracted/plantwild/images/potato early blight/google_0048.jpg,Potato___Early_blight,fit
plantwild/extracted/plantwild/images/potato early blight/google_0225.jpg,Potato___Early_blight,fit
plantwild/extracted/plantwild/images/potato early blight/google_0171.jpg,Potato___Early_blight,fit
plantwild/extracted/plantwild/images/potato early blight/google_0095.jpg,Potato___Early_blight,fit
plantwild/extracted/plantwild/images/potato early blight/google_0017.jpg,Potato___Early_blight,fit
plantwild/extracted/plantwild/images/potato early blight/google_0081.jpg,Potato___Early_blight,fit
plantwild/extracted/plantwild/images/potato early blight/google_0110.jpg,Potato___Early_blight,fit
plantwild/extracted/plantwild/images/potato early blight/google_0178.jpg,Potato___Early_blight,fit
plantwild/extracted/plantwild/images/potato early blight/google_0051.jpg,Potato___Early_blight,fit
plantwild/extracted/plantwild/images/potato early blight/google_0012.jpg,Potato___Early_blight,fit
plantwild/extracted/plantwild/images/potato early blight/google_0092.jpg,Potato___Early_blight,fit
plantwild/extracted/plantwild/images/potato early blight/50.jpg,Potato___Early_blight,fit
plantwild/extracted/plantwild/images/potato early blight/google_0184.jpg,Potato___Early_blight,fit
plantwild/extracted/plantwild/images/potato early blight/google_0183.jpg,Potato___Early_blight,fit
plantwild/extracted/plantwild/images/potato early blight/google_0177.jpg,Potato___Early_blight,fit
plantwild/extracted/plantwild/images/potato early blight/33.jpg,Potato___Early_blight,fit
plantwild/extracted/plantwild/images/potato early blight/5.jpg,Potato___Early_blight,fit
plantwild/extracted/plantwild/images/potato early blight/google_0018.jpg,Potato___Early_blight,fit
plantwild/extracted/plantwild/images/potato early blight/google_0131.jpg,Potato___Early_blight,fit
plantwild/extracted/plantwild/images/potato early blight/65 - Copy (2).jpg,Potato___Early_blight,fit
plantwild/extracted/plantwild/images/potato early blight/google_0011.jpg,Potato___Early_blight,fit
plantwild/extracted/plantwild/images/potato early blight/google_0004.jpg,Potato___Early_blight,fit
plantwild/extracted/plantwild/images/potato early blight/google_0079.jpg,Potato___Early_blight,fit
plantwild/extracted/plantwild/images/potato early blight/google_0202.jpg,Potato___Early_blight,fit
plantwild/extracted/plantwild/images/potato early blight/google_0119.jpg,Potato___Early_blight,fit
plantwild/extracted/plantwild/images/potato early blight/google_0056.jpg,Potato___Early_blight,fit
plantwild/extracted/plantwild/images/potato early blight/google_0240.jpg,Potato___Early_blight,fit
plantwild/extracted/plantwild/images/potato early blight/google_0147.jpg,Potato___Early_blight,fit
plantwild/extracted/plantwild/images/potato early blight/google_0086.jpg,Potato___Early_blight,fit
plantwild/extracted/plantwild/images/potato early blight/47.jpg,Potato___Early_blight,fit
plantwild/extracted/plantwild/images/potato early blight/google_0265.jpg,Potato___Early_blight,fit
plantwild/extracted/plantwild/images/potato early blight/61 - Copy (2).jpg,Potato___Early_blight,fit
plantwild/extracted/plantwild/images/potato early blight/google_0213 - Copy (5).jpg,Potato___Early_blight,fit
plantwild/extracted/plantwild/images/potato early blight/google_0185.jpg,Potato___Early_blight,fit
plantwild/extracted/plantwild/images/potato early blight/56 - Copy.jpg,Potato___Early_blight,fit
plantwild/extracted/plantwild/images/potato early blight/69.jpg,Potato___Early_blight,fit
plantwild/extracted/plantwild/images/potato early blight/google_0031.jpg,Potato___Early_blight,fit
plantwild/extracted/plantwild/images/potato early blight/google_0097.jpg,Potato___Early_blight,fit
plantwild/extracted/plantwild/images/potato early blight/google_0039 - Copy.jpg,Potato___Early_blight,fit
plantwild/extracted/plantwild/images/potato early blight/google_0089.jpg,Potato___Early_blight,fit
plantwild/extracted/plantwild/images/potato early blight/google_0129.jpg,Potato___Early_blight,fit
plantwild/extracted/plantwild/images/potato early blight/google_0313 - Copy (3).jpg,Potato___Early_blight,fit
plantwild/extracted/plantwild/images/potato early blight/google_0158.jpg,Potato___Early_blight,fit
plantwild/extracted/plantwild/images/potato early blight/13.jpg,Potato___Early_blight,fit
plantwild/extracted/plantwild/images/potato early blight/google_0215.jpg,Potato___Early_blight,fit
plantwild/extracted/plantwild/images/potato early blight/google_0111.jpg,Potato___Early_blight,fit
plantwild/extracted/plantwild/images/potato early blight/70 - Copy.jpg,Potato___Early_blight,fit
plantwild/extracted/plantwild/images/potato early blight/google_0070.jpg,Potato___Early_blight,fit
plantwild/extracted/plantwild/images/potato early blight/google_0213 - Copy (7).jpg,Potato___Early_blight,fit
plantwild/extracted/plantwild/images/potato early blight/google_0055.jpg,Potato___Early_blight,fit
plantwild/extracted/plantwild/images/potato early blight/google_0149.jpg,Potato___Early_blight,fit
plantwild/extracted/plantwild/images/potato early blight/37.jpg,Potato___Early_blight,fit
plantwild/extracted/plantwild/images/potato early blight/google_0213 - Copy (4).jpg,Potato___Early_blight,fit
plantwild/extracted/plantwild/images/potato early blight/google_0084.jpg,Potato___Early_blight,fit
plantwild/extracted/plantwild/images/potato early blight/google_0216.jpg,Potato___Early_blight,fit
plantwild/extracted/plantwild/images/potato early blight/google_0066.jpg,Potato___Early_blight,fit
plantwild/extracted/plantwild/images/potato early blight/google_0168.jpg,Potato___Early_blight,fit
plantwild/extracted/plantwild/images/potato early blight/google_0020.jpg,Potato___Early_blight,fit
plantwild/extracted/plantwild/images/potato early blight/google_0006.jpg,Potato___Early_blight,fit
plantwild/extracted/plantwild/images/potato early blight/17.jpg,Potato___Early_blight,fit
plantwild/extracted/plantwild/images/potato early blight/6.jpg,Potato___Early_blight,fit
plantwild/extracted/plantwild/images/potato early blight/google_0076.jpg,Potato___Early_blight,fit
plantwild/extracted/plantwild/images/potato early blight/google_0015.jpg,Potato___Early_blight,fit
plantwild/extracted/plantwild/images/potato early blight/google_0014.jpg,Potato___Early_blight,fit
plantwild/extracted/plantwild/images/potato early blight/65.jpg,Potato___Early_blight,fit
plantwild/extracted/plantwild/images/potato early blight/78.jpg,Potato___Early_blight,fit
plantwild/extracted/plantwild/images/potato early blight/google_0040.jpg,Potato___Early_blight,fit
plantwild/extracted/plantwild/images/potato early blight/google_0252.jpg,Potato___Early_blight,fit
plantwild/extracted/plantwild/images/potato late blight/google_0011.jpg,Potato___Late_blight,fit
plantwild/extracted/plantwild/images/potato late blight/19.jpg,Potato___Late_blight,fit
plantwild/extracted/plantwild/images/potato late blight/google_0068.jpg,Potato___Late_blight,fit
plantwild/extracted/plantwild/images/potato late blight/google_0313 - Copy (3) - Copy.jpg,Potato___Late_blight,fit
plantwild/extracted/plantwild/images/potato late blight/add (3).jpg,Potato___Late_blight,fit
plantwild/extracted/plantwild/images/potato late blight/google_0110.jpg,Potato___Late_blight,fit
plantwild/extracted/plantwild/images/potato late blight/google_0010 - Copy (2).jpg,Potato___Late_blight,fit
plantwild/extracted/plantwild/images/potato late blight/google_0271.jpg,Potato___Late_blight,fit
plantwild/extracted/plantwild/images/potato late blight/google_0074.jpg,Potato___Late_blight,fit
plantwild/extracted/plantwild/images/potato late blight/google_0087.jpg,Potato___Late_blight,fit
plantwild/extracted/plantwild/images/potato late blight/google_0039 - Copy (2).jpg,Potato___Late_blight,fit
plantwild/extracted/plantwild/images/potato late blight/google_0213 - Copy (2).jpg,Potato___Late_blight,fit
plantwild/extracted/plantwild/images/potato late blight/google_0240.jpg,Potato___Late_blight,fit
plantwild/extracted/plantwild/images/potato late blight/34 - Copy (3).jpg,Potato___Late_blight,fit
plantwild/extracted/plantwild/images/potato late blight/add (5).jpg,Potato___Late_blight,fit
plantwild/extracted/plantwild/images/potato late blight/google_0194 - Copy.jpg,Potato___Late_blight,fit
plantwild/extracted/plantwild/images/potato late blight/10.jpg,Potato___Late_blight,fit
plantwild/extracted/plantwild/images/potato late blight/google_0012.jpg,Potato___Late_blight,fit
plantwild/extracted/plantwild/images/potato late blight/google_0137.jpg,Potato___Late_blight,fit
plantwild/extracted/plantwild/images/potato late blight/61.jpg,Potato___Late_blight,fit
plantwild/extracted/plantwild/images/potato late blight/google_0265 - Copy.jpg,Potato___Late_blight,fit
plantwild/extracted/plantwild/images/potato late blight/google_0071.jpg,Potato___Late_blight,fit
plantwild/extracted/plantwild/images/potato late blight/google_0039 - Copy (3).jpg,Potato___Late_blight,fit
plantwild/extracted/plantwild/images/potato late blight/google_0159.jpg,Potato___Late_blight,fit
plantwild/extracted/plantwild/images/potato late blight/34 - Copy.jpg,Potato___Late_blight,fit
plantwild/extracted/plantwild/images/potato late blight/45 - Copy (2).jpg,Potato___Late_blight,fit
plantwild/extracted/plantwild/images/potato late blight/86.jpg,Potato___Late_blight,fit
plantwild/extracted/plantwild/images/potato late blight/google_0105.jpg,Potato___Late_blight,fit
plantwild/extracted/plantwild/images/potato late blight/78 - Copy.jpg,Potato___Late_blight,fit
plantwild/extracted/plantwild/images/potato late blight/104.jpg,Potato___Late_blight,fit
plantwild/extracted/plantwild/images/potato late blight/google_0021.jpg,Potato___Late_blight,fit
plantwild/extracted/plantwild/images/potato late blight/google_0057.jpg,Potato___Late_blight,fit
plantwild/extracted/plantwild/images/potato late blight/58.jpg,Potato___Late_blight,fit
plantwild/extracted/plantwild/images/potato late blight/59.jpg,Potato___Late_blight,fit
plantwild/extracted/plantwild/images/potato late blight/google_0313 - Copy (2).jpg,Potato___Late_blight,fit
plantwild/extracted/plantwild/images/potato late blight/google_0120.jpg,Potato___Late_blight,fit
plantwild/extracted/plantwild/images/potato late blight/google_0274 - Copy (2).jpg,Potato___Late_blight,fit
plantwild/extracted/plantwild/images/potato late blight/google_0131.jpg,Potato___Late_blight,fit
plantwild/extracted/plantwild/images/potato late blight/37.jpg,Potato___Late_blight,fit
plantwild/extracted/plantwild/images/potato late blight/google_0090.jpg,Potato___Late_blight,fit
plantwild/extracted/plantwild/images/potato late blight/google_0306 - Copy (3).jpg,Potato___Late_blight,fit
plantwild/extracted/plantwild/images/potato late blight/google_0114.jpg,Potato___Late_blight,fit
plantwild/extracted/plantwild/images/potato late blight/google_0219.jpg,Potato___Late_blight,fit
plantwild/extracted/plantwild/images/potato late blight/google_0063.jpg,Potato___Late_blight,fit
plantwild/extracted/plantwild/images/potato late blight/google_0002.jpg,Potato___Late_blight,fit
plantwild/extracted/plantwild/images/potato late blight/google_0098.jpg,Potato___Late_blight,fit
plantwild/extracted/plantwild/images/potato late blight/36 - Copy.jpg,Potato___Late_blight,fit
plantwild/extracted/plantwild/images/potato late blight/google_0213 - Copy (3).jpg,Potato___Late_blight,fit
plantwild/extracted/plantwild/images/potato late blight/65.jpg,Potato___Late_blight,fit
plantwild/extracted/plantwild/images/potato late blight/google_0053.jpg,Potato___Late_blight,fit
plantwild/extracted/plantwild/images/potato late blight/45 - Copy (3).jpg,Potato___Late_blight,fit
plantwild/extracted/plantwild/images/potato late blight/google_0052.jpg,Potato___Late_blight,fit
plantwild/extracted/plantwild/images/potato late blight/87.jpg,Potato___Late_blight,fit
plantwild/extracted/plantwild/images/potato late blight/82.jpg,Potato___Late_blight,fit
plantwild/extracted/plantwild/images/potato late blight/92.jpg,Potato___Late_blight,fit
plantwild/extracted/plantwild/images/potato late blight/12.jpg,Potato___Late_blight,fit
plantwild/extracted/plantwild/images/potato late blight/google_0266.jpg,Potato___Late_blight,fit
plantwild/extracted/plantwild/images/potato late blight/add (2).jpg,Potato___Late_blight,fit
plantwild/extracted/plantwild/images/potato late blight/add (7).jpg,Potato___Late_blight,fit
plantwild/extracted/plantwild/images/potato late blight/google_0113.jpg,Potato___Late_blight,fit
plantwild/extracted/plantwild/images/potato late blight/google_0054.jpg,Potato___Late_blight,fit
plantwild/extracted/plantwild/images/potato late blight/google_0234.jpg,Potato___Late_blight,fit
plantwild/extracted/plantwild/images/potato late blight/google_0010.jpg,Potato___Late_blight,fit
plantwild/extracted/plantwild/images/potato late blight/google_0023.jpg,Potato___Late_blight,fit
plantwild/extracted/plantwild/images/potato late blight/20.jpg,Potato___Late_blight,fit
plantwild/extracted/plantwild/images/potato late blight/google_0059.jpg,Potato___Late_blight,fit
plantwild/extracted/plantwild/images/potato late blight/google_0303 - Copy (2).jpg,Potato___Late_blight,fit
plantwild/extracted/plantwild/images/potato late blight/25.jpg,Potato___Late_blight,fit
plantwild/extracted/plantwild/images/potato late blight/google_0174.jpg,Potato___Late_blight,fit
plantwild/extracted/plantwild/images/potato late blight/google_0160.jpg,Potato___Late_blight,fit
plantwild/extracted/plantwild/images/potato late blight/2.jpg,Potato___Late_blight,fit
plantwild/extracted/plantwild/images/potato late blight/google_0138.jpg,Potato___Late_blight,fit
plantwild/extracted/plantwild/images/potato late blight/google_0052 - Copy.jpg,Potato___Late_blight,fit
plantwild/extracted/plantwild/images/potato late blight/68.jpg,Potato___Late_blight,fit
plantwild/extracted/plantwild/images/potato late blight/105.jpg,Potato___Late_blight,fit
plantwild/extracted/plantwild/images/potato late blight/google_0075.jpg,Potato___Late_blight,fit
plantwild/extracted/plantwild/images/potato late blight/add (6).jpg,Potato___Late_blight,fit
plantwild/extracted/plantwild/images/potato late blight/38 - Copy.jpg,Potato___Late_blight,fit
plantwild/extracted/plantwild/images/potato late blight/google_0149.jpg,Potato___Late_blight,fit
plantwild/extracted/plantwild/images/potato late blight/34 - Copy (2).jpg,Potato___Late_blight,fit
plantwild/extracted/plantwild/images/potato late blight/79.jpg,Potato___Late_blight,fit
plantwild/extracted/plantwild/images/potato late blight/google_0045.jpg,Potato___Late_blight,fit
plantwild/extracted/plantwild/images/potato late blight/70 - Copy (3).jpg,Potato___Late_blight,fit
plantwild/extracted/plantwild/images/potato late blight/google_0235.jpg,Potato___Late_blight,fit
plantwild/extracted/plantwild/images/potato late blight/google_0143.jpg,Potato___Late_blight,fit
plantwild/extracted/plantwild/images/potato late blight/google_0036.jpg,Potato___Late_blight,fit
plantwild/extracted/plantwild/images/potato late blight/google_0179.jpg,Potato___Late_blight,fit
plantwild/extracted/plantwild/images/potato late blight/75.jpg,Potato___Late_blight,fit
plantwild/extracted/plantwild/images/potato late blight/google_0051.jpg,Potato___Late_blight,fit
plantwild/extracted/plantwild/images/potato late blight/google_0107.jpg,Potato___Late_blight,fit
plantwild/extracted/plantwild/images/potato late blight/google_0055.jpg,Potato___Late_blight,fit
plantwild/extracted/plantwild/images/potato late blight/google_0038.jpg,Potato___Late_blight,fit
plantwild/extracted/plantwild/images/potato late blight/44.jpg,Potato___Late_blight,fit
plantwild/extracted/plantwild/images/potato late blight/google_0195 - Copy.jpg,Potato___Late_blight,fit
plantwild/extracted/plantwild/images/potato late blight/13.jpg,Potato___Late_blight,fit
plantwild/extracted/plantwild/images/potato late blight/google_0079.jpg,Potato___Late_blight,fit
plantwild/extracted/plantwild/images/potato late blight/google_0253.jpg,Potato___Late_blight,fit
plantwild/extracted/plantwild/images/potato late blight/google_0175.jpg,Potato___Late_blight,fit
plantwild/extracted/plantwild/images/potato late blight/google_0225.jpg,Potato___Late_blight,fit
plantwild/extracted/plantwild/images/potato late blight/google_0158.jpg,Potato___Late_blight,fit
plantwild/extracted/plantwild/images/potato late blight/google_0112.jpg,Potato___Late_blight,fit
plantwild/extracted/plantwild/images/potato late blight/google_0086.jpg,Potato___Late_blight,fit
plantwild/extracted/plantwild/images/potato late blight/35.jpg,Potato___Late_blight,fit
plantwild/extracted/plantwild/images/potato late blight/32.jpg,Potato___Late_blight,fit
plantwild/extracted/plantwild/images/potato late blight/google_0184.jpg,Potato___Late_blight,fit
plantwild/extracted/plantwild/images/potato late blight/63.jpg,Potato___Late_blight,fit
plantwild/extracted/plantwild/images/potato late blight/6.jpg,Potato___Late_blight,fit
plantwild/extracted/plantwild/images/potato late blight/google_0039 - Copy (4).jpg,Potato___Late_blight,fit
plantwild/extracted/plantwild/images/potato late blight/google_0208.jpg,Potato___Late_blight,fit
plantwild/extracted/plantwild/images/potato late blight/google_0306 - Copy (6).jpg,Potato___Late_blight,fit
plantwild/extracted/plantwild/images/potato late blight/google_0155.jpg,Potato___Late_blight,fit
plantwild/extracted/plantwild/images/potato late blight/google_0064.jpg,Potato___Late_blight,fit
plantwild/extracted/plantwild/images/potato late blight/google_0097 - Copy.jpg,Potato___Late_blight,fit
plantwild/extracted/plantwild/images/potato late blight/google_0032.jpg,Potato___Late_blight,fit
plantwild/extracted/plantwild/images/potato late blight/45 - Copy.jpg,Potato___Late_blight,fit
plantwild/extracted/plantwild/images/potato late blight/google_0121.jpg,Potato___Late_blight,fit
plantwild/extracted/plantwild/images/potato late blight/47.jpg,Potato___Late_blight,fit
plantwild/extracted/plantwild/images/potato late blight/71.jpg,Potato___Late_blight,fit
plantwild/extracted/plantwild/images/potato late blight/9.jpg,Potato___Late_blight,fit
plantwild/extracted/plantwild/images/potato late blight/15.jpg,Potato___Late_blight,fit
plantwild/extracted/plantwild/images/potato late blight/34.jpg,Potato___Late_blight,fit
plantwild/extracted/plantwild/images/potato late blight/google_0098 - Copy - Copy (2).jpg,Potato___Late_blight,fit
plantwild/extracted/plantwild/images/potato late blight/google_0246.jpg,Potato___Late_blight,fit
plantwild/extracted/plantwild/images/potato late blight/66.jpg,Potato___Late_blight,fit
plantwild/extracted/plantwild/images/potato late blight/google_0084.jpg,Potato___Late_blight,fit
plantwild/extracted/plantwild/images/potato late blight/5.jpg,Potato___Late_blight,fit
plantwild/extracted/plantwild/images/potato late blight/google_0078.jpg,Potato___Late_blight,fit
plantwild/extracted/plantwild/images/potato late blight/85.jpg,Potato___Late_blight,fit
plantwild/extracted/plantwild/images/potato late blight/33.jpg,Potato___Late_blight,fit
plantwild/extracted/plantwild/images/potato late blight/google_0039.jpg,Potato___Late_blight,fit
plantwild/extracted/plantwild/images/potato late blight/24.jpg,Potato___Late_blight,fit
plantwild/extracted/plantwild/images/potato late blight/8.jpg,Potato___Late_blight,fit
plantwild/extracted/plantwild/images/potato late blight/google_0136.jpg,Potato___Late_blight,fit
plantwild/extracted/plantwild/images/potato late blight/google_0097.jpg,Potato___Late_blight,fit
plantwild/extracted/plantwild/images/potato late blight/109.jpg,Potato___Late_blight,fit
plantwild/extracted/plantwild/images/potato late blight/google_0082.jpg,Potato___Late_blight,fit
plantwild/extracted/plantwild/images/potato late blight/50.jpg,Potato___Late_blight,fit
plantwild/extracted/plantwild/images/potato late blight/google_0162.jpg,Potato___Late_blight,fit
plantwild/extracted/plantwild/images/potato late blight/google_0152.jpg,Potato___Late_blight,fit
plantwild/extracted/plantwild/images/potato late blight/google_0282.jpg,Potato___Late_blight,fit
plantwild/extracted/plantwild/images/potato late blight/google_0024 - Copy.jpg,Potato___Late_blight,fit
plantwild/extracted/plantwild/images/potato late blight/google_0205.jpg,Potato___Late_blight,fit
plantwild/extracted/plantwild/images/potato late blight/add (4).jpg,Potato___Late_blight,fit
plantwild/extracted/plantwild/images/potato late blight/google_0303 - Copy.jpg,Potato___Late_blight,fit
plantwild/extracted/plantwild/images/potato late blight/38.jpg,Potato___Late_blight,fit
plantwild/extracted/plantwild/images/potato late blight/google_0048.jpg,Potato___Late_blight,fit
plantwild/extracted/plantwild/images/potato late blight/google_0130 - Copy.jpg,Potato___Late_blight,fit
plantwild/extracted/plantwild/images/potato late blight/google_0076.jpg,Potato___Late_blight,fit
plantwild/extracted/plantwild/images/potato late blight/google_0010 - Copy.jpg,Potato___Late_blight,fit
plantwild/extracted/plantwild/images/potato late blight/google_0197.jpg,Potato___Late_blight,fit
plantwild/extracted/plantwild/images/potato late blight/29.jpg,Potato___Late_blight,fit
plantwild/extracted/plantwild/images/potato late blight/google_0306 - Copy (4).jpg,Potato___Late_blight,fit
plantwild/extracted/plantwild/images/potato late blight/81.jpg,Potato___Late_blight,fit
plantwild/extracted/plantwild/images/potato late blight/78.jpg,Potato___Late_blight,fit
plantwild/extracted/plantwild/images/potato late blight/google_0240 - Copy.jpg,Potato___Late_blight,fit
plantwild/extracted/plantwild/images/potato late blight/google_0066 - Copy (2).jpg,Potato___Late_blight,fit
plantwild/extracted/plantwild/images/potato late blight/google_0067.jpg,Potato___Late_blight,fit
plantwild/extracted/plantwild/images/potato late blight/google_0013.jpg,Potato___Late_blight,fit
plantwild/extracted/plantwild/images/potato late blight/45.jpg,Potato___Late_blight,fit
plantwild/extracted/plantwild/images/potato late blight/52.jpg,Potato___Late_blight,fit
plantwild/extracted/plantwild/images/potato late blight/google_0313 - Copy (2) - Copy.jpg,Potato___Late_blight,fit
plantwild/extracted/plantwild/images/potato late blight/google_0167.jpg,Potato___Late_blight,fit
plantwild/extracted/plantwild/images/potato late blight/18.jpg,Potato___Late_blight,fit
plantwild/extracted/plantwild/images/potato late blight/39.jpg,Potato___Late_blight,fit
plantwild/extracted/plantwild/images/potato late blight/google_0029.jpg,Potato___Late_blight,fit
plantwild/extracted/plantwild/images/potato late blight/google_0089.jpg,Potato___Late_blight,fit
plantwild/extracted/plantwild/images/potato late blight/google_0183.jpg,Potato___Late_blight,fit
plantwild/extracted/plantwild/images/potato late blight/google_0026.jpg,Potato___Late_blight,fit
plantwild/extracted/plantwild/images/potato leaf/google_0292.jpg,Potato___healthy,fit
plantwild/extracted/plantwild/images/potato leaf/google_0023.jpg,Potato___healthy,fit
plantwild/extracted/plantwild/images/potato leaf/google_0116.jpg,Potato___healthy,fit
plantwild/extracted/plantwild/images/potato leaf/6.jpg,Potato___healthy,fit
plantwild/extracted/plantwild/images/potato leaf/google_0126.jpg,Potato___healthy,fit
plantwild/extracted/plantwild/images/potato leaf/28.jpg,Potato___healthy,fit
plantwild/extracted/plantwild/images/potato leaf/google_0388.jpg,Potato___healthy,fit
plantwild/extracted/plantwild/images/potato leaf/google_0667.jpg,Potato___healthy,fit
plantwild/extracted/plantwild/images/potato leaf/google_0159.jpg,Potato___healthy,fit
plantwild/extracted/plantwild/images/potato leaf/google_0082.jpg,Potato___healthy,fit
plantwild/extracted/plantwild/images/potato leaf/google_0025.jpg,Potato___healthy,fit
plantwild/extracted/plantwild/images/potato leaf/21.jpg,Potato___healthy,fit
plantwild/extracted/plantwild/images/potato leaf/google_0262.jpg,Potato___healthy,fit
plantwild/extracted/plantwild/images/potato leaf/63.jpg,Potato___healthy,fit
plantwild/extracted/plantwild/images/potato leaf/google_0386.jpg,Potato___healthy,fit
plantwild/extracted/plantwild/images/potato leaf/17.jpg,Potato___healthy,fit
plantwild/extracted/plantwild/images/potato leaf/google_0512.jpg,Potato___healthy,fit
plantwild/extracted/plantwild/images/potato leaf/91.jpg,Potato___healthy,fit
plantwild/extracted/plantwild/images/potato leaf/google_0201.jpg,Potato___healthy,fit
plantwild/extracted/plantwild/images/potato leaf/google_0576.jpg,Potato___healthy,fit
plantwild/extracted/plantwild/images/potato leaf/google_0315.jpg,Potato___healthy,fit
plantwild/extracted/plantwild/images/potato leaf/41.jpg,Potato___healthy,fit
plantwild/extracted/plantwild/images/potato leaf/75.jpg,Potato___healthy,fit
plantwild/extracted/plantwild/images/potato leaf/12.jpg,Potato___healthy,fit
plantwild/extracted/plantwild/images/potato leaf/108.jpg,Potato___healthy,fit
plantwild/extracted/plantwild/images/potato leaf/google_0132.jpg,Potato___healthy,fit
plantwild/extracted/plantwild/images/potato leaf/google_0034.jpg,Potato___healthy,fit
plantwild/extracted/plantwild/images/potato leaf/10.jpg,Potato___healthy,fit
plantwild/extracted/plantwild/images/potato leaf/google_0029.jpg,Potato___healthy,fit
plantwild/extracted/plantwild/images/potato leaf/110.jpg,Potato___healthy,fit
plantwild/extracted/plantwild/images/potato leaf/google_0129.jpg,Potato___healthy,fit
plantwild/extracted/plantwild/images/potato leaf/google_0323.jpg,Potato___healthy,fit
plantwild/extracted/plantwild/images/potato leaf/google_0003.jpg,Potato___healthy,fit
plantwild/extracted/plantwild/images/potato leaf/32.jpg,Potato___healthy,fit
plantwild/extracted/plantwild/images/potato leaf/98.jpg,Potato___healthy,fit
plantwild/extracted/plantwild/images/potato leaf/39.jpg,Potato___healthy,fit
plantwild/extracted/plantwild/images/potato leaf/8.jpg,Potato___healthy,fit
plantwild/extracted/plantwild/images/potato leaf/google_0259.jpg,Potato___healthy,fit
plantwild/extracted/plantwild/images/potato leaf/google_0216.jpg,Potato___healthy,fit
plantwild/extracted/plantwild/images/potato leaf/google_0110.jpg,Potato___healthy,fit
plantwild/extracted/plantwild/images/potato leaf/google_0273.jpg,Potato___healthy,fit
plantwild/extracted/plantwild/images/potato leaf/3.jpg,Potato___healthy,fit
plantwild/extracted/plantwild/images/potato leaf/2.jpg,Potato___healthy,fit
plantwild/extracted/plantwild/images/potato leaf/68.jpg,Potato___healthy,fit
plantwild/extracted/plantwild/images/potato leaf/google_0091.jpg,Potato___healthy,fit
plantwild/extracted/plantwild/images/potato leaf/google_0408.jpg,Potato___healthy,fit
plantwild/extracted/plantwild/images/potato leaf/google_0142.jpg,Potato___healthy,fit
plantwild/extracted/plantwild/images/potato leaf/google_0087.jpg,Potato___healthy,fit
plantwild/extracted/plantwild/images/potato leaf/google_0193.jpg,Potato___healthy,fit
plantwild/extracted/plantwild/images/potato leaf/google_0056.jpg,Potato___healthy,fit
plantwild/extracted/plantwild/images/potato leaf/google_0229.jpg,Potato___healthy,fit
plantwild/extracted/plantwild/images/potato leaf/google_0511.jpg,Potato___healthy,fit
plantwild/extracted/plantwild/images/potato leaf/google_0552.jpg,Potato___healthy,fit
plantwild/extracted/plantwild/images/potato leaf/google_0681.jpg,Potato___healthy,fit
plantwild/extracted/plantwild/images/potato leaf/google_0528.jpg,Potato___healthy,fit
plantwild/extracted/plantwild/images/potato leaf/7.jpg,Potato___healthy,fit
plantwild/extracted/plantwild/images/potato leaf/google_0402.jpg,Potato___healthy,fit
plantwild/extracted/plantwild/images/potato leaf/13.jpg,Potato___healthy,fit
plantwild/extracted/plantwild/images/potato leaf/google_0571.jpg,Potato___healthy,fit
plantwild/extracted/plantwild/images/potato leaf/google_0499.jpg,Potato___healthy,fit
plantwild/extracted/plantwild/images/potato leaf/google_0007.jpg,Potato___healthy,fit
plantwild/extracted/plantwild/images/potato leaf/google_0316.jpg,Potato___healthy,fit
plantwild/extracted/plantwild/images/potato leaf/46.jpg,Potato___healthy,fit
plantwild/extracted/plantwild/images/potato leaf/google_0319.jpg,Potato___healthy,fit
plantwild/extracted/plantwild/images/potato leaf/google_0430.jpg,Potato___healthy,fit
plantwild/extracted/plantwild/images/potato leaf/google_0119.jpg,Potato___healthy,fit
plantwild/extracted/plantwild/images/potato leaf/google_0177.jpg,Potato___healthy,fit
plantwild/extracted/plantwild/images/potato leaf/87.jpg,Potato___healthy,fit
plantwild/extracted/plantwild/images/potato leaf/google_0203.jpg,Potato___healthy,fit
plantwild/extracted/plantwild/images/potato leaf/22.jpg,Potato___healthy,fit
plantwild/extracted/plantwild/images/potato leaf/google_0001.jpg,Potato___healthy,fit
plantwild/extracted/plantwild/images/potato leaf/google_0442.jpg,Potato___healthy,fit
plantwild/extracted/plantwild/images/potato leaf/google_0245.jpg,Potato___healthy,fit
plantwild/extracted/plantwild/images/potato leaf/61.jpg,Potato___healthy,fit
plantwild/extracted/plantwild/images/potato leaf/google_0148.jpg,Potato___healthy,fit
plantwild/extracted/plantwild/images/potato leaf/29.jpg,Potato___healthy,fit
plantwild/extracted/plantwild/images/potato leaf/google_0021.jpg,Potato___healthy,fit
plantwild/extracted/plantwild/images/potato leaf/google_0000.jpg,Potato___healthy,fit
plantwild/extracted/plantwild/images/potato leaf/73.jpg,Potato___healthy,fit
plantwild/extracted/plantwild/images/potato leaf/74.jpg,Potato___healthy,fit
plantwild/extracted/plantwild/images/potato leaf/106.jpg,Potato___healthy,fit
plantwild/extracted/plantwild/images/potato leaf/google_0358.jpg,Potato___healthy,fit
plantwild/extracted/plantwild/images/potato leaf/94.jpg,Potato___healthy,fit
plantwild/extracted/plantwild/images/potato leaf/52.jpg,Potato___healthy,fit
plantwild/extracted/plantwild/images/potato leaf/google_0143.jpg,Potato___healthy,fit
plantwild/extracted/plantwild/images/potato leaf/37.jpg,Potato___healthy,fit
plantwild/extracted/plantwild/images/potato leaf/google_0543.jpg,Potato___healthy,fit
plantwild/extracted/plantwild/images/potato leaf/google_0088.jpg,Potato___healthy,fit
plantwild/extracted/plantwild/images/potato leaf/104.jpg,Potato___healthy,fit
plantwild/extracted/plantwild/images/potato leaf/19.jpg,Potato___healthy,fit
plantwild/extracted/plantwild/images/potato leaf/google_0641.jpg,Potato___healthy,fit
plantwild/extracted/plantwild/images/potato leaf/google_0662.jpg,Potato___healthy,fit
plantwild/extracted/plantwild/images/potato leaf/google_0468.jpg,Potato___healthy,fit
plantwild/extracted/plantwild/images/potato leaf/google_0349.jpg,Potato___healthy,fit
plantwild/extracted/plantwild/images/potato leaf/google_0105.jpg,Potato___healthy,fit
plantwild/extracted/plantwild/images/potato leaf/google_0196.jpg,Potato___healthy,fit
plantwild/extracted/plantwild/images/potato leaf/30.jpg,Potato___healthy,fit
plantwild/extracted/plantwild/images/potato leaf/google_0205.jpg,Potato___healthy,fit
plantwild/extracted/plantwild/images/potato leaf/20.jpg,Potato___healthy,fit
plantwild/extracted/plantwild/images/potato leaf/25.jpg,Potato___healthy,fit
plantwild/extracted/plantwild/images/potato leaf/google_0258.jpg,Potato___healthy,fit
plantwild/extracted/plantwild/images/potato leaf/google_0547.jpg,Potato___healthy,fit
plantwild/extracted/plantwild/images/potato leaf/92.jpg,Potato___healthy,fit
plantwild/extracted/plantwild/images/potato leaf/85.jpg,Potato___healthy,fit
plantwild/extracted/plantwild/images/potato leaf/google_0130.jpg,Potato___healthy,fit
plantwild/extracted/plantwild/images/potato leaf/google_0114.jpg,Potato___healthy,fit
plantwild/extracted/plantwild/images/potato leaf/google_0173.jpg,Potato___healthy,fit
plantwild/extracted/plantwild/images/potato leaf/82.jpg,Potato___healthy,fit
plantwild/extracted/plantwild/images/potato leaf/35.jpg,Potato___healthy,fit
plantwild/extracted/plantwild/images/potato leaf/42.jpg,Potato___healthy,fit
plantwild/extracted/plantwild/images/potato leaf/google_0326.jpg,Potato___healthy,fit
plantwild/extracted/plantwild/images/potato leaf/google_0275.jpg,Potato___healthy,fit
plantwild/extracted/plantwild/images/potato leaf/15.jpg,Potato___healthy,fit
plantwild/extracted/plantwild/images/potato leaf/89.jpg,Potato___healthy,fit
plantwild/extracted/plantwild/images/potato leaf/38.jpg,Potato___healthy,fit
plantwild/extracted/plantwild/images/potato leaf/36.jpg,Potato___healthy,fit
plantwild/extracted/plantwild/images/potato leaf/google_0299.jpg,Potato___healthy,fit
plantwild/extracted/plantwild/images/potato leaf/google_0561.jpg,Potato___healthy,fit
plantwild/extracted/plantwild/images/potato leaf/google_0538.jpg,Potato___healthy,fit
plantwild/extracted/plantwild/images/potato leaf/google_0644.jpg,Potato___healthy,fit
plantwild/extracted/plantwild/images/potato leaf/47.jpg,Potato___healthy,fit
plantwild/extracted/plantwild/images/potato leaf/google_0063.jpg,Potato___healthy,fit
plantwild/extracted/plantwild/images/potato leaf/google_0011.jpg,Potato___healthy,fit
plantwild/extracted/plantwild/images/potato leaf/google_0064.jpg,Potato___healthy,fit
plantwild/extracted/plantwild/images/potato leaf/86.jpg,Potato___healthy,fit
plantwild/extracted/plantwild/images/potato leaf/66.jpg,Potato___healthy,fit
plantwild/extracted/plantwild/images/potato leaf/1.jpg,Potato___healthy,fit
plantwild/extracted/plantwild/images/potato leaf/27.jpg,Potato___healthy,fit
plantwild/extracted/plantwild/images/potato leaf/google_0618.jpg,Potato___healthy,fit
plantwild/extracted/plantwild/images/potato leaf/google_0656.jpg,Potato___healthy,fit
plantwild/extracted/plantwild/images/potato leaf/google_0047.jpg,Potato___healthy,fit
plantwild/extracted/plantwild/images/potato leaf/54.jpg,Potato___healthy,fit
plantwild/extracted/plantwild/images/potato leaf/google_0123.jpg,Potato___healthy,fit
plantwild/extracted/plantwild/images/potato leaf/google_0045.jpg,Potato___healthy,fit
plantwild/extracted/plantwild/images/potato leaf/google_0218.jpg,Potato___healthy,fit
plantwild/extracted/plantwild/images/potato leaf/97.jpg,Potato___healthy,fit
plantwild/extracted/plantwild/images/potato leaf/google_0012.jpg,Potato___healthy,fit
plantwild/extracted/plantwild/images/potato leaf/google_0311.jpg,Potato___healthy,fit
plantwild/extracted/plantwild/images/potato leaf/78.jpg,Potato___healthy,fit
plantwild/extracted/plantwild/images/potato leaf/65.jpg,Potato___healthy,fit
plantwild/extracted/plantwild/images/potato leaf/google_0153.jpg,Potato___healthy,fit
plantwild/extracted/plantwild/images/potato leaf/google_0376.jpg,Potato___healthy,fit
plantwild/extracted/plantwild/images/potato leaf/google_0360.jpg,Potato___healthy,fit
plantwild/extracted/plantwild/images/potato leaf/33.jpg,Potato___healthy,fit
plantwild/extracted/plantwild/images/potato leaf/google_0243.jpg,Potato___healthy,fit
plantwild/extracted/plantwild/images/potato leaf/101.jpg,Potato___healthy,fit
plantwild/extracted/plantwild/images/potato leaf/google_0668.jpg,Potato___healthy,fit
plantwild/extracted/plantwild/images/potato leaf/google_0432.jpg,Potato___healthy,fit
plantwild/extracted/plantwild/images/potato leaf/google_0463.jpg,Potato___healthy,fit
plantwild/extracted/plantwild/images/potato leaf/google_0572.jpg,Potato___healthy,fit
plantwild/extracted/plantwild/images/potato leaf/51.jpg,Potato___healthy,fit
plantwild/extracted/plantwild/images/potato leaf/58.jpg,Potato___healthy,fit
plantwild/extracted/plantwild/images/potato leaf/57.jpg,Potato___healthy,fit
plantwild/extracted/plantwild/images/potato leaf/google_0473.jpg,Potato___healthy,fit
plantwild/extracted/plantwild/images/potato leaf/google_0139.jpg,Potato___healthy,fit
plantwild/extracted/plantwild/images/potato leaf/google_0293.jpg,Potato___healthy,fit
plantwild/extracted/plantwild/images/potato leaf/google_0529.jpg,Potato___healthy,fit
plantwild/extracted/plantwild/images/potato leaf/99.jpg,Potato___healthy,fit
plantwild/extracted/plantwild/images/potato leaf/google_0583.jpg,Potato___healthy,fit
plantwild/extracted/plantwild/images/potato leaf/72.jpg,Potato___healthy,fit
plantwild/extracted/plantwild/images/potato leaf/24.jpg,Potato___healthy,fit
plantwild/extracted/plantwild/images/potato leaf/67.jpg,Potato___healthy,fit
plantwild/extracted/plantwild/images/potato leaf/40.jpg,Potato___healthy,fit
plantwild/extracted/plantwild/images/potato leaf/9.jpg,Potato___healthy,fit
plantwild/extracted/plantwild/images/potato leaf/90.jpg,Potato___healthy,fit
plantwild/extracted/plantwild/images/potato leaf/google_0128.jpg,Potato___healthy,fit
plantwild/extracted/plantwild/images/potato leaf/google_0149.jpg,Potato___healthy,fit
plantwild/extracted/plantwild/images/potato leaf/google_0060.jpg,Potato___healthy,fit
plantwild/extracted/plantwild/images/potato leaf/45.jpg,Potato___healthy,fit
plantwild/extracted/plantwild/images/potato leaf/google_0031.jpg,Potato___healthy,fit
plantwild/extracted/plantwild/images/potato leaf/google_0157.jpg,Potato___healthy,fit
plantwild/extracted/plantwild/images/potato leaf/google_0632.jpg,Potato___healthy,fit
plantwild/extracted/plantwild/images/potato leaf/google_0440.jpg,Potato___healthy,fit
plantwild/extracted/plantwild/images/potato leaf/62.jpg,Potato___healthy,fit
plantwild/extracted/plantwild/images/raspberry leaf/google_0178.jpg,Raspberry___healthy,fit
plantwild/extracted/plantwild/images/raspberry leaf/120 - Copy.jpg,Raspberry___healthy,fit
plantwild/extracted/plantwild/images/raspberry leaf/64.jpg,Raspberry___healthy,fit
plantwild/extracted/plantwild/images/raspberry leaf/92.jpg,Raspberry___healthy,fit
plantwild/extracted/plantwild/images/raspberry leaf/106.jpg,Raspberry___healthy,fit
plantwild/extracted/plantwild/images/raspberry leaf/119.jpg,Raspberry___healthy,fit
plantwild/extracted/plantwild/images/raspberry leaf/24.jpg,Raspberry___healthy,fit
plantwild/extracted/plantwild/images/raspberry leaf/68.jpg,Raspberry___healthy,fit
plantwild/extracted/plantwild/images/raspberry leaf/78.jpg,Raspberry___healthy,fit
plantwild/extracted/plantwild/images/raspberry leaf/google_0054.jpg,Raspberry___healthy,fit
plantwild/extracted/plantwild/images/raspberry leaf/66.jpg,Raspberry___healthy,fit
plantwild/extracted/plantwild/images/raspberry leaf/google_0092.jpg,Raspberry___healthy,fit
plantwild/extracted/plantwild/images/raspberry leaf/127.jpg,Raspberry___healthy,fit
plantwild/extracted/plantwild/images/raspberry leaf/85.jpg,Raspberry___healthy,fit
plantwild/extracted/plantwild/images/raspberry leaf/35.jpg,Raspberry___healthy,fit
plantwild/extracted/plantwild/images/raspberry leaf/120.jpg,Raspberry___healthy,fit
plantwild/extracted/plantwild/images/raspberry leaf/20.jpg,Raspberry___healthy,fit
plantwild/extracted/plantwild/images/raspberry leaf/19.jpg,Raspberry___healthy,fit
plantwild/extracted/plantwild/images/raspberry leaf/google_0146.jpg,Raspberry___healthy,fit
plantwild/extracted/plantwild/images/raspberry leaf/87.jpg,Raspberry___healthy,fit
plantwild/extracted/plantwild/images/raspberry leaf/121.jpg,Raspberry___healthy,fit
plantwild/extracted/plantwild/images/raspberry leaf/42.jpg,Raspberry___healthy,fit
plantwild/extracted/plantwild/images/raspberry leaf/google_0003.jpg,Raspberry___healthy,fit
plantwild/extracted/plantwild/images/raspberry leaf/37.jpg,Raspberry___healthy,fit
plantwild/extracted/plantwild/images/raspberry leaf/google_0096.jpg,Raspberry___healthy,fit
plantwild/extracted/plantwild/images/raspberry leaf/98.jpg,Raspberry___healthy,fit
plantwild/extracted/plantwild/images/raspberry leaf/google_0017.jpg,Raspberry___healthy,fit
plantwild/extracted/plantwild/images/raspberry leaf/72.jpg,Raspberry___healthy,fit
plantwild/extracted/plantwild/images/raspberry leaf/31.jpg,Raspberry___healthy,fit
plantwild/extracted/plantwild/images/raspberry leaf/67.jpg,Raspberry___healthy,fit
plantwild/extracted/plantwild/images/raspberry leaf/126.jpg,Raspberry___healthy,fit
plantwild/extracted/plantwild/images/raspberry leaf/google_0075.jpg,Raspberry___healthy,fit
plantwild/extracted/plantwild/images/raspberry leaf/18.jpg,Raspberry___healthy,fit
plantwild/extracted/plantwild/images/raspberry leaf/google_0140.jpg,Raspberry___healthy,fit
plantwild/extracted/plantwild/images/raspberry leaf/15.jpg,Raspberry___healthy,fit
plantwild/extracted/plantwild/images/raspberry leaf/17.jpg,Raspberry___healthy,fit
plantwild/extracted/plantwild/images/raspberry leaf/38.jpg,Raspberry___healthy,fit
plantwild/extracted/plantwild/images/raspberry leaf/129.jpg,Raspberry___healthy,fit
plantwild/extracted/plantwild/images/raspberry leaf/48.jpg,Raspberry___healthy,fit
plantwild/extracted/plantwild/images/raspberry leaf/google_0079.jpg,Raspberry___healthy,fit
plantwild/extracted/plantwild/images/raspberry leaf/google_0062.jpg,Raspberry___healthy,fit
plantwild/extracted/plantwild/images/raspberry leaf/9.jpg,Raspberry___healthy,fit
plantwild/extracted/plantwild/images/raspberry leaf/google_0143.jpg,Raspberry___healthy,fit
plantwild/extracted/plantwild/images/raspberry leaf/26.jpg,Raspberry___healthy,fit
plantwild/extracted/plantwild/images/raspberry leaf/google_0162.jpg,Raspberry___healthy,fit
plantwild/extracted/plantwild/images/raspberry leaf/google_0004.jpg,Raspberry___healthy,fit
plantwild/extracted/plantwild/images/raspberry leaf/27.jpg,Raspberry___healthy,fit
plantwild/extracted/plantwild/images/raspberry leaf/49.jpg,Raspberry___healthy,fit
plantwild/extracted/plantwild/images/raspberry leaf/105.jpg,Raspberry___healthy,fit
plantwild/extracted/plantwild/images/raspberry leaf/google_0000.jpg,Raspberry___healthy,fit
plantwild/extracted/plantwild/images/raspberry leaf/google_0056.jpg,Raspberry___healthy,fit
plantwild/extracted/plantwild/images/raspberry leaf/7.jpg,Raspberry___healthy,fit
plantwild/extracted/plantwild/images/raspberry leaf/1.jpg,Raspberry___healthy,fit
plantwild/extracted/plantwild/images/raspberry leaf/google_0065.jpg,Raspberry___healthy,fit
plantwild/extracted/plantwild/images/raspberry leaf/95.jpg,Raspberry___healthy,fit
plantwild/extracted/plantwild/images/raspberry leaf/13.jpg,Raspberry___healthy,fit
plantwild/extracted/plantwild/images/raspberry leaf/21.jpg,Raspberry___healthy,fit
plantwild/extracted/plantwild/images/raspberry leaf/47.jpg,Raspberry___healthy,fit
plantwild/extracted/plantwild/images/raspberry leaf/130.jpg,Raspberry___healthy,fit
plantwild/extracted/plantwild/images/raspberry leaf/136.jpg,Raspberry___healthy,fit
plantwild/extracted/plantwild/images/raspberry leaf/77.jpg,Raspberry___healthy,fit
plantwild/extracted/plantwild/images/raspberry leaf/108.jpg,Raspberry___healthy,fit
plantwild/extracted/plantwild/images/raspberry leaf/117.jpg,Raspberry___healthy,fit
plantwild/extracted/plantwild/images/raspberry leaf/29.jpg,Raspberry___healthy,fit
plantwild/extracted/plantwild/images/raspberry leaf/22.jpg,Raspberry___healthy,fit
plantwild/extracted/plantwild/images/raspberry leaf/google_0064.jpg,Raspberry___healthy,fit
plantwild/extracted/plantwild/images/raspberry leaf/google_0138.jpg,Raspberry___healthy,fit
plantwild/extracted/plantwild/images/raspberry leaf/google_0002.jpg,Raspberry___healthy,fit
plantwild/extracted/plantwild/images/raspberry leaf/44.jpg,Raspberry___healthy,fit
plantwild/extracted/plantwild/images/raspberry leaf/122.jpg,Raspberry___healthy,fit
plantwild/extracted/plantwild/images/raspberry leaf/google_0118.jpg,Raspberry___healthy,fit
plantwild/extracted/plantwild/images/raspberry leaf/google_0180.jpg,Raspberry___healthy,fit
plantwild/extracted/plantwild/images/raspberry leaf/90.jpg,Raspberry___healthy,fit
plantwild/extracted/plantwild/images/raspberry leaf/14.jpg,Raspberry___healthy,fit
plantwild/extracted/plantwild/images/raspberry leaf/70.jpg,Raspberry___healthy,fit
plantwild/extracted/plantwild/images/raspberry leaf/40.jpg,Raspberry___healthy,fit
plantwild/extracted/plantwild/images/raspberry leaf/79.jpg,Raspberry___healthy,fit
plantwild/extracted/plantwild/images/raspberry leaf/6.jpg,Raspberry___healthy,fit
plantwild/extracted/plantwild/images/raspberry leaf/116.jpg,Raspberry___healthy,fit
plantwild/extracted/plantwild/images/raspberry leaf/52.jpg,Raspberry___healthy,fit
plantwild/extracted/plantwild/images/raspberry leaf/google_0048.jpg,Raspberry___healthy,fit
plantwild/extracted/plantwild/images/raspberry leaf/google_0025.jpg,Raspberry___healthy,fit
plantwild/extracted/plantwild/images/raspberry leaf/41.jpg,Raspberry___healthy,fit
plantwild/extracted/plantwild/images/raspberry leaf/11.jpg,Raspberry___healthy,fit
plantwild/extracted/plantwild/images/raspberry leaf/8.jpg,Raspberry___healthy,fit
plantwild/extracted/plantwild/images/raspberry leaf/73.jpg,Raspberry___healthy,fit
plantwild/extracted/plantwild/images/raspberry leaf/16.jpg,Raspberry___healthy,fit
plantwild/extracted/plantwild/images/raspberry leaf/google_0121.jpg,Raspberry___healthy,fit
plantwild/extracted/plantwild/images/raspberry leaf/55.jpg,Raspberry___healthy,fit
plantwild/extracted/plantwild/images/raspberry leaf/google_0019.jpg,Raspberry___healthy,fit
plantwild/extracted/plantwild/images/raspberry leaf/75.jpg,Raspberry___healthy,fit
plantwild/extracted/plantwild/images/raspberry leaf/google_0100.jpg,Raspberry___healthy,fit
plantwild/extracted/plantwild/images/raspberry leaf/118.jpg,Raspberry___healthy,fit
plantwild/extracted/plantwild/images/raspberry leaf/63.jpg,Raspberry___healthy,fit
plantwild/extracted/plantwild/images/raspberry leaf/36.jpg,Raspberry___healthy,fit
plantwild/extracted/plantwild/images/raspberry leaf/86.jpg,Raspberry___healthy,fit
plantwild/extracted/plantwild/images/raspberry leaf/46.jpg,Raspberry___healthy,fit
plantwild/extracted/plantwild/images/raspberry leaf/94.jpg,Raspberry___healthy,fit
plantwild/extracted/plantwild/images/raspberry leaf/89.jpg,Raspberry___healthy,fit
plantwild/extracted/plantwild/images/raspberry leaf/32.jpg,Raspberry___healthy,fit
plantwild/extracted/plantwild/images/raspberry leaf/3.jpg,Raspberry___healthy,fit
plantwild/extracted/plantwild/images/raspberry leaf/113.jpg,Raspberry___healthy,fit
plantwild/extracted/plantwild/images/raspberry leaf/google_0205.jpg,Raspberry___healthy,fit
plantwild/extracted/plantwild/images/raspberry leaf/80.jpg,Raspberry___healthy,fit
plantwild/extracted/plantwild/images/raspberry leaf/100.jpg,Raspberry___healthy,fit
plantwild/extracted/plantwild/images/raspberry leaf/91.jpg,Raspberry___healthy,fit
plantwild/extracted/plantwild/images/raspberry leaf/112.jpg,Raspberry___healthy,fit
plantwild/extracted/plantwild/images/raspberry leaf/59.jpg,Raspberry___healthy,fit
plantwild/extracted/plantwild/images/raspberry leaf/82.jpg,Raspberry___healthy,fit
plantwild/extracted/plantwild/images/raspberry leaf/google_0066.jpg,Raspberry___healthy,fit
plantwild/extracted/plantwild/images/raspberry leaf/104.jpg,Raspberry___healthy,fit
plantwild/extracted/plantwild/images/raspberry leaf/google_0109.jpg,Raspberry___healthy,fit
plantwild/extracted/plantwild/images/raspberry leaf/43.jpg,Raspberry___healthy,fit
plantwild/extracted/plantwild/images/raspberry leaf/google_0097.jpg,Raspberry___healthy,fit
plantwild/extracted/plantwild/images/raspberry leaf/131.jpg,Raspberry___healthy,fit
plantwild/extracted/plantwild/images/raspberry leaf/56.jpg,Raspberry___healthy,fit
plantwild/extracted/plantwild/images/raspberry leaf/84.jpg,Raspberry___healthy,fit
plantwild/extracted/plantwild/images/raspberry leaf/google_0132.jpg,Raspberry___healthy,fit
plantwild/extracted/plantwild/images/raspberry leaf/google_0005.jpg,Raspberry___healthy,fit
plantwild/extracted/plantwild/images/raspberry leaf/74.jpg,Raspberry___healthy,fit
plantwild/extracted/plantwild/images/raspberry leaf/58.jpg,Raspberry___healthy,fit
plantwild/extracted/plantwild/images/raspberry leaf/google_0147.jpg,Raspberry___healthy,fit
plantwild/extracted/plantwild/images/raspberry leaf/23.jpg,Raspberry___healthy,fit
plantwild/extracted/plantwild/images/raspberry leaf/114.jpg,Raspberry___healthy,fit
plantwild/extracted/plantwild/images/raspberry leaf/12.jpg,Raspberry___healthy,fit
plantwild/extracted/plantwild/images/raspberry leaf/4.jpg,Raspberry___healthy,fit
plantwild/extracted/plantwild/images/soybean leaf/google_0557.jpg,Soybean___healthy,fit
plantwild/extracted/plantwild/images/soybean leaf/10.jpg,Soybean___healthy,fit
plantwild/extracted/plantwild/images/soybean leaf/84.jpg,Soybean___healthy,fit
plantwild/extracted/plantwild/images/soybean leaf/google_0371.jpg,Soybean___healthy,fit
plantwild/extracted/plantwild/images/soybean leaf/166.jpg,Soybean___healthy,fit
plantwild/extracted/plantwild/images/soybean leaf/250.jpg,Soybean___healthy,fit
plantwild/extracted/plantwild/images/soybean leaf/google_0553.jpg,Soybean___healthy,fit
plantwild/extracted/plantwild/images/soybean leaf/177.jpg,Soybean___healthy,fit
plantwild/extracted/plantwild/images/soybean leaf/206.jpg,Soybean___healthy,fit
plantwild/extracted/plantwild/images/soybean leaf/google_0001.jpg,Soybean___healthy,fit
plantwild/extracted/plantwild/images/soybean leaf/222.jpg,Soybean___healthy,fit
plantwild/extracted/plantwild/images/soybean leaf/73.jpg,Soybean___healthy,fit
plantwild/extracted/plantwild/images/soybean leaf/183.jpg,Soybean___healthy,fit
plantwild/extracted/plantwild/images/soybean leaf/6.jpg,Soybean___healthy,fit
plantwild/extracted/plantwild/images/soybean leaf/google_0057.jpg,Soybean___healthy,fit
plantwild/extracted/plantwild/images/soybean leaf/35.jpg,Soybean___healthy,fit
plantwild/extracted/plantwild/images/soybean leaf/56.jpg,Soybean___healthy,fit
plantwild/extracted/plantwild/images/soybean leaf/google_0479.jpg,Soybean___healthy,fit
plantwild/extracted/plantwild/images/soybean leaf/115.jpg,Soybean___healthy,fit
plantwild/extracted/plantwild/images/soybean leaf/23.jpg,Soybean___healthy,fit
plantwild/extracted/plantwild/images/soybean leaf/google_0509.jpg,Soybean___healthy,fit
plantwild/extracted/plantwild/images/soybean leaf/276.jpg,Soybean___healthy,fit
plantwild/extracted/plantwild/images/soybean leaf/173.jpg,Soybean___healthy,fit
plantwild/extracted/plantwild/images/soybean leaf/164.jpg,Soybean___healthy,fit
plantwild/extracted/plantwild/images/soybean leaf/81.jpg,Soybean___healthy,fit
plantwild/extracted/plantwild/images/soybean leaf/34.jpg,Soybean___healthy,fit
plantwild/extracted/plantwild/images/soybean leaf/87.jpg,Soybean___healthy,fit
plantwild/extracted/plantwild/images/soybean leaf/219.jpg,Soybean___healthy,fit
plantwild/extracted/plantwild/images/soybean leaf/google_0406.jpg,Soybean___healthy,fit
plantwild/extracted/plantwild/images/soybean leaf/252.jpg,Soybean___healthy,fit
plantwild/extracted/plantwild/images/soybean leaf/174.jpg,Soybean___healthy,fit
plantwild/extracted/plantwild/images/soybean leaf/google_0539.jpg,Soybean___healthy,fit
plantwild/extracted/plantwild/images/soybean leaf/google_0604.jpg,Soybean___healthy,fit
plantwild/extracted/plantwild/images/soybean leaf/72.jpg,Soybean___healthy,fit
plantwild/extracted/plantwild/images/soybean leaf/216.jpg,Soybean___healthy,fit
plantwild/extracted/plantwild/images/soybean leaf/google_0028.jpg,Soybean___healthy,fit
plantwild/extracted/plantwild/images/soybean leaf/google_0310.jpg,Soybean___healthy,fit
plantwild/extracted/plantwild/images/soybean leaf/204.jpg,Soybean___healthy,fit
plantwild/extracted/plantwild/images/soybean leaf/180.jpg,Soybean___healthy,fit
plantwild/extracted/plantwild/images/soybean leaf/27.jpg,Soybean___healthy,fit
plantwild/extracted/plantwild/images/soybean leaf/google_0225.jpg,Soybean___healthy,fit
plantwild/extracted/plantwild/images/soybean leaf/147.jpg,Soybean___healthy,fit
plantwild/extracted/plantwild/images/soybean leaf/311.jpg,Soybean___healthy,fit
plantwild/extracted/plantwild/images/soybean leaf/297.jpg,Soybean___healthy,fit
plantwild/extracted/plantwild/images/soybean leaf/95.jpg,Soybean___healthy,fit
plantwild/extracted/plantwild/images/soybean leaf/272.jpg,Soybean___healthy,fit
plantwild/extracted/plantwild/images/soybean leaf/240.jpg,Soybean___healthy,fit
plantwild/extracted/plantwild/images/soybean leaf/263.jpg,Soybean___healthy,fit
plantwild/extracted/plantwild/images/soybean leaf/8.jpg,Soybean___healthy,fit
plantwild/extracted/plantwild/images/soybean leaf/243.jpg,Soybean___healthy,fit
plantwild/extracted/plantwild/images/soybean leaf/82.jpg,Soybean___healthy,fit
plantwild/extracted/plantwild/images/soybean leaf/google_0422.jpg,Soybean___healthy,fit
plantwild/extracted/plantwild/images/soybean leaf/51.jpg,Soybean___healthy,fit
plantwild/extracted/plantwild/images/soybean leaf/google_0377.jpg,Soybean___healthy,fit
plantwild/extracted/plantwild/images/soybean leaf/58.jpg,Soybean___healthy,fit
plantwild/extracted/plantwild/images/soybean leaf/7.jpg,Soybean___healthy,fit
plantwild/extracted/plantwild/images/soybean leaf/google_0579.jpg,Soybean___healthy,fit
plantwild/extracted/plantwild/images/soybean leaf/110.jpg,Soybean___healthy,fit
plantwild/extracted/plantwild/images/soybean leaf/320.jpg,Soybean___healthy,fit
plantwild/extracted/plantwild/images/soybean leaf/47.jpg,Soybean___healthy,fit
plantwild/extracted/plantwild/images/soybean leaf/google_0525.jpg,Soybean___healthy,fit
plantwild/extracted/plantwild/images/soybean leaf/339.jpg,Soybean___healthy,fit
plantwild/extracted/plantwild/images/soybean leaf/2.jpg,Soybean___healthy,fit
plantwild/extracted/plantwild/images/soybean leaf/9.jpg,Soybean___healthy,fit
plantwild/extracted/plantwild/images/soybean leaf/google_0014.jpg,Soybean___healthy,fit
plantwild/extracted/plantwild/images/soybean leaf/22.jpg,Soybean___healthy,fit
plantwild/extracted/plantwild/images/soybean leaf/google_0535.jpg,Soybean___healthy,fit
plantwild/extracted/plantwild/images/soybean leaf/247.jpg,Soybean___healthy,fit
plantwild/extracted/plantwild/images/soybean leaf/78.jpg,Soybean___healthy,fit
plantwild/extracted/plantwild/images/soybean leaf/google_0470.jpg,Soybean___healthy,fit
plantwild/extracted/plantwild/images/soybean leaf/308.jpg,Soybean___healthy,fit
plantwild/extracted/plantwild/images/soybean leaf/242.jpg,Soybean___healthy,fit
plantwild/extracted/plantwild/images/soybean leaf/google_0577.jpg,Soybean___healthy,fit
plantwild/extracted/plantwild/images/soybean leaf/45.jpg,Soybean___healthy,fit
plantwild/extracted/plantwild/images/soybean leaf/293.jpg,Soybean___healthy,fit
plantwild/extracted/plantwild/images/soybean leaf/319.jpg,Soybean___healthy,fit
plantwild/extracted/plantwild/images/soybean leaf/218.jpg,Soybean___healthy,fit
plantwild/extracted/plantwild/images/soybean leaf/google_0317.jpg,Soybean___healthy,fit
plantwild/extracted/plantwild/images/soybean leaf/36.jpg,Soybean___healthy,fit
plantwild/extracted/plantwild/images/soybean leaf/google_0027.jpg,Soybean___healthy,fit
plantwild/extracted/plantwild/images/soybean leaf/google_0042.jpg,Soybean___healthy,fit
plantwild/extracted/plantwild/images/soybean leaf/162.jpg,Soybean___healthy,fit
plantwild/extracted/plantwild/images/soybean leaf/21.jpg,Soybean___healthy,fit
plantwild/extracted/plantwild/images/soybean leaf/google_0585.jpg,Soybean___healthy,fit
plantwild/extracted/plantwild/images/soybean leaf/google_0305.jpg,Soybean___healthy,fit
plantwild/extracted/plantwild/images/soybean leaf/16.jpg,Soybean___healthy,fit
plantwild/extracted/plantwild/images/soybean leaf/286.jpg,Soybean___healthy,fit
plantwild/extracted/plantwild/images/soybean leaf/17.jpg,Soybean___healthy,fit
plantwild/extracted/plantwild/images/soybean leaf/32.jpg,Soybean___healthy,fit
plantwild/extracted/plantwild/images/soybean leaf/google_0005.jpg,Soybean___healthy,fit
plantwild/extracted/plantwild/images/soybean leaf/145.jpg,Soybean___healthy,fit
plantwild/extracted/plantwild/images/soybean leaf/google_0588.jpg,Soybean___healthy,fit
plantwild/extracted/plantwild/images/soybean leaf/154.jpg,Soybean___healthy,fit
plantwild/extracted/plantwild/images/soybean leaf/105.jpg,Soybean___healthy,fit
plantwild/extracted/plantwild/images/soybean leaf/google_0114.jpg,Soybean___healthy,fit
plantwild/extracted/plantwild/images/soybean leaf/304.jpg,Soybean___healthy,fit
plantwild/extracted/plantwild/images/soybean leaf/202.jpg,Soybean___healthy,fit
plantwild/extracted/plantwild/images/soybean leaf/google_0508.jpg,Soybean___healthy,fit
plantwild/extracted/plantwild/images/soybean leaf/257.jpg,Soybean___healthy,fit
plantwild/extracted/plantwild/images/soybean leaf/179.jpg,Soybean___healthy,fit
plantwild/extracted/plantwild/images/soybean leaf/29.jpg,Soybean___healthy,fit
plantwild/extracted/plantwild/images/soybean leaf/20.jpg,Soybean___healthy,fit
plantwild/extracted/plantwild/images/soybean leaf/19.jpg,Soybean___healthy,fit
plantwild/extracted/plantwild/images/soybean leaf/google_0542.jpg,Soybean___healthy,fit
plantwild/extracted/plantwild/images/soybean leaf/google_0606.jpg,Soybean___healthy,fit
plantwild/extracted/plantwild/images/soybean leaf/google_0526.jpg,Soybean___healthy,fit
plantwild/extracted/plantwild/images/soybean leaf/google_0560.jpg,Soybean___healthy,fit
plantwild/extracted/plantwild/images/soybean leaf/google_0007.jpg,Soybean___healthy,fit
plantwild/extracted/plantwild/images/soybean leaf/126.jpg,Soybean___healthy,fit
plantwild/extracted/plantwild/images/soybean leaf/google_0004.jpg,Soybean___healthy,fit
plantwild/extracted/plantwild/images/soybean leaf/google_0568.jpg,Soybean___healthy,fit
plantwild/extracted/plantwild/images/soybean leaf/google_0033.jpg,Soybean___healthy,fit
plantwild/extracted/plantwild/images/soybean leaf/google_0543.jpg,Soybean___healthy,fit
plantwild/extracted/plantwild/images/soybean leaf/google_0556.jpg,Soybean___healthy,fit
plantwild/extracted/plantwild/images/soybean leaf/99.jpg,Soybean___healthy,fit
plantwild/extracted/plantwild/images/soybean leaf/28.jpg,Soybean___healthy,fit
plantwild/extracted/plantwild/images/soybean leaf/287.jpg,Soybean___healthy,fit
plantwild/extracted/plantwild/images/soybean leaf/google_0164.jpg,Soybean___healthy,fit
plantwild/extracted/plantwild/images/soybean leaf/google_0008.jpg,Soybean___healthy,fit
plantwild/extracted/plantwild/images/soybean leaf/google_0032.jpg,Soybean___healthy,fit
plantwild/extracted/plantwild/images/soybean leaf/228.jpg,Soybean___healthy,fit
plantwild/extracted/plantwild/images/soybean leaf/44.jpg,Soybean___healthy,fit
plantwild/extracted/plantwild/images/soybean leaf/google_0571.jpg,Soybean___healthy,fit
plantwild/extracted/plantwild/images/soybean leaf/38.jpg,Soybean___healthy,fit
plantwild/extracted/plantwild/images/soybean leaf/108.jpg,Soybean___healthy,fit
plantwild/extracted/plantwild/images/soybean leaf/google_0462.jpg,Soybean___healthy,fit
plantwild/extracted/plantwild/images/soybean leaf/google_0607.jpg,Soybean___healthy,fit
plantwild/extracted/plantwild/images/soybean leaf/3.jpg,Soybean___healthy,fit
plantwild/extracted/plantwild/images/soybean leaf/53.jpg,Soybean___healthy,fit
plantwild/extracted/plantwild/images/soybean leaf/217.jpg,Soybean___healthy,fit
plantwild/extracted/plantwild/images/soybean leaf/284.jpg,Soybean___healthy,fit
plantwild/extracted/plantwild/images/soybean leaf/157.jpg,Soybean___healthy,fit
plantwild/extracted/plantwild/images/soybean leaf/1.jpg,Soybean___healthy,fit
plantwild/extracted/plantwild/images/soybean leaf/113.jpg,Soybean___healthy,fit
plantwild/extracted/plantwild/images/soybean leaf/google_0601.jpg,Soybean___healthy,fit
plantwild/extracted/plantwild/images/soybean leaf/google_0000.jpg,Soybean___healthy,fit
plantwild/extracted/plantwild/images/soybean leaf/google_0580.jpg,Soybean___healthy,fit
plantwild/extracted/plantwild/images/soybean leaf/104.jpg,Soybean___healthy,fit
plantwild/extracted/plantwild/images/soybean leaf/google_0129.jpg,Soybean___healthy,fit
plantwild/extracted/plantwild/images/soybean leaf/165.jpg,Soybean___healthy,fit
plantwild/extracted/plantwild/images/soybean leaf/google_0480.jpg,Soybean___healthy,fit
plantwild/extracted/plantwild/images/soybean leaf/google_0443.jpg,Soybean___healthy,fit
plantwild/extracted/plantwild/images/soybean leaf/69.jpg,Soybean___healthy,fit
plantwild/extracted/plantwild/images/soybean leaf/155.jpg,Soybean___healthy,fit
plantwild/extracted/plantwild/images/soybean leaf/50.jpg,Soybean___healthy,fit
plantwild/extracted/plantwild/images/soybean leaf/5.jpg,Soybean___healthy,fit
plantwild/extracted/plantwild/images/soybean leaf/55.jpg,Soybean___healthy,fit
plantwild/extracted/plantwild/images/soybean leaf/153.jpg,Soybean___healthy,fit
plantwild/extracted/plantwild/images/soybean leaf/233.jpg,Soybean___healthy,fit
plantwild/extracted/plantwild/images/soybean leaf/37.jpg,Soybean___healthy,fit
plantwild/extracted/plantwild/images/soybean leaf/33.jpg,Soybean___healthy,fit
plantwild/extracted/plantwild/images/soybean leaf/86.jpg,Soybean___healthy,fit
plantwild/extracted/plantwild/images/soybean leaf/google_0379.jpg,Soybean___healthy,fit
plantwild/extracted/plantwild/images/soybean leaf/google_0603.jpg,Soybean___healthy,fit
plantwild/extracted/plantwild/images/soybean leaf/117.jpg,Soybean___healthy,fit
plantwild/extracted/plantwild/images/soybean leaf/26.jpg,Soybean___healthy,fit
plantwild/extracted/plantwild/images/soybean leaf/296.jpg,Soybean___healthy,fit
plantwild/extracted/plantwild/images/soybean leaf/24.jpg,Soybean___healthy,fit
plantwild/extracted/plantwild/images/soybean leaf/292.jpg,Soybean___healthy,fit
plantwild/extracted/plantwild/images/soybean leaf/63.jpg,Soybean___healthy,fit
plantwild/extracted/plantwild/images/soybean leaf/15.jpg,Soybean___healthy,fit
plantwild/extracted/plantwild/images/soybean leaf/google_0594.jpg,Soybean___healthy,fit
plantwild/extracted/plantwild/images/soybean leaf/67.jpg,Soybean___healthy,fit
plantwild/extracted/plantwild/images/soybean leaf/59.jpg,Soybean___healthy,fit
plantwild/extracted/plantwild/images/soybean leaf/70.jpg,Soybean___healthy,fit
plantwild/extracted/plantwild/images/soybean leaf/google_0602.jpg,Soybean___healthy,fit
plantwild/extracted/plantwild/images/soybean leaf/google_0174.jpg,Soybean___healthy,fit
plantwild/extracted/plantwild/images/soybean leaf/101.jpg,Soybean___healthy,fit
plantwild/extracted/plantwild/images/soybean leaf/12.jpg,Soybean___healthy,fit
plantwild/extracted/plantwild/images/squash powdery mildew/google_0217.jpg,Squash___Powdery_mildew,fit
plantwild/extracted/plantwild/images/squash powdery mildew/google_0106.jpg,Squash___Powdery_mildew,fit
plantwild/extracted/plantwild/images/squash powdery mildew/google_0249.jpg,Squash___Powdery_mildew,fit
plantwild/extracted/plantwild/images/squash powdery mildew/google_0375.jpg,Squash___Powdery_mildew,fit
plantwild/extracted/plantwild/images/squash powdery mildew/google_0029.jpg,Squash___Powdery_mildew,fit
plantwild/extracted/plantwild/images/squash powdery mildew/google_0133.jpg,Squash___Powdery_mildew,fit
plantwild/extracted/plantwild/images/squash powdery mildew/google_0370.jpg,Squash___Powdery_mildew,fit
plantwild/extracted/plantwild/images/squash powdery mildew/google_0030.jpg,Squash___Powdery_mildew,fit
plantwild/extracted/plantwild/images/squash powdery mildew/60.jpg,Squash___Powdery_mildew,fit
plantwild/extracted/plantwild/images/squash powdery mildew/12.jpg,Squash___Powdery_mildew,fit
plantwild/extracted/plantwild/images/squash powdery mildew/78.jpg,Squash___Powdery_mildew,fit
plantwild/extracted/plantwild/images/squash powdery mildew/google_0227.jpg,Squash___Powdery_mildew,fit
plantwild/extracted/plantwild/images/squash powdery mildew/google_0101.jpg,Squash___Powdery_mildew,fit
plantwild/extracted/plantwild/images/squash powdery mildew/google_0397.jpg,Squash___Powdery_mildew,fit
plantwild/extracted/plantwild/images/squash powdery mildew/google_0081.jpg,Squash___Powdery_mildew,fit
plantwild/extracted/plantwild/images/squash powdery mildew/google_0083.jpg,Squash___Powdery_mildew,fit
plantwild/extracted/plantwild/images/squash powdery mildew/google_0299.jpg,Squash___Powdery_mildew,fit
plantwild/extracted/plantwild/images/squash powdery mildew/google_0181.jpg,Squash___Powdery_mildew,fit
plantwild/extracted/plantwild/images/squash powdery mildew/google_0074.jpg,Squash___Powdery_mildew,fit
plantwild/extracted/plantwild/images/squash powdery mildew/google_0192.jpg,Squash___Powdery_mildew,fit
plantwild/extracted/plantwild/images/squash powdery mildew/71.jpg,Squash___Powdery_mildew,fit
plantwild/extracted/plantwild/images/squash powdery mildew/google_0000.jpg,Squash___Powdery_mildew,fit
plantwild/extracted/plantwild/images/squash powdery mildew/5.jpg,Squash___Powdery_mildew,fit
plantwild/extracted/plantwild/images/squash powdery mildew/google_0068.jpg,Squash___Powdery_mildew,fit
plantwild/extracted/plantwild/images/squash powdery mildew/google_0365.jpg,Squash___Powdery_mildew,fit
plantwild/extracted/plantwild/images/squash powdery mildew/google_0122.jpg,Squash___Powdery_mildew,fit
plantwild/extracted/plantwild/images/squash powdery mildew/google_0132.jpg,Squash___Powdery_mildew,fit
plantwild/extracted/plantwild/images/squash powdery mildew/53.jpg,Squash___Powdery_mildew,fit
plantwild/extracted/plantwild/images/squash powdery mildew/google_0389.jpg,Squash___Powdery_mildew,fit
plantwild/extracted/plantwild/images/squash powdery mildew/google_0175.jpg,Squash___Powdery_mildew,fit
plantwild/extracted/plantwild/images/squash powdery mildew/google_0007.jpg,Squash___Powdery_mildew,fit
plantwild/extracted/plantwild/images/squash powdery mildew/google_0028.jpg,Squash___Powdery_mildew,fit
plantwild/extracted/plantwild/images/squash powdery mildew/google_0042.jpg,Squash___Powdery_mildew,fit
plantwild/extracted/plantwild/images/squash powdery mildew/88.jpg,Squash___Powdery_mildew,fit
plantwild/extracted/plantwild/images/squash powdery mildew/google_0149.jpg,Squash___Powdery_mildew,fit
plantwild/extracted/plantwild/images/squash powdery mildew/google_0107.jpg,Squash___Powdery_mildew,fit
plantwild/extracted/plantwild/images/squash powdery mildew/google_0263.jpg,Squash___Powdery_mildew,fit
plantwild/extracted/plantwild/images/squash powdery mildew/google_0168.jpg,Squash___Powdery_mildew,fit
plantwild/extracted/plantwild/images/squash powdery mildew/6.jpg,Squash___Powdery_mildew,fit
plantwild/extracted/plantwild/images/squash powdery mildew/google_0208.jpg,Squash___Powdery_mildew,fit
plantwild/extracted/plantwild/images/squash powdery mildew/8.jpg,Squash___Powdery_mildew,fit
plantwild/extracted/plantwild/images/squash powdery mildew/11.jpg,Squash___Powdery_mildew,fit
plantwild/extracted/plantwild/images/squash powdery mildew/google_0266.jpg,Squash___Powdery_mildew,fit
plantwild/extracted/plantwild/images/squash powdery mildew/google_0198.jpg,Squash___Powdery_mildew,fit
plantwild/extracted/plantwild/images/squash powdery mildew/22.jpg,Squash___Powdery_mildew,fit
plantwild/extracted/plantwild/images/squash powdery mildew/google_0142.jpg,Squash___Powdery_mildew,fit
plantwild/extracted/plantwild/images/squash powdery mildew/google_0120.jpg,Squash___Powdery_mildew,fit
plantwild/extracted/plantwild/images/squash powdery mildew/google_0176.jpg,Squash___Powdery_mildew,fit
plantwild/extracted/plantwild/images/squash powdery mildew/34.jpg,Squash___Powdery_mildew,fit
plantwild/extracted/plantwild/images/squash powdery mildew/31.jpg,Squash___Powdery_mildew,fit
plantwild/extracted/plantwild/images/squash powdery mildew/google_0017.jpg,Squash___Powdery_mildew,fit
plantwild/extracted/plantwild/images/squash powdery mildew/69.jpg,Squash___Powdery_mildew,fit
plantwild/extracted/plantwild/images/squash powdery mildew/81.jpg,Squash___Powdery_mildew,fit
plantwild/extracted/plantwild/images/squash powdery mildew/google_0144.jpg,Squash___Powdery_mildew,fit
plantwild/extracted/plantwild/images/squash powdery mildew/google_0226.jpg,Squash___Powdery_mildew,fit
plantwild/extracted/plantwild/images/squash powdery mildew/google_0124.jpg,Squash___Powdery_mildew,fit
plantwild/extracted/plantwild/images/squash powdery mildew/google_0256.jpg,Squash___Powdery_mildew,fit
plantwild/extracted/plantwild/images/squash powdery mildew/56.jpg,Squash___Powdery_mildew,fit
plantwild/extracted/plantwild/images/squash powdery mildew/17.jpg,Squash___Powdery_mildew,fit
plantwild/extracted/plantwild/images/squash powdery mildew/google_0215.jpg,Squash___Powdery_mildew,fit
plantwild/extracted/plantwild/images/squash powdery mildew/google_0031.jpg,Squash___Powdery_mildew,fit
plantwild/extracted/plantwild/images/squash powdery mildew/121.jpg,Squash___Powdery_mildew,fit
plantwild/extracted/plantwild/images/squash powdery mildew/21.jpg,Squash___Powdery_mildew,fit
plantwild/extracted/plantwild/images/squash powdery mildew/14.jpg,Squash___Powdery_mildew,fit
plantwild/extracted/plantwild/images/squash powdery mildew/50.jpg,Squash___Powdery_mildew,fit
plantwild/extracted/plantwild/images/squash powdery mildew/google_0016.jpg,Squash___Powdery_mildew,fit
plantwild/extracted/plantwild/images/squash powdery mildew/google_0218.jpg,Squash___Powdery_mildew,fit
plantwild/extracted/plantwild/images/squash powdery mildew/37.jpg,Squash___Powdery_mildew,fit
plantwild/extracted/plantwild/images/squash powdery mildew/google_0112.jpg,Squash___Powdery_mildew,fit
plantwild/extracted/plantwild/images/squash powdery mildew/23.jpg,Squash___Powdery_mildew,fit
plantwild/extracted/plantwild/images/squash powdery mildew/google_0388.jpg,Squash___Powdery_mildew,fit
plantwild/extracted/plantwild/images/squash powdery mildew/25.jpg,Squash___Powdery_mildew,fit
plantwild/extracted/plantwild/images/squash powdery mildew/24.jpg,Squash___Powdery_mildew,fit
plantwild/extracted/plantwild/images/squash powdery mildew/google_0035.jpg,Squash___Powdery_mildew,fit
plantwild/extracted/plantwild/images/squash powdery mildew/google_0290.jpg,Squash___Powdery_mildew,fit
plantwild/extracted/plantwild/images/squash powdery mildew/google_0274.jpg,Squash___Powdery_mildew,fit
plantwild/extracted/plantwild/images/squash powdery mildew/google_0191.jpg,Squash___Powdery_mildew,fit
plantwild/extracted/plantwild/images/squash powdery mildew/106.jpg,Squash___Powdery_mildew,fit
plantwild/extracted/plantwild/images/squash powdery mildew/google_0374.jpg,Squash___Powdery_mildew,fit
plantwild/extracted/plantwild/images/squash powdery mildew/114.jpg,Squash___Powdery_mildew,fit
plantwild/extracted/plantwild/images/squash powdery mildew/72.jpg,Squash___Powdery_mildew,fit
plantwild/extracted/plantwild/images/squash powdery mildew/1.jpg,Squash___Powdery_mildew,fit
plantwild/extracted/plantwild/images/squash powdery mildew/google_0033.jpg,Squash___Powdery_mildew,fit
plantwild/extracted/plantwild/images/squash powdery mildew/123.jpg,Squash___Powdery_mildew,fit
plantwild/extracted/plantwild/images/squash powdery mildew/google_0013.jpg,Squash___Powdery_mildew,fit
plantwild/extracted/plantwild/images/squash powdery mildew/google_0099.jpg,Squash___Powdery_mildew,fit
plantwild/extracted/plantwild/images/squash powdery mildew/google_0126.jpg,Squash___Powdery_mildew,fit
plantwild/extracted/plantwild/images/squash powdery mildew/google_0196.jpg,Squash___Powdery_mildew,fit
plantwild/extracted/plantwild/images/squash powdery mildew/google_0287.jpg,Squash___Powdery_mildew,fit
plantwild/extracted/plantwild/images/squash powdery mildew/73.jpg,Squash___Powdery_mildew,fit
plantwild/extracted/plantwild/images/squash powdery mildew/google_0258.jpg,Squash___Powdery_mildew,fit
plantwild/extracted/plantwild/images/squash powdery mildew/google_0378.jpg,Squash___Powdery_mildew,fit
plantwild/extracted/plantwild/images/squash powdery mildew/google_0354.jpg,Squash___Powdery_mildew,fit
plantwild/extracted/plantwild/images/squash powdery mildew/google_0180.jpg,Squash___Powdery_mildew,fit
plantwild/extracted/plantwild/images/squash powdery mildew/google_0233.jpg,Squash___Powdery_mildew,fit
plantwild/extracted/plantwild/images/squash powdery mildew/65.jpg,Squash___Powdery_mildew,fit
plantwild/extracted/plantwild/images/squash powdery mildew/google_0008.jpg,Squash___Powdery_mildew,fit
plantwild/extracted/plantwild/images/squash powdery mildew/google_0183.jpg,Squash___Powdery_mildew,fit
plantwild/extracted/plantwild/images/squash powdery mildew/2.jpg,Squash___Powdery_mildew,fit
plantwild/extracted/plantwild/images/squash powdery mildew/15.jpg,Squash___Powdery_mildew,fit
plantwild/extracted/plantwild/images/squash powdery mildew/google_0069.jpg,Squash___Powdery_mildew,fit
plantwild/extracted/plantwild/images/squash powdery mildew/google_0024.jpg,Squash___Powdery_mildew,fit
plantwild/extracted/plantwild/images/squash powdery mildew/google_0326.jpg,Squash___Powdery_mildew,fit
plantwild/extracted/plantwild/images/squash powdery mildew/103.jpg,Squash___Powdery_mildew,fit
plantwild/extracted/plantwild/images/squash powdery mildew/google_0362.jpg,Squash___Powdery_mildew,fit
plantwild/extracted/plantwild/images/squash powdery mildew/google_0145.jpg,Squash___Powdery_mildew,fit
plantwild/extracted/plantwild/images/squash powdery mildew/48.jpg,Squash___Powdery_mildew,fit
plantwild/extracted/plantwild/images/squash powdery mildew/google_0295.jpg,Squash___Powdery_mildew,fit
plantwild/extracted/plantwild/images/squash powdery mildew/google_0275.jpg,Squash___Powdery_mildew,fit
plantwild/extracted/plantwild/images/squash powdery mildew/google_0291.jpg,Squash___Powdery_mildew,fit
plantwild/extracted/plantwild/images/squash powdery mildew/google_0152.jpg,Squash___Powdery_mildew,fit
plantwild/extracted/plantwild/images/squash powdery mildew/115.jpg,Squash___Powdery_mildew,fit
plantwild/extracted/plantwild/images/squash powdery mildew/google_0364.jpg,Squash___Powdery_mildew,fit
plantwild/extracted/plantwild/images/squash powdery mildew/google_0252.jpg,Squash___Powdery_mildew,fit
plantwild/extracted/plantwild/images/squash powdery mildew/google_0104.jpg,Squash___Powdery_mildew,fit
plantwild/extracted/plantwild/images/squash powdery mildew/google_0006.jpg,Squash___Powdery_mildew,fit
plantwild/extracted/plantwild/images/squash powdery mildew/google_0244.jpg,Squash___Powdery_mildew,fit
plantwild/extracted/plantwild/images/squash powdery mildew/google_0025.jpg,Squash___Powdery_mildew,fit
plantwild/extracted/plantwild/images/squash powdery mildew/google_0119.jpg,Squash___Powdery_mildew,fit
plantwild/extracted/plantwild/images/squash powdery mildew/google_0036.jpg,Squash___Powdery_mildew,fit
plantwild/extracted/plantwild/images/squash powdery mildew/59.jpg,Squash___Powdery_mildew,fit
plantwild/extracted/plantwild/images/squash powdery mildew/170.jpg,Squash___Powdery_mildew,fit
plantwild/extracted/plantwild/images/squash powdery mildew/google_0315.jpg,Squash___Powdery_mildew,fit
plantwild/extracted/plantwild/images/squash powdery mildew/google_0125.jpg,Squash___Powdery_mildew,fit
plantwild/extracted/plantwild/images/squash powdery mildew/google_0043.jpg,Squash___Powdery_mildew,fit
plantwild/extracted/plantwild/images/squash powdery mildew/82.jpg,Squash___Powdery_mildew,fit
plantwild/extracted/plantwild/images/squash powdery mildew/google_0019.jpg,Squash___Powdery_mildew,fit
plantwild/extracted/plantwild/images/squash powdery mildew/google_0150.jpg,Squash___Powdery_mildew,fit
plantwild/extracted/plantwild/images/squash powdery mildew/41.jpg,Squash___Powdery_mildew,fit
plantwild/extracted/plantwild/images/squash powdery mildew/google_0363.jpg,Squash___Powdery_mildew,fit
plantwild/extracted/plantwild/images/squash powdery mildew/google_0173.jpg,Squash___Powdery_mildew,fit
plantwild/extracted/plantwild/images/squash powdery mildew/30.jpg,Squash___Powdery_mildew,fit
plantwild/extracted/plantwild/images/squash powdery mildew/google_0325.jpg,Squash___Powdery_mildew,fit
plantwild/extracted/plantwild/images/squash powdery mildew/140.jpg,Squash___Powdery_mildew,fit
plantwild/extracted/plantwild/images/squash powdery mildew/google_0182.jpg,Squash___Powdery_mildew,fit
plantwild/extracted/plantwild/images/squash powdery mildew/google_0156.jpg,Squash___Powdery_mildew,fit
plantwild/extracted/plantwild/images/squash powdery mildew/google_0214.jpg,Squash___Powdery_mildew,fit
plantwild/extracted/plantwild/images/squash powdery mildew/google_0247.jpg,Squash___Powdery_mildew,fit
plantwild/extracted/plantwild/images/squash powdery mildew/119.jpg,Squash___Powdery_mildew,fit
plantwild/extracted/plantwild/images/squash powdery mildew/google_0039.jpg,Squash___Powdery_mildew,fit
plantwild/extracted/plantwild/images/squash powdery mildew/google_0093.jpg,Squash___Powdery_mildew,fit
plantwild/extracted/plantwild/images/squash powdery mildew/google_0047.jpg,Squash___Powdery_mildew,fit
plantwild/extracted/plantwild/images/squash powdery mildew/google_0193.jpg,Squash___Powdery_mildew,fit
plantwild/extracted/plantwild/images/squash powdery mildew/google_0002.jpg,Squash___Powdery_mildew,fit
plantwild/extracted/plantwild/images/squash powdery mildew/google_0049.jpg,Squash___Powdery_mildew,fit
plantwild/extracted/plantwild/images/squash powdery mildew/108.jpg,Squash___Powdery_mildew,fit
plantwild/extracted/plantwild/images/squash powdery mildew/62.jpg,Squash___Powdery_mildew,fit
plantwild/extracted/plantwild/images/squash powdery mildew/google_0061.jpg,Squash___Powdery_mildew,fit
plantwild/extracted/plantwild/images/squash powdery mildew/google_0174.jpg,Squash___Powdery_mildew,fit
plantwild/extracted/plantwild/images/squash powdery mildew/google_0005.jpg,Squash___Powdery_mildew,fit
plantwild/extracted/plantwild/images/squash powdery mildew/google_0103.jpg,Squash___Powdery_mildew,fit
plantwild/extracted/plantwild/images/squash powdery mildew/google_0004.jpg,Squash___Powdery_mildew,fit
plantwild/extracted/plantwild/images/squash powdery mildew/google_0157.jpg,Squash___Powdery_mildew,fit
plantwild/extracted/plantwild/images/squash powdery mildew/google_0284.jpg,Squash___Powdery_mildew,fit
plantwild/extracted/plantwild/images/squash powdery mildew/52.jpg,Squash___Powdery_mildew,fit
plantwild/extracted/plantwild/images/squash powdery mildew/51.jpg,Squash___Powdery_mildew,fit
plantwild/extracted/plantwild/images/squash powdery mildew/google_0210.jpg,Squash___Powdery_mildew,fit
plantwild/extracted/plantwild/images/squash powdery mildew/83.jpg,Squash___Powdery_mildew,fit
plantwild/extracted/plantwild/images/squash powdery mildew/18.jpg,Squash___Powdery_mildew,fit
plantwild/extracted/plantwild/images/squash powdery mildew/101.jpg,Squash___Powdery_mildew,fit
plantwild/extracted/plantwild/images/squash powdery mildew/google_0066.jpg,Squash___Powdery_mildew,fit
plantwild/extracted/plantwild/images/squash powdery mildew/google_0329.jpg,Squash___Powdery_mildew,fit
plantwild/extracted/plantwild/images/squash powdery mildew/google_0058.jpg,Squash___Powdery_mildew,fit
plantwild/extracted/plantwild/images/squash powdery mildew/google_0304.jpg,Squash___Powdery_mildew,fit
plantwild/extracted/plantwild/images/squash powdery mildew/44.jpg,Squash___Powdery_mildew,fit
plantwild/extracted/plantwild/images/squash powdery mildew/google_0213.jpg,Squash___Powdery_mildew,fit
plantwild/extracted/plantwild/images/squash powdery mildew/93.jpg,Squash___Powdery_mildew,fit
plantwild/extracted/plantwild/images/squash powdery mildew/google_0109.jpg,Squash___Powdery_mildew,fit
plantwild/extracted/plantwild/images/squash powdery mildew/google_0169.jpg,Squash___Powdery_mildew,fit
plantwild/extracted/plantwild/images/squash powdery mildew/42.jpg,Squash___Powdery_mildew,fit
plantwild/extracted/plantwild/images/squash powdery mildew/google_0138.jpg,Squash___Powdery_mildew,fit
plantwild/extracted/plantwild/images/squash powdery mildew/84.jpg,Squash___Powdery_mildew,fit
plantwild/extracted/plantwild/images/squash powdery mildew/152.jpg,Squash___Powdery_mildew,fit
plantwild/extracted/plantwild/images/squash powdery mildew/google_0010.jpg,Squash___Powdery_mildew,fit
plantwild/extracted/plantwild/images/squash powdery mildew/google_0060.jpg,Squash___Powdery_mildew,fit
plantwild/extracted/plantwild/images/squash powdery mildew/google_0358.jpg,Squash___Powdery_mildew,fit
plantwild/extracted/plantwild/images/squash powdery mildew/google_0014.jpg,Squash___Powdery_mildew,fit
plantwild/extracted/plantwild/images/squash powdery mildew/29.jpg,Squash___Powdery_mildew,fit
plantwild/extracted/plantwild/images/squash powdery mildew/google_0045.jpg,Squash___Powdery_mildew,fit
plantwild/extracted/plantwild/images/squash powdery mildew/129.jpg,Squash___Powdery_mildew,fit
plantwild/extracted/plantwild/images/squash powdery mildew/google_0050.jpg,Squash___Powdery_mildew,fit
plantwild/extracted/plantwild/images/squash powdery mildew/google_0201.jpg,Squash___Powdery_mildew,fit
plantwild/extracted/plantwild/images/squash powdery mildew/45.jpg,Squash___Powdery_mildew,fit
plantwild/extracted/plantwild/images/squash powdery mildew/google_0051.jpg,Squash___Powdery_mildew,fit
plantwild/extracted/plantwild/images/squash powdery mildew/75.jpg,Squash___Powdery_mildew,fit
plantwild/extracted/plantwild/images/squash powdery mildew/google_0162.jpg,Squash___Powdery_mildew,fit
plantwild/extracted/plantwild/images/squash powdery mildew/13.jpg,Squash___Powdery_mildew,fit
plantwild/extracted/plantwild/images/squash powdery mildew/9.jpg,Squash___Powdery_mildew,fit
plantwild/extracted/plantwild/images/squash powdery mildew/google_0063.jpg,Squash___Powdery_mildew,fit
plantwild/extracted/plantwild/images/squash powdery mildew/google_0376.jpg,Squash___Powdery_mildew,fit
plantwild/extracted/plantwild/images/squash powdery mildew/google_0041.jpg,Squash___Powdery_mildew,fit
plantwild/extracted/plantwild/images/squash powdery mildew/7.jpg,Squash___Powdery_mildew,fit
plantwild/extracted/plantwild/images/squash powdery mildew/google_0110.jpg,Squash___Powdery_mildew,fit
plantwild/extracted/plantwild/images/squash powdery mildew/google_0094.jpg,Squash___Powdery_mildew,fit
plantwild/extracted/plantwild/images/squash powdery mildew/google_0308.jpg,Squash___Powdery_mildew,fit
plantwild/extracted/plantwild/images/squash powdery mildew/google_0298.jpg,Squash___Powdery_mildew,fit
plantwild/extracted/plantwild/images/squash powdery mildew/google_0080.jpg,Squash___Powdery_mildew,fit
plantwild/extracted/plantwild/images/strawberry leaf scorch/google_0003.jpg,Strawberry___Leaf_scorch,fit
plantwild/extracted/plantwild/images/strawberry leaf scorch/google_0087.jpg,Strawberry___Leaf_scorch,fit
plantwild/extracted/plantwild/images/strawberry leaf scorch/google_0159.jpg,Strawberry___Leaf_scorch,fit
plantwild/extracted/plantwild/images/strawberry leaf scorch/google_0025.jpg,Strawberry___Leaf_scorch,fit
plantwild/extracted/plantwild/images/strawberry leaf scorch/google_0177.jpg,Strawberry___Leaf_scorch,fit
plantwild/extracted/plantwild/images/strawberry leaf scorch/7.jpg,Strawberry___Leaf_scorch,fit
plantwild/extracted/plantwild/images/strawberry leaf scorch/google_0008.jpg,Strawberry___Leaf_scorch,fit
plantwild/extracted/plantwild/images/strawberry leaf scorch/6.jpg,Strawberry___Leaf_scorch,fit
plantwild/extracted/plantwild/images/strawberry leaf scorch/google_0037.jpg,Strawberry___Leaf_scorch,fit
plantwild/extracted/plantwild/images/strawberry leaf scorch/google_0045.jpg,Strawberry___Leaf_scorch,fit
plantwild/extracted/plantwild/images/strawberry leaf scorch/google_0023.jpg,Strawberry___Leaf_scorch,fit
plantwild/extracted/plantwild/images/strawberry leaf scorch/google_0109.jpg,Strawberry___Leaf_scorch,fit
plantwild/extracted/plantwild/images/strawberry leaf scorch/google_0001.jpg,Strawberry___Leaf_scorch,fit
plantwild/extracted/plantwild/images/strawberry leaf scorch/google_0089.jpg,Strawberry___Leaf_scorch,fit
plantwild/extracted/plantwild/images/strawberry leaf scorch/google_0094.jpg,Strawberry___Leaf_scorch,fit
plantwild/extracted/plantwild/images/strawberry leaf scorch/google_0036.jpg,Strawberry___Leaf_scorch,fit
plantwild/extracted/plantwild/images/strawberry leaf scorch/11.jpg,Strawberry___Leaf_scorch,fit
plantwild/extracted/plantwild/images/strawberry leaf scorch/google_0043.jpg,Strawberry___Leaf_scorch,fit
plantwild/extracted/plantwild/images/strawberry leaf scorch/google_0035.jpg,Strawberry___Leaf_scorch,fit
plantwild/extracted/plantwild/images/strawberry leaf scorch/google_0154.jpg,Strawberry___Leaf_scorch,fit
plantwild/extracted/plantwild/images/strawberry leaf scorch/google_0014.jpg,Strawberry___Leaf_scorch,fit
plantwild/extracted/plantwild/images/strawberry leaf scorch/google_0171.jpg,Strawberry___Leaf_scorch,fit
plantwild/extracted/plantwild/images/strawberry leaf scorch/google_0123.jpg,Strawberry___Leaf_scorch,fit
plantwild/extracted/plantwild/images/strawberry leaf scorch/google_0133.jpg,Strawberry___Leaf_scorch,fit
plantwild/extracted/plantwild/images/strawberry leaf scorch/google_0096.jpg,Strawberry___Leaf_scorch,fit
plantwild/extracted/plantwild/images/strawberry leaf scorch/google_0093.jpg,Strawberry___Leaf_scorch,fit
plantwild/extracted/plantwild/images/strawberry leaf scorch/google_0063.jpg,Strawberry___Leaf_scorch,fit
plantwild/extracted/plantwild/images/strawberry leaf scorch/14.jpg,Strawberry___Leaf_scorch,fit
plantwild/extracted/plantwild/images/strawberry leaf scorch/google_0152.jpg,Strawberry___Leaf_scorch,fit
plantwild/extracted/plantwild/images/strawberry leaf scorch/google_0139.jpg,Strawberry___Leaf_scorch,fit
plantwild/extracted/plantwild/images/strawberry leaf scorch/google_0079.jpg,Strawberry___Leaf_scorch,fit
plantwild/extracted/plantwild/images/strawberry leaf scorch/google_0188.jpg,Strawberry___Leaf_scorch,fit
plantwild/extracted/plantwild/images/strawberry leaf scorch/google_0186.jpg,Strawberry___Leaf_scorch,fit
plantwild/extracted/plantwild/images/strawberry leaf scorch/google_0085.jpg,Strawberry___Leaf_scorch,fit
plantwild/extracted/plantwild/images/strawberry leaf scorch/google_0080.jpg,Strawberry___Leaf_scorch,fit
plantwild/extracted/plantwild/images/strawberry leaf scorch/9.jpg,Strawberry___Leaf_scorch,fit
plantwild/extracted/plantwild/images/strawberry leaf scorch/google_0006.jpg,Strawberry___Leaf_scorch,fit
plantwild/extracted/plantwild/images/strawberry leaf scorch/google_0000.jpg,Strawberry___Leaf_scorch,fit
plantwild/extracted/plantwild/images/strawberry leaf scorch/google_0039.jpg,Strawberry___Leaf_scorch,fit
plantwild/extracted/plantwild/images/strawberry leaf scorch/google_0032.jpg,Strawberry___Leaf_scorch,fit
plantwild/extracted/plantwild/images/strawberry leaf scorch/google_0124.jpg,Strawberry___Leaf_scorch,fit
plantwild/extracted/plantwild/images/strawberry leaf scorch/google_0018.jpg,Strawberry___Leaf_scorch,fit
plantwild/extracted/plantwild/images/strawberry leaf scorch/google_0027.jpg,Strawberry___Leaf_scorch,fit
plantwild/extracted/plantwild/images/strawberry leaf scorch/google_0030.jpg,Strawberry___Leaf_scorch,fit
plantwild/extracted/plantwild/images/strawberry leaf scorch/google_0187.jpg,Strawberry___Leaf_scorch,fit
plantwild/extracted/plantwild/images/strawberry leaf scorch/google_0017.jpg,Strawberry___Leaf_scorch,fit
plantwild/extracted/plantwild/images/strawberry leaf scorch/google_0062.jpg,Strawberry___Leaf_scorch,fit
plantwild/extracted/plantwild/images/strawberry leaf scorch/google_0175.jpg,Strawberry___Leaf_scorch,fit
plantwild/extracted/plantwild/images/strawberry leaf scorch/google_0020.jpg,Strawberry___Leaf_scorch,fit
plantwild/extracted/plantwild/images/strawberry leaf scorch/google_0013.jpg,Strawberry___Leaf_scorch,fit
plantwild/extracted/plantwild/images/strawberry leaf scorch/google_0117.jpg,Strawberry___Leaf_scorch,fit
plantwild/extracted/plantwild/images/strawberry leaf scorch/google_0055.jpg,Strawberry___Leaf_scorch,fit
plantwild/extracted/plantwild/images/strawberry leaf scorch/google_0078.jpg,Strawberry___Leaf_scorch,fit
plantwild/extracted/plantwild/images/strawberry leaf/google_0366.jpg,Strawberry___healthy,fit
plantwild/extracted/plantwild/images/strawberry leaf/google_0106.jpg,Strawberry___healthy,fit
plantwild/extracted/plantwild/images/strawberry leaf/google_0216.jpg,Strawberry___healthy,fit
plantwild/extracted/plantwild/images/strawberry leaf/google_0294.jpg,Strawberry___healthy,fit
plantwild/extracted/plantwild/images/strawberry leaf/google_0572.jpg,Strawberry___healthy,fit
plantwild/extracted/plantwild/images/strawberry leaf/google_0051.jpg,Strawberry___healthy,fit
plantwild/extracted/plantwild/images/strawberry leaf/google_0574.jpg,Strawberry___healthy,fit
plantwild/extracted/plantwild/images/strawberry leaf/google_0245.jpg,Strawberry___healthy,fit
plantwild/extracted/plantwild/images/strawberry leaf/56.jpg,Strawberry___healthy,fit
plantwild/extracted/plantwild/images/strawberry leaf/7.jpg,Strawberry___healthy,fit
plantwild/extracted/plantwild/images/strawberry leaf/google_0290.jpg,Strawberry___healthy,fit
plantwild/extracted/plantwild/images/strawberry leaf/google_0101.jpg,Strawberry___healthy,fit
plantwild/extracted/plantwild/images/strawberry leaf/77.jpg,Strawberry___healthy,fit
plantwild/extracted/plantwild/images/strawberry leaf/google_0546.jpg,Strawberry___healthy,fit
plantwild/extracted/plantwild/images/strawberry leaf/google_0461.jpg,Strawberry___healthy,fit
plantwild/extracted/plantwild/images/strawberry leaf/google_0543.jpg,Strawberry___healthy,fit
plantwild/extracted/plantwild/images/strawberry leaf/google_0553.jpg,Strawberry___healthy,fit
plantwild/extracted/plantwild/images/strawberry leaf/13.jpg,Strawberry___healthy,fit
plantwild/extracted/plantwild/images/strawberry leaf/google_0393.jpg,Strawberry___healthy,fit
plantwild/extracted/plantwild/images/strawberry leaf/12.jpg,Strawberry___healthy,fit
plantwild/extracted/plantwild/images/strawberry leaf/google_0605.jpg,Strawberry___healthy,fit
plantwild/extracted/plantwild/images/strawberry leaf/google_0260.jpg,Strawberry___healthy,fit
plantwild/extracted/plantwild/images/strawberry leaf/54.jpg,Strawberry___healthy,fit
plantwild/extracted/plantwild/images/strawberry leaf/google_0018.jpg,Strawberry___healthy,fit
plantwild/extracted/plantwild/images/strawberry leaf/google_0480.jpg,Strawberry___healthy,fit
plantwild/extracted/plantwild/images/strawberry leaf/google_0239.jpg,Strawberry___healthy,fit
plantwild/extracted/plantwild/images/strawberry leaf/32.jpg,Strawberry___healthy,fit
plantwild/extracted/plantwild/images/strawberry leaf/47.jpg,Strawberry___healthy,fit
plantwild/extracted/plantwild/images/strawberry leaf/21.jpg,Strawberry___healthy,fit
plantwild/extracted/plantwild/images/strawberry leaf/google_0637.jpg,Strawberry___healthy,fit
plantwild/extracted/plantwild/images/strawberry leaf/3.jpg,Strawberry___healthy,fit
plantwild/extracted/plantwild/images/strawberry leaf/google_0402.jpg,Strawberry___healthy,fit
plantwild/extracted/plantwild/images/strawberry leaf/google_0415.jpg,Strawberry___healthy,fit
plantwild/extracted/plantwild/images/strawberry leaf/google_0477.jpg,Strawberry___healthy,fit
plantwild/extracted/plantwild/images/strawberry leaf/google_0522.jpg,Strawberry___healthy,fit
plantwild/extracted/plantwild/images/strawberry leaf/google_0022.jpg,Strawberry___healthy,fit
plantwild/extracted/plantwild/images/strawberry leaf/1.jpg,Strawberry___healthy,fit
plantwild/extracted/plantwild/images/strawberry leaf/google_0217.jpg,Strawberry___healthy,fit
plantwild/extracted/plantwild/images/strawberry leaf/google_0057.jpg,Strawberry___healthy,fit
plantwild/extracted/plantwild/images/strawberry leaf/google_0255.jpg,Strawberry___healthy,fit
plantwild/extracted/plantwild/images/strawberry leaf/google_0498.jpg,Strawberry___healthy,fit
plantwild/extracted/plantwild/images/strawberry leaf/google_0407.jpg,Strawberry___healthy,fit
plantwild/extracted/plantwild/images/strawberry leaf/google_0258.jpg,Strawberry___healthy,fit
plantwild/extracted/plantwild/images/strawberry leaf/40.jpg,Strawberry___healthy,fit
plantwild/extracted/plantwild/images/strawberry leaf/google_0163.jpg,Strawberry___healthy,fit
plantwild/extracted/plantwild/images/strawberry leaf/57.jpg,Strawberry___healthy,fit
plantwild/extracted/plantwild/images/strawberry leaf/45.jpg,Strawberry___healthy,fit
plantwild/extracted/plantwild/images/strawberry leaf/37.jpg,Strawberry___healthy,fit
plantwild/extracted/plantwild/images/strawberry leaf/google_0458.jpg,Strawberry___healthy,fit
plantwild/extracted/plantwild/images/strawberry leaf/google_0495.jpg,Strawberry___healthy,fit
plantwild/extracted/plantwild/images/strawberry leaf/google_0296.jpg,Strawberry___healthy,fit
plantwild/extracted/plantwild/images/strawberry leaf/18.jpg,Strawberry___healthy,fit
plantwild/extracted/plantwild/images/strawberry leaf/google_0186.jpg,Strawberry___healthy,fit
plantwild/extracted/plantwild/images/strawberry leaf/google_0070.jpg,Strawberry___healthy,fit
plantwild/extracted/plantwild/images/strawberry leaf/39.jpg,Strawberry___healthy,fit
plantwild/extracted/plantwild/images/strawberry leaf/61.jpg,Strawberry___healthy,fit
plantwild/extracted/plantwild/images/strawberry leaf/76.jpg,Strawberry___healthy,fit
plantwild/extracted/plantwild/images/strawberry leaf/20.jpg,Strawberry___healthy,fit
plantwild/extracted/plantwild/images/strawberry leaf/google_0306.jpg,Strawberry___healthy,fit
plantwild/extracted/plantwild/images/strawberry leaf/15.jpg,Strawberry___healthy,fit
plantwild/extracted/plantwild/images/strawberry leaf/google_0368.jpg,Strawberry___healthy,fit
plantwild/extracted/plantwild/images/strawberry leaf/69.jpg,Strawberry___healthy,fit
plantwild/extracted/plantwild/images/strawberry leaf/31.jpg,Strawberry___healthy,fit
plantwild/extracted/plantwild/images/strawberry leaf/google_0222.jpg,Strawberry___healthy,fit
plantwild/extracted/plantwild/images/strawberry leaf/17.jpg,Strawberry___healthy,fit
plantwild/extracted/plantwild/images/strawberry leaf/google_0417.jpg,Strawberry___healthy,fit
plantwild/extracted/plantwild/images/strawberry leaf/49.jpg,Strawberry___healthy,fit
plantwild/extracted/plantwild/images/strawberry leaf/google_0004.jpg,Strawberry___healthy,fit
plantwild/extracted/plantwild/images/strawberry leaf/google_0076.jpg,Strawberry___healthy,fit
plantwild/extracted/plantwild/images/strawberry leaf/google_0089.jpg,Strawberry___healthy,fit
plantwild/extracted/plantwild/images/strawberry leaf/google_0330.jpg,Strawberry___healthy,fit
plantwild/extracted/plantwild/images/strawberry leaf/google_0210.jpg,Strawberry___healthy,fit
plantwild/extracted/plantwild/images/strawberry leaf/google_0142.jpg,Strawberry___healthy,fit
plantwild/extracted/plantwild/images/strawberry leaf/35.jpg,Strawberry___healthy,fit
plantwild/extracted/plantwild/images/strawberry leaf/google_0338.jpg,Strawberry___healthy,fit
plantwild/extracted/plantwild/images/strawberry leaf/google_0187.jpg,Strawberry___healthy,fit
plantwild/extracted/plantwild/images/strawberry leaf/67.jpg,Strawberry___healthy,fit
plantwild/extracted/plantwild/images/strawberry leaf/google_0324.jpg,Strawberry___healthy,fit
plantwild/extracted/plantwild/images/strawberry leaf/google_0405.jpg,Strawberry___healthy,fit
plantwild/extracted/plantwild/images/strawberry leaf/34.jpg,Strawberry___healthy,fit
plantwild/extracted/plantwild/images/strawberry leaf/google_0433.jpg,Strawberry___healthy,fit
plantwild/extracted/plantwild/images/strawberry leaf/42.jpg,Strawberry___healthy,fit
plantwild/extracted/plantwild/images/strawberry leaf/google_0240.jpg,Strawberry___healthy,fit
plantwild/extracted/plantwild/images/strawberry leaf/google_0044.jpg,Strawberry___healthy,fit
plantwild/extracted/plantwild/images/strawberry leaf/9.jpg,Strawberry___healthy,fit
plantwild/extracted/plantwild/images/strawberry leaf/google_0007.jpg,Strawberry___healthy,fit
plantwild/extracted/plantwild/images/strawberry leaf/58.jpg,Strawberry___healthy,fit
plantwild/extracted/plantwild/images/strawberry leaf/72.jpg,Strawberry___healthy,fit
plantwild/extracted/plantwild/images/strawberry leaf/30.jpg,Strawberry___healthy,fit
plantwild/extracted/plantwild/images/strawberry leaf/4.jpg,Strawberry___healthy,fit
plantwild/extracted/plantwild/images/strawberry leaf/29.jpg,Strawberry___healthy,fit
plantwild/extracted/plantwild/images/strawberry leaf/16.jpg,Strawberry___healthy,fit
plantwild/extracted/plantwild/images/strawberry leaf/26.jpg,Strawberry___healthy,fit
plantwild/extracted/plantwild/images/strawberry leaf/google_0116.jpg,Strawberry___healthy,fit
plantwild/extracted/plantwild/images/strawberry leaf/google_0128.jpg,Strawberry___healthy,fit
plantwild/extracted/plantwild/images/strawberry leaf/71.jpg,Strawberry___healthy,fit
plantwild/extracted/plantwild/images/strawberry leaf/google_0038.jpg,Strawberry___healthy,fit
plantwild/extracted/plantwild/images/strawberry leaf/25.jpg,Strawberry___healthy,fit
plantwild/extracted/plantwild/images/strawberry leaf/google_0168.jpg,Strawberry___healthy,fit
plantwild/extracted/plantwild/images/strawberry leaf/google_0178.jpg,Strawberry___healthy,fit
plantwild/extracted/plantwild/images/strawberry leaf/google_0001.jpg,Strawberry___healthy,fit
plantwild/extracted/plantwild/images/strawberry leaf/google_0504.jpg,Strawberry___healthy,fit
plantwild/extracted/plantwild/images/strawberry leaf/14.jpg,Strawberry___healthy,fit
plantwild/extracted/plantwild/images/strawberry leaf/38.jpg,Strawberry___healthy,fit
plantwild/extracted/plantwild/images/strawberry leaf/google_0623.jpg,Strawberry___healthy,fit
plantwild/extracted/plantwild/images/strawberry leaf/google_0616.jpg,Strawberry___healthy,fit
plantwild/extracted/plantwild/images/strawberry leaf/google_0428.jpg,Strawberry___healthy,fit
plantwild/extracted/plantwild/images/strawberry leaf/google_0254.jpg,Strawberry___healthy,fit
plantwild/extracted/plantwild/images/strawberry leaf/google_0006.jpg,Strawberry___healthy,fit
plantwild/extracted/plantwild/images/strawberry leaf/google_0423.jpg,Strawberry___healthy,fit
plantwild/extracted/plantwild/images/strawberry leaf/google_0189.jpg,Strawberry___healthy,fit
plantwild/extracted/plantwild/images/strawberry leaf/google_0201.jpg,Strawberry___healthy,fit
plantwild/extracted/plantwild/images/strawberry leaf/google_0064.jpg,Strawberry___healthy,fit
plantwild/extracted/plantwild/images/strawberry leaf/google_0615.jpg,Strawberry___healthy,fit
plantwild/extracted/plantwild/images/strawberry leaf/22.jpg,Strawberry___healthy,fit
plantwild/extracted/plantwild/images/strawberry leaf/google_0485.jpg,Strawberry___healthy,fit
plantwild/extracted/plantwild/images/strawberry leaf/google_0278.jpg,Strawberry___healthy,fit
plantwild/extracted/plantwild/images/strawberry leaf/google_0342.jpg,Strawberry___healthy,fit
plantwild/extracted/plantwild/images/strawberry leaf/6.jpg,Strawberry___healthy,fit
plantwild/extracted/plantwild/images/strawberry leaf/36.jpg,Strawberry___healthy,fit
plantwild/extracted/plantwild/images/strawberry leaf/google_0054.jpg,Strawberry___healthy,fit
plantwild/extracted/plantwild/images/strawberry leaf/23.jpg,Strawberry___healthy,fit
plantwild/extracted/plantwild/images/strawberry leaf/google_0140.jpg,Strawberry___healthy,fit
plantwild/extracted/plantwild/images/strawberry leaf/google_0526.jpg,Strawberry___healthy,fit
plantwild/extracted/plantwild/images/strawberry leaf/google_0015.jpg,Strawberry___healthy,fit
plantwild/extracted/plantwild/images/strawberry leaf/52.jpg,Strawberry___healthy,fit
plantwild/extracted/plantwild/images/strawberry leaf/28.jpg,Strawberry___healthy,fit
plantwild/extracted/plantwild/images/strawberry leaf/53.jpg,Strawberry___healthy,fit
plantwild/extracted/plantwild/images/strawberry leaf/44.jpg,Strawberry___healthy,fit
plantwild/extracted/plantwild/images/strawberry leaf/60.jpg,Strawberry___healthy,fit
plantwild/extracted/plantwild/images/strawberry leaf/80.jpg,Strawberry___healthy,fit
plantwild/extracted/plantwild/images/strawberry leaf/google_0592.jpg,Strawberry___healthy,fit
plantwild/extracted/plantwild/images/strawberry leaf/google_0381.jpg,Strawberry___healthy,fit
plantwild/extracted/plantwild/images/strawberry leaf/64.jpg,Strawberry___healthy,fit
plantwild/extracted/plantwild/images/strawberry leaf/google_0599.jpg,Strawberry___healthy,fit
plantwild/extracted/plantwild/images/strawberry leaf/google_0197.jpg,Strawberry___healthy,fit
plantwild/extracted/plantwild/images/strawberry leaf/google_0585.jpg,Strawberry___healthy,fit
plantwild/extracted/plantwild/images/strawberry leaf/google_0629.jpg,Strawberry___healthy,fit
plantwild/extracted/plantwild/images/strawberry leaf/10.jpg,Strawberry___healthy,fit
plantwild/extracted/plantwild/images/tomato bacterial leaf spot/google_0176.jpg,Tomato___Bacterial_spot,fit
plantwild/extracted/plantwild/images/tomato bacterial leaf spot/google_0168.jpg,Tomato___Bacterial_spot,fit
plantwild/extracted/plantwild/images/tomato bacterial leaf spot/google_0035.jpg,Tomato___Bacterial_spot,fit
plantwild/extracted/plantwild/images/tomato bacterial leaf spot/google_0436.jpg,Tomato___Bacterial_spot,fit
plantwild/extracted/plantwild/images/tomato bacterial leaf spot/google_0233.jpg,Tomato___Bacterial_spot,fit
plantwild/extracted/plantwild/images/tomato bacterial leaf spot/5.jpg,Tomato___Bacterial_spot,fit
plantwild/extracted/plantwild/images/tomato bacterial leaf spot/96.jpg,Tomato___Bacterial_spot,fit
plantwild/extracted/plantwild/images/tomato bacterial leaf spot/google_0134.jpg,Tomato___Bacterial_spot,fit
plantwild/extracted/plantwild/images/tomato bacterial leaf spot/104.jpg,Tomato___Bacterial_spot,fit
plantwild/extracted/plantwild/images/tomato bacterial leaf spot/google_0319.jpg,Tomato___Bacterial_spot,fit
plantwild/extracted/plantwild/images/tomato bacterial leaf spot/116.jpg,Tomato___Bacterial_spot,fit
plantwild/extracted/plantwild/images/tomato bacterial leaf spot/google_0053.jpg,Tomato___Bacterial_spot,fit
plantwild/extracted/plantwild/images/tomato bacterial leaf spot/google_0044.jpg,Tomato___Bacterial_spot,fit
plantwild/extracted/plantwild/images/tomato bacterial leaf spot/184.jpg,Tomato___Bacterial_spot,fit
plantwild/extracted/plantwild/images/tomato bacterial leaf spot/2.jpg,Tomato___Bacterial_spot,fit
plantwild/extracted/plantwild/images/tomato bacterial leaf spot/google_0421.jpg,Tomato___Bacterial_spot,fit
plantwild/extracted/plantwild/images/tomato bacterial leaf spot/132.jpg,Tomato___Bacterial_spot,fit
plantwild/extracted/plantwild/images/tomato bacterial leaf spot/56.jpg,Tomato___Bacterial_spot,fit
plantwild/extracted/plantwild/images/tomato bacterial leaf spot/google_0060.jpg,Tomato___Bacterial_spot,fit
plantwild/extracted/plantwild/images/tomato bacterial leaf spot/46.jpg,Tomato___Bacterial_spot,fit
plantwild/extracted/plantwild/images/tomato bacterial leaf spot/176.jpg,Tomato___Bacterial_spot,fit
plantwild/extracted/plantwild/images/tomato bacterial leaf spot/google_0415.jpg,Tomato___Bacterial_spot,fit
plantwild/extracted/plantwild/images/tomato bacterial leaf spot/177.jpg,Tomato___Bacterial_spot,fit
plantwild/extracted/plantwild/images/tomato bacterial leaf spot/google_0173.jpg,Tomato___Bacterial_spot,fit
plantwild/extracted/plantwild/images/tomato bacterial leaf spot/google_0188.jpg,Tomato___Bacterial_spot,fit
plantwild/extracted/plantwild/images/tomato bacterial leaf spot/google_0410.jpg,Tomato___Bacterial_spot,fit
plantwild/extracted/plantwild/images/tomato bacterial leaf spot/google_0195.jpg,Tomato___Bacterial_spot,fit
plantwild/extracted/plantwild/images/tomato bacterial leaf spot/google_0275.jpg,Tomato___Bacterial_spot,fit
plantwild/extracted/plantwild/images/tomato bacterial leaf spot/19.jpg,Tomato___Bacterial_spot,fit
plantwild/extracted/plantwild/images/tomato bacterial leaf spot/49.jpg,Tomato___Bacterial_spot,fit
plantwild/extracted/plantwild/images/tomato bacterial leaf spot/18.jpg,Tomato___Bacterial_spot,fit
plantwild/extracted/plantwild/images/tomato bacterial leaf spot/google_0189.jpg,Tomato___Bacterial_spot,fit
plantwild/extracted/plantwild/images/tomato bacterial leaf spot/109.jpg,Tomato___Bacterial_spot,fit
plantwild/extracted/plantwild/images/tomato bacterial leaf spot/google_0112.jpg,Tomato___Bacterial_spot,fit
plantwild/extracted/plantwild/images/tomato bacterial leaf spot/48.jpg,Tomato___Bacterial_spot,fit
plantwild/extracted/plantwild/images/tomato bacterial leaf spot/200.jpg,Tomato___Bacterial_spot,fit
plantwild/extracted/plantwild/images/tomato bacterial leaf spot/google_0458.jpg,Tomato___Bacterial_spot,fit
plantwild/extracted/plantwild/images/tomato bacterial leaf spot/google_0169.jpg,Tomato___Bacterial_spot,fit
plantwild/extracted/plantwild/images/tomato bacterial leaf spot/google_0247.jpg,Tomato___Bacterial_spot,fit
plantwild/extracted/plantwild/images/tomato bacterial leaf spot/google_0293.jpg,Tomato___Bacterial_spot,fit
plantwild/extracted/plantwild/images/tomato bacterial leaf spot/google_0042.jpg,Tomato___Bacterial_spot,fit
plantwild/extracted/plantwild/images/tomato bacterial leaf spot/google_0014.jpg,Tomato___Bacterial_spot,fit
plantwild/extracted/plantwild/images/tomato bacterial leaf spot/google_0056.jpg,Tomato___Bacterial_spot,fit
plantwild/extracted/plantwild/images/tomato bacterial leaf spot/google_0013.jpg,Tomato___Bacterial_spot,fit
plantwild/extracted/plantwild/images/tomato bacterial leaf spot/43.jpg,Tomato___Bacterial_spot,fit
plantwild/extracted/plantwild/images/tomato bacterial leaf spot/77.jpg,Tomato___Bacterial_spot,fit
plantwild/extracted/plantwild/images/tomato bacterial leaf spot/google_0032.jpg,Tomato___Bacterial_spot,fit
plantwild/extracted/plantwild/images/tomato bacterial leaf spot/google_0133.jpg,Tomato___Bacterial_spot,fit
plantwild/extracted/plantwild/images/tomato bacterial leaf spot/google_0405.jpg,Tomato___Bacterial_spot,fit
plantwild/extracted/plantwild/images/tomato bacterial leaf spot/6 - Copy (2).jpg,Tomato___Bacterial_spot,fit
plantwild/extracted/plantwild/images/tomato bacterial leaf spot/70.jpg,Tomato___Bacterial_spot,fit
plantwild/extracted/plantwild/images/tomato bacterial leaf spot/google_0328.jpg,Tomato___Bacterial_spot,fit
plantwild/extracted/plantwild/images/tomato bacterial leaf spot/57.jpg,Tomato___Bacterial_spot,fit
plantwild/extracted/plantwild/images/tomato bacterial leaf spot/google_0077.jpg,Tomato___Bacterial_spot,fit
plantwild/extracted/plantwild/images/tomato bacterial leaf spot/google_0017.jpg,Tomato___Bacterial_spot,fit
plantwild/extracted/plantwild/images/tomato bacterial leaf spot/google_0465.jpg,Tomato___Bacterial_spot,fit
plantwild/extracted/plantwild/images/tomato bacterial leaf spot/google_0034.jpg,Tomato___Bacterial_spot,fit
plantwild/extracted/plantwild/images/tomato bacterial leaf spot/google_0267.jpg,Tomato___Bacterial_spot,fit
plantwild/extracted/plantwild/images/tomato bacterial leaf spot/51.jpg,Tomato___Bacterial_spot,fit
plantwild/extracted/plantwild/images/tomato bacterial leaf spot/google_0075.jpg,Tomato___Bacterial_spot,fit
plantwild/extracted/plantwild/images/tomato bacterial leaf spot/16.jpg,Tomato___Bacterial_spot,fit
plantwild/extracted/plantwild/images/tomato bacterial leaf spot/google_0296.jpg,Tomato___Bacterial_spot,fit
plantwild/extracted/plantwild/images/tomato bacterial leaf spot/google_0020.jpg,Tomato___Bacterial_spot,fit
plantwild/extracted/plantwild/images/tomato bacterial leaf spot/google_0146.jpg,Tomato___Bacterial_spot,fit
plantwild/extracted/plantwild/images/tomato bacterial leaf spot/google_0080.jpg,Tomato___Bacterial_spot,fit
plantwild/extracted/plantwild/images/tomato bacterial leaf spot/169.jpg,Tomato___Bacterial_spot,fit
plantwild/extracted/plantwild/images/tomato bacterial leaf spot/google_0251.jpg,Tomato___Bacterial_spot,fit
plantwild/extracted/plantwild/images/tomato bacterial leaf spot/google_0084.jpg,Tomato___Bacterial_spot,fit
plantwild/extracted/plantwild/images/tomato bacterial leaf spot/185.jpg,Tomato___Bacterial_spot,fit
plantwild/extracted/plantwild/images/tomato bacterial leaf spot/google_0286.jpg,Tomato___Bacterial_spot,fit
plantwild/extracted/plantwild/images/tomato bacterial leaf spot/108.jpg,Tomato___Bacterial_spot,fit
plantwild/extracted/plantwild/images/tomato bacterial leaf spot/41.jpg,Tomato___Bacterial_spot,fit
plantwild/extracted/plantwild/images/tomato bacterial leaf spot/google_0095.jpg,Tomato___Bacterial_spot,fit
plantwild/extracted/plantwild/images/tomato bacterial leaf spot/95.jpg,Tomato___Bacterial_spot,fit
plantwild/extracted/plantwild/images/tomato bacterial leaf spot/11.jpg,Tomato___Bacterial_spot,fit
plantwild/extracted/plantwild/images/tomato bacterial leaf spot/120.jpg,Tomato___Bacterial_spot,fit
plantwild/extracted/plantwild/images/tomato bacterial leaf spot/google_0249.jpg,Tomato___Bacterial_spot,fit
plantwild/extracted/plantwild/images/tomato bacterial leaf spot/128.jpg,Tomato___Bacterial_spot,fit
plantwild/extracted/plantwild/images/tomato bacterial leaf spot/google_0171.jpg,Tomato___Bacterial_spot,fit
plantwild/extracted/plantwild/images/tomato bacterial leaf spot/94.jpg,Tomato___Bacterial_spot,fit
plantwild/extracted/plantwild/images/tomato bacterial leaf spot/google_0400.jpg,Tomato___Bacterial_spot,fit
plantwild/extracted/plantwild/images/tomato bacterial leaf spot/google_0050.jpg,Tomato___Bacterial_spot,fit
plantwild/extracted/plantwild/images/tomato bacterial leaf spot/148.jpg,Tomato___Bacterial_spot,fit
plantwild/extracted/plantwild/images/tomato bacterial leaf spot/93.jpg,Tomato___Bacterial_spot,fit
plantwild/extracted/plantwild/images/tomato bacterial leaf spot/6 - Copy (3).jpg,Tomato___Bacterial_spot,fit
plantwild/extracted/plantwild/images/tomato bacterial leaf spot/google_0308.jpg,Tomato___Bacterial_spot,fit
plantwild/extracted/plantwild/images/tomato bacterial leaf spot/google_0283.jpg,Tomato___Bacterial_spot,fit
plantwild/extracted/plantwild/images/tomato bacterial leaf spot/31.jpg,Tomato___Bacterial_spot,fit
plantwild/extracted/plantwild/images/tomato bacterial leaf spot/145.jpg,Tomato___Bacterial_spot,fit
plantwild/extracted/plantwild/images/tomato bacterial leaf spot/google_0231.jpg,Tomato___Bacterial_spot,fit
plantwild/extracted/plantwild/images/tomato bacterial leaf spot/google_0137.jpg,Tomato___Bacterial_spot,fit
plantwild/extracted/plantwild/images/tomato bacterial leaf spot/168.jpg,Tomato___Bacterial_spot,fit
plantwild/extracted/plantwild/images/tomato bacterial leaf spot/google_0466.jpg,Tomato___Bacterial_spot,fit
plantwild/extracted/plantwild/images/tomato bacterial leaf spot/google_0048.jpg,Tomato___Bacterial_spot,fit
plantwild/extracted/plantwild/images/tomato bacterial leaf spot/google_0033.jpg,Tomato___Bacterial_spot,fit
plantwild/extracted/plantwild/images/tomato bacterial leaf spot/google_0001.jpg,Tomato___Bacterial_spot,fit
plantwild/extracted/plantwild/images/tomato bacterial leaf spot/28.jpg,Tomato___Bacterial_spot,fit
plantwild/extracted/plantwild/images/tomato bacterial leaf spot/google_0254.jpg,Tomato___Bacterial_spot,fit
plantwild/extracted/plantwild/images/tomato bacterial leaf spot/google_0065.jpg,Tomato___Bacterial_spot,fit
plantwild/extracted/plantwild/images/tomato bacterial leaf spot/google_0107.jpg,Tomato___Bacterial_spot,fit
plantwild/extracted/plantwild/images/tomato bacterial leaf spot/google_0111.jpg,Tomato___Bacterial_spot,fit
plantwild/extracted/plantwild/images/tomato bacterial leaf spot/73.jpg,Tomato___Bacterial_spot,fit
plantwild/extracted/plantwild/images/tomato bacterial leaf spot/google_0011.jpg,Tomato___Bacterial_spot,fit
plantwild/extracted/plantwild/images/tomato bacterial leaf spot/google_0114.jpg,Tomato___Bacterial_spot,fit
plantwild/extracted/plantwild/images/tomato bacterial leaf spot/114.jpg,Tomato___Bacterial_spot,fit
plantwild/extracted/plantwild/images/tomato bacterial leaf spot/17.jpg,Tomato___Bacterial_spot,fit
plantwild/extracted/plantwild/images/tomato bacterial leaf spot/159.jpg,Tomato___Bacterial_spot,fit
plantwild/extracted/plantwild/images/tomato bacterial leaf spot/google_0018.jpg,Tomato___Bacterial_spot,fit
plantwild/extracted/plantwild/images/tomato bacterial leaf spot/92.jpg,Tomato___Bacterial_spot,fit
plantwild/extracted/plantwild/images/tomato bacterial leaf spot/google_0009.jpg,Tomato___Bacterial_spot,fit
plantwild/extracted/plantwild/images/tomato bacterial leaf spot/google_0131.jpg,Tomato___Bacterial_spot,fit
plantwild/extracted/plantwild/images/tomato bacterial leaf spot/4.jpg,Tomato___Bacterial_spot,fit
plantwild/extracted/plantwild/images/tomato bacterial leaf spot/google_0070.jpg,Tomato___Bacterial_spot,fit
plantwild/extracted/plantwild/images/tomato bacterial leaf spot/183.jpg,Tomato___Bacterial_spot,fit
plantwild/extracted/plantwild/images/tomato bacterial leaf spot/198.jpg,Tomato___Bacterial_spot,fit
plantwild/extracted/plantwild/images/tomato bacterial leaf spot/google_0338.jpg,Tomato___Bacterial_spot,fit
plantwild/extracted/plantwild/images/tomato bacterial leaf spot/google_0091.jpg,Tomato___Bacterial_spot,fit
plantwild/extracted/plantwild/images/tomato bacterial leaf spot/google_0037.jpg,Tomato___Bacterial_spot,fit
plantwild/extracted/plantwild/images/tomato bacterial leaf spot/google_0067.jpg,Tomato___Bacterial_spot,fit
plantwild/extracted/plantwild/images/tomato bacterial leaf spot/google_0036.jpg,Tomato___Bacterial_spot,fit
plantwild/extracted/plantwild/images/tomato bacterial leaf spot/15.jpg,Tomato___Bacterial_spot,fit
plantwild/extracted/plantwild/images/tomato bacterial leaf spot/8.jpg,Tomato___Bacterial_spot,fit
plantwild/extracted/plantwild/images/tomato bacterial leaf spot/52.jpg,Tomato___Bacterial_spot,fit
plantwild/extracted/plantwild/images/tomato bacterial leaf spot/187.jpg,Tomato___Bacterial_spot,fit
plantwild/extracted/plantwild/images/tomato bacterial leaf spot/google_0125.jpg,Tomato___Bacterial_spot,fit
plantwild/extracted/plantwild/images/tomato bacterial leaf spot/167.jpg,Tomato___Bacterial_spot,fit
plantwild/extracted/plantwild/images/tomato bacterial leaf spot/google_0140.jpg,Tomato___Bacterial_spot,fit
plantwild/extracted/plantwild/images/tomato bacterial leaf spot/google_0156.jpg,Tomato___Bacterial_spot,fit
plantwild/extracted/plantwild/images/tomato bacterial leaf spot/11 - Copy (2).jpg,Tomato___Bacterial_spot,fit
plantwild/extracted/plantwild/images/tomato bacterial leaf spot/google_0120.jpg,Tomato___Bacterial_spot,fit
plantwild/extracted/plantwild/images/tomato bacterial leaf spot/google_0004.jpg,Tomato___Bacterial_spot,fit
plantwild/extracted/plantwild/images/tomato bacterial leaf spot/google_0265.jpg,Tomato___Bacterial_spot,fit
plantwild/extracted/plantwild/images/tomato bacterial leaf spot/30.jpg,Tomato___Bacterial_spot,fit
plantwild/extracted/plantwild/images/tomato bacterial leaf spot/google_0015.jpg,Tomato___Bacterial_spot,fit
plantwild/extracted/plantwild/images/tomato bacterial leaf spot/76.jpg,Tomato___Bacterial_spot,fit
plantwild/extracted/plantwild/images/tomato bacterial leaf spot/99.jpg,Tomato___Bacterial_spot,fit
plantwild/extracted/plantwild/images/tomato bacterial leaf spot/32.jpg,Tomato___Bacterial_spot,fit
plantwild/extracted/plantwild/images/tomato bacterial leaf spot/33.jpg,Tomato___Bacterial_spot,fit
plantwild/extracted/plantwild/images/tomato bacterial leaf spot/google_0025.jpg,Tomato___Bacterial_spot,fit
plantwild/extracted/plantwild/images/tomato bacterial leaf spot/153.jpg,Tomato___Bacterial_spot,fit
plantwild/extracted/plantwild/images/tomato bacterial leaf spot/6.jpg,Tomato___Bacterial_spot,fit
plantwild/extracted/plantwild/images/tomato bacterial leaf spot/47.jpg,Tomato___Bacterial_spot,fit
plantwild/extracted/plantwild/images/tomato bacterial leaf spot/google_0021.jpg,Tomato___Bacterial_spot,fit
plantwild/extracted/plantwild/images/tomato bacterial leaf spot/127.jpg,Tomato___Bacterial_spot,fit
plantwild/extracted/plantwild/images/tomato bacterial leaf spot/google_0071.jpg,Tomato___Bacterial_spot,fit
plantwild/extracted/plantwild/images/tomato bacterial leaf spot/149.jpg,Tomato___Bacterial_spot,fit
plantwild/extracted/plantwild/images/tomato bacterial leaf spot/google_0390.jpg,Tomato___Bacterial_spot,fit
plantwild/extracted/plantwild/images/tomato bacterial leaf spot/google_0411.jpg,Tomato___Bacterial_spot,fit
plantwild/extracted/plantwild/images/tomato bacterial leaf spot/google_0395.jpg,Tomato___Bacterial_spot,fit
plantwild/extracted/plantwild/images/tomato bacterial leaf spot/36.jpg,Tomato___Bacterial_spot,fit
plantwild/extracted/plantwild/images/tomato bacterial leaf spot/google_0228.jpg,Tomato___Bacterial_spot,fit
plantwild/extracted/plantwild/images/tomato bacterial leaf spot/google_0051.jpg,Tomato___Bacterial_spot,fit
plantwild/extracted/plantwild/images/tomato bacterial leaf spot/google_0083.jpg,Tomato___Bacterial_spot,fit
plantwild/extracted/plantwild/images/tomato bacterial leaf spot/google_0002.jpg,Tomato___Bacterial_spot,fit
plantwild/extracted/plantwild/images/tomato bacterial leaf spot/google_0307.jpg,Tomato___Bacterial_spot,fit
plantwild/extracted/plantwild/images/tomato bacterial leaf spot/24.jpg,Tomato___Bacterial_spot,fit
plantwild/extracted/plantwild/images/tomato bacterial leaf spot/google_0092.jpg,Tomato___Bacterial_spot,fit
plantwild/extracted/plantwild/images/tomato bacterial leaf spot/62.jpg,Tomato___Bacterial_spot,fit
plantwild/extracted/plantwild/images/tomato bacterial leaf spot/63.jpg,Tomato___Bacterial_spot,fit
plantwild/extracted/plantwild/images/tomato bacterial leaf spot/google_0054.jpg,Tomato___Bacterial_spot,fit
plantwild/extracted/plantwild/images/tomato bacterial leaf spot/google_0043.jpg,Tomato___Bacterial_spot,fit
plantwild/extracted/plantwild/images/tomato bacterial leaf spot/44.jpg,Tomato___Bacterial_spot,fit
plantwild/extracted/plantwild/images/tomato bacterial leaf spot/google_0261.jpg,Tomato___Bacterial_spot,fit
plantwild/extracted/plantwild/images/tomato bacterial leaf spot/google_0224.jpg,Tomato___Bacterial_spot,fit
plantwild/extracted/plantwild/images/tomato bacterial leaf spot/125.jpg,Tomato___Bacterial_spot,fit
plantwild/extracted/plantwild/images/tomato bacterial leaf spot/103.jpg,Tomato___Bacterial_spot,fit
plantwild/extracted/plantwild/images/tomato bacterial leaf spot/google_0416.jpg,Tomato___Bacterial_spot,fit
plantwild/extracted/plantwild/images/tomato bacterial leaf spot/google_0132.jpg,Tomato___Bacterial_spot,fit
plantwild/extracted/plantwild/images/tomato bacterial leaf spot/google_0055.jpg,Tomato___Bacterial_spot,fit
plantwild/extracted/plantwild/images/tomato bacterial leaf spot/82.jpg,Tomato___Bacterial_spot,fit
plantwild/extracted/plantwild/images/tomato bacterial leaf spot/80.jpg,Tomato___Bacterial_spot,fit
plantwild/extracted/plantwild/images/tomato bacterial leaf spot/google_0087.jpg,Tomato___Bacterial_spot,fit
plantwild/extracted/plantwild/images/tomato bacterial leaf spot/64.jpg,Tomato___Bacterial_spot,fit
plantwild/extracted/plantwild/images/tomato bacterial leaf spot/google_0449.jpg,Tomato___Bacterial_spot,fit
plantwild/extracted/plantwild/images/tomato bacterial leaf spot/google_0324.jpg,Tomato___Bacterial_spot,fit
plantwild/extracted/plantwild/images/tomato bacterial leaf spot/google_0175.jpg,Tomato___Bacterial_spot,fit
plantwild/extracted/plantwild/images/tomato bacterial leaf spot/178.jpg,Tomato___Bacterial_spot,fit
plantwild/extracted/plantwild/images/tomato bacterial leaf spot/1.jpg,Tomato___Bacterial_spot,fit
plantwild/extracted/plantwild/images/tomato bacterial leaf spot/google_0157.jpg,Tomato___Bacterial_spot,fit
plantwild/extracted/plantwild/images/tomato bacterial leaf spot/3.jpg,Tomato___Bacterial_spot,fit
plantwild/extracted/plantwild/images/tomato bacterial leaf spot/7.jpg,Tomato___Bacterial_spot,fit
plantwild/extracted/plantwild/images/tomato bacterial leaf spot/google_0166.jpg,Tomato___Bacterial_spot,fit
plantwild/extracted/plantwild/images/tomato bacterial leaf spot/google_0088.jpg,Tomato___Bacterial_spot,fit
plantwild/extracted/plantwild/images/tomato bacterial leaf spot/180.jpg,Tomato___Bacterial_spot,fit
plantwild/extracted/plantwild/images/tomato bacterial leaf spot/google_0158.jpg,Tomato___Bacterial_spot,fit
plantwild/extracted/plantwild/images/tomato bacterial leaf spot/27.jpg,Tomato___Bacterial_spot,fit
plantwild/extracted/plantwild/images/tomato bacterial leaf spot/google_0255.jpg,Tomato___Bacterial_spot,fit
plantwild/extracted/plantwild/images/tomato bacterial leaf spot/google_0129.jpg,Tomato___Bacterial_spot,fit
plantwild/extracted/plantwild/images/tomato bacterial leaf spot/google_0274.jpg,Tomato___Bacterial_spot,fit
plantwild/extracted/plantwild/images/tomato bacterial leaf spot/google_0315.jpg,Tomato___Bacterial_spot,fit
plantwild/extracted/plantwild/images/tomato bacterial leaf spot/11 - Copy (3).jpg,Tomato___Bacterial_spot,fit
plantwild/extracted/plantwild/images/tomato bacterial leaf spot/188.jpg,Tomato___Bacterial_spot,fit
plantwild/extracted/plantwild/images/tomato bacterial leaf spot/google_0225.jpg,Tomato___Bacterial_spot,fit
plantwild/extracted/plantwild/images/tomato bacterial leaf spot/google_0029.jpg,Tomato___Bacterial_spot,fit
plantwild/extracted/plantwild/images/tomato bacterial leaf spot/google_0310.jpg,Tomato___Bacterial_spot,fit
plantwild/extracted/plantwild/images/tomato bacterial leaf spot/196.jpg,Tomato___Bacterial_spot,fit
plantwild/extracted/plantwild/images/tomato early blight/246.jpg,Tomato___Early_blight,fit
plantwild/extracted/plantwild/images/tomato early blight/google_0098.jpg,Tomato___Early_blight,fit
plantwild/extracted/plantwild/images/tomato early blight/133.jpg,Tomato___Early_blight,fit
plantwild/extracted/plantwild/images/tomato early blight/210.jpg,Tomato___Early_blight,fit
plantwild/extracted/plantwild/images/tomato early blight/288.jpg,Tomato___Early_blight,fit
plantwild/extracted/plantwild/images/tomato early blight/google_0130.jpg,Tomato___Early_blight,fit
plantwild/extracted/plantwild/images/tomato early blight/202.jpg,Tomato___Early_blight,fit
plantwild/extracted/plantwild/images/tomato early blight/google_0188.jpg,Tomato___Early_blight,fit
plantwild/extracted/plantwild/images/tomato early blight/google_0394.jpg,Tomato___Early_blight,fit
plantwild/extracted/plantwild/images/tomato early blight/6.jpg,Tomato___Early_blight,fit
plantwild/extracted/plantwild/images/tomato early blight/google_0269.jpg,Tomato___Early_blight,fit
plantwild/extracted/plantwild/images/tomato early blight/google_0223.jpg,Tomato___Early_blight,fit
plantwild/extracted/plantwild/images/tomato early blight/google_0080.jpg,Tomato___Early_blight,fit
plantwild/extracted/plantwild/images/tomato early blight/google_0291.jpg,Tomato___Early_blight,fit
plantwild/extracted/plantwild/images/tomato early blight/google_0136.jpg,Tomato___Early_blight,fit
plantwild/extracted/plantwild/images/tomato early blight/google_0096.jpg,Tomato___Early_blight,fit
plantwild/extracted/plantwild/images/tomato early blight/191.jpg,Tomato___Early_blight,fit
plantwild/extracted/plantwild/images/tomato early blight/google_0003.jpg,Tomato___Early_blight,fit
plantwild/extracted/plantwild/images/tomato early blight/google_0220.jpg,Tomato___Early_blight,fit
plantwild/extracted/plantwild/images/tomato early blight/214.jpg,Tomato___Early_blight,fit
plantwild/extracted/plantwild/images/tomato early blight/google_0008.jpg,Tomato___Early_blight,fit
plantwild/extracted/plantwild/images/tomato early blight/google_0076.jpg,Tomato___Early_blight,fit
plantwild/extracted/plantwild/images/tomato early blight/google_0319.jpg,Tomato___Early_blight,fit
plantwild/extracted/plantwild/images/tomato early blight/google_0230.jpg,Tomato___Early_blight,fit
plantwild/extracted/plantwild/images/tomato early blight/google_0256.jpg,Tomato___Early_blight,fit
plantwild/extracted/plantwild/images/tomato early blight/26 - Copy (2).jpg,Tomato___Early_blight,fit
plantwild/extracted/plantwild/images/tomato early blight/25 - Copy (2).jpg,Tomato___Early_blight,fit
plantwild/extracted/plantwild/images/tomato early blight/260.jpg,Tomato___Early_blight,fit
plantwild/extracted/plantwild/images/tomato early blight/google_0141.jpg,Tomato___Early_blight,fit
plantwild/extracted/plantwild/images/tomato early blight/38.jpg,Tomato___Early_blight,fit
plantwild/extracted/plantwild/images/tomato early blight/google_0358.jpg,Tomato___Early_blight,fit
plantwild/extracted/plantwild/images/tomato early blight/177.jpg,Tomato___Early_blight,fit
plantwild/extracted/plantwild/images/tomato early blight/google_0089.jpg,Tomato___Early_blight,fit
plantwild/extracted/plantwild/images/tomato early blight/39.jpg,Tomato___Early_blight,fit
plantwild/extracted/plantwild/images/tomato early blight/google_0054.jpg,Tomato___Early_blight,fit
plantwild/extracted/plantwild/images/tomato early blight/google_0105.jpg,Tomato___Early_blight,fit
plantwild/extracted/plantwild/images/tomato early blight/google_0038.jpg,Tomato___Early_blight,fit
plantwild/extracted/plantwild/images/tomato early blight/67 - Copy.jpg,Tomato___Early_blight,fit
plantwild/extracted/plantwild/images/tomato early blight/google_0350.jpg,Tomato___Early_blight,fit
plantwild/extracted/plantwild/images/tomato early blight/google_0268.jpg,Tomato___Early_blight,fit
plantwild/extracted/plantwild/images/tomato early blight/82 - Copy.jpg,Tomato___Early_blight,fit
plantwild/extracted/plantwild/images/tomato early blight/google_0211.jpg,Tomato___Early_blight,fit
plantwild/extracted/plantwild/images/tomato early blight/google_0390.jpg,Tomato___Early_blight,fit
plantwild/extracted/plantwild/images/tomato early blight/google_0069.jpg,Tomato___Early_blight,fit
plantwild/extracted/plantwild/images/tomato early blight/google_0213.jpg,Tomato___Early_blight,fit
plantwild/extracted/plantwild/images/tomato early blight/179.jpg,Tomato___Early_blight,fit
plantwild/extracted/plantwild/images/tomato early blight/google_0093.jpg,Tomato___Early_blight,fit
plantwild/extracted/plantwild/images/tomato early blight/31.jpg,Tomato___Early_blight,fit
plantwild/extracted/plantwild/images/tomato early blight/google_0066.jpg,Tomato___Early_blight,fit
plantwild/extracted/plantwild/images/tomato early blight/google_0020.jpg,Tomato___Early_blight,fit
plantwild/extracted/plantwild/images/tomato early blight/52 - Copy.jpg,Tomato___Early_blight,fit
plantwild/extracted/plantwild/images/tomato early blight/google_0310.jpg,Tomato___Early_blight,fit
plantwild/extracted/plantwild/images/tomato early blight/233.jpg,Tomato___Early_blight,fit
plantwild/extracted/plantwild/images/tomato early blight/google_0383.jpg,Tomato___Early_blight,fit
plantwild/extracted/plantwild/images/tomato early blight/google_0341.jpg,Tomato___Early_blight,fit
plantwild/extracted/plantwild/images/tomato early blight/314.jpg,Tomato___Early_blight,fit
plantwild/extracted/plantwild/images/tomato early blight/211.jpg,Tomato___Early_blight,fit
plantwild/extracted/plantwild/images/tomato early blight/109.jpg,Tomato___Early_blight,fit
plantwild/extracted/plantwild/images/tomato early blight/252.jpg,Tomato___Early_blight,fit
plantwild/extracted/plantwild/images/tomato early blight/google_0061.jpg,Tomato___Early_blight,fit
plantwild/extracted/plantwild/images/tomato early blight/25 - Copy (6).jpg,Tomato___Early_blight,fit
plantwild/extracted/plantwild/images/tomato early blight/55.jpg,Tomato___Early_blight,fit
plantwild/extracted/plantwild/images/tomato early blight/google_0219.jpg,Tomato___Early_blight,fit
plantwild/extracted/plantwild/images/tomato early blight/google_0021.jpg,Tomato___Early_blight,fit
plantwild/extracted/plantwild/images/tomato early blight/26.jpg,Tomato___Early_blight,fit
plantwild/extracted/plantwild/images/tomato early blight/google_0131.jpg,Tomato___Early_blight,fit
plantwild/extracted/plantwild/images/tomato early blight/google_0005.jpg,Tomato___Early_blight,fit
plantwild/extracted/plantwild/images/tomato early blight/12.jpg,Tomato___Early_blight,fit
plantwild/extracted/plantwild/images/tomato early blight/google_0024.jpg,Tomato___Early_blight,fit
plantwild/extracted/plantwild/images/tomato early blight/google_0035.jpg,Tomato___Early_blight,fit
plantwild/extracted/plantwild/images/tomato early blight/43.jpg,Tomato___Early_blight,fit
plantwild/extracted/plantwild/images/tomato early blight/255.jpg,Tomato___Early_blight,fit
plantwild/extracted/plantwild/images/tomato early blight/google_0014.jpg,Tomato___Early_blight,fit
plantwild/extracted/plantwild/images/tomato early blight/google_0178.jpg,Tomato___Early_blight,fit
plantwild/extracted/plantwild/images/tomato early blight/google_0332.jpg,Tomato___Early_blight,fit
plantwild/extracted/plantwild/images/tomato early blight/82.jpg,Tomato___Early_blight,fit
plantwild/extracted/plantwild/images/tomato early blight/google_0081.jpg,Tomato___Early_blight,fit
plantwild/extracted/plantwild/images/tomato early blight/160.jpg,Tomato___Early_blight,fit
plantwild/extracted/plantwild/images/tomato early blight/google_0033.jpg,Tomato___Early_blight,fit
plantwild/extracted/plantwild/images/tomato early blight/google_0347.jpg,Tomato___Early_blight,fit
plantwild/extracted/plantwild/images/tomato early blight/66.jpg,Tomato___Early_blight,fit
plantwild/extracted/plantwild/images/tomato early blight/google_0344.jpg,Tomato___Early_blight,fit
plantwild/extracted/plantwild/images/tomato early blight/17.jpg,Tomato___Early_blight,fit
plantwild/extracted/plantwild/images/tomato early blight/136.jpg,Tomato___Early_blight,fit
plantwild/extracted/plantwild/images/tomato early blight/google_0200.jpg,Tomato___Early_blight,fit
plantwild/extracted/plantwild/images/tomato early blight/google_0322.jpg,Tomato___Early_blight,fit
plantwild/extracted/plantwild/images/tomato early blight/google_0161.jpg,Tomato___Early_blight,fit
plantwild/extracted/plantwild/images/tomato early blight/google_0208.jpg,Tomato___Early_blight,fit
plantwild/extracted/plantwild/images/tomato early blight/google_0087.jpg,Tomato___Early_blight,fit
plantwild/extracted/plantwild/images/tomato early blight/219.jpg,Tomato___Early_blight,fit
plantwild/extracted/plantwild/images/tomato early blight/google_0309.jpg,Tomato___Early_blight,fit
plantwild/extracted/plantwild/images/tomato early blight/127.jpg,Tomato___Early_blight,fit
plantwild/extracted/plantwild/images/tomato early blight/google_0354.jpg,Tomato___Early_blight,fit
plantwild/extracted/plantwild/images/tomato early blight/google_0261.jpg,Tomato___Early_blight,fit
plantwild/extracted/plantwild/images/tomato early blight/google_0422.jpg,Tomato___Early_blight,fit
plantwild/extracted/plantwild/images/tomato early blight/140.jpg,Tomato___Early_blight,fit
plantwild/extracted/plantwild/images/tomato early blight/google_0366.jpg,Tomato___Early_blight,fit
plantwild/extracted/plantwild/images/tomato early blight/google_0317.jpg,Tomato___Early_blight,fit
plantwild/extracted/plantwild/images/tomato early blight/189.jpg,Tomato___Early_blight,fit
plantwild/extracted/plantwild/images/tomato early blight/87.jpg,Tomato___Early_blight,fit
plantwild/extracted/plantwild/images/tomato early blight/google_0292.jpg,Tomato___Early_blight,fit
plantwild/extracted/plantwild/images/tomato early blight/google_0047.jpg,Tomato___Early_blight,fit
plantwild/extracted/plantwild/images/tomato early blight/199 - Copy.jpg,Tomato___Early_blight,fit
plantwild/extracted/plantwild/images/tomato early blight/google_0052.jpg,Tomato___Early_blight,fit
plantwild/extracted/plantwild/images/tomato early blight/36.jpg,Tomato___Early_blight,fit
plantwild/extracted/plantwild/images/tomato early blight/google_0411.jpg,Tomato___Early_blight,fit
plantwild/extracted/plantwild/images/tomato early blight/google_0070.jpg,Tomato___Early_blight,fit
plantwild/extracted/plantwild/images/tomato early blight/21.jpg,Tomato___Early_blight,fit
plantwild/extracted/plantwild/images/tomato early blight/google_0138.jpg,Tomato___Early_blight,fit
plantwild/extracted/plantwild/images/tomato early blight/163.jpg,Tomato___Early_blight,fit
plantwild/extracted/plantwild/images/tomato early blight/google_0036.jpg,Tomato___Early_blight,fit
plantwild/extracted/plantwild/images/tomato early blight/google_0095 - Copy.jpg,Tomato___Early_blight,fit
plantwild/extracted/plantwild/images/tomato early blight/142.jpg,Tomato___Early_blight,fit
plantwild/extracted/plantwild/images/tomato early blight/google_0224.jpg,Tomato___Early_blight,fit
plantwild/extracted/plantwild/images/tomato early blight/166.jpg,Tomato___Early_blight,fit
plantwild/extracted/plantwild/images/tomato early blight/google_0046.jpg,Tomato___Early_blight,fit
plantwild/extracted/plantwild/images/tomato early blight/google_0074.jpg,Tomato___Early_blight,fit
plantwild/extracted/plantwild/images/tomato early blight/google_0298.jpg,Tomato___Early_blight,fit
plantwild/extracted/plantwild/images/tomato early blight/google_0132.jpg,Tomato___Early_blight,fit
plantwild/extracted/plantwild/images/tomato early blight/google_0201.jpg,Tomato___Early_blight,fit
plantwild/extracted/plantwild/images/tomato early blight/google_0249.jpg,Tomato___Early_blight,fit
plantwild/extracted/plantwild/images/tomato early blight/google_0267.jpg,Tomato___Early_blight,fit
plantwild/extracted/plantwild/images/tomato early blight/google_0189.jpg,Tomato___Early_blight,fit
plantwild/extracted/plantwild/images/tomato early blight/155.jpg,Tomato___Early_blight,fit
plantwild/extracted/plantwild/images/tomato early blight/google_0133.jpg,Tomato___Early_blight,fit
plantwild/extracted/plantwild/images/tomato early blight/google_0041.jpg,Tomato___Early_blight,fit
plantwild/extracted/plantwild/images/tomato early blight/74.jpg,Tomato___Early_blight,fit
plantwild/extracted/plantwild/images/tomato early blight/13.jpg,Tomato___Early_blight,fit
plantwild/extracted/plantwild/images/tomato early blight/182.jpg,Tomato___Early_blight,fit
plantwild/extracted/plantwild/images/tomato early blight/google_0397.jpg,Tomato___Early_blight,fit
plantwild/extracted/plantwild/images/tomato early blight/google_0264.jpg,Tomato___Early_blight,fit
plantwild/extracted/plantwild/images/tomato early blight/google_0013.jpg,Tomato___Early_blight,fit
plantwild/extracted/plantwild/images/tomato early blight/google_0427.jpg,Tomato___Early_blight,fit
plantwild/extracted/plantwild/images/tomato early blight/google_0274.jpg,Tomato___Early_blight,fit
plantwild/extracted/plantwild/images/tomato early blight/62.jpg,Tomato___Early_blight,fit
plantwild/extracted/plantwild/images/tomato early blight/google_0101.jpg,Tomato___Early_blight,fit
plantwild/extracted/plantwild/images/tomato early blight/165.jpg,Tomato___Early_blight,fit
plantwild/extracted/plantwild/images/tomato early blight/google_0163.jpg,Tomato___Early_blight,fit
plantwild/extracted/plantwild/images/tomato early blight/google_0111.jpg,Tomato___Early_blight,fit
plantwild/extracted/plantwild/images/tomato early blight/194.jpg,Tomato___Early_blight,fit
plantwild/extracted/plantwild/images/tomato early blight/14.jpg,Tomato___Early_blight,fit
plantwild/extracted/plantwild/images/tomato early blight/google_0210.jpg,Tomato___Early_blight,fit
plantwild/extracted/plantwild/images/tomato early blight/google_0246.jpg,Tomato___Early_blight,fit
plantwild/extracted/plantwild/images/tomato early blight/google_0387.jpg,Tomato___Early_blight,fit
plantwild/extracted/plantwild/images/tomato early blight/google_0058.jpg,Tomato___Early_blight,fit
plantwild/extracted/plantwild/images/tomato early blight/google_0149.jpg,Tomato___Early_blight,fit
plantwild/extracted/plantwild/images/tomato early blight/google_0120.jpg,Tomato___Early_blight,fit
plantwild/extracted/plantwild/images/tomato early blight/96.jpg,Tomato___Early_blight,fit
plantwild/extracted/plantwild/images/tomato early blight/221.jpg,Tomato___Early_blight,fit
plantwild/extracted/plantwild/images/tomato early blight/47.jpg,Tomato___Early_blight,fit
plantwild/extracted/plantwild/images/tomato early blight/143.jpg,Tomato___Early_blight,fit
plantwild/extracted/plantwild/images/tomato early blight/google_0177.jpg,Tomato___Early_blight,fit
plantwild/extracted/plantwild/images/tomato early blight/212.jpg,Tomato___Early_blight,fit
plantwild/extracted/plantwild/images/tomato early blight/30.jpg,Tomato___Early_blight,fit
plantwild/extracted/plantwild/images/tomato early blight/google_0160.jpg,Tomato___Early_blight,fit
plantwild/extracted/plantwild/images/tomato early blight/188.jpg,Tomato___Early_blight,fit
plantwild/extracted/plantwild/images/tomato early blight/google_0154.jpg,Tomato___Early_blight,fit
plantwild/extracted/plantwild/images/tomato early blight/google_0185.jpg,Tomato___Early_blight,fit
plantwild/extracted/plantwild/images/tomato early blight/google_0095.jpg,Tomato___Early_blight,fit
plantwild/extracted/plantwild/images/tomato early blight/google_0015.jpg,Tomato___Early_blight,fit
plantwild/extracted/plantwild/images/tomato early blight/google_0235.jpg,Tomato___Early_blight,fit
plantwild/extracted/plantwild/images/tomato early blight/199.jpg,Tomato___Early_blight,fit
plantwild/extracted/plantwild/images/tomato early blight/3.jpg,Tomato___Early_blight,fit
plantwild/extracted/plantwild/images/tomato early blight/google_0119.jpg,Tomato___Early_blight,fit
plantwild/extracted/plantwild/images/tomato early blight/10.jpg,Tomato___Early_blight,fit
plantwild/extracted/plantwild/images/tomato early blight/218.jpg,Tomato___Early_blight,fit
plantwild/extracted/plantwild/images/tomato early blight/google_0103.jpg,Tomato___Early_blight,fit
plantwild/extracted/plantwild/images/tomato early blight/google_0328.jpg,Tomato___Early_blight,fit
plantwild/extracted/plantwild/images/tomato early blight/google_0349.jpg,Tomato___Early_blight,fit
plantwild/extracted/plantwild/images/tomato early blight/google_0057.jpg,Tomato___Early_blight,fit
plantwild/extracted/plantwild/images/tomato early blight/google_0404.jpg,Tomato___Early_blight,fit
plantwild/extracted/plantwild/images/tomato early blight/7.jpg,Tomato___Early_blight,fit
plantwild/extracted/plantwild/images/tomato early blight/77.jpg,Tomato___Early_blight,fit
plantwild/extracted/plantwild/images/tomato early blight/google_0305.jpg,Tomato___Early_blight,fit
plantwild/extracted/plantwild/images/tomato early blight/google_0345.jpg,Tomato___Early_blight,fit
plantwild/extracted/plantwild/images/tomato early blight/google_0287.jpg,Tomato___Early_blight,fit
plantwild/extracted/plantwild/images/tomato early blight/25 - Copy (4).jpg,Tomato___Early_blight,fit
plantwild/extracted/plantwild/images/tomato early blight/google_0088.jpg,Tomato___Early_blight,fit
plantwild/extracted/plantwild/images/tomato early blight/google_0315.jpg,Tomato___Early_blight,fit
plantwild/extracted/plantwild/images/tomato early blight/google_0340.jpg,Tomato___Early_blight,fit
plantwild/extracted/plantwild/images/tomato early blight/1.jpg,Tomato___Early_blight,fit
plantwild/extracted/plantwild/images/tomato early blight/104.jpg,Tomato___Early_blight,fit
plantwild/extracted/plantwild/images/tomato early blight/25 - Copy (8).jpg,Tomato___Early_blight,fit
plantwild/extracted/plantwild/images/tomato early blight/google_0173.jpg,Tomato___Early_blight,fit
plantwild/extracted/plantwild/images/tomato early blight/234.jpg,Tomato___Early_blight,fit
plantwild/extracted/plantwild/images/tomato early blight/4.jpg,Tomato___Early_blight,fit
plantwild/extracted/plantwild/images/tomato early blight/29.jpg,Tomato___Early_blight,fit
plantwild/extracted/plantwild/images/tomato early blight/25.jpg,Tomato___Early_blight,fit
plantwild/extracted/plantwild/images/tomato early blight/google_0233.jpg,Tomato___Early_blight,fit
plantwild/extracted/plantwild/images/tomato early blight/152.jpg,Tomato___Early_blight,fit
plantwild/extracted/plantwild/images/tomato early blight/google_0157.jpg,Tomato___Early_blight,fit
plantwild/extracted/plantwild/images/tomato early blight/google_0110.jpg,Tomato___Early_blight,fit
plantwild/extracted/plantwild/images/tomato early blight/72.jpg,Tomato___Early_blight,fit
plantwild/extracted/plantwild/images/tomato early blight/274.jpg,Tomato___Early_blight,fit
plantwild/extracted/plantwild/images/tomato early blight/google_0159.jpg,Tomato___Early_blight,fit
plantwild/extracted/plantwild/images/tomato early blight/google_0374.jpg,Tomato___Early_blight,fit
plantwild/extracted/plantwild/images/tomato early blight/google_0187.jpg,Tomato___Early_blight,fit
plantwild/extracted/plantwild/images/tomato early blight/google_0045.jpg,Tomato___Early_blight,fit
plantwild/extracted/plantwild/images/tomato early blight/google_0198.jpg,Tomato___Early_blight,fit
plantwild/extracted/plantwild/images/tomato early blight/53.jpg,Tomato___Early_blight,fit
plantwild/extracted/plantwild/images/tomato early blight/google_0016.jpg,Tomato___Early_blight,fit
plantwild/extracted/plantwild/images/tomato early blight/google_0295.jpg,Tomato___Early_blight,fit
plantwild/extracted/plantwild/images/tomato early blight/google_0083.jpg,Tomato___Early_blight,fit
plantwild/extracted/plantwild/images/tomato early blight/google_0373.jpg,Tomato___Early_blight,fit
plantwild/extracted/plantwild/images/tomato early blight/google_0260.jpg,Tomato___Early_blight,fit
plantwild/extracted/plantwild/images/tomato early blight/google_0031.jpg,Tomato___Early_blight,fit
plantwild/extracted/plantwild/images/tomato early blight/google_0028.jpg,Tomato___Early_blight,fit
plantwild/extracted/plantwild/images/tomato early blight/193.jpg,Tomato___Early_blight,fit
plantwild/extracted/plantwild/images/tomato early blight/google_0139.jpg,Tomato___Early_blight,fit
plantwild/extracted/plantwild/images/tomato early blight/google_0062.jpg,Tomato___Early_blight,fit
plantwild/extracted/plantwild/images/tomato early blight/175.jpg,Tomato___Early_blight,fit
plantwild/extracted/plantwild/images/tomato early blight/google_0283.jpg,Tomato___Early_blight,fit
plantwild/extracted/plantwild/images/tomato early blight/google_0284.jpg,Tomato___Early_blight,fit
plantwild/extracted/plantwild/images/tomato early blight/244.jpg,Tomato___Early_blight,fit
plantwild/extracted/plantwild/images/tomato early blight/google_0247.jpg,Tomato___Early_blight,fit
plantwild/extracted/plantwild/images/tomato early blight/67.jpg,Tomato___Early_blight,fit
plantwild/extracted/plantwild/images/tomato early blight/google_0196.jpg,Tomato___Early_blight,fit
plantwild/extracted/plantwild/images/tomato early blight/google_0353.jpg,Tomato___Early_blight,fit
plantwild/extracted/plantwild/images/tomato early blight/287.jpg,Tomato___Early_blight,fit
plantwild/extracted/plantwild/images/tomato early blight/google_0053.jpg,Tomato___Early_blight,fit
plantwild/extracted/plantwild/images/tomato early blight/124.jpg,Tomato___Early_blight,fit
plantwild/extracted/plantwild/images/tomato early blight/121.jpg,Tomato___Early_blight,fit
plantwild/extracted/plantwild/images/tomato early blight/19.jpg,Tomato___Early_blight,fit
plantwild/extracted/plantwild/images/tomato early blight/google_0123.jpg,Tomato___Early_blight,fit
plantwild/extracted/plantwild/images/tomato early blight/google_0183.jpg,Tomato___Early_blight,fit
plantwild/extracted/plantwild/images/tomato early blight/173.jpg,Tomato___Early_blight,fit
plantwild/extracted/plantwild/images/tomato early blight/172.jpg,Tomato___Early_blight,fit
plantwild/extracted/plantwild/images/tomato early blight/google_0259.jpg,Tomato___Early_blight,fit
plantwild/extracted/plantwild/images/tomato early blight/59.jpg,Tomato___Early_blight,fit
plantwild/extracted/plantwild/images/tomato early blight/25 - Copy (3).jpg,Tomato___Early_blight,fit
plantwild/extracted/plantwild/images/tomato early blight/google_0077.jpg,Tomato___Early_blight,fit
plantwild/extracted/plantwild/images/tomato early blight/227.jpg,Tomato___Early_blight,fit
plantwild/extracted/plantwild/images/tomato early blight/216.jpg,Tomato___Early_blight,fit
plantwild/extracted/plantwild/images/tomato early blight/251.jpg,Tomato___Early_blight,fit
plantwild/extracted/plantwild/images/tomato early blight/316.jpg,Tomato___Early_blight,fit
plantwild/extracted/plantwild/images/tomato early blight/google_0143.jpg,Tomato___Early_blight,fit
plantwild/extracted/plantwild/images/tomato early blight/google_0050.jpg,Tomato___Early_blight,fit
plantwild/extracted/plantwild/images/tomato early blight/google_0400.jpg,Tomato___Early_blight,fit
plantwild/extracted/plantwild/images/tomato early blight/183.jpg,Tomato___Early_blight,fit
plantwild/extracted/plantwild/images/tomato early blight/google_0040.jpg,Tomato___Early_blight,fit
plantwild/extracted/plantwild/images/tomato early blight/238.jpg,Tomato___Early_blight,fit
plantwild/extracted/plantwild/images/tomato early blight/161 - Copy (2).jpg,Tomato___Early_blight,fit
plantwild/extracted/plantwild/images/tomato late blight/google_0082.jpg,Tomato___Late_blight,fit
plantwild/extracted/plantwild/images/tomato late blight/add (1).jpg,Tomato___Late_blight,fit
plantwild/extracted/plantwild/images/tomato late blight/google_0066.jpg,Tomato___Late_blight,fit
plantwild/extracted/plantwild/images/tomato late blight/81.jpg,Tomato___Late_blight,fit
plantwild/extracted/plantwild/images/tomato late blight/google_0149.jpg,Tomato___Late_blight,fit
plantwild/extracted/plantwild/images/tomato late blight/56.jpg,Tomato___Late_blight,fit
plantwild/extracted/plantwild/images/tomato late blight/google_0240.jpg,Tomato___Late_blight,fit
plantwild/extracted/plantwild/images/tomato late blight/197.jpg,Tomato___Late_blight,fit
plantwild/extracted/plantwild/images/tomato late blight/121.jpg,Tomato___Late_blight,fit
plantwild/extracted/plantwild/images/tomato late blight/google_0100.jpg,Tomato___Late_blight,fit
plantwild/extracted/plantwild/images/tomato late blight/google_0206.jpg,Tomato___Late_blight,fit
plantwild/extracted/plantwild/images/tomato late blight/205.jpg,Tomato___Late_blight,fit
plantwild/extracted/plantwild/images/tomato late blight/google_0068.jpg,Tomato___Late_blight,fit
plantwild/extracted/plantwild/images/tomato late blight/7.jpg,Tomato___Late_blight,fit
plantwild/extracted/plantwild/images/tomato late blight/189.jpg,Tomato___Late_blight,fit
plantwild/extracted/plantwild/images/tomato late blight/google_0205.jpg,Tomato___Late_blight,fit
plantwild/extracted/plantwild/images/tomato late blight/17.jpg,Tomato___Late_blight,fit
plantwild/extracted/plantwild/images/tomato late blight/54.jpg,Tomato___Late_blight,fit
plantwild/extracted/plantwild/images/tomato late blight/137.jpg,Tomato___Late_blight,fit
plantwild/extracted/plantwild/images/tomato late blight/google_0057.jpg,Tomato___Late_blight,fit
plantwild/extracted/plantwild/images/tomato late blight/google_0118.jpg,Tomato___Late_blight,fit
plantwild/extracted/plantwild/images/tomato late blight/google_0022.jpg,Tomato___Late_blight,fit
plantwild/extracted/plantwild/images/tomato late blight/google_0059.jpg,Tomato___Late_blight,fit
plantwild/extracted/plantwild/images/tomato late blight/217.jpg,Tomato___Late_blight,fit
plantwild/extracted/plantwild/images/tomato late blight/6.jpg,Tomato___Late_blight,fit
plantwild/extracted/plantwild/images/tomato late blight/238.jpg,Tomato___Late_blight,fit
plantwild/extracted/plantwild/images/tomato late blight/84.jpg,Tomato___Late_blight,fit
plantwild/extracted/plantwild/images/tomato late blight/google_0117.jpg,Tomato___Late_blight,fit
plantwild/extracted/plantwild/images/tomato late blight/25.jpg,Tomato___Late_blight,fit
plantwild/extracted/plantwild/images/tomato late blight/33.jpg,Tomato___Late_blight,fit
plantwild/extracted/plantwild/images/tomato late blight/google_0084.jpg,Tomato___Late_blight,fit
plantwild/extracted/plantwild/images/tomato late blight/181.jpg,Tomato___Late_blight,fit
plantwild/extracted/plantwild/images/tomato late blight/185.jpg,Tomato___Late_blight,fit
plantwild/extracted/plantwild/images/tomato late blight/google_0095.jpg,Tomato___Late_blight,fit
plantwild/extracted/plantwild/images/tomato late blight/google_0169.jpg,Tomato___Late_blight,fit
plantwild/extracted/plantwild/images/tomato late blight/13.jpg,Tomato___Late_blight,fit
plantwild/extracted/plantwild/images/tomato late blight/google_0043.jpg,Tomato___Late_blight,fit
plantwild/extracted/plantwild/images/tomato late blight/78.jpg,Tomato___Late_blight,fit
plantwild/extracted/plantwild/images/tomato late blight/google_0140.jpg,Tomato___Late_blight,fit
plantwild/extracted/plantwild/images/tomato late blight/google_0207.jpg,Tomato___Late_blight,fit
plantwild/extracted/plantwild/images/tomato late blight/16.jpg,Tomato___Late_blight,fit
plantwild/extracted/plantwild/images/tomato late blight/google_0217.jpg,Tomato___Late_blight,fit
plantwild/extracted/plantwild/images/tomato late blight/135.jpg,Tomato___Late_blight,fit
plantwild/extracted/plantwild/images/tomato late blight/99.jpg,Tomato___Late_blight,fit
plantwild/extracted/plantwild/images/tomato late blight/google_0200.jpg,Tomato___Late_blight,fit
plantwild/extracted/plantwild/images/tomato late blight/226 - Copy (3).jpg,Tomato___Late_blight,fit
plantwild/extracted/plantwild/images/tomato late blight/google_0212.jpg,Tomato___Late_blight,fit
plantwild/extracted/plantwild/images/tomato late blight/google_0143.jpg,Tomato___Late_blight,fit
plantwild/extracted/plantwild/images/tomato late blight/200.jpg,Tomato___Late_blight,fit
plantwild/extracted/plantwild/images/tomato late blight/209.jpg,Tomato___Late_blight,fit
plantwild/extracted/plantwild/images/tomato late blight/google_0216.jpg,Tomato___Late_blight,fit
plantwild/extracted/plantwild/images/tomato late blight/168.jpg,Tomato___Late_blight,fit
plantwild/extracted/plantwild/images/tomato late blight/google_0008.jpg,Tomato___Late_blight,fit
plantwild/extracted/plantwild/images/tomato late blight/73.jpg,Tomato___Late_blight,fit
plantwild/extracted/plantwild/images/tomato late blight/149.jpg,Tomato___Late_blight,fit
plantwild/extracted/plantwild/images/tomato late blight/google_0083.jpg,Tomato___Late_blight,fit
plantwild/extracted/plantwild/images/tomato late blight/76.jpg,Tomato___Late_blight,fit
plantwild/extracted/plantwild/images/tomato late blight/177.jpg,Tomato___Late_blight,fit
plantwild/extracted/plantwild/images/tomato late blight/google_0126.jpg,Tomato___Late_blight,fit
plantwild/extracted/plantwild/images/tomato late blight/google_0101.jpg,Tomato___Late_blight,fit
plantwild/extracted/plantwild/images/tomato late blight/google_0097.jpg,Tomato___Late_blight,fit
plantwild/extracted/plantwild/images/tomato late blight/3.jpg,Tomato___Late_blight,fit
plantwild/extracted/plantwild/images/tomato late blight/google_0056.jpg,Tomato___Late_blight,fit
plantwild/extracted/plantwild/images/tomato late blight/google_0050.jpg,Tomato___Late_blight,fit
plantwild/extracted/plantwild/images/tomato late blight/60.jpg,Tomato___Late_blight,fit
plantwild/extracted/plantwild/images/tomato late blight/google_0021.jpg,Tomato___Late_blight,fit
plantwild/extracted/plantwild/images/tomato late blight/104.jpg,Tomato___Late_blight,fit
plantwild/extracted/plantwild/images/tomato late blight/212.jpg,Tomato___Late_blight,fit
plantwild/extracted/plantwild/images/tomato late blight/171.jpg,Tomato___Late_blight,fit
plantwild/extracted/plantwild/images/tomato late blight/107.jpg,Tomato___Late_blight,fit
plantwild/extracted/plantwild/images/tomato late blight/83.jpg,Tomato___Late_blight,fit
plantwild/extracted/plantwild/images/tomato late blight/86.jpg,Tomato___Late_blight,fit
plantwild/extracted/plantwild/images/tomato late blight/google_0151.jpg,Tomato___Late_blight,fit
plantwild/extracted/plantwild/images/tomato late blight/google_0108.jpg,Tomato___Late_blight,fit
plantwild/extracted/plantwild/images/tomato late blight/google_0124.jpg,Tomato___Late_blight,fit
plantwild/extracted/plantwild/images/tomato late blight/google_0086.jpg,Tomato___Late_blight,fit
plantwild/extracted/plantwild/images/tomato late blight/179.jpg,Tomato___Late_blight,fit
plantwild/extracted/plantwild/images/tomato late blight/google_0123.jpg,Tomato___Late_blight,fit
plantwild/extracted/plantwild/images/tomato late blight/108.jpg,Tomato___Late_blight,fit
plantwild/extracted/plantwild/images/tomato late blight/google_0092.jpg,Tomato___Late_blight,fit
plantwild/extracted/plantwild/images/tomato late blight/google_0091.jpg,Tomato___Late_blight,fit
plantwild/extracted/plantwild/images/tomato late blight/31.jpg,Tomato___Late_blight,fit
plantwild/extracted/plantwild/images/tomato late blight/65.jpg,Tomato___Late_blight,fit
plantwild/extracted/plantwild/images/tomato late blight/5.jpg,Tomato___Late_blight,fit
plantwild/extracted/plantwild/images/tomato late blight/google_0268.jpg,Tomato___Late_blight,fit
plantwild/extracted/plantwild/images/tomato late blight/86 - Copy.jpg,Tomato___Late_blight,fit
plantwild/extracted/plantwild/images/tomato late blight/66.jpg,Tomato___Late_blight,fit
plantwild/extracted/plantwild/images/tomato late blight/google_0120.jpg,Tomato___Late_blight,fit
plantwild/extracted/plantwild/images/tomato late blight/203.jpg,Tomato___Late_blight,fit
plantwild/extracted/plantwild/images/tomato late blight/136.jpg,Tomato___Late_blight,fit
plantwild/extracted/plantwild/images/tomato late blight/add (9).jpg,Tomato___Late_blight,fit
plantwild/extracted/plantwild/images/tomato late blight/173.jpg,Tomato___Late_blight,fit
plantwild/extracted/plantwild/images/tomato late blight/google_0269.jpg,Tomato___Late_blight,fit
plantwild/extracted/plantwild/images/tomato late blight/google_0219.jpg,Tomato___Late_blight,fit
plantwild/extracted/plantwild/images/tomato late blight/google_0136.jpg,Tomato___Late_blight,fit
plantwild/extracted/plantwild/images/tomato late blight/google_0058.jpg,Tomato___Late_blight,fit
plantwild/extracted/plantwild/images/tomato late blight/google_0150.jpg,Tomato___Late_blight,fit
plantwild/extracted/plantwild/images/tomato late blight/google_0162.jpg,Tomato___Late_blight,fit
plantwild/extracted/plantwild/images/tomato late blight/add (8).jpg,Tomato___Late_blight,fit
plantwild/extracted/plantwild/images/tomato late blight/google_0184.jpg,Tomato___Late_blight,fit
plantwild/extracted/plantwild/images/tomato late blight/170.jpg,Tomato___Late_blight,fit
plantwild/extracted/plantwild/images/tomato late blight/google_0213.jpg,Tomato___Late_blight,fit
plantwild/extracted/plantwild/images/tomato late blight/159.jpg,Tomato___Late_blight,fit
plantwild/extracted/plantwild/images/tomato late blight/160.jpg,Tomato___Late_blight,fit
plantwild/extracted/plantwild/images/tomato late blight/226 - Copy (2).jpg,Tomato___Late_blight,fit
plantwild/extracted/plantwild/images/tomato late blight/google_0032.jpg,Tomato___Late_blight,fit
plantwild/extracted/plantwild/images/tomato late blight/google_0175.jpg,Tomato___Late_blight,fit
plantwild/extracted/plantwild/images/tomato late blight/google_0188.jpg,Tomato___Late_blight,fit
plantwild/extracted/plantwild/images/tomato late blight/google_0015.jpg,Tomato___Late_blight,fit
plantwild/extracted/plantwild/images/tomato late blight/google_0065 - Copy.jpg,Tomato___Late_blight,fit
plantwild/extracted/plantwild/images/tomato late blight/198.jpg,Tomato___Late_blight,fit
plantwild/extracted/plantwild/images/tomato late blight/google_0094.jpg,Tomato___Late_blight,fit
plantwild/extracted/plantwild/images/tomato late blight/google_0137.jpg,Tomato___Late_blight,fit
plantwild/extracted/plantwild/images/tomato late blight/google_0087.jpg,Tomato___Late_blight,fit
plantwild/extracted/plantwild/images/tomato late blight/add (14).jpg,Tomato___Late_blight,fit
plantwild/extracted/plantwild/images/tomato late blight/224.jpg,Tomato___Late_blight,fit
plantwild/extracted/plantwild/images/tomato late blight/220.jpg,Tomato___Late_blight,fit
plantwild/extracted/plantwild/images/tomato late blight/add (2).jpg,Tomato___Late_blight,fit
plantwild/extracted/plantwild/images/tomato late blight/22.jpg,Tomato___Late_blight,fit
plantwild/extracted/plantwild/images/tomato late blight/google_0045.jpg,Tomato___Late_blight,fit
plantwild/extracted/plantwild/images/tomato late blight/google_0244.jpg,Tomato___Late_blight,fit
plantwild/extracted/plantwild/images/tomato late blight/google_0159.jpg,Tomato___Late_blight,fit
plantwild/extracted/plantwild/images/tomato late blight/32.jpg,Tomato___Late_blight,fit
plantwild/extracted/plantwild/images/tomato late blight/75.jpg,Tomato___Late_blight,fit
plantwild/extracted/plantwild/images/tomato late blight/google_0005.jpg,Tomato___Late_blight,fit
plantwild/extracted/plantwild/images/tomato late blight/google_0077.jpg,Tomato___Late_blight,fit
plantwild/extracted/plantwild/images/tomato late blight/101.jpg,Tomato___Late_blight,fit
plantwild/extracted/plantwild/images/tomato late blight/google_0012.jpg,Tomato___Late_blight,fit
plantwild/extracted/plantwild/images/tomato late blight/google_0155.jpg,Tomato___Late_blight,fit
plantwild/extracted/plantwild/images/tomato late blight/google_0135.jpg,Tomato___Late_blight,fit
plantwild/extracted/plantwild/images/tomato late blight/226 - Copy.jpg,Tomato___Late_blight,fit
plantwild/extracted/plantwild/images/tomato late blight/100.jpg,Tomato___Late_blight,fit
plantwild/extracted/plantwild/images/tomato late blight/google_0088.jpg,Tomato___Late_blight,fit
plantwild/extracted/plantwild/images/tomato late blight/166.jpg,Tomato___Late_blight,fit
plantwild/extracted/plantwild/images/tomato late blight/google_0243.jpg,Tomato___Late_blight,fit
plantwild/extracted/plantwild/images/tomato late blight/103.jpg,Tomato___Late_blight,fit
plantwild/extracted/plantwild/images/tomato late blight/223.jpg,Tomato___Late_blight,fit
plantwild/extracted/plantwild/images/tomato late blight/google_0254.jpg,Tomato___Late_blight,fit
plantwild/extracted/plantwild/images/tomato late blight/google_0224.jpg,Tomato___Late_blight,fit
plantwild/extracted/plantwild/images/tomato late blight/50.jpg,Tomato___Late_blight,fit
plantwild/extracted/plantwild/images/tomato late blight/68.jpg,Tomato___Late_blight,fit
plantwild/extracted/plantwild/images/tomato late blight/69.jpg,Tomato___Late_blight,fit
plantwild/extracted/plantwild/images/tomato late blight/google_0107.jpg,Tomato___Late_blight,fit
plantwild/extracted/plantwild/images/tomato late blight/google_0138.jpg,Tomato___Late_blight,fit
plantwild/extracted/plantwild/images/tomato late blight/google_0271.jpg,Tomato___Late_blight,fit
plantwild/extracted/plantwild/images/tomato late blight/42.jpg,Tomato___Late_blight,fit
plantwild/extracted/plantwild/images/tomato late blight/190.jpg,Tomato___Late_blight,fit
plantwild/extracted/plantwild/images/tomato late blight/add (12).jpg,Tomato___Late_blight,fit
plantwild/extracted/plantwild/images/tomato late blight/google_0204.jpg,Tomato___Late_blight,fit
plantwild/extracted/plantwild/images/tomato late blight/201.jpg,Tomato___Late_blight,fit
plantwild/extracted/plantwild/images/tomato late blight/google_0246.jpg,Tomato___Late_blight,fit
plantwild/extracted/plantwild/images/tomato late blight/65 - Copy.jpg,Tomato___Late_blight,fit
plantwild/extracted/plantwild/images/tomato late blight/57.jpg,Tomato___Late_blight,fit
plantwild/extracted/plantwild/images/tomato late blight/google_0260.jpg,Tomato___Late_blight,fit
plantwild/extracted/plantwild/images/tomato late blight/246.jpg,Tomato___Late_blight,fit
plantwild/extracted/plantwild/images/tomato late blight/google_0222.jpg,Tomato___Late_blight,fit
plantwild/extracted/plantwild/images/tomato late blight/234.jpg,Tomato___Late_blight,fit
plantwild/extracted/plantwild/images/tomato late blight/35.jpg,Tomato___Late_blight,fit
plantwild/extracted/plantwild/images/tomato late blight/67 - Copy.jpg,Tomato___Late_blight,fit
plantwild/extracted/plantwild/images/tomato late blight/google_0007.jpg,Tomato___Late_blight,fit
plantwild/extracted/plantwild/images/tomato late blight/google_0080.jpg,Tomato___Late_blight,fit
plantwild/extracted/plantwild/images/tomato late blight/172.jpg,Tomato___Late_blight,fit
plantwild/extracted/plantwild/images/tomato late blight/30.jpg,Tomato___Late_blight,fit
plantwild/extracted/plantwild/images/tomato late blight/85.jpg,Tomato___Late_blight,fit
plantwild/extracted/plantwild/images/tomato late blight/51.jpg,Tomato___Late_blight,fit
plantwild/extracted/plantwild/images/tomato late blight/google_0250.jpg,Tomato___Late_blight,fit
plantwild/extracted/plantwild/images/tomato late blight/180.jpg,Tomato___Late_blight,fit
plantwild/extracted/plantwild/images/tomato late blight/175.jpg,Tomato___Late_blight,fit
plantwild/extracted/plantwild/images/tomato late blight/143.jpg,Tomato___Late_blight,fit
plantwild/extracted/plantwild/images/tomato late blight/61.jpg,Tomato___Late_blight,fit
plantwild/extracted/plantwild/images/tomato late blight/google_0044.jpg,Tomato___Late_blight,fit
plantwild/extracted/plantwild/images/tomato late blight/70.jpg,Tomato___Late_blight,fit
plantwild/extracted/plantwild/images/tomato late blight/google_0048.jpg,Tomato___Late_blight,fit
plantwild/extracted/plantwild/images/tomato late blight/36.jpg,Tomato___Late_blight,fit
plantwild/extracted/plantwild/images/tomato late blight/add (6).jpg,Tomato___Late_blight,fit
plantwild/extracted/plantwild/images/tomato late blight/google_0119.jpg,Tomato___Late_blight,fit
plantwild/extracted/plantwild/images/tomato late blight/google_0161.jpg,Tomato___Late_blight,fit
plantwild/extracted/plantwild/images/tomato late blight/google_0102.jpg,Tomato___Late_blight,fit
plantwild/extracted/plantwild/images/tomato late blight/google_0259.jpg,Tomato___Late_blight,fit
plantwild/extracted/plantwild/images/tomato late blight/google_0105.jpg,Tomato___Late_blight,fit
plantwild/extracted/plantwild/images/tomato late blight/google_0173.jpg,Tomato___Late_blight,fit
plantwild/extracted/plantwild/images/tomato late blight/google_0018.jpg,Tomato___Late_blight,fit
plantwild/extracted/plantwild/images/tomato late blight/add (4).jpg,Tomato___Late_blight,fit
plantwild/extracted/plantwild/images/tomato late blight/204.jpg,Tomato___Late_blight,fit
plantwild/extracted/plantwild/images/tomato late blight/google_0148.jpg,Tomato___Late_blight,fit
plantwild/extracted/plantwild/images/tomato late blight/google_0225.jpg,Tomato___Late_blight,fit
plantwild/extracted/plantwild/images/tomato late blight/google_0158.jpg,Tomato___Late_blight,fit
plantwild/extracted/plantwild/images/tomato late blight/182.jpg,Tomato___Late_blight,fit
plantwild/extracted/plantwild/images/tomato late blight/47.jpg,Tomato___Late_blight,fit
plantwild/extracted/plantwild/images/tomato late blight/98.jpg,Tomato___Late_blight,fit
plantwild/extracted/plantwild/images/tomato late blight/199.jpg,Tomato___Late_blight,fit
plantwild/extracted/plantwild/images/tomato late blight/google_0072.jpg,Tomato___Late_blight,fit
plantwild/extracted/plantwild/images/tomato late blight/google_0176.jpg,Tomato___Late_blight,fit
plantwild/extracted/plantwild/images/tomato late blight/14.jpg,Tomato___Late_blight,fit
plantwild/extracted/plantwild/images/tomato late blight/89.jpg,Tomato___Late_blight,fit
plantwild/extracted/plantwild/images/tomato late blight/192.jpg,Tomato___Late_blight,fit
plantwild/extracted/plantwild/images/tomato late blight/130.jpg,Tomato___Late_blight,fit
plantwild/extracted/plantwild/images/tomato late blight/226.jpg,Tomato___Late_blight,fit
plantwild/extracted/plantwild/images/tomato late blight/google_0128.jpg,Tomato___Late_blight,fit
plantwild/extracted/plantwild/images/tomato late blight/google_0226.jpg,Tomato___Late_blight,fit
plantwild/extracted/plantwild/images/tomato late blight/113.jpg,Tomato___Late_blight,fit
plantwild/extracted/plantwild/images/tomato late blight/96.jpg,Tomato___Late_blight,fit
plantwild/extracted/plantwild/images/tomato late blight/216.jpg,Tomato___Late_blight,fit
plantwild/extracted/plantwild/images/tomato late blight/google_0013.jpg,Tomato___Late_blight,fit
plantwild/extracted/plantwild/images/tomato late blight/122.jpg,Tomato___Late_blight,fit
plantwild/extracted/plantwild/images/tomato late blight/google_0065.jpg,Tomato___Late_blight,fit
plantwild/extracted/plantwild/images/tomato leaf mold/172.jpg,Tomato___Leaf_Mold,fit
plantwild/extracted/plantwild/images/tomato leaf mold/190.jpg,Tomato___Leaf_Mold,fit
plantwild/extracted/plantwild/images/tomato leaf mold/5.jpg,Tomato___Leaf_Mold,fit
plantwild/extracted/plantwild/images/tomato leaf mold/266.jpg,Tomato___Leaf_Mold,fit
plantwild/extracted/plantwild/images/tomato leaf mold/69 - Copy (2).jpg,Tomato___Leaf_Mold,fit
plantwild/extracted/plantwild/images/tomato leaf mold/28.jpg,Tomato___Leaf_Mold,fit
plantwild/extracted/plantwild/images/tomato leaf mold/google_0185 - Copy (2).jpg,Tomato___Leaf_Mold,fit
plantwild/extracted/plantwild/images/tomato leaf mold/279.jpg,Tomato___Leaf_Mold,fit
plantwild/extracted/plantwild/images/tomato leaf mold/google_0024.jpg,Tomato___Leaf_Mold,fit
plantwild/extracted/plantwild/images/tomato leaf mold/google_0036.jpg,Tomato___Leaf_Mold,fit
plantwild/extracted/plantwild/images/tomato leaf mold/164.jpg,Tomato___Leaf_Mold,fit
plantwild/extracted/plantwild/images/tomato leaf mold/209.jpg,Tomato___Leaf_Mold,fit
plantwild/extracted/plantwild/images/tomato leaf mold/89.jpg,Tomato___Leaf_Mold,fit
plantwild/extracted/plantwild/images/tomato leaf mold/9.jpg,Tomato___Leaf_Mold,fit
plantwild/extracted/plantwild/images/tomato leaf mold/google_0020.jpg,Tomato___Leaf_Mold,fit
plantwild/extracted/plantwild/images/tomato leaf mold/3.jpg,Tomato___Leaf_Mold,fit
plantwild/extracted/plantwild/images/tomato leaf mold/174.jpg,Tomato___Leaf_Mold,fit
plantwild/extracted/plantwild/images/tomato leaf mold/1.jpg,Tomato___Leaf_Mold,fit
plantwild/extracted/plantwild/images/tomato leaf mold/google_0030.jpg,Tomato___Leaf_Mold,fit
plantwild/extracted/plantwild/images/tomato leaf mold/google_0174 - Copy.jpg,Tomato___Leaf_Mold,fit
plantwild/extracted/plantwild/images/tomato leaf mold/14.jpg,Tomato___Leaf_Mold,fit
plantwild/extracted/plantwild/images/tomato leaf mold/google_0007.jpg,Tomato___Leaf_Mold,fit
plantwild/extracted/plantwild/images/tomato leaf mold/google_0017.jpg,Tomato___Leaf_Mold,fit
plantwild/extracted/plantwild/images/tomato leaf mold/83.jpg,Tomato___Leaf_Mold,fit
plantwild/extracted/plantwild/images/tomato leaf mold/google_0110.jpg,Tomato___Leaf_Mold,fit
plantwild/extracted/plantwild/images/tomato leaf mold/282.jpg,Tomato___Leaf_Mold,fit
plantwild/extracted/plantwild/images/tomato leaf mold/278.jpg,Tomato___Leaf_Mold,fit
plantwild/extracted/plantwild/images/tomato leaf mold/46.jpg,Tomato___Leaf_Mold,fit
plantwild/extracted/plantwild/images/tomato leaf mold/50.jpg,Tomato___Leaf_Mold,fit
plantwild/extracted/plantwild/images/tomato leaf mold/google_0216.jpg,Tomato___Leaf_Mold,fit
plantwild/extracted/plantwild/images/tomato leaf mold/google_0131 - Copy (2).jpg,Tomato___Leaf_Mold,fit
plantwild/extracted/plantwild/images/tomato leaf mold/175.jpg,Tomato___Leaf_Mold,fit
plantwild/extracted/plantwild/images/tomato leaf mold/74.jpg,Tomato___Leaf_Mold,fit
plantwild/extracted/plantwild/images/tomato leaf mold/google_0063.jpg,Tomato___Leaf_Mold,fit
plantwild/extracted/plantwild/images/tomato leaf mold/google_0116.jpg,Tomato___Leaf_Mold,fit
plantwild/extracted/plantwild/images/tomato leaf mold/88.jpg,Tomato___Leaf_Mold,fit
plantwild/extracted/plantwild/images/tomato leaf mold/99.jpg,Tomato___Leaf_Mold,fit
plantwild/extracted/plantwild/images/tomato leaf mold/google_0008.jpg,Tomato___Leaf_Mold,fit
plantwild/extracted/plantwild/images/tomato leaf mold/269.jpg,Tomato___Leaf_Mold,fit
plantwild/extracted/plantwild/images/tomato leaf mold/184.jpg,Tomato___Leaf_Mold,fit
plantwild/extracted/plantwild/images/tomato leaf mold/19.jpg,Tomato___Leaf_Mold,fit
plantwild/extracted/plantwild/images/tomato leaf mold/149.jpg,Tomato___Leaf_Mold,fit
plantwild/extracted/plantwild/images/tomato leaf mold/195.jpg,Tomato___Leaf_Mold,fit
plantwild/extracted/plantwild/images/tomato leaf mold/google_0072.jpg,Tomato___Leaf_Mold,fit
plantwild/extracted/plantwild/images/tomato leaf mold/217.jpg,Tomato___Leaf_Mold,fit
plantwild/extracted/plantwild/images/tomato leaf mold/86.jpg,Tomato___Leaf_Mold,fit
plantwild/extracted/plantwild/images/tomato leaf mold/211.jpg,Tomato___Leaf_Mold,fit
plantwild/extracted/plantwild/images/tomato leaf mold/google_0283.jpg,Tomato___Leaf_Mold,fit
plantwild/extracted/plantwild/images/tomato leaf mold/31.jpg,Tomato___Leaf_Mold,fit
plantwild/extracted/plantwild/images/tomato leaf mold/10.jpg,Tomato___Leaf_Mold,fit
plantwild/extracted/plantwild/images/tomato leaf mold/33.jpg,Tomato___Leaf_Mold,fit
plantwild/extracted/plantwild/images/tomato leaf mold/235.jpg,Tomato___Leaf_Mold,fit
plantwild/extracted/plantwild/images/tomato leaf mold/google_0304.jpg,Tomato___Leaf_Mold,fit
plantwild/extracted/plantwild/images/tomato leaf mold/144.jpg,Tomato___Leaf_Mold,fit
plantwild/extracted/plantwild/images/tomato leaf mold/google_0101.jpg,Tomato___Leaf_Mold,fit
plantwild/extracted/plantwild/images/tomato leaf mold/141.jpg,Tomato___Leaf_Mold,fit
plantwild/extracted/plantwild/images/tomato leaf mold/243.jpg,Tomato___Leaf_Mold,fit
plantwild/extracted/plantwild/images/tomato leaf mold/google_0246.jpg,Tomato___Leaf_Mold,fit
plantwild/extracted/plantwild/images/tomato leaf mold/google_0308.jpg,Tomato___Leaf_Mold,fit
plantwild/extracted/plantwild/images/tomato leaf mold/32.jpg,Tomato___Leaf_Mold,fit
plantwild/extracted/plantwild/images/tomato leaf mold/google_0220.jpg,Tomato___Leaf_Mold,fit
plantwild/extracted/plantwild/images/tomato leaf mold/google_0282.jpg,Tomato___Leaf_Mold,fit
plantwild/extracted/plantwild/images/tomato leaf mold/google_0056.jpg,Tomato___Leaf_Mold,fit
plantwild/extracted/plantwild/images/tomato leaf mold/207.jpg,Tomato___Leaf_Mold,fit
plantwild/extracted/plantwild/images/tomato leaf mold/181.jpg,Tomato___Leaf_Mold,fit
plantwild/extracted/plantwild/images/tomato leaf mold/30.jpg,Tomato___Leaf_Mold,fit
plantwild/extracted/plantwild/images/tomato leaf mold/google_0111.jpg,Tomato___Leaf_Mold,fit
plantwild/extracted/plantwild/images/tomato leaf mold/64.jpg,Tomato___Leaf_Mold,fit
plantwild/extracted/plantwild/images/tomato leaf mold/google_0129.jpg,Tomato___Leaf_Mold,fit
plantwild/extracted/plantwild/images/tomato leaf mold/240.jpg,Tomato___Leaf_Mold,fit
plantwild/extracted/plantwild/images/tomato leaf mold/236.jpg,Tomato___Leaf_Mold,fit
plantwild/extracted/plantwild/images/tomato leaf mold/163.jpg,Tomato___Leaf_Mold,fit
plantwild/extracted/plantwild/images/tomato leaf mold/62.jpg,Tomato___Leaf_Mold,fit
plantwild/extracted/plantwild/images/tomato leaf mold/225.jpg,Tomato___Leaf_Mold,fit
plantwild/extracted/plantwild/images/tomato leaf mold/google_0306.jpg,Tomato___Leaf_Mold,fit
plantwild/extracted/plantwild/images/tomato leaf mold/140.jpg,Tomato___Leaf_Mold,fit
plantwild/extracted/plantwild/images/tomato leaf mold/google_0001.jpg,Tomato___Leaf_Mold,fit
plantwild/extracted/plantwild/images/tomato leaf mold/16.jpg,Tomato___Leaf_Mold,fit
plantwild/extracted/plantwild/images/tomato leaf mold/google_0042.jpg,Tomato___Leaf_Mold,fit
plantwild/extracted/plantwild/images/tomato leaf mold/154.jpg,Tomato___Leaf_Mold,fit
plantwild/extracted/plantwild/images/tomato leaf mold/205.jpg,Tomato___Leaf_Mold,fit
plantwild/extracted/plantwild/images/tomato leaf mold/google_0308 - Copy (2).jpg,Tomato___Leaf_Mold,fit
plantwild/extracted/plantwild/images/tomato leaf mold/224.jpg,Tomato___Leaf_Mold,fit
plantwild/extracted/plantwild/images/tomato leaf mold/google_0061.jpg,Tomato___Leaf_Mold,fit
plantwild/extracted/plantwild/images/tomato leaf mold/google_0070.jpg,Tomato___Leaf_Mold,fit
plantwild/extracted/plantwild/images/tomato leaf mold/google_0007 - Copy.jpg,Tomato___Leaf_Mold,fit
plantwild/extracted/plantwild/images/tomato leaf mold/google_0019 - Copy.jpg,Tomato___Leaf_Mold,fit
plantwild/extracted/plantwild/images/tomato leaf mold/google_0185 - Copy (3).jpg,Tomato___Leaf_Mold,fit
plantwild/extracted/plantwild/images/tomato leaf mold/34.jpg,Tomato___Leaf_Mold,fit
plantwild/extracted/plantwild/images/tomato leaf mold/247.jpg,Tomato___Leaf_Mold,fit
plantwild/extracted/plantwild/images/tomato leaf mold/167.jpg,Tomato___Leaf_Mold,fit
plantwild/extracted/plantwild/images/tomato leaf mold/151.jpg,Tomato___Leaf_Mold,fit
plantwild/extracted/plantwild/images/tomato leaf mold/google_0019.jpg,Tomato___Leaf_Mold,fit
plantwild/extracted/plantwild/images/tomato leaf mold/208.jpg,Tomato___Leaf_Mold,fit
plantwild/extracted/plantwild/images/tomato leaf mold/186.jpg,Tomato___Leaf_Mold,fit
plantwild/extracted/plantwild/images/tomato leaf mold/66.jpg,Tomato___Leaf_Mold,fit
plantwild/extracted/plantwild/images/tomato leaf mold/google_0185.jpg,Tomato___Leaf_Mold,fit
plantwild/extracted/plantwild/images/tomato leaf mold/google_0185 - Copy.jpg,Tomato___Leaf_Mold,fit
plantwild/extracted/plantwild/images/tomato leaf mold/41.jpg,Tomato___Leaf_Mold,fit
plantwild/extracted/plantwild/images/tomato leaf mold/google_0153.jpg,Tomato___Leaf_Mold,fit
plantwild/extracted/plantwild/images/tomato leaf mold/171.jpg,Tomato___Leaf_Mold,fit
plantwild/extracted/plantwild/images/tomato leaf mold/google_0123.jpg,Tomato___Leaf_Mold,fit
plantwild/extracted/plantwild/images/tomato leaf mold/170.jpg,Tomato___Leaf_Mold,fit
plantwild/extracted/plantwild/images/tomato leaf mold/google_0142.jpg,Tomato___Leaf_Mold,fit
plantwild/extracted/plantwild/images/tomato leaf mold/60.jpg,Tomato___Leaf_Mold,fit
plantwild/extracted/plantwild/images/tomato leaf mold/google_0104 - Copy.jpg,Tomato___Leaf_Mold,fit
plantwild/extracted/plantwild/images/tomato leaf mold/254.jpg,Tomato___Leaf_Mold,fit
plantwild/extracted/plantwild/images/tomato leaf mold/google_0122.jpg,Tomato___Leaf_Mold,fit
plantwild/extracted/plantwild/images/tomato leaf mold/197.jpg,Tomato___Leaf_Mold,fit
plantwild/extracted/plantwild/images/tomato leaf mold/268.jpg,Tomato___Leaf_Mold,fit
plantwild/extracted/plantwild/images/tomato leaf mold/google_0051.jpg,Tomato___Leaf_Mold,fit
plantwild/extracted/plantwild/images/tomato leaf mold/google_0022.jpg,Tomato___Leaf_Mold,fit
plantwild/extracted/plantwild/images/tomato leaf mold/google_0293.jpg,Tomato___Leaf_Mold,fit
plantwild/extracted/plantwild/images/tomato leaf mold/92.jpg,Tomato___Leaf_Mold,fit
plantwild/extracted/plantwild/images/tomato leaf mold/39.jpg,Tomato___Leaf_Mold,fit
plantwild/extracted/plantwild/images/tomato leaf mold/google_0048.jpg,Tomato___Leaf_Mold,fit
plantwild/extracted/plantwild/images/tomato leaf mold/155.jpg,Tomato___Leaf_Mold,fit
plantwild/extracted/plantwild/images/tomato leaf mold/google_0131.jpg,Tomato___Leaf_Mold,fit
plantwild/extracted/plantwild/images/tomato leaf mold/178.jpg,Tomato___Leaf_Mold,fit
plantwild/extracted/plantwild/images/tomato leaf mold/23.jpg,Tomato___Leaf_Mold,fit
plantwild/extracted/plantwild/images/tomato leaf mold/google_0267.jpg,Tomato___Leaf_Mold,fit
plantwild/extracted/plantwild/images/tomato leaf mold/281.jpg,Tomato___Leaf_Mold,fit
plantwild/extracted/plantwild/images/tomato leaf mold/google_0262.jpg,Tomato___Leaf_Mold,fit
plantwild/extracted/plantwild/images/tomato leaf mold/198.jpg,Tomato___Leaf_Mold,fit
plantwild/extracted/plantwild/images/tomato leaf mold/google_0257.jpg,Tomato___Leaf_Mold,fit
plantwild/extracted/plantwild/images/tomato leaf mold/173.jpg,Tomato___Leaf_Mold,fit
plantwild/extracted/plantwild/images/tomato leaf mold/google_0006.jpg,Tomato___Leaf_Mold,fit
plantwild/extracted/plantwild/images/tomato leaf mold/google_0045.jpg,Tomato___Leaf_Mold,fit
plantwild/extracted/plantwild/images/tomato leaf mold/227.jpg,Tomato___Leaf_Mold,fit
plantwild/extracted/plantwild/images/tomato leaf mold/91.jpg,Tomato___Leaf_Mold,fit
plantwild/extracted/plantwild/images/tomato leaf mold/210.jpg,Tomato___Leaf_Mold,fit
plantwild/extracted/plantwild/images/tomato leaf mold/239.jpg,Tomato___Leaf_Mold,fit
plantwild/extracted/plantwild/images/tomato leaf mold/google_0105.jpg,Tomato___Leaf_Mold,fit
plantwild/extracted/plantwild/images/tomato leaf mold/265.jpg,Tomato___Leaf_Mold,fit
plantwild/extracted/plantwild/images/tomato leaf mold/google_0308 - Copy.jpg,Tomato___Leaf_Mold,fit
plantwild/extracted/plantwild/images/tomato leaf mold/google_0016.jpg,Tomato___Leaf_Mold,fit
plantwild/extracted/plantwild/images/tomato leaf mold/183.jpg,Tomato___Leaf_Mold,fit
plantwild/extracted/plantwild/images/tomato leaf mold/277.jpg,Tomato___Leaf_Mold,fit
plantwild/extracted/plantwild/images/tomato leaf mold/59.jpg,Tomato___Leaf_Mold,fit
plantwild/extracted/plantwild/images/tomato leaf mold/25.jpg,Tomato___Leaf_Mold,fit
plantwild/extracted/plantwild/images/tomato leaf mold/google_0131 - Copy.jpg,Tomato___Leaf_Mold,fit
plantwild/extracted/plantwild/images/tomato leaf mold/69.jpg,Tomato___Leaf_Mold,fit
plantwild/extracted/plantwild/images/tomato leaf mold/216.jpg,Tomato___Leaf_Mold,fit
plantwild/extracted/plantwild/images/tomato leaf mold/142.jpg,Tomato___Leaf_Mold,fit
plantwild/extracted/plantwild/images/tomato leaf mold/google_0127.jpg,Tomato___Leaf_Mold,fit
plantwild/extracted/plantwild/images/tomato leaf mold/87.jpg,Tomato___Leaf_Mold,fit
plantwild/extracted/plantwild/images/tomato leaf mold/45.jpg,Tomato___Leaf_Mold,fit
plantwild/extracted/plantwild/images/tomato leaf mold/63.jpg,Tomato___Leaf_Mold,fit
plantwild/extracted/plantwild/images/tomato leaf mold/20.jpg,Tomato___Leaf_Mold,fit
plantwild/extracted/plantwild/images/tomato leaf mold/196.jpg,Tomato___Leaf_Mold,fit
plantwild/extracted/plantwild/images/tomato leaf mold/161.jpg,Tomato___Leaf_Mold,fit
plantwild/extracted/plantwild/images/tomato leaf mold/7.jpg,Tomato___Leaf_Mold,fit
plantwild/extracted/plantwild/images/tomato leaf mold/58.jpg,Tomato___Leaf_Mold,fit
plantwild/extracted/plantwild/images/tomato leaf mold/241.jpg,Tomato___Leaf_Mold,fit
plantwild/extracted/plantwild/images/tomato leaf mold/166.jpg,Tomato___Leaf_Mold,fit
plantwild/extracted/plantwild/images/tomato leaf mold/65.jpg,Tomato___Leaf_Mold,fit
plantwild/extracted/plantwild/images/tomato leaf mold/272.jpg,Tomato___Leaf_Mold,fit
plantwild/extracted/plantwild/images/tomato leaf mold/google_0226.jpg,Tomato___Leaf_Mold,fit
plantwild/extracted/plantwild/images/tomato leaf mold/274.jpg,Tomato___Leaf_Mold,fit
plantwild/extracted/plantwild/images/tomato leaf mold/233.jpg,Tomato___Leaf_Mold,fit
plantwild/extracted/plantwild/images/tomato leaf mold/google_0063 - Copy.jpg,Tomato___Leaf_Mold,fit
plantwild/extracted/plantwild/images/tomato leaf mold/169.jpg,Tomato___Leaf_Mold,fit
plantwild/extracted/plantwild/images/tomato leaf mold/267.jpg,Tomato___Leaf_Mold,fit
plantwild/extracted/plantwild/images/tomato leaf mold/google_0067.jpg,Tomato___Leaf_Mold,fit
plantwild/extracted/plantwild/images/tomato leaf mold/275.jpg,Tomato___Leaf_Mold,fit
plantwild/extracted/plantwild/images/tomato leaf mold/152.jpg,Tomato___Leaf_Mold,fit
plantwild/extracted/plantwild/images/tomato leaf mold/108.jpg,Tomato___Leaf_Mold,fit
plantwild/extracted/plantwild/images/tomato septoria leaf spot/google_0070.jpg,Tomato___Septoria_leaf_spot,fit
plantwild/extracted/plantwild/images/tomato septoria leaf spot/google_0042.jpg,Tomato___Septoria_leaf_spot,fit
plantwild/extracted/plantwild/images/tomato septoria leaf spot/google_0257.jpg,Tomato___Septoria_leaf_spot,fit
plantwild/extracted/plantwild/images/tomato septoria leaf spot/google_0197.jpg,Tomato___Septoria_leaf_spot,fit
plantwild/extracted/plantwild/images/tomato septoria leaf spot/google_0131.jpg,Tomato___Septoria_leaf_spot,fit
plantwild/extracted/plantwild/images/tomato septoria leaf spot/google_0010.jpg,Tomato___Septoria_leaf_spot,fit
plantwild/extracted/plantwild/images/tomato septoria leaf spot/2 - Copy (2).jpg,Tomato___Septoria_leaf_spot,fit
plantwild/extracted/plantwild/images/tomato septoria leaf spot/google_0043.jpg,Tomato___Septoria_leaf_spot,fit
plantwild/extracted/plantwild/images/tomato septoria leaf spot/google_0024.jpg,Tomato___Septoria_leaf_spot,fit
plantwild/extracted/plantwild/images/tomato septoria leaf spot/google_0119.jpg,Tomato___Septoria_leaf_spot,fit
plantwild/extracted/plantwild/images/tomato septoria leaf spot/google_0162.jpg,Tomato___Septoria_leaf_spot,fit
plantwild/extracted/plantwild/images/tomato septoria leaf spot/google_0004.jpg,Tomato___Septoria_leaf_spot,fit
plantwild/extracted/plantwild/images/tomato septoria leaf spot/google_0187.jpg,Tomato___Septoria_leaf_spot,fit
plantwild/extracted/plantwild/images/tomato septoria leaf spot/google_0270.jpg,Tomato___Septoria_leaf_spot,fit
plantwild/extracted/plantwild/images/tomato septoria leaf spot/google_0140.jpg,Tomato___Septoria_leaf_spot,fit
plantwild/extracted/plantwild/images/tomato septoria leaf spot/google_0018.jpg,Tomato___Septoria_leaf_spot,fit
plantwild/extracted/plantwild/images/tomato septoria leaf spot/google_0084.jpg,Tomato___Septoria_leaf_spot,fit
plantwild/extracted/plantwild/images/tomato septoria leaf spot/google_0172.jpg,Tomato___Septoria_leaf_spot,fit
plantwild/extracted/plantwild/images/tomato septoria leaf spot/google_0041.jpg,Tomato___Septoria_leaf_spot,fit
plantwild/extracted/plantwild/images/tomato septoria leaf spot/google_0113.jpg,Tomato___Septoria_leaf_spot,fit
plantwild/extracted/plantwild/images/tomato septoria leaf spot/google_0081.jpg,Tomato___Septoria_leaf_spot,fit
plantwild/extracted/plantwild/images/tomato septoria leaf spot/google_0189.jpg,Tomato___Septoria_leaf_spot,fit
plantwild/extracted/plantwild/images/tomato septoria leaf spot/google_0103.jpg,Tomato___Septoria_leaf_spot,fit
plantwild/extracted/plantwild/images/tomato septoria leaf spot/google_0254.jpg,Tomato___Septoria_leaf_spot,fit
plantwild/extracted/plantwild/images/tomato septoria leaf spot/google_0053.jpg,Tomato___Septoria_leaf_spot,fit
plantwild/extracted/plantwild/images/tomato septoria leaf spot/google_0250.jpg,Tomato___Septoria_leaf_spot,fit
plantwild/extracted/plantwild/images/tomato septoria leaf spot/google_0235.jpg,Tomato___Septoria_leaf_spot,fit
plantwild/extracted/plantwild/images/tomato septoria leaf spot/google_0217 - Copy.jpg,Tomato___Septoria_leaf_spot,fit
plantwild/extracted/plantwild/images/tomato septoria leaf spot/google_0003.jpg,Tomato___Septoria_leaf_spot,fit
plantwild/extracted/plantwild/images/tomato septoria leaf spot/google_0160.jpg,Tomato___Septoria_leaf_spot,fit
plantwild/extracted/plantwild/images/tomato septoria leaf spot/google_0093.jpg,Tomato___Septoria_leaf_spot,fit
plantwild/extracted/plantwild/images/tomato septoria leaf spot/google_0044.jpg,Tomato___Septoria_leaf_spot,fit
plantwild/extracted/plantwild/images/tomato septoria leaf spot/google_0137.jpg,Tomato___Septoria_leaf_spot,fit
plantwild/extracted/plantwild/images/tomato septoria leaf spot/google_0276.jpg,Tomato___Septoria_leaf_spot,fit
plantwild/extracted/plantwild/images/tomato septoria leaf spot/13.jpg,Tomato___Septoria_leaf_spot,fit
plantwild/extracted/plantwild/images/tomato septoria leaf spot/google_0141.jpg,Tomato___Septoria_leaf_spot,fit
plantwild/extracted/plantwild/images/tomato septoria leaf spot/google_0020.jpg,Tomato___Septoria_leaf_spot,fit
plantwild/extracted/plantwild/images/tomato septoria leaf spot/google_0094.jpg,Tomato___Septoria_leaf_spot,fit
plantwild/extracted/plantwild/images/tomato septoria leaf spot/google_0036.jpg,Tomato___Septoria_leaf_spot,fit
plantwild/extracted/plantwild/images/tomato septoria leaf spot/37.jpg,Tomato___Septoria_leaf_spot,fit
plantwild/extracted/plantwild/images/tomato septoria leaf spot/google_0135.jpg,Tomato___Septoria_leaf_spot,fit
plantwild/extracted/plantwild/images/tomato septoria leaf spot/20.jpg,Tomato___Septoria_leaf_spot,fit
plantwild/extracted/plantwild/images/tomato septoria leaf spot/google_0253.jpg,Tomato___Septoria_leaf_spot,fit
plantwild/extracted/plantwild/images/tomato septoria leaf spot/17.jpg,Tomato___Septoria_leaf_spot,fit
plantwild/extracted/plantwild/images/tomato septoria leaf spot/google_0224 - Copy.jpg,Tomato___Septoria_leaf_spot,fit
plantwild/extracted/plantwild/images/tomato septoria leaf spot/google_0217.jpg,Tomato___Septoria_leaf_spot,fit
plantwild/extracted/plantwild/images/tomato septoria leaf spot/google_0000.jpg,Tomato___Septoria_leaf_spot,fit
plantwild/extracted/plantwild/images/tomato septoria leaf spot/google_0121.jpg,Tomato___Septoria_leaf_spot,fit
plantwild/extracted/plantwild/images/tomato septoria leaf spot/google_0091.jpg,Tomato___Septoria_leaf_spot,fit
plantwild/extracted/plantwild/images/tomato septoria leaf spot/google_0219.jpg,Tomato___Septoria_leaf_spot,fit
plantwild/extracted/plantwild/images/tomato septoria leaf spot/google_0204.jpg,Tomato___Septoria_leaf_spot,fit
plantwild/extracted/plantwild/images/tomato septoria leaf spot/23.jpg,Tomato___Septoria_leaf_spot,fit
plantwild/extracted/plantwild/images/tomato septoria leaf spot/google_0052.jpg,Tomato___Septoria_leaf_spot,fit
plantwild/extracted/plantwild/images/tomato septoria leaf spot/google_0017.jpg,Tomato___Septoria_leaf_spot,fit
plantwild/extracted/plantwild/images/tomato septoria leaf spot/209.jpg,Tomato___Septoria_leaf_spot,fit
plantwild/extracted/plantwild/images/tomato septoria leaf spot/96.jpg,Tomato___Septoria_leaf_spot,fit
plantwild/extracted/plantwild/images/tomato septoria leaf spot/155.jpg,Tomato___Septoria_leaf_spot,fit
plantwild/extracted/plantwild/images/tomato septoria leaf spot/107.jpg,Tomato___Septoria_leaf_spot,fit
plantwild/extracted/plantwild/images/tomato septoria leaf spot/google_0130.jpg,Tomato___Septoria_leaf_spot,fit
plantwild/extracted/plantwild/images/tomato septoria leaf spot/google_0187 - Copy.jpg,Tomato___Septoria_leaf_spot,fit
plantwild/extracted/plantwild/images/tomato septoria leaf spot/91.jpg,Tomato___Septoria_leaf_spot,fit
plantwild/extracted/plantwild/images/tomato septoria leaf spot/google_0139 - Copy.jpg,Tomato___Septoria_leaf_spot,fit
plantwild/extracted/plantwild/images/tomato septoria leaf spot/google_0013.jpg,Tomato___Septoria_leaf_spot,fit
plantwild/extracted/plantwild/images/tomato septoria leaf spot/google_0018 - Copy.jpg,Tomato___Septoria_leaf_spot,fit
plantwild/extracted/plantwild/images/tomato septoria leaf spot/google_0086.jpg,Tomato___Septoria_leaf_spot,fit
plantwild/extracted/plantwild/images/tomato septoria leaf spot/218.jpg,Tomato___Septoria_leaf_spot,fit
plantwild/extracted/plantwild/images/tomato septoria leaf spot/225.jpg,Tomato___Septoria_leaf_spot,fit
plantwild/extracted/plantwild/images/tomato septoria leaf spot/google_0097.jpg,Tomato___Septoria_leaf_spot,fit
plantwild/extracted/plantwild/images/tomato septoria leaf spot/google_0191.jpg,Tomato___Septoria_leaf_spot,fit
plantwild/extracted/plantwild/images/tomato septoria leaf spot/google_0038.jpg,Tomato___Septoria_leaf_spot,fit
plantwild/extracted/plantwild/images/tomato septoria leaf spot/google_0243.jpg,Tomato___Septoria_leaf_spot,fit
plantwild/extracted/plantwild/images/tomato septoria leaf spot/google_0201.jpg,Tomato___Septoria_leaf_spot,fit
plantwild/extracted/plantwild/images/tomato septoria leaf spot/google_0233.jpg,Tomato___Septoria_leaf_spot,fit
plantwild/extracted/plantwild/images/tomato septoria leaf spot/google_0283.jpg,Tomato___Septoria_leaf_spot,fit
plantwild/extracted/plantwild/images/tomato septoria leaf spot/google_0032.jpg,Tomato___Septoria_leaf_spot,fit
plantwild/extracted/plantwild/images/tomato septoria leaf spot/148.jpg,Tomato___Septoria_leaf_spot,fit
plantwild/extracted/plantwild/images/tomato septoria leaf spot/80.jpg,Tomato___Septoria_leaf_spot,fit
plantwild/extracted/plantwild/images/tomato septoria leaf spot/162.jpg,Tomato___Septoria_leaf_spot,fit
plantwild/extracted/plantwild/images/tomato septoria leaf spot/205.jpg,Tomato___Septoria_leaf_spot,fit
plantwild/extracted/plantwild/images/tomato septoria leaf spot/google_0261.jpg,Tomato___Septoria_leaf_spot,fit
plantwild/extracted/plantwild/images/tomato septoria leaf spot/google_0098.jpg,Tomato___Septoria_leaf_spot,fit
plantwild/extracted/plantwild/images/tomato septoria leaf spot/241.jpg,Tomato___Septoria_leaf_spot,fit
plantwild/extracted/plantwild/images/tomato septoria leaf spot/google_0023.jpg,Tomato___Septoria_leaf_spot,fit
plantwild/extracted/plantwild/images/tomato septoria leaf spot/google_0147.jpg,Tomato___Septoria_leaf_spot,fit
plantwild/extracted/plantwild/images/tomato septoria leaf spot/google_0074.jpg,Tomato___Septoria_leaf_spot,fit
plantwild/extracted/plantwild/images/tomato septoria leaf spot/49.jpg,Tomato___Septoria_leaf_spot,fit
plantwild/extracted/plantwild/images/tomato septoria leaf spot/google_0022.jpg,Tomato___Septoria_leaf_spot,fit
plantwild/extracted/plantwild/images/tomato septoria leaf spot/google_0140 - Copy (2).jpg,Tomato___Septoria_leaf_spot,fit
plantwild/extracted/plantwild/images/tomato septoria leaf spot/google_0063.jpg,Tomato___Septoria_leaf_spot,fit
plantwild/extracted/plantwild/images/tomato septoria leaf spot/google_0045.jpg,Tomato___Septoria_leaf_spot,fit
plantwild/extracted/plantwild/images/tomato septoria leaf spot/google_0029.jpg,Tomato___Septoria_leaf_spot,fit
plantwild/extracted/plantwild/images/tomato septoria leaf spot/google_0226.jpg,Tomato___Septoria_leaf_spot,fit
plantwild/extracted/plantwild/images/tomato septoria leaf spot/google_0005.jpg,Tomato___Septoria_leaf_spot,fit
plantwild/extracted/plantwild/images/tomato septoria leaf spot/google_0002 - Copy.jpg,Tomato___Septoria_leaf_spot,fit
plantwild/extracted/plantwild/images/tomato septoria leaf spot/google_0069.jpg,Tomato___Septoria_leaf_spot,fit
plantwild/extracted/plantwild/images/tomato septoria leaf spot/google_0012.jpg,Tomato___Septoria_leaf_spot,fit
plantwild/extracted/plantwild/images/tomato septoria leaf spot/google_0039.jpg,Tomato___Septoria_leaf_spot,fit
plantwild/extracted/plantwild/images/tomato septoria leaf spot/google_0195.jpg,Tomato___Septoria_leaf_spot,fit
plantwild/extracted/plantwild/images/tomato septoria leaf spot/google_0273.jpg,Tomato___Septoria_leaf_spot,fit
plantwild/extracted/plantwild/images/tomato septoria leaf spot/28.jpg,Tomato___Septoria_leaf_spot,fit
plantwild/extracted/plantwild/images/tomato septoria leaf spot/google_0065.jpg,Tomato___Septoria_leaf_spot,fit
plantwild/extracted/plantwild/images/tomato septoria leaf spot/google_0205.jpg,Tomato___Septoria_leaf_spot,fit
plantwild/extracted/plantwild/images/tomato septoria leaf spot/google_0077.jpg,Tomato___Septoria_leaf_spot,fit
plantwild/extracted/plantwild/images/tomato septoria leaf spot/google_0021.jpg,Tomato___Septoria_leaf_spot,fit
plantwild/extracted/plantwild/images/tomato septoria leaf spot/google_0158.jpg,Tomato___Septoria_leaf_spot,fit
plantwild/extracted/plantwild/images/tomato septoria leaf spot/google_0015.jpg,Tomato___Septoria_leaf_spot,fit
plantwild/extracted/plantwild/images/tomato septoria leaf spot/google_0009.jpg,Tomato___Septoria_leaf_spot,fit
plantwild/extracted/plantwild/images/tomato septoria leaf spot/10.jpg,Tomato___Septoria_leaf_spot,fit
plantwild/extracted/plantwild/images/tomato septoria leaf spot/34.jpg,Tomato___Septoria_leaf_spot,fit
plantwild/extracted/plantwild/images/tomato septoria leaf spot/google_0222 - Copy.jpg,Tomato___Septoria_leaf_spot,fit
plantwild/extracted/plantwild/images/tomato septoria leaf spot/google_0033.jpg,Tomato___Septoria_leaf_spot,fit
plantwild/extracted/plantwild/images/tomato septoria leaf spot/1.jpg,Tomato___Septoria_leaf_spot,fit
plantwild/extracted/plantwild/images/tomato septoria leaf spot/24.jpg,Tomato___Septoria_leaf_spot,fit
plantwild/extracted/plantwild/images/tomato septoria leaf spot/2.jpg,Tomato___Septoria_leaf_spot,fit
plantwild/extracted/plantwild/images/tomato septoria leaf spot/2 - Copy.jpg,Tomato___Septoria_leaf_spot,fit
plantwild/extracted/plantwild/images/tomato septoria leaf spot/google_0139.jpg,Tomato___Septoria_leaf_spot,fit
plantwild/extracted/plantwild/images/tomato septoria leaf spot/google_0270 - Copy (2).jpg,Tomato___Septoria_leaf_spot,fit
plantwild/extracted/plantwild/images/tomato septoria leaf spot/google_0188.jpg,Tomato___Septoria_leaf_spot,fit
plantwild/extracted/plantwild/images/tomato septoria leaf spot/google_0007.jpg,Tomato___Septoria_leaf_spot,fit
plantwild/extracted/plantwild/images/tomato septoria leaf spot/google_0110.jpg,Tomato___Septoria_leaf_spot,fit
plantwild/extracted/plantwild/images/tomato septoria leaf spot/google_0051.jpg,Tomato___Septoria_leaf_spot,fit
plantwild/extracted/plantwild/images/tomato septoria leaf spot/google_0097 - Copy.jpg,Tomato___Septoria_leaf_spot,fit
plantwild/extracted/plantwild/images/tomato septoria leaf spot/63.jpg,Tomato___Septoria_leaf_spot,fit
plantwild/extracted/plantwild/images/tomato septoria leaf spot/google_0002.jpg,Tomato___Septoria_leaf_spot,fit
plantwild/extracted/plantwild/images/tomato septoria leaf spot/google_0273 - Copy (2).jpg,Tomato___Septoria_leaf_spot,fit
plantwild/extracted/plantwild/images/tomato septoria leaf spot/google_0048.jpg,Tomato___Septoria_leaf_spot,fit
plantwild/extracted/plantwild/images/tomato septoria leaf spot/google_0133.jpg,Tomato___Septoria_leaf_spot,fit
plantwild/extracted/plantwild/images/tomato septoria leaf spot/google_0153.jpg,Tomato___Septoria_leaf_spot,fit
plantwild/extracted/plantwild/images/tomato septoria leaf spot/6.jpg,Tomato___Septoria_leaf_spot,fit
plantwild/extracted/plantwild/images/tomato septoria leaf spot/google_0258.jpg,Tomato___Septoria_leaf_spot,fit
plantwild/extracted/plantwild/images/tomato septoria leaf spot/61.jpg,Tomato___Septoria_leaf_spot,fit
plantwild/extracted/plantwild/images/tomato septoria leaf spot/google_0040.jpg,Tomato___Septoria_leaf_spot,fit
plantwild/extracted/plantwild/images/tomato septoria leaf spot/77.jpg,Tomato___Septoria_leaf_spot,fit
plantwild/extracted/plantwild/images/tomato septoria leaf spot/19.jpg,Tomato___Septoria_leaf_spot,fit
plantwild/extracted/plantwild/images/tomato septoria leaf spot/google_0270 - Copy.jpg,Tomato___Septoria_leaf_spot,fit
plantwild/extracted/plantwild/images/tomato septoria leaf spot/google_0056.jpg,Tomato___Septoria_leaf_spot,fit
plantwild/extracted/plantwild/images/tomato septoria leaf spot/64.jpg,Tomato___Septoria_leaf_spot,fit
plantwild/extracted/plantwild/images/tomato septoria leaf spot/google_0120.jpg,Tomato___Septoria_leaf_spot,fit
plantwild/extracted/plantwild/images/tomato septoria leaf spot/google_0059.jpg,Tomato___Septoria_leaf_spot,fit
plantwild/extracted/plantwild/images/tomato septoria leaf spot/google_0255.jpg,Tomato___Septoria_leaf_spot,fit
plantwild/extracted/plantwild/images/tomato septoria leaf spot/221.jpg,Tomato___Septoria_leaf_spot,fit
plantwild/extracted/plantwild/images/tomato septoria leaf spot/google_0050.jpg,Tomato___Septoria_leaf_spot,fit
plantwild/extracted/plantwild/images/tomato septoria leaf spot/google_0194.jpg,Tomato___Septoria_leaf_spot,fit
plantwild/extracted/plantwild/images/tomato septoria leaf spot/26.jpg,Tomato___Septoria_leaf_spot,fit
plantwild/extracted/plantwild/images/tomato septoria leaf spot/google_0170.jpg,Tomato___Septoria_leaf_spot,fit
plantwild/extracted/plantwild/images/tomato septoria leaf spot/32.jpg,Tomato___Septoria_leaf_spot,fit
plantwild/extracted/plantwild/images/tomato septoria leaf spot/66.jpg,Tomato___Septoria_leaf_spot,fit
plantwild/extracted/plantwild/images/tomato septoria leaf spot/google_0157.jpg,Tomato___Septoria_leaf_spot,fit
plantwild/extracted/plantwild/images/tomato septoria leaf spot/google_0016.jpg,Tomato___Septoria_leaf_spot,fit
plantwild/extracted/plantwild/images/tomato septoria leaf spot/google_0181.jpg,Tomato___Septoria_leaf_spot,fit
plantwild/extracted/plantwild/images/tomato septoria leaf spot/google_0151.jpg,Tomato___Septoria_leaf_spot,fit
plantwild/extracted/plantwild/images/tomato septoria leaf spot/google_0001.jpg,Tomato___Septoria_leaf_spot,fit
plantwild/extracted/plantwild/images/tomato septoria leaf spot/google_0148.jpg,Tomato___Septoria_leaf_spot,fit
plantwild/extracted/plantwild/images/tomato septoria leaf spot/google_0238.jpg,Tomato___Septoria_leaf_spot,fit
plantwild/extracted/plantwild/images/tomato yellow leaf curl virus/google_0140.jpg,Tomato___Tomato_Yellow_Leaf_Curl_Virus,fit
plantwild/extracted/plantwild/images/tomato yellow leaf curl virus/google_0094.jpg,Tomato___Tomato_Yellow_Leaf_Curl_Virus,fit
plantwild/extracted/plantwild/images/tomato yellow leaf curl virus/google_0051.jpg,Tomato___Tomato_Yellow_Leaf_Curl_Virus,fit
plantwild/extracted/plantwild/images/tomato yellow leaf curl virus/28.jpg,Tomato___Tomato_Yellow_Leaf_Curl_Virus,fit
plantwild/extracted/plantwild/images/tomato yellow leaf curl virus/google_0096.jpg,Tomato___Tomato_Yellow_Leaf_Curl_Virus,fit
plantwild/extracted/plantwild/images/tomato yellow leaf curl virus/4.jpg,Tomato___Tomato_Yellow_Leaf_Curl_Virus,fit
plantwild/extracted/plantwild/images/tomato yellow leaf curl virus/51.jpg,Tomato___Tomato_Yellow_Leaf_Curl_Virus,fit
plantwild/extracted/plantwild/images/tomato yellow leaf curl virus/google_0162.jpg,Tomato___Tomato_Yellow_Leaf_Curl_Virus,fit
plantwild/extracted/plantwild/images/tomato yellow leaf curl virus/google_0146.jpg,Tomato___Tomato_Yellow_Leaf_Curl_Virus,fit
plantwild/extracted/plantwild/images/tomato yellow leaf curl virus/google_0080.jpg,Tomato___Tomato_Yellow_Leaf_Curl_Virus,fit
plantwild/extracted/plantwild/images/tomato yellow leaf curl virus/31.jpg,Tomato___Tomato_Yellow_Leaf_Curl_Virus,fit
plantwild/extracted/plantwild/images/tomato yellow leaf curl virus/google_0034.jpg,Tomato___Tomato_Yellow_Leaf_Curl_Virus,fit
plantwild/extracted/plantwild/images/tomato yellow leaf curl virus/9.jpg,Tomato___Tomato_Yellow_Leaf_Curl_Virus,fit
plantwild/extracted/plantwild/images/tomato yellow leaf curl virus/google_0067.jpg,Tomato___Tomato_Yellow_Leaf_Curl_Virus,fit
plantwild/extracted/plantwild/images/tomato yellow leaf curl virus/167.jpg,Tomato___Tomato_Yellow_Leaf_Curl_Virus,fit
plantwild/extracted/plantwild/images/tomato yellow leaf curl virus/google_0147.jpg,Tomato___Tomato_Yellow_Leaf_Curl_Virus,fit
plantwild/extracted/plantwild/images/tomato yellow leaf curl virus/17.jpg,Tomato___Tomato_Yellow_Leaf_Curl_Virus,fit
plantwild/extracted/plantwild/images/tomato yellow leaf curl virus/google_0054.jpg,Tomato___Tomato_Yellow_Leaf_Curl_Virus,fit
plantwild/extracted/plantwild/images/tomato yellow leaf curl virus/google_0053.jpg,Tomato___Tomato_Yellow_Leaf_Curl_Virus,fit
plantwild/extracted/plantwild/images/tomato yellow leaf curl virus/google_0127.jpg,Tomato___Tomato_Yellow_Leaf_Curl_Virus,fit
plantwild/extracted/plantwild/images/tomato yellow leaf curl virus/google_0114.jpg,Tomato___Tomato_Yellow_Leaf_Curl_Virus,fit
plantwild/extracted/plantwild/images/tomato yellow leaf curl virus/google_0016.jpg,Tomato___Tomato_Yellow_Leaf_Curl_Virus,fit
plantwild/extracted/plantwild/images/tomato yellow leaf curl virus/google_0102.jpg,Tomato___Tomato_Yellow_Leaf_Curl_Virus,fit
plantwild/extracted/plantwild/images/tomato yellow leaf curl virus/google_0009.jpg,Tomato___Tomato_Yellow_Leaf_Curl_Virus,fit
plantwild/extracted/plantwild/images/tomato yellow leaf curl virus/google_0135.jpg,Tomato___Tomato_Yellow_Leaf_Curl_Virus,fit
plantwild/extracted/plantwild/images/tomato yellow leaf curl virus/google_0021.jpg,Tomato___Tomato_Yellow_Leaf_Curl_Virus,fit
plantwild/extracted/plantwild/images/tomato yellow leaf curl virus/62.jpg,Tomato___Tomato_Yellow_Leaf_Curl_Virus,fit
plantwild/extracted/plantwild/images/tomato yellow leaf curl virus/151.jpg,Tomato___Tomato_Yellow_Leaf_Curl_Virus,fit
plantwild/extracted/plantwild/images/tomato yellow leaf curl virus/google_0174.jpg,Tomato___Tomato_Yellow_Leaf_Curl_Virus,fit
plantwild/extracted/plantwild/images/tomato yellow leaf curl virus/7.jpg,Tomato___Tomato_Yellow_Leaf_Curl_Virus,fit
plantwild/extracted/plantwild/images/tomato yellow leaf curl virus/google_0105.jpg,Tomato___Tomato_Yellow_Leaf_Curl_Virus,fit
plantwild/extracted/plantwild/images/tomato yellow leaf curl virus/32.jpg,Tomato___Tomato_Yellow_Leaf_Curl_Virus,fit
plantwild/extracted/plantwild/images/tomato yellow leaf curl virus/google_0046.jpg,Tomato___Tomato_Yellow_Leaf_Curl_Virus,fit
plantwild/extracted/plantwild/images/tomato yellow leaf curl virus/20.jpg,Tomato___Tomato_Yellow_Leaf_Curl_Virus,fit
plantwild/extracted/plantwild/images/tomato yellow leaf curl virus/google_0077.jpg,Tomato___Tomato_Yellow_Leaf_Curl_Virus,fit
plantwild/extracted/plantwild/images/tomato yellow leaf curl virus/79.jpg,Tomato___Tomato_Yellow_Leaf_Curl_Virus,fit
plantwild/extracted/plantwild/images/tomato yellow leaf curl virus/38.jpg,Tomato___Tomato_Yellow_Leaf_Curl_Virus,fit
plantwild/extracted/plantwild/images/tomato yellow leaf curl virus/google_0124.jpg,Tomato___Tomato_Yellow_Leaf_Curl_Virus,fit
plantwild/extracted/plantwild/images/tomato yellow leaf curl virus/google_0063.jpg,Tomato___Tomato_Yellow_Leaf_Curl_Virus,fit
plantwild/extracted/plantwild/images/tomato yellow leaf curl virus/google_0148 - Copy.jpg,Tomato___Tomato_Yellow_Leaf_Curl_Virus,fit
plantwild/extracted/plantwild/images/tomato yellow leaf curl virus/13.jpg,Tomato___Tomato_Yellow_Leaf_Curl_Virus,fit
plantwild/extracted/plantwild/images/tomato yellow leaf curl virus/google_0062.jpg,Tomato___Tomato_Yellow_Leaf_Curl_Virus,fit
plantwild/extracted/plantwild/images/tomato yellow leaf curl virus/google_0150.jpg,Tomato___Tomato_Yellow_Leaf_Curl_Virus,fit
plantwild/extracted/plantwild/images/tomato yellow leaf curl virus/google_0060.jpg,Tomato___Tomato_Yellow_Leaf_Curl_Virus,fit
plantwild/extracted/plantwild/images/tomato yellow leaf curl virus/12.jpg,Tomato___Tomato_Yellow_Leaf_Curl_Virus,fit
plantwild/extracted/plantwild/images/tomato yellow leaf curl virus/google_0024.jpg,Tomato___Tomato_Yellow_Leaf_Curl_Virus,fit
plantwild/extracted/plantwild/images/tomato yellow leaf curl virus/72.jpg,Tomato___Tomato_Yellow_Leaf_Curl_Virus,fit
plantwild/extracted/plantwild/images/tomato yellow leaf curl virus/68.jpg,Tomato___Tomato_Yellow_Leaf_Curl_Virus,fit
plantwild/extracted/plantwild/images/tomato yellow leaf curl virus/google_0005.jpg,Tomato___Tomato_Yellow_Leaf_Curl_Virus,fit
plantwild/extracted/plantwild/images/tomato yellow leaf curl virus/1.jpg,Tomato___Tomato_Yellow_Leaf_Curl_Virus,fit
plantwild/extracted/plantwild/images/tomato yellow leaf curl virus/google_0118.jpg,Tomato___Tomato_Yellow_Leaf_Curl_Virus,fit
plantwild/extracted/plantwild/images/tomato yellow leaf curl virus/google_0061.jpg,Tomato___Tomato_Yellow_Leaf_Curl_Virus,fit
plantwild/extracted/plantwild/images/tomato yellow leaf curl virus/google_0095.jpg,Tomato___Tomato_Yellow_Leaf_Curl_Virus,fit
plantwild/extracted/plantwild/images/tomato yellow leaf curl virus/google_0004.jpg,Tomato___Tomato_Yellow_Leaf_Curl_Virus,fit
plantwild/extracted/plantwild/images/tomato yellow leaf curl virus/google_0122.jpg,Tomato___Tomato_Yellow_Leaf_Curl_Virus,fit
plantwild/extracted/plantwild/images/tomato yellow leaf curl virus/google_0148.jpg,Tomato___Tomato_Yellow_Leaf_Curl_Virus,fit
plantwild/extracted/plantwild/images/tomato yellow leaf curl virus/47.jpg,Tomato___Tomato_Yellow_Leaf_Curl_Virus,fit
plantwild/extracted/plantwild/images/tomato yellow leaf curl virus/165.jpg,Tomato___Tomato_Yellow_Leaf_Curl_Virus,fit
plantwild/extracted/plantwild/images/tomato yellow leaf curl virus/google_0106.jpg,Tomato___Tomato_Yellow_Leaf_Curl_Virus,fit
plantwild/extracted/plantwild/images/tomato yellow leaf curl virus/google_0001.jpg,Tomato___Tomato_Yellow_Leaf_Curl_Virus,fit
plantwild/extracted/plantwild/images/tomato yellow leaf curl virus/35.jpg,Tomato___Tomato_Yellow_Leaf_Curl_Virus,fit
plantwild/extracted/plantwild/images/tomato yellow leaf curl virus/77.jpg,Tomato___Tomato_Yellow_Leaf_Curl_Virus,fit
plantwild/extracted/plantwild/images/tomato yellow leaf curl virus/google_0034 - Copy.jpg,Tomato___Tomato_Yellow_Leaf_Curl_Virus,fit
plantwild/extracted/plantwild/images/tomato yellow leaf curl virus/162.jpg,Tomato___Tomato_Yellow_Leaf_Curl_Virus,fit
plantwild/extracted/plantwild/images/tomato yellow leaf curl virus/19.jpg,Tomato___Tomato_Yellow_Leaf_Curl_Virus,fit
plantwild/extracted/plantwild/images/tomato yellow leaf curl virus/43 - Copy (2).jpg,Tomato___Tomato_Yellow_Leaf_Curl_Virus,fit
plantwild/extracted/plantwild/images/tomato yellow leaf curl virus/google_0049.jpg,Tomato___Tomato_Yellow_Leaf_Curl_Virus,fit
plantwild/extracted/plantwild/images/tomato yellow leaf curl virus/google_0111.jpg,Tomato___Tomato_Yellow_Leaf_Curl_Virus,fit
plantwild/extracted/plantwild/images/tomato yellow leaf curl virus/google_0173.jpg,Tomato___Tomato_Yellow_Leaf_Curl_Virus,fit
plantwild/extracted/plantwild/images/tomato yellow leaf curl virus/google_0064.jpg,Tomato___Tomato_Yellow_Leaf_Curl_Virus,fit
plantwild/extracted/plantwild/images/tomato yellow leaf curl virus/23.jpg,Tomato___Tomato_Yellow_Leaf_Curl_Virus,fit
plantwild/extracted/plantwild/images/tomato yellow leaf curl virus/google_0068.jpg,Tomato___Tomato_Yellow_Leaf_Curl_Virus,fit
plantwild/extracted/plantwild/images/tomato yellow leaf curl virus/google_0010.jpg,Tomato___Tomato_Yellow_Leaf_Curl_Virus,fit
plantwild/extracted/plantwild/images/tomato yellow leaf curl virus/78.jpg,Tomato___Tomato_Yellow_Leaf_Curl_Virus,fit
plantwild/extracted/plantwild/images/tomato yellow leaf curl virus/google_0074 - Copy.jpg,Tomato___Tomato_Yellow_Leaf_Curl_Virus,fit
plantwild/extracted/plantwild/images/tomato yellow leaf curl virus/80.jpg,Tomato___Tomato_Yellow_Leaf_Curl_Virus,fit
plantwild/extracted/plantwild/images/tomato yellow leaf curl virus/69.jpg,Tomato___Tomato_Yellow_Leaf_Curl_Virus,fit
plantwild/extracted/plantwild/images/tomato yellow leaf curl virus/google_0034 - Copy (3).jpg,Tomato___Tomato_Yellow_Leaf_Curl_Virus,fit
plantwild/extracted/plantwild/images/tomato yellow leaf curl virus/24.jpg,Tomato___Tomato_Yellow_Leaf_Curl_Virus,fit
plantwild/extracted/plantwild/images/tomato yellow leaf curl virus/google_0037.jpg,Tomato___Tomato_Yellow_Leaf_Curl_Virus,fit
plantwild/extracted/plantwild/images/tomato yellow leaf curl virus/google_0032.jpg,Tomato___Tomato_Yellow_Leaf_Curl_Virus,fit
plantwild/extracted/plantwild/images/tomato yellow leaf curl virus/google_0072.jpg,Tomato___Tomato_Yellow_Leaf_Curl_Virus,fit
plantwild/extracted/plantwild/images/tomato yellow leaf curl virus/22.jpg,Tomato___Tomato_Yellow_Leaf_Curl_Virus,fit
plantwild/extracted/plantwild/images/tomato yellow leaf curl virus/google_0110.jpg,Tomato___Tomato_Yellow_Leaf_Curl_Virus,fit
plantwild/extracted/plantwild/images/tomato yellow leaf curl virus/99.jpg,Tomato___Tomato_Yellow_Leaf_Curl_Virus,fit
plantwild/extracted/plantwild/images/tomato yellow leaf curl virus/27.jpg,Tomato___Tomato_Yellow_Leaf_Curl_Virus,fit
plantwild/extracted/plantwild/images/tomato yellow leaf curl virus/40.jpg,Tomato___Tomato_Yellow_Leaf_Curl_Virus,fit
plantwild/extracted/plantwild/images/tomato yellow leaf curl virus/7 - Copy.jpg,Tomato___Tomato_Yellow_Leaf_Curl_Virus,fit
plantwild/extracted/plantwild/images/tomato yellow leaf curl virus/49.jpg,Tomato___Tomato_Yellow_Leaf_Curl_Virus,fit
plantwild/extracted/plantwild/images/tomato yellow leaf curl virus/3.jpg,Tomato___Tomato_Yellow_Leaf_Curl_Virus,fit
plantwild/extracted/plantwild/images/tomato yellow leaf curl virus/8.jpg,Tomato___Tomato_Yellow_Leaf_Curl_Virus,fit
plantwild/extracted/plantwild/images/tomato yellow leaf curl virus/google_0171.jpg,Tomato___Tomato_Yellow_Leaf_Curl_Virus,fit
plantwild/extracted/plantwild/images/tomato yellow leaf curl virus/6.jpg,Tomato___Tomato_Yellow_Leaf_Curl_Virus,fit
plantwild/extracted/plantwild/images/tomato yellow leaf curl virus/google_0103.jpg,Tomato___Tomato_Yellow_Leaf_Curl_Virus,fit
plantwild/extracted/plantwild/images/tomato yellow leaf curl virus/google_0085.jpg,Tomato___Tomato_Yellow_Leaf_Curl_Virus,fit
plantwild/extracted/plantwild/images/tomato yellow leaf curl virus/google_0048.jpg,Tomato___Tomato_Yellow_Leaf_Curl_Virus,fit
plantwild/extracted/plantwild/images/tomato yellow leaf curl virus/42.jpg,Tomato___Tomato_Yellow_Leaf_Curl_Virus,fit
plantwild/extracted/plantwild/images/tomato yellow leaf curl virus/google_0034 - Copy (2).jpg,Tomato___Tomato_Yellow_Leaf_Curl_Virus,fit
plantwild/extracted/plantwild/images/tomato yellow leaf curl virus/google_0100.jpg,Tomato___Tomato_Yellow_Leaf_Curl_Virus,fit
plantwild/extracted/plantwild/images/tomato yellow leaf curl virus/google_0047.jpg,Tomato___Tomato_Yellow_Leaf_Curl_Virus,fit
plantwild/extracted/plantwild/images/tomato yellow leaf curl virus/google_0052 - Copy (2).jpg,Tomato___Tomato_Yellow_Leaf_Curl_Virus,fit
plantwild/extracted/plantwild/images/tomato yellow leaf curl virus/google_0092.jpg,Tomato___Tomato_Yellow_Leaf_Curl_Virus,fit
plantwild/extracted/plantwild/images/tomato yellow leaf curl virus/google_0138.jpg,Tomato___Tomato_Yellow_Leaf_Curl_Virus,fit
plantwild/extracted/plantwild/images/tomato yellow leaf curl virus/227.jpg,Tomato___Tomato_Yellow_Leaf_Curl_Virus,fit
plantwild/extracted/plantwild/images/tomato yellow leaf curl virus/google_0155.jpg,Tomato___Tomato_Yellow_Leaf_Curl_Virus,fit
plantwild/extracted/plantwild/images/tomato yellow leaf curl virus/google_0013.jpg,Tomato___Tomato_Yellow_Leaf_Curl_Virus,fit
plantwild/extracted/plantwild/images/tomato yellow leaf curl virus/google_0078.jpg,Tomato___Tomato_Yellow_Leaf_Curl_Virus,fit
plantwild/extracted/plantwild/images/tomato yellow leaf curl virus/21.jpg,Tomato___Tomato_Yellow_Leaf_Curl_Virus,fit
plantwild/extracted/plantwild/images/tomato yellow leaf curl virus/google_0066.jpg,Tomato___Tomato_Yellow_Leaf_Curl_Virus,fit
plantwild/extracted/plantwild/images/tomato yellow leaf curl virus/google_0000.jpg,Tomato___Tomato_Yellow_Leaf_Curl_Virus,fit
plantwild/extracted/plantwild/images/tomato yellow leaf curl virus/google_0087.jpg,Tomato___Tomato_Yellow_Leaf_Curl_Virus,fit
plantwild/extracted/plantwild/images/tomato yellow leaf curl virus/5.jpg,Tomato___Tomato_Yellow_Leaf_Curl_Virus,fit
plantwild/extracted/plantwild/images/tomato yellow leaf curl virus/43.jpg,Tomato___Tomato_Yellow_Leaf_Curl_Virus,fit
plantwild/extracted/plantwild/images/tomato yellow leaf curl virus/11.jpg,Tomato___Tomato_Yellow_Leaf_Curl_Virus,fit
plantwild/extracted/plantwild/images/tomato yellow leaf curl virus/google_0058.jpg,Tomato___Tomato_Yellow_Leaf_Curl_Virus,fit
plantwild/extracted/plantwild/images/tomato yellow leaf curl virus/37.jpg,Tomato___Tomato_Yellow_Leaf_Curl_Virus,fit
plantwild/extracted/plantwild/images/tomato yellow leaf curl virus/2.jpg,Tomato___Tomato_Yellow_Leaf_Curl_Virus,fit
plantwild/extracted/plantwild/images/tomato yellow leaf curl virus/149.jpg,Tomato___Tomato_Yellow_Leaf_Curl_Virus,fit
plantwild/extracted/plantwild/images/tomato yellow leaf curl virus/45.jpg,Tomato___Tomato_Yellow_Leaf_Curl_Virus,fit
plantwild/extracted/plantwild/images/tomato yellow leaf curl virus/google_0120.jpg,Tomato___Tomato_Yellow_Leaf_Curl_Virus,fit
plantwild/extracted/plantwild/images/tomato mosaic virus/google_0073.jpg,Tomato___Tomato_mosaic_virus,fit
plantwild/extracted/plantwild/images/tomato mosaic virus/google_0020.jpg,Tomato___Tomato_mosaic_virus,fit
plantwild/extracted/plantwild/images/tomato mosaic virus/168.jpg,Tomato___Tomato_mosaic_virus,fit
plantwild/extracted/plantwild/images/tomato mosaic virus/117.jpg,Tomato___Tomato_mosaic_virus,fit
plantwild/extracted/plantwild/images/tomato mosaic virus/10.jpg,Tomato___Tomato_mosaic_virus,fit
plantwild/extracted/plantwild/images/tomato mosaic virus/google_0136.jpg,Tomato___Tomato_mosaic_virus,fit
plantwild/extracted/plantwild/images/tomato mosaic virus/google_0001 - Copy.jpg,Tomato___Tomato_mosaic_virus,fit
plantwild/extracted/plantwild/images/tomato mosaic virus/7.jpg,Tomato___Tomato_mosaic_virus,fit
plantwild/extracted/plantwild/images/tomato mosaic virus/google_0017.jpg,Tomato___Tomato_mosaic_virus,fit
plantwild/extracted/plantwild/images/tomato mosaic virus/14.jpg,Tomato___Tomato_mosaic_virus,fit
plantwild/extracted/plantwild/images/tomato mosaic virus/google_0066 - Copy.jpg,Tomato___Tomato_mosaic_virus,fit
plantwild/extracted/plantwild/images/tomato mosaic virus/184.jpg,Tomato___Tomato_mosaic_virus,fit
plantwild/extracted/plantwild/images/tomato mosaic virus/209.jpg,Tomato___Tomato_mosaic_virus,fit
plantwild/extracted/plantwild/images/tomato mosaic virus/11.jpg,Tomato___Tomato_mosaic_virus,fit
plantwild/extracted/plantwild/images/tomato mosaic virus/79.jpg,Tomato___Tomato_mosaic_virus,fit
plantwild/extracted/plantwild/images/tomato mosaic virus/google_0079.jpg,Tomato___Tomato_mosaic_virus,fit
plantwild/extracted/plantwild/images/tomato mosaic virus/119.jpg,Tomato___Tomato_mosaic_virus,fit
plantwild/extracted/plantwild/images/tomato mosaic virus/google_0093.jpg,Tomato___Tomato_mosaic_virus,fit
plantwild/extracted/plantwild/images/tomato mosaic virus/google_0001 - Copy (3).jpg,Tomato___Tomato_mosaic_virus,fit
plantwild/extracted/plantwild/images/tomato mosaic virus/29.jpg,Tomato___Tomato_mosaic_virus,fit
plantwild/extracted/plantwild/images/tomato mosaic virus/152.jpg,Tomato___Tomato_mosaic_virus,fit
plantwild/extracted/plantwild/images/tomato mosaic virus/google_0052.jpg,Tomato___Tomato_mosaic_virus,fit
plantwild/extracted/plantwild/images/tomato mosaic virus/13.jpg,Tomato___Tomato_mosaic_virus,fit
plantwild/extracted/plantwild/images/tomato mosaic virus/google_0126.jpg,Tomato___Tomato_mosaic_virus,fit
plantwild/extracted/plantwild/images/tomato mosaic virus/218.jpg,Tomato___Tomato_mosaic_virus,fit
plantwild/extracted/plantwild/images/tomato mosaic virus/google_0228.jpg,Tomato___Tomato_mosaic_virus,fit
plantwild/extracted/plantwild/images/tomato mosaic virus/google_0107.jpg,Tomato___Tomato_mosaic_virus,fit
plantwild/extracted/plantwild/images/tomato mosaic virus/236.jpg,Tomato___Tomato_mosaic_virus,fit
plantwild/extracted/plantwild/images/tomato mosaic virus/19.jpg,Tomato___Tomato_mosaic_virus,fit
plantwild/extracted/plantwild/images/tomato mosaic virus/173.jpg,Tomato___Tomato_mosaic_virus,fit
plantwild/extracted/plantwild/images/tomato mosaic virus/google_0170.jpg,Tomato___Tomato_mosaic_virus,fit
plantwild/extracted/plantwild/images/tomato mosaic virus/33.jpg,Tomato___Tomato_mosaic_virus,fit
plantwild/extracted/plantwild/images/tomato mosaic virus/google_0070.jpg,Tomato___Tomato_mosaic_virus,fit
plantwild/extracted/plantwild/images/tomato mosaic virus/199.jpg,Tomato___Tomato_mosaic_virus,fit
plantwild/extracted/plantwild/images/tomato mosaic virus/194.jpg,Tomato___Tomato_mosaic_virus,fit
plantwild/extracted/plantwild/images/tomato mosaic virus/google_0063.jpg,Tomato___Tomato_mosaic_virus,fit
plantwild/extracted/plantwild/images/tomato mosaic virus/176.jpg,Tomato___Tomato_mosaic_virus,fit
plantwild/extracted/plantwild/images/tomato mosaic virus/google_0106.jpg,Tomato___Tomato_mosaic_virus,fit
plantwild/extracted/plantwild/images/tomato mosaic virus/112.jpg,Tomato___Tomato_mosaic_virus,fit
plantwild/extracted/plantwild/images/tomato mosaic virus/google_0085.jpg,Tomato___Tomato_mosaic_virus,fit
plantwild/extracted/plantwild/images/tomato mosaic virus/32.jpg,Tomato___Tomato_mosaic_virus,fit
plantwild/extracted/plantwild/images/tomato mosaic virus/158.jpg,Tomato___Tomato_mosaic_virus,fit
plantwild/extracted/plantwild/images/tomato mosaic virus/google_0051.jpg,Tomato___Tomato_mosaic_virus,fit
plantwild/extracted/plantwild/images/tomato mosaic virus/google_0019 - Copy.jpg,Tomato___Tomato_mosaic_virus,fit
plantwild/extracted/plantwild/images/tomato mosaic virus/245.jpg,Tomato___Tomato_mosaic_virus,fit
plantwild/extracted/plantwild/images/tomato mosaic virus/google_0005.jpg,Tomato___Tomato_mosaic_virus,fit
plantwild/extracted/plantwild/images/tomato mosaic virus/118.jpg,Tomato___Tomato_mosaic_virus,fit
plantwild/extracted/plantwild/images/tomato mosaic virus/38.jpg,Tomato___Tomato_mosaic_virus,fit
plantwild/extracted/plantwild/images/tomato mosaic virus/google_0164.jpg,Tomato___Tomato_mosaic_virus,fit
plantwild/extracted/plantwild/images/tomato mosaic virus/google_0001.jpg,Tomato___Tomato_mosaic_virus,fit
plantwild/extracted/plantwild/images/tomato mosaic virus/21.jpg,Tomato___Tomato_mosaic_virus,fit
plantwild/extracted/plantwild/images/tomato mosaic virus/4.jpg,Tomato___Tomato_mosaic_virus,fit
plantwild/extracted/plantwild/images/tomato mosaic virus/google_0131.jpg,Tomato___Tomato_mosaic_virus,fit
plantwild/extracted/plantwild/images/tomato mosaic virus/228.jpg,Tomato___Tomato_mosaic_virus,fit
plantwild/extracted/plantwild/images/tomato mosaic virus/237.jpg,Tomato___Tomato_mosaic_virus,fit
plantwild/extracted/plantwild/images/tomato mosaic virus/google_0019.jpg,Tomato___Tomato_mosaic_virus,fit
plantwild/extracted/plantwild/images/tomato mosaic virus/google_0194.jpg,Tomato___Tomato_mosaic_virus,fit
plantwild/extracted/plantwild/images/tomato mosaic virus/58.jpg,Tomato___Tomato_mosaic_virus,fit
plantwild/extracted/plantwild/images/tomato mosaic virus/41.jpg,Tomato___Tomato_mosaic_virus,fit
plantwild/extracted/plantwild/images/tomato mosaic virus/google_0238.jpg,Tomato___Tomato_mosaic_virus,fit
plantwild/extracted/plantwild/images/tomato mosaic virus/google_0089.jpg,Tomato___Tomato_mosaic_virus,fit
plantwild/extracted/plantwild/images/tomato mosaic virus/google_0142.jpg,Tomato___Tomato_mosaic_virus,fit
plantwild/extracted/plantwild/images/tomato mosaic virus/google_0140.jpg,Tomato___Tomato_mosaic_virus,fit
plantwild/extracted/plantwild/images/tomato mosaic virus/179.jpg,Tomato___Tomato_mosaic_virus,fit
plantwild/extracted/plantwild/images/tomato mosaic virus/google_0200 - Copy.jpg,Tomato___Tomato_mosaic_virus,fit
plantwild/extracted/plantwild/images/tomato mosaic virus/15.jpg,Tomato___Tomato_mosaic_virus,fit
plantwild/extracted/plantwild/images/tomato mosaic virus/147.jpg,Tomato___Tomato_mosaic_virus,fit
plantwild/extracted/plantwild/images/tomato mosaic virus/1.jpg,Tomato___Tomato_mosaic_virus,fit
plantwild/extracted/plantwild/images/tomato mosaic virus/143.jpg,Tomato___Tomato_mosaic_virus,fit
plantwild/extracted/plantwild/images/tomato mosaic virus/google_0045.jpg,Tomato___Tomato_mosaic_virus,fit
plantwild/extracted/plantwild/images/tomato mosaic virus/132.jpg,Tomato___Tomato_mosaic_virus,fit
plantwild/extracted/plantwild/images/tomato mosaic virus/google_0066.jpg,Tomato___Tomato_mosaic_virus,fit
plantwild/extracted/plantwild/images/tomato mosaic virus/233.jpg,Tomato___Tomato_mosaic_virus,fit
plantwild/extracted/plantwild/images/tomato mosaic virus/google_0084.jpg,Tomato___Tomato_mosaic_virus,fit
plantwild/extracted/plantwild/images/tomato mosaic virus/2.jpg,Tomato___Tomato_mosaic_virus,fit
plantwild/extracted/plantwild/images/tomato mosaic virus/google_0193.jpg,Tomato___Tomato_mosaic_virus,fit
plantwild/extracted/plantwild/images/tomato mosaic virus/55.jpg,Tomato___Tomato_mosaic_virus,fit
plantwild/extracted/plantwild/images/tomato mosaic virus/google_0018 - Copy.jpg,Tomato___Tomato_mosaic_virus,fit
plantwild/extracted/plantwild/images/tomato mosaic virus/google_0053.jpg,Tomato___Tomato_mosaic_virus,fit
plantwild/extracted/plantwild/images/tomato mosaic virus/182.jpg,Tomato___Tomato_mosaic_virus,fit
plantwild/extracted/plantwild/images/tomato mosaic virus/google_0001 - Copy (2).jpg,Tomato___Tomato_mosaic_virus,fit
plantwild/extracted/plantwild/images/tomato mosaic virus/212.jpg,Tomato___Tomato_mosaic_virus,fit
plantwild/extracted/plantwild/images/tomato mosaic virus/google_0200 - Copy (2).jpg,Tomato___Tomato_mosaic_virus,fit
plantwild/extracted/plantwild/images/tomato mosaic virus/google_0042.jpg,Tomato___Tomato_mosaic_virus,fit
plantwild/extracted/plantwild/images/tomato mosaic virus/google_0044.jpg,Tomato___Tomato_mosaic_virus,fit
plantwild/extracted/plantwild/images/tomato mosaic virus/google_0095.jpg,Tomato___Tomato_mosaic_virus,fit
plantwild/extracted/plantwild/images/tomato mosaic virus/30.jpg,Tomato___Tomato_mosaic_virus,fit
plantwild/extracted/plantwild/images/tomato mosaic virus/google_0046.jpg,Tomato___Tomato_mosaic_virus,fit
plantwild/extracted/plantwild/images/tomato mosaic virus/139.jpg,Tomato___Tomato_mosaic_virus,fit
plantwild/extracted/plantwild/images/tomato mosaic virus/230.jpg,Tomato___Tomato_mosaic_virus,fit
plantwild/extracted/plantwild/images/tomato mosaic virus/28.jpg,Tomato___Tomato_mosaic_virus,fit
plantwild/extracted/plantwild/images/tomato mosaic virus/google_0037 - Copy.jpg,Tomato___Tomato_mosaic_virus,fit
plantwild/extracted/plantwild/images/tomato mosaic virus/google_0132.jpg,Tomato___Tomato_mosaic_virus,fit
plantwild/extracted/plantwild/images/tomato mosaic virus/google_0155.jpg,Tomato___Tomato_mosaic_virus,fit
plantwild/extracted/plantwild/images/tomato mosaic virus/google_0190.jpg,Tomato___Tomato_mosaic_virus,fit
plantwild/extracted/plantwild/images/tomato mosaic virus/google_0021 - Copy.jpg,Tomato___Tomato_mosaic_virus,fit
plantwild/extracted/plantwild/images/tomato mosaic virus/google_0016.jpg,Tomato___Tomato_mosaic_virus,fit
plantwild/extracted/plantwild/images/tomato mosaic virus/25.jpg,Tomato___Tomato_mosaic_virus,fit
plantwild/extracted/plantwild/images/tomato mosaic virus/google_0018 - Copy (2).jpg,Tomato___Tomato_mosaic_virus,fit
plantwild/extracted/plantwild/images/tomato mosaic virus/google_0053 - Copy (2).jpg,Tomato___Tomato_mosaic_virus,fit
plantwild/extracted/plantwild/images/tomato mosaic virus/google_0008.jpg,Tomato___Tomato_mosaic_virus,fit
plantwild/extracted/plantwild/images/tomato mosaic virus/google_0083.jpg,Tomato___Tomato_mosaic_virus,fit
plantwild/extracted/plantwild/images/tomato mosaic virus/212 - Copy.jpg,Tomato___Tomato_mosaic_virus,fit
plantwild/extracted/plantwild/images/tomato mosaic virus/google_0022.jpg,Tomato___Tomato_mosaic_virus,fit
plantwild/extracted/plantwild/images/tomato mosaic virus/59.jpg,Tomato___Tomato_mosaic_virus,fit
plantwild/extracted/plantwild/images/tomato mosaic virus/google_0011.jpg,Tomato___Tomato_mosaic_virus,fit
plantwild/extracted/plantwild/images/tomato mosaic virus/google_0049.jpg,Tomato___Tomato_mosaic_virus,fit
plantwild/extracted/plantwild/images/tomato mosaic virus/google_0053 - Copy.jpg,Tomato___Tomato_mosaic_virus,fit
plantwild/extracted/plantwild/images/tomato mosaic virus/127.jpg,Tomato___Tomato_mosaic_virus,fit
plantwild/extracted/plantwild/images/tomato mosaic virus/200.jpg,Tomato___Tomato_mosaic_virus,fit
plantwild/extracted/plantwild/images/tomato mosaic virus/23.jpg,Tomato___Tomato_mosaic_virus,fit
plantwild/extracted/plantwild/images/tomato mosaic virus/google_0117.jpg,Tomato___Tomato_mosaic_virus,fit
plantwild/extracted/plantwild/images/tomato mosaic virus/251.jpg,Tomato___Tomato_mosaic_virus,fit
plantwild/extracted/plantwild/images/tomato mosaic virus/17.jpg,Tomato___Tomato_mosaic_virus,fit
plantwild/extracted/plantwild/images/tomato mosaic virus/google_0098.jpg,Tomato___Tomato_mosaic_virus,fit
plantwild/extracted/plantwild/images/tomato mosaic virus/169.jpg,Tomato___Tomato_mosaic_virus,fit
plantwild/extracted/plantwild/images/tomato mosaic virus/206.jpg,Tomato___Tomato_mosaic_virus,fit
plantwild/extracted/plantwild/images/tomato mosaic virus/3.jpg,Tomato___Tomato_mosaic_virus,fit
plantwild/extracted/plantwild/images/tomato mosaic virus/205.jpg,Tomato___Tomato_mosaic_virus,fit
plantwild/extracted/plantwild/images/tomato mosaic virus/google_0157.jpg,Tomato___Tomato_mosaic_virus,fit
plantwild/extracted/plantwild/images/tomato mosaic virus/249.jpg,Tomato___Tomato_mosaic_virus,fit
plantwild/extracted/plantwild/images/tomato mosaic virus/18.jpg,Tomato___Tomato_mosaic_virus,fit
plantwild/extracted/plantwild/images/tomato mosaic virus/google_0008 - Copy.jpg,Tomato___Tomato_mosaic_virus,fit
plantwild/extracted/plantwild/images/tomato mosaic virus/129.jpg,Tomato___Tomato_mosaic_virus,fit
plantwild/extracted/plantwild/images/tomato mosaic virus/google_0076.jpg,Tomato___Tomato_mosaic_virus,fit
plantwild/extracted/plantwild/images/tomato mosaic virus/259.jpg,Tomato___Tomato_mosaic_virus,fit
plantwild/extracted/plantwild/images/tomato mosaic virus/188.jpg,Tomato___Tomato_mosaic_virus,fit
plantwild/extracted/plantwild/images/tomato mosaic virus/google_0199.jpg,Tomato___Tomato_mosaic_virus,fit
plantwild/extracted/plantwild/images/tomato mosaic virus/google_0009.jpg,Tomato___Tomato_mosaic_virus,fit
plantwild/extracted/plantwild/images/tomato mosaic virus/16.jpg,Tomato___Tomato_mosaic_virus,fit
plantwild/extracted/plantwild/images/tomato mosaic virus/google_0050.jpg,Tomato___Tomato_mosaic_virus,fit
plantwild/extracted/plantwild/images/tomato mosaic virus/170.jpg,Tomato___Tomato_mosaic_virus,fit
plantwild/extracted/plantwild/images/tomato leaf/55.jpg,Tomato___healthy,fit
plantwild/extracted/plantwild/images/tomato leaf/92.jpg,Tomato___healthy,fit
plantwild/extracted/plantwild/images/tomato leaf/96.jpg,Tomato___healthy,fit
plantwild/extracted/plantwild/images/tomato leaf/google_0428.jpg,Tomato___healthy,fit
plantwild/extracted/plantwild/images/tomato leaf/48.jpg,Tomato___healthy,fit
plantwild/extracted/plantwild/images/tomato leaf/90.jpg,Tomato___healthy,fit
plantwild/extracted/plantwild/images/tomato leaf/108.jpg,Tomato___healthy,fit
plantwild/extracted/plantwild/images/tomato leaf/google_0009.jpg,Tomato___healthy,fit
plantwild/extracted/plantwild/images/tomato leaf/37.jpg,Tomato___healthy,fit
plantwild/extracted/plantwild/images/tomato leaf/google_0421.jpg,Tomato___healthy,fit
plantwild/extracted/plantwild/images/tomato leaf/56.jpg,Tomato___healthy,fit
plantwild/extracted/plantwild/images/tomato leaf/50.jpg,Tomato___healthy,fit
plantwild/extracted/plantwild/images/tomato leaf/51.jpg,Tomato___healthy,fit
plantwild/extracted/plantwild/images/tomato leaf/google_0239.jpg,Tomato___healthy,fit
plantwild/extracted/plantwild/images/tomato leaf/59.jpg,Tomato___healthy,fit
plantwild/extracted/plantwild/images/tomato leaf/google_0204.jpg,Tomato___healthy,fit
plantwild/extracted/plantwild/images/tomato leaf/google_0438.jpg,Tomato___healthy,fit
plantwild/extracted/plantwild/images/tomato leaf/google_0481.jpg,Tomato___healthy,fit
plantwild/extracted/plantwild/images/tomato leaf/12.jpg,Tomato___healthy,fit
plantwild/extracted/plantwild/images/tomato leaf/google_0029.jpg,Tomato___healthy,fit
plantwild/extracted/plantwild/images/tomato leaf/67.jpg,Tomato___healthy,fit
plantwild/extracted/plantwild/images/tomato leaf/google_0383.jpg,Tomato___healthy,fit
plantwild/extracted/plantwild/images/tomato leaf/97.jpg,Tomato___healthy,fit
plantwild/extracted/plantwild/images/tomato leaf/google_0155.jpg,Tomato___healthy,fit
plantwild/extracted/plantwild/images/tomato leaf/105.jpg,Tomato___healthy,fit
plantwild/extracted/plantwild/images/tomato leaf/google_0137.jpg,Tomato___healthy,fit
plantwild/extracted/plantwild/images/tomato leaf/google_0346.jpg,Tomato___healthy,fit
plantwild/extracted/plantwild/images/tomato leaf/40.jpg,Tomato___healthy,fit
plantwild/extracted/plantwild/images/tomato leaf/73.jpg,Tomato___healthy,fit
plantwild/extracted/plantwild/images/tomato leaf/2.jpg,Tomato___healthy,fit
plantwild/extracted/plantwild/images/tomato leaf/82.jpg,Tomato___healthy,fit
plantwild/extracted/plantwild/images/tomato leaf/1.jpg,Tomato___healthy,fit
plantwild/extracted/plantwild/images/tomato leaf/google_0006.jpg,Tomato___healthy,fit
plantwild/extracted/plantwild/images/tomato leaf/137.jpg,Tomato___healthy,fit
plantwild/extracted/plantwild/images/tomato leaf/32.jpg,Tomato___healthy,fit
plantwild/extracted/plantwild/images/tomato leaf/77.jpg,Tomato___healthy,fit
plantwild/extracted/plantwild/images/tomato leaf/138.jpg,Tomato___healthy,fit
plantwild/extracted/plantwild/images/tomato leaf/google_0289.jpg,Tomato___healthy,fit
plantwild/extracted/plantwild/images/tomato leaf/google_0448.jpg,Tomato___healthy,fit
plantwild/extracted/plantwild/images/tomato leaf/151.jpg,Tomato___healthy,fit
plantwild/extracted/plantwild/images/tomato leaf/25.jpg,Tomato___healthy,fit
plantwild/extracted/plantwild/images/tomato leaf/google_0063.jpg,Tomato___healthy,fit
plantwild/extracted/plantwild/images/tomato leaf/4.jpg,Tomato___healthy,fit
plantwild/extracted/plantwild/images/tomato leaf/7.jpg,Tomato___healthy,fit
plantwild/extracted/plantwild/images/tomato leaf/google_0575.jpg,Tomato___healthy,fit
plantwild/extracted/plantwild/images/tomato leaf/google_0240.jpg,Tomato___healthy,fit
plantwild/extracted/plantwild/images/tomato leaf/143.jpg,Tomato___healthy,fit
plantwild/extracted/plantwild/images/tomato leaf/29.jpg,Tomato___healthy,fit
plantwild/extracted/plantwild/images/tomato leaf/27.jpg,Tomato___healthy,fit
plantwild/extracted/plantwild/images/tomato leaf/16.jpg,Tomato___healthy,fit
plantwild/extracted/plantwild/images/tomato leaf/google_0521.jpg,Tomato___healthy,fit
plantwild/extracted/plantwild/images/tomato leaf/28.jpg,Tomato___healthy,fit
plantwild/extracted/plantwild/images/tomato leaf/google_0593.jpg,Tomato___healthy,fit
plantwild/extracted/plantwild/images/tomato leaf/google_0279.jpg,Tomato___healthy,fit
plantwild/extracted/plantwild/images/tomato leaf/google_0260.jpg,Tomato___healthy,fit
plantwild/extracted/plantwild/images/tomato leaf/45.jpg,Tomato___healthy,fit
plantwild/extracted/plantwild/images/tomato leaf/google_0431.jpg,Tomato___healthy,fit
plantwild/extracted/plantwild/images/tomato leaf/google_0598.jpg,Tomato___healthy,fit
plantwild/extracted/plantwild/images/tomato leaf/google_0477.jpg,Tomato___healthy,fit
plantwild/extracted/plantwild/images/tomato leaf/150.jpg,Tomato___healthy,fit
plantwild/extracted/plantwild/images/tomato leaf/google_0364.jpg,Tomato___healthy,fit
plantwild/extracted/plantwild/images/tomato leaf/88.jpg,Tomato___healthy,fit
plantwild/extracted/plantwild/images/tomato leaf/google_0253.jpg,Tomato___healthy,fit
plantwild/extracted/plantwild/images/tomato leaf/google_0349.jpg,Tomato___healthy,fit
plantwild/extracted/plantwild/images/tomato leaf/google_0335.jpg,Tomato___healthy,fit
plantwild/extracted/plantwild/images/tomato leaf/41.jpg,Tomato___healthy,fit
plantwild/extracted/plantwild/images/tomato leaf/9.jpg,Tomato___healthy,fit
plantwild/extracted/plantwild/images/tomato leaf/google_0266.jpg,Tomato___healthy,fit
plantwild/extracted/plantwild/images/tomato leaf/google_0000.jpg,Tomato___healthy,fit
plantwild/extracted/plantwild/images/tomato leaf/80.jpg,Tomato___healthy,fit
plantwild/extracted/plantwild/images/tomato leaf/35.jpg,Tomato___healthy,fit
plantwild/extracted/plantwild/images/tomato leaf/18.jpg,Tomato___healthy,fit
plantwild/extracted/plantwild/images/tomato leaf/google_0445.jpg,Tomato___healthy,fit
plantwild/extracted/plantwild/images/tomato leaf/google_0013.jpg,Tomato___healthy,fit
plantwild/extracted/plantwild/images/tomato leaf/26.jpg,Tomato___healthy,fit
plantwild/extracted/plantwild/images/tomato leaf/google_0443.jpg,Tomato___healthy,fit
plantwild/extracted/plantwild/images/tomato leaf/38.jpg,Tomato___healthy,fit
plantwild/extracted/plantwild/images/tomato leaf/46.jpg,Tomato___healthy,fit
plantwild/extracted/plantwild/images/tomato leaf/75.jpg,Tomato___healthy,fit
plantwild/extracted/plantwild/images/tomato leaf/69.jpg,Tomato___healthy,fit
plantwild/extracted/plantwild/images/tomato leaf/google_0017.jpg,Tomato___healthy,fit
plantwild/extracted/plantwild/images/tomato leaf/google_0571.jpg,Tomato___healthy,fit
plantwild/extracted/plantwild/images/tomato leaf/google_0320.jpg,Tomato___healthy,fit
plantwild/extracted/plantwild/images/tomato leaf/31.jpg,Tomato___healthy,fit
plantwild/extracted/plantwild/images/tomato leaf/google_0333.jpg,Tomato___healthy,fit
plantwild/extracted/plantwild/images/tomato leaf/152.jpg,Tomato___healthy,fit
plantwild/extracted/plantwild/images/tomato leaf/google_0490.jpg,Tomato___healthy,fit
plantwild/extracted/plantwild/images/tomato leaf/68.jpg,Tomato___healthy,fit
plantwild/extracted/plantwild/images/tomato leaf/43.jpg,Tomato___healthy,fit
plantwild/extracted/plantwild/images/tomato leaf/google_0594.jpg,Tomato___healthy,fit
plantwild/extracted/plantwild/images/tomato leaf/google_0461.jpg,Tomato___healthy,fit
plantwild/extracted/plantwild/images/tomato leaf/36.jpg,Tomato___healthy,fit
plantwild/extracted/plantwild/images/tomato leaf/39.jpg,Tomato___healthy,fit
plantwild/extracted/plantwild/images/tomato leaf/5.jpg,Tomato___healthy,fit
plantwild/extracted/plantwild/images/tomato leaf/google_0008.jpg,Tomato___healthy,fit
plantwild/extracted/plantwild/images/tomato leaf/62.jpg,Tomato___healthy,fit
plantwild/extracted/plantwild/images/tomato leaf/144.jpg,Tomato___healthy,fit
plantwild/extracted/plantwild/images/tomato leaf/136.jpg,Tomato___healthy,fit
plantwild/extracted/plantwild/images/tomato leaf/google_0460.jpg,Tomato___healthy,fit
plantwild/extracted/plantwild/images/tomato leaf/google_0631.jpg,Tomato___healthy,fit
plantwild/extracted/plantwild/images/tomato leaf/53.jpg,Tomato___healthy,fit
plantwild/extracted/plantwild/images/tomato leaf/15.jpg,Tomato___healthy,fit
plantwild/extracted/plantwild/images/tomato leaf/google_0577.jpg,Tomato___healthy,fit
plantwild/extracted/plantwild/images/tomato leaf/19.jpg,Tomato___healthy,fit
plantwild/extracted/plantwild/images/tomato leaf/79.jpg,Tomato___healthy,fit
plantwild/extracted/plantwild/images/tomato leaf/93.jpg,Tomato___healthy,fit
plantwild/extracted/plantwild/images/tomato leaf/21.jpg,Tomato___healthy,fit
plantwild/extracted/plantwild/images/tomato leaf/google_0550.jpg,Tomato___healthy,fit
plantwild/extracted/plantwild/images/tomato leaf/98.jpg,Tomato___healthy,fit
plantwild/extracted/plantwild/images/tomato leaf/google_0468.jpg,Tomato___healthy,fit
plantwild/extracted/plantwild/images/tomato leaf/google_0469.jpg,Tomato___healthy,fit
plantwild/extracted/plantwild/images/tomato leaf/google_0612.jpg,Tomato___healthy,fit
plantwild/extracted/plantwild/images/tomato leaf/google_0435.jpg,Tomato___healthy,fit
plantwild/extracted/plantwild/images/tomato leaf/google_0019.jpg,Tomato___healthy,fit
plantwild/extracted/plantwild/images/tomato leaf/google_0208.jpg,Tomato___healthy,fit
plantwild/extracted/plantwild/images/tomato leaf/google_0635.jpg,Tomato___healthy,fit
plantwild/extracted/plantwild/images/tomato leaf/google_0201.jpg,Tomato___healthy,fit
plantwild/extracted/plantwild/images/tomato leaf/140.jpg,Tomato___healthy,fit
plantwild/extracted/plantwild/images/tomato leaf/google_0542.jpg,Tomato___healthy,fit
plantwild/extracted/plantwild/images/tomato leaf/google_0452.jpg,Tomato___healthy,fit
plantwild/extracted/plantwild/images/tomato leaf/google_0071.jpg,Tomato___healthy,fit
plantwild/extracted/plantwild/images/tomato leaf/google_0005.jpg,Tomato___healthy,fit
plantwild/extracted/plantwild/images/tomato leaf/google_0355.jpg,Tomato___healthy,fit
plantwild/extracted/plantwild/images/tomato leaf/google_0584.jpg,Tomato___healthy,fit
plantwild/extracted/plantwild/images/tomato leaf/64.jpg,Tomato___healthy,fit
plantwild/extracted/plantwild/images/tomato leaf/142.jpg,Tomato___healthy,fit
plantwild/extracted/plantwild/images/tomato leaf/google_0104.jpg,Tomato___healthy,fit
plantwild/extracted/plantwild/images/tomato leaf/google_0340.jpg,Tomato___healthy,fit
plantwild/extracted/plantwild/images/tomato leaf/google_0297.jpg,Tomato___healthy,fit
plantwild/extracted/plantwild/images/tomato leaf/20.jpg,Tomato___healthy,fit
plantwild/extracted/plantwild/images/tomato leaf/google_0589.jpg,Tomato___healthy,fit
plantwild/extracted/plantwild/images/tomato leaf/google_0607.jpg,Tomato___healthy,fit
plantwild/extracted/plantwild/images/tomato leaf/6.jpg,Tomato___healthy,fit
plantwild/extracted/plantwild/images/tomato leaf/110.jpg,Tomato___healthy,fit
plantwild/extracted/plantwild/images/tomato leaf/google_0207.jpg,Tomato___healthy,fit
plantwild/extracted/plantwild/images/tomato leaf/google_0275.jpg,Tomato___healthy,fit
plantwild/extracted/plantwild/images/tomato leaf/30.jpg,Tomato___healthy,fit
plantwild/extracted/plantwild/images/tomato leaf/google_0025.jpg,Tomato___healthy,fit
plantwild/extracted/plantwild/images/tomato leaf/141.jpg,Tomato___healthy,fit
plantwild/extracted/plantwild/images/tomato leaf/52.jpg,Tomato___healthy,fit
plantwild/extracted/plantwild/images/tomato leaf/63.jpg,Tomato___healthy,fit
plantwild/extracted/plantwild/images/tomato leaf/google_0405.jpg,Tomato___healthy,fit
plantwild/extracted/plantwild/images/tomato leaf/3.jpg,Tomato___healthy,fit
plantwild/extracted/plantwild/images/tomato leaf/60.jpg,Tomato___healthy,fit
plantwild/extracted/plantwild/images/tomato leaf/61.jpg,Tomato___healthy,fit
plantwild/extracted/plantwild/images/tomato leaf/google_0471.jpg,Tomato___healthy,fit
plantwild/extracted/plantwild/images/tomato leaf/google_0003.jpg,Tomato___healthy,fit
plantwild/extracted/plantwild/images/tomato leaf/72.jpg,Tomato___healthy,fit
plantwild/extracted/plantwild/images/tomato leaf/google_0215.jpg,Tomato___healthy,fit
plantwild/extracted/plantwild/images/tomato leaf/google_0258.jpg,Tomato___healthy,fit
plantwild/extracted/plantwild/images/tomato leaf/google_0106.jpg,Tomato___healthy,fit
plantwild/extracted/plantwild/images/tomato leaf/google_0503.jpg,Tomato___healthy,fit
plantwild/extracted/plantwild/images/tomato leaf/google_0302.jpg,Tomato___healthy,fit
plantwild/extracted/plantwild/images/tomato leaf/104.jpg,Tomato___healthy,fit
plantwild/extracted/plantwild/images/tomato leaf/google_0152.jpg,Tomato___healthy,fit
plantwild/extracted/plantwild/images/tomato leaf/76.jpg,Tomato___healthy,fit
plantwild/extracted/plantwild/images/tomato leaf/14.jpg,Tomato___healthy,fit
plantwild/extracted/plantwild/images/tomato leaf/google_0310.jpg,Tomato___healthy,fit
plantwild/extracted/plantwild/images/apple scab/google_0072.jpg,Apple___Apple_scab,val
plantwild/extracted/plantwild/images/apple scab/49.jpg,Apple___Apple_scab,val
plantwild/extracted/plantwild/images/apple scab/google_0238.jpg,Apple___Apple_scab,val
plantwild/extracted/plantwild/images/apple scab/google_0106.jpg,Apple___Apple_scab,val
plantwild/extracted/plantwild/images/apple scab/25.jpg,Apple___Apple_scab,val
plantwild/extracted/plantwild/images/apple scab/google_0118.jpg,Apple___Apple_scab,val
plantwild/extracted/plantwild/images/apple scab/google_0294.jpg,Apple___Apple_scab,val
plantwild/extracted/plantwild/images/apple scab/google_0137.jpg,Apple___Apple_scab,val
plantwild/extracted/plantwild/images/apple scab/72.jpg,Apple___Apple_scab,val
plantwild/extracted/plantwild/images/apple scab/google_0125.jpg,Apple___Apple_scab,val
plantwild/extracted/plantwild/images/apple scab/59.jpg,Apple___Apple_scab,val
plantwild/extracted/plantwild/images/apple scab/google_0011.jpg,Apple___Apple_scab,val
plantwild/extracted/plantwild/images/apple scab/google_0015.jpg,Apple___Apple_scab,val
plantwild/extracted/plantwild/images/apple scab/47.jpg,Apple___Apple_scab,val
plantwild/extracted/plantwild/images/apple scab/google_0014.jpg,Apple___Apple_scab,val
plantwild/extracted/plantwild/images/apple scab/google_0194.jpg,Apple___Apple_scab,val
plantwild/extracted/plantwild/images/apple scab/google_0114.jpg,Apple___Apple_scab,val
plantwild/extracted/plantwild/images/apple scab/google_0042.jpg,Apple___Apple_scab,val
plantwild/extracted/plantwild/images/apple scab/google_0325.jpg,Apple___Apple_scab,val
plantwild/extracted/plantwild/images/apple scab/google_0018.jpg,Apple___Apple_scab,val
plantwild/extracted/plantwild/images/apple scab/32.jpg,Apple___Apple_scab,val
plantwild/extracted/plantwild/images/apple scab/google_0205.jpg,Apple___Apple_scab,val
plantwild/extracted/plantwild/images/apple scab/64.jpg,Apple___Apple_scab,val
plantwild/extracted/plantwild/images/apple scab/google_0201.jpg,Apple___Apple_scab,val
plantwild/extracted/plantwild/images/apple scab/google_0253.jpg,Apple___Apple_scab,val
plantwild/extracted/plantwild/images/apple scab/80.jpg,Apple___Apple_scab,val
plantwild/extracted/plantwild/images/apple scab/google_0165.jpg,Apple___Apple_scab,val
plantwild/extracted/plantwild/images/apple scab/63.jpg,Apple___Apple_scab,val
plantwild/extracted/plantwild/images/apple scab/google_0123.jpg,Apple___Apple_scab,val
plantwild/extracted/plantwild/images/apple black rot/google_0065.jpg,Apple___Black_rot,val
plantwild/extracted/plantwild/images/apple black rot/google_0147.jpg,Apple___Black_rot,val
plantwild/extracted/plantwild/images/apple black rot/62.jpg,Apple___Black_rot,val
plantwild/extracted/plantwild/images/apple black rot/34.jpg,Apple___Black_rot,val
plantwild/extracted/plantwild/images/apple black rot/google_0011.jpg,Apple___Black_rot,val
plantwild/extracted/plantwild/images/apple black rot/google_0014.jpg,Apple___Black_rot,val
plantwild/extracted/plantwild/images/apple black rot/211.jpg,Apple___Black_rot,val
plantwild/extracted/plantwild/images/apple black rot/google_0039.jpg,Apple___Black_rot,val
plantwild/extracted/plantwild/images/apple black rot/google_0188.jpg,Apple___Black_rot,val
plantwild/extracted/plantwild/images/apple black rot/68.jpg,Apple___Black_rot,val
plantwild/extracted/plantwild/images/apple black rot/google_0093.jpg,Apple___Black_rot,val
plantwild/extracted/plantwild/images/apple black rot/53.jpg,Apple___Black_rot,val
plantwild/extracted/plantwild/images/apple black rot/73.jpg,Apple___Black_rot,val
plantwild/extracted/plantwild/images/apple black rot/google_0154.jpg,Apple___Black_rot,val
plantwild/extracted/plantwild/images/apple black rot/google_0092.jpg,Apple___Black_rot,val
plantwild/extracted/plantwild/images/apple black rot/google_0049.jpg,Apple___Black_rot,val
plantwild/extracted/plantwild/images/apple black rot/google_0131.jpg,Apple___Black_rot,val
plantwild/extracted/plantwild/images/apple rust/26 - Copy (3).jpg,Apple___Cedar_apple_rust,val
plantwild/extracted/plantwild/images/apple rust/114.jpg,Apple___Cedar_apple_rust,val
plantwild/extracted/plantwild/images/apple rust/107.jpg,Apple___Cedar_apple_rust,val
plantwild/extracted/plantwild/images/apple rust/156.jpg,Apple___Cedar_apple_rust,val
plantwild/extracted/plantwild/images/apple rust/182.jpg,Apple___Cedar_apple_rust,val
plantwild/extracted/plantwild/images/apple rust/google_0191.jpg,Apple___Cedar_apple_rust,val
plantwild/extracted/plantwild/images/apple rust/21.jpg,Apple___Cedar_apple_rust,val
plantwild/extracted/plantwild/images/apple rust/44.jpg,Apple___Cedar_apple_rust,val
plantwild/extracted/plantwild/images/apple rust/google_0158.jpg,Apple___Cedar_apple_rust,val
plantwild/extracted/plantwild/images/apple rust/24.jpg,Apple___Cedar_apple_rust,val
plantwild/extracted/plantwild/images/apple rust/google_0088.jpg,Apple___Cedar_apple_rust,val
plantwild/extracted/plantwild/images/apple rust/google_0194.jpg,Apple___Cedar_apple_rust,val
plantwild/extracted/plantwild/images/apple rust/14 - Copy.jpg,Apple___Cedar_apple_rust,val
plantwild/extracted/plantwild/images/apple rust/5.jpg,Apple___Cedar_apple_rust,val
plantwild/extracted/plantwild/images/apple rust/google_0195.jpg,Apple___Cedar_apple_rust,val
plantwild/extracted/plantwild/images/apple rust/google_0052.jpg,Apple___Cedar_apple_rust,val
plantwild/extracted/plantwild/images/apple rust/google_0207.jpg,Apple___Cedar_apple_rust,val
plantwild/extracted/plantwild/images/apple rust/google_0010.jpg,Apple___Cedar_apple_rust,val
plantwild/extracted/plantwild/images/apple rust/35.jpg,Apple___Cedar_apple_rust,val
plantwild/extracted/plantwild/images/apple rust/137.jpg,Apple___Cedar_apple_rust,val
plantwild/extracted/plantwild/images/apple rust/google_0058.jpg,Apple___Cedar_apple_rust,val
plantwild/extracted/plantwild/images/apple rust/17.jpg,Apple___Cedar_apple_rust,val
plantwild/extracted/plantwild/images/apple rust/google_0083.jpg,Apple___Cedar_apple_rust,val
plantwild/extracted/plantwild/images/apple rust/google_0152.jpg,Apple___Cedar_apple_rust,val
plantwild/extracted/plantwild/images/apple rust/google_0138.jpg,Apple___Cedar_apple_rust,val
plantwild/extracted/plantwild/images/apple rust/google_0103.jpg,Apple___Cedar_apple_rust,val
plantwild/extracted/plantwild/images/apple rust/98.jpg,Apple___Cedar_apple_rust,val
plantwild/extracted/plantwild/images/apple rust/google_0213.jpg,Apple___Cedar_apple_rust,val
plantwild/extracted/plantwild/images/apple rust/2.jpg,Apple___Cedar_apple_rust,val
plantwild/extracted/plantwild/images/apple rust/google_0064.jpg,Apple___Cedar_apple_rust,val
plantwild/extracted/plantwild/images/apple rust/google_0160.jpg,Apple___Cedar_apple_rust,val
plantwild/extracted/plantwild/images/apple leaf/137.jpg,Apple___healthy,val
plantwild/extracted/plantwild/images/apple leaf/161.jpg,Apple___healthy,val
plantwild/extracted/plantwild/images/apple leaf/49.jpg,Apple___healthy,val
plantwild/extracted/plantwild/images/apple leaf/234.jpg,Apple___healthy,val
plantwild/extracted/plantwild/images/apple leaf/130.jpg,Apple___healthy,val
plantwild/extracted/plantwild/images/apple leaf/google_0135.jpg,Apple___healthy,val
plantwild/extracted/plantwild/images/apple leaf/google_0427.jpg,Apple___healthy,val
plantwild/extracted/plantwild/images/apple leaf/333.jpg,Apple___healthy,val
plantwild/extracted/plantwild/images/apple leaf/5.jpg,Apple___healthy,val
plantwild/extracted/plantwild/images/apple leaf/45.jpg,Apple___healthy,val
plantwild/extracted/plantwild/images/apple leaf/251.jpg,Apple___healthy,val
plantwild/extracted/plantwild/images/apple leaf/97.jpg,Apple___healthy,val
plantwild/extracted/plantwild/images/apple leaf/107.jpg,Apple___healthy,val
plantwild/extracted/plantwild/images/apple leaf/155.jpg,Apple___healthy,val
plantwild/extracted/plantwild/images/apple leaf/google_0330.jpg,Apple___healthy,val
plantwild/extracted/plantwild/images/apple leaf/google_0072.jpg,Apple___healthy,val
plantwild/extracted/plantwild/images/apple leaf/256.jpg,Apple___healthy,val
plantwild/extracted/plantwild/images/apple leaf/google_0386.jpg,Apple___healthy,val
plantwild/extracted/plantwild/images/apple leaf/131.jpg,Apple___healthy,val
plantwild/extracted/plantwild/images/apple leaf/128.jpg,Apple___healthy,val
plantwild/extracted/plantwild/images/apple leaf/246.jpg,Apple___healthy,val
plantwild/extracted/plantwild/images/apple leaf/167.jpg,Apple___healthy,val
plantwild/extracted/plantwild/images/apple leaf/79.jpg,Apple___healthy,val
plantwild/extracted/plantwild/images/apple leaf/109.jpg,Apple___healthy,val
plantwild/extracted/plantwild/images/apple leaf/261.jpg,Apple___healthy,val
plantwild/extracted/plantwild/images/apple leaf/195.jpg,Apple___healthy,val
plantwild/extracted/plantwild/images/apple leaf/290.jpg,Apple___healthy,val
plantwild/extracted/plantwild/images/apple leaf/221.jpg,Apple___healthy,val
plantwild/extracted/plantwild/images/apple leaf/258.jpg,Apple___healthy,val
plantwild/extracted/plantwild/images/apple leaf/204.jpg,Apple___healthy,val
plantwild/extracted/plantwild/images/apple leaf/154.jpg,Apple___healthy,val
plantwild/extracted/plantwild/images/apple leaf/250.jpg,Apple___healthy,val
plantwild/extracted/plantwild/images/apple leaf/google_0425.jpg,Apple___healthy,val
plantwild/extracted/plantwild/images/apple leaf/72.jpg,Apple___healthy,val
plantwild/extracted/plantwild/images/apple leaf/google_0006.jpg,Apple___healthy,val
plantwild/extracted/plantwild/images/apple leaf/google_0422.jpg,Apple___healthy,val
plantwild/extracted/plantwild/images/apple leaf/google_0550.jpg,Apple___healthy,val
plantwild/extracted/plantwild/images/apple leaf/215.jpg,Apple___healthy,val
plantwild/extracted/plantwild/images/apple leaf/google_0573.jpg,Apple___healthy,val
plantwild/extracted/plantwild/images/apple leaf/2.jpg,Apple___healthy,val
plantwild/extracted/plantwild/images/apple leaf/8.jpg,Apple___healthy,val
plantwild/extracted/plantwild/images/apple leaf/google_0151.jpg,Apple___healthy,val
plantwild/extracted/plantwild/images/apple leaf/268.jpg,Apple___healthy,val
plantwild/extracted/plantwild/images/apple leaf/202.jpg,Apple___healthy,val
plantwild/extracted/plantwild/images/blueberry leaf/26.jpg,Blueberry___healthy,val
plantwild/extracted/plantwild/images/blueberry leaf/google_0020.jpg,Blueberry___healthy,val
plantwild/extracted/plantwild/images/blueberry leaf/20.jpg,Blueberry___healthy,val
plantwild/extracted/plantwild/images/blueberry leaf/190.jpg,Blueberry___healthy,val
plantwild/extracted/plantwild/images/blueberry leaf/120.jpg,Blueberry___healthy,val
plantwild/extracted/plantwild/images/blueberry leaf/132.jpg,Blueberry___healthy,val
plantwild/extracted/plantwild/images/blueberry leaf/google_0014.jpg,Blueberry___healthy,val
plantwild/extracted/plantwild/images/blueberry leaf/213.jpg,Blueberry___healthy,val
plantwild/extracted/plantwild/images/blueberry leaf/67.jpg,Blueberry___healthy,val
plantwild/extracted/plantwild/images/blueberry leaf/106.jpg,Blueberry___healthy,val
plantwild/extracted/plantwild/images/blueberry leaf/31.jpg,Blueberry___healthy,val
plantwild/extracted/plantwild/images/blueberry leaf/google_0041.jpg,Blueberry___healthy,val
plantwild/extracted/plantwild/images/blueberry leaf/196.jpg,Blueberry___healthy,val
plantwild/extracted/plantwild/images/blueberry leaf/108.jpg,Blueberry___healthy,val
plantwild/extracted/plantwild/images/blueberry leaf/87.jpg,Blueberry___healthy,val
plantwild/extracted/plantwild/images/blueberry leaf/google_0116.jpg,Blueberry___healthy,val
plantwild/extracted/plantwild/images/blueberry leaf/121.jpg,Blueberry___healthy,val
plantwild/extracted/plantwild/images/blueberry leaf/80.jpg,Blueberry___healthy,val
plantwild/extracted/plantwild/images/blueberry leaf/135.jpg,Blueberry___healthy,val
plantwild/extracted/plantwild/images/blueberry leaf/google_0109.jpg,Blueberry___healthy,val
plantwild/extracted/plantwild/images/blueberry leaf/96.jpg,Blueberry___healthy,val
plantwild/extracted/plantwild/images/blueberry leaf/google_0308.jpg,Blueberry___healthy,val
plantwild/extracted/plantwild/images/blueberry leaf/google_0398.jpg,Blueberry___healthy,val
plantwild/extracted/plantwild/images/blueberry leaf/google_0011.jpg,Blueberry___healthy,val
plantwild/extracted/plantwild/images/blueberry leaf/google_0022.jpg,Blueberry___healthy,val
plantwild/extracted/plantwild/images/blueberry leaf/94.jpg,Blueberry___healthy,val
plantwild/extracted/plantwild/images/blueberry leaf/180.jpg,Blueberry___healthy,val
plantwild/extracted/plantwild/images/blueberry leaf/79.jpg,Blueberry___healthy,val
plantwild/extracted/plantwild/images/cherry powdery mildew/109.jpg,Cherry___Powdery_mildew,val
plantwild/extracted/plantwild/images/cherry powdery mildew/google_0152.jpg,Cherry___Powdery_mildew,val
plantwild/extracted/plantwild/images/cherry powdery mildew/67.jpg,Cherry___Powdery_mildew,val
plantwild/extracted/plantwild/images/cherry powdery mildew/google_0003.jpg,Cherry___Powdery_mildew,val
plantwild/extracted/plantwild/images/cherry powdery mildew/2.jpg,Cherry___Powdery_mildew,val
plantwild/extracted/plantwild/images/cherry powdery mildew/google_0145.jpg,Cherry___Powdery_mildew,val
plantwild/extracted/plantwild/images/cherry powdery mildew/60.jpg,Cherry___Powdery_mildew,val
plantwild/extracted/plantwild/images/cherry powdery mildew/google_0084.jpg,Cherry___Powdery_mildew,val
plantwild/extracted/plantwild/images/cherry powdery mildew/google_0096.jpg,Cherry___Powdery_mildew,val
plantwild/extracted/plantwild/images/cherry powdery mildew/google_0056.jpg,Cherry___Powdery_mildew,val
plantwild/extracted/plantwild/images/cherry powdery mildew/12.jpg,Cherry___Powdery_mildew,val
plantwild/extracted/plantwild/images/cherry leaf/93.jpg,Cherry___healthy,val
plantwild/extracted/plantwild/images/cherry leaf/google_0017.jpg,Cherry___healthy,val
plantwild/extracted/plantwild/images/cherry leaf/google_0285.jpg,Cherry___healthy,val
plantwild/extracted/plantwild/images/cherry leaf/google_0348.jpg,Cherry___healthy,val
plantwild/extracted/plantwild/images/cherry leaf/google_0055.jpg,Cherry___healthy,val
plantwild/extracted/plantwild/images/cherry leaf/145.jpg,Cherry___healthy,val
plantwild/extracted/plantwild/images/cherry leaf/google_0087.jpg,Cherry___healthy,val
plantwild/extracted/plantwild/images/cherry leaf/66.jpg,Cherry___healthy,val
plantwild/extracted/plantwild/images/cherry leaf/google_0212.jpg,Cherry___healthy,val
plantwild/extracted/plantwild/images/cherry leaf/90.jpg,Cherry___healthy,val
plantwild/extracted/plantwild/images/cherry leaf/google_0386.jpg,Cherry___healthy,val
plantwild/extracted/plantwild/images/cherry leaf/google_0246.jpg,Cherry___healthy,val
plantwild/extracted/plantwild/images/cherry leaf/google_0204.jpg,Cherry___healthy,val
plantwild/extracted/plantwild/images/cherry leaf/google_0056.jpg,Cherry___healthy,val
plantwild/extracted/plantwild/images/cherry leaf/2.jpg,Cherry___healthy,val
plantwild/extracted/plantwild/images/cherry leaf/google_0477.jpg,Cherry___healthy,val
plantwild/extracted/plantwild/images/cherry leaf/20.jpg,Cherry___healthy,val
plantwild/extracted/plantwild/images/cherry leaf/google_0033.jpg,Cherry___healthy,val
plantwild/extracted/plantwild/images/cherry leaf/19.jpg,Cherry___healthy,val
plantwild/extracted/plantwild/images/cherry leaf/34.jpg,Cherry___healthy,val
plantwild/extracted/plantwild/images/cherry leaf/118.jpg,Cherry___healthy,val
plantwild/extracted/plantwild/images/cherry leaf/65.jpg,Cherry___healthy,val
plantwild/extracted/plantwild/images/cherry leaf/35.jpg,Cherry___healthy,val
plantwild/extracted/plantwild/images/cherry leaf/8.jpg,Cherry___healthy,val
plantwild/extracted/plantwild/images/cherry leaf/google_0163.jpg,Cherry___healthy,val
plantwild/extracted/plantwild/images/cherry leaf/172.jpg,Cherry___healthy,val
plantwild/extracted/plantwild/images/cherry leaf/124.jpg,Cherry___healthy,val
plantwild/extracted/plantwild/images/cherry leaf/google_0120.jpg,Cherry___healthy,val
plantwild/extracted/plantwild/images/cherry leaf/44.jpg,Cherry___healthy,val
plantwild/extracted/plantwild/images/corn gray leaf spot/google_0179.jpg,Corn___Cercospora_leaf_spot Gray_leaf_spot,val
plantwild/extracted/plantwild/images/corn gray leaf spot/google_0124.jpg,Corn___Cercospora_leaf_spot Gray_leaf_spot,val
plantwild/extracted/plantwild/images/corn gray leaf spot/google_0147.jpg,Corn___Cercospora_leaf_spot Gray_leaf_spot,val
plantwild/extracted/plantwild/images/corn gray leaf spot/google_0106.jpg,Corn___Cercospora_leaf_spot Gray_leaf_spot,val
plantwild/extracted/plantwild/images/corn gray leaf spot/google_0166.jpg,Corn___Cercospora_leaf_spot Gray_leaf_spot,val
plantwild/extracted/plantwild/images/corn gray leaf spot/26.jpg,Corn___Cercospora_leaf_spot Gray_leaf_spot,val
plantwild/extracted/plantwild/images/corn gray leaf spot/google_0090.jpg,Corn___Cercospora_leaf_spot Gray_leaf_spot,val
plantwild/extracted/plantwild/images/corn gray leaf spot/google_0076.jpg,Corn___Cercospora_leaf_spot Gray_leaf_spot,val
plantwild/extracted/plantwild/images/corn gray leaf spot/google_0009.jpg,Corn___Cercospora_leaf_spot Gray_leaf_spot,val
plantwild/extracted/plantwild/images/corn gray leaf spot/24.jpg,Corn___Cercospora_leaf_spot Gray_leaf_spot,val
plantwild/extracted/plantwild/images/corn gray leaf spot/49.jpg,Corn___Cercospora_leaf_spot Gray_leaf_spot,val
plantwild/extracted/plantwild/images/corn gray leaf spot/google_0034.jpg,Corn___Cercospora_leaf_spot Gray_leaf_spot,val
plantwild/extracted/plantwild/images/corn gray leaf spot/google_0233.jpg,Corn___Cercospora_leaf_spot Gray_leaf_spot,val
plantwild/extracted/plantwild/images/corn gray leaf spot/google_0203.jpg,Corn___Cercospora_leaf_spot Gray_leaf_spot,val
plantwild/extracted/plantwild/images/corn gray leaf spot/42.jpg,Corn___Cercospora_leaf_spot Gray_leaf_spot,val
plantwild/extracted/plantwild/images/corn gray leaf spot/google_0077.jpg,Corn___Cercospora_leaf_spot Gray_leaf_spot,val
plantwild/extracted/plantwild/images/corn gray leaf spot/google_0122.jpg,Corn___Cercospora_leaf_spot Gray_leaf_spot,val
plantwild/extracted/plantwild/images/corn gray leaf spot/google_0151.jpg,Corn___Cercospora_leaf_spot Gray_leaf_spot,val
plantwild/extracted/plantwild/images/corn gray leaf spot/google_0129.jpg,Corn___Cercospora_leaf_spot Gray_leaf_spot,val
plantwild/extracted/plantwild/images/corn gray leaf spot/65.jpg,Corn___Cercospora_leaf_spot Gray_leaf_spot,val
plantwild/extracted/plantwild/images/corn gray leaf spot/google_0003.jpg,Corn___Cercospora_leaf_spot Gray_leaf_spot,val
plantwild/extracted/plantwild/images/corn gray leaf spot/google_0015.jpg,Corn___Cercospora_leaf_spot Gray_leaf_spot,val
plantwild/extracted/plantwild/images/corn rust/google_0227.jpg,Corn___Common_rust,val
plantwild/extracted/plantwild/images/corn rust/google_0211.jpg,Corn___Common_rust,val
plantwild/extracted/plantwild/images/corn rust/google_0066.jpg,Corn___Common_rust,val
plantwild/extracted/plantwild/images/corn rust/google_0119.jpg,Corn___Common_rust,val
plantwild/extracted/plantwild/images/corn rust/google_0186.jpg,Corn___Common_rust,val
plantwild/extracted/plantwild/images/corn rust/google_0044.jpg,Corn___Common_rust,val
plantwild/extracted/plantwild/images/corn rust/68.jpg,Corn___Common_rust,val
plantwild/extracted/plantwild/images/corn rust/google_0208.jpg,Corn___Common_rust,val
plantwild/extracted/plantwild/images/corn rust/google_0157.jpg,Corn___Common_rust,val
plantwild/extracted/plantwild/images/corn rust/google_0156.jpg,Corn___Common_rust,val
plantwild/extracted/plantwild/images/corn rust/65.jpg,Corn___Common_rust,val
plantwild/extracted/plantwild/images/corn rust/google_0049.jpg,Corn___Common_rust,val
plantwild/extracted/plantwild/images/corn rust/99.jpg,Corn___Common_rust,val
plantwild/extracted/plantwild/images/corn rust/google_0171.jpg,Corn___Common_rust,val
plantwild/extracted/plantwild/images/corn rust/google_0098.jpg,Corn___Common_rust,val
plantwild/extracted/plantwild/images/corn rust/google_0120.jpg,Corn___Common_rust,val
plantwild/extracted/plantwild/images/corn rust/google_0137.jpg,Corn___Common_rust,val
plantwild/extracted/plantwild/images/corn rust/google_0148.jpg,Corn___Common_rust,val
plantwild/extracted/plantwild/images/corn rust/5.jpg,Corn___Common_rust,val
plantwild/extracted/plantwild/images/corn rust/82.jpg,Corn___Common_rust,val
plantwild/extracted/plantwild/images/corn rust/80.jpg,Corn___Common_rust,val
plantwild/extracted/plantwild/images/corn rust/google_0061.jpg,Corn___Common_rust,val
plantwild/extracted/plantwild/images/corn rust/google_0064.jpg,Corn___Common_rust,val
plantwild/extracted/plantwild/images/corn rust/28.jpg,Corn___Common_rust,val
plantwild/extracted/plantwild/images/corn northern leaf blight/103.jpg,Corn___Northern_Leaf_Blight,val
plantwild/extracted/plantwild/images/corn northern leaf blight/88.jpg,Corn___Northern_Leaf_Blight,val
plantwild/extracted/plantwild/images/corn northern leaf blight/google_0039.jpg,Corn___Northern_Leaf_Blight,val
plantwild/extracted/plantwild/images/corn northern leaf blight/add (28).jpg,Corn___Northern_Leaf_Blight,val
plantwild/extracted/plantwild/images/corn northern leaf blight/30.jpg,Corn___Northern_Leaf_Blight,val
plantwild/extracted/plantwild/images/corn northern leaf blight/95.jpg,Corn___Northern_Leaf_Blight,val
plantwild/extracted/plantwild/images/corn northern leaf blight/add (17).jpg,Corn___Northern_Leaf_Blight,val
plantwild/extracted/plantwild/images/corn northern leaf blight/10.jpg,Corn___Northern_Leaf_Blight,val
plantwild/extracted/plantwild/images/corn northern leaf blight/google_0090.jpg,Corn___Northern_Leaf_Blight,val
plantwild/extracted/plantwild/images/corn northern leaf blight/google_0133.jpg,Corn___Northern_Leaf_Blight,val
plantwild/extracted/plantwild/images/corn northern leaf blight/google_0033.jpg,Corn___Northern_Leaf_Blight,val
plantwild/extracted/plantwild/images/corn northern leaf blight/google_0010.jpg,Corn___Northern_Leaf_Blight,val
plantwild/extracted/plantwild/images/corn northern leaf blight/google_0021.jpg,Corn___Northern_Leaf_Blight,val
plantwild/extracted/plantwild/images/corn northern leaf blight/google_0106.jpg,Corn___Northern_Leaf_Blight,val
plantwild/extracted/plantwild/images/corn northern leaf blight/google_0151.jpg,Corn___Northern_Leaf_Blight,val
plantwild/extracted/plantwild/images/corn northern leaf blight/google_0118.jpg,Corn___Northern_Leaf_Blight,val
plantwild/extracted/plantwild/images/corn northern leaf blight/google_0041.jpg,Corn___Northern_Leaf_Blight,val
plantwild/extracted/plantwild/images/corn northern leaf blight/86 - Copy.jpg,Corn___Northern_Leaf_Blight,val
plantwild/extracted/plantwild/images/corn northern leaf blight/google_0048.jpg,Corn___Northern_Leaf_Blight,val
plantwild/extracted/plantwild/images/corn northern leaf blight/google_0121.jpg,Corn___Northern_Leaf_Blight,val
plantwild/extracted/plantwild/images/corn northern leaf blight/45.jpg,Corn___Northern_Leaf_Blight,val
plantwild/extracted/plantwild/images/corn northern leaf blight/91.jpg,Corn___Northern_Leaf_Blight,val
plantwild/extracted/plantwild/images/corn leaf/23.jpg,Corn___healthy,val
plantwild/extracted/plantwild/images/corn leaf/google_0053.jpg,Corn___healthy,val
plantwild/extracted/plantwild/images/corn leaf/16.jpg,Corn___healthy,val
plantwild/extracted/plantwild/images/corn leaf/36.jpg,Corn___healthy,val
plantwild/extracted/plantwild/images/corn leaf/google_0074.jpg,Corn___healthy,val
plantwild/extracted/plantwild/images/corn leaf/50.jpg,Corn___healthy,val
plantwild/extracted/plantwild/images/corn leaf/google_0459.jpg,Corn___healthy,val
plantwild/extracted/plantwild/images/corn leaf/39.jpg,Corn___healthy,val
plantwild/extracted/plantwild/images/corn leaf/google_0366.jpg,Corn___healthy,val
plantwild/extracted/plantwild/images/corn leaf/google_0004.jpg,Corn___healthy,val
plantwild/extracted/plantwild/images/corn leaf/google_0092.jpg,Corn___healthy,val
plantwild/extracted/plantwild/images/corn leaf/google_0006.jpg,Corn___healthy,val
plantwild/extracted/plantwild/images/corn leaf/43.jpg,Corn___healthy,val
plantwild/extracted/plantwild/images/corn leaf/47.jpg,Corn___healthy,val
plantwild/extracted/plantwild/images/corn leaf/google_0389.jpg,Corn___healthy,val
plantwild/extracted/plantwild/images/corn leaf/4.jpg,Corn___healthy,val
plantwild/extracted/plantwild/images/grape black rot/google_0088.jpg,Grape___Black_rot,val
plantwild/extracted/plantwild/images/grape black rot/google_0072.jpg,Grape___Black_rot,val
plantwild/extracted/plantwild/images/grape black rot/157.jpg,Grape___Black_rot,val
plantwild/extracted/plantwild/images/grape black rot/google_0289.jpg,Grape___Black_rot,val
plantwild/extracted/plantwild/images/grape black rot/google_0325.jpg,Grape___Black_rot,val
plantwild/extracted/plantwild/images/grape black rot/google_0019.jpg,Grape___Black_rot,val
plantwild/extracted/plantwild/images/grape black rot/40.jpg,Grape___Black_rot,val
plantwild/extracted/plantwild/images/grape black rot/google_0059.jpg,Grape___Black_rot,val
plantwild/extracted/plantwild/images/grape black rot/213.jpg,Grape___Black_rot,val
plantwild/extracted/plantwild/images/grape black rot/75.jpg,Grape___Black_rot,val
plantwild/extracted/plantwild/images/grape black rot/45.jpg,Grape___Black_rot,val
plantwild/extracted/plantwild/images/grape black rot/8.jpg,Grape___Black_rot,val
plantwild/extracted/plantwild/images/grape black rot/google_0183.jpg,Grape___Black_rot,val
plantwild/extracted/plantwild/images/grape black rot/google_0186.jpg,Grape___Black_rot,val
plantwild/extracted/plantwild/images/grape black rot/google_0133.jpg,Grape___Black_rot,val
plantwild/extracted/plantwild/images/grape black rot/8 - Copy.jpg,Grape___Black_rot,val
plantwild/extracted/plantwild/images/grape black rot/google_0083.jpg,Grape___Black_rot,val
plantwild/extracted/plantwild/images/grape black rot/google_0310.jpg,Grape___Black_rot,val
plantwild/extracted/plantwild/images/grape black rot/69.jpg,Grape___Black_rot,val
plantwild/extracted/plantwild/images/grape black rot/google_0050.jpg,Grape___Black_rot,val
plantwild/extracted/plantwild/images/grape black rot/21.jpg,Grape___Black_rot,val
plantwild/extracted/plantwild/images/grape black rot/156.jpg,Grape___Black_rot,val
plantwild/extracted/plantwild/images/grape black rot/4.jpg,Grape___Black_rot,val
plantwild/extracted/plantwild/images/grape leaf/175.jpg,Grape___healthy,val
plantwild/extracted/plantwild/images/grape leaf/122.jpg,Grape___healthy,val
plantwild/extracted/plantwild/images/grape leaf/11.jpg,Grape___healthy,val
plantwild/extracted/plantwild/images/grape leaf/173.jpg,Grape___healthy,val
plantwild/extracted/plantwild/images/grape leaf/google_0002.jpg,Grape___healthy,val
plantwild/extracted/plantwild/images/grape leaf/87.jpg,Grape___healthy,val
plantwild/extracted/plantwild/images/grape leaf/156.jpg,Grape___healthy,val
plantwild/extracted/plantwild/images/grape leaf/163.jpg,Grape___healthy,val
plantwild/extracted/plantwild/images/grape leaf/109.jpg,Grape___healthy,val
plantwild/extracted/plantwild/images/grape leaf/google_0370.jpg,Grape___healthy,val
plantwild/extracted/plantwild/images/grape leaf/google_0170.jpg,Grape___healthy,val
plantwild/extracted/plantwild/images/grape leaf/google_0059.jpg,Grape___healthy,val
plantwild/extracted/plantwild/images/grape leaf/25.jpg,Grape___healthy,val
plantwild/extracted/plantwild/images/grape leaf/51.jpg,Grape___healthy,val
plantwild/extracted/plantwild/images/grape leaf/68.jpg,Grape___healthy,val
plantwild/extracted/plantwild/images/grape leaf/124.jpg,Grape___healthy,val
plantwild/extracted/plantwild/images/grape leaf/145.jpg,Grape___healthy,val
plantwild/extracted/plantwild/images/grape leaf/101.jpg,Grape___healthy,val
plantwild/extracted/plantwild/images/grape leaf/112.jpg,Grape___healthy,val
plantwild/extracted/plantwild/images/grape leaf/62.jpg,Grape___healthy,val
plantwild/extracted/plantwild/images/citrus greening disease/29.jpg,Orange___Haunglongbing_(Citrus_greening),val
plantwild/extracted/plantwild/images/citrus greening disease/25 - Copy.jpg,Orange___Haunglongbing_(Citrus_greening),val
plantwild/extracted/plantwild/images/citrus greening disease/google_0131.jpg,Orange___Haunglongbing_(Citrus_greening),val
plantwild/extracted/plantwild/images/citrus greening disease/google_0100.jpg,Orange___Haunglongbing_(Citrus_greening),val
plantwild/extracted/plantwild/images/citrus greening disease/google_0074.jpg,Orange___Haunglongbing_(Citrus_greening),val
plantwild/extracted/plantwild/images/citrus greening disease/google_0011.jpg,Orange___Haunglongbing_(Citrus_greening),val
plantwild/extracted/plantwild/images/citrus greening disease/121.jpg,Orange___Haunglongbing_(Citrus_greening),val
plantwild/extracted/plantwild/images/citrus greening disease/google_0253 - Copy.jpg,Orange___Haunglongbing_(Citrus_greening),val
plantwild/extracted/plantwild/images/citrus greening disease/google_0034.jpg,Orange___Haunglongbing_(Citrus_greening),val
plantwild/extracted/plantwild/images/citrus greening disease/google_0066.jpg,Orange___Haunglongbing_(Citrus_greening),val
plantwild/extracted/plantwild/images/citrus greening disease/google_0073.jpg,Orange___Haunglongbing_(Citrus_greening),val
plantwild/extracted/plantwild/images/citrus greening disease/google_0025.jpg,Orange___Haunglongbing_(Citrus_greening),val
plantwild/extracted/plantwild/images/citrus greening disease/google_0094.jpg,Orange___Haunglongbing_(Citrus_greening),val
plantwild/extracted/plantwild/images/citrus greening disease/google_0356.jpg,Orange___Haunglongbing_(Citrus_greening),val
plantwild/extracted/plantwild/images/citrus greening disease/google_0107.jpg,Orange___Haunglongbing_(Citrus_greening),val
plantwild/extracted/plantwild/images/citrus greening disease/google_0042.jpg,Orange___Haunglongbing_(Citrus_greening),val
plantwild/extracted/plantwild/images/citrus greening disease/20.jpg,Orange___Haunglongbing_(Citrus_greening),val
plantwild/extracted/plantwild/images/citrus greening disease/google_0283.jpg,Orange___Haunglongbing_(Citrus_greening),val
plantwild/extracted/plantwild/images/citrus greening disease/google_0036.jpg,Orange___Haunglongbing_(Citrus_greening),val
plantwild/extracted/plantwild/images/citrus greening disease/google_0166.jpg,Orange___Haunglongbing_(Citrus_greening),val
plantwild/extracted/plantwild/images/citrus greening disease/47.jpg,Orange___Haunglongbing_(Citrus_greening),val
plantwild/extracted/plantwild/images/citrus greening disease/google_0144.jpg,Orange___Haunglongbing_(Citrus_greening),val
plantwild/extracted/plantwild/images/citrus greening disease/70.jpg,Orange___Haunglongbing_(Citrus_greening),val
plantwild/extracted/plantwild/images/citrus greening disease/69.jpg,Orange___Haunglongbing_(Citrus_greening),val
plantwild/extracted/plantwild/images/peach leaf/google_0339.jpg,Peach___healthy,val
plantwild/extracted/plantwild/images/peach leaf/google_0053.jpg,Peach___healthy,val
plantwild/extracted/plantwild/images/peach leaf/16.jpg,Peach___healthy,val
plantwild/extracted/plantwild/images/peach leaf/6.jpg,Peach___healthy,val
plantwild/extracted/plantwild/images/peach leaf/53.jpg,Peach___healthy,val
plantwild/extracted/plantwild/images/peach leaf/146 - Copy (2).jpg,Peach___healthy,val
plantwild/extracted/plantwild/images/peach leaf/google_0000.jpg,Peach___healthy,val
plantwild/extracted/plantwild/images/peach leaf/google_0224.jpg,Peach___healthy,val
plantwild/extracted/plantwild/images/peach leaf/14.jpg,Peach___healthy,val
plantwild/extracted/plantwild/images/peach leaf/google_0412.jpg,Peach___healthy,val
plantwild/extracted/plantwild/images/peach leaf/70.jpg,Peach___healthy,val
plantwild/extracted/plantwild/images/peach leaf/181.jpg,Peach___healthy,val
plantwild/extracted/plantwild/images/peach leaf/164.jpg,Peach___healthy,val
plantwild/extracted/plantwild/images/peach leaf/google_0180.jpg,Peach___healthy,val
plantwild/extracted/plantwild/images/peach leaf/109.jpg,Peach___healthy,val
plantwild/extracted/plantwild/images/peach leaf/71.jpg,Peach___healthy,val
plantwild/extracted/plantwild/images/bell pepper leaf spot/google_0238.jpg,"Pepper,_bell___Bacterial_spot",val
plantwild/extracted/plantwild/images/bell pepper leaf spot/google_0195.jpg,"Pepper,_bell___Bacterial_spot",val
plantwild/extracted/plantwild/images/bell pepper leaf spot/google_0184.jpg,"Pepper,_bell___Bacterial_spot",val
plantwild/extracted/plantwild/images/bell pepper leaf spot/google_0222.jpg,"Pepper,_bell___Bacterial_spot",val
plantwild/extracted/plantwild/images/bell pepper leaf spot/3.jpg,"Pepper,_bell___Bacterial_spot",val
plantwild/extracted/plantwild/images/bell pepper leaf spot/google_0024.jpg,"Pepper,_bell___Bacterial_spot",val
plantwild/extracted/plantwild/images/bell pepper leaf spot/google_0251.jpg,"Pepper,_bell___Bacterial_spot",val
plantwild/extracted/plantwild/images/bell pepper leaf spot/10.jpg,"Pepper,_bell___Bacterial_spot",val
plantwild/extracted/plantwild/images/bell pepper leaf spot/google_0055.jpg,"Pepper,_bell___Bacterial_spot",val
plantwild/extracted/plantwild/images/bell pepper leaf spot/google_0160.jpg,"Pepper,_bell___Bacterial_spot",val
plantwild/extracted/plantwild/images/bell pepper leaf spot/google_0084.jpg,"Pepper,_bell___Bacterial_spot",val
plantwild/extracted/plantwild/images/bell pepper leaf spot/google_0000.jpg,"Pepper,_bell___Bacterial_spot",val
plantwild/extracted/plantwild/images/bell pepper leaf/171.jpg,"Pepper,_bell___healthy",val
plantwild/extracted/plantwild/images/bell pepper leaf/31.jpg,"Pepper,_bell___healthy",val
plantwild/extracted/plantwild/images/bell pepper leaf/189.jpg,"Pepper,_bell___healthy",val
plantwild/extracted/plantwild/images/bell pepper leaf/233.jpg,"Pepper,_bell___healthy",val
plantwild/extracted/plantwild/images/bell pepper leaf/7.jpg,"Pepper,_bell___healthy",val
plantwild/extracted/plantwild/images/bell pepper leaf/70 - Copy (2).jpg,"Pepper,_bell___healthy",val
plantwild/extracted/plantwild/images/bell pepper leaf/272.jpg,"Pepper,_bell___healthy",val
plantwild/extracted/plantwild/images/bell pepper leaf/63.jpg,"Pepper,_bell___healthy",val
plantwild/extracted/plantwild/images/bell pepper leaf/186.jpg,"Pepper,_bell___healthy",val
plantwild/extracted/plantwild/images/bell pepper leaf/101.jpg,"Pepper,_bell___healthy",val
plantwild/extracted/plantwild/images/bell pepper leaf/175.jpg,"Pepper,_bell___healthy",val
plantwild/extracted/plantwild/images/bell pepper leaf/google_0275.jpg,"Pepper,_bell___healthy",val
plantwild/extracted/plantwild/images/bell pepper leaf/17.jpg,"Pepper,_bell___healthy",val
plantwild/extracted/plantwild/images/bell pepper leaf/190.jpg,"Pepper,_bell___healthy",val
plantwild/extracted/plantwild/images/bell pepper leaf/google_0024.jpg,"Pepper,_bell___healthy",val
plantwild/extracted/plantwild/images/bell pepper leaf/google_0027.jpg,"Pepper,_bell___healthy",val
plantwild/extracted/plantwild/images/bell pepper leaf/google_0105.jpg,"Pepper,_bell___healthy",val
plantwild/extracted/plantwild/images/bell pepper leaf/google_0098.jpg,"Pepper,_bell___healthy",val
plantwild/extracted/plantwild/images/bell pepper leaf/google_0000.jpg,"Pepper,_bell___healthy",val
plantwild/extracted/plantwild/images/bell pepper leaf/google_0001.jpg,"Pepper,_bell___healthy",val
plantwild/extracted/plantwild/images/bell pepper leaf/5.jpg,"Pepper,_bell___healthy",val
plantwild/extracted/plantwild/images/bell pepper leaf/168.jpg,"Pepper,_bell___healthy",val
plantwild/extracted/plantwild/images/bell pepper leaf/google_0214.jpg,"Pepper,_bell___healthy",val
plantwild/extracted/plantwild/images/bell pepper leaf/159.jpg,"Pepper,_bell___healthy",val
plantwild/extracted/plantwild/images/potato early blight/google_0072.jpg,Potato___Early_blight,val
plantwild/extracted/plantwild/images/potato early blight/google_0054.jpg,Potato___Early_blight,val
plantwild/extracted/plantwild/images/potato early blight/google_0241.jpg,Potato___Early_blight,val
plantwild/extracted/plantwild/images/potato early blight/google_0096.jpg,Potato___Early_blight,val
plantwild/extracted/plantwild/images/potato early blight/google_0277.jpg,Potato___Early_blight,val
plantwild/extracted/plantwild/images/potato early blight/google_0075 - Copy (2).jpg,Potato___Early_blight,val
plantwild/extracted/plantwild/images/potato early blight/google_0133.jpg,Potato___Early_blight,val
plantwild/extracted/plantwild/images/potato early blight/62.jpg,Potato___Early_blight,val
plantwild/extracted/plantwild/images/potato early blight/google_0274.jpg,Potato___Early_blight,val
plantwild/extracted/plantwild/images/potato early blight/google_0213 - Copy.jpg,Potato___Early_blight,val
plantwild/extracted/plantwild/images/potato early blight/google_0313 - Copy.jpg,Potato___Early_blight,val
plantwild/extracted/plantwild/images/potato early blight/google_0213 - Copy (6).jpg,Potato___Early_blight,val
plantwild/extracted/plantwild/images/potato early blight/google_0035.jpg,Potato___Early_blight,val
plantwild/extracted/plantwild/images/potato early blight/google_0306 - Copy (8).jpg,Potato___Early_blight,val
plantwild/extracted/plantwild/images/potato early blight/53.jpg,Potato___Early_blight,val
plantwild/extracted/plantwild/images/potato early blight/google_0075.jpg,Potato___Early_blight,val
plantwild/extracted/plantwild/images/potato early blight/google_0201.jpg,Potato___Early_blight,val
plantwild/extracted/plantwild/images/potato early blight/google_0208 - Copy (3).jpg,Potato___Early_blight,val
plantwild/extracted/plantwild/images/potato early blight/3.jpg,Potato___Early_blight,val
plantwild/extracted/plantwild/images/potato early blight/14.jpg,Potato___Early_blight,val
plantwild/extracted/plantwild/images/potato early blight/31.jpg,Potato___Early_blight,val
plantwild/extracted/plantwild/images/potato early blight/google_0253.jpg,Potato___Early_blight,val
plantwild/extracted/plantwild/images/potato early blight/google_0143.jpg,Potato___Early_blight,val
plantwild/extracted/plantwild/images/potato late blight/11.jpg,Potato___Late_blight,val
plantwild/extracted/plantwild/images/potato late blight/google_0043.jpg,Potato___Late_blight,val
plantwild/extracted/plantwild/images/potato late blight/google_0092.jpg,Potato___Late_blight,val
plantwild/extracted/plantwild/images/potato late blight/google_0085.jpg,Potato___Late_blight,val
plantwild/extracted/plantwild/images/potato late blight/96.jpg,Potato___Late_blight,val
plantwild/extracted/plantwild/images/potato late blight/28.jpg,Potato___Late_blight,val
plantwild/extracted/plantwild/images/potato late blight/google_0066.jpg,Potato___Late_blight,val
plantwild/extracted/plantwild/images/potato late blight/google_0306 - Copy (5).jpg,Potato___Late_blight,val
plantwild/extracted/plantwild/images/potato late blight/google_0156.jpg,Potato___Late_blight,val
plantwild/extracted/plantwild/images/potato late blight/google_0169.jpg,Potato___Late_blight,val
plantwild/extracted/plantwild/images/potato late blight/43.jpg,Potato___Late_blight,val
plantwild/extracted/plantwild/images/potato late blight/97.jpg,Potato___Late_blight,val
plantwild/extracted/plantwild/images/potato late blight/google_0185.jpg,Potato___Late_blight,val
plantwild/extracted/plantwild/images/potato late blight/30 - Copy.jpg,Potato___Late_blight,val
plantwild/extracted/plantwild/images/potato late blight/7.jpg,Potato___Late_blight,val
plantwild/extracted/plantwild/images/potato late blight/google_0306 - Copy (2).jpg,Potato___Late_blight,val
plantwild/extracted/plantwild/images/potato late blight/106.jpg,Potato___Late_blight,val
plantwild/extracted/plantwild/images/potato late blight/80 - Copy.jpg,Potato___Late_blight,val
plantwild/extracted/plantwild/images/potato late blight/110.jpg,Potato___Late_blight,val
plantwild/extracted/plantwild/images/potato late blight/22.jpg,Potato___Late_blight,val
plantwild/extracted/plantwild/images/potato late blight/google_0035.jpg,Potato___Late_blight,val
plantwild/extracted/plantwild/images/potato late blight/4.jpg,Potato___Late_blight,val
plantwild/extracted/plantwild/images/potato late blight/60.jpg,Potato___Late_blight,val
plantwild/extracted/plantwild/images/potato late blight/google_0130.jpg,Potato___Late_blight,val
plantwild/extracted/plantwild/images/potato leaf/google_0663.jpg,Potato___healthy,val
plantwild/extracted/plantwild/images/potato leaf/google_0281.jpg,Potato___healthy,val
plantwild/extracted/plantwild/images/potato leaf/31.jpg,Potato___healthy,val
plantwild/extracted/plantwild/images/potato leaf/google_0207.jpg,Potato___healthy,val
plantwild/extracted/plantwild/images/potato leaf/google_0002.jpg,Potato___healthy,val
plantwild/extracted/plantwild/images/potato leaf/google_0397.jpg,Potato___healthy,val
plantwild/extracted/plantwild/images/potato leaf/google_0046.jpg,Potato___healthy,val
plantwild/extracted/plantwild/images/potato leaf/95.jpg,Potato___healthy,val
plantwild/extracted/plantwild/images/potato leaf/70.jpg,Potato___healthy,val
plantwild/extracted/plantwild/images/potato leaf/5.jpg,Potato___healthy,val
plantwild/extracted/plantwild/images/potato leaf/google_0303.jpg,Potato___healthy,val
plantwild/extracted/plantwild/images/potato leaf/93.jpg,Potato___healthy,val
plantwild/extracted/plantwild/images/potato leaf/14.jpg,Potato___healthy,val
plantwild/extracted/plantwild/images/potato leaf/google_0043.jpg,Potato___healthy,val
plantwild/extracted/plantwild/images/potato leaf/11.jpg,Potato___healthy,val
plantwild/extracted/plantwild/images/potato leaf/64.jpg,Potato___healthy,val
plantwild/extracted/plantwild/images/potato leaf/google_0436.jpg,Potato___healthy,val
plantwild/extracted/plantwild/images/potato leaf/50.jpg,Potato___healthy,val
plantwild/extracted/plantwild/images/potato leaf/49.jpg,Potato___healthy,val
plantwild/extracted/plantwild/images/potato leaf/43.jpg,Potato___healthy,val
plantwild/extracted/plantwild/images/potato leaf/109.jpg,Potato___healthy,val
plantwild/extracted/plantwild/images/potato leaf/google_0137.jpg,Potato___healthy,val
plantwild/extracted/plantwild/images/potato leaf/google_0106.jpg,Potato___healthy,val
plantwild/extracted/plantwild/images/potato leaf/google_0675.jpg,Potato___healthy,val
plantwild/extracted/plantwild/images/potato leaf/google_0005.jpg,Potato___healthy,val
plantwild/extracted/plantwild/images/raspberry leaf/50.jpg,Raspberry___healthy,val
plantwild/extracted/plantwild/images/raspberry leaf/103.jpg,Raspberry___healthy,val
plantwild/extracted/plantwild/images/raspberry leaf/30.jpg,Raspberry___healthy,val
plantwild/extracted/plantwild/images/raspberry leaf/google_0108.jpg,Raspberry___healthy,val
plantwild/extracted/plantwild/images/raspberry leaf/google_0117.jpg,Raspberry___healthy,val
plantwild/extracted/plantwild/images/raspberry leaf/34.jpg,Raspberry___healthy,val
plantwild/extracted/plantwild/images/raspberry leaf/google_0124.jpg,Raspberry___healthy,val
plantwild/extracted/plantwild/images/raspberry leaf/google_0181.jpg,Raspberry___healthy,val
plantwild/extracted/plantwild/images/raspberry leaf/google_0086.jpg,Raspberry___healthy,val
plantwild/extracted/plantwild/images/raspberry leaf/google_0190.jpg,Raspberry___healthy,val
plantwild/extracted/plantwild/images/raspberry leaf/65.jpg,Raspberry___healthy,val
plantwild/extracted/plantwild/images/raspberry leaf/97.jpg,Raspberry___healthy,val
plantwild/extracted/plantwild/images/raspberry leaf/61.jpg,Raspberry___healthy,val
plantwild/extracted/plantwild/images/raspberry leaf/133.jpg,Raspberry___healthy,val
plantwild/extracted/plantwild/images/raspberry leaf/google_0199.jpg,Raspberry___healthy,val
plantwild/extracted/plantwild/images/raspberry leaf/60.jpg,Raspberry___healthy,val
plantwild/extracted/plantwild/images/raspberry leaf/google_0010.jpg,Raspberry___healthy,val
plantwild/extracted/plantwild/images/raspberry leaf/google_0006.jpg,Raspberry___healthy,val
plantwild/extracted/plantwild/images/soybean leaf/google_0555.jpg,Soybean___healthy,val
plantwild/extracted/plantwild/images/soybean leaf/88.jpg,Soybean___healthy,val
plantwild/extracted/plantwild/images/soybean leaf/18.jpg,Soybean___healthy,val
plantwild/extracted/plantwild/images/soybean leaf/335.jpg,Soybean___healthy,val
plantwild/extracted/plantwild/images/soybean leaf/google_0048.jpg,Soybean___healthy,val
plantwild/extracted/plantwild/images/soybean leaf/google_0464.jpg,Soybean___healthy,val
plantwild/extracted/plantwild/images/soybean leaf/google_0312.jpg,Soybean___healthy,val
plantwild/extracted/plantwild/images/soybean leaf/301.jpg,Soybean___healthy,val
plantwild/extracted/plantwild/images/soybean leaf/google_0537.jpg,Soybean___healthy,val
plantwild/extracted/plantwild/images/soybean leaf/241.jpg,Soybean___healthy,val
plantwild/extracted/plantwild/images/soybean leaf/google_0128.jpg,Soybean___healthy,val
plantwild/extracted/plantwild/images/soybean leaf/46.jpg,Soybean___healthy,val
plantwild/extracted/plantwild/images/soybean leaf/158.jpg,Soybean___healthy,val
plantwild/extracted/plantwild/images/soybean leaf/google_0015.jpg,Soybean___healthy,val
plantwild/extracted/plantwild/images/soybean leaf/google_0261.jpg,Soybean___healthy,val
plantwild/extracted/plantwild/images/soybean leaf/google_0608.jpg,Soybean___healthy,val
plantwild/extracted/plantwild/images/soybean leaf/76.jpg,Soybean___healthy,val
plantwild/extracted/plantwild/images/soybean leaf/75.jpg,Soybean___healthy,val
plantwild/extracted/plantwild/images/soybean leaf/298.jpg,Soybean___healthy,val
plantwild/extracted/plantwild/images/soybean leaf/google_0148.jpg,Soybean___healthy,val
plantwild/extracted/plantwild/images/soybean leaf/225.jpg,Soybean___healthy,val
plantwild/extracted/plantwild/images/soybean leaf/92.jpg,Soybean___healthy,val
plantwild/extracted/plantwild/images/soybean leaf/google_0587.jpg,Soybean___healthy,val
plantwild/extracted/plantwild/images/soybean leaf/97.jpg,Soybean___healthy,val
plantwild/extracted/plantwild/images/squash powdery mildew/google_0377.jpg,Squash___Powdery_mildew,val
plantwild/extracted/plantwild/images/squash powdery mildew/google_0161.jpg,Squash___Powdery_mildew,val
plantwild/extracted/plantwild/images/squash powdery mildew/google_0309.jpg,Squash___Powdery_mildew,val
plantwild/extracted/plantwild/images/squash powdery mildew/28.jpg,Squash___Powdery_mildew,val
plantwild/extracted/plantwild/images/squash powdery mildew/google_0248.jpg,Squash___Powdery_mildew,val
plantwild/extracted/plantwild/images/squash powdery mildew/google_0032.jpg,Squash___Powdery_mildew,val
plantwild/extracted/plantwild/images/squash powdery mildew/79.jpg,Squash___Powdery_mildew,val
plantwild/extracted/plantwild/images/squash powdery mildew/10.jpg,Squash___Powdery_mildew,val
plantwild/extracted/plantwild/images/squash powdery mildew/55.jpg,Squash___Powdery_mildew,val
plantwild/extracted/plantwild/images/squash powdery mildew/google_0075.jpg,Squash___Powdery_mildew,val
plantwild/extracted/plantwild/images/squash powdery mildew/3.jpg,Squash___Powdery_mildew,val
plantwild/extracted/plantwild/images/squash powdery mildew/20.jpg,Squash___Powdery_mildew,val
plantwild/extracted/plantwild/images/squash powdery mildew/58.jpg,Squash___Powdery_mildew,val
plantwild/extracted/plantwild/images/squash powdery mildew/google_0065.jpg,Squash___Powdery_mildew,val
plantwild/extracted/plantwild/images/squash powdery mildew/61.jpg,Squash___Powdery_mildew,val
plantwild/extracted/plantwild/images/squash powdery mildew/google_0018.jpg,Squash___Powdery_mildew,val
plantwild/extracted/plantwild/images/squash powdery mildew/116.jpg,Squash___Powdery_mildew,val
plantwild/extracted/plantwild/images/squash powdery mildew/google_0003.jpg,Squash___Powdery_mildew,val
plantwild/extracted/plantwild/images/squash powdery mildew/183.jpg,Squash___Powdery_mildew,val
plantwild/extracted/plantwild/images/squash powdery mildew/google_0048.jpg,Squash___Powdery_mildew,val
plantwild/extracted/plantwild/images/squash powdery mildew/google_0146.jpg,Squash___Powdery_mildew,val
plantwild/extracted/plantwild/images/squash powdery mildew/32.jpg,Squash___Powdery_mildew,val
plantwild/extracted/plantwild/images/squash powdery mildew/35.jpg,Squash___Powdery_mildew,val
plantwild/extracted/plantwild/images/squash powdery mildew/130.jpg,Squash___Powdery_mildew,val
plantwild/extracted/plantwild/images/squash powdery mildew/google_0123.jpg,Squash___Powdery_mildew,val
plantwild/extracted/plantwild/images/squash powdery mildew/33.jpg,Squash___Powdery_mildew,val
plantwild/extracted/plantwild/images/squash powdery mildew/google_0350.jpg,Squash___Powdery_mildew,val
plantwild/extracted/plantwild/images/squash powdery mildew/68.jpg,Squash___Powdery_mildew,val
plantwild/extracted/plantwild/images/strawberry leaf scorch/google_0068.jpg,Strawberry___Leaf_scorch,val
plantwild/extracted/plantwild/images/strawberry leaf scorch/google_0009.jpg,Strawberry___Leaf_scorch,val
plantwild/extracted/plantwild/images/strawberry leaf scorch/google_0082.jpg,Strawberry___Leaf_scorch,val
plantwild/extracted/plantwild/images/strawberry leaf scorch/google_0010.jpg,Strawberry___Leaf_scorch,val
plantwild/extracted/plantwild/images/strawberry leaf scorch/google_0119.jpg,Strawberry___Leaf_scorch,val
plantwild/extracted/plantwild/images/strawberry leaf scorch/1.jpg,Strawberry___Leaf_scorch,val
plantwild/extracted/plantwild/images/strawberry leaf scorch/google_0005.jpg,Strawberry___Leaf_scorch,val
plantwild/extracted/plantwild/images/strawberry leaf scorch/google_0026.jpg,Strawberry___Leaf_scorch,val
plantwild/extracted/plantwild/images/strawberry leaf/google_0542.jpg,Strawberry___healthy,val
plantwild/extracted/plantwild/images/strawberry leaf/google_0506.jpg,Strawberry___healthy,val
plantwild/extracted/plantwild/images/strawberry leaf/google_0075.jpg,Strawberry___healthy,val
plantwild/extracted/plantwild/images/strawberry leaf/google_0079.jpg,Strawberry___healthy,val
plantwild/extracted/plantwild/images/strawberry leaf/google_0132.jpg,Strawberry___healthy,val
plantwild/extracted/plantwild/images/strawberry leaf/google_0411.jpg,Strawberry___healthy,val
plantwild/extracted/plantwild/images/strawberry leaf/63.jpg,Strawberry___healthy,val
plantwild/extracted/plantwild/images/strawberry leaf/google_0394.jpg,Strawberry___healthy,val
plantwild/extracted/plantwild/images/strawberry leaf/70.jpg,Strawberry___healthy,val
plantwild/extracted/plantwild/images/strawberry leaf/google_0545.jpg,Strawberry___healthy,val
plantwild/extracted/plantwild/images/strawberry leaf/27.jpg,Strawberry___healthy,val
plantwild/extracted/plantwild/images/strawberry leaf/google_0632.jpg,Strawberry___healthy,val
plantwild/extracted/plantwild/images/strawberry leaf/google_0399.jpg,Strawberry___healthy,val
plantwild/extracted/plantwild/images/strawberry leaf/google_0099.jpg,Strawberry___healthy,val
plantwild/extracted/plantwild/images/strawberry leaf/5.jpg,Strawberry___healthy,val
plantwild/extracted/plantwild/images/strawberry leaf/google_0363.jpg,Strawberry___healthy,val
plantwild/extracted/plantwild/images/strawberry leaf/google_0319.jpg,Strawberry___healthy,val
plantwild/extracted/plantwild/images/strawberry leaf/google_0373.jpg,Strawberry___healthy,val
plantwild/extracted/plantwild/images/strawberry leaf/google_0502.jpg,Strawberry___healthy,val
plantwild/extracted/plantwild/images/strawberry leaf/8.jpg,Strawberry___healthy,val
plantwild/extracted/plantwild/images/tomato bacterial leaf spot/102.jpg,Tomato___Bacterial_spot,val
plantwild/extracted/plantwild/images/tomato bacterial leaf spot/98.jpg,Tomato___Bacterial_spot,val
plantwild/extracted/plantwild/images/tomato bacterial leaf spot/google_0019.jpg,Tomato___Bacterial_spot,val
plantwild/extracted/plantwild/images/tomato bacterial leaf spot/google_0074.jpg,Tomato___Bacterial_spot,val
plantwild/extracted/plantwild/images/tomato bacterial leaf spot/181.jpg,Tomato___Bacterial_spot,val
plantwild/extracted/plantwild/images/tomato bacterial leaf spot/google_0136.jpg,Tomato___Bacterial_spot,val
plantwild/extracted/plantwild/images/tomato bacterial leaf spot/12.jpg,Tomato___Bacterial_spot,val
plantwild/extracted/plantwild/images/tomato bacterial leaf spot/google_0057.jpg,Tomato___Bacterial_spot,val
plantwild/extracted/plantwild/images/tomato bacterial leaf spot/google_0109.jpg,Tomato___Bacterial_spot,val
plantwild/extracted/plantwild/images/tomato bacterial leaf spot/45.jpg,Tomato___Bacterial_spot,val
plantwild/extracted/plantwild/images/tomato bacterial leaf spot/google_0427.jpg,Tomato___Bacterial_spot,val
plantwild/extracted/plantwild/images/tomato bacterial leaf spot/google_0081.jpg,Tomato___Bacterial_spot,val
plantwild/extracted/plantwild/images/tomato bacterial leaf spot/google_0260.jpg,Tomato___Bacterial_spot,val
plantwild/extracted/plantwild/images/tomato bacterial leaf spot/google_0271.jpg,Tomato___Bacterial_spot,val
plantwild/extracted/plantwild/images/tomato bacterial leaf spot/78.jpg,Tomato___Bacterial_spot,val
plantwild/extracted/plantwild/images/tomato bacterial leaf spot/google_0444.jpg,Tomato___Bacterial_spot,val
plantwild/extracted/plantwild/images/tomato bacterial leaf spot/11 - Copy.jpg,Tomato___Bacterial_spot,val
plantwild/extracted/plantwild/images/tomato bacterial leaf spot/google_0061.jpg,Tomato___Bacterial_spot,val
plantwild/extracted/plantwild/images/tomato bacterial leaf spot/130.jpg,Tomato___Bacterial_spot,val
plantwild/extracted/plantwild/images/tomato bacterial leaf spot/71.jpg,Tomato___Bacterial_spot,val
plantwild/extracted/plantwild/images/tomato bacterial leaf spot/22.jpg,Tomato___Bacterial_spot,val
plantwild/extracted/plantwild/images/tomato bacterial leaf spot/37.jpg,Tomato___Bacterial_spot,val
plantwild/extracted/plantwild/images/tomato bacterial leaf spot/122.jpg,Tomato___Bacterial_spot,val
plantwild/extracted/plantwild/images/tomato bacterial leaf spot/137.jpg,Tomato___Bacterial_spot,val
plantwild/extracted/plantwild/images/tomato bacterial leaf spot/97.jpg,Tomato___Bacterial_spot,val
plantwild/extracted/plantwild/images/tomato bacterial leaf spot/google_0059.jpg,Tomato___Bacterial_spot,val
plantwild/extracted/plantwild/images/tomato bacterial leaf spot/google_0012.jpg,Tomato___Bacterial_spot,val
plantwild/extracted/plantwild/images/tomato bacterial leaf spot/175.jpg,Tomato___Bacterial_spot,val
plantwild/extracted/plantwild/images/tomato early blight/146.jpg,Tomato___Early_blight,val
plantwild/extracted/plantwild/images/tomato early blight/google_0280.jpg,Tomato___Early_blight,val
plantwild/extracted/plantwild/images/tomato early blight/google_0002.jpg,Tomato___Early_blight,val
plantwild/extracted/plantwild/images/tomato early blight/google_0307.jpg,Tomato___Early_blight,val
plantwild/extracted/plantwild/images/tomato early blight/google_0094.jpg,Tomato___Early_blight,val
plantwild/extracted/plantwild/images/tomato early blight/120.jpg,Tomato___Early_blight,val
plantwild/extracted/plantwild/images/tomato early blight/130.jpg,Tomato___Early_blight,val
plantwild/extracted/plantwild/images/tomato early blight/google_0009.jpg,Tomato___Early_blight,val
plantwild/extracted/plantwild/images/tomato early blight/671.jpg,Tomato___Early_blight,val
plantwild/extracted/plantwild/images/tomato early blight/google_0140.jpg,Tomato___Early_blight,val
plantwild/extracted/plantwild/images/tomato early blight/google_0174.jpg,Tomato___Early_blight,val
plantwild/extracted/plantwild/images/tomato early blight/137.jpg,Tomato___Early_blight,val
plantwild/extracted/plantwild/images/tomato early blight/google_0356.jpg,Tomato___Early_blight,val
plantwild/extracted/plantwild/images/tomato early blight/208.jpg,Tomato___Early_blight,val
plantwild/extracted/plantwild/images/tomato early blight/google_0386.jpg,Tomato___Early_blight,val
plantwild/extracted/plantwild/images/tomato early blight/google_0226.jpg,Tomato___Early_blight,val
plantwild/extracted/plantwild/images/tomato early blight/46.jpg,Tomato___Early_blight,val
plantwild/extracted/plantwild/images/tomato early blight/google_0265.jpg,Tomato___Early_blight,val
plantwild/extracted/plantwild/images/tomato early blight/google_0362.jpg,Tomato___Early_blight,val
plantwild/extracted/plantwild/images/tomato early blight/google_0432.jpg,Tomato___Early_blight,val
plantwild/extracted/plantwild/images/tomato early blight/23.jpg,Tomato___Early_blight,val
plantwild/extracted/plantwild/images/tomato early blight/129.jpg,Tomato___Early_blight,val
plantwild/extracted/plantwild/images/tomato early blight/291.jpg,Tomato___Early_blight,val
plantwild/extracted/plantwild/images/tomato early blight/google_0326.jpg,Tomato___Early_blight,val
plantwild/extracted/plantwild/images/tomato early blight/google_0117.jpg,Tomato___Early_blight,val
plantwild/extracted/plantwild/images/tomato early blight/google_0343.jpg,Tomato___Early_blight,val
plantwild/extracted/plantwild/images/tomato early blight/google_0227.jpg,Tomato___Early_blight,val
plantwild/extracted/plantwild/images/tomato early blight/google_0073.jpg,Tomato___Early_blight,val
plantwild/extracted/plantwild/images/tomato early blight/google_0145.jpg,Tomato___Early_blight,val
plantwild/extracted/plantwild/images/tomato early blight/google_0007.jpg,Tomato___Early_blight,val
plantwild/extracted/plantwild/images/tomato early blight/google_0099.jpg,Tomato___Early_blight,val
plantwild/extracted/plantwild/images/tomato early blight/google_0004.jpg,Tomato___Early_blight,val
plantwild/extracted/plantwild/images/tomato early blight/google_0022.jpg,Tomato___Early_blight,val
plantwild/extracted/plantwild/images/tomato early blight/google_0044.jpg,Tomato___Early_blight,val
plantwild/extracted/plantwild/images/tomato early blight/google_0042.jpg,Tomato___Early_blight,val
plantwild/extracted/plantwild/images/tomato late blight/google_0096.jpg,Tomato___Late_blight,val
plantwild/extracted/plantwild/images/tomato late blight/google_0220.jpg,Tomato___Late_blight,val
plantwild/extracted/plantwild/images/tomato late blight/58.jpg,Tomato___Late_blight,val
plantwild/extracted/plantwild/images/tomato late blight/google_0081.jpg,Tomato___Late_blight,val
plantwild/extracted/plantwild/images/tomato late blight/add (15).jpg,Tomato___Late_blight,val
plantwild/extracted/plantwild/images/tomato late blight/39.jpg,Tomato___Late_blight,val
plantwild/extracted/plantwild/images/tomato late blight/127.jpg,Tomato___Late_blight,val
plantwild/extracted/plantwild/images/tomato late blight/google_0023.jpg,Tomato___Late_blight,val
plantwild/extracted/plantwild/images/tomato late blight/google_0098.jpg,Tomato___Late_blight,val
plantwild/extracted/plantwild/images/tomato late blight/74.jpg,Tomato___Late_blight,val
plantwild/extracted/plantwild/images/tomato late blight/134.jpg,Tomato___Late_blight,val
plantwild/extracted/plantwild/images/tomato late blight/google_0263.jpg,Tomato___Late_blight,val
plantwild/extracted/plantwild/images/tomato late blight/google_0147.jpg,Tomato___Late_blight,val
plantwild/extracted/plantwild/images/tomato late blight/google_0035.jpg,Tomato___Late_blight,val
plantwild/extracted/plantwild/images/tomato late blight/19.jpg,Tomato___Late_blight,val
plantwild/extracted/plantwild/images/tomato late blight/102.jpg,Tomato___Late_blight,val
plantwild/extracted/plantwild/images/tomato late blight/130 - Copy.jpg,Tomato___Late_blight,val
plantwild/extracted/plantwild/images/tomato late blight/google_0067.jpg,Tomato___Late_blight,val
plantwild/extracted/plantwild/images/tomato late blight/google_0009.jpg,Tomato___Late_blight,val
plantwild/extracted/plantwild/images/tomato late blight/google_0195.jpg,Tomato___Late_blight,val
plantwild/extracted/plantwild/images/tomato late blight/4.jpg,Tomato___Late_blight,val
plantwild/extracted/plantwild/images/tomato late blight/120.jpg,Tomato___Late_blight,val
plantwild/extracted/plantwild/images/tomato late blight/207.jpg,Tomato___Late_blight,val
plantwild/extracted/plantwild/images/tomato late blight/google_0264.jpg,Tomato___Late_blight,val
plantwild/extracted/plantwild/images/tomato late blight/google_0063.jpg,Tomato___Late_blight,val
plantwild/extracted/plantwild/images/tomato late blight/google_0016.jpg,Tomato___Late_blight,val
plantwild/extracted/plantwild/images/tomato late blight/google_0235.jpg,Tomato___Late_blight,val
plantwild/extracted/plantwild/images/tomato late blight/8.jpg,Tomato___Late_blight,val
plantwild/extracted/plantwild/images/tomato late blight/google_0189.jpg,Tomato___Late_blight,val
plantwild/extracted/plantwild/images/tomato late blight/48.jpg,Tomato___Late_blight,val
plantwild/extracted/plantwild/images/tomato leaf mold/47.jpg,Tomato___Leaf_Mold,val
plantwild/extracted/plantwild/images/tomato leaf mold/google_0277.jpg,Tomato___Leaf_Mold,val
plantwild/extracted/plantwild/images/tomato leaf mold/226.jpg,Tomato___Leaf_Mold,val
plantwild/extracted/plantwild/images/tomato leaf mold/google_0174.jpg,Tomato___Leaf_Mold,val
plantwild/extracted/plantwild/images/tomato leaf mold/google_0222.jpg,Tomato___Leaf_Mold,val
plantwild/extracted/plantwild/images/tomato leaf mold/230.jpg,Tomato___Leaf_Mold,val
plantwild/extracted/plantwild/images/tomato leaf mold/150.jpg,Tomato___Leaf_Mold,val
plantwild/extracted/plantwild/images/tomato leaf mold/google_0284.jpg,Tomato___Leaf_Mold,val
plantwild/extracted/plantwild/images/tomato leaf mold/219.jpg,Tomato___Leaf_Mold,val
plantwild/extracted/plantwild/images/tomato leaf mold/google_0254.jpg,Tomato___Leaf_Mold,val
plantwild/extracted/plantwild/images/tomato leaf mold/69 - Copy.jpg,Tomato___Leaf_Mold,val
plantwild/extracted/plantwild/images/tomato leaf mold/google_0032.jpg,Tomato___Leaf_Mold,val
plantwild/extracted/plantwild/images/tomato leaf mold/94.jpg,Tomato___Leaf_Mold,val
plantwild/extracted/plantwild/images/tomato leaf mold/272 - Copy.jpg,Tomato___Leaf_Mold,val
plantwild/extracted/plantwild/images/tomato leaf mold/13.jpg,Tomato___Leaf_Mold,val
plantwild/extracted/plantwild/images/tomato leaf mold/google_0038.jpg,Tomato___Leaf_Mold,val
plantwild/extracted/plantwild/images/tomato leaf mold/google_0055.jpg,Tomato___Leaf_Mold,val
plantwild/extracted/plantwild/images/tomato leaf mold/google_0135.jpg,Tomato___Leaf_Mold,val
plantwild/extracted/plantwild/images/tomato leaf mold/18.jpg,Tomato___Leaf_Mold,val
plantwild/extracted/plantwild/images/tomato leaf mold/google_0261.jpg,Tomato___Leaf_Mold,val
plantwild/extracted/plantwild/images/tomato leaf mold/58 - Copy.jpg,Tomato___Leaf_Mold,val
plantwild/extracted/plantwild/images/tomato leaf mold/80.jpg,Tomato___Leaf_Mold,val
plantwild/extracted/plantwild/images/tomato leaf mold/22.jpg,Tomato___Leaf_Mold,val
plantwild/extracted/plantwild/images/tomato leaf mold/69 - Copy (3).jpg,Tomato___Leaf_Mold,val
plantwild/extracted/plantwild/images/tomato septoria leaf spot/83.jpg,Tomato___Septoria_leaf_spot,val
plantwild/extracted/plantwild/images/tomato septoria leaf spot/16.jpg,Tomato___Septoria_leaf_spot,val
plantwild/extracted/plantwild/images/tomato septoria leaf spot/google_0187 - Copy (2).jpg,Tomato___Septoria_leaf_spot,val
plantwild/extracted/plantwild/images/tomato septoria leaf spot/google_0037.jpg,Tomato___Septoria_leaf_spot,val
plantwild/extracted/plantwild/images/tomato septoria leaf spot/google_0068.jpg,Tomato___Septoria_leaf_spot,val
plantwild/extracted/plantwild/images/tomato septoria leaf spot/google_0266.jpg,Tomato___Septoria_leaf_spot,val
plantwild/extracted/plantwild/images/tomato septoria leaf spot/4.jpg,Tomato___Septoria_leaf_spot,val
plantwild/extracted/plantwild/images/tomato septoria leaf spot/google_0134.jpg,Tomato___Septoria_leaf_spot,val
plantwild/extracted/plantwild/images/tomato septoria leaf spot/google_0143.jpg,Tomato___Septoria_leaf_spot,val
plantwild/extracted/plantwild/images/tomato septoria leaf spot/88.jpg,Tomato___Septoria_leaf_spot,val
plantwild/extracted/plantwild/images/tomato septoria leaf spot/25.jpg,Tomato___Septoria_leaf_spot,val
plantwild/extracted/plantwild/images/tomato septoria leaf spot/google_0115.jpg,Tomato___Septoria_leaf_spot,val
plantwild/extracted/plantwild/images/tomato septoria leaf spot/23 - Copy.jpg,Tomato___Septoria_leaf_spot,val
plantwild/extracted/plantwild/images/tomato septoria leaf spot/google_0241.jpg,Tomato___Septoria_leaf_spot,val
plantwild/extracted/plantwild/images/tomato septoria leaf spot/google_0178.jpg,Tomato___Septoria_leaf_spot,val
plantwild/extracted/plantwild/images/tomato septoria leaf spot/google_0202.jpg,Tomato___Septoria_leaf_spot,val
plantwild/extracted/plantwild/images/tomato septoria leaf spot/5.jpg,Tomato___Septoria_leaf_spot,val
plantwild/extracted/plantwild/images/tomato septoria leaf spot/google_0223.jpg,Tomato___Septoria_leaf_spot,val
plantwild/extracted/plantwild/images/tomato septoria leaf spot/196.jpg,Tomato___Septoria_leaf_spot,val
plantwild/extracted/plantwild/images/tomato septoria leaf spot/google_0266 - Copy.jpg,Tomato___Septoria_leaf_spot,val
plantwild/extracted/plantwild/images/tomato septoria leaf spot/google_0027.jpg,Tomato___Septoria_leaf_spot,val
plantwild/extracted/plantwild/images/tomato septoria leaf spot/google_0072.jpg,Tomato___Septoria_leaf_spot,val
plantwild/extracted/plantwild/images/tomato yellow leaf curl virus/google_0065.jpg,Tomato___Tomato_Yellow_Leaf_Curl_Virus,val
plantwild/extracted/plantwild/images/tomato yellow leaf curl virus/google_0098.jpg,Tomato___Tomato_Yellow_Leaf_Curl_Virus,val
plantwild/extracted/plantwild/images/tomato yellow leaf curl virus/google_0052 - Copy.jpg,Tomato___Tomato_Yellow_Leaf_Curl_Virus,val
plantwild/extracted/plantwild/images/tomato yellow leaf curl virus/43 - Copy.jpg,Tomato___Tomato_Yellow_Leaf_Curl_Virus,val
plantwild/extracted/plantwild/images/tomato yellow leaf curl virus/google_0121 - Copy.jpg,Tomato___Tomato_Yellow_Leaf_Curl_Virus,val
plantwild/extracted/plantwild/images/tomato yellow leaf curl virus/google_0008.jpg,Tomato___Tomato_Yellow_Leaf_Curl_Virus,val
plantwild/extracted/plantwild/images/tomato yellow leaf curl virus/25.jpg,Tomato___Tomato_Yellow_Leaf_Curl_Virus,val
plantwild/extracted/plantwild/images/tomato yellow leaf curl virus/115.jpg,Tomato___Tomato_Yellow_Leaf_Curl_Virus,val
plantwild/extracted/plantwild/images/tomato yellow leaf curl virus/google_0018.jpg,Tomato___Tomato_Yellow_Leaf_Curl_Virus,val
plantwild/extracted/plantwild/images/tomato yellow leaf curl virus/google_0139.jpg,Tomato___Tomato_Yellow_Leaf_Curl_Virus,val
plantwild/extracted/plantwild/images/tomato yellow leaf curl virus/166.jpg,Tomato___Tomato_Yellow_Leaf_Curl_Virus,val
plantwild/extracted/plantwild/images/tomato yellow leaf curl virus/google_0172.jpg,Tomato___Tomato_Yellow_Leaf_Curl_Virus,val
plantwild/extracted/plantwild/images/tomato yellow leaf curl virus/google_0072 - Copy.jpg,Tomato___Tomato_Yellow_Leaf_Curl_Virus,val
plantwild/extracted/plantwild/images/tomato yellow leaf curl virus/google_0121.jpg,Tomato___Tomato_Yellow_Leaf_Curl_Virus,val
plantwild/extracted/plantwild/images/tomato yellow leaf curl virus/google_0070.jpg,Tomato___Tomato_Yellow_Leaf_Curl_Virus,val
plantwild/extracted/plantwild/images/tomato yellow leaf curl virus/41.jpg,Tomato___Tomato_Yellow_Leaf_Curl_Virus,val
plantwild/extracted/plantwild/images/tomato yellow leaf curl virus/google_0076.jpg,Tomato___Tomato_Yellow_Leaf_Curl_Virus,val
plantwild/extracted/plantwild/images/tomato mosaic virus/google_0057.jpg,Tomato___Tomato_mosaic_virus,val
plantwild/extracted/plantwild/images/tomato mosaic virus/264.jpg,Tomato___Tomato_mosaic_virus,val
plantwild/extracted/plantwild/images/tomato mosaic virus/192.jpg,Tomato___Tomato_mosaic_virus,val
plantwild/extracted/plantwild/images/tomato mosaic virus/google_0024.jpg,Tomato___Tomato_mosaic_virus,val
plantwild/extracted/plantwild/images/tomato mosaic virus/google_0034.jpg,Tomato___Tomato_mosaic_virus,val
plantwild/extracted/plantwild/images/tomato mosaic virus/6.jpg,Tomato___Tomato_mosaic_virus,val
plantwild/extracted/plantwild/images/tomato mosaic virus/167.jpg,Tomato___Tomato_mosaic_virus,val
plantwild/extracted/plantwild/images/tomato mosaic virus/google_0031.jpg,Tomato___Tomato_mosaic_virus,val
plantwild/extracted/plantwild/images/tomato mosaic virus/140.jpg,Tomato___Tomato_mosaic_virus,val
plantwild/extracted/plantwild/images/tomato mosaic virus/google_0204.jpg,Tomato___Tomato_mosaic_virus,val
plantwild/extracted/plantwild/images/tomato mosaic virus/google_0037.jpg,Tomato___Tomato_mosaic_virus,val
plantwild/extracted/plantwild/images/tomato mosaic virus/google_0101.jpg,Tomato___Tomato_mosaic_virus,val
plantwild/extracted/plantwild/images/tomato mosaic virus/43.jpg,Tomato___Tomato_mosaic_virus,val
plantwild/extracted/plantwild/images/tomato mosaic virus/44.jpg,Tomato___Tomato_mosaic_virus,val
plantwild/extracted/plantwild/images/tomato mosaic virus/197.jpg,Tomato___Tomato_mosaic_virus,val
plantwild/extracted/plantwild/images/tomato mosaic virus/google_0165.jpg,Tomato___Tomato_mosaic_virus,val
plantwild/extracted/plantwild/images/tomato mosaic virus/9.jpg,Tomato___Tomato_mosaic_virus,val
plantwild/extracted/plantwild/images/tomato mosaic virus/24.jpg,Tomato___Tomato_mosaic_virus,val
plantwild/extracted/plantwild/images/tomato mosaic virus/177.jpg,Tomato___Tomato_mosaic_virus,val
plantwild/extracted/plantwild/images/tomato leaf/65.jpg,Tomato___healthy,val
plantwild/extracted/plantwild/images/tomato leaf/google_0358.jpg,Tomato___healthy,val
plantwild/extracted/plantwild/images/tomato leaf/google_0183.jpg,Tomato___healthy,val
plantwild/extracted/plantwild/images/tomato leaf/145.jpg,Tomato___healthy,val
plantwild/extracted/plantwild/images/tomato leaf/google_0290.jpg,Tomato___healthy,val
plantwild/extracted/plantwild/images/tomato leaf/google_0022.jpg,Tomato___healthy,val
plantwild/extracted/plantwild/images/tomato leaf/49.jpg,Tomato___healthy,val
plantwild/extracted/plantwild/images/tomato leaf/148.jpg,Tomato___healthy,val
plantwild/extracted/plantwild/images/tomato leaf/google_0269.jpg,Tomato___healthy,val
plantwild/extracted/plantwild/images/tomato leaf/google_0124.jpg,Tomato___healthy,val
plantwild/extracted/plantwild/images/tomato leaf/google_0354.jpg,Tomato___healthy,val
plantwild/extracted/plantwild/images/tomato leaf/google_0116.jpg,Tomato___healthy,val
plantwild/extracted/plantwild/images/tomato leaf/google_0021.jpg,Tomato___healthy,val
plantwild/extracted/plantwild/images/tomato leaf/57.jpg,Tomato___healthy,val
plantwild/extracted/plantwild/images/tomato leaf/google_0127.jpg,Tomato___healthy,val
plantwild/extracted/plantwild/images/tomato leaf/google_0629.jpg,Tomato___healthy,val
plantwild/extracted/plantwild/images/tomato leaf/146.jpg,Tomato___healthy,val
plantwild/extracted/plantwild/images/tomato leaf/google_0380.jpg,Tomato___healthy,val
plantwild/extracted/plantwild/images/tomato leaf/google_0230.jpg,Tomato___healthy,val
plantwild/extracted/plantwild/images/tomato leaf/17.jpg,Tomato___healthy,val
plantwild/extracted/plantwild/images/tomato leaf/86.jpg,Tomato___healthy,val
plantwild/extracted/plantwild/images/tomato leaf/google_0049.jpg,Tomato___healthy,val
plantwild/extracted/plantwild/images/tomato leaf/google_0214.jpg,Tomato___healthy,val
plantwild/extracted/plantwild/images/apple scab/google_0268.jpg,Apple___Apple_scab,test
plantwild/extracted/plantwild/images/apple scab/24.jpg,Apple___Apple_scab,test
plantwild/extracted/plantwild/images/apple scab/google_0138.jpg,Apple___Apple_scab,test
plantwild/extracted/plantwild/images/apple scab/google_0306.jpg,Apple___Apple_scab,test
plantwild/extracted/plantwild/images/apple scab/google_0093.jpg,Apple___Apple_scab,test
plantwild/extracted/plantwild/images/apple scab/google_0013.jpg,Apple___Apple_scab,test
plantwild/extracted/plantwild/images/apple scab/google_0204.jpg,Apple___Apple_scab,test
plantwild/extracted/plantwild/images/apple scab/google_0210.jpg,Apple___Apple_scab,test
plantwild/extracted/plantwild/images/apple scab/google_0109.jpg,Apple___Apple_scab,test
plantwild/extracted/plantwild/images/apple scab/google_0111.jpg,Apple___Apple_scab,test
plantwild/extracted/plantwild/images/apple scab/google_0193.jpg,Apple___Apple_scab,test
plantwild/extracted/plantwild/images/apple scab/82.jpg,Apple___Apple_scab,test
plantwild/extracted/plantwild/images/apple scab/google_0080.jpg,Apple___Apple_scab,test
plantwild/extracted/plantwild/images/apple scab/27.jpg,Apple___Apple_scab,test
plantwild/extracted/plantwild/images/apple scab/google_0017.jpg,Apple___Apple_scab,test
plantwild/extracted/plantwild/images/apple scab/google_0232.jpg,Apple___Apple_scab,test
plantwild/extracted/plantwild/images/apple scab/39.jpg,Apple___Apple_scab,test
plantwild/extracted/plantwild/images/apple scab/google_0073.jpg,Apple___Apple_scab,test
plantwild/extracted/plantwild/images/apple scab/google_0043.jpg,Apple___Apple_scab,test
plantwild/extracted/plantwild/images/apple scab/google_0146.jpg,Apple___Apple_scab,test
plantwild/extracted/plantwild/images/apple scab/19.jpg,Apple___Apple_scab,test
plantwild/extracted/plantwild/images/apple scab/google_0187.jpg,Apple___Apple_scab,test
plantwild/extracted/plantwild/images/apple scab/google_0071.jpg,Apple___Apple_scab,test
plantwild/extracted/plantwild/images/apple scab/google_0134.jpg,Apple___Apple_scab,test
plantwild/extracted/plantwild/images/apple scab/google_0142.jpg,Apple___Apple_scab,test
plantwild/extracted/plantwild/images/apple scab/54.jpg,Apple___Apple_scab,test
plantwild/extracted/plantwild/images/apple scab/google_0157.jpg,Apple___Apple_scab,test
plantwild/extracted/plantwild/images/apple scab/google_0320.jpg,Apple___Apple_scab,test
plantwild/extracted/plantwild/images/apple scab/google_0323.jpg,Apple___Apple_scab,test
plantwild/extracted/plantwild/images/apple scab/google_0129.jpg,Apple___Apple_scab,test
plantwild/extracted/plantwild/images/apple scab/google_0035.jpg,Apple___Apple_scab,test
plantwild/extracted/plantwild/images/apple scab/92.jpg,Apple___Apple_scab,test
plantwild/extracted/plantwild/images/apple scab/google_0298.jpg,Apple___Apple_scab,test
plantwild/extracted/plantwild/images/apple scab/google_0132.jpg,Apple___Apple_scab,test
plantwild/extracted/plantwild/images/apple scab/google_0318.jpg,Apple___Apple_scab,test
plantwild/extracted/plantwild/images/apple scab/96.jpg,Apple___Apple_scab,test
plantwild/extracted/plantwild/images/apple scab/118.jpg,Apple___Apple_scab,test
plantwild/extracted/plantwild/images/apple scab/google_0082.jpg,Apple___Apple_scab,test
plantwild/extracted/plantwild/images/apple scab/google_0218.jpg,Apple___Apple_scab,test
plantwild/extracted/plantwild/images/apple scab/google_0037.jpg,Apple___Apple_scab,test
plantwild/extracted/plantwild/images/apple scab/google_0195.jpg,Apple___Apple_scab,test
plantwild/extracted/plantwild/images/apple scab/google_0023.jpg,Apple___Apple_scab,test
plantwild/extracted/plantwild/images/apple scab/20.jpg,Apple___Apple_scab,test
plantwild/extracted/plantwild/images/apple scab/google_0281.jpg,Apple___Apple_scab,test
plantwild/extracted/plantwild/images/apple scab/google_0046.jpg,Apple___Apple_scab,test
plantwild/extracted/plantwild/images/apple scab/google_0036.jpg,Apple___Apple_scab,test
plantwild/extracted/plantwild/images/apple scab/52.jpg,Apple___Apple_scab,test
plantwild/extracted/plantwild/images/apple scab/22.jpg,Apple___Apple_scab,test
plantwild/extracted/plantwild/images/apple scab/23.jpg,Apple___Apple_scab,test
plantwild/extracted/plantwild/images/apple scab/google_0199.jpg,Apple___Apple_scab,test
plantwild/extracted/plantwild/images/apple scab/5.jpg,Apple___Apple_scab,test
plantwild/extracted/plantwild/images/apple scab/google_0315.jpg,Apple___Apple_scab,test
plantwild/extracted/plantwild/images/apple scab/57.jpg,Apple___Apple_scab,test
plantwild/extracted/plantwild/images/apple scab/76.jpg,Apple___Apple_scab,test
plantwild/extracted/plantwild/images/apple scab/google_0039.jpg,Apple___Apple_scab,test
plantwild/extracted/plantwild/images/apple scab/google_0058 - Copy.jpg,Apple___Apple_scab,test
plantwild/extracted/plantwild/images/apple scab/google_0078.jpg,Apple___Apple_scab,test
plantwild/extracted/plantwild/images/apple scab/2.jpg,Apple___Apple_scab,test
plantwild/extracted/plantwild/images/apple scab/62.jpg,Apple___Apple_scab,test
plantwild/extracted/plantwild/images/apple black rot/145.jpg,Apple___Black_rot,test
plantwild/extracted/plantwild/images/apple black rot/7.jpg,Apple___Black_rot,test
plantwild/extracted/plantwild/images/apple black rot/2.jpg,Apple___Black_rot,test
plantwild/extracted/plantwild/images/apple black rot/google_0043.jpg,Apple___Black_rot,test
plantwild/extracted/plantwild/images/apple black rot/67.jpg,Apple___Black_rot,test
plantwild/extracted/plantwild/images/apple black rot/google_0121.jpg,Apple___Black_rot,test
plantwild/extracted/plantwild/images/apple black rot/152.jpg,Apple___Black_rot,test
plantwild/extracted/plantwild/images/apple black rot/46.jpg,Apple___Black_rot,test
plantwild/extracted/plantwild/images/apple black rot/16.jpg,Apple___Black_rot,test
plantwild/extracted/plantwild/images/apple black rot/google_0083.jpg,Apple___Black_rot,test
plantwild/extracted/plantwild/images/apple black rot/google_0150.jpg,Apple___Black_rot,test
plantwild/extracted/plantwild/images/apple black rot/37.jpg,Apple___Black_rot,test
plantwild/extracted/plantwild/images/apple black rot/google_0096.jpg,Apple___Black_rot,test
plantwild/extracted/plantwild/images/apple black rot/google_0080.jpg,Apple___Black_rot,test
plantwild/extracted/plantwild/images/apple black rot/google_0071.jpg,Apple___Black_rot,test
plantwild/extracted/plantwild/images/apple black rot/google_0136.jpg,Apple___Black_rot,test
plantwild/extracted/plantwild/images/apple black rot/148.jpg,Apple___Black_rot,test
plantwild/extracted/plantwild/images/apple black rot/google_0158.jpg,Apple___Black_rot,test
plantwild/extracted/plantwild/images/apple black rot/google_0008.jpg,Apple___Black_rot,test
plantwild/extracted/plantwild/images/apple black rot/150.jpg,Apple___Black_rot,test
plantwild/extracted/plantwild/images/apple black rot/google_0101.jpg,Apple___Black_rot,test
plantwild/extracted/plantwild/images/apple black rot/google_0135.jpg,Apple___Black_rot,test
plantwild/extracted/plantwild/images/apple black rot/15.jpg,Apple___Black_rot,test
plantwild/extracted/plantwild/images/apple black rot/6.jpg,Apple___Black_rot,test
plantwild/extracted/plantwild/images/apple black rot/google_0001.jpg,Apple___Black_rot,test
plantwild/extracted/plantwild/images/apple black rot/47.jpg,Apple___Black_rot,test
plantwild/extracted/plantwild/images/apple black rot/35.jpg,Apple___Black_rot,test
plantwild/extracted/plantwild/images/apple black rot/google_0073.jpg,Apple___Black_rot,test
plantwild/extracted/plantwild/images/apple black rot/google_0115.jpg,Apple___Black_rot,test
plantwild/extracted/plantwild/images/apple black rot/google_0050.jpg,Apple___Black_rot,test
plantwild/extracted/plantwild/images/apple black rot/97.jpg,Apple___Black_rot,test
plantwild/extracted/plantwild/images/apple black rot/google_0063.jpg,Apple___Black_rot,test
plantwild/extracted/plantwild/images/apple black rot/74.jpg,Apple___Black_rot,test
plantwild/extracted/plantwild/images/apple black rot/google_0033.jpg,Apple___Black_rot,test
plantwild/extracted/plantwild/images/apple black rot/1.jpg,Apple___Black_rot,test
plantwild/extracted/plantwild/images/apple rust/84.jpg,Apple___Cedar_apple_rust,test
plantwild/extracted/plantwild/images/apple rust/95.jpg,Apple___Cedar_apple_rust,test
plantwild/extracted/plantwild/images/apple rust/47.jpg,Apple___Cedar_apple_rust,test
plantwild/extracted/plantwild/images/apple rust/google_0193.jpg,Apple___Cedar_apple_rust,test
plantwild/extracted/plantwild/images/apple rust/google_0177.jpg,Apple___Cedar_apple_rust,test
plantwild/extracted/plantwild/images/apple rust/google_0034.jpg,Apple___Cedar_apple_rust,test
plantwild/extracted/plantwild/images/apple rust/google_0098.jpg,Apple___Cedar_apple_rust,test
plantwild/extracted/plantwild/images/apple rust/79.jpg,Apple___Cedar_apple_rust,test
plantwild/extracted/plantwild/images/apple rust/76.jpg,Apple___Cedar_apple_rust,test
plantwild/extracted/plantwild/images/apple rust/google_0032.jpg,Apple___Cedar_apple_rust,test
plantwild/extracted/plantwild/images/apple rust/google_0041.jpg,Apple___Cedar_apple_rust,test
plantwild/extracted/plantwild/images/apple rust/google_0210.jpg,Apple___Cedar_apple_rust,test
plantwild/extracted/plantwild/images/apple rust/google_0112.jpg,Apple___Cedar_apple_rust,test
plantwild/extracted/plantwild/images/apple rust/google_0040.jpg,Apple___Cedar_apple_rust,test
plantwild/extracted/plantwild/images/apple rust/52.jpg,Apple___Cedar_apple_rust,test
plantwild/extracted/plantwild/images/apple rust/google_0091.jpg,Apple___Cedar_apple_rust,test
plantwild/extracted/plantwild/images/apple rust/google_0121.jpg,Apple___Cedar_apple_rust,test
plantwild/extracted/plantwild/images/apple rust/65.jpg,Apple___Cedar_apple_rust,test
plantwild/extracted/plantwild/images/apple rust/28.jpg,Apple___Cedar_apple_rust,test
plantwild/extracted/plantwild/images/apple rust/google_0037.jpg,Apple___Cedar_apple_rust,test
plantwild/extracted/plantwild/images/apple rust/google_0111.jpg,Apple___Cedar_apple_rust,test
plantwild/extracted/plantwild/images/apple rust/google_0057.jpg,Apple___Cedar_apple_rust,test
plantwild/extracted/plantwild/images/apple rust/google_0114.jpg,Apple___Cedar_apple_rust,test
plantwild/extracted/plantwild/images/apple rust/google_0046.jpg,Apple___Cedar_apple_rust,test
plantwild/extracted/plantwild/images/apple rust/google_0181.jpg,Apple___Cedar_apple_rust,test
plantwild/extracted/plantwild/images/apple rust/google_0039.jpg,Apple___Cedar_apple_rust,test
plantwild/extracted/plantwild/images/apple rust/26 - Copy.jpg,Apple___Cedar_apple_rust,test
plantwild/extracted/plantwild/images/apple rust/google_0220.jpg,Apple___Cedar_apple_rust,test
plantwild/extracted/plantwild/images/apple rust/google_0236.jpg,Apple___Cedar_apple_rust,test
plantwild/extracted/plantwild/images/apple rust/google_0245.jpg,Apple___Cedar_apple_rust,test
plantwild/extracted/plantwild/images/apple rust/google_0126.jpg,Apple___Cedar_apple_rust,test
plantwild/extracted/plantwild/images/apple rust/google_0081.jpg,Apple___Cedar_apple_rust,test
plantwild/extracted/plantwild/images/apple rust/67.jpg,Apple___Cedar_apple_rust,test
plantwild/extracted/plantwild/images/apple rust/google_0201.jpg,Apple___Cedar_apple_rust,test
plantwild/extracted/plantwild/images/apple rust/google_0190.jpg,Apple___Cedar_apple_rust,test
plantwild/extracted/plantwild/images/apple rust/1.jpg,Apple___Cedar_apple_rust,test
plantwild/extracted/plantwild/images/apple rust/google_0219.jpg,Apple___Cedar_apple_rust,test
plantwild/extracted/plantwild/images/apple rust/138.jpg,Apple___Cedar_apple_rust,test
plantwild/extracted/plantwild/images/apple rust/google_0009.jpg,Apple___Cedar_apple_rust,test
plantwild/extracted/plantwild/images/apple rust/64.jpg,Apple___Cedar_apple_rust,test
plantwild/extracted/plantwild/images/apple rust/google_0094.jpg,Apple___Cedar_apple_rust,test
plantwild/extracted/plantwild/images/apple rust/google_0233.jpg,Apple___Cedar_apple_rust,test
plantwild/extracted/plantwild/images/apple rust/google_0183.jpg,Apple___Cedar_apple_rust,test
plantwild/extracted/plantwild/images/apple rust/google_0129.jpg,Apple___Cedar_apple_rust,test
plantwild/extracted/plantwild/images/apple rust/google_0049.jpg,Apple___Cedar_apple_rust,test
plantwild/extracted/plantwild/images/apple rust/google_0068.jpg,Apple___Cedar_apple_rust,test
plantwild/extracted/plantwild/images/apple rust/google_0128.jpg,Apple___Cedar_apple_rust,test
plantwild/extracted/plantwild/images/apple rust/20.jpg,Apple___Cedar_apple_rust,test
plantwild/extracted/plantwild/images/apple rust/134.jpg,Apple___Cedar_apple_rust,test
plantwild/extracted/plantwild/images/apple rust/google_0017.jpg,Apple___Cedar_apple_rust,test
plantwild/extracted/plantwild/images/apple rust/55.jpg,Apple___Cedar_apple_rust,test
plantwild/extracted/plantwild/images/apple rust/google_0013.jpg,Apple___Cedar_apple_rust,test
plantwild/extracted/plantwild/images/apple rust/23.jpg,Apple___Cedar_apple_rust,test
plantwild/extracted/plantwild/images/apple rust/125.jpg,Apple___Cedar_apple_rust,test
plantwild/extracted/plantwild/images/apple rust/google_0059.jpg,Apple___Cedar_apple_rust,test
plantwild/extracted/plantwild/images/apple rust/google_0200.jpg,Apple___Cedar_apple_rust,test
plantwild/extracted/plantwild/images/apple rust/google_0106.jpg,Apple___Cedar_apple_rust,test
plantwild/extracted/plantwild/images/apple rust/google_0182.jpg,Apple___Cedar_apple_rust,test
plantwild/extracted/plantwild/images/apple rust/google_0072.jpg,Apple___Cedar_apple_rust,test
plantwild/extracted/plantwild/images/apple rust/google_0027.jpg,Apple___Cedar_apple_rust,test
plantwild/extracted/plantwild/images/apple rust/154.jpg,Apple___Cedar_apple_rust,test
plantwild/extracted/plantwild/images/apple leaf/164.jpg,Apple___healthy,test
plantwild/extracted/plantwild/images/apple leaf/223.jpg,Apple___healthy,test
plantwild/extracted/plantwild/images/apple leaf/233.jpg,Apple___healthy,test
plantwild/extracted/plantwild/images/apple leaf/google_0259.jpg,Apple___healthy,test
plantwild/extracted/plantwild/images/apple leaf/google_0566.jpg,Apple___healthy,test
plantwild/extracted/plantwild/images/apple leaf/38.jpg,Apple___healthy,test
plantwild/extracted/plantwild/images/apple leaf/google_0423.jpg,Apple___healthy,test
plantwild/extracted/plantwild/images/apple leaf/287.jpg,Apple___healthy,test
plantwild/extracted/plantwild/images/apple leaf/275.jpg,Apple___healthy,test
plantwild/extracted/plantwild/images/apple leaf/86.jpg,Apple___healthy,test
plantwild/extracted/plantwild/images/apple leaf/323.jpg,Apple___healthy,test
plantwild/extracted/plantwild/images/apple leaf/282.jpg,Apple___healthy,test
plantwild/extracted/plantwild/images/apple leaf/77.jpg,Apple___healthy,test
plantwild/extracted/plantwild/images/apple leaf/88.jpg,Apple___healthy,test
plantwild/extracted/plantwild/images/apple leaf/47.jpg,Apple___healthy,test
plantwild/extracted/plantwild/images/apple leaf/295.jpg,Apple___healthy,test
plantwild/extracted/plantwild/images/apple leaf/google_0001.jpg,Apple___healthy,test
plantwild/extracted/plantwild/images/apple leaf/google_0092.jpg,Apple___healthy,test
plantwild/extracted/plantwild/images/apple leaf/263.jpg,Apple___healthy,test
plantwild/extracted/plantwild/images/apple leaf/google_0505.jpg,Apple___healthy,test
plantwild/extracted/plantwild/images/apple leaf/google_0149.jpg,Apple___healthy,test
plantwild/extracted/plantwild/images/apple leaf/313.jpg,Apple___healthy,test
plantwild/extracted/plantwild/images/apple leaf/219.jpg,Apple___healthy,test
plantwild/extracted/plantwild/images/apple leaf/257.jpg,Apple___healthy,test
plantwild/extracted/plantwild/images/apple leaf/150.jpg,Apple___healthy,test
plantwild/extracted/plantwild/images/apple leaf/11.jpg,Apple___healthy,test
plantwild/extracted/plantwild/images/apple leaf/35.jpg,Apple___healthy,test
plantwild/extracted/plantwild/images/apple leaf/55.jpg,Apple___healthy,test
plantwild/extracted/plantwild/images/apple leaf/google_0207.jpg,Apple___healthy,test
plantwild/extracted/plantwild/images/apple leaf/google_0062.jpg,Apple___healthy,test
plantwild/extracted/plantwild/images/apple leaf/48.jpg,Apple___healthy,test
plantwild/extracted/plantwild/images/apple leaf/google_0143.jpg,Apple___healthy,test
plantwild/extracted/plantwild/images/apple leaf/google_0390.jpg,Apple___healthy,test
plantwild/extracted/plantwild/images/apple leaf/google_0374.jpg,Apple___healthy,test
plantwild/extracted/plantwild/images/apple leaf/google_0407.jpg,Apple___healthy,test
plantwild/extracted/plantwild/images/apple leaf/54.jpg,Apple___healthy,test
plantwild/extracted/plantwild/images/apple leaf/314.jpg,Apple___healthy,test
plantwild/extracted/plantwild/images/apple leaf/google_0224.jpg,Apple___healthy,test
plantwild/extracted/plantwild/images/apple leaf/228.jpg,Apple___healthy,test
plantwild/extracted/plantwild/images/apple leaf/146.jpg,Apple___healthy,test
plantwild/extracted/plantwild/images/apple leaf/201.jpg,Apple___healthy,test
plantwild/extracted/plantwild/images/apple leaf/69.jpg,Apple___healthy,test
plantwild/extracted/plantwild/images/apple leaf/106.jpg,Apple___healthy,test
plantwild/extracted/plantwild/images/apple leaf/89.jpg,Apple___healthy,test
plantwild/extracted/plantwild/images/apple leaf/247.jpg,Apple___healthy,test
plantwild/extracted/plantwild/images/apple leaf/google_0182.jpg,Apple___healthy,test
plantwild/extracted/plantwild/images/apple leaf/google_0011.jpg,Apple___healthy,test
plantwild/extracted/plantwild/images/apple leaf/25.jpg,Apple___healthy,test
plantwild/extracted/plantwild/images/apple leaf/280.jpg,Apple___healthy,test
plantwild/extracted/plantwild/images/apple leaf/239.jpg,Apple___healthy,test
plantwild/extracted/plantwild/images/apple leaf/288.jpg,Apple___healthy,test
plantwild/extracted/plantwild/images/apple leaf/213.jpg,Apple___healthy,test
plantwild/extracted/plantwild/images/apple leaf/53.jpg,Apple___healthy,test
plantwild/extracted/plantwild/images/apple leaf/198.jpg,Apple___healthy,test
plantwild/extracted/plantwild/images/apple leaf/272.jpg,Apple___healthy,test
plantwild/extracted/plantwild/images/apple leaf/59.jpg,Apple___healthy,test
plantwild/extracted/plantwild/images/apple leaf/115.jpg,Apple___healthy,test
plantwild/extracted/plantwild/images/apple leaf/278.jpg,Apple___healthy,test
plantwild/extracted/plantwild/images/apple leaf/30.jpg,Apple___healthy,test
plantwild/extracted/plantwild/images/apple leaf/google_0112.jpg,Apple___healthy,test
plantwild/extracted/plantwild/images/apple leaf/google_0021.jpg,Apple___healthy,test
plantwild/extracted/plantwild/images/apple leaf/95.jpg,Apple___healthy,test
plantwild/extracted/plantwild/images/apple leaf/42.jpg,Apple___healthy,test
plantwild/extracted/plantwild/images/apple leaf/google_0345.jpg,Apple___healthy,test
plantwild/extracted/plantwild/images/apple leaf/229.jpg,Apple___healthy,test
plantwild/extracted/plantwild/images/apple leaf/36.jpg,Apple___healthy,test
plantwild/extracted/plantwild/images/apple leaf/248.jpg,Apple___healthy,test
plantwild/extracted/plantwild/images/apple leaf/147.jpg,Apple___healthy,test
plantwild/extracted/plantwild/images/apple leaf/23.jpg,Apple___healthy,test
plantwild/extracted/plantwild/images/apple leaf/271.jpg,Apple___healthy,test
plantwild/extracted/plantwild/images/apple leaf/243.jpg,Apple___healthy,test
plantwild/extracted/plantwild/images/apple leaf/google_0008.jpg,Apple___healthy,test
plantwild/extracted/plantwild/images/apple leaf/google_0262.jpg,Apple___healthy,test
plantwild/extracted/plantwild/images/apple leaf/google_0514.jpg,Apple___healthy,test
plantwild/extracted/plantwild/images/apple leaf/330.jpg,Apple___healthy,test
plantwild/extracted/plantwild/images/apple leaf/43.jpg,Apple___healthy,test
plantwild/extracted/plantwild/images/apple leaf/51.jpg,Apple___healthy,test
plantwild/extracted/plantwild/images/apple leaf/google_0403.jpg,Apple___healthy,test
plantwild/extracted/plantwild/images/apple leaf/80.jpg,Apple___healthy,test
plantwild/extracted/plantwild/images/apple leaf/google_0481.jpg,Apple___healthy,test
plantwild/extracted/plantwild/images/apple leaf/google_0025.jpg,Apple___healthy,test
plantwild/extracted/plantwild/images/apple leaf/244.jpg,Apple___healthy,test
plantwild/extracted/plantwild/images/apple leaf/google_0073.jpg,Apple___healthy,test
plantwild/extracted/plantwild/images/apple leaf/71.jpg,Apple___healthy,test
plantwild/extracted/plantwild/images/apple leaf/google_0265.jpg,Apple___healthy,test
plantwild/extracted/plantwild/images/apple leaf/194.jpg,Apple___healthy,test
plantwild/extracted/plantwild/images/apple leaf/33.jpg,Apple___healthy,test
plantwild/extracted/plantwild/images/apple leaf/182.jpg,Apple___healthy,test
plantwild/extracted/plantwild/images/apple leaf/google_0201.jpg,Apple___healthy,test
plantwild/extracted/plantwild/images/blueberry leaf/156.jpg,Blueberry___healthy,test
plantwild/extracted/plantwild/images/blueberry leaf/82.jpg,Blueberry___healthy,test
plantwild/extracted/plantwild/images/blueberry leaf/172.jpg,Blueberry___healthy,test
plantwild/extracted/plantwild/images/blueberry leaf/21.jpg,Blueberry___healthy,test
plantwild/extracted/plantwild/images/blueberry leaf/google_0059.jpg,Blueberry___healthy,test
plantwild/extracted/plantwild/images/blueberry leaf/google_0239.jpg,Blueberry___healthy,test
plantwild/extracted/plantwild/images/blueberry leaf/174.jpg,Blueberry___healthy,test
plantwild/extracted/plantwild/images/blueberry leaf/google_0058.jpg,Blueberry___healthy,test
plantwild/extracted/plantwild/images/blueberry leaf/google_0031.jpg,Blueberry___healthy,test
plantwild/extracted/plantwild/images/blueberry leaf/189.jpg,Blueberry___healthy,test
plantwild/extracted/plantwild/images/blueberry leaf/google_0503.jpg,Blueberry___healthy,test
plantwild/extracted/plantwild/images/blueberry leaf/google_0185.jpg,Blueberry___healthy,test
plantwild/extracted/plantwild/images/blueberry leaf/google_0105.jpg,Blueberry___healthy,test
plantwild/extracted/plantwild/images/blueberry leaf/45.jpg,Blueberry___healthy,test
plantwild/extracted/plantwild/images/blueberry leaf/google_0246.jpg,Blueberry___healthy,test
plantwild/extracted/plantwild/images/blueberry leaf/75.jpg,Blueberry___healthy,test
plantwild/extracted/plantwild/images/blueberry leaf/google_0414.jpg,Blueberry___healthy,test
plantwild/extracted/plantwild/images/blueberry leaf/11.jpg,Blueberry___healthy,test
plantwild/extracted/plantwild/images/blueberry leaf/google_0019.jpg,Blueberry___healthy,test
plantwild/extracted/plantwild/images/blueberry leaf/google_0036.jpg,Blueberry___healthy,test
plantwild/extracted/plantwild/images/blueberry leaf/97.jpg,Blueberry___healthy,test
plantwild/extracted/plantwild/images/blueberry leaf/google_0135.jpg,Blueberry___healthy,test
plantwild/extracted/plantwild/images/blueberry leaf/62.jpg,Blueberry___healthy,test
plantwild/extracted/plantwild/images/blueberry leaf/100.jpg,Blueberry___healthy,test
plantwild/extracted/plantwild/images/blueberry leaf/186.jpg,Blueberry___healthy,test
plantwild/extracted/plantwild/images/blueberry leaf/google_0399.jpg,Blueberry___healthy,test
plantwild/extracted/plantwild/images/blueberry leaf/9.jpg,Blueberry___healthy,test
plantwild/extracted/plantwild/images/blueberry leaf/google_0103.jpg,Blueberry___healthy,test
plantwild/extracted/plantwild/images/blueberry leaf/google_0292.jpg,Blueberry___healthy,test
plantwild/extracted/plantwild/images/blueberry leaf/103.jpg,Blueberry___healthy,test
plantwild/extracted/plantwild/images/blueberry leaf/google_0331.jpg,Blueberry___healthy,test
plantwild/extracted/plantwild/images/blueberry leaf/71.jpg,Blueberry___healthy,test
plantwild/extracted/plantwild/images/blueberry leaf/google_0009.jpg,Blueberry___healthy,test
plantwild/extracted/plantwild/images/blueberry leaf/google_0024.jpg,Blueberry___healthy,test
plantwild/extracted/plantwild/images/blueberry leaf/4.jpg,Blueberry___healthy,test
plantwild/extracted/plantwild/images/blueberry leaf/170.jpg,Blueberry___healthy,test
plantwild/extracted/plantwild/images/blueberry leaf/google_0287.jpg,Blueberry___healthy,test
plantwild/extracted/plantwild/images/blueberry leaf/google_0026.jpg,Blueberry___healthy,test
plantwild/extracted/plantwild/images/blueberry leaf/220.jpg,Blueberry___healthy,test
plantwild/extracted/plantwild/images/blueberry leaf/74.jpg,Blueberry___healthy,test
plantwild/extracted/plantwild/images/blueberry leaf/google_0195.jpg,Blueberry___healthy,test
plantwild/extracted/plantwild/images/blueberry leaf/47.jpg,Blueberry___healthy,test
plantwild/extracted/plantwild/images/blueberry leaf/google_0121.jpg,Blueberry___healthy,test
plantwild/extracted/plantwild/images/blueberry leaf/73.jpg,Blueberry___healthy,test
plantwild/extracted/plantwild/images/blueberry leaf/98.jpg,Blueberry___healthy,test
plantwild/extracted/plantwild/images/blueberry leaf/google_0145.jpg,Blueberry___healthy,test
plantwild/extracted/plantwild/images/blueberry leaf/138.jpg,Blueberry___healthy,test
plantwild/extracted/plantwild/images/blueberry leaf/197.jpg,Blueberry___healthy,test
plantwild/extracted/plantwild/images/blueberry leaf/66.jpg,Blueberry___healthy,test
plantwild/extracted/plantwild/images/blueberry leaf/google_0219.jpg,Blueberry___healthy,test
plantwild/extracted/plantwild/images/blueberry leaf/102.jpg,Blueberry___healthy,test
plantwild/extracted/plantwild/images/blueberry leaf/google_0502.jpg,Blueberry___healthy,test
plantwild/extracted/plantwild/images/blueberry leaf/google_0199.jpg,Blueberry___healthy,test
plantwild/extracted/plantwild/images/blueberry leaf/49.jpg,Blueberry___healthy,test
plantwild/extracted/plantwild/images/blueberry leaf/google_0206.jpg,Blueberry___healthy,test
plantwild/extracted/plantwild/images/blueberry leaf/37.jpg,Blueberry___healthy,test
plantwild/extracted/plantwild/images/cherry powdery mildew/google_0036.jpg,Cherry___Powdery_mildew,test
plantwild/extracted/plantwild/images/cherry powdery mildew/20.jpg,Cherry___Powdery_mildew,test
plantwild/extracted/plantwild/images/cherry powdery mildew/google_0137.jpg,Cherry___Powdery_mildew,test
plantwild/extracted/plantwild/images/cherry powdery mildew/google_0113.jpg,Cherry___Powdery_mildew,test
plantwild/extracted/plantwild/images/cherry powdery mildew/google_0115.jpg,Cherry___Powdery_mildew,test
plantwild/extracted/plantwild/images/cherry powdery mildew/google_0164.jpg,Cherry___Powdery_mildew,test
plantwild/extracted/plantwild/images/cherry powdery mildew/google_0010.jpg,Cherry___Powdery_mildew,test
plantwild/extracted/plantwild/images/cherry powdery mildew/google_0126.jpg,Cherry___Powdery_mildew,test
plantwild/extracted/plantwild/images/cherry powdery mildew/141.jpg,Cherry___Powdery_mildew,test
plantwild/extracted/plantwild/images/cherry powdery mildew/15.jpg,Cherry___Powdery_mildew,test
plantwild/extracted/plantwild/images/cherry powdery mildew/13.jpg,Cherry___Powdery_mildew,test
plantwild/extracted/plantwild/images/cherry powdery mildew/google_0019.jpg,Cherry___Powdery_mildew,test
plantwild/extracted/plantwild/images/cherry powdery mildew/google_0077.jpg,Cherry___Powdery_mildew,test
plantwild/extracted/plantwild/images/cherry powdery mildew/24.jpg,Cherry___Powdery_mildew,test
plantwild/extracted/plantwild/images/cherry powdery mildew/76.jpg,Cherry___Powdery_mildew,test
plantwild/extracted/plantwild/images/cherry powdery mildew/44.jpg,Cherry___Powdery_mildew,test
plantwild/extracted/plantwild/images/cherry powdery mildew/google_0074.jpg,Cherry___Powdery_mildew,test
plantwild/extracted/plantwild/images/cherry powdery mildew/google_0153.jpg,Cherry___Powdery_mildew,test
plantwild/extracted/plantwild/images/cherry powdery mildew/google_0006.jpg,Cherry___Powdery_mildew,test
plantwild/extracted/plantwild/images/cherry powdery mildew/59.jpg,Cherry___Powdery_mildew,test
plantwild/extracted/plantwild/images/cherry powdery mildew/16.jpg,Cherry___Powdery_mildew,test
plantwild/extracted/plantwild/images/cherry powdery mildew/google_0105.jpg,Cherry___Powdery_mildew,test
plantwild/extracted/plantwild/images/cherry powdery mildew/google_0004.jpg,Cherry___Powdery_mildew,test
plantwild/extracted/plantwild/images/cherry leaf/12.jpg,Cherry___healthy,test
plantwild/extracted/plantwild/images/cherry leaf/26.jpg,Cherry___healthy,test
plantwild/extracted/plantwild/images/cherry leaf/google_0005.jpg,Cherry___healthy,test
plantwild/extracted/plantwild/images/cherry leaf/google_0091.jpg,Cherry___healthy,test
plantwild/extracted/plantwild/images/cherry leaf/google_0256.jpg,Cherry___healthy,test
plantwild/extracted/plantwild/images/cherry leaf/87.jpg,Cherry___healthy,test
plantwild/extracted/plantwild/images/cherry leaf/google_0069.jpg,Cherry___healthy,test
plantwild/extracted/plantwild/images/cherry leaf/139.jpg,Cherry___healthy,test
plantwild/extracted/plantwild/images/cherry leaf/194.jpg,Cherry___healthy,test
plantwild/extracted/plantwild/images/cherry leaf/103.jpg,Cherry___healthy,test
plantwild/extracted/plantwild/images/cherry leaf/google_0225.jpg,Cherry___healthy,test
plantwild/extracted/plantwild/images/cherry leaf/126.jpg,Cherry___healthy,test
plantwild/extracted/plantwild/images/cherry leaf/184.jpg,Cherry___healthy,test
plantwild/extracted/plantwild/images/cherry leaf/39.jpg,Cherry___healthy,test
plantwild/extracted/plantwild/images/cherry leaf/91.jpg,Cherry___healthy,test
plantwild/extracted/plantwild/images/cherry leaf/google_0321.jpg,Cherry___healthy,test
plantwild/extracted/plantwild/images/cherry leaf/36.jpg,Cherry___healthy,test
plantwild/extracted/plantwild/images/cherry leaf/76.jpg,Cherry___healthy,test
plantwild/extracted/plantwild/images/cherry leaf/41.jpg,Cherry___healthy,test
plantwild/extracted/plantwild/images/cherry leaf/77.jpg,Cherry___healthy,test
plantwild/extracted/plantwild/images/cherry leaf/191.jpg,Cherry___healthy,test
plantwild/extracted/plantwild/images/cherry leaf/google_0349.jpg,Cherry___healthy,test
plantwild/extracted/plantwild/images/cherry leaf/117.jpg,Cherry___healthy,test
plantwild/extracted/plantwild/images/cherry leaf/google_0198.jpg,Cherry___healthy,test
plantwild/extracted/plantwild/images/cherry leaf/google_0323.jpg,Cherry___healthy,test
plantwild/extracted/plantwild/images/cherry leaf/102.jpg,Cherry___healthy,test
plantwild/extracted/plantwild/images/cherry leaf/google_0149.jpg,Cherry___healthy,test
plantwild/extracted/plantwild/images/cherry leaf/119.jpg,Cherry___healthy,test
plantwild/extracted/plantwild/images/cherry leaf/google_0063.jpg,Cherry___healthy,test
plantwild/extracted/plantwild/images/cherry leaf/132.jpg,Cherry___healthy,test
plantwild/extracted/plantwild/images/cherry leaf/google_0011.jpg,Cherry___healthy,test
plantwild/extracted/plantwild/images/cherry leaf/google_0282.jpg,Cherry___healthy,test
plantwild/extracted/plantwild/images/cherry leaf/5.jpg,Cherry___healthy,test
plantwild/extracted/plantwild/images/cherry leaf/google_0043.jpg,Cherry___healthy,test
plantwild/extracted/plantwild/images/cherry leaf/176.jpg,Cherry___healthy,test
plantwild/extracted/plantwild/images/cherry leaf/23.jpg,Cherry___healthy,test
plantwild/extracted/plantwild/images/cherry leaf/google_0128.jpg,Cherry___healthy,test
plantwild/extracted/plantwild/images/cherry leaf/google_0258.jpg,Cherry___healthy,test
plantwild/extracted/plantwild/images/cherry leaf/google_0425.jpg,Cherry___healthy,test
plantwild/extracted/plantwild/images/cherry leaf/171.jpg,Cherry___healthy,test
plantwild/extracted/plantwild/images/cherry leaf/95.jpg,Cherry___healthy,test
plantwild/extracted/plantwild/images/cherry leaf/78.jpg,Cherry___healthy,test
plantwild/extracted/plantwild/images/cherry leaf/61.jpg,Cherry___healthy,test
plantwild/extracted/plantwild/images/cherry leaf/180.jpg,Cherry___healthy,test
plantwild/extracted/plantwild/images/cherry leaf/40.jpg,Cherry___healthy,test
plantwild/extracted/plantwild/images/cherry leaf/83.jpg,Cherry___healthy,test
plantwild/extracted/plantwild/images/cherry leaf/37.jpg,Cherry___healthy,test
plantwild/extracted/plantwild/images/cherry leaf/101.jpg,Cherry___healthy,test
plantwild/extracted/plantwild/images/cherry leaf/125.jpg,Cherry___healthy,test
plantwild/extracted/plantwild/images/cherry leaf/google_0062.jpg,Cherry___healthy,test
plantwild/extracted/plantwild/images/cherry leaf/45.jpg,Cherry___healthy,test
plantwild/extracted/plantwild/images/cherry leaf/120.jpg,Cherry___healthy,test
plantwild/extracted/plantwild/images/cherry leaf/86.jpg,Cherry___healthy,test
plantwild/extracted/plantwild/images/cherry leaf/google_0371.jpg,Cherry___healthy,test
plantwild/extracted/plantwild/images/cherry leaf/google_0237.jpg,Cherry___healthy,test
plantwild/extracted/plantwild/images/cherry leaf/75.jpg,Cherry___healthy,test
plantwild/extracted/plantwild/images/cherry leaf/166.jpg,Cherry___healthy,test
plantwild/extracted/plantwild/images/corn gray leaf spot/12.jpg,Corn___Cercospora_leaf_spot Gray_leaf_spot,test
plantwild/extracted/plantwild/images/corn gray leaf spot/google_0216.jpg,Corn___Cercospora_leaf_spot Gray_leaf_spot,test
plantwild/extracted/plantwild/images/corn gray leaf spot/10.jpg,Corn___Cercospora_leaf_spot Gray_leaf_spot,test
plantwild/extracted/plantwild/images/corn gray leaf spot/google_0153.jpg,Corn___Cercospora_leaf_spot Gray_leaf_spot,test
plantwild/extracted/plantwild/images/corn gray leaf spot/google_0087.jpg,Corn___Cercospora_leaf_spot Gray_leaf_spot,test
plantwild/extracted/plantwild/images/corn gray leaf spot/google_0192.jpg,Corn___Cercospora_leaf_spot Gray_leaf_spot,test
plantwild/extracted/plantwild/images/corn gray leaf spot/google_0196.jpg,Corn___Cercospora_leaf_spot Gray_leaf_spot,test
plantwild/extracted/plantwild/images/corn gray leaf spot/google_0188.jpg,Corn___Cercospora_leaf_spot Gray_leaf_spot,test
plantwild/extracted/plantwild/images/corn gray leaf spot/google_0096.jpg,Corn___Cercospora_leaf_spot Gray_leaf_spot,test
plantwild/extracted/plantwild/images/corn gray leaf spot/google_0026.jpg,Corn___Cercospora_leaf_spot Gray_leaf_spot,test
plantwild/extracted/plantwild/images/corn gray leaf spot/2 - Copy (3).jpg,Corn___Cercospora_leaf_spot Gray_leaf_spot,test
plantwild/extracted/plantwild/images/corn gray leaf spot/61 - Copy (2).jpg,Corn___Cercospora_leaf_spot Gray_leaf_spot,test
plantwild/extracted/plantwild/images/corn gray leaf spot/google_0298.jpg,Corn___Cercospora_leaf_spot Gray_leaf_spot,test
plantwild/extracted/plantwild/images/corn gray leaf spot/google_0046.jpg,Corn___Cercospora_leaf_spot Gray_leaf_spot,test
plantwild/extracted/plantwild/images/corn gray leaf spot/google_0168.jpg,Corn___Cercospora_leaf_spot Gray_leaf_spot,test
plantwild/extracted/plantwild/images/corn gray leaf spot/google_0194.jpg,Corn___Cercospora_leaf_spot Gray_leaf_spot,test
plantwild/extracted/plantwild/images/corn gray leaf spot/39.jpg,Corn___Cercospora_leaf_spot Gray_leaf_spot,test
plantwild/extracted/plantwild/images/corn gray leaf spot/google_0040.jpg,Corn___Cercospora_leaf_spot Gray_leaf_spot,test
plantwild/extracted/plantwild/images/corn gray leaf spot/15.jpg,Corn___Cercospora_leaf_spot Gray_leaf_spot,test
plantwild/extracted/plantwild/images/corn gray leaf spot/google_0005.jpg,Corn___Cercospora_leaf_spot Gray_leaf_spot,test
plantwild/extracted/plantwild/images/corn gray leaf spot/google_0236.jpg,Corn___Cercospora_leaf_spot Gray_leaf_spot,test
plantwild/extracted/plantwild/images/corn gray leaf spot/32.jpg,Corn___Cercospora_leaf_spot Gray_leaf_spot,test
plantwild/extracted/plantwild/images/corn gray leaf spot/google_0062.jpg,Corn___Cercospora_leaf_spot Gray_leaf_spot,test
plantwild/extracted/plantwild/images/corn gray leaf spot/google_0008.jpg,Corn___Cercospora_leaf_spot Gray_leaf_spot,test
plantwild/extracted/plantwild/images/corn gray leaf spot/google_0059.jpg,Corn___Cercospora_leaf_spot Gray_leaf_spot,test
plantwild/extracted/plantwild/images/corn gray leaf spot/google_0107.jpg,Corn___Cercospora_leaf_spot Gray_leaf_spot,test
plantwild/extracted/plantwild/images/corn gray leaf spot/google_0066.jpg,Corn___Cercospora_leaf_spot Gray_leaf_spot,test
plantwild/extracted/plantwild/images/corn gray leaf spot/26 - Copy (2).jpg,Corn___Cercospora_leaf_spot Gray_leaf_spot,test
plantwild/extracted/plantwild/images/corn gray leaf spot/google_0075.jpg,Corn___Cercospora_leaf_spot Gray_leaf_spot,test
plantwild/extracted/plantwild/images/corn gray leaf spot/14.jpg,Corn___Cercospora_leaf_spot Gray_leaf_spot,test
plantwild/extracted/plantwild/images/corn gray leaf spot/google_0050.jpg,Corn___Cercospora_leaf_spot Gray_leaf_spot,test
plantwild/extracted/plantwild/images/corn gray leaf spot/google_0301.jpg,Corn___Cercospora_leaf_spot Gray_leaf_spot,test
plantwild/extracted/plantwild/images/corn gray leaf spot/google_0004.jpg,Corn___Cercospora_leaf_spot Gray_leaf_spot,test
plantwild/extracted/plantwild/images/corn gray leaf spot/35.jpg,Corn___Cercospora_leaf_spot Gray_leaf_spot,test
plantwild/extracted/plantwild/images/corn gray leaf spot/google_0083.jpg,Corn___Cercospora_leaf_spot Gray_leaf_spot,test
plantwild/extracted/plantwild/images/corn gray leaf spot/61.jpg,Corn___Cercospora_leaf_spot Gray_leaf_spot,test
plantwild/extracted/plantwild/images/corn gray leaf spot/google_0115.jpg,Corn___Cercospora_leaf_spot Gray_leaf_spot,test
plantwild/extracted/plantwild/images/corn gray leaf spot/google_0088.jpg,Corn___Cercospora_leaf_spot Gray_leaf_spot,test
plantwild/extracted/plantwild/images/corn gray leaf spot/google_0021.jpg,Corn___Cercospora_leaf_spot Gray_leaf_spot,test
plantwild/extracted/plantwild/images/corn gray leaf spot/74.jpg,Corn___Cercospora_leaf_spot Gray_leaf_spot,test
plantwild/extracted/plantwild/images/corn gray leaf spot/google_0230.jpg,Corn___Cercospora_leaf_spot Gray_leaf_spot,test
plantwild/extracted/plantwild/images/corn gray leaf spot/33.jpg,Corn___Cercospora_leaf_spot Gray_leaf_spot,test
plantwild/extracted/plantwild/images/corn gray leaf spot/google_0025.jpg,Corn___Cercospora_leaf_spot Gray_leaf_spot,test
plantwild/extracted/plantwild/images/corn rust/google_0122.jpg,Corn___Common_rust,test
plantwild/extracted/plantwild/images/corn rust/95.jpg,Corn___Common_rust,test
plantwild/extracted/plantwild/images/corn rust/google_0108.jpg,Corn___Common_rust,test
plantwild/extracted/plantwild/images/corn rust/87.jpg,Corn___Common_rust,test
plantwild/extracted/plantwild/images/corn rust/google_0114.jpg,Corn___Common_rust,test
plantwild/extracted/plantwild/images/corn rust/33.jpg,Corn___Common_rust,test
plantwild/extracted/plantwild/images/corn rust/google_0220.jpg,Corn___Common_rust,test
plantwild/extracted/plantwild/images/corn rust/google_0123.jpg,Corn___Common_rust,test
plantwild/extracted/plantwild/images/corn rust/53.jpg,Corn___Common_rust,test
plantwild/extracted/plantwild/images/corn rust/google_0026.jpg,Corn___Common_rust,test
plantwild/extracted/plantwild/images/corn rust/3.jpg,Corn___Common_rust,test
plantwild/extracted/plantwild/images/corn rust/43.jpg,Corn___Common_rust,test
plantwild/extracted/plantwild/images/corn rust/41 - Copy.jpg,Corn___Common_rust,test
plantwild/extracted/plantwild/images/corn rust/6.jpg,Corn___Common_rust,test
plantwild/extracted/plantwild/images/corn rust/google_0042.jpg,Corn___Common_rust,test
plantwild/extracted/plantwild/images/corn rust/google_0118.jpg,Corn___Common_rust,test
plantwild/extracted/plantwild/images/corn rust/8.jpg,Corn___Common_rust,test
plantwild/extracted/plantwild/images/corn rust/google_0088.jpg,Corn___Common_rust,test
plantwild/extracted/plantwild/images/corn rust/62.jpg,Corn___Common_rust,test
plantwild/extracted/plantwild/images/corn rust/google_0024.jpg,Corn___Common_rust,test
plantwild/extracted/plantwild/images/corn rust/google_0121.jpg,Corn___Common_rust,test
plantwild/extracted/plantwild/images/corn rust/73.jpg,Corn___Common_rust,test
plantwild/extracted/plantwild/images/corn rust/google_0149.jpg,Corn___Common_rust,test
plantwild/extracted/plantwild/images/corn rust/74.jpg,Corn___Common_rust,test
plantwild/extracted/plantwild/images/corn rust/40.jpg,Corn___Common_rust,test
plantwild/extracted/plantwild/images/corn rust/google_0068.jpg,Corn___Common_rust,test
plantwild/extracted/plantwild/images/corn rust/google_0007.jpg,Corn___Common_rust,test
plantwild/extracted/plantwild/images/corn rust/google_0052.jpg,Corn___Common_rust,test
plantwild/extracted/plantwild/images/corn rust/google_0045.jpg,Corn___Common_rust,test
plantwild/extracted/plantwild/images/corn rust/56.jpg,Corn___Common_rust,test
plantwild/extracted/plantwild/images/corn rust/google_0133.jpg,Corn___Common_rust,test
plantwild/extracted/plantwild/images/corn rust/15.jpg,Corn___Common_rust,test
plantwild/extracted/plantwild/images/corn rust/4.jpg,Corn___Common_rust,test
plantwild/extracted/plantwild/images/corn rust/70.jpg,Corn___Common_rust,test
plantwild/extracted/plantwild/images/corn rust/78.jpg,Corn___Common_rust,test
plantwild/extracted/plantwild/images/corn rust/google_0103.jpg,Corn___Common_rust,test
plantwild/extracted/plantwild/images/corn rust/86.jpg,Corn___Common_rust,test
plantwild/extracted/plantwild/images/corn rust/google_0009.jpg,Corn___Common_rust,test
plantwild/extracted/plantwild/images/corn rust/google_0000.jpg,Corn___Common_rust,test
plantwild/extracted/plantwild/images/corn rust/google_0057.jpg,Corn___Common_rust,test
plantwild/extracted/plantwild/images/corn rust/44.jpg,Corn___Common_rust,test
plantwild/extracted/plantwild/images/corn rust/google_0074.jpg,Corn___Common_rust,test
plantwild/extracted/plantwild/images/corn rust/30.jpg,Corn___Common_rust,test
plantwild/extracted/plantwild/images/corn rust/google_0144.jpg,Corn___Common_rust,test
plantwild/extracted/plantwild/images/corn rust/google_0022.jpg,Corn___Common_rust,test
plantwild/extracted/plantwild/images/corn rust/google_0002.jpg,Corn___Common_rust,test
plantwild/extracted/plantwild/images/corn rust/google_0001.jpg,Corn___Common_rust,test
plantwild/extracted/plantwild/images/corn northern leaf blight/google_0127.jpg,Corn___Northern_Leaf_Blight,test
plantwild/extracted/plantwild/images/corn northern leaf blight/93.jpg,Corn___Northern_Leaf_Blight,test
plantwild/extracted/plantwild/images/corn northern leaf blight/google_0097.jpg,Corn___Northern_Leaf_Blight,test
plantwild/extracted/plantwild/images/corn northern leaf blight/google_0016.jpg,Corn___Northern_Leaf_Blight,test
plantwild/extracted/plantwild/images/corn northern leaf blight/google_0045.jpg,Corn___Northern_Leaf_Blight,test
plantwild/extracted/plantwild/images/corn northern leaf blight/41.jpg,Corn___Northern_Leaf_Blight,test
plantwild/extracted/plantwild/images/corn northern leaf blight/google_0000.jpg,Corn___Northern_Leaf_Blight,test
plantwild/extracted/plantwild/images/corn northern leaf blight/google_0017.jpg,Corn___Northern_Leaf_Blight,test
plantwild/extracted/plantwild/images/corn northern leaf blight/google_0006.jpg,Corn___Northern_Leaf_Blight,test
plantwild/extracted/plantwild/images/corn northern leaf blight/96.jpg,Corn___Northern_Leaf_Blight,test
plantwild/extracted/plantwild/images/corn northern leaf blight/google_0080.jpg,Corn___Northern_Leaf_Blight,test
plantwild/extracted/plantwild/images/corn northern leaf blight/38.jpg,Corn___Northern_Leaf_Blight,test
plantwild/extracted/plantwild/images/corn northern leaf blight/11.jpg,Corn___Northern_Leaf_Blight,test
plantwild/extracted/plantwild/images/corn northern leaf blight/13.jpg,Corn___Northern_Leaf_Blight,test
plantwild/extracted/plantwild/images/corn northern leaf blight/12.jpg,Corn___Northern_Leaf_Blight,test
plantwild/extracted/plantwild/images/corn northern leaf blight/google_0013.jpg,Corn___Northern_Leaf_Blight,test
plantwild/extracted/plantwild/images/corn northern leaf blight/add (24).jpg,Corn___Northern_Leaf_Blight,test
plantwild/extracted/plantwild/images/corn northern leaf blight/google_0015.jpg,Corn___Northern_Leaf_Blight,test
plantwild/extracted/plantwild/images/corn northern leaf blight/google_0044.jpg,Corn___Northern_Leaf_Blight,test
plantwild/extracted/plantwild/images/corn northern leaf blight/54.jpg,Corn___Northern_Leaf_Blight,test
plantwild/extracted/plantwild/images/corn northern leaf blight/4.jpg,Corn___Northern_Leaf_Blight,test
plantwild/extracted/plantwild/images/corn northern leaf blight/google_0101.jpg,Corn___Northern_Leaf_Blight,test
plantwild/extracted/plantwild/images/corn northern leaf blight/add (15).jpg,Corn___Northern_Leaf_Blight,test
plantwild/extracted/plantwild/images/corn northern leaf blight/google_0031.jpg,Corn___Northern_Leaf_Blight,test
plantwild/extracted/plantwild/images/corn northern leaf blight/97 - Copy.jpg,Corn___Northern_Leaf_Blight,test
plantwild/extracted/plantwild/images/corn northern leaf blight/google_0117.jpg,Corn___Northern_Leaf_Blight,test
plantwild/extracted/plantwild/images/corn northern leaf blight/add (18).jpg,Corn___Northern_Leaf_Blight,test
plantwild/extracted/plantwild/images/corn northern leaf blight/add (22).jpg,Corn___Northern_Leaf_Blight,test
plantwild/extracted/plantwild/images/corn northern leaf blight/27.jpg,Corn___Northern_Leaf_Blight,test
plantwild/extracted/plantwild/images/corn northern leaf blight/35.jpg,Corn___Northern_Leaf_Blight,test
plantwild/extracted/plantwild/images/corn northern leaf blight/32.jpg,Corn___Northern_Leaf_Blight,test
plantwild/extracted/plantwild/images/corn northern leaf blight/google_0047.jpg,Corn___Northern_Leaf_Blight,test
plantwild/extracted/plantwild/images/corn northern leaf blight/google_0072.jpg,Corn___Northern_Leaf_Blight,test
plantwild/extracted/plantwild/images/corn northern leaf blight/google_0050.jpg,Corn___Northern_Leaf_Blight,test
plantwild/extracted/plantwild/images/corn northern leaf blight/google_0129.jpg,Corn___Northern_Leaf_Blight,test
plantwild/extracted/plantwild/images/corn northern leaf blight/8.jpg,Corn___Northern_Leaf_Blight,test
plantwild/extracted/plantwild/images/corn northern leaf blight/google_0027.jpg,Corn___Northern_Leaf_Blight,test
plantwild/extracted/plantwild/images/corn northern leaf blight/google_0105.jpg,Corn___Northern_Leaf_Blight,test
plantwild/extracted/plantwild/images/corn northern leaf blight/add (9).jpg,Corn___Northern_Leaf_Blight,test
plantwild/extracted/plantwild/images/corn northern leaf blight/google_0014.jpg,Corn___Northern_Leaf_Blight,test
plantwild/extracted/plantwild/images/corn northern leaf blight/add (20).jpg,Corn___Northern_Leaf_Blight,test
plantwild/extracted/plantwild/images/corn northern leaf blight/2 - Copy.jpg,Corn___Northern_Leaf_Blight,test
plantwild/extracted/plantwild/images/corn northern leaf blight/81.jpg,Corn___Northern_Leaf_Blight,test
plantwild/extracted/plantwild/images/corn northern leaf blight/google_0029.jpg,Corn___Northern_Leaf_Blight,test
plantwild/extracted/plantwild/images/corn northern leaf blight/add (14).jpg,Corn___Northern_Leaf_Blight,test
plantwild/extracted/plantwild/images/corn leaf/google_0111.jpg,Corn___healthy,test
plantwild/extracted/plantwild/images/corn leaf/65.jpg,Corn___healthy,test
plantwild/extracted/plantwild/images/corn leaf/7.jpg,Corn___healthy,test
plantwild/extracted/plantwild/images/corn leaf/google_0115.jpg,Corn___healthy,test
plantwild/extracted/plantwild/images/corn leaf/78.jpg,Corn___healthy,test
plantwild/extracted/plantwild/images/corn leaf/10.jpg,Corn___healthy,test
plantwild/extracted/plantwild/images/corn leaf/74.jpg,Corn___healthy,test
plantwild/extracted/plantwild/images/corn leaf/google_0019.jpg,Corn___healthy,test
plantwild/extracted/plantwild/images/corn leaf/google_0275.jpg,Corn___healthy,test
plantwild/extracted/plantwild/images/corn leaf/40.jpg,Corn___healthy,test
plantwild/extracted/plantwild/images/corn leaf/google_0589.jpg,Corn___healthy,test
plantwild/extracted/plantwild/images/corn leaf/33.jpg,Corn___healthy,test
plantwild/extracted/plantwild/images/corn leaf/google_0134.jpg,Corn___healthy,test
plantwild/extracted/plantwild/images/corn leaf/31.jpg,Corn___healthy,test
plantwild/extracted/plantwild/images/corn leaf/google_0030.jpg,Corn___healthy,test
plantwild/extracted/plantwild/images/corn leaf/google_0370.jpg,Corn___healthy,test
plantwild/extracted/plantwild/images/corn leaf/google_0185.jpg,Corn___healthy,test
plantwild/extracted/plantwild/images/corn leaf/google_0144.jpg,Corn___healthy,test
plantwild/extracted/plantwild/images/corn leaf/49.jpg,Corn___healthy,test
plantwild/extracted/plantwild/images/corn leaf/google_0628.jpg,Corn___healthy,test
plantwild/extracted/plantwild/images/corn leaf/google_0007.jpg,Corn___healthy,test
plantwild/extracted/plantwild/images/corn leaf/google_0055.jpg,Corn___healthy,test
plantwild/extracted/plantwild/images/corn leaf/12.jpg,Corn___healthy,test
plantwild/extracted/plantwild/images/corn leaf/51.jpg,Corn___healthy,test
plantwild/extracted/plantwild/images/corn leaf/77.jpg,Corn___healthy,test
plantwild/extracted/plantwild/images/corn leaf/google_0244.jpg,Corn___healthy,test
plantwild/extracted/plantwild/images/corn leaf/46.jpg,Corn___healthy,test
plantwild/extracted/plantwild/images/corn leaf/google_0033.jpg,Corn___healthy,test
plantwild/extracted/plantwild/images/corn leaf/34.jpg,Corn___healthy,test
plantwild/extracted/plantwild/images/corn leaf/56.jpg,Corn___healthy,test
plantwild/extracted/plantwild/images/corn leaf/google_0000.jpg,Corn___healthy,test
plantwild/extracted/plantwild/images/grape black rot/google_0067.jpg,Grape___Black_rot,test
plantwild/extracted/plantwild/images/grape black rot/44.jpg,Grape___Black_rot,test
plantwild/extracted/plantwild/images/grape black rot/google_0031.jpg,Grape___Black_rot,test
plantwild/extracted/plantwild/images/grape black rot/google_0015.jpg,Grape___Black_rot,test
plantwild/extracted/plantwild/images/grape black rot/151.jpg,Grape___Black_rot,test
plantwild/extracted/plantwild/images/grape black rot/49.jpg,Grape___Black_rot,test
plantwild/extracted/plantwild/images/grape black rot/152.jpg,Grape___Black_rot,test
plantwild/extracted/plantwild/images/grape black rot/google_0143.jpg,Grape___Black_rot,test
plantwild/extracted/plantwild/images/grape black rot/google_0320 - Copy.jpg,Grape___Black_rot,test
plantwild/extracted/plantwild/images/grape black rot/google_0090.jpg,Grape___Black_rot,test
plantwild/extracted/plantwild/images/grape black rot/google_0033.jpg,Grape___Black_rot,test
plantwild/extracted/plantwild/images/grape black rot/google_0237.jpg,Grape___Black_rot,test
plantwild/extracted/plantwild/images/grape black rot/google_0089.jpg,Grape___Black_rot,test
plantwild/extracted/plantwild/images/grape black rot/181.jpg,Grape___Black_rot,test
plantwild/extracted/plantwild/images/grape black rot/159.jpg,Grape___Black_rot,test
plantwild/extracted/plantwild/images/grape black rot/37.jpg,Grape___Black_rot,test
plantwild/extracted/plantwild/images/grape black rot/46.jpg,Grape___Black_rot,test
plantwild/extracted/plantwild/images/grape black rot/103.jpg,Grape___Black_rot,test
plantwild/extracted/plantwild/images/grape black rot/google_0204.jpg,Grape___Black_rot,test
plantwild/extracted/plantwild/images/grape black rot/google_0096.jpg,Grape___Black_rot,test
plantwild/extracted/plantwild/images/grape black rot/google_0023.jpg,Grape___Black_rot,test
plantwild/extracted/plantwild/images/grape black rot/google_0128.jpg,Grape___Black_rot,test
plantwild/extracted/plantwild/images/grape black rot/141.jpg,Grape___Black_rot,test
plantwild/extracted/plantwild/images/grape black rot/193.jpg,Grape___Black_rot,test
plantwild/extracted/plantwild/images/grape black rot/google_0202.jpg,Grape___Black_rot,test
plantwild/extracted/plantwild/images/grape black rot/google_0156.jpg,Grape___Black_rot,test
plantwild/extracted/plantwild/images/grape black rot/31.jpg,Grape___Black_rot,test
plantwild/extracted/plantwild/images/grape black rot/6.jpg,Grape___Black_rot,test
plantwild/extracted/plantwild/images/grape black rot/22.jpg,Grape___Black_rot,test
plantwild/extracted/plantwild/images/grape black rot/google_0001.jpg,Grape___Black_rot,test
plantwild/extracted/plantwild/images/grape black rot/google_0036 - Copy.jpg,Grape___Black_rot,test
plantwild/extracted/plantwild/images/grape black rot/5.jpg,Grape___Black_rot,test
plantwild/extracted/plantwild/images/grape black rot/43.jpg,Grape___Black_rot,test
plantwild/extracted/plantwild/images/grape black rot/google_0269.jpg,Grape___Black_rot,test
plantwild/extracted/plantwild/images/grape black rot/google_0010.jpg,Grape___Black_rot,test
plantwild/extracted/plantwild/images/grape black rot/google_0064.jpg,Grape___Black_rot,test
plantwild/extracted/plantwild/images/grape black rot/google_0024.jpg,Grape___Black_rot,test
plantwild/extracted/plantwild/images/grape black rot/google_0068.jpg,Grape___Black_rot,test
plantwild/extracted/plantwild/images/grape black rot/google_0153.jpg,Grape___Black_rot,test
plantwild/extracted/plantwild/images/grape black rot/google_0131.jpg,Grape___Black_rot,test
plantwild/extracted/plantwild/images/grape black rot/google_0036.jpg,Grape___Black_rot,test
plantwild/extracted/plantwild/images/grape black rot/74.jpg,Grape___Black_rot,test
plantwild/extracted/plantwild/images/grape black rot/11.jpg,Grape___Black_rot,test
plantwild/extracted/plantwild/images/grape black rot/google_0188.jpg,Grape___Black_rot,test
plantwild/extracted/plantwild/images/grape black rot/1.jpg,Grape___Black_rot,test
plantwild/extracted/plantwild/images/grape black rot/google_0283.jpg,Grape___Black_rot,test
plantwild/extracted/plantwild/images/grape leaf/83.jpg,Grape___healthy,test
plantwild/extracted/plantwild/images/grape leaf/38.jpg,Grape___healthy,test
plantwild/extracted/plantwild/images/grape leaf/39.jpg,Grape___healthy,test
plantwild/extracted/plantwild/images/grape leaf/google_0063.jpg,Grape___healthy,test
plantwild/extracted/plantwild/images/grape leaf/127.jpg,Grape___healthy,test
plantwild/extracted/plantwild/images/grape leaf/107.jpg,Grape___healthy,test
plantwild/extracted/plantwild/images/grape leaf/google_0015.jpg,Grape___healthy,test
plantwild/extracted/plantwild/images/grape leaf/google_0024.jpg,Grape___healthy,test
plantwild/extracted/plantwild/images/grape leaf/google_0076.jpg,Grape___healthy,test
plantwild/extracted/plantwild/images/grape leaf/181.jpg,Grape___healthy,test
plantwild/extracted/plantwild/images/grape leaf/159.jpg,Grape___healthy,test
plantwild/extracted/plantwild/images/grape leaf/167.jpg,Grape___healthy,test
plantwild/extracted/plantwild/images/grape leaf/86.jpg,Grape___healthy,test
plantwild/extracted/plantwild/images/grape leaf/58.jpg,Grape___healthy,test
plantwild/extracted/plantwild/images/grape leaf/44.jpg,Grape___healthy,test
plantwild/extracted/plantwild/images/grape leaf/37.jpg,Grape___healthy,test
plantwild/extracted/plantwild/images/grape leaf/123.jpg,Grape___healthy,test
plantwild/extracted/plantwild/images/grape leaf/42.jpg,Grape___healthy,test
plantwild/extracted/plantwild/images/grape leaf/172.jpg,Grape___healthy,test
plantwild/extracted/plantwild/images/grape leaf/32.jpg,Grape___healthy,test
plantwild/extracted/plantwild/images/grape leaf/169.jpg,Grape___healthy,test
plantwild/extracted/plantwild/images/grape leaf/google_0151.jpg,Grape___healthy,test
plantwild/extracted/plantwild/images/grape leaf/99.jpg,Grape___healthy,test
plantwild/extracted/plantwild/images/grape leaf/150.jpg,Grape___healthy,test
plantwild/extracted/plantwild/images/grape leaf/166.jpg,Grape___healthy,test
plantwild/extracted/plantwild/images/grape leaf/140.jpg,Grape___healthy,test
plantwild/extracted/plantwild/images/grape leaf/75.jpg,Grape___healthy,test
plantwild/extracted/plantwild/images/grape leaf/128.jpg,Grape___healthy,test
plantwild/extracted/plantwild/images/grape leaf/130.jpg,Grape___healthy,test
plantwild/extracted/plantwild/images/grape leaf/147.jpg,Grape___healthy,test
plantwild/extracted/plantwild/images/grape leaf/50.jpg,Grape___healthy,test
plantwild/extracted/plantwild/images/grape leaf/google_0058.jpg,Grape___healthy,test
plantwild/extracted/plantwild/images/grape leaf/google_0085.jpg,Grape___healthy,test
plantwild/extracted/plantwild/images/grape leaf/69.jpg,Grape___healthy,test
plantwild/extracted/plantwild/images/grape leaf/103.jpg,Grape___healthy,test
plantwild/extracted/plantwild/images/grape leaf/178.jpg,Grape___healthy,test
plantwild/extracted/plantwild/images/grape leaf/8.jpg,Grape___healthy,test
plantwild/extracted/plantwild/images/grape leaf/174.jpg,Grape___healthy,test
plantwild/extracted/plantwild/images/grape leaf/google_0127.jpg,Grape___healthy,test
plantwild/extracted/plantwild/images/grape leaf/76.jpg,Grape___healthy,test
plantwild/extracted/plantwild/images/citrus greening disease/92.jpg,Orange___Haunglongbing_(Citrus_greening),test
plantwild/extracted/plantwild/images/citrus greening disease/google_0309.jpg,Orange___Haunglongbing_(Citrus_greening),test
plantwild/extracted/plantwild/images/citrus greening disease/41.jpg,Orange___Haunglongbing_(Citrus_greening),test
plantwild/extracted/plantwild/images/citrus greening disease/google_0063.jpg,Orange___Haunglongbing_(Citrus_greening),test
plantwild/extracted/plantwild/images/citrus greening disease/google_0149.jpg,Orange___Haunglongbing_(Citrus_greening),test
plantwild/extracted/plantwild/images/citrus greening disease/google_0027.jpg,Orange___Haunglongbing_(Citrus_greening),test
plantwild/extracted/plantwild/images/citrus greening disease/19.jpg,Orange___Haunglongbing_(Citrus_greening),test
plantwild/extracted/plantwild/images/citrus greening disease/google_0312.jpg,Orange___Haunglongbing_(Citrus_greening),test
plantwild/extracted/plantwild/images/citrus greening disease/google_0316.jpg,Orange___Haunglongbing_(Citrus_greening),test
plantwild/extracted/plantwild/images/citrus greening disease/google_0040.jpg,Orange___Haunglongbing_(Citrus_greening),test
plantwild/extracted/plantwild/images/citrus greening disease/6.jpg,Orange___Haunglongbing_(Citrus_greening),test
plantwild/extracted/plantwild/images/citrus greening disease/google_0162.jpg,Orange___Haunglongbing_(Citrus_greening),test
plantwild/extracted/plantwild/images/citrus greening disease/google_0049.jpg,Orange___Haunglongbing_(Citrus_greening),test
plantwild/extracted/plantwild/images/citrus greening disease/google_0174.jpg,Orange___Haunglongbing_(Citrus_greening),test
plantwild/extracted/plantwild/images/citrus greening disease/113.jpg,Orange___Haunglongbing_(Citrus_greening),test
plantwild/extracted/plantwild/images/citrus greening disease/google_0078.jpg,Orange___Haunglongbing_(Citrus_greening),test
plantwild/extracted/plantwild/images/citrus greening disease/google_0195.jpg,Orange___Haunglongbing_(Citrus_greening),test
plantwild/extracted/plantwild/images/citrus greening disease/google_0151.jpg,Orange___Haunglongbing_(Citrus_greening),test
plantwild/extracted/plantwild/images/citrus greening disease/55.jpg,Orange___Haunglongbing_(Citrus_greening),test
plantwild/extracted/plantwild/images/citrus greening disease/google_0077.jpg,Orange___Haunglongbing_(Citrus_greening),test
plantwild/extracted/plantwild/images/citrus greening disease/google_0098.jpg,Orange___Haunglongbing_(Citrus_greening),test
plantwild/extracted/plantwild/images/citrus greening disease/google_0358.jpg,Orange___Haunglongbing_(Citrus_greening),test
plantwild/extracted/plantwild/images/citrus greening disease/google_0084.jpg,Orange___Haunglongbing_(Citrus_greening),test
plantwild/extracted/plantwild/images/citrus greening disease/34.jpg,Orange___Haunglongbing_(Citrus_greening),test
plantwild/extracted/plantwild/images/citrus greening disease/google_0012.jpg,Orange___Haunglongbing_(Citrus_greening),test
plantwild/extracted/plantwild/images/citrus greening disease/google_0023.jpg,Orange___Haunglongbing_(Citrus_greening),test
plantwild/extracted/plantwild/images/citrus greening disease/google_0209.jpg,Orange___Haunglongbing_(Citrus_greening),test
plantwild/extracted/plantwild/images/citrus greening disease/google_0228.jpg,Orange___Haunglongbing_(Citrus_greening),test
plantwild/extracted/plantwild/images/citrus greening disease/78.jpg,Orange___Haunglongbing_(Citrus_greening),test
plantwild/extracted/plantwild/images/citrus greening disease/google_0017.jpg,Orange___Haunglongbing_(Citrus_greening),test
plantwild/extracted/plantwild/images/citrus greening disease/google_0002.jpg,Orange___Haunglongbing_(Citrus_greening),test
plantwild/extracted/plantwild/images/citrus greening disease/7.jpg,Orange___Haunglongbing_(Citrus_greening),test
plantwild/extracted/plantwild/images/citrus greening disease/google_0208.jpg,Orange___Haunglongbing_(Citrus_greening),test
plantwild/extracted/plantwild/images/citrus greening disease/google_0089.jpg,Orange___Haunglongbing_(Citrus_greening),test
plantwild/extracted/plantwild/images/citrus greening disease/google_0061.jpg,Orange___Haunglongbing_(Citrus_greening),test
plantwild/extracted/plantwild/images/citrus greening disease/google_0129.jpg,Orange___Haunglongbing_(Citrus_greening),test
plantwild/extracted/plantwild/images/citrus greening disease/google_0361.jpg,Orange___Haunglongbing_(Citrus_greening),test
plantwild/extracted/plantwild/images/citrus greening disease/google_0183.jpg,Orange___Haunglongbing_(Citrus_greening),test
plantwild/extracted/plantwild/images/citrus greening disease/84.jpg,Orange___Haunglongbing_(Citrus_greening),test
plantwild/extracted/plantwild/images/citrus greening disease/google_0000.jpg,Orange___Haunglongbing_(Citrus_greening),test
plantwild/extracted/plantwild/images/citrus greening disease/google_0024.jpg,Orange___Haunglongbing_(Citrus_greening),test
plantwild/extracted/plantwild/images/citrus greening disease/52.jpg,Orange___Haunglongbing_(Citrus_greening),test
plantwild/extracted/plantwild/images/citrus greening disease/97.jpg,Orange___Haunglongbing_(Citrus_greening),test
plantwild/extracted/plantwild/images/citrus greening disease/google_0055.jpg,Orange___Haunglongbing_(Citrus_greening),test
plantwild/extracted/plantwild/images/citrus greening disease/58.jpg,Orange___Haunglongbing_(Citrus_greening),test
plantwild/extracted/plantwild/images/citrus greening disease/google_0156.jpg,Orange___Haunglongbing_(Citrus_greening),test
plantwild/extracted/plantwild/images/citrus greening disease/google_0110.jpg,Orange___Haunglongbing_(Citrus_greening),test
plantwild/extracted/plantwild/images/peach leaf/171.jpg,Peach___healthy,test
plantwild/extracted/plantwild/images/peach leaf/23.jpg,Peach___healthy,test
plantwild/extracted/plantwild/images/peach leaf/154.jpg,Peach___healthy,test
plantwild/extracted/plantwild/images/peach leaf/67.jpg,Peach___healthy,test
plantwild/extracted/plantwild/images/peach leaf/205.jpg,Peach___healthy,test
plantwild/extracted/plantwild/images/peach leaf/75.jpg,Peach___healthy,test
plantwild/extracted/plantwild/images/peach leaf/139.jpg,Peach___healthy,test
plantwild/extracted/plantwild/images/peach leaf/41 - Copy.jpg,Peach___healthy,test
plantwild/extracted/plantwild/images/peach leaf/254.jpg,Peach___healthy,test
plantwild/extracted/plantwild/images/peach leaf/159.jpg,Peach___healthy,test
plantwild/extracted/plantwild/images/peach leaf/158.jpg,Peach___healthy,test
plantwild/extracted/plantwild/images/peach leaf/google_0057.jpg,Peach___healthy,test
plantwild/extracted/plantwild/images/peach leaf/google_0024.jpg,Peach___healthy,test
plantwild/extracted/plantwild/images/peach leaf/89.jpg,Peach___healthy,test
plantwild/extracted/plantwild/images/peach leaf/18.jpg,Peach___healthy,test
plantwild/extracted/plantwild/images/peach leaf/265.jpg,Peach___healthy,test
plantwild/extracted/plantwild/images/peach leaf/google_0084.jpg,Peach___healthy,test
plantwild/extracted/plantwild/images/peach leaf/208.jpg,Peach___healthy,test
plantwild/extracted/plantwild/images/peach leaf/259.jpg,Peach___healthy,test
plantwild/extracted/plantwild/images/peach leaf/13.jpg,Peach___healthy,test
plantwild/extracted/plantwild/images/peach leaf/27.jpg,Peach___healthy,test
plantwild/extracted/plantwild/images/peach leaf/207.jpg,Peach___healthy,test
plantwild/extracted/plantwild/images/peach leaf/117.jpg,Peach___healthy,test
plantwild/extracted/plantwild/images/peach leaf/google_0183.jpg,Peach___healthy,test
plantwild/extracted/plantwild/images/peach leaf/149.jpg,Peach___healthy,test
plantwild/extracted/plantwild/images/peach leaf/178.jpg,Peach___healthy,test
plantwild/extracted/plantwild/images/peach leaf/google_0396.jpg,Peach___healthy,test
plantwild/extracted/plantwild/images/peach leaf/77.jpg,Peach___healthy,test
plantwild/extracted/plantwild/images/peach leaf/64.jpg,Peach___healthy,test
plantwild/extracted/plantwild/images/peach leaf/google_0015.jpg,Peach___healthy,test
plantwild/extracted/plantwild/images/peach leaf/60.jpg,Peach___healthy,test
plantwild/extracted/plantwild/images/bell pepper leaf spot/google_0101.jpg,"Pepper,_bell___Bacterial_spot",test
plantwild/extracted/plantwild/images/bell pepper leaf spot/33.jpg,"Pepper,_bell___Bacterial_spot",test
plantwild/extracted/plantwild/images/bell pepper leaf spot/2.jpg,"Pepper,_bell___Bacterial_spot",test
plantwild/extracted/plantwild/images/bell pepper leaf spot/google_0066.jpg,"Pepper,_bell___Bacterial_spot",test
plantwild/extracted/plantwild/images/bell pepper leaf spot/8.jpg,"Pepper,_bell___Bacterial_spot",test
plantwild/extracted/plantwild/images/bell pepper leaf spot/1.jpg,"Pepper,_bell___Bacterial_spot",test
plantwild/extracted/plantwild/images/bell pepper leaf spot/22.jpg,"Pepper,_bell___Bacterial_spot",test
plantwild/extracted/plantwild/images/bell pepper leaf spot/google_0166.jpg,"Pepper,_bell___Bacterial_spot",test
plantwild/extracted/plantwild/images/bell pepper leaf spot/21.jpg,"Pepper,_bell___Bacterial_spot",test
plantwild/extracted/plantwild/images/bell pepper leaf spot/google_0341.jpg,"Pepper,_bell___Bacterial_spot",test
plantwild/extracted/plantwild/images/bell pepper leaf spot/google_0050.jpg,"Pepper,_bell___Bacterial_spot",test
plantwild/extracted/plantwild/images/bell pepper leaf spot/google_0001.jpg,"Pepper,_bell___Bacterial_spot",test
plantwild/extracted/plantwild/images/bell pepper leaf spot/google_0191.jpg,"Pepper,_bell___Bacterial_spot",test
plantwild/extracted/plantwild/images/bell pepper leaf spot/google_0165.jpg,"Pepper,_bell___Bacterial_spot",test
plantwild/extracted/plantwild/images/bell pepper leaf spot/google_0178.jpg,"Pepper,_bell___Bacterial_spot",test
plantwild/extracted/plantwild/images/bell pepper leaf spot/google_0016.jpg,"Pepper,_bell___Bacterial_spot",test
plantwild/extracted/plantwild/images/bell pepper leaf spot/google_0126.jpg,"Pepper,_bell___Bacterial_spot",test
plantwild/extracted/plantwild/images/bell pepper leaf spot/google_0037.jpg,"Pepper,_bell___Bacterial_spot",test
plantwild/extracted/plantwild/images/bell pepper leaf spot/17.jpg,"Pepper,_bell___Bacterial_spot",test
plantwild/extracted/plantwild/images/bell pepper leaf spot/44 - Copy (2).jpg,"Pepper,_bell___Bacterial_spot",test
plantwild/extracted/plantwild/images/bell pepper leaf spot/google_0144.jpg,"Pepper,_bell___Bacterial_spot",test
plantwild/extracted/plantwild/images/bell pepper leaf spot/google_0346.jpg,"Pepper,_bell___Bacterial_spot",test
plantwild/extracted/plantwild/images/bell pepper leaf spot/google_0151.jpg,"Pepper,_bell___Bacterial_spot",test
plantwild/extracted/plantwild/images/bell pepper leaf/227.jpg,"Pepper,_bell___healthy",test
plantwild/extracted/plantwild/images/bell pepper leaf/15.jpg,"Pepper,_bell___healthy",test
plantwild/extracted/plantwild/images/bell pepper leaf/222.jpg,"Pepper,_bell___healthy",test
plantwild/extracted/plantwild/images/bell pepper leaf/google_0084.jpg,"Pepper,_bell___healthy",test
plantwild/extracted/plantwild/images/bell pepper leaf/44.jpg,"Pepper,_bell___healthy",test
plantwild/extracted/plantwild/images/bell pepper leaf/google_0066.jpg,"Pepper,_bell___healthy",test
plantwild/extracted/plantwild/images/bell pepper leaf/google_0172.jpg,"Pepper,_bell___healthy",test
plantwild/extracted/plantwild/images/bell pepper leaf/153.jpg,"Pepper,_bell___healthy",test
plantwild/extracted/plantwild/images/bell pepper leaf/google_0014.jpg,"Pepper,_bell___healthy",test
plantwild/extracted/plantwild/images/bell pepper leaf/google_0055.jpg,"Pepper,_bell___healthy",test
plantwild/extracted/plantwild/images/bell pepper leaf/google_0016.jpg,"Pepper,_bell___healthy",test
plantwild/extracted/plantwild/images/bell pepper leaf/google_0101.jpg,"Pepper,_bell___healthy",test
plantwild/extracted/plantwild/images/bell pepper leaf/google_0012.jpg,"Pepper,_bell___healthy",test
plantwild/extracted/plantwild/images/bell pepper leaf/91.jpg,"Pepper,_bell___healthy",test
plantwild/extracted/plantwild/images/bell pepper leaf/36.jpg,"Pepper,_bell___healthy",test
plantwild/extracted/plantwild/images/bell pepper leaf/262.jpg,"Pepper,_bell___healthy",test
plantwild/extracted/plantwild/images/bell pepper leaf/google_0192.jpg,"Pepper,_bell___healthy",test
plantwild/extracted/plantwild/images/bell pepper leaf/google_0186.jpg,"Pepper,_bell___healthy",test
plantwild/extracted/plantwild/images/bell pepper leaf/google_0133.jpg,"Pepper,_bell___healthy",test
plantwild/extracted/plantwild/images/bell pepper leaf/208.jpg,"Pepper,_bell___healthy",test
plantwild/extracted/plantwild/images/bell pepper leaf/68.jpg,"Pepper,_bell___healthy",test
plantwild/extracted/plantwild/images/bell pepper leaf/157.jpg,"Pepper,_bell___healthy",test
plantwild/extracted/plantwild/images/bell pepper leaf/258.jpg,"Pepper,_bell___healthy",test
plantwild/extracted/plantwild/images/bell pepper leaf/google_0201.jpg,"Pepper,_bell___healthy",test
plantwild/extracted/plantwild/images/bell pepper leaf/242.jpg,"Pepper,_bell___healthy",test
plantwild/extracted/plantwild/images/bell pepper leaf/180.jpg,"Pepper,_bell___healthy",test
plantwild/extracted/plantwild/images/bell pepper leaf/google_0002.jpg,"Pepper,_bell___healthy",test
plantwild/extracted/plantwild/images/bell pepper leaf/google_0195.jpg,"Pepper,_bell___healthy",test
plantwild/extracted/plantwild/images/bell pepper leaf/72.jpg,"Pepper,_bell___healthy",test
plantwild/extracted/plantwild/images/bell pepper leaf/google_0013.jpg,"Pepper,_bell___healthy",test
plantwild/extracted/plantwild/images/bell pepper leaf/158.jpg,"Pepper,_bell___healthy",test
plantwild/extracted/plantwild/images/bell pepper leaf/38.jpg,"Pepper,_bell___healthy",test
plantwild/extracted/plantwild/images/bell pepper leaf/google_0067.jpg,"Pepper,_bell___healthy",test
plantwild/extracted/plantwild/images/bell pepper leaf/40.jpg,"Pepper,_bell___healthy",test
plantwild/extracted/plantwild/images/bell pepper leaf/40 - Copy (3).jpg,"Pepper,_bell___healthy",test
plantwild/extracted/plantwild/images/bell pepper leaf/google_0102.jpg,"Pepper,_bell___healthy",test
plantwild/extracted/plantwild/images/bell pepper leaf/65.jpg,"Pepper,_bell___healthy",test
plantwild/extracted/plantwild/images/bell pepper leaf/google_0072.jpg,"Pepper,_bell___healthy",test
plantwild/extracted/plantwild/images/bell pepper leaf/google_0006.jpg,"Pepper,_bell___healthy",test
plantwild/extracted/plantwild/images/bell pepper leaf/244.jpg,"Pepper,_bell___healthy",test
plantwild/extracted/plantwild/images/bell pepper leaf/66.jpg,"Pepper,_bell___healthy",test
plantwild/extracted/plantwild/images/bell pepper leaf/37.jpg,"Pepper,_bell___healthy",test
plantwild/extracted/plantwild/images/bell pepper leaf/google_0115.jpg,"Pepper,_bell___healthy",test
plantwild/extracted/plantwild/images/bell pepper leaf/152.jpg,"Pepper,_bell___healthy",test
plantwild/extracted/plantwild/images/bell pepper leaf/125.jpg,"Pepper,_bell___healthy",test
plantwild/extracted/plantwild/images/bell pepper leaf/212.jpg,"Pepper,_bell___healthy",test
plantwild/extracted/plantwild/images/bell pepper leaf/235.jpg,"Pepper,_bell___healthy",test
plantwild/extracted/plantwild/images/bell pepper leaf/105.jpg,"Pepper,_bell___healthy",test
plantwild/extracted/plantwild/images/potato early blight/google_0139.jpg,Potato___Early_blight,test
plantwild/extracted/plantwild/images/potato early blight/34.jpg,Potato___Early_blight,test
plantwild/extracted/plantwild/images/potato early blight/google_0173.jpg,Potato___Early_blight,test
plantwild/extracted/plantwild/images/potato early blight/google_0164.jpg,Potato___Early_blight,test
plantwild/extracted/plantwild/images/potato early blight/google_0189.jpg,Potato___Early_blight,test
plantwild/extracted/plantwild/images/potato early blight/google_0052.jpg,Potato___Early_blight,test
plantwild/extracted/plantwild/images/potato early blight/google_0062 - Copy.jpg,Potato___Early_blight,test
plantwild/extracted/plantwild/images/potato early blight/7.jpg,Potato___Early_blight,test
plantwild/extracted/plantwild/images/potato early blight/55.jpg,Potato___Early_blight,test
plantwild/extracted/plantwild/images/potato early blight/9.jpg,Potato___Early_blight,test
plantwild/extracted/plantwild/images/potato early blight/23.jpg,Potato___Early_blight,test
plantwild/extracted/plantwild/images/potato early blight/11.jpg,Potato___Early_blight,test
plantwild/extracted/plantwild/images/potato early blight/51.jpg,Potato___Early_blight,test
plantwild/extracted/plantwild/images/potato early blight/56.jpg,Potato___Early_blight,test
plantwild/extracted/plantwild/images/potato early blight/44.jpg,Potato___Early_blight,test
plantwild/extracted/plantwild/images/potato early blight/google_0080 - Copy.jpg,Potato___Early_blight,test
plantwild/extracted/plantwild/images/potato early blight/41.jpg,Potato___Early_blight,test
plantwild/extracted/plantwild/images/potato early blight/google_0306 - Copy (11).jpg,Potato___Early_blight,test
plantwild/extracted/plantwild/images/potato early blight/google_0120.jpg,Potato___Early_blight,test
plantwild/extracted/plantwild/images/potato early blight/google_0208.jpg,Potato___Early_blight,test
plantwild/extracted/plantwild/images/potato early blight/google_0126.jpg,Potato___Early_blight,test
plantwild/extracted/plantwild/images/potato early blight/google_0077.jpg,Potato___Early_blight,test
plantwild/extracted/plantwild/images/potato early blight/google_0062.jpg,Potato___Early_blight,test
plantwild/extracted/plantwild/images/potato early blight/16.jpg,Potato___Early_blight,test
plantwild/extracted/plantwild/images/potato early blight/64.jpg,Potato___Early_blight,test
plantwild/extracted/plantwild/images/potato early blight/google_0010.jpg,Potato___Early_blight,test
plantwild/extracted/plantwild/images/potato early blight/google_0021.jpg,Potato___Early_blight,test
plantwild/extracted/plantwild/images/potato early blight/google_0187.jpg,Potato___Early_blight,test
plantwild/extracted/plantwild/images/potato early blight/2.jpg,Potato___Early_blight,test
plantwild/extracted/plantwild/images/potato early blight/google_0105 - Copy.jpg,Potato___Early_blight,test
plantwild/extracted/plantwild/images/potato early blight/google_0062 - Copy (2).jpg,Potato___Early_blight,test
plantwild/extracted/plantwild/images/potato early blight/google_0045.jpg,Potato___Early_blight,test
plantwild/extracted/plantwild/images/potato early blight/google_0007.jpg,Potato___Early_blight,test
plantwild/extracted/plantwild/images/potato early blight/google_0198.jpg,Potato___Early_blight,test
plantwild/extracted/plantwild/images/potato early blight/38.jpg,Potato___Early_blight,test
plantwild/extracted/plantwild/images/potato early blight/59.jpg,Potato___Early_blight,test
plantwild/extracted/plantwild/images/potato early blight/google_0032 - Copy.jpg,Potato___Early_blight,test
plantwild/extracted/plantwild/images/potato early blight/google_0306.jpg,Potato___Early_blight,test
plantwild/extracted/plantwild/images/potato early blight/google_0284.jpg,Potato___Early_blight,test
plantwild/extracted/plantwild/images/potato early blight/8.jpg,Potato___Early_blight,test
plantwild/extracted/plantwild/images/potato early blight/19 - Copy.jpg,Potato___Early_blight,test
plantwild/extracted/plantwild/images/potato early blight/google_0152.jpg,Potato___Early_blight,test
plantwild/extracted/plantwild/images/potato early blight/google_0192.jpg,Potato___Early_blight,test
plantwild/extracted/plantwild/images/potato early blight/google_0195.jpg,Potato___Early_blight,test
plantwild/extracted/plantwild/images/potato early blight/google_0276.jpg,Potato___Early_blight,test
plantwild/extracted/plantwild/images/potato late blight/google_0110 - Copy.jpg,Potato___Late_blight,test
plantwild/extracted/plantwild/images/potato late blight/google_0077.jpg,Potato___Late_blight,test
plantwild/extracted/plantwild/images/potato late blight/google_0042.jpg,Potato___Late_blight,test
plantwild/extracted/plantwild/images/potato late blight/3.jpg,Potato___Late_blight,test
plantwild/extracted/plantwild/images/potato late blight/google_0178.jpg,Potato___Late_blight,test
plantwild/extracted/plantwild/images/potato late blight/google_0066 - Copy.jpg,Potato___Late_blight,test
plantwild/extracted/plantwild/images/potato late blight/google_0219 - Copy.jpg,Potato___Late_blight,test
plantwild/extracted/plantwild/images/potato late blight/google_0000.jpg,Potato___Late_blight,test
plantwild/extracted/plantwild/images/potato late blight/google_0049.jpg,Potato___Late_blight,test
plantwild/extracted/plantwild/images/potato late blight/google_0015.jpg,Potato___Late_blight,test
plantwild/extracted/plantwild/images/potato late blight/google_0303.jpg,Potato___Late_blight,test
plantwild/extracted/plantwild/images/potato late blight/google_0022.jpg,Potato___Late_blight,test
plantwild/extracted/plantwild/images/potato late blight/google_0154.jpg,Potato___Late_blight,test
plantwild/extracted/plantwild/images/potato late blight/google_0030.jpg,Potato___Late_blight,test
plantwild/extracted/plantwild/images/potato late blight/google_0006.jpg,Potato___Late_blight,test
plantwild/extracted/plantwild/images/potato late blight/16.jpg,Potato___Late_blight,test
plantwild/extracted/plantwild/images/potato late blight/1.jpg,Potato___Late_blight,test
plantwild/extracted/plantwild/images/potato late blight/google_0151.jpg,Potato___Late_blight,test
plantwild/extracted/plantwild/images/potato late blight/30.jpg,Potato___Late_blight,test
plantwild/extracted/plantwild/images/potato late blight/google_0182 - Copy.jpg,Potato___Late_blight,test
plantwild/extracted/plantwild/images/potato late blight/69.jpg,Potato___Late_blight,test
plantwild/extracted/plantwild/images/potato late blight/add (1).jpg,Potato___Late_blight,test
plantwild/extracted/plantwild/images/potato late blight/21.jpg,Potato___Late_blight,test
plantwild/extracted/plantwild/images/potato late blight/google_0135.jpg,Potato___Late_blight,test
plantwild/extracted/plantwild/images/potato late blight/67.jpg,Potato___Late_blight,test
plantwild/extracted/plantwild/images/potato late blight/56.jpg,Potato___Late_blight,test
plantwild/extracted/plantwild/images/potato late blight/70 - Copy (2).jpg,Potato___Late_blight,test
plantwild/extracted/plantwild/images/potato late blight/101.jpg,Potato___Late_blight,test
plantwild/extracted/plantwild/images/potato late blight/google_0033.jpg,Potato___Late_blight,test
plantwild/extracted/plantwild/images/potato late blight/95.jpg,Potato___Late_blight,test
plantwild/extracted/plantwild/images/potato late blight/google_0153 - Copy (2).jpg,Potato___Late_blight,test
plantwild/extracted/plantwild/images/potato late blight/google_0102.jpg,Potato___Late_blight,test
plantwild/extracted/plantwild/images/potato late blight/google_0118.jpg,Potato___Late_blight,test
plantwild/extracted/plantwild/images/potato late blight/google_0140.jpg,Potato___Late_blight,test
plantwild/extracted/plantwild/images/potato late blight/google_0212.jpg,Potato___Late_blight,test
plantwild/extracted/plantwild/images/potato late blight/28 - Copy.jpg,Potato___Late_blight,test
plantwild/extracted/plantwild/images/potato late blight/google_0274 - Copy (3).jpg,Potato___Late_blight,test
plantwild/extracted/plantwild/images/potato late blight/google_0100.jpg,Potato___Late_blight,test
plantwild/extracted/plantwild/images/potato late blight/41.jpg,Potato___Late_blight,test
plantwild/extracted/plantwild/images/potato late blight/88.jpg,Potato___Late_blight,test
plantwild/extracted/plantwild/images/potato late blight/98.jpg,Potato___Late_blight,test
plantwild/extracted/plantwild/images/potato late blight/64.jpg,Potato___Late_blight,test
plantwild/extracted/plantwild/images/potato late blight/23.jpg,Potato___Late_blight,test
plantwild/extracted/plantwild/images/potato late blight/google_0157.jpg,Potato___Late_blight,test
plantwild/extracted/plantwild/images/potato late blight/93.jpg,Potato___Late_blight,test
plantwild/extracted/plantwild/images/potato late blight/36.jpg,Potato___Late_blight,test
plantwild/extracted/plantwild/images/potato late blight/google_0050.jpg,Potato___Late_blight,test
plantwild/extracted/plantwild/images/potato late blight/google_0320 - Copy.jpg,Potato___Late_blight,test
plantwild/extracted/plantwild/images/potato leaf/google_0090.jpg,Potato___healthy,test
plantwild/extracted/plantwild/images/potato leaf/google_0308.jpg,Potato___healthy,test
plantwild/extracted/plantwild/images/potato leaf/google_0650.jpg,Potato___healthy,test
plantwild/extracted/plantwild/images/potato leaf/18.jpg,Potato___healthy,test
plantwild/extracted/plantwild/images/potato leaf/4.jpg,Potato___healthy,test
plantwild/extracted/plantwild/images/potato leaf/google_0418.jpg,Potato___healthy,test
plantwild/extracted/plantwild/images/potato leaf/google_0097.jpg,Potato___healthy,test
plantwild/extracted/plantwild/images/potato leaf/16.jpg,Potato___healthy,test
plantwild/extracted/plantwild/images/potato leaf/google_0673.jpg,Potato___healthy,test
plantwild/extracted/plantwild/images/potato leaf/google_0099.jpg,Potato___healthy,test
plantwild/extracted/plantwild/images/potato leaf/google_0374.jpg,Potato___healthy,test
plantwild/extracted/plantwild/images/potato leaf/google_0068.jpg,Potato___healthy,test
plantwild/extracted/plantwild/images/potato leaf/google_0328.jpg,Potato___healthy,test
plantwild/extracted/plantwild/images/potato leaf/google_0006.jpg,Potato___healthy,test
plantwild/extracted/plantwild/images/potato leaf/google_0452.jpg,Potato___healthy,test
plantwild/extracted/plantwild/images/potato leaf/53.jpg,Potato___healthy,test
plantwild/extracted/plantwild/images/potato leaf/google_0550.jpg,Potato___healthy,test
plantwild/extracted/plantwild/images/potato leaf/48.jpg,Potato___healthy,test
plantwild/extracted/plantwild/images/potato leaf/23.jpg,Potato___healthy,test
plantwild/extracted/plantwild/images/potato leaf/google_0219.jpg,Potato___healthy,test
plantwild/extracted/plantwild/images/potato leaf/google_0165.jpg,Potato___healthy,test
plantwild/extracted/plantwild/images/potato leaf/google_0008.jpg,Potato___healthy,test
plantwild/extracted/plantwild/images/potato leaf/google_0322.jpg,Potato___healthy,test
plantwild/extracted/plantwild/images/potato leaf/google_0677.jpg,Potato___healthy,test
plantwild/extracted/plantwild/images/potato leaf/84.jpg,Potato___healthy,test
plantwild/extracted/plantwild/images/potato leaf/google_0455.jpg,Potato___healthy,test
plantwild/extracted/plantwild/images/potato leaf/google_0390.jpg,Potato___healthy,test
plantwild/extracted/plantwild/images/potato leaf/google_0030.jpg,Potato___healthy,test
plantwild/extracted/plantwild/images/potato leaf/google_0333.jpg,Potato___healthy,test
plantwild/extracted/plantwild/images/potato leaf/76.jpg,Potato___healthy,test
plantwild/extracted/plantwild/images/potato leaf/34.jpg,Potato___healthy,test
plantwild/extracted/plantwild/images/potato leaf/59.jpg,Potato___healthy,test
plantwild/extracted/plantwild/images/potato leaf/google_0531.jpg,Potato___healthy,test
plantwild/extracted/plantwild/images/potato leaf/26.jpg,Potato___healthy,test
plantwild/extracted/plantwild/images/potato leaf/google_0287.jpg,Potato___healthy,test
plantwild/extracted/plantwild/images/potato leaf/google_0298.jpg,Potato___healthy,test
plantwild/extracted/plantwild/images/potato leaf/google_0525.jpg,Potato___healthy,test
plantwild/extracted/plantwild/images/potato leaf/google_0070.jpg,Potato___healthy,test
plantwild/extracted/plantwild/images/potato leaf/google_0495.jpg,Potato___healthy,test
plantwild/extracted/plantwild/images/potato leaf/71.jpg,Potato___healthy,test
plantwild/extracted/plantwild/images/potato leaf/79.jpg,Potato___healthy,test
plantwild/extracted/plantwild/images/potato leaf/77.jpg,Potato___healthy,test
plantwild/extracted/plantwild/images/potato leaf/google_0429.jpg,Potato___healthy,test
plantwild/extracted/plantwild/images/potato leaf/google_0451.jpg,Potato___healthy,test
plantwild/extracted/plantwild/images/potato leaf/88.jpg,Potato___healthy,test
plantwild/extracted/plantwild/images/potato leaf/107.jpg,Potato___healthy,test
plantwild/extracted/plantwild/images/potato leaf/96.jpg,Potato___healthy,test
plantwild/extracted/plantwild/images/potato leaf/google_0562.jpg,Potato___healthy,test
plantwild/extracted/plantwild/images/potato leaf/69.jpg,Potato___healthy,test
plantwild/extracted/plantwild/images/potato leaf/google_0625.jpg,Potato___healthy,test
plantwild/extracted/plantwild/images/raspberry leaf/88.jpg,Raspberry___healthy,test
plantwild/extracted/plantwild/images/raspberry leaf/5.jpg,Raspberry___healthy,test
plantwild/extracted/plantwild/images/raspberry leaf/51.jpg,Raspberry___healthy,test
plantwild/extracted/plantwild/images/raspberry leaf/109.jpg,Raspberry___healthy,test
plantwild/extracted/plantwild/images/raspberry leaf/115.jpg,Raspberry___healthy,test
plantwild/extracted/plantwild/images/raspberry leaf/2.jpg,Raspberry___healthy,test
plantwild/extracted/plantwild/images/raspberry leaf/53.jpg,Raspberry___healthy,test
plantwild/extracted/plantwild/images/raspberry leaf/google_0088.jpg,Raspberry___healthy,test
plantwild/extracted/plantwild/images/raspberry leaf/google_0001.jpg,Raspberry___healthy,test
plantwild/extracted/plantwild/images/raspberry leaf/google_0171.jpg,Raspberry___healthy,test
plantwild/extracted/plantwild/images/raspberry leaf/125.jpg,Raspberry___healthy,test
plantwild/extracted/plantwild/images/raspberry leaf/google_0211.jpg,Raspberry___healthy,test
plantwild/extracted/plantwild/images/raspberry leaf/54.jpg,Raspberry___healthy,test
plantwild/extracted/plantwild/images/raspberry leaf/62.jpg,Raspberry___healthy,test
plantwild/extracted/plantwild/images/raspberry leaf/33.jpg,Raspberry___healthy,test
plantwild/extracted/plantwild/images/raspberry leaf/39.jpg,Raspberry___healthy,test
plantwild/extracted/plantwild/images/raspberry leaf/google_0164.jpg,Raspberry___healthy,test
plantwild/extracted/plantwild/images/raspberry leaf/102.jpg,Raspberry___healthy,test
plantwild/extracted/plantwild/images/raspberry leaf/25.jpg,Raspberry___healthy,test
plantwild/extracted/plantwild/images/raspberry leaf/google_0012.jpg,Raspberry___healthy,test
plantwild/extracted/plantwild/images/raspberry leaf/57.jpg,Raspberry___healthy,test
plantwild/extracted/plantwild/images/raspberry leaf/101.jpg,Raspberry___healthy,test
plantwild/extracted/plantwild/images/raspberry leaf/69.jpg,Raspberry___healthy,test
plantwild/extracted/plantwild/images/raspberry leaf/28.jpg,Raspberry___healthy,test
plantwild/extracted/plantwild/images/raspberry leaf/google_0015.jpg,Raspberry___healthy,test
plantwild/extracted/plantwild/images/raspberry leaf/107.jpg,Raspberry___healthy,test
plantwild/extracted/plantwild/images/raspberry leaf/10.jpg,Raspberry___healthy,test
plantwild/extracted/plantwild/images/raspberry leaf/71.jpg,Raspberry___healthy,test
plantwild/extracted/plantwild/images/raspberry leaf/93.jpg,Raspberry___healthy,test
plantwild/extracted/plantwild/images/raspberry leaf/google_0187.jpg,Raspberry___healthy,test
plantwild/extracted/plantwild/images/raspberry leaf/76.jpg,Raspberry___healthy,test
plantwild/extracted/plantwild/images/raspberry leaf/81.jpg,Raspberry___healthy,test
plantwild/extracted/plantwild/images/raspberry leaf/google_0127.jpg,Raspberry___healthy,test
plantwild/extracted/plantwild/images/raspberry leaf/83.jpg,Raspberry___healthy,test
plantwild/extracted/plantwild/images/raspberry leaf/google_0114.jpg,Raspberry___healthy,test
plantwild/extracted/plantwild/images/raspberry leaf/132.jpg,Raspberry___healthy,test
plantwild/extracted/plantwild/images/soybean leaf/google_0388.jpg,Soybean___healthy,test
plantwild/extracted/plantwild/images/soybean leaf/77.jpg,Soybean___healthy,test
plantwild/extracted/plantwild/images/soybean leaf/google_0567.jpg,Soybean___healthy,test
plantwild/extracted/plantwild/images/soybean leaf/google_0270.jpg,Soybean___healthy,test
plantwild/extracted/plantwild/images/soybean leaf/102.jpg,Soybean___healthy,test
plantwild/extracted/plantwild/images/soybean leaf/289.jpg,Soybean___healthy,test
plantwild/extracted/plantwild/images/soybean leaf/google_0108.jpg,Soybean___healthy,test
plantwild/extracted/plantwild/images/soybean leaf/244.jpg,Soybean___healthy,test
plantwild/extracted/plantwild/images/soybean leaf/14.jpg,Soybean___healthy,test
plantwild/extracted/plantwild/images/soybean leaf/116.jpg,Soybean___healthy,test
plantwild/extracted/plantwild/images/soybean leaf/google_0566.jpg,Soybean___healthy,test
plantwild/extracted/plantwild/images/soybean leaf/39.jpg,Soybean___healthy,test
plantwild/extracted/plantwild/images/soybean leaf/google_0592.jpg,Soybean___healthy,test
plantwild/extracted/plantwild/images/soybean leaf/62.jpg,Soybean___healthy,test
plantwild/extracted/plantwild/images/soybean leaf/google_0573.jpg,Soybean___healthy,test
plantwild/extracted/plantwild/images/soybean leaf/google_0589.jpg,Soybean___healthy,test
plantwild/extracted/plantwild/images/soybean leaf/google_0357.jpg,Soybean___healthy,test
plantwild/extracted/plantwild/images/soybean leaf/google_0200.jpg,Soybean___healthy,test
plantwild/extracted/plantwild/images/soybean leaf/11.jpg,Soybean___healthy,test
plantwild/extracted/plantwild/images/soybean leaf/google_0583.jpg,Soybean___healthy,test
plantwild/extracted/plantwild/images/soybean leaf/31.jpg,Soybean___healthy,test
plantwild/extracted/plantwild/images/soybean leaf/google_0487.jpg,Soybean___healthy,test
plantwild/extracted/plantwild/images/soybean leaf/331.jpg,Soybean___healthy,test
plantwild/extracted/plantwild/images/soybean leaf/google_0010.jpg,Soybean___healthy,test
plantwild/extracted/plantwild/images/soybean leaf/201.jpg,Soybean___healthy,test
plantwild/extracted/plantwild/images/soybean leaf/49.jpg,Soybean___healthy,test
plantwild/extracted/plantwild/images/soybean leaf/google_0172.jpg,Soybean___healthy,test
plantwild/extracted/plantwild/images/soybean leaf/93.jpg,Soybean___healthy,test
plantwild/extracted/plantwild/images/soybean leaf/google_0532.jpg,Soybean___healthy,test
plantwild/extracted/plantwild/images/soybean leaf/61.jpg,Soybean___healthy,test
plantwild/extracted/plantwild/images/soybean leaf/google_0002.jpg,Soybean___healthy,test
plantwild/extracted/plantwild/images/soybean leaf/4.jpg,Soybean___healthy,test
plantwild/extracted/plantwild/images/soybean leaf/160.jpg,Soybean___healthy,test
plantwild/extracted/plantwild/images/soybean leaf/182.jpg,Soybean___healthy,test
plantwild/extracted/plantwild/images/soybean leaf/google_0562.jpg,Soybean___healthy,test
plantwild/extracted/plantwild/images/soybean leaf/13.jpg,Soybean___healthy,test
plantwild/extracted/plantwild/images/soybean leaf/google_0352.jpg,Soybean___healthy,test
plantwild/extracted/plantwild/images/soybean leaf/google_0229.jpg,Soybean___healthy,test
plantwild/extracted/plantwild/images/soybean leaf/171.jpg,Soybean___healthy,test
plantwild/extracted/plantwild/images/soybean leaf/163.jpg,Soybean___healthy,test
plantwild/extracted/plantwild/images/soybean leaf/189.jpg,Soybean___healthy,test
plantwild/extracted/plantwild/images/soybean leaf/google_0605.jpg,Soybean___healthy,test
plantwild/extracted/plantwild/images/soybean leaf/google_0582.jpg,Soybean___healthy,test
plantwild/extracted/plantwild/images/soybean leaf/google_0074.jpg,Soybean___healthy,test
plantwild/extracted/plantwild/images/soybean leaf/42.jpg,Soybean___healthy,test
plantwild/extracted/plantwild/images/soybean leaf/google_0528.jpg,Soybean___healthy,test
plantwild/extracted/plantwild/images/soybean leaf/60.jpg,Soybean___healthy,test
plantwild/extracted/plantwild/images/soybean leaf/google_0564.jpg,Soybean___healthy,test
plantwild/extracted/plantwild/images/soybean leaf/google_0209.jpg,Soybean___healthy,test
plantwild/extracted/plantwild/images/squash powdery mildew/38.jpg,Squash___Powdery_mildew,test
plantwild/extracted/plantwild/images/squash powdery mildew/google_0143.jpg,Squash___Powdery_mildew,test
plantwild/extracted/plantwild/images/squash powdery mildew/google_0312.jpg,Squash___Powdery_mildew,test
plantwild/extracted/plantwild/images/squash powdery mildew/39.jpg,Squash___Powdery_mildew,test
plantwild/extracted/plantwild/images/squash powdery mildew/google_0082.jpg,Squash___Powdery_mildew,test
plantwild/extracted/plantwild/images/squash powdery mildew/google_0147.jpg,Squash___Powdery_mildew,test
plantwild/extracted/plantwild/images/squash powdery mildew/google_0062.jpg,Squash___Powdery_mildew,test
plantwild/extracted/plantwild/images/squash powdery mildew/google_0076.jpg,Squash___Powdery_mildew,test
plantwild/extracted/plantwild/images/squash powdery mildew/google_0151.jpg,Squash___Powdery_mildew,test
plantwild/extracted/plantwild/images/squash powdery mildew/google_0001.jpg,Squash___Powdery_mildew,test
plantwild/extracted/plantwild/images/squash powdery mildew/google_0105.jpg,Squash___Powdery_mildew,test
plantwild/extracted/plantwild/images/squash powdery mildew/google_0136.jpg,Squash___Powdery_mildew,test
plantwild/extracted/plantwild/images/squash powdery mildew/google_0134.jpg,Squash___Powdery_mildew,test
plantwild/extracted/plantwild/images/squash powdery mildew/google_0102.jpg,Squash___Powdery_mildew,test
plantwild/extracted/plantwild/images/squash powdery mildew/google_0236.jpg,Squash___Powdery_mildew,test
plantwild/extracted/plantwild/images/squash powdery mildew/47.jpg,Squash___Powdery_mildew,test
plantwild/extracted/plantwild/images/squash powdery mildew/google_0189.jpg,Squash___Powdery_mildew,test
plantwild/extracted/plantwild/images/squash powdery mildew/google_0026.jpg,Squash___Powdery_mildew,test
plantwild/extracted/plantwild/images/squash powdery mildew/google_0285.jpg,Squash___Powdery_mildew,test
plantwild/extracted/plantwild/images/squash powdery mildew/google_0202.jpg,Squash___Powdery_mildew,test
plantwild/extracted/plantwild/images/squash powdery mildew/google_0331.jpg,Squash___Powdery_mildew,test
plantwild/extracted/plantwild/images/squash powdery mildew/google_0209.jpg,Squash___Powdery_mildew,test
plantwild/extracted/plantwild/images/squash powdery mildew/google_0098.jpg,Squash___Powdery_mildew,test
plantwild/extracted/plantwild/images/squash powdery mildew/4.jpg,Squash___Powdery_mildew,test
plantwild/extracted/plantwild/images/squash powdery mildew/54.jpg,Squash___Powdery_mildew,test
plantwild/extracted/plantwild/images/squash powdery mildew/google_0148.jpg,Squash___Powdery_mildew,test
plantwild/extracted/plantwild/images/squash powdery mildew/102.jpg,Squash___Powdery_mildew,test
plantwild/extracted/plantwild/images/squash powdery mildew/120.jpg,Squash___Powdery_mildew,test
plantwild/extracted/plantwild/images/squash powdery mildew/google_0064.jpg,Squash___Powdery_mildew,test
plantwild/extracted/plantwild/images/squash powdery mildew/google_0286.jpg,Squash___Powdery_mildew,test
plantwild/extracted/plantwild/images/squash powdery mildew/google_0100.jpg,Squash___Powdery_mildew,test
plantwild/extracted/plantwild/images/squash powdery mildew/google_0190.jpg,Squash___Powdery_mildew,test
plantwild/extracted/plantwild/images/squash powdery mildew/google_0158.jpg,Squash___Powdery_mildew,test
plantwild/extracted/plantwild/images/squash powdery mildew/google_0155.jpg,Squash___Powdery_mildew,test
plantwild/extracted/plantwild/images/squash powdery mildew/16.jpg,Squash___Powdery_mildew,test
plantwild/extracted/plantwild/images/squash powdery mildew/google_0073.jpg,Squash___Powdery_mildew,test
plantwild/extracted/plantwild/images/squash powdery mildew/google_0327.jpg,Squash___Powdery_mildew,test
plantwild/extracted/plantwild/images/squash powdery mildew/google_0034.jpg,Squash___Powdery_mildew,test
plantwild/extracted/plantwild/images/squash powdery mildew/google_0159.jpg,Squash___Powdery_mildew,test
plantwild/extracted/plantwild/images/squash powdery mildew/google_0027.jpg,Squash___Powdery_mildew,test
plantwild/extracted/plantwild/images/squash powdery mildew/40.jpg,Squash___Powdery_mildew,test
plantwild/extracted/plantwild/images/squash powdery mildew/google_0228.jpg,Squash___Powdery_mildew,test
plantwild/extracted/plantwild/images/squash powdery mildew/google_0139.jpg,Squash___Powdery_mildew,test
plantwild/extracted/plantwild/images/squash powdery mildew/129 - Copy.jpg,Squash___Powdery_mildew,test
plantwild/extracted/plantwild/images/squash powdery mildew/google_0011.jpg,Squash___Powdery_mildew,test
plantwild/extracted/plantwild/images/squash powdery mildew/google_0079.jpg,Squash___Powdery_mildew,test
plantwild/extracted/plantwild/images/squash powdery mildew/19.jpg,Squash___Powdery_mildew,test
plantwild/extracted/plantwild/images/squash powdery mildew/google_0410.jpg,Squash___Powdery_mildew,test
plantwild/extracted/plantwild/images/squash powdery mildew/google_0044.jpg,Squash___Powdery_mildew,test
plantwild/extracted/plantwild/images/squash powdery mildew/google_0070.jpg,Squash___Powdery_mildew,test
plantwild/extracted/plantwild/images/squash powdery mildew/77.jpg,Squash___Powdery_mildew,test
plantwild/extracted/plantwild/images/squash powdery mildew/google_0059.jpg,Squash___Powdery_mildew,test
plantwild/extracted/plantwild/images/squash powdery mildew/google_0009.jpg,Squash___Powdery_mildew,test
plantwild/extracted/plantwild/images/squash powdery mildew/178.jpg,Squash___Powdery_mildew,test
plantwild/extracted/plantwild/images/squash powdery mildew/172.jpg,Squash___Powdery_mildew,test
plantwild/extracted/plantwild/images/squash powdery mildew/66.jpg,Squash___Powdery_mildew,test
plantwild/extracted/plantwild/images/strawberry leaf scorch/google_0016.jpg,Strawberry___Leaf_scorch,test
plantwild/extracted/plantwild/images/strawberry leaf scorch/google_0084.jpg,Strawberry___Leaf_scorch,test
plantwild/extracted/plantwild/images/strawberry leaf scorch/google_0074.jpg,Strawberry___Leaf_scorch,test
plantwild/extracted/plantwild/images/strawberry leaf scorch/google_0015.jpg,Strawberry___Leaf_scorch,test
plantwild/extracted/plantwild/images/strawberry leaf scorch/google_0053.jpg,Strawberry___Leaf_scorch,test
plantwild/extracted/plantwild/images/strawberry leaf scorch/google_0060.jpg,Strawberry___Leaf_scorch,test
plantwild/extracted/plantwild/images/strawberry leaf scorch/google_0095.jpg,Strawberry___Leaf_scorch,test
plantwild/extracted/plantwild/images/strawberry leaf scorch/google_0122.jpg,Strawberry___Leaf_scorch,test
plantwild/extracted/plantwild/images/strawberry leaf scorch/google_0054.jpg,Strawberry___Leaf_scorch,test
plantwild/extracted/plantwild/images/strawberry leaf scorch/google_0022.jpg,Strawberry___Leaf_scorch,test
plantwild/extracted/plantwild/images/strawberry leaf scorch/google_0002.jpg,Strawberry___Leaf_scorch,test
plantwild/extracted/plantwild/images/strawberry leaf scorch/google_0040.jpg,Strawberry___Leaf_scorch,test
plantwild/extracted/plantwild/images/strawberry leaf scorch/google_0007.jpg,Strawberry___Leaf_scorch,test
plantwild/extracted/plantwild/images/strawberry leaf scorch/google_0031.jpg,Strawberry___Leaf_scorch,test
plantwild/extracted/plantwild/images/strawberry leaf scorch/google_0012.jpg,Strawberry___Leaf_scorch,test
plantwild/extracted/plantwild/images/strawberry leaf/google_0277.jpg,Strawberry___healthy,test
plantwild/extracted/plantwild/images/strawberry leaf/33.jpg,Strawberry___healthy,test
plantwild/extracted/plantwild/images/strawberry leaf/google_0046.jpg,Strawberry___healthy,test
plantwild/extracted/plantwild/images/strawberry leaf/google_0490.jpg,Strawberry___healthy,test
plantwild/extracted/plantwild/images/strawberry leaf/2.jpg,Strawberry___healthy,test
plantwild/extracted/plantwild/images/strawberry leaf/google_0215.jpg,Strawberry___healthy,test
plantwild/extracted/plantwild/images/strawberry leaf/google_0230.jpg,Strawberry___healthy,test
plantwild/extracted/plantwild/images/strawberry leaf/google_0109.jpg,Strawberry___healthy,test
plantwild/extracted/plantwild/images/strawberry leaf/google_0082.jpg,Strawberry___healthy,test
plantwild/extracted/plantwild/images/strawberry leaf/google_0276.jpg,Strawberry___healthy,test
plantwild/extracted/plantwild/images/strawberry leaf/59.jpg,Strawberry___healthy,test
plantwild/extracted/plantwild/images/strawberry leaf/google_0524.jpg,Strawberry___healthy,test
plantwild/extracted/plantwild/images/strawberry leaf/google_0604.jpg,Strawberry___healthy,test
plantwild/extracted/plantwild/images/strawberry leaf/google_0086.jpg,Strawberry___healthy,test
plantwild/extracted/plantwild/images/strawberry leaf/75.jpg,Strawberry___healthy,test
plantwild/extracted/plantwild/images/strawberry leaf/24.jpg,Strawberry___healthy,test
plantwild/extracted/plantwild/images/strawberry leaf/66.jpg,Strawberry___healthy,test
plantwild/extracted/plantwild/images/strawberry leaf/google_0244.jpg,Strawberry___healthy,test
plantwild/extracted/plantwild/images/strawberry leaf/62.jpg,Strawberry___healthy,test
plantwild/extracted/plantwild/images/strawberry leaf/19.jpg,Strawberry___healthy,test
plantwild/extracted/plantwild/images/strawberry leaf/google_0080.jpg,Strawberry___healthy,test
plantwild/extracted/plantwild/images/strawberry leaf/google_0241.jpg,Strawberry___healthy,test
plantwild/extracted/plantwild/images/strawberry leaf/43.jpg,Strawberry___healthy,test
plantwild/extracted/plantwild/images/strawberry leaf/google_0487.jpg,Strawberry___healthy,test
plantwild/extracted/plantwild/images/strawberry leaf/google_0549.jpg,Strawberry___healthy,test
plantwild/extracted/plantwild/images/strawberry leaf/google_0346.jpg,Strawberry___healthy,test
plantwild/extracted/plantwild/images/strawberry leaf/50.jpg,Strawberry___healthy,test
plantwild/extracted/plantwild/images/strawberry leaf/46.jpg,Strawberry___healthy,test
plantwild/extracted/plantwild/images/strawberry leaf/google_0207.jpg,Strawberry___healthy,test
plantwild/extracted/plantwild/images/strawberry leaf/41.jpg,Strawberry___healthy,test
plantwild/extracted/plantwild/images/strawberry leaf/google_0264.jpg,Strawberry___healthy,test
plantwild/extracted/plantwild/images/strawberry leaf/48.jpg,Strawberry___healthy,test
plantwild/extracted/plantwild/images/strawberry leaf/google_0505.jpg,Strawberry___healthy,test
plantwild/extracted/plantwild/images/strawberry leaf/google_0413.jpg,Strawberry___healthy,test
plantwild/extracted/plantwild/images/strawberry leaf/68.jpg,Strawberry___healthy,test
plantwild/extracted/plantwild/images/strawberry leaf/google_0489.jpg,Strawberry___healthy,test
plantwild/extracted/plantwild/images/strawberry leaf/11.jpg,Strawberry___healthy,test
plantwild/extracted/plantwild/images/strawberry leaf/google_0256.jpg,Strawberry___healthy,test
plantwild/extracted/plantwild/images/strawberry leaf/google_0083.jpg,Strawberry___healthy,test
plantwild/extracted/plantwild/images/strawberry leaf/google_0127.jpg,Strawberry___healthy,test
plantwild/extracted/plantwild/images/tomato bacterial leaf spot/google_0160.jpg,Tomato___Bacterial_spot,test
plantwild/extracted/plantwild/images/tomato bacterial leaf spot/14.jpg,Tomato___Bacterial_spot,test
plantwild/extracted/plantwild/images/tomato bacterial leaf spot/google_0262.jpg,Tomato___Bacterial_spot,test
plantwild/extracted/plantwild/images/tomato bacterial leaf spot/10.jpg,Tomato___Bacterial_spot,test
plantwild/extracted/plantwild/images/tomato bacterial leaf spot/google_0073.jpg,Tomato___Bacterial_spot,test
plantwild/extracted/plantwild/images/tomato bacterial leaf spot/79.jpg,Tomato___Bacterial_spot,test
plantwild/extracted/plantwild/images/tomato bacterial leaf spot/google_0277.jpg,Tomato___Bacterial_spot,test
plantwild/extracted/plantwild/images/tomato bacterial leaf spot/119.jpg,Tomato___Bacterial_spot,test
plantwild/extracted/plantwild/images/tomato bacterial leaf spot/google_0103.jpg,Tomato___Bacterial_spot,test
plantwild/extracted/plantwild/images/tomato bacterial leaf spot/google_0093.jpg,Tomato___Bacterial_spot,test
plantwild/extracted/plantwild/images/tomato bacterial leaf spot/google_0099.jpg,Tomato___Bacterial_spot,test
plantwild/extracted/plantwild/images/tomato bacterial leaf spot/google_0351.jpg,Tomato___Bacterial_spot,test
plantwild/extracted/plantwild/images/tomato bacterial leaf spot/google_0039.jpg,Tomato___Bacterial_spot,test
plantwild/extracted/plantwild/images/tomato bacterial leaf spot/google_0150.jpg,Tomato___Bacterial_spot,test
plantwild/extracted/plantwild/images/tomato bacterial leaf spot/6 - Copy.jpg,Tomato___Bacterial_spot,test
plantwild/extracted/plantwild/images/tomato bacterial leaf spot/google_0139.jpg,Tomato___Bacterial_spot,test
plantwild/extracted/plantwild/images/tomato bacterial leaf spot/81.jpg,Tomato___Bacterial_spot,test
plantwild/extracted/plantwild/images/tomato bacterial leaf spot/google_0023.jpg,Tomato___Bacterial_spot,test
plantwild/extracted/plantwild/images/tomato bacterial leaf spot/google_0438.jpg,Tomato___Bacterial_spot,test
plantwild/extracted/plantwild/images/tomato bacterial leaf spot/147.jpg,Tomato___Bacterial_spot,test
plantwild/extracted/plantwild/images/tomato bacterial leaf spot/179.jpg,Tomato___Bacterial_spot,test
plantwild/extracted/plantwild/images/tomato bacterial leaf spot/google_0276.jpg,Tomato___Bacterial_spot,test
plantwild/extracted/plantwild/images/tomato bacterial leaf spot/google_0100.jpg,Tomato___Bacterial_spot,test
plantwild/extracted/plantwild/images/tomato bacterial leaf spot/google_0138.jpg,Tomato___Bacterial_spot,test
plantwild/extracted/plantwild/images/tomato bacterial leaf spot/google_0000.jpg,Tomato___Bacterial_spot,test
plantwild/extracted/plantwild/images/tomato bacterial leaf spot/27 - Copy.jpg,Tomato___Bacterial_spot,test
plantwild/extracted/plantwild/images/tomato bacterial leaf spot/google_0126.jpg,Tomato___Bacterial_spot,test
plantwild/extracted/plantwild/images/tomato bacterial leaf spot/157.jpg,Tomato___Bacterial_spot,test
plantwild/extracted/plantwild/images/tomato bacterial leaf spot/google_0082.jpg,Tomato___Bacterial_spot,test
plantwild/extracted/plantwild/images/tomato bacterial leaf spot/google_0186.jpg,Tomato___Bacterial_spot,test
plantwild/extracted/plantwild/images/tomato bacterial leaf spot/google_0432.jpg,Tomato___Bacterial_spot,test
plantwild/extracted/plantwild/images/tomato bacterial leaf spot/42.jpg,Tomato___Bacterial_spot,test
plantwild/extracted/plantwild/images/tomato bacterial leaf spot/google_0413.jpg,Tomato___Bacterial_spot,test
plantwild/extracted/plantwild/images/tomato bacterial leaf spot/google_0094.jpg,Tomato___Bacterial_spot,test
plantwild/extracted/plantwild/images/tomato bacterial leaf spot/google_0066.jpg,Tomato___Bacterial_spot,test
plantwild/extracted/plantwild/images/tomato bacterial leaf spot/google_0429.jpg,Tomato___Bacterial_spot,test
plantwild/extracted/plantwild/images/tomato bacterial leaf spot/google_0408.jpg,Tomato___Bacterial_spot,test
plantwild/extracted/plantwild/images/tomato bacterial leaf spot/google_0121.jpg,Tomato___Bacterial_spot,test
plantwild/extracted/plantwild/images/tomato bacterial leaf spot/65.jpg,Tomato___Bacterial_spot,test
plantwild/extracted/plantwild/images/tomato bacterial leaf spot/google_0292.jpg,Tomato___Bacterial_spot,test
plantwild/extracted/plantwild/images/tomato bacterial leaf spot/google_0163.jpg,Tomato___Bacterial_spot,test
plantwild/extracted/plantwild/images/tomato bacterial leaf spot/84.jpg,Tomato___Bacterial_spot,test
plantwild/extracted/plantwild/images/tomato bacterial leaf spot/google_0144.jpg,Tomato___Bacterial_spot,test
plantwild/extracted/plantwild/images/tomato bacterial leaf spot/google_0040.jpg,Tomato___Bacterial_spot,test
plantwild/extracted/plantwild/images/tomato bacterial leaf spot/google_0117.jpg,Tomato___Bacterial_spot,test
plantwild/extracted/plantwild/images/tomato bacterial leaf spot/google_0172.jpg,Tomato___Bacterial_spot,test
plantwild/extracted/plantwild/images/tomato bacterial leaf spot/google_0030.jpg,Tomato___Bacterial_spot,test
plantwild/extracted/plantwild/images/tomato bacterial leaf spot/google_0022.jpg,Tomato___Bacterial_spot,test
plantwild/extracted/plantwild/images/tomato bacterial leaf spot/google_0174.jpg,Tomato___Bacterial_spot,test
plantwild/extracted/plantwild/images/tomato bacterial leaf spot/50.jpg,Tomato___Bacterial_spot,test
plantwild/extracted/plantwild/images/tomato bacterial leaf spot/20.jpg,Tomato___Bacterial_spot,test
plantwild/extracted/plantwild/images/tomato bacterial leaf spot/google_0113.jpg,Tomato___Bacterial_spot,test
plantwild/extracted/plantwild/images/tomato bacterial leaf spot/google_0159.jpg,Tomato___Bacterial_spot,test
plantwild/extracted/plantwild/images/tomato bacterial leaf spot/google_0072.jpg,Tomato___Bacterial_spot,test
plantwild/extracted/plantwild/images/tomato bacterial leaf spot/9.jpg,Tomato___Bacterial_spot,test
plantwild/extracted/plantwild/images/tomato bacterial leaf spot/google_0128.jpg,Tomato___Bacterial_spot,test
plantwild/extracted/plantwild/images/tomato early blight/65.jpg,Tomato___Early_blight,test
plantwild/extracted/plantwild/images/tomato early blight/google_0059.jpg,Tomato___Early_blight,test
plantwild/extracted/plantwild/images/tomato early blight/258.jpg,Tomato___Early_blight,test
plantwild/extracted/plantwild/images/tomato early blight/google_0357.jpg,Tomato___Early_blight,test
plantwild/extracted/plantwild/images/tomato early blight/178.jpg,Tomato___Early_blight,test
plantwild/extracted/plantwild/images/tomato early blight/google_0106.jpg,Tomato___Early_blight,test
plantwild/extracted/plantwild/images/tomato early blight/google_0393.jpg,Tomato___Early_blight,test
plantwild/extracted/plantwild/images/tomato early blight/google_0056.jpg,Tomato___Early_blight,test
plantwild/extracted/plantwild/images/tomato early blight/26 - Copy.jpg,Tomato___Early_blight,test
plantwild/extracted/plantwild/images/tomato early blight/google_0406.jpg,Tomato___Early_blight,test
plantwild/extracted/plantwild/images/tomato early blight/google_0167.jpg,Tomato___Early_blight,test
plantwild/extracted/plantwild/images/tomato early blight/google_0018.jpg,Tomato___Early_blight,test
plantwild/extracted/plantwild/images/tomato early blight/google_0414.jpg,Tomato___Early_blight,test
plantwild/extracted/plantwild/images/tomato early blight/186.jpg,Tomato___Early_blight,test
plantwild/extracted/plantwild/images/tomato early blight/google_0146.jpg,Tomato___Early_blight,test
plantwild/extracted/plantwild/images/tomato early blight/google_0372.jpg,Tomato___Early_blight,test
plantwild/extracted/plantwild/images/tomato early blight/google_0221.jpg,Tomato___Early_blight,test
plantwild/extracted/plantwild/images/tomato early blight/google_0048.jpg,Tomato___Early_blight,test
plantwild/extracted/plantwild/images/tomato early blight/google_0068.jpg,Tomato___Early_blight,test
plantwild/extracted/plantwild/images/tomato early blight/google_0017.jpg,Tomato___Early_blight,test
plantwild/extracted/plantwild/images/tomato early blight/28.jpg,Tomato___Early_blight,test
plantwild/extracted/plantwild/images/tomato early blight/google_0258.jpg,Tomato___Early_blight,test
plantwild/extracted/plantwild/images/tomato early blight/google_0288.jpg,Tomato___Early_blight,test
plantwild/extracted/plantwild/images/tomato early blight/google_0290.jpg,Tomato___Early_blight,test
plantwild/extracted/plantwild/images/tomato early blight/33.jpg,Tomato___Early_blight,test
plantwild/extracted/plantwild/images/tomato early blight/google_0065.jpg,Tomato___Early_blight,test
plantwild/extracted/plantwild/images/tomato early blight/223.jpg,Tomato___Early_blight,test
plantwild/extracted/plantwild/images/tomato early blight/google_0112.jpg,Tomato___Early_blight,test
plantwild/extracted/plantwild/images/tomato early blight/128.jpg,Tomato___Early_blight,test
plantwild/extracted/plantwild/images/tomato early blight/google_0060.jpg,Tomato___Early_blight,test
plantwild/extracted/plantwild/images/tomato early blight/93.jpg,Tomato___Early_blight,test
plantwild/extracted/plantwild/images/tomato early blight/google_0271.jpg,Tomato___Early_blight,test
plantwild/extracted/plantwild/images/tomato early blight/google_0272.jpg,Tomato___Early_blight,test
plantwild/extracted/plantwild/images/tomato early blight/google_0334.jpg,Tomato___Early_blight,test
plantwild/extracted/plantwild/images/tomato early blight/google_0071.jpg,Tomato___Early_blight,test
plantwild/extracted/plantwild/images/tomato early blight/google_0000.jpg,Tomato___Early_blight,test
plantwild/extracted/plantwild/images/tomato early blight/google_0055.jpg,Tomato___Early_blight,test
plantwild/extracted/plantwild/images/tomato early blight/google_0152.jpg,Tomato___Early_blight,test
plantwild/extracted/plantwild/images/tomato early blight/2.jpg,Tomato___Early_blight,test
plantwild/extracted/plantwild/images/tomato early blight/google_0181.jpg,Tomato___Early_blight,test
plantwild/extracted/plantwild/images/tomato early blight/89.jpg,Tomato___Early_blight,test
plantwild/extracted/plantwild/images/tomato early blight/52.jpg,Tomato___Early_blight,test
plantwild/extracted/plantwild/images/tomato early blight/168.jpg,Tomato___Early_blight,test
plantwild/extracted/plantwild/images/tomato early blight/259.jpg,Tomato___Early_blight,test
plantwild/extracted/plantwild/images/tomato early blight/201.jpg,Tomato___Early_blight,test
plantwild/extracted/plantwild/images/tomato early blight/google_0100.jpg,Tomato___Early_blight,test
plantwild/extracted/plantwild/images/tomato early blight/159.jpg,Tomato___Early_blight,test
plantwild/extracted/plantwild/images/tomato early blight/google_0282.jpg,Tomato___Early_blight,test
plantwild/extracted/plantwild/images/tomato early blight/google_0273.jpg,Tomato___Early_blight,test
plantwild/extracted/plantwild/images/tomato early blight/86.jpg,Tomato___Early_blight,test
plantwild/extracted/plantwild/images/tomato early blight/google_0032.jpg,Tomato___Early_blight,test
plantwild/extracted/plantwild/images/tomato early blight/google_0192.jpg,Tomato___Early_blight,test
plantwild/extracted/plantwild/images/tomato early blight/google_0043.jpg,Tomato___Early_blight,test
plantwild/extracted/plantwild/images/tomato early blight/google_0250.jpg,Tomato___Early_blight,test
plantwild/extracted/plantwild/images/tomato early blight/google_0225.jpg,Tomato___Early_blight,test
plantwild/extracted/plantwild/images/tomato early blight/google_0355.jpg,Tomato___Early_blight,test
plantwild/extracted/plantwild/images/tomato early blight/242.jpg,Tomato___Early_blight,test
plantwild/extracted/plantwild/images/tomato early blight/google_0209.jpg,Tomato___Early_blight,test
plantwild/extracted/plantwild/images/tomato early blight/google_0127.jpg,Tomato___Early_blight,test
plantwild/extracted/plantwild/images/tomato early blight/285.jpg,Tomato___Early_blight,test
plantwild/extracted/plantwild/images/tomato early blight/118.jpg,Tomato___Early_blight,test
plantwild/extracted/plantwild/images/tomato early blight/google_0179.jpg,Tomato___Early_blight,test
plantwild/extracted/plantwild/images/tomato early blight/25 - Copy (7).jpg,Tomato___Early_blight,test
plantwild/extracted/plantwild/images/tomato early blight/25 - Copy (5).jpg,Tomato___Early_blight,test
plantwild/extracted/plantwild/images/tomato early blight/321.jpg,Tomato___Early_blight,test
plantwild/extracted/plantwild/images/tomato early blight/google_0091.jpg,Tomato___Early_blight,test
plantwild/extracted/plantwild/images/tomato early blight/google_0137.jpg,Tomato___Early_blight,test
plantwild/extracted/plantwild/images/tomato early blight/google_0270.jpg,Tomato___Early_blight,test
plantwild/extracted/plantwild/images/tomato early blight/671 - Copy.jpg,Tomato___Early_blight,test
plantwild/extracted/plantwild/images/tomato late blight/google_0116.jpg,Tomato___Late_blight,test
plantwild/extracted/plantwild/images/tomato late blight/google_0197.jpg,Tomato___Late_blight,test
plantwild/extracted/plantwild/images/tomato late blight/add (5).jpg,Tomato___Late_blight,test
plantwild/extracted/plantwild/images/tomato late blight/google_0163.jpg,Tomato___Late_blight,test
plantwild/extracted/plantwild/images/tomato late blight/142.jpg,Tomato___Late_blight,test
plantwild/extracted/plantwild/images/tomato late blight/google_0194.jpg,Tomato___Late_blight,test
plantwild/extracted/plantwild/images/tomato late blight/79.jpg,Tomato___Late_blight,test
plantwild/extracted/plantwild/images/tomato late blight/147.jpg,Tomato___Late_blight,test
plantwild/extracted/plantwild/images/tomato late blight/186.jpg,Tomato___Late_blight,test
plantwild/extracted/plantwild/images/tomato late blight/109.jpg,Tomato___Late_blight,test
plantwild/extracted/plantwild/images/tomato late blight/google_0133.jpg,Tomato___Late_blight,test
plantwild/extracted/plantwild/images/tomato late blight/18.jpg,Tomato___Late_blight,test
plantwild/extracted/plantwild/images/tomato late blight/163.jpg,Tomato___Late_blight,test
plantwild/extracted/plantwild/images/tomato late blight/google_0157.jpg,Tomato___Late_blight,test
plantwild/extracted/plantwild/images/tomato late blight/google_0110.jpg,Tomato___Late_blight,test
plantwild/extracted/plantwild/images/tomato late blight/12.jpg,Tomato___Late_blight,test
plantwild/extracted/plantwild/images/tomato late blight/130 - Copy (2).jpg,Tomato___Late_blight,test
plantwild/extracted/plantwild/images/tomato late blight/google_0041.jpg,Tomato___Late_blight,test
plantwild/extracted/plantwild/images/tomato late blight/9.jpg,Tomato___Late_blight,test
plantwild/extracted/plantwild/images/tomato late blight/185 - Copy.jpg,Tomato___Late_blight,test
plantwild/extracted/plantwild/images/tomato late blight/196.jpg,Tomato___Late_blight,test
plantwild/extracted/plantwild/images/tomato late blight/google_0214.jpg,Tomato___Late_blight,test
plantwild/extracted/plantwild/images/tomato late blight/google_0104.jpg,Tomato___Late_blight,test
plantwild/extracted/plantwild/images/tomato late blight/google_0256.jpg,Tomato___Late_blight,test
plantwild/extracted/plantwild/images/tomato late blight/add (3).jpg,Tomato___Late_blight,test
plantwild/extracted/plantwild/images/tomato late blight/228.jpg,Tomato___Late_blight,test
plantwild/extracted/plantwild/images/tomato late blight/google_0192.jpg,Tomato___Late_blight,test
plantwild/extracted/plantwild/images/tomato late blight/google_0262.jpg,Tomato___Late_blight,test
plantwild/extracted/plantwild/images/tomato late blight/google_0089.jpg,Tomato___Late_blight,test
plantwild/extracted/plantwild/images/tomato late blight/162.jpg,Tomato___Late_blight,test
plantwild/extracted/plantwild/images/tomato late blight/google_0024.jpg,Tomato___Late_blight,test
plantwild/extracted/plantwild/images/tomato late blight/77.jpg,Tomato___Late_blight,test
plantwild/extracted/plantwild/images/tomato late blight/google_0073.jpg,Tomato___Late_blight,test
plantwild/extracted/plantwild/images/tomato late blight/11.jpg,Tomato___Late_blight,test
plantwild/extracted/plantwild/images/tomato late blight/40.jpg,Tomato___Late_blight,test
plantwild/extracted/plantwild/images/tomato late blight/google_0085.jpg,Tomato___Late_blight,test
plantwild/extracted/plantwild/images/tomato late blight/google_0202.jpg,Tomato___Late_blight,test
plantwild/extracted/plantwild/images/tomato late blight/10.jpg,Tomato___Late_blight,test
plantwild/extracted/plantwild/images/tomato late blight/google_0146.jpg,Tomato___Late_blight,test
plantwild/extracted/plantwild/images/tomato late blight/google_0074.jpg,Tomato___Late_blight,test
plantwild/extracted/plantwild/images/tomato late blight/90.jpg,Tomato___Late_blight,test
plantwild/extracted/plantwild/images/tomato late blight/google_0001.jpg,Tomato___Late_blight,test
plantwild/extracted/plantwild/images/tomato late blight/google_0142.jpg,Tomato___Late_blight,test
plantwild/extracted/plantwild/images/tomato late blight/233.jpg,Tomato___Late_blight,test
plantwild/extracted/plantwild/images/tomato late blight/google_0221.jpg,Tomato___Late_blight,test
plantwild/extracted/plantwild/images/tomato late blight/167.jpg,Tomato___Late_blight,test
plantwild/extracted/plantwild/images/tomato late blight/24.jpg,Tomato___Late_blight,test
plantwild/extracted/plantwild/images/tomato late blight/add (13).jpg,Tomato___Late_blight,test
plantwild/extracted/plantwild/images/tomato late blight/google_0156.jpg,Tomato___Late_blight,test
plantwild/extracted/plantwild/images/tomato late blight/google_0031.jpg,Tomato___Late_blight,test
plantwild/extracted/plantwild/images/tomato late blight/google_0062.jpg,Tomato___Late_blight,test
plantwild/extracted/plantwild/images/tomato late blight/google_0239.jpg,Tomato___Late_blight,test
plantwild/extracted/plantwild/images/tomato late blight/41.jpg,Tomato___Late_blight,test
plantwild/extracted/plantwild/images/tomato late blight/44.jpg,Tomato___Late_blight,test
plantwild/extracted/plantwild/images/tomato late blight/google_0181.jpg,Tomato___Late_blight,test
plantwild/extracted/plantwild/images/tomato late blight/google_0238.jpg,Tomato___Late_blight,test
plantwild/extracted/plantwild/images/tomato late blight/google_0000.jpg,Tomato___Late_blight,test
plantwild/extracted/plantwild/images/tomato late blight/google_0258.jpg,Tomato___Late_blight,test
plantwild/extracted/plantwild/images/tomato late blight/google_0134.jpg,Tomato___Late_blight,test
plantwild/extracted/plantwild/images/tomato leaf mold/77.jpg,Tomato___Leaf_Mold,test
plantwild/extracted/plantwild/images/tomato leaf mold/202.jpg,Tomato___Leaf_Mold,test
plantwild/extracted/plantwild/images/tomato leaf mold/204.jpg,Tomato___Leaf_Mold,test
plantwild/extracted/plantwild/images/tomato leaf mold/71.jpg,Tomato___Leaf_Mold,test
plantwild/extracted/plantwild/images/tomato leaf mold/google_0177.jpg,Tomato___Leaf_Mold,test
plantwild/extracted/plantwild/images/tomato leaf mold/203.jpg,Tomato___Leaf_Mold,test
plantwild/extracted/plantwild/images/tomato leaf mold/248.jpg,Tomato___Leaf_Mold,test
plantwild/extracted/plantwild/images/tomato leaf mold/136.jpg,Tomato___Leaf_Mold,test
plantwild/extracted/plantwild/images/tomato leaf mold/48.jpg,Tomato___Leaf_Mold,test
plantwild/extracted/plantwild/images/tomato leaf mold/40.jpg,Tomato___Leaf_Mold,test
plantwild/extracted/plantwild/images/tomato leaf mold/google_0286.jpg,Tomato___Leaf_Mold,test
plantwild/extracted/plantwild/images/tomato leaf mold/google_0178.jpg,Tomato___Leaf_Mold,test
plantwild/extracted/plantwild/images/tomato leaf mold/google_0054.jpg,Tomato___Leaf_Mold,test
plantwild/extracted/plantwild/images/tomato leaf mold/259.jpg,Tomato___Leaf_Mold,test
plantwild/extracted/plantwild/images/tomato leaf mold/12.jpg,Tomato___Leaf_Mold,test
plantwild/extracted/plantwild/images/tomato leaf mold/232.jpg,Tomato___Leaf_Mold,test
plantwild/extracted/plantwild/images/tomato leaf mold/google_0260.jpg,Tomato___Leaf_Mold,test
plantwild/extracted/plantwild/images/tomato leaf mold/google_0012.jpg,Tomato___Leaf_Mold,test
plantwild/extracted/plantwild/images/tomato leaf mold/215.jpg,Tomato___Leaf_Mold,test
plantwild/extracted/plantwild/images/tomato leaf mold/148.jpg,Tomato___Leaf_Mold,test
plantwild/extracted/plantwild/images/tomato leaf mold/google_0104.jpg,Tomato___Leaf_Mold,test
plantwild/extracted/plantwild/images/tomato leaf mold/17.jpg,Tomato___Leaf_Mold,test
plantwild/extracted/plantwild/images/tomato leaf mold/160.jpg,Tomato___Leaf_Mold,test
plantwild/extracted/plantwild/images/tomato leaf mold/google_0083.jpg,Tomato___Leaf_Mold,test
plantwild/extracted/plantwild/images/tomato leaf mold/google_0116 - Copy.jpg,Tomato___Leaf_Mold,test
plantwild/extracted/plantwild/images/tomato leaf mold/182.jpg,Tomato___Leaf_Mold,test
plantwild/extracted/plantwild/images/tomato leaf mold/271.jpg,Tomato___Leaf_Mold,test
plantwild/extracted/plantwild/images/tomato leaf mold/google_0049.jpg,Tomato___Leaf_Mold,test
plantwild/extracted/plantwild/images/tomato leaf mold/200.jpg,Tomato___Leaf_Mold,test
plantwild/extracted/plantwild/images/tomato leaf mold/21.jpg,Tomato___Leaf_Mold,test
plantwild/extracted/plantwild/images/tomato leaf mold/google_0175.jpg,Tomato___Leaf_Mold,test
plantwild/extracted/plantwild/images/tomato leaf mold/143.jpg,Tomato___Leaf_Mold,test
plantwild/extracted/plantwild/images/tomato leaf mold/35.jpg,Tomato___Leaf_Mold,test
plantwild/extracted/plantwild/images/tomato leaf mold/180.jpg,Tomato___Leaf_Mold,test
plantwild/extracted/plantwild/images/tomato leaf mold/google_0013.jpg,Tomato___Leaf_Mold,test
plantwild/extracted/plantwild/images/tomato leaf mold/38.jpg,Tomato___Leaf_Mold,test
plantwild/extracted/plantwild/images/tomato leaf mold/google_0152.jpg,Tomato___Leaf_Mold,test
plantwild/extracted/plantwild/images/tomato leaf mold/google_0176.jpg,Tomato___Leaf_Mold,test
plantwild/extracted/plantwild/images/tomato leaf mold/google_0009.jpg,Tomato___Leaf_Mold,test
plantwild/extracted/plantwild/images/tomato leaf mold/264.jpg,Tomato___Leaf_Mold,test
plantwild/extracted/plantwild/images/tomato leaf mold/189.jpg,Tomato___Leaf_Mold,test
plantwild/extracted/plantwild/images/tomato leaf mold/24.jpg,Tomato___Leaf_Mold,test
plantwild/extracted/plantwild/images/tomato leaf mold/google_0125.jpg,Tomato___Leaf_Mold,test
plantwild/extracted/plantwild/images/tomato leaf mold/137.jpg,Tomato___Leaf_Mold,test
plantwild/extracted/plantwild/images/tomato leaf mold/google_0028.jpg,Tomato___Leaf_Mold,test
plantwild/extracted/plantwild/images/tomato leaf mold/google_0002.jpg,Tomato___Leaf_Mold,test
plantwild/extracted/plantwild/images/tomato leaf mold/262.jpg,Tomato___Leaf_Mold,test
plantwild/extracted/plantwild/images/tomato leaf mold/245.jpg,Tomato___Leaf_Mold,test
plantwild/extracted/plantwild/images/tomato septoria leaf spot/7.jpg,Tomato___Septoria_leaf_spot,test
plantwild/extracted/plantwild/images/tomato septoria leaf spot/google_0089.jpg,Tomato___Septoria_leaf_spot,test
plantwild/extracted/plantwild/images/tomato septoria leaf spot/google_0025.jpg,Tomato___Septoria_leaf_spot,test
plantwild/extracted/plantwild/images/tomato septoria leaf spot/google_0030.jpg,Tomato___Septoria_leaf_spot,test
plantwild/extracted/plantwild/images/tomato septoria leaf spot/google_0231.jpg,Tomato___Septoria_leaf_spot,test
plantwild/extracted/plantwild/images/tomato septoria leaf spot/google_0078.jpg,Tomato___Septoria_leaf_spot,test
plantwild/extracted/plantwild/images/tomato septoria leaf spot/google_0026.jpg,Tomato___Septoria_leaf_spot,test
plantwild/extracted/plantwild/images/tomato septoria leaf spot/93.jpg,Tomato___Septoria_leaf_spot,test
plantwild/extracted/plantwild/images/tomato septoria leaf spot/195.jpg,Tomato___Septoria_leaf_spot,test
plantwild/extracted/plantwild/images/tomato septoria leaf spot/google_0164.jpg,Tomato___Septoria_leaf_spot,test
plantwild/extracted/plantwild/images/tomato septoria leaf spot/google_0234.jpg,Tomato___Septoria_leaf_spot,test
plantwild/extracted/plantwild/images/tomato septoria leaf spot/google_0060.jpg,Tomato___Septoria_leaf_spot,test
plantwild/extracted/plantwild/images/tomato septoria leaf spot/google_0139 - Copy (2).jpg,Tomato___Septoria_leaf_spot,test
plantwild/extracted/plantwild/images/tomato septoria leaf spot/google_0237.jpg,Tomato___Septoria_leaf_spot,test
plantwild/extracted/plantwild/images/tomato septoria leaf spot/google_0272.jpg,Tomato___Septoria_leaf_spot,test
plantwild/extracted/plantwild/images/tomato septoria leaf spot/google_0062.jpg,Tomato___Septoria_leaf_spot,test
plantwild/extracted/plantwild/images/tomato septoria leaf spot/google_0257 - Copy.jpg,Tomato___Septoria_leaf_spot,test
plantwild/extracted/plantwild/images/tomato septoria leaf spot/google_0122.jpg,Tomato___Septoria_leaf_spot,test
plantwild/extracted/plantwild/images/tomato septoria leaf spot/google_0014.jpg,Tomato___Septoria_leaf_spot,test
plantwild/extracted/plantwild/images/tomato septoria leaf spot/google_0273 - Copy.jpg,Tomato___Septoria_leaf_spot,test
plantwild/extracted/plantwild/images/tomato septoria leaf spot/google_0086 - Copy.jpg,Tomato___Septoria_leaf_spot,test
plantwild/extracted/plantwild/images/tomato septoria leaf spot/google_0086 - Copy (2).jpg,Tomato___Septoria_leaf_spot,test
plantwild/extracted/plantwild/images/tomato septoria leaf spot/243.jpg,Tomato___Septoria_leaf_spot,test
plantwild/extracted/plantwild/images/tomato septoria leaf spot/google_0127.jpg,Tomato___Septoria_leaf_spot,test
plantwild/extracted/plantwild/images/tomato septoria leaf spot/174.jpg,Tomato___Septoria_leaf_spot,test
plantwild/extracted/plantwild/images/tomato septoria leaf spot/google_0208.jpg,Tomato___Septoria_leaf_spot,test
plantwild/extracted/plantwild/images/tomato septoria leaf spot/google_0175.jpg,Tomato___Septoria_leaf_spot,test
plantwild/extracted/plantwild/images/tomato septoria leaf spot/google_0128.jpg,Tomato___Septoria_leaf_spot,test
plantwild/extracted/plantwild/images/tomato septoria leaf spot/google_0132.jpg,Tomato___Septoria_leaf_spot,test
plantwild/extracted/plantwild/images/tomato septoria leaf spot/google_0149.jpg,Tomato___Septoria_leaf_spot,test
plantwild/extracted/plantwild/images/tomato septoria leaf spot/google_0140 - Copy.jpg,Tomato___Septoria_leaf_spot,test
plantwild/extracted/plantwild/images/tomato septoria leaf spot/google_0230.jpg,Tomato___Septoria_leaf_spot,test
plantwild/extracted/plantwild/images/tomato septoria leaf spot/google_0156.jpg,Tomato___Septoria_leaf_spot,test
plantwild/extracted/plantwild/images/tomato septoria leaf spot/google_0061.jpg,Tomato___Septoria_leaf_spot,test
plantwild/extracted/plantwild/images/tomato septoria leaf spot/google_0035.jpg,Tomato___Septoria_leaf_spot,test
plantwild/extracted/plantwild/images/tomato septoria leaf spot/google_0220.jpg,Tomato___Septoria_leaf_spot,test
plantwild/extracted/plantwild/images/tomato septoria leaf spot/google_0058.jpg,Tomato___Septoria_leaf_spot,test
plantwild/extracted/plantwild/images/tomato septoria leaf spot/google_0270 - Copy (3).jpg,Tomato___Septoria_leaf_spot,test
plantwild/extracted/plantwild/images/tomato septoria leaf spot/google_0224.jpg,Tomato___Septoria_leaf_spot,test
plantwild/extracted/plantwild/images/tomato septoria leaf spot/google_0155.jpg,Tomato___Septoria_leaf_spot,test
plantwild/extracted/plantwild/images/tomato septoria leaf spot/18.jpg,Tomato___Septoria_leaf_spot,test
plantwild/extracted/plantwild/images/tomato septoria leaf spot/google_0242.jpg,Tomato___Septoria_leaf_spot,test
plantwild/extracted/plantwild/images/tomato septoria leaf spot/google_0064 - Copy (2).jpg,Tomato___Septoria_leaf_spot,test
plantwild/extracted/plantwild/images/tomato septoria leaf spot/google_0073.jpg,Tomato___Septoria_leaf_spot,test
plantwild/extracted/plantwild/images/tomato yellow leaf curl virus/36.jpg,Tomato___Tomato_Yellow_Leaf_Curl_Virus,test
plantwild/extracted/plantwild/images/tomato yellow leaf curl virus/15.jpg,Tomato___Tomato_Yellow_Leaf_Curl_Virus,test
plantwild/extracted/plantwild/images/tomato yellow leaf curl virus/google_0074.jpg,Tomato___Tomato_Yellow_Leaf_Curl_Virus,test
plantwild/extracted/plantwild/images/tomato yellow leaf curl virus/google_0075.jpg,Tomato___Tomato_Yellow_Leaf_Curl_Virus,test
plantwild/extracted/plantwild/images/tomato yellow leaf curl virus/google_0029.jpg,Tomato___Tomato_Yellow_Leaf_Curl_Virus,test
plantwild/extracted/plantwild/images/tomato yellow leaf curl virus/google_0027.jpg,Tomato___Tomato_Yellow_Leaf_Curl_Virus,test
plantwild/extracted/plantwild/images/tomato yellow leaf curl virus/50.jpg,Tomato___Tomato_Yellow_Leaf_Curl_Virus,test
plantwild/extracted/plantwild/images/tomato yellow leaf curl virus/44.jpg,Tomato___Tomato_Yellow_Leaf_Curl_Virus,test
plantwild/extracted/plantwild/images/tomato yellow leaf curl virus/14.jpg,Tomato___Tomato_Yellow_Leaf_Curl_Virus,test
plantwild/extracted/plantwild/images/tomato yellow leaf curl virus/google_0115.jpg,Tomato___Tomato_Yellow_Leaf_Curl_Virus,test
plantwild/extracted/plantwild/images/tomato yellow leaf curl virus/google_0052 - Copy (3).jpg,Tomato___Tomato_Yellow_Leaf_Curl_Virus,test
plantwild/extracted/plantwild/images/tomato yellow leaf curl virus/google_0031.jpg,Tomato___Tomato_Yellow_Leaf_Curl_Virus,test
plantwild/extracted/plantwild/images/tomato yellow leaf curl virus/google_0163.jpg,Tomato___Tomato_Yellow_Leaf_Curl_Virus,test
plantwild/extracted/plantwild/images/tomato yellow leaf curl virus/29.jpg,Tomato___Tomato_Yellow_Leaf_Curl_Virus,test
plantwild/extracted/plantwild/images/tomato yellow leaf curl virus/10.jpg,Tomato___Tomato_Yellow_Leaf_Curl_Virus,test
plantwild/extracted/plantwild/images/tomato yellow leaf curl virus/google_0023.jpg,Tomato___Tomato_Yellow_Leaf_Curl_Virus,test
plantwild/extracted/plantwild/images/tomato yellow leaf curl virus/google_0109.jpg,Tomato___Tomato_Yellow_Leaf_Curl_Virus,test
plantwild/extracted/plantwild/images/tomato yellow leaf curl virus/google_0089.jpg,Tomato___Tomato_Yellow_Leaf_Curl_Virus,test
plantwild/extracted/plantwild/images/tomato yellow leaf curl virus/google_0012.jpg,Tomato___Tomato_Yellow_Leaf_Curl_Virus,test
plantwild/extracted/plantwild/images/tomato yellow leaf curl virus/google_0015.jpg,Tomato___Tomato_Yellow_Leaf_Curl_Virus,test
plantwild/extracted/plantwild/images/tomato yellow leaf curl virus/18.jpg,Tomato___Tomato_Yellow_Leaf_Curl_Virus,test
plantwild/extracted/plantwild/images/tomato yellow leaf curl virus/85.jpg,Tomato___Tomato_Yellow_Leaf_Curl_Virus,test
plantwild/extracted/plantwild/images/tomato yellow leaf curl virus/google_0007.jpg,Tomato___Tomato_Yellow_Leaf_Curl_Virus,test
plantwild/extracted/plantwild/images/tomato yellow leaf curl virus/59.jpg,Tomato___Tomato_Yellow_Leaf_Curl_Virus,test
plantwild/extracted/plantwild/images/tomato yellow leaf curl virus/101.jpg,Tomato___Tomato_Yellow_Leaf_Curl_Virus,test
plantwild/extracted/plantwild/images/tomato yellow leaf curl virus/64.jpg,Tomato___Tomato_Yellow_Leaf_Curl_Virus,test
plantwild/extracted/plantwild/images/tomato yellow leaf curl virus/google_0151.jpg,Tomato___Tomato_Yellow_Leaf_Curl_Virus,test
plantwild/extracted/plantwild/images/tomato yellow leaf curl virus/google_0112.jpg,Tomato___Tomato_Yellow_Leaf_Curl_Virus,test
plantwild/extracted/plantwild/images/tomato yellow leaf curl virus/google_0033.jpg,Tomato___Tomato_Yellow_Leaf_Curl_Virus,test
plantwild/extracted/plantwild/images/tomato yellow leaf curl virus/google_0028.jpg,Tomato___Tomato_Yellow_Leaf_Curl_Virus,test
plantwild/extracted/plantwild/images/tomato yellow leaf curl virus/152.jpg,Tomato___Tomato_Yellow_Leaf_Curl_Virus,test
plantwild/extracted/plantwild/images/tomato yellow leaf curl virus/google_0055.jpg,Tomato___Tomato_Yellow_Leaf_Curl_Virus,test
plantwild/extracted/plantwild/images/tomato yellow leaf curl virus/google_0056.jpg,Tomato___Tomato_Yellow_Leaf_Curl_Virus,test
plantwild/extracted/plantwild/images/tomato yellow leaf curl virus/google_0141.jpg,Tomato___Tomato_Yellow_Leaf_Curl_Virus,test
plantwild/extracted/plantwild/images/tomato mosaic virus/217.jpg,Tomato___Tomato_mosaic_virus,test
plantwild/extracted/plantwild/images/tomato mosaic virus/22.jpg,Tomato___Tomato_mosaic_virus,test
plantwild/extracted/plantwild/images/tomato mosaic virus/google_0200.jpg,Tomato___Tomato_mosaic_virus,test
plantwild/extracted/plantwild/images/tomato mosaic virus/google_0105.jpg,Tomato___Tomato_mosaic_virus,test
plantwild/extracted/plantwild/images/tomato mosaic virus/google_0133.jpg,Tomato___Tomato_mosaic_virus,test
plantwild/extracted/plantwild/images/tomato mosaic virus/google_0021.jpg,Tomato___Tomato_mosaic_virus,test
plantwild/extracted/plantwild/images/tomato mosaic virus/155.jpg,Tomato___Tomato_mosaic_virus,test
plantwild/extracted/plantwild/images/tomato mosaic virus/google_0116.jpg,Tomato___Tomato_mosaic_virus,test
plantwild/extracted/plantwild/images/tomato mosaic virus/154.jpg,Tomato___Tomato_mosaic_virus,test
plantwild/extracted/plantwild/images/tomato mosaic virus/google_0205.jpg,Tomato___Tomato_mosaic_virus,test
plantwild/extracted/plantwild/images/tomato mosaic virus/google_0077.jpg,Tomato___Tomato_mosaic_virus,test
plantwild/extracted/plantwild/images/tomato mosaic virus/google_0026.jpg,Tomato___Tomato_mosaic_virus,test
plantwild/extracted/plantwild/images/tomato mosaic virus/151.jpg,Tomato___Tomato_mosaic_virus,test
plantwild/extracted/plantwild/images/tomato mosaic virus/google_0054.jpg,Tomato___Tomato_mosaic_virus,test
plantwild/extracted/plantwild/images/tomato mosaic virus/202.jpg,Tomato___Tomato_mosaic_virus,test
plantwild/extracted/plantwild/images/tomato mosaic virus/5.jpg,Tomato___Tomato_mosaic_virus,test
plantwild/extracted/plantwild/images/tomato mosaic virus/35.jpg,Tomato___Tomato_mosaic_virus,test
plantwild/extracted/plantwild/images/tomato mosaic virus/70.jpg,Tomato___Tomato_mosaic_virus,test
plantwild/extracted/plantwild/images/tomato mosaic virus/google_0103.jpg,Tomato___Tomato_mosaic_virus,test
plantwild/extracted/plantwild/images/tomato mosaic virus/google_0021 - Copy (3).jpg,Tomato___Tomato_mosaic_virus,test
plantwild/extracted/plantwild/images/tomato mosaic virus/google_0113.jpg,Tomato___Tomato_mosaic_virus,test
plantwild/extracted/plantwild/images/tomato mosaic virus/google_0091.jpg,Tomato___Tomato_mosaic_virus,test
plantwild/extracted/plantwild/images/tomato mosaic virus/google_0092.jpg,Tomato___Tomato_mosaic_virus,test
plantwild/extracted/plantwild/images/tomato mosaic virus/196.jpg,Tomato___Tomato_mosaic_virus,test
plantwild/extracted/plantwild/images/tomato mosaic virus/google_0007.jpg,Tomato___Tomato_mosaic_virus,test
plantwild/extracted/plantwild/images/tomato mosaic virus/google_0018.jpg,Tomato___Tomato_mosaic_virus,test
plantwild/extracted/plantwild/images/tomato mosaic virus/153.jpg,Tomato___Tomato_mosaic_virus,test
plantwild/extracted/plantwild/images/tomato mosaic virus/138.jpg,Tomato___Tomato_mosaic_virus,test
plantwild/extracted/plantwild/images/tomato mosaic virus/google_0004.jpg,Tomato___Tomato_mosaic_virus,test
plantwild/extracted/plantwild/images/tomato mosaic virus/162.jpg,Tomato___Tomato_mosaic_virus,test
plantwild/extracted/plantwild/images/tomato mosaic virus/google_0206.jpg,Tomato___Tomato_mosaic_virus,test
plantwild/extracted/plantwild/images/tomato mosaic virus/google_0156.jpg,Tomato___Tomato_mosaic_virus,test
plantwild/extracted/plantwild/images/tomato mosaic virus/google_0027.jpg,Tomato___Tomato_mosaic_virus,test
plantwild/extracted/plantwild/images/tomato mosaic virus/125.jpg,Tomato___Tomato_mosaic_virus,test
plantwild/extracted/plantwild/images/tomato mosaic virus/171.jpg,Tomato___Tomato_mosaic_virus,test
plantwild/extracted/plantwild/images/tomato mosaic virus/135.jpg,Tomato___Tomato_mosaic_virus,test
plantwild/extracted/plantwild/images/tomato mosaic virus/google_0021 - Copy (2).jpg,Tomato___Tomato_mosaic_virus,test
plantwild/extracted/plantwild/images/tomato mosaic virus/google_0059.jpg,Tomato___Tomato_mosaic_virus,test
plantwild/extracted/plantwild/images/tomato leaf/135.jpg,Tomato___healthy,test
plantwild/extracted/plantwild/images/tomato leaf/13.jpg,Tomato___healthy,test
plantwild/extracted/plantwild/images/tomato leaf/85.jpg,Tomato___healthy,test
plantwild/extracted/plantwild/images/tomato leaf/google_0450.jpg,Tomato___healthy,test
plantwild/extracted/plantwild/images/tomato leaf/google_0190.jpg,Tomato___healthy,test
plantwild/extracted/plantwild/images/tomato leaf/google_0001.jpg,Tomato___healthy,test
plantwild/extracted/plantwild/images/tomato leaf/54.jpg,Tomato___healthy,test
plantwild/extracted/plantwild/images/tomato leaf/google_0095.jpg,Tomato___healthy,test
plantwild/extracted/plantwild/images/tomato leaf/google_0417.jpg,Tomato___healthy,test
plantwild/extracted/plantwild/images/tomato leaf/47.jpg,Tomato___healthy,test
plantwild/extracted/plantwild/images/tomato leaf/google_0434.jpg,Tomato___healthy,test
plantwild/extracted/plantwild/images/tomato leaf/google_0086.jpg,Tomato___healthy,test
plantwild/extracted/plantwild/images/tomato leaf/google_0222.jpg,Tomato___healthy,test
plantwild/extracted/plantwild/images/tomato leaf/10.jpg,Tomato___healthy,test
plantwild/extracted/plantwild/images/tomato leaf/google_0530.jpg,Tomato___healthy,test
plantwild/extracted/plantwild/images/tomato leaf/google_0482.jpg,Tomato___healthy,test
plantwild/extracted/plantwild/images/tomato leaf/34.jpg,Tomato___healthy,test
plantwild/extracted/plantwild/images/tomato leaf/44.jpg,Tomato___healthy,test
plantwild/extracted/plantwild/images/tomato leaf/8.jpg,Tomato___healthy,test
plantwild/extracted/plantwild/images/tomato leaf/91.jpg,Tomato___healthy,test
plantwild/extracted/plantwild/images/tomato leaf/google_0014.jpg,Tomato___healthy,test
plantwild/extracted/plantwild/images/tomato leaf/google_0202.jpg,Tomato___healthy,test
plantwild/extracted/plantwild/images/tomato leaf/google_0526.jpg,Tomato___healthy,test
plantwild/extracted/plantwild/images/tomato leaf/google_0105.jpg,Tomato___healthy,test
plantwild/extracted/plantwild/images/tomato leaf/google_0564.jpg,Tomato___healthy,test
plantwild/extracted/plantwild/images/tomato leaf/33.jpg,Tomato___healthy,test
plantwild/extracted/plantwild/images/tomato leaf/google_0284.jpg,Tomato___healthy,test
plantwild/extracted/plantwild/images/tomato leaf/google_0004.jpg,Tomato___healthy,test
plantwild/extracted/plantwild/images/tomato leaf/google_0262.jpg,Tomato___healthy,test
plantwild/extracted/plantwild/images/tomato leaf/google_0366.jpg,Tomato___healthy,test
plantwild/extracted/plantwild/images/tomato leaf/google_0478.jpg,Tomato___healthy,test
plantwild/extracted/plantwild/images/tomato leaf/google_0015.jpg,Tomato___healthy,test
plantwild/extracted/plantwild/images/tomato leaf/google_0002.jpg,Tomato___healthy,test
plantwild/extracted/plantwild/images/tomato leaf/google_0519.jpg,Tomato___healthy,test
plantwild/extracted/plantwild/images/tomato leaf/google_0307.jpg,Tomato___healthy,test
plantwild/extracted/plantwild/images/tomato leaf/23.jpg,Tomato___healthy,test
plantwild/extracted/plantwild/images/tomato leaf/147.jpg,Tomato___healthy,test
plantwild/extracted/plantwild/images/tomato leaf/22.jpg,Tomato___healthy,test
plantwild/extracted/plantwild/images/tomato leaf/google_0007.jpg,Tomato___healthy,test
plantwild/extracted/plantwild/images/tomato leaf/google_0330.jpg,Tomato___healthy,test
plantwild/extracted/plantwild/images/tomato leaf/google_0056.jpg,Tomato___healthy,test
plantwild/extracted/plantwild/images/tomato leaf/google_0427.jpg,Tomato___healthy,test
plantwild/extracted/plantwild/images/tomato leaf/24.jpg,Tomato___healthy,test
plantwild/extracted/plantwild/images/tomato leaf/106.jpg,Tomato___healthy,test
plantwild/extracted/plantwild/images/tomato leaf/google_0309.jpg,Tomato___healthy,test
