path,true,pred,top1_prob
plantwild/extracted/plantwild/images/apple black rot/1.jpg,Apple___Black_rot,Strawberry___Leaf_scorch,0.577792
plantwild/extracted/plantwild/images/apple black rot/10.jpg,Apple___Black_rot,"Pepper,_bell___healthy",0.509777
plantwild/extracted/plantwild/images/apple black rot/100.jpg,Apple___Black_rot,Corn___Cercospora_leaf_spot Gray_leaf_spot,0.320829
plantwild/extracted/plantwild/images/apple black rot/109.jpg,Apple___Black_rot,Orange___Haunglongbing_(Citrus_greening),0.914055
plantwild/extracted/plantwild/images/apple black rot/11.jpg,Apple___Black_rot,Tomato___Late_blight,0.921611
plantwild/extracted/plantwild/images/apple black rot/111.jpg,Apple___Black_rot,Cherry___healthy,0.428247
plantwild/extracted/plantwild/images/apple black rot/12.jpg,Apple___Black_rot,"Pepper,_bell___healthy",0.807236
plantwild/extracted/plantwild/images/apple black rot/14.jpg,Apple___Black_rot,Tomato___Early_blight,0.933243
plantwild/extracted/plantwild/images/apple black rot/143.jpg,Apple___Black_rot,Potato___Early_blight,0.800444
plantwild/extracted/plantwild/images/apple black rot/144.jpg,Apple___Black_rot,Strawberry___Leaf_scorch,0.424947
plantwild/extracted/plantwild/images/apple black rot/145.jpg,Apple___Black_rot,Strawberry___Leaf_scorch,0.913964
plantwild/extracted/plantwild/images/apple black rot/147.jpg,Apple___Black_rot,Strawberry___Leaf_scorch,0.886829
plantwild/extracted/plantwild/images/apple black rot/148.jpg,Apple___Black_rot,Tomato___Early_blight,0.662256
plantwild/extracted/plantwild/images/apple black rot/149.jpg,Apple___Black_rot,Corn___healthy,0.580576
plantwild/extracted/plantwild/images/apple black rot/15.jpg,Apple___Black_rot,Tomato___Tomato_Yellow_Leaf_Curl_Virus,0.645390
plantwild/extracted/plantwild/images/apple black rot/150.jpg,Apple___Black_rot,"Pepper,_bell___healthy",0.258810
plantwild/extracted/plantwild/images/apple black rot/151.jpg,Apple___Black_rot,Tomato___Late_blight,0.395424
plantwild/extracted/plantwild/images/apple black rot/152.jpg,Apple___Black_rot,Tomato___Late_blight,0.969884
plantwild/extracted/plantwild/images/apple black rot/155.jpg,Apple___Black_rot,Corn___Cercospora_leaf_spot Gray_leaf_spot,0.452373
plantwild/extracted/plantwild/images/apple black rot/156.jpg,Apple___Black_rot,Tomato___Late_blight,0.937446
plantwild/extracted/plantwild/images/apple black rot/16.jpg,Apple___Black_rot,Corn___healthy,0.299422
plantwild/extracted/plantwild/images/apple black rot/164.jpg,Apple___Black_rot,Grape___Esca_(Black_Measles),0.264651
plantwild/extracted/plantwild/images/apple black rot/167.jpg,Apple___Black_rot,"Pepper,_bell___healthy",0.950680
plantwild/extracted/plantwild/images/apple black rot/168.jpg,Apple___Black_rot,Corn___Common_rust,0.712297
plantwild/extracted/plantwild/images/apple black rot/17.jpg,Apple___Black_rot,Tomato___Early_blight,0.961343
plantwild/extracted/plantwild/images/apple black rot/171.jpg,Apple___Black_rot,Tomato___Late_blight,0.454949
plantwild/extracted/plantwild/images/apple black rot/175.jpg,Apple___Black_rot,Strawberry___Leaf_scorch,0.583669
plantwild/extracted/plantwild/images/apple black rot/18.jpg,Apple___Black_rot,"Pepper,_bell___healthy",0.905224
plantwild/extracted/plantwild/images/apple black rot/187.jpg,Apple___Black_rot,Tomato___Late_blight,0.966281
plantwild/extracted/plantwild/images/apple black rot/19.jpg,Apple___Black_rot,"Pepper,_bell___healthy",0.425874
plantwild/extracted/plantwild/images/apple black rot/2.jpg,Apple___Black_rot,"Pepper,_bell___healthy",0.945582
plantwild/extracted/plantwild/images/apple black rot/20.jpg,Apple___Black_rot,Corn___Cercospora_leaf_spot Gray_leaf_spot,0.497479
plantwild/extracted/plantwild/images/apple black rot/21.jpg,Apple___Black_rot,"Pepper,_bell___healthy",0.407080
plantwild/extracted/plantwild/images/apple black rot/211.jpg,Apple___Black_rot,Strawberry___Leaf_scorch,0.960244
plantwild/extracted/plantwild/images/apple black rot/28.jpg,Apple___Black_rot,Apple___Black_rot,0.784444
plantwild/extracted/plantwild/images/apple black rot/3.jpg,Apple___Black_rot,"Pepper,_bell___healthy",0.927143
plantwild/extracted/plantwild/images/apple black rot/32.jpg,Apple___Black_rot,Strawberry___Leaf_scorch,0.953391
plantwild/extracted/plantwild/images/apple black rot/33.jpg,Apple___Black_rot,"Pepper,_bell___healthy",0.800916
plantwild/extracted/plantwild/images/apple black rot/34.jpg,Apple___Black_rot,"Pepper,_bell___healthy",0.243267
plantwild/extracted/plantwild/images/apple black rot/35.jpg,Apple___Black_rot,Tomato___Early_blight,0.957398
plantwild/extracted/plantwild/images/apple black rot/37.jpg,Apple___Black_rot,Tomato___healthy,0.886976
plantwild/extracted/plantwild/images/apple black rot/38 - Copy (2).jpg,Apple___Black_rot,Strawberry___Leaf_scorch,0.786369
plantwild/extracted/plantwild/images/apple black rot/38 - Copy.jpg,Apple___Black_rot,Tomato___Late_blight,0.748378
plantwild/extracted/plantwild/images/apple black rot/38.jpg,Apple___Black_rot,Corn___healthy,0.243486
plantwild/extracted/plantwild/images/apple black rot/39.jpg,Apple___Black_rot,Corn___Cercospora_leaf_spot Gray_leaf_spot,0.837486
plantwild/extracted/plantwild/images/apple black rot/4.jpg,Apple___Black_rot,"Pepper,_bell___healthy",0.557823
plantwild/extracted/plantwild/images/apple black rot/44.jpg,Apple___Black_rot,"Pepper,_bell___healthy",0.337646
plantwild/extracted/plantwild/images/apple black rot/46.jpg,Apple___Black_rot,Tomato___Late_blight,0.462727
plantwild/extracted/plantwild/images/apple black rot/47.jpg,Apple___Black_rot,Tomato___Early_blight,0.967098
plantwild/extracted/plantwild/images/apple black rot/48.jpg,Apple___Black_rot,Strawberry___Leaf_scorch,0.747815
plantwild/extracted/plantwild/images/apple black rot/5.jpg,Apple___Black_rot,Grape___Leaf_blight_(Isariopsis_Leaf_Spot),0.612601
plantwild/extracted/plantwild/images/apple black rot/52.jpg,Apple___Black_rot,Corn___Common_rust,0.901108
plantwild/extracted/plantwild/images/apple black rot/53.jpg,Apple___Black_rot,Tomato___Late_blight,0.565730
plantwild/extracted/plantwild/images/apple black rot/58.jpg,Apple___Black_rot,Strawberry___Leaf_scorch,0.402020
plantwild/extracted/plantwild/images/apple black rot/59.jpg,Apple___Black_rot,Strawberry___Leaf_scorch,0.860797
plantwild/extracted/plantwild/images/apple black rot/6.jpg,Apple___Black_rot,Strawberry___Leaf_scorch,0.928508
plantwild/extracted/plantwild/images/apple black rot/60.jpg,Apple___Black_rot,Tomato___Late_blight,0.826866
plantwild/extracted/plantwild/images/apple black rot/61.jpg,Apple___Black_rot,Corn___Cercospora_leaf_spot Gray_leaf_spot,0.342192
plantwild/extracted/plantwild/images/apple black rot/62.jpg,Apple___Black_rot,Blueberry___healthy,0.467133
plantwild/extracted/plantwild/images/apple black rot/66.jpg,Apple___Black_rot,Corn___Northern_Leaf_Blight,0.956739
plantwild/extracted/plantwild/images/apple black rot/67.jpg,Apple___Black_rot,Strawberry___Leaf_scorch,0.590168
plantwild/extracted/plantwild/images/apple black rot/68.jpg,Apple___Black_rot,Tomato___Tomato_Yellow_Leaf_Curl_Virus,0.784111
plantwild/extracted/plantwild/images/apple black rot/69.jpg,Apple___Black_rot,Corn___healthy,0.568498
plantwild/extracted/plantwild/images/apple black rot/7.jpg,Apple___Black_rot,Tomato___Late_blight,0.796390
plantwild/extracted/plantwild/images/apple black rot/70.jpg,Apple___Black_rot,"Pepper,_bell___healthy",0.933049
plantwild/extracted/plantwild/images/apple black rot/72.jpg,Apple___Black_rot,Strawberry___Leaf_scorch,0.858028
plantwild/extracted/plantwild/images/apple black rot/73.jpg,Apple___Black_rot,Strawberry___Leaf_scorch,0.747260
plantwild/extracted/plantwild/images/apple black rot/74.jpg,Apple___Black_rot,Strawberry___Leaf_scorch,0.660013
plantwild/extracted/plantwild/images/apple black rot/78.jpg,Apple___Black_rot,Strawberry___Leaf_scorch,0.785365
plantwild/extracted/plantwild/images/apple black rot/8.jpg,Apple___Black_rot,Tomato___Early_blight,0.962392
plantwild/extracted/plantwild/images/apple black rot/80.jpg,Apple___Black_rot,Tomato___Early_blight,0.964194
plantwild/extracted/plantwild/images/apple black rot/86.jpg,Apple___Black_rot,Squash___Powdery_mildew,0.849161
plantwild/extracted/plantwild/images/apple black rot/9.jpg,Apple___Black_rot,Strawberry___Leaf_scorch,0.735948
plantwild/extracted/plantwild/images/apple black rot/97.jpg,Apple___Black_rot,Corn___healthy,0.450933
plantwild/extracted/plantwild/images/apple black rot/google_0000.jpg,Apple___Black_rot,Apple___healthy,0.252538
plantwild/extracted/plantwild/images/apple black rot/google_0001.jpg,Apple___Black_rot,"Pepper,_bell___healthy",0.363659
plantwild/extracted/plantwild/images/apple black rot/google_0002.jpg,Apple___Black_rot,Apple___Black_rot,0.606008
plantwild/extracted/plantwild/images/apple black rot/google_0003.jpg,Apple___Black_rot,Tomato___healthy,0.403379
plantwild/extracted/plantwild/images/apple black rot/google_0005.jpg,Apple___Black_rot,Corn___Common_rust,0.855285
plantwild/extracted/plantwild/images/apple black rot/google_0006.jpg,Apple___Black_rot,Grape___Black_rot,0.876158
plantwild/extracted/plantwild/images/apple black rot/google_0008.jpg,Apple___Black_rot,"Pepper,_bell___healthy",0.889216
plantwild/extracted/plantwild/images/apple black rot/google_0010.jpg,Apple___Black_rot,"Pepper,_bell___healthy",0.797005
plantwild/extracted/plantwild/images/apple black rot/google_0011.jpg,Apple___Black_rot,Grape___Black_rot,0.920875
plantwild/extracted/plantwild/images/apple black rot/google_0012.jpg,Apple___Black_rot,Tomato___Late_blight,0.567840
plantwild/extracted/plantwild/images/apple black rot/google_0013.jpg,Apple___Black_rot,Blueberry___healthy,0.803237
plantwild/extracted/plantwild/images/apple black rot/google_0014.jpg,Apple___Black_rot,"Pepper,_bell___healthy",0.868554
plantwild/extracted/plantwild/images/apple black rot/google_0015.jpg,Apple___Black_rot,Blueberry___healthy,0.376133
plantwild/extracted/plantwild/images/apple black rot/google_0016.jpg,Apple___Black_rot,"Pepper,_bell___healthy",0.799657
plantwild/extracted/plantwild/images/apple black rot/google_0018.jpg,Apple___Black_rot,"Pepper,_bell___healthy",0.833635
plantwild/extracted/plantwild/images/apple black rot/google_0021.jpg,Apple___Black_rot,"Pepper,_bell___healthy",0.804993
plantwild/extracted/plantwild/images/apple black rot/google_0022.jpg,Apple___Black_rot,Orange___Haunglongbing_(Citrus_greening),0.734795
plantwild/extracted/plantwild/images/apple black rot/google_0023.jpg,Apple___Black_rot,"Pepper,_bell___healthy",0.907094
plantwild/extracted/plantwild/images/apple black rot/google_0024.jpg,Apple___Black_rot,Strawberry___Leaf_scorch,0.910457
plantwild/extracted/plantwild/images/apple black rot/google_0025.jpg,Apple___Black_rot,"Pepper,_bell___healthy",0.964332
plantwild/extracted/plantwild/images/apple black rot/google_0026.jpg,Apple___Black_rot,"Pepper,_bell___healthy",0.954534
plantwild/extracted/plantwild/images/apple black rot/google_0027.jpg,Apple___Black_rot,"Pepper,_bell___healthy",0.730242
plantwild/extracted/plantwild/images/apple black rot/google_0028.jpg,Apple___Black_rot,Tomato___Tomato_Yellow_Leaf_Curl_Virus,0.646532
plantwild/extracted/plantwild/images/apple black rot/google_0029.jpg,Apple___Black_rot,Tomato___Early_blight,0.288475
plantwild/extracted/plantwild/images/apple black rot/google_0031.jpg,Apple___Black_rot,"Pepper,_bell___healthy",0.571867
plantwild/extracted/plantwild/images/apple black rot/google_0033.jpg,Apple___Black_rot,Strawberry___Leaf_scorch,0.731735
plantwild/extracted/plantwild/images/apple black rot/google_0037.jpg,Apple___Black_rot,"Pepper,_bell___healthy",0.502644
plantwild/extracted/plantwild/images/apple black rot/google_0039.jpg,Apple___Black_rot,"Pepper,_bell___healthy",0.488505
plantwild/extracted/plantwild/images/apple black rot/google_0041.jpg,Apple___Black_rot,Strawberry___Leaf_scorch,0.653904
plantwild/extracted/plantwild/images/apple black rot/google_0043.jpg,Apple___Black_rot,Strawberry___Leaf_scorch,0.948429
plantwild/extracted/plantwild/images/apple black rot/google_0045.jpg,Apple___Black_rot,"Pepper,_bell___healthy",0.456952
plantwild/extracted/plantwild/images/apple black rot/google_0046.jpg,Apple___Black_rot,"Pepper,_bell___healthy",0.701611
plantwild/extracted/plantwild/images/apple black rot/google_0048.jpg,Apple___Black_rot,"Pepper,_bell___healthy",0.495153
plantwild/extracted/plantwild/images/apple black rot/google_0049.jpg,Apple___Black_rot,"Pepper,_bell___healthy",0.832218
plantwild/extracted/plantwild/images/apple black rot/google_0050.jpg,Apple___Black_rot,Strawberry___Leaf_scorch,0.439177
plantwild/extracted/plantwild/images/apple black rot/google_0051.jpg,Apple___Black_rot,"Pepper,_bell___healthy",0.478328
plantwild/extracted/plantwild/images/apple black rot/google_0052.jpg,Apple___Black_rot,"Pepper,_bell___healthy",0.848145
plantwild/extracted/plantwild/images/apple black rot/google_0053.jpg,Apple___Black_rot,"Pepper,_bell___healthy",0.851288
plantwild/extracted/plantwild/images/apple black rot/google_0055.jpg,Apple___Black_rot,Strawberry___Leaf_scorch,0.964165
plantwild/extracted/plantwild/images/apple black rot/google_0056.jpg,Apple___Black_rot,"Pepper,_bell___healthy",0.612200
plantwild/extracted/plantwild/images/apple black rot/google_0058.jpg,Apple___Black_rot,Tomato___Early_blight,0.683426
plantwild/extracted/plantwild/images/apple black rot/google_0062.jpg,Apple___Black_rot,Apple___Black_rot,0.967138
plantwild/extracted/plantwild/images/apple black rot/google_0063.jpg,Apple___Black_rot,"Pepper,_bell___Bacterial_spot",0.548837
plantwild/extracted/plantwild/images/apple black rot/google_0064.jpg,Apple___Black_rot,Tomato___Early_blight,0.960566
plantwild/extracted/plantwild/images/apple black rot/google_0065.jpg,Apple___Black_rot,Corn___healthy,0.788861
plantwild/extracted/plantwild/images/apple black rot/google_0066.jpg,Apple___Black_rot,"Pepper,_bell___healthy",0.964623
plantwild/extracted/plantwild/images/apple black rot/google_0067.jpg,Apple___Black_rot,Tomato___Late_blight,0.520209
plantwild/extracted/plantwild/images/apple black rot/google_0070.jpg,Apple___Black_rot,"Pepper,_bell___healthy",0.542859
plantwild/extracted/plantwild/images/apple black rot/google_0071.jpg,Apple___Black_rot,Apple___Black_rot,0.680005
plantwild/extracted/plantwild/images/apple black rot/google_0072.jpg,Apple___Black_rot,Strawberry___Leaf_scorch,0.862140
plantwild/extracted/plantwild/images/apple black rot/google_0073.jpg,Apple___Black_rot,Corn___Common_rust,0.399053
plantwild/extracted/plantwild/images/apple black rot/google_0074.jpg,Apple___Black_rot,"Pepper,_bell___healthy",0.936313
plantwild/extracted/plantwild/images/apple black rot/google_0077.jpg,Apple___Black_rot,"Pepper,_bell___healthy",0.811824
plantwild/extracted/plantwild/images/apple black rot/google_0078.jpg,Apple___Black_rot,Strawberry___Leaf_scorch,0.870568
plantwild/extracted/plantwild/images/apple black rot/google_0080.jpg,Apple___Black_rot,Corn___Northern_Leaf_Blight,0.964157
plantwild/extracted/plantwild/images/apple black rot/google_0082.jpg,Apple___Black_rot,Strawberry___Leaf_scorch,0.952763
plantwild/extracted/plantwild/images/apple black rot/google_0083.jpg,Apple___Black_rot,Tomato___Bacterial_spot,0.230975
plantwild/extracted/plantwild/images/apple black rot/google_0085.jpg,Apple___Black_rot,Tomato___Late_blight,0.876781
plantwild/extracted/plantwild/images/apple black rot/google_0090.jpg,Apple___Black_rot,Corn___healthy,0.736222
plantwild/extracted/plantwild/images/apple black rot/google_0092.jpg,Apple___Black_rot,Cherry___healthy,0.522267
plantwild/extracted/plantwild/images/apple black rot/google_0093.jpg,Apple___Black_rot,Corn___Northern_Leaf_Blight,0.876620
plantwild/extracted/plantwild/images/apple black rot/google_0096.jpg,Apple___Black_rot,"Pepper,_bell___healthy",0.372662
plantwild/extracted/plantwild/images/apple black rot/google_0097.jpg,Apple___Black_rot,Strawberry___Leaf_scorch,0.939638
plantwild/extracted/plantwild/images/apple black rot/google_0099.jpg,Apple___Black_rot,Strawberry___Leaf_scorch,0.612076
plantwild/extracted/plantwild/images/apple black rot/google_0101.jpg,Apple___Black_rot,Blueberry___healthy,0.871678
plantwild/extracted/plantwild/images/apple black rot/google_0104.jpg,Apple___Black_rot,"Pepper,_bell___healthy",0.964644
plantwild/extracted/plantwild/images/apple black rot/google_0112.jpg,Apple___Black_rot,Orange___Haunglongbing_(Citrus_greening),0.486824
plantwild/extracted/plantwild/images/apple black rot/google_0113.jpg,Apple___Black_rot,Apple___Black_rot,0.968434
plantwild/extracted/plantwild/images/apple black rot/google_0115.jpg,Apple___Black_rot,Strawberry___Leaf_scorch,0.633438
plantwild/extracted/plantwild/images/apple black rot/google_0118.jpg,Apple___Black_rot,Tomato___Late_blight,0.744964
plantwild/extracted/plantwild/images/apple black rot/google_0121.jpg,Apple___Black_rot,Corn___healthy,0.395102
plantwild/extracted/plantwild/images/apple black rot/google_0122.jpg,Apple___Black_rot,Strawberry___Leaf_scorch,0.899202
plantwild/extracted/plantwild/images/apple black rot/google_0131.jpg,Apple___Black_rot,"Pepper,_bell___healthy",0.927169
plantwild/extracted/plantwild/images/apple black rot/google_0133.jpg,Apple___Black_rot,Corn___healthy,0.659685
plantwild/extracted/plantwild/images/apple black rot/google_0135.jpg,Apple___Black_rot,"Pepper,_bell___healthy",0.856294
plantwild/extracted/plantwild/images/apple black rot/google_0136.jpg,Apple___Black_rot,Strawberry___Leaf_scorch,0.935325
plantwild/extracted/plantwild/images/apple black rot/google_0137.jpg,Apple___Black_rot,Grape___Esca_(Black_Measles),0.318108
plantwild/extracted/plantwild/images/apple black rot/google_0145.jpg,Apple___Black_rot,Corn___Northern_Leaf_Blight,0.912461
plantwild/extracted/plantwild/images/apple black rot/google_0146.jpg,Apple___Black_rot,"Pepper,_bell___healthy",0.894701
plantwild/extracted/plantwild/images/apple black rot/google_0147.jpg,Apple___Black_rot,Tomato___Late_blight,0.465295
plantwild/extracted/plantwild/images/apple black rot/google_0148.jpg,Apple___Black_rot,Apple___healthy,0.635441
plantwild/extracted/plantwild/images/apple black rot/google_0150.jpg,Apple___Black_rot,Cherry___healthy,0.435312
plantwild/extracted/plantwild/images/apple black rot/google_0154.jpg,Apple___Black_rot,Apple___Black_rot,0.967276
plantwild/extracted/plantwild/images/apple black rot/google_0155.jpg,Apple___Black_rot,Apple___Black_rot,0.938542
plantwild/extracted/plantwild/images/apple black rot/google_0156.jpg,Apple___Black_rot,Apple___Black_rot,0.960710
plantwild/extracted/plantwild/images/apple black rot/google_0157.jpg,Apple___Black_rot,Strawberry___Leaf_scorch,0.909466
plantwild/extracted/plantwild/images/apple black rot/google_0158.jpg,Apple___Black_rot,Strawberry___Leaf_scorch,0.703424
plantwild/extracted/plantwild/images/apple black rot/google_0160.jpg,Apple___Black_rot,Corn___Cercospora_leaf_spot Gray_leaf_spot,0.719193
plantwild/extracted/plantwild/images/apple black rot/google_0166.jpg,Apple___Black_rot,Tomato___Leaf_Mold,0.172153
plantwild/extracted/plantwild/images/apple black rot/google_0174.jpg,Apple___Black_rot,Strawberry___Leaf_scorch,0.834658
plantwild/extracted/plantwild/images/apple black rot/google_0175.jpg,Apple___Black_rot,Strawberry___Leaf_scorch,0.903691
plantwild/extracted/plantwild/images/apple black rot/google_0177.jpg,Apple___Black_rot,Apple___Black_rot,0.969791
plantwild/extracted/plantwild/images/apple black rot/google_0178.jpg,Apple___Black_rot,Tomato___Late_blight,0.490407
plantwild/extracted/plantwild/images/apple black rot/google_0181.jpg,Apple___Black_rot,"Pepper,_bell___healthy",0.614850
plantwild/extracted/plantwild/images/apple black rot/google_0182.jpg,Apple___Black_rot,"Pepper,_bell___healthy",0.435996
plantwild/extracted/plantwild/images/apple black rot/google_0186.jpg,Apple___Black_rot,Strawberry___Leaf_scorch,0.852439
plantwild/extracted/plantwild/images/apple black rot/google_0188.jpg,Apple___Black_rot,Strawberry___Leaf_scorch,0.699707
plantwild/extracted/plantwild/images/apple black rot/google_0190.jpg,Apple___Black_rot,Strawberry___Leaf_scorch,0.963797
plantwild/extracted/plantwild/images/apple black rot/google_0221.jpg,Apple___Black_rot,Apple___Black_rot,0.967514
plantwild/extracted/plantwild/images/apple leaf/1.jpg,Apple___healthy,"Pepper,_bell___healthy",0.409960
plantwild/extracted/plantwild/images/apple leaf/10.jpg,Apple___healthy,"Pepper,_bell___healthy",0.895629
plantwild/extracted/plantwild/images/apple leaf/100.jpg,Apple___healthy,Cherry___healthy,0.258998
plantwild/extracted/plantwild/images/apple leaf/103.jpg,Apple___healthy,"Pepper,_bell___healthy",0.949639
plantwild/extracted/plantwild/images/apple leaf/105.jpg,Apple___healthy,Blueberry___healthy,0.606716
plantwild/extracted/plantwild/images/apple leaf/106.jpg,Apple___healthy,Strawberry___Leaf_scorch,0.897277
plantwild/extracted/plantwild/images/apple leaf/107.jpg,Apple___healthy,Blueberry___healthy,0.215887
plantwild/extracted/plantwild/images/apple leaf/109.jpg,Apple___healthy,Tomato___Leaf_Mold,0.694769
plantwild/extracted/plantwild/images/apple leaf/11.jpg,Apple___healthy,Corn___healthy,0.837544
plantwild/extracted/plantwild/images/apple leaf/110.jpg,Apple___healthy,Apple___healthy,0.329838
plantwild/extracted/plantwild/images/apple leaf/111.jpg,Apple___healthy,Corn___healthy,0.351462
plantwild/extracted/plantwild/images/apple leaf/112.jpg,Apple___healthy,"Pepper,_bell___healthy",0.965985
plantwild/extracted/plantwild/images/apple leaf/113.jpg,Apple___healthy,Cherry___healthy,0.812990
plantwild/extracted/plantwild/images/apple leaf/114.jpg,Apple___healthy,Blueberry___healthy,0.522381
plantwild/extracted/plantwild/images/apple leaf/115.jpg,Apple___healthy,Strawberry___healthy,0.383189
plantwild/extracted/plantwild/images/apple leaf/117.jpg,Apple___healthy,Grape___Black_rot,0.615282
plantwild/extracted/plantwild/images/apple leaf/119.jpg,Apple___healthy,Tomato___Early_blight,0.276021
plantwild/extracted/plantwild/images/apple leaf/12.jpg,Apple___healthy,"Pepper,_bell___healthy",0.685493
plantwild/extracted/plantwild/images/apple leaf/121.jpg,Apple___healthy,Strawberry___Leaf_scorch,0.514131
plantwild/extracted/plantwild/images/apple leaf/124.jpg,Apple___healthy,Tomato___Early_blight,0.864813
plantwild/extracted/plantwild/images/apple leaf/125.jpg,Apple___healthy,Blueberry___healthy,0.890869
plantwild/extracted/plantwild/images/apple leaf/126.jpg,Apple___healthy,"Pepper,_bell___healthy",0.915637
plantwild/extracted/plantwild/images/apple leaf/127.jpg,Apple___healthy,Apple___healthy,0.854298
plantwild/extracted/plantwild/images/apple leaf/128.jpg,Apple___healthy,Corn___healthy,0.671087
plantwild/extracted/plantwild/images/apple leaf/129.jpg,Apple___healthy,Corn___healthy,0.412029
plantwild/extracted/plantwild/images/apple leaf/13.jpg,Apple___healthy,"Pepper,_bell___healthy",0.514722
plantwild/extracted/plantwild/images/apple leaf/130.jpg,Apple___healthy,"Pepper,_bell___healthy",0.959330
plantwild/extracted/plantwild/images/apple leaf/131.jpg,Apple___healthy,"Pepper,_bell___healthy",0.462164
plantwild/extracted/plantwild/images/apple leaf/132.jpg,Apple___healthy,"Pepper,_bell___healthy",0.915383
plantwild/extracted/plantwild/images/apple leaf/133.jpg,Apple___healthy,Tomato___Late_blight,0.516720
plantwild/extracted/plantwild/images/apple leaf/134.jpg,Apple___healthy,Strawberry___Leaf_scorch,0.845403
plantwild/extracted/plantwild/images/apple leaf/135.jpg,Apple___healthy,Blueberry___healthy,0.925980
plantwild/extracted/plantwild/images/apple leaf/136.jpg,Apple___healthy,Strawberry___Leaf_scorch,0.579718
plantwild/extracted/plantwild/images/apple leaf/137.jpg,Apple___healthy,"Pepper,_bell___healthy",0.961565
plantwild/extracted/plantwild/images/apple leaf/138.jpg,Apple___healthy,Tomato___Tomato_Yellow_Leaf_Curl_Virus,0.739774
plantwild/extracted/plantwild/images/apple leaf/139.jpg,Apple___healthy,Tomato___Tomato_Yellow_Leaf_Curl_Virus,0.892915
plantwild/extracted/plantwild/images/apple leaf/14.jpg,Apple___healthy,"Pepper,_bell___healthy",0.915259
plantwild/extracted/plantwild/images/apple leaf/140.jpg,Apple___healthy,"Pepper,_bell___healthy",0.541261
plantwild/extracted/plantwild/images/apple leaf/141.jpg,Apple___healthy,Blueberry___healthy,0.469262
plantwild/extracted/plantwild/images/apple leaf/142.jpg,Apple___healthy,"Pepper,_bell___healthy",0.814601
plantwild/extracted/plantwild/images/apple leaf/143.jpg,Apple___healthy,"Pepper,_bell___healthy",0.695591
plantwild/extracted/plantwild/images/apple leaf/144.jpg,Apple___healthy,"Pepper,_bell___healthy",0.440285
plantwild/extracted/plantwild/images/apple leaf/145.jpg,Apple___healthy,Blueberry___healthy,0.797514
plantwild/extracted/plantwild/images/apple leaf/146.jpg,Apple___healthy,"Pepper,_bell___healthy",0.591785
plantwild/extracted/plantwild/images/apple leaf/147.jpg,Apple___healthy,Blueberry___healthy,0.848414
plantwild/extracted/plantwild/images/apple leaf/149.jpg,Apple___healthy,Grape___Black_rot,0.766835
plantwild/extracted/plantwild/images/apple leaf/15.jpg,Apple___healthy,"Pepper,_bell___healthy",0.588608
plantwild/extracted/plantwild/images/apple leaf/150.jpg,Apple___healthy,Strawberry___Leaf_scorch,0.910039
plantwild/extracted/plantwild/images/apple leaf/151.jpg,Apple___healthy,Strawberry___Leaf_scorch,0.905457
plantwild/extracted/plantwild/images/apple leaf/152.jpg,Apple___healthy,"Pepper,_bell___healthy",0.920280
plantwild/extracted/plantwild/images/apple leaf/153.jpg,Apple___healthy,"Pepper,_bell___healthy",0.775979
plantwild/extracted/plantwild/images/apple leaf/154.jpg,Apple___healthy,"Pepper,_bell___healthy",0.741638
plantwild/extracted/plantwild/images/apple leaf/155.jpg,Apple___healthy,Tomato___Tomato_Yellow_Leaf_Curl_Virus,0.857498
plantwild/extracted/plantwild/images/apple leaf/157.jpg,Apple___healthy,"Pepper,_bell___healthy",0.808404
plantwild/extracted/plantwild/images/apple leaf/158.jpg,Apple___healthy,Tomato___Early_blight,0.954519
plantwild/extracted/plantwild/images/apple leaf/159.jpg,Apple___healthy,"Pepper,_bell___healthy",0.892317
plantwild/extracted/plantwild/images/apple leaf/16.jpg,Apple___healthy,Corn___healthy,0.721653
plantwild/extracted/plantwild/images/apple leaf/160.jpg,Apple___healthy,"Pepper,_bell___healthy",0.420079
plantwild/extracted/plantwild/images/apple leaf/161.jpg,Apple___healthy,Blueberry___healthy,0.610510
plantwild/extracted/plantwild/images/apple leaf/162.jpg,Apple___healthy,Blueberry___healthy,0.892490
plantwild/extracted/plantwild/images/apple leaf/163.jpg,Apple___healthy,"Pepper,_bell___healthy",0.891378
plantwild/extracted/plantwild/images/apple leaf/164.jpg,Apple___healthy,Strawberry___Leaf_scorch,0.575643
plantwild/extracted/plantwild/images/apple leaf/165.jpg,Apple___healthy,Apple___Black_rot,0.898205
plantwild/extracted/plantwild/images/apple leaf/166.jpg,Apple___healthy,Corn___healthy,0.395207
plantwild/extracted/plantwild/images/apple leaf/167.jpg,Apple___healthy,Tomato___Late_blight,0.895588
plantwild/extracted/plantwild/images/apple leaf/168.jpg,Apple___healthy,Corn___healthy,0.841470
plantwild/extracted/plantwild/images/apple leaf/17.jpg,Apple___healthy,Blueberry___healthy,0.847464
plantwild/extracted/plantwild/images/apple leaf/170.jpg,Apple___healthy,Blueberry___healthy,0.824223
plantwild/extracted/plantwild/images/apple leaf/171.jpg,Apple___healthy,Apple___healthy,0.307527
plantwild/extracted/plantwild/images/apple leaf/172.jpg,Apple___healthy,Blueberry___healthy,0.885093
plantwild/extracted/plantwild/images/apple leaf/174.jpg,Apple___healthy,"Pepper,_bell___healthy",0.359385
plantwild/extracted/plantwild/images/apple leaf/175.jpg,Apple___healthy,"Pepper,_bell___healthy",0.666210
plantwild/extracted/plantwild/images/apple leaf/177.jpg,Apple___healthy,Tomato___Tomato_Yellow_Leaf_Curl_Virus,0.930598
plantwild/extracted/plantwild/images/apple leaf/178.jpg,Apple___healthy,Blueberry___healthy,0.771489
plantwild/extracted/plantwild/images/apple leaf/179.jpg,Apple___healthy,"Pepper,_bell___healthy",0.623085
plantwild/extracted/plantwild/images/apple leaf/18.jpg,Apple___healthy,Corn___healthy,0.610554
plantwild/extracted/plantwild/images/apple leaf/180.jpg,Apple___healthy,Strawberry___Leaf_scorch,0.957584
plantwild/extracted/plantwild/images/apple leaf/181.jpg,Apple___healthy,Strawberry___Leaf_scorch,0.523546
plantwild/extracted/plantwild/images/apple leaf/182.jpg,Apple___healthy,"Pepper,_bell___healthy",0.967257
plantwild/extracted/plantwild/images/apple leaf/183.jpg,Apple___healthy,Tomato___Leaf_Mold,0.306498
plantwild/extracted/plantwild/images/apple leaf/184.jpg,Apple___healthy,Strawberry___Leaf_scorch,0.597044
plantwild/extracted/plantwild/images/apple leaf/185.jpg,Apple___healthy,Apple___healthy,0.208560
plantwild/extracted/plantwild/images/apple leaf/186.jpg,Apple___healthy,Strawberry___Leaf_scorch,0.940068
plantwild/extracted/plantwild/images/apple leaf/187.jpg,Apple___healthy,Strawberry___Leaf_scorch,0.503422
plantwild/extracted/plantwild/images/apple leaf/188.jpg,Apple___healthy,"Pepper,_bell___healthy",0.860552
plantwild/extracted/plantwild/images/apple leaf/189.jpg,Apple___healthy,Grape___healthy,0.394924
plantwild/extracted/plantwild/images/apple leaf/190.jpg,Apple___healthy,Blueberry___healthy,0.556526
plantwild/extracted/plantwild/images/apple leaf/191.jpg,Apple___healthy,"Pepper,_bell___healthy",0.958142
plantwild/extracted/plantwild/images/apple leaf/192.jpg,Apple___healthy,Blueberry___healthy,0.828983
plantwild/extracted/plantwild/images/apple leaf/193.jpg,Apple___healthy,Tomato___Late_blight,0.405067
plantwild/extracted/plantwild/images/apple leaf/194.jpg,Apple___healthy,Corn___healthy,0.258723
plantwild/extracted/plantwild/images/apple leaf/195.jpg,Apple___healthy,Blueberry___healthy,0.643715
plantwild/extracted/plantwild/images/apple leaf/196.jpg,Apple___healthy,"Pepper,_bell___healthy",0.961115
plantwild/extracted/plantwild/images/apple leaf/198.jpg,Apple___healthy,"Pepper,_bell___healthy",0.762726
plantwild/extracted/plantwild/images/apple leaf/2.jpg,Apple___healthy,Corn___healthy,0.255316
plantwild/extracted/plantwild/images/apple leaf/20.jpg,Apple___healthy,Strawberry___Leaf_scorch,0.476140
plantwild/extracted/plantwild/images/apple leaf/200.jpg,Apple___healthy,Strawberry___Leaf_scorch,0.556421
plantwild/extracted/plantwild/images/apple leaf/201.jpg,Apple___healthy,"Pepper,_bell___healthy",0.637745
plantwild/extracted/plantwild/images/apple leaf/202.jpg,Apple___healthy,"Pepper,_bell___healthy",0.892678
plantwild/extracted/plantwild/images/apple leaf/204.jpg,Apple___healthy,"Pepper,_bell___healthy",0.607002
plantwild/extracted/plantwild/images/apple leaf/205.jpg,Apple___healthy,"Pepper,_bell___healthy",0.400577
plantwild/extracted/plantwild/images/apple leaf/206.jpg,Apple___healthy,"Pepper,_bell___healthy",0.489893
plantwild/extracted/plantwild/images/apple leaf/207.jpg,Apple___healthy,Blueberry___healthy,0.769180
plantwild/extracted/plantwild/images/apple leaf/208.jpg,Apple___healthy,"Pepper,_bell___healthy",0.352322
plantwild/extracted/plantwild/images/apple leaf/209.jpg,Apple___healthy,Tomato___Late_blight,0.822674
plantwild/extracted/plantwild/images/apple leaf/21.jpg,Apple___healthy,Blueberry___healthy,0.840736
plantwild/extracted/plantwild/images/apple leaf/210.jpg,Apple___healthy,"Pepper,_bell___Bacterial_spot",0.259879
plantwild/extracted/plantwild/images/apple leaf/211.jpg,Apple___healthy,Corn___healthy,0.443384
plantwild/extracted/plantwild/images/apple leaf/213.jpg,Apple___healthy,"Pepper,_bell___healthy",0.429968
plantwild/extracted/plantwild/images/apple leaf/214.jpg,Apple___healthy,"Pepper,_bell___healthy",0.603770
plantwild/extracted/plantwild/images/apple leaf/215.jpg,Apple___healthy,Tomato___Early_blight,0.943101
plantwild/extracted/plantwild/images/apple leaf/216.jpg,Apple___healthy,Corn___Common_rust,0.828685
plantwild/extracted/plantwild/images/apple leaf/217.jpg,Apple___healthy,Corn___Northern_Leaf_Blight,0.304924
plantwild/extracted/plantwild/images/apple leaf/219.jpg,Apple___healthy,"Pepper,_bell___healthy",0.322477
plantwild/extracted/plantwild/images/apple leaf/22.jpg,Apple___healthy,"Pepper,_bell___healthy",0.352363
plantwild/extracted/plantwild/images/apple leaf/220.jpg,Apple___healthy,Orange___Haunglongbing_(Citrus_greening),0.404058
plantwild/extracted/plantwild/images/apple leaf/221.jpg,Apple___healthy,Tomato___Early_blight,0.955296
plantwild/extracted/plantwild/images/apple leaf/222.jpg,Apple___healthy,"Pepper,_bell___healthy",0.945879
plantwild/extracted/plantwild/images/apple leaf/223.jpg,Apple___healthy,"Pepper,_bell___healthy",0.646384
plantwild/extracted/plantwild/images/apple leaf/224.jpg,Apple___healthy,Tomato___Tomato_Yellow_Leaf_Curl_Virus,0.947715
plantwild/extracted/plantwild/images/apple leaf/225.jpg,Apple___healthy,Corn___healthy,0.558725
plantwild/extracted/plantwild/images/apple leaf/226.jpg,Apple___healthy,Strawberry___Leaf_scorch,0.883625
plantwild/extracted/plantwild/images/apple leaf/227.jpg,Apple___healthy,"Pepper,_bell___healthy",0.401653
plantwild/extracted/plantwild/images/apple leaf/228.jpg,Apple___healthy,"Pepper,_bell___healthy",0.531720
plantwild/extracted/plantwild/images/apple leaf/229.jpg,Apple___healthy,Tomato___Late_blight,0.631278
plantwild/extracted/plantwild/images/apple leaf/23.jpg,Apple___healthy,"Pepper,_bell___healthy",0.946968
plantwild/extracted/plantwild/images/apple leaf/230.jpg,Apple___healthy,"Pepper,_bell___healthy",0.864041
plantwild/extracted/plantwild/images/apple leaf/232.jpg,Apple___healthy,Cherry___healthy,0.393643
plantwild/extracted/plantwild/images/apple leaf/233.jpg,Apple___healthy,"Pepper,_bell___healthy",0.899145
plantwild/extracted/plantwild/images/apple leaf/234.jpg,Apple___healthy,Grape___healthy,0.830824
plantwild/extracted/plantwild/images/apple leaf/237.jpg,Apple___healthy,"Pepper,_bell___healthy",0.368645
plantwild/extracted/plantwild/images/apple leaf/238.jpg,Apple___healthy,Peach___Bacterial_spot,0.824426
plantwild/extracted/plantwild/images/apple leaf/239.jpg,Apple___healthy,"Pepper,_bell___healthy",0.823712
plantwild/extracted/plantwild/images/apple leaf/24.jpg,Apple___healthy,"Pepper,_bell___healthy",0.681251
plantwild/extracted/plantwild/images/apple leaf/240.jpg,Apple___healthy,Corn___healthy,0.922225
plantwild/extracted/plantwild/images/apple leaf/241.jpg,Apple___healthy,Corn___healthy,0.943646
plantwild/extracted/plantwild/images/apple leaf/242.jpg,Apple___healthy,Corn___healthy,0.808491
plantwild/extracted/plantwild/images/apple leaf/243.jpg,Apple___healthy,"Pepper,_bell___healthy",0.669168
plantwild/extracted/plantwild/images/apple leaf/244.jpg,Apple___healthy,"Pepper,_bell___healthy",0.743739
plantwild/extracted/plantwild/images/apple leaf/245.jpg,Apple___healthy,Corn___healthy,0.952566
plantwild/extracted/plantwild/images/apple leaf/246.jpg,Apple___healthy,Corn___healthy,0.538933
plantwild/extracted/plantwild/images/apple leaf/247.jpg,Apple___healthy,Potato___Late_blight,0.920391
plantwild/extracted/plantwild/images/apple leaf/248.jpg,Apple___healthy,"Pepper,_bell___healthy",0.895172
plantwild/extracted/plantwild/images/apple leaf/25.jpg,Apple___healthy,Orange___Haunglongbing_(Citrus_greening),0.356728
plantwild/extracted/plantwild/images/apple leaf/250.jpg,Apple___healthy,Blueberry___healthy,0.856794
plantwild/extracted/plantwild/images/apple leaf/251.jpg,Apple___healthy,"Pepper,_bell___healthy",0.926820
plantwild/extracted/plantwild/images/apple leaf/252.jpg,Apple___healthy,"Pepper,_bell___healthy",0.354134
plantwild/extracted/plantwild/images/apple leaf/253.jpg,Apple___healthy,"Pepper,_bell___healthy",0.414437
plantwild/extracted/plantwild/images/apple leaf/254.jpg,Apple___healthy,Blueberry___healthy,0.910340
plantwild/extracted/plantwild/images/apple leaf/256.jpg,Apple___healthy,Corn___healthy,0.649581
plantwild/extracted/plantwild/images/apple leaf/257.jpg,Apple___healthy,Corn___healthy,0.681160
plantwild/extracted/plantwild/images/apple leaf/258.jpg,Apple___healthy,Strawberry___Leaf_scorch,0.778344
plantwild/extracted/plantwild/images/apple leaf/26.jpg,Apple___healthy,Tomato___Early_blight,0.556186
plantwild/extracted/plantwild/images/apple leaf/260.jpg,Apple___healthy,Squash___Powdery_mildew,0.948818
plantwild/extracted/plantwild/images/apple leaf/261.jpg,Apple___healthy,Blueberry___healthy,0.697865
plantwild/extracted/plantwild/images/apple leaf/262.jpg,Apple___healthy,Peach___Bacterial_spot,0.265177
plantwild/extracted/plantwild/images/apple leaf/263.jpg,Apple___healthy,Strawberry___Leaf_scorch,0.322373
plantwild/extracted/plantwild/images/apple leaf/264.jpg,Apple___healthy,Corn___healthy,0.666556
plantwild/extracted/plantwild/images/apple leaf/265.jpg,Apple___healthy,Corn___healthy,0.928632
plantwild/extracted/plantwild/images/apple leaf/266.jpg,Apple___healthy,"Pepper,_bell___healthy",0.676526
plantwild/extracted/plantwild/images/apple leaf/267.jpg,Apple___healthy,Cherry___healthy,0.479059
plantwild/extracted/plantwild/images/apple leaf/268.jpg,Apple___healthy,Grape___Black_rot,0.260758
plantwild/extracted/plantwild/images/apple leaf/269.jpg,Apple___healthy,Corn___healthy,0.804685
plantwild/extracted/plantwild/images/apple leaf/27.jpg,Apple___healthy,"Pepper,_bell___healthy",0.783265
plantwild/extracted/plantwild/images/apple leaf/270.jpg,Apple___healthy,"Pepper,_bell___healthy",0.571829
plantwild/extracted/plantwild/images/apple leaf/271.jpg,Apple___healthy,"Pepper,_bell___healthy",0.746821
plantwild/extracted/plantwild/images/apple leaf/272.jpg,Apple___healthy,"Pepper,_bell___healthy",0.585679
plantwild/extracted/plantwild/images/apple leaf/273.jpg,Apple___healthy,"Pepper,_bell___healthy",0.936663
plantwild/extracted/plantwild/images/apple leaf/274.jpg,Apple___healthy,Tomato___Early_blight,0.690494
plantwild/extracted/plantwild/images/apple leaf/275.jpg,Apple___healthy,"Pepper,_bell___healthy",0.825094
plantwild/extracted/plantwild/images/apple leaf/276.jpg,Apple___healthy,Corn___healthy,0.898436
plantwild/extracted/plantwild/images/apple leaf/277.jpg,Apple___healthy,Apple___healthy,0.959355
plantwild/extracted/plantwild/images/apple leaf/278.jpg,Apple___healthy,"Pepper,_bell___healthy",0.840644
plantwild/extracted/plantwild/images/apple leaf/28.jpg,Apple___healthy,"Pepper,_bell___healthy",0.652690
plantwild/extracted/plantwild/images/apple leaf/280.jpg,Apple___healthy,Tomato___Tomato_Yellow_Leaf_Curl_Virus,0.616988
plantwild/extracted/plantwild/images/apple leaf/281.jpg,Apple___healthy,"Pepper,_bell___healthy",0.751480
plantwild/extracted/plantwild/images/apple leaf/282.jpg,Apple___healthy,Corn___healthy,0.685380
plantwild/extracted/plantwild/images/apple leaf/283.jpg,Apple___healthy,Blueberry___healthy,0.473232
plantwild/extracted/plantwild/images/apple leaf/284.jpg,Apple___healthy,Corn___Cercospora_leaf_spot Gray_leaf_spot,0.588040
plantwild/extracted/plantwild/images/apple leaf/285.jpg,Apple___healthy,"Pepper,_bell___healthy",0.963715
plantwild/extracted/plantwild/images/apple leaf/287.jpg,Apple___healthy,Strawberry___Leaf_scorch,0.856526
plantwild/extracted/plantwild/images/apple leaf/288.jpg,Apple___healthy,Strawberry___Leaf_scorch,0.945393
plantwild/extracted/plantwild/images/apple leaf/289.jpg,Apple___healthy,Cherry___healthy,0.474285
plantwild/extracted/plantwild/images/apple leaf/29.jpg,Apple___healthy,"Pepper,_bell___healthy",0.474745
plantwild/extracted/plantwild/images/apple leaf/290.jpg,Apple___healthy,Apple___healthy,0.442610
plantwild/extracted/plantwild/images/apple leaf/291.jpg,Apple___healthy,Tomato___Early_blight,0.896973
plantwild/extracted/plantwild/images/apple leaf/292.jpg,Apple___healthy,Cherry___healthy,0.742872
plantwild/extracted/plantwild/images/apple leaf/294.jpg,Apple___healthy,"Pepper,_bell___healthy",0.938537
plantwild/extracted/plantwild/images/apple leaf/295.jpg,Apple___healthy,Strawberry___Leaf_scorch,0.767943
plantwild/extracted/plantwild/images/apple leaf/296.jpg,Apple___healthy,Raspberry___healthy,0.802353
plantwild/extracted/plantwild/images/apple leaf/297.jpg,Apple___healthy,Corn___Common_rust,0.264307
plantwild/extracted/plantwild/images/apple leaf/298.jpg,Apple___healthy,Strawberry___Leaf_scorch,0.811116
plantwild/extracted/plantwild/images/apple leaf/299.jpg,Apple___healthy,Strawberry___Leaf_scorch,0.806210
plantwild/extracted/plantwild/images/apple leaf/3.jpg,Apple___healthy,Blueberry___healthy,0.896054
plantwild/extracted/plantwild/images/apple leaf/30.jpg,Apple___healthy,Corn___healthy,0.875900
plantwild/extracted/plantwild/images/apple leaf/300.jpg,Apple___healthy,"Pepper,_bell___healthy",0.508946
plantwild/extracted/plantwild/images/apple leaf/301.jpg,Apple___healthy,Tomato___Bacterial_spot,0.587523
plantwild/extracted/plantwild/images/apple leaf/302.jpg,Apple___healthy,"Pepper,_bell___healthy",0.328303
plantwild/extracted/plantwild/images/apple leaf/303.jpg,Apple___healthy,Cherry___healthy,0.618202
plantwild/extracted/plantwild/images/apple leaf/305.jpg,Apple___healthy,"Pepper,_bell___healthy",0.921555
plantwild/extracted/plantwild/images/apple leaf/307.jpg,Apple___healthy,Grape___healthy,0.198265
plantwild/extracted/plantwild/images/apple leaf/308.jpg,Apple___healthy,Tomato___Early_blight,0.448812
plantwild/extracted/plantwild/images/apple leaf/309.jpg,Apple___healthy,Blueberry___healthy,0.636287
plantwild/extracted/plantwild/images/apple leaf/31.jpg,Apple___healthy,"Pepper,_bell___healthy",0.319648
plantwild/extracted/plantwild/images/apple leaf/310.jpg,Apple___healthy,Corn___healthy,0.246614
plantwild/extracted/plantwild/images/apple leaf/311.jpg,Apple___healthy,Blueberry___healthy,0.642451
plantwild/extracted/plantwild/images/apple leaf/312.jpg,Apple___healthy,"Pepper,_bell___healthy",0.852163
plantwild/extracted/plantwild/images/apple leaf/313.jpg,Apple___healthy,"Pepper,_bell___healthy",0.477803
plantwild/extracted/plantwild/images/apple leaf/314.jpg,Apple___healthy,Blueberry___healthy,0.269460
plantwild/extracted/plantwild/images/apple leaf/315.jpg,Apple___healthy,Orange___Haunglongbing_(Citrus_greening),0.686830
plantwild/extracted/plantwild/images/apple leaf/316.jpg,Apple___healthy,Cherry___healthy,0.729629
plantwild/extracted/plantwild/images/apple leaf/317.jpg,Apple___healthy,"Pepper,_bell___healthy",0.354161
plantwild/extracted/plantwild/images/apple leaf/318.jpg,Apple___healthy,"Pepper,_bell___healthy",0.874115
plantwild/extracted/plantwild/images/apple leaf/32.jpg,Apple___healthy,Apple___healthy,0.966441
plantwild/extracted/plantwild/images/apple leaf/320.jpg,Apple___healthy,"Pepper,_bell___healthy",0.588313
plantwild/extracted/plantwild/images/apple leaf/321.jpg,Apple___healthy,Corn___healthy,0.345653
plantwild/extracted/plantwild/images/apple leaf/322.jpg,Apple___healthy,"Pepper,_bell___healthy",0.769639
plantwild/extracted/plantwild/images/apple leaf/323.jpg,Apple___healthy,Corn___healthy,0.788556
plantwild/extracted/plantwild/images/apple leaf/324.jpg,Apple___healthy,"Pepper,_bell___healthy",0.930426
plantwild/extracted/plantwild/images/apple leaf/325.jpg,Apple___healthy,"Pepper,_bell___healthy",0.954751
plantwild/extracted/plantwild/images/apple leaf/326.jpg,Apple___healthy,Cherry___healthy,0.397369
plantwild/extracted/plantwild/images/apple leaf/329.jpg,Apple___healthy,Tomato___Early_blight,0.781957
plantwild/extracted/plantwild/images/apple leaf/33.jpg,Apple___healthy,Blueberry___healthy,0.357727
plantwild/extracted/plantwild/images/apple leaf/330.jpg,Apple___healthy,Strawberry___Leaf_scorch,0.931243
plantwild/extracted/plantwild/images/apple leaf/332.jpg,Apple___healthy,Cherry___healthy,0.909129
plantwild/extracted/plantwild/images/apple leaf/333.jpg,Apple___healthy,Blueberry___healthy,0.291347
plantwild/extracted/plantwild/images/apple leaf/334.jpg,Apple___healthy,"Pepper,_bell___healthy",0.635579
plantwild/extracted/plantwild/images/apple leaf/335.jpg,Apple___healthy,Tomato___Early_blight,0.687740
plantwild/extracted/plantwild/images/apple leaf/34.jpg,Apple___healthy,"Pepper,_bell___healthy",0.652690
plantwild/extracted/plantwild/images/apple leaf/35.jpg,Apple___healthy,"Pepper,_bell___healthy",0.762963
plantwild/extracted/plantwild/images/apple leaf/36.jpg,Apple___healthy,"Pepper,_bell___healthy",0.620527
plantwild/extracted/plantwild/images/apple leaf/37.jpg,Apple___healthy,Blueberry___healthy,0.874743
plantwild/extracted/plantwild/images/apple leaf/38.jpg,Apple___healthy,Blueberry___healthy,0.810695
plantwild/extracted/plantwild/images/apple leaf/39.jpg,Apple___healthy,Blueberry___healthy,0.336880
plantwild/extracted/plantwild/images/apple leaf/4.jpg,Apple___healthy,Corn___healthy,0.858225
plantwild/extracted/plantwild/images/apple leaf/40.jpg,Apple___healthy,Blueberry___healthy,0.936355
plantwild/extracted/plantwild/images/apple leaf/41.jpg,Apple___healthy,"Pepper,_bell___healthy",0.561742
plantwild/extracted/plantwild/images/apple leaf/42.jpg,Apple___healthy,Blueberry___healthy,0.807431
plantwild/extracted/plantwild/images/apple leaf/43.jpg,Apple___healthy,Blueberry___healthy,0.893205
plantwild/extracted/plantwild/images/apple leaf/44.jpg,Apple___healthy,Blueberry___healthy,0.935134
plantwild/extracted/plantwild/images/apple leaf/45.jpg,Apple___healthy,Strawberry___Leaf_scorch,0.749741
plantwild/extracted/plantwild/images/apple leaf/46.jpg,Apple___healthy,"Pepper,_bell___healthy",0.664118
plantwild/extracted/plantwild/images/apple leaf/47.jpg,Apple___healthy,"Pepper,_bell___healthy",0.817685
plantwild/extracted/plantwild/images/apple leaf/48.jpg,Apple___healthy,"Pepper,_bell___healthy",0.678662
plantwild/extracted/plantwild/images/apple leaf/49.jpg,Apple___healthy,Strawberry___Leaf_scorch,0.398530
plantwild/extracted/plantwild/images/apple leaf/5.jpg,Apple___healthy,Corn___healthy,0.823867
plantwild/extracted/plantwild/images/apple leaf/50.jpg,Apple___healthy,Tomato___Tomato_Yellow_Leaf_Curl_Virus,0.673096
plantwild/extracted/plantwild/images/apple leaf/51.jpg,Apple___healthy,"Pepper,_bell___healthy",0.946213
plantwild/extracted/plantwild/images/apple leaf/52.jpg,Apple___healthy,Blueberry___healthy,0.690055
plantwild/extracted/plantwild/images/apple leaf/53.jpg,Apple___healthy,Strawberry___Leaf_scorch,0.830818
plantwild/extracted/plantwild/images/apple leaf/54.jpg,Apple___healthy,"Pepper,_bell___healthy",0.835830
plantwild/extracted/plantwild/images/apple leaf/55.jpg,Apple___healthy,"Pepper,_bell___healthy",0.815462
plantwild/extracted/plantwild/images/apple leaf/58.jpg,Apple___healthy,"Pepper,_bell___healthy",0.857729
plantwild/extracted/plantwild/images/apple leaf/59.jpg,Apple___healthy,Grape___healthy,0.269395
plantwild/extracted/plantwild/images/apple leaf/6.jpg,Apple___healthy,"Pepper,_bell___healthy",0.953865
plantwild/extracted/plantwild/images/apple leaf/60.jpg,Apple___healthy,Corn___healthy,0.963982
plantwild/extracted/plantwild/images/apple leaf/61.jpg,Apple___healthy,"Pepper,_bell___healthy",0.545835
plantwild/extracted/plantwild/images/apple leaf/62.jpg,Apple___healthy,Strawberry___Leaf_scorch,0.947517
plantwild/extracted/plantwild/images/apple leaf/63.jpg,Apple___healthy,Blueberry___healthy,0.904990
plantwild/extracted/plantwild/images/apple leaf/64.jpg,Apple___healthy,"Pepper,_bell___healthy",0.763232
plantwild/extracted/plantwild/images/apple leaf/65.jpg,Apple___healthy,Blueberry___healthy,0.366840
plantwild/extracted/plantwild/images/apple leaf/66.jpg,Apple___healthy,Blueberry___healthy,0.805854
plantwild/extracted/plantwild/images/apple leaf/67.jpg,Apple___healthy,Cherry___healthy,0.951930
plantwild/extracted/plantwild/images/apple leaf/68.jpg,Apple___healthy,"Pepper,_bell___healthy",0.964927
plantwild/extracted/plantwild/images/apple leaf/69.jpg,Apple___healthy,Blueberry___healthy,0.801630
plantwild/extracted/plantwild/images/apple leaf/7.jpg,Apple___healthy,Blueberry___healthy,0.677239
plantwild/extracted/plantwild/images/apple leaf/70.jpg,Apple___healthy,"Pepper,_bell___healthy",0.935285
plantwild/extracted/plantwild/images/apple leaf/71.jpg,Apple___healthy,"Pepper,_bell___healthy",0.272690
plantwild/extracted/plantwild/images/apple leaf/72.jpg,Apple___healthy,Blueberry___healthy,0.893955
plantwild/extracted/plantwild/images/apple leaf/74.jpg,Apple___healthy,Strawberry___Leaf_scorch,0.580855
plantwild/extracted/plantwild/images/apple leaf/75.jpg,Apple___healthy,"Pepper,_bell___healthy",0.796686
plantwild/extracted/plantwild/images/apple leaf/77.jpg,Apple___healthy,Cherry___healthy,0.925645
plantwild/extracted/plantwild/images/apple leaf/78.jpg,Apple___healthy,Blueberry___healthy,0.872564
plantwild/extracted/plantwild/images/apple leaf/79.jpg,Apple___healthy,Tomato___Tomato_Yellow_Leaf_Curl_Virus,0.960730
plantwild/extracted/plantwild/images/apple leaf/8.jpg,Apple___healthy,Corn___healthy,0.934168
plantwild/extracted/plantwild/images/apple leaf/80.jpg,Apple___healthy,Blueberry___healthy,0.364589
plantwild/extracted/plantwild/images/apple leaf/81.jpg,Apple___healthy,"Pepper,_bell___healthy",0.747465
plantwild/extracted/plantwild/images/apple leaf/82.jpg,Apple___healthy,"Pepper,_bell___healthy",0.944274
plantwild/extracted/plantwild/images/apple leaf/83.jpg,Apple___healthy,Tomato___Tomato_Yellow_Leaf_Curl_Virus,0.763443
plantwild/extracted/plantwild/images/apple leaf/84.jpg,Apple___healthy,"Pepper,_bell___healthy",0.475816
plantwild/extracted/plantwild/images/apple leaf/85.jpg,Apple___healthy,Corn___Cercospora_leaf_spot Gray_leaf_spot,0.367798
plantwild/extracted/plantwild/images/apple leaf/86.jpg,Apple___healthy,"Pepper,_bell___healthy",0.947104
plantwild/extracted/plantwild/images/apple leaf/87.jpg,Apple___healthy,Corn___healthy,0.312098
plantwild/extracted/plantwild/images/apple leaf/88.jpg,Apple___healthy,"Pepper,_bell___healthy",0.665385
plantwild/extracted/plantwild/images/apple leaf/89.jpg,Apple___healthy,Tomato___Tomato_Yellow_Leaf_Curl_Virus,0.441492
plantwild/extracted/plantwild/images/apple leaf/9.jpg,Apple___healthy,"Pepper,_bell___healthy",0.926646
plantwild/extracted/plantwild/images/apple leaf/90.jpg,Apple___healthy,"Pepper,_bell___healthy",0.233099
plantwild/extracted/plantwild/images/apple leaf/91.jpg,Apple___healthy,Blueberry___healthy,0.376473
plantwild/extracted/plantwild/images/apple leaf/92.jpg,Apple___healthy,"Pepper,_bell___healthy",0.204468
plantwild/extracted/plantwild/images/apple leaf/93.jpg,Apple___healthy,Blueberry___healthy,0.796430
plantwild/extracted/plantwild/images/apple leaf/94.jpg,Apple___healthy,Cherry___healthy,0.422194
plantwild/extracted/plantwild/images/apple leaf/95.jpg,Apple___healthy,Tomato___Early_blight,0.308308
plantwild/extracted/plantwild/images/apple leaf/96.jpg,Apple___healthy,Strawberry___Leaf_scorch,0.739196
plantwild/extracted/plantwild/images/apple leaf/97.jpg,Apple___healthy,Corn___healthy,0.614720
plantwild/extracted/plantwild/images/apple leaf/98.jpg,Apple___healthy,Tomato___Tomato_Yellow_Leaf_Curl_Virus,0.836195
plantwild/extracted/plantwild/images/apple leaf/99.jpg,Apple___healthy,"Pepper,_bell___healthy",0.933075
plantwild/extracted/plantwild/images/apple leaf/google_0000.jpg,Apple___healthy,Blueberry___healthy,0.886242
plantwild/extracted/plantwild/images/apple leaf/google_0001.jpg,Apple___healthy,Corn___healthy,0.810671
plantwild/extracted/plantwild/images/apple leaf/google_0002.jpg,Apple___healthy,Corn___healthy,0.945375
plantwild/extracted/plantwild/images/apple leaf/google_0003.jpg,Apple___healthy,Corn___healthy,0.955883
plantwild/extracted/plantwild/images/apple leaf/google_0004.jpg,Apple___healthy,Blueberry___healthy,0.733080
plantwild/extracted/plantwild/images/apple leaf/google_0006.jpg,Apple___healthy,Corn___healthy,0.582931
plantwild/extracted/plantwild/images/apple leaf/google_0007.jpg,Apple___healthy,"Pepper,_bell___healthy",0.798182
plantwild/extracted/plantwild/images/apple leaf/google_0008.jpg,Apple___healthy,"Pepper,_bell___healthy",0.793081
plantwild/extracted/plantwild/images/apple leaf/google_0010.jpg,Apple___healthy,Blueberry___healthy,0.775047
plantwild/extracted/plantwild/images/apple leaf/google_0011.jpg,Apple___healthy,Corn___healthy,0.548023
plantwild/extracted/plantwild/images/apple leaf/google_0012.jpg,Apple___healthy,"Pepper,_bell___healthy",0.273774
plantwild/extracted/plantwild/images/apple leaf/google_0013.jpg,Apple___healthy,"Pepper,_bell___healthy",0.818744
plantwild/extracted/plantwild/images/apple leaf/google_0015.jpg,Apple___healthy,"Pepper,_bell___healthy",0.886525
plantwild/extracted/plantwild/images/apple leaf/google_0016.jpg,Apple___healthy,Strawberry___Leaf_scorch,0.821882
plantwild/extracted/plantwild/images/apple leaf/google_0018.jpg,Apple___healthy,"Pepper,_bell___healthy",0.267947
plantwild/extracted/plantwild/images/apple leaf/google_0019.jpg,Apple___healthy,Blueberry___healthy,0.402199
plantwild/extracted/plantwild/images/apple leaf/google_0021.jpg,Apple___healthy,Blueberry___healthy,0.296961
plantwild/extracted/plantwild/images/apple leaf/google_0023.jpg,Apple___healthy,"Pepper,_bell___healthy",0.899565
plantwild/extracted/plantwild/images/apple leaf/google_0024.jpg,Apple___healthy,"Pepper,_bell___healthy",0.695632
plantwild/extracted/plantwild/images/apple leaf/google_0025.jpg,Apple___healthy,Blueberry___healthy,0.728309
plantwild/extracted/plantwild/images/apple leaf/google_0026.jpg,Apple___healthy,Corn___healthy,0.620049
plantwild/extracted/plantwild/images/apple leaf/google_0027.jpg,Apple___healthy,Tomato___healthy,0.671118
plantwild/extracted/plantwild/images/apple leaf/google_0029.jpg,Apple___healthy,"Pepper,_bell___healthy",0.439715
plantwild/extracted/plantwild/images/apple leaf/google_0032.jpg,Apple___healthy,"Pepper,_bell___healthy",0.443488
plantwild/extracted/plantwild/images/apple leaf/google_0036.jpg,Apple___healthy,"Pepper,_bell___healthy",0.948971
plantwild/extracted/plantwild/images/apple leaf/google_0038.jpg,Apple___healthy,Blueberry___healthy,0.753483
plantwild/extracted/plantwild/images/apple leaf/google_0040.jpg,Apple___healthy,Blueberry___healthy,0.912191
plantwild/extracted/plantwild/images/apple leaf/google_0042.jpg,Apple___healthy,Blueberry___healthy,0.262009
plantwild/extracted/plantwild/images/apple leaf/google_0044.jpg,Apple___healthy,Blueberry___healthy,0.395889
plantwild/extracted/plantwild/images/apple leaf/google_0047.jpg,Apple___healthy,Blueberry___healthy,0.419520
plantwild/extracted/plantwild/images/apple leaf/google_0052.jpg,Apple___healthy,Strawberry___Leaf_scorch,0.914566
plantwild/extracted/plantwild/images/apple leaf/google_0055.jpg,Apple___healthy,Blueberry___healthy,0.555025
plantwild/extracted/plantwild/images/apple leaf/google_0057.jpg,Apple___healthy,"Pepper,_bell___healthy",0.637338
plantwild/extracted/plantwild/images/apple leaf/google_0060.jpg,Apple___healthy,Blueberry___healthy,0.381842
plantwild/extracted/plantwild/images/apple leaf/google_0062.jpg,Apple___healthy,Corn___healthy,0.439981
plantwild/extracted/plantwild/images/apple leaf/google_0070.jpg,Apple___healthy,Apple___healthy,0.183840
plantwild/extracted/plantwild/images/apple leaf/google_0072.jpg,Apple___healthy,Soybean___healthy,0.960055
plantwild/extracted/plantwild/images/apple leaf/google_0073.jpg,Apple___healthy,"Pepper,_bell___healthy",0.353725
plantwild/extracted/plantwild/images/apple leaf/google_0075.jpg,Apple___healthy,"Pepper,_bell___healthy",0.555200
plantwild/extracted/plantwild/images/apple leaf/google_0076.jpg,Apple___healthy,Corn___healthy,0.935230
plantwild/extracted/plantwild/images/apple leaf/google_0078.jpg,Apple___healthy,Corn___healthy,0.861685
plantwild/extracted/plantwild/images/apple leaf/google_0079.jpg,Apple___healthy,"Pepper,_bell___healthy",0.514646
plantwild/extracted/plantwild/images/apple leaf/google_0081.jpg,Apple___healthy,"Pepper,_bell___healthy",0.658999
plantwild/extracted/plantwild/images/apple leaf/google_0092.jpg,Apple___healthy,Corn___healthy,0.360551
plantwild/extracted/plantwild/images/apple leaf/google_0094.jpg,Apple___healthy,Tomato___healthy,0.362090
plantwild/extracted/plantwild/images/apple leaf/google_0110.jpg,Apple___healthy,Corn___healthy,0.692837
plantwild/extracted/plantwild/images/apple leaf/google_0112.jpg,Apple___healthy,Blueberry___healthy,0.327125
plantwild/extracted/plantwild/images/apple leaf/google_0118.jpg,Apple___healthy,Tomato___Late_blight,0.757753
plantwild/extracted/plantwild/images/apple leaf/google_0120.jpg,Apple___healthy,Corn___healthy,0.564787
plantwild/extracted/plantwild/images/apple leaf/google_0121.jpg,Apple___healthy,"Pepper,_bell___healthy",0.961585
plantwild/extracted/plantwild/images/apple leaf/google_0126.jpg,Apple___healthy,Blueberry___healthy,0.905893
plantwild/extracted/plantwild/images/apple leaf/google_0127.jpg,Apple___healthy,"Pepper,_bell___healthy",0.932827
plantwild/extracted/plantwild/images/apple leaf/google_0132.jpg,Apple___healthy,Corn___healthy,0.841670
plantwild/extracted/plantwild/images/apple leaf/google_0133.jpg,Apple___healthy,"Pepper,_bell___healthy",0.848839
plantwild/extracted/plantwild/images/apple leaf/google_0135.jpg,Apple___healthy,Corn___healthy,0.394110
plantwild/extracted/plantwild/images/apple leaf/google_0137.jpg,Apple___healthy,"Pepper,_bell___healthy",0.418143
plantwild/extracted/plantwild/images/apple leaf/google_0138.jpg,Apple___healthy,Corn___healthy,0.255875
plantwild/extracted/plantwild/images/apple leaf/google_0143.jpg,Apple___healthy,"Pepper,_bell___healthy",0.376857
plantwild/extracted/plantwild/images/apple leaf/google_0149.jpg,Apple___healthy,"Pepper,_bell___healthy",0.721799
plantwild/extracted/plantwild/images/apple leaf/google_0151.jpg,Apple___healthy,"Pepper,_bell___healthy",0.738361
plantwild/extracted/plantwild/images/apple leaf/google_0158.jpg,Apple___healthy,Strawberry___Leaf_scorch,0.524237
plantwild/extracted/plantwild/images/apple leaf/google_0170.jpg,Apple___healthy,Blueberry___healthy,0.531759
plantwild/extracted/plantwild/images/apple leaf/google_0173.jpg,Apple___healthy,"Pepper,_bell___healthy",0.911457
plantwild/extracted/plantwild/images/apple leaf/google_0182.jpg,Apple___healthy,Corn___healthy,0.790886
plantwild/extracted/plantwild/images/apple leaf/google_0185.jpg,Apple___healthy,"Pepper,_bell___healthy",0.913471
plantwild/extracted/plantwild/images/apple leaf/google_0191.jpg,Apple___healthy,"Pepper,_bell___healthy",0.393426
plantwild/extracted/plantwild/images/apple leaf/google_0201.jpg,Apple___healthy,Corn___healthy,0.845570
plantwild/extracted/plantwild/images/apple leaf/google_0204.jpg,Apple___healthy,"Pepper,_bell___healthy",0.928343
plantwild/extracted/plantwild/images/apple leaf/google_0207.jpg,Apple___healthy,Blueberry___healthy,0.722647
plantwild/extracted/plantwild/images/apple leaf/google_0210.jpg,Apple___healthy,Corn___healthy,0.349080
plantwild/extracted/plantwild/images/apple leaf/google_0213.jpg,Apple___healthy,Blueberry___healthy,0.784901
plantwild/extracted/plantwild/images/apple leaf/google_0216.jpg,Apple___healthy,Blueberry___healthy,0.497073
plantwild/extracted/plantwild/images/apple leaf/google_0224.jpg,Apple___healthy,"Pepper,_bell___healthy",0.831274
plantwild/extracted/plantwild/images/apple leaf/google_0237.jpg,Apple___healthy,"Pepper,_bell___healthy",0.585600
plantwild/extracted/plantwild/images/apple leaf/google_0239.jpg,Apple___healthy,"Pepper,_bell___healthy",0.889352
plantwild/extracted/plantwild/images/apple leaf/google_0244.jpg,Apple___healthy,"Pepper,_bell___healthy",0.963164
plantwild/extracted/plantwild/images/apple leaf/google_0250.jpg,Apple___healthy,"Pepper,_bell___healthy",0.616856
plantwild/extracted/plantwild/images/apple leaf/google_0259.jpg,Apple___healthy,"Pepper,_bell___healthy",0.708687
plantwild/extracted/plantwild/images/apple leaf/google_0262.jpg,Apple___healthy,"Pepper,_bell___healthy",0.843114
plantwild/extracted/plantwild/images/apple leaf/google_0265.jpg,Apple___healthy,Corn___healthy,0.411087
plantwild/extracted/plantwild/images/apple leaf/google_0293.jpg,Apple___healthy,"Pepper,_bell___healthy",0.274773
plantwild/extracted/plantwild/images/apple leaf/google_0300.jpg,Apple___healthy,Blueberry___healthy,0.683178
plantwild/extracted/plantwild/images/apple leaf/google_0309.jpg,Apple___healthy,"Pepper,_bell___healthy",0.809380
plantwild/extracted/plantwild/images/apple leaf/google_0319.jpg,Apple___healthy,"Pepper,_bell___healthy",0.487023
plantwild/extracted/plantwild/images/apple leaf/google_0322.jpg,Apple___healthy,Corn___healthy,0.816742
plantwild/extracted/plantwild/images/apple leaf/google_0327.jpg,Apple___healthy,Blueberry___healthy,0.899664
plantwild/extracted/plantwild/images/apple leaf/google_0330.jpg,Apple___healthy,Blueberry___healthy,0.963458
plantwild/extracted/plantwild/images/apple leaf/google_0333.jpg,Apple___healthy,"Pepper,_bell___healthy",0.902723
plantwild/extracted/plantwild/images/apple leaf/google_0345.jpg,Apple___healthy,"Pepper,_bell___healthy",0.655083
plantwild/extracted/plantwild/images/apple leaf/google_0350.jpg,Apple___healthy,Apple___healthy,0.966998
plantwild/extracted/plantwild/images/apple leaf/google_0359.jpg,Apple___healthy,Tomato___Leaf_Mold,0.786512
plantwild/extracted/plantwild/images/apple leaf/google_0360.jpg,Apple___healthy,Corn___healthy,0.941895
plantwild/extracted/plantwild/images/apple leaf/google_0374.jpg,Apple___healthy,"Pepper,_bell___healthy",0.932808
plantwild/extracted/plantwild/images/apple leaf/google_0376.jpg,Apple___healthy,"Pepper,_bell___healthy",0.969164
plantwild/extracted/plantwild/images/apple leaf/google_0377.jpg,Apple___healthy,Corn___healthy,0.968233
plantwild/extracted/plantwild/images/apple leaf/google_0385.jpg,Apple___healthy,Blueberry___healthy,0.515436
plantwild/extracted/plantwild/images/apple leaf/google_0386.jpg,Apple___healthy,"Pepper,_bell___healthy",0.419420
plantwild/extracted/plantwild/images/apple leaf/google_0390.jpg,Apple___healthy,Squash___Powdery_mildew,0.964159
plantwild/extracted/plantwild/images/apple leaf/google_0392.jpg,Apple___healthy,"Pepper,_bell___healthy",0.958734
plantwild/extracted/plantwild/images/apple leaf/google_0396.jpg,Apple___healthy,Corn___healthy,0.355339
plantwild/extracted/plantwild/images/apple leaf/google_0403.jpg,Apple___healthy,Blueberry___healthy,0.311305
plantwild/extracted/plantwild/images/apple leaf/google_0405.jpg,Apple___healthy,Tomato___Late_blight,0.415831
plantwild/extracted/plantwild/images/apple leaf/google_0407.jpg,Apple___healthy,Strawberry___Leaf_scorch,0.771581
plantwild/extracted/plantwild/images/apple leaf/google_0422.jpg,Apple___healthy,Strawberry___Leaf_scorch,0.768404
plantwild/extracted/plantwild/images/apple leaf/google_0423.jpg,Apple___healthy,"Pepper,_bell___healthy",0.935769
plantwild/extracted/plantwild/images/apple leaf/google_0425.jpg,Apple___healthy,"Pepper,_bell___healthy",0.577511
plantwild/extracted/plantwild/images/apple leaf/google_0426.jpg,Apple___healthy,Corn___healthy,0.814504
plantwild/extracted/plantwild/images/apple leaf/google_0427.jpg,Apple___healthy,Apple___healthy,0.232367
plantwild/extracted/plantwild/images/apple leaf/google_0431.jpg,Apple___healthy,Strawberry___Leaf_scorch,0.466560
plantwild/extracted/plantwild/images/apple leaf/google_0432.jpg,Apple___healthy,Corn___healthy,0.527441
plantwild/extracted/plantwild/images/apple leaf/google_0437.jpg,Apple___healthy,Blueberry___healthy,0.723368
plantwild/extracted/plantwild/images/apple leaf/google_0446.jpg,Apple___healthy,"Pepper,_bell___healthy",0.389670
plantwild/extracted/plantwild/images/apple leaf/google_0463.jpg,Apple___healthy,Blueberry___healthy,0.638611
plantwild/extracted/plantwild/images/apple leaf/google_0466.jpg,Apple___healthy,Blueberry___healthy,0.680299
plantwild/extracted/plantwild/images/apple leaf/google_0474.jpg,Apple___healthy,Blueberry___healthy,0.876682
plantwild/extracted/plantwild/images/apple leaf/google_0479.jpg,Apple___healthy,"Pepper,_bell___healthy",0.952729
plantwild/extracted/plantwild/images/apple leaf/google_0480.jpg,Apple___healthy,Corn___healthy,0.239327
plantwild/extracted/plantwild/images/apple leaf/google_0481.jpg,Apple___healthy,"Pepper,_bell___healthy",0.944867
plantwild/extracted/plantwild/images/apple leaf/google_0493.jpg,Apple___healthy,Corn___healthy,0.896942
plantwild/extracted/plantwild/images/apple leaf/google_0494.jpg,Apple___healthy,"Pepper,_bell___healthy",0.890702
plantwild/extracted/plantwild/images/apple leaf/google_0497.jpg,Apple___healthy,"Pepper,_bell___healthy",0.698431
plantwild/extracted/plantwild/images/apple leaf/google_0498.jpg,Apple___healthy,Strawberry___Leaf_scorch,0.910195
plantwild/extracted/plantwild/images/apple leaf/google_0503.jpg,Apple___healthy,"Pepper,_bell___healthy",0.635605
plantwild/extracted/plantwild/images/apple leaf/google_0505.jpg,Apple___healthy,Strawberry___Leaf_scorch,0.721189
plantwild/extracted/plantwild/images/apple leaf/google_0506.jpg,Apple___healthy,"Pepper,_bell___healthy",0.941514
plantwild/extracted/plantwild/images/apple leaf/google_0509.jpg,Apple___healthy,Squash___Powdery_mildew,0.587555
plantwild/extracted/plantwild/images/apple leaf/google_0514.jpg,Apple___healthy,Blueberry___healthy,0.779166
plantwild/extracted/plantwild/images/apple leaf/google_0518.jpg,Apple___healthy,Corn___Cercospora_leaf_spot Gray_leaf_spot,0.542575
plantwild/extracted/plantwild/images/apple leaf/google_0521.jpg,Apple___healthy,"Pepper,_bell___healthy",0.942873
plantwild/extracted/plantwild/images/apple leaf/google_0522.jpg,Apple___healthy,Tomato___Late_blight,0.505300
plantwild/extracted/plantwild/images/apple leaf/google_0527.jpg,Apple___healthy,Corn___Northern_Leaf_Blight,0.897544
plantwild/extracted/plantwild/images/apple leaf/google_0529.jpg,Apple___healthy,"Pepper,_bell___healthy",0.773496
plantwild/extracted/plantwild/images/apple leaf/google_0530.jpg,Apple___healthy,"Pepper,_bell___healthy",0.566615
plantwild/extracted/plantwild/images/apple leaf/google_0535.jpg,Apple___healthy,Strawberry___Leaf_scorch,0.859862
plantwild/extracted/plantwild/images/apple leaf/google_0548.jpg,Apple___healthy,"Pepper,_bell___healthy",0.896597
plantwild/extracted/plantwild/images/apple leaf/google_0550.jpg,Apple___healthy,"Pepper,_bell___healthy",0.401361
plantwild/extracted/plantwild/images/apple leaf/google_0552.jpg,Apple___healthy,"Pepper,_bell___healthy",0.889241
plantwild/extracted/plantwild/images/apple leaf/google_0554.jpg,Apple___healthy,Corn___healthy,0.255771
plantwild/extracted/plantwild/images/apple leaf/google_0557.jpg,Apple___healthy,Tomato___Late_blight,0.968215
plantwild/extracted/plantwild/images/apple leaf/google_0558.jpg,Apple___healthy,Blueberry___healthy,0.613065
plantwild/extracted/plantwild/images/apple leaf/google_0566.jpg,Apple___healthy,"Pepper,_bell___healthy",0.712920
plantwild/extracted/plantwild/images/apple leaf/google_0570.jpg,Apple___healthy,"Pepper,_bell___healthy",0.638669
plantwild/extracted/plantwild/images/apple leaf/google_0571.jpg,Apple___healthy,Blueberry___healthy,0.308683
plantwild/extracted/plantwild/images/apple leaf/google_0573.jpg,Apple___healthy,"Pepper,_bell___healthy",0.720050
plantwild/extracted/plantwild/images/apple leaf/google_0576.jpg,Apple___healthy,"Pepper,_bell___healthy",0.959893
plantwild/extracted/plantwild/images/apple leaf/google_0581.jpg,Apple___healthy,"Pepper,_bell___healthy",0.539911
plantwild/extracted/plantwild/images/apple leaf/google_0582.jpg,Apple___healthy,"Pepper,_bell___healthy",0.684826
plantwild/extracted/plantwild/images/apple leaf/google_0585.jpg,Apple___healthy,Corn___healthy,0.534723
plantwild/extracted/plantwild/images/apple rust/1.jpg,Apple___Cedar_apple_rust,"Pepper,_bell___healthy",0.666733
plantwild/extracted/plantwild/images/apple rust/10.jpg,Apple___Cedar_apple_rust,"Pepper,_bell___healthy",0.535549
plantwild/extracted/plantwild/images/apple rust/100.jpg,Apple___Cedar_apple_rust,"Pepper,_bell___healthy",0.783943
plantwild/extracted/plantwild/images/apple rust/102.jpg,Apple___Cedar_apple_rust,Corn___Northern_Leaf_Blight,0.207042
plantwild/extracted/plantwild/images/apple rust/104.jpg,Apple___Cedar_apple_rust,Strawberry___Leaf_scorch,0.934349
plantwild/extracted/plantwild/images/apple rust/106.jpg,Apple___Cedar_apple_rust,Tomato___Early_blight,0.725381
plantwild/extracted/plantwild/images/apple rust/107.jpg,Apple___Cedar_apple_rust,Potato___Early_blight,0.911928
plantwild/extracted/plantwild/images/apple rust/108 - Copy (2).jpg,Apple___Cedar_apple_rust,Corn___healthy,0.849412
plantwild/extracted/plantwild/images/apple rust/108 - Copy.jpg,Apple___Cedar_apple_rust,Strawberry___Leaf_scorch,0.956473
plantwild/extracted/plantwild/images/apple rust/11.jpg,Apple___Cedar_apple_rust,Strawberry___Leaf_scorch,0.965197
plantwild/extracted/plantwild/images/apple rust/113.jpg,Apple___Cedar_apple_rust,Corn___Common_rust,0.759514
plantwild/extracted/plantwild/images/apple rust/114.jpg,Apple___Cedar_apple_rust,Tomato___Early_blight,0.811444
plantwild/extracted/plantwild/images/apple rust/12.jpg,Apple___Cedar_apple_rust,Apple___healthy,0.968056
plantwild/extracted/plantwild/images/apple rust/124.jpg,Apple___Cedar_apple_rust,Strawberry___Leaf_scorch,0.825967
plantwild/extracted/plantwild/images/apple rust/125.jpg,Apple___Cedar_apple_rust,"Pepper,_bell___healthy",0.966499
plantwild/extracted/plantwild/images/apple rust/129.jpg,Apple___Cedar_apple_rust,Tomato___Late_blight,0.929722
plantwild/extracted/plantwild/images/apple rust/13.jpg,Apple___Cedar_apple_rust,Apple___healthy,0.940202
plantwild/extracted/plantwild/images/apple rust/130.jpg,Apple___Cedar_apple_rust,"Pepper,_bell___healthy",0.941874
plantwild/extracted/plantwild/images/apple rust/131.jpg,Apple___Cedar_apple_rust,"Pepper,_bell___healthy",0.726299
plantwild/extracted/plantwild/images/apple rust/134.jpg,Apple___Cedar_apple_rust,"Pepper,_bell___healthy",0.960520
plantwild/extracted/plantwild/images/apple rust/136.jpg,Apple___Cedar_apple_rust,Squash___Powdery_mildew,0.571039
plantwild/extracted/plantwild/images/apple rust/137.jpg,Apple___Cedar_apple_rust,"Pepper,_bell___healthy",0.952686
plantwild/extracted/plantwild/images/apple rust/138.jpg,Apple___Cedar_apple_rust,Tomato___Late_blight,0.217231
plantwild/extracted/plantwild/images/apple rust/14 - Copy.jpg,Apple___Cedar_apple_rust,"Pepper,_bell___healthy",0.741778
plantwild/extracted/plantwild/images/apple rust/14.jpg,Apple___Cedar_apple_rust,Strawberry___Leaf_scorch,0.232633
plantwild/extracted/plantwild/images/apple rust/143 - Copy.jpg,Apple___Cedar_apple_rust,Strawberry___Leaf_scorch,0.707507
plantwild/extracted/plantwild/images/apple rust/143.jpg,Apple___Cedar_apple_rust,Corn___healthy,0.845669
plantwild/extracted/plantwild/images/apple rust/147.jpg,Apple___Cedar_apple_rust,Squash___Powdery_mildew,0.496932
plantwild/extracted/plantwild/images/apple rust/148 - Copy.jpg,Apple___Cedar_apple_rust,Corn___Common_rust,0.317879
plantwild/extracted/plantwild/images/apple rust/148.jpg,Apple___Cedar_apple_rust,"Pepper,_bell___healthy",0.893030
plantwild/extracted/plantwild/images/apple rust/149.jpg,Apple___Cedar_apple_rust,Strawberry___Leaf_scorch,0.870878
plantwild/extracted/plantwild/images/apple rust/150.jpg,Apple___Cedar_apple_rust,Corn___healthy,0.963093
plantwild/extracted/plantwild/images/apple rust/151.jpg,Apple___Cedar_apple_rust,Squash___Powdery_mildew,0.940727
plantwild/extracted/plantwild/images/apple rust/152.jpg,Apple___Cedar_apple_rust,"Pepper,_bell___healthy",0.219669
plantwild/extracted/plantwild/images/apple rust/153.jpg,Apple___Cedar_apple_rust,Tomato___Late_blight,0.533648
plantwild/extracted/plantwild/images/apple rust/154.jpg,Apple___Cedar_apple_rust,"Pepper,_bell___healthy",0.183868
plantwild/extracted/plantwild/images/apple rust/155.jpg,Apple___Cedar_apple_rust,Corn___healthy,0.258221
plantwild/extracted/plantwild/images/apple rust/156.jpg,Apple___Cedar_apple_rust,"Pepper,_bell___healthy",0.390018
plantwild/extracted/plantwild/images/apple rust/157.jpg,Apple___Cedar_apple_rust,Corn___healthy,0.820446
plantwild/extracted/plantwild/images/apple rust/158.jpg,Apple___Cedar_apple_rust,Tomato___Late_blight,0.373419
plantwild/extracted/plantwild/images/apple rust/159.jpg,Apple___Cedar_apple_rust,Strawberry___Leaf_scorch,0.881498
plantwild/extracted/plantwild/images/apple rust/16.jpg,Apple___Cedar_apple_rust,Strawberry___Leaf_scorch,0.544713
plantwild/extracted/plantwild/images/apple rust/162.jpg,Apple___Cedar_apple_rust,Strawberry___Leaf_scorch,0.516963
plantwild/extracted/plantwild/images/apple rust/17.jpg,Apple___Cedar_apple_rust,Cherry___healthy,0.749727
plantwild/extracted/plantwild/images/apple rust/173.jpg,Apple___Cedar_apple_rust,"Pepper,_bell___healthy",0.518298
plantwild/extracted/plantwild/images/apple rust/174.jpg,Apple___Cedar_apple_rust,Tomato___Late_blight,0.954529
plantwild/extracted/plantwild/images/apple rust/177.jpg,Apple___Cedar_apple_rust,Squash___Powdery_mildew,0.474983
plantwild/extracted/plantwild/images/apple rust/178.jpg,Apple___Cedar_apple_rust,"Pepper,_bell___healthy",0.902304
plantwild/extracted/plantwild/images/apple rust/18.jpg,Apple___Cedar_apple_rust,Corn___healthy,0.927180
plantwild/extracted/plantwild/images/apple rust/181.jpg,Apple___Cedar_apple_rust,"Pepper,_bell___healthy",0.714202
plantwild/extracted/plantwild/images/apple rust/182.jpg,Apple___Cedar_apple_rust,Corn___Common_rust,0.424467
plantwild/extracted/plantwild/images/apple rust/187.jpg,Apple___Cedar_apple_rust,Strawberry___Leaf_scorch,0.883149
plantwild/extracted/plantwild/images/apple rust/19.jpg,Apple___Cedar_apple_rust,"Pepper,_bell___Bacterial_spot",0.884845
plantwild/extracted/plantwild/images/apple rust/199.jpg,Apple___Cedar_apple_rust,"Pepper,_bell___healthy",0.862568
plantwild/extracted/plantwild/images/apple rust/2.jpg,Apple___Cedar_apple_rust,"Pepper,_bell___Bacterial_spot",0.774788
plantwild/extracted/plantwild/images/apple rust/20.jpg,Apple___Cedar_apple_rust,Strawberry___Leaf_scorch,0.776483
plantwild/extracted/plantwild/images/apple rust/208.jpg,Apple___Cedar_apple_rust,"Pepper,_bell___healthy",0.711924
plantwild/extracted/plantwild/images/apple rust/21.jpg,Apple___Cedar_apple_rust,"Pepper,_bell___healthy",0.416234
plantwild/extracted/plantwild/images/apple rust/22.jpg,Apple___Cedar_apple_rust,Corn___Common_rust,0.828685
plantwild/extracted/plantwild/images/apple rust/23.jpg,Apple___Cedar_apple_rust,Corn___Common_rust,0.868337
plantwild/extracted/plantwild/images/apple rust/24.jpg,Apple___Cedar_apple_rust,"Pepper,_bell___healthy",0.491233
plantwild/extracted/plantwild/images/apple rust/26 - Copy (2).jpg,Apple___Cedar_apple_rust,Corn___Cercospora_leaf_spot Gray_leaf_spot,0.299627
plantwild/extracted/plantwild/images/apple rust/26 - Copy (3).jpg,Apple___Cedar_apple_rust,Tomato___Tomato_Yellow_Leaf_Curl_Virus,0.602595
plantwild/extracted/plantwild/images/apple rust/26 - Copy.jpg,Apple___Cedar_apple_rust,Strawberry___Leaf_scorch,0.897426
plantwild/extracted/plantwild/images/apple rust/27.jpg,Apple___Cedar_apple_rust,Strawberry___Leaf_scorch,0.440859
plantwild/extracted/plantwild/images/apple rust/28.jpg,Apple___Cedar_apple_rust,"Pepper,_bell___healthy",0.497102
plantwild/extracted/plantwild/images/apple rust/286.jpg,Apple___Cedar_apple_rust,Apple___healthy,0.964358
plantwild/extracted/plantwild/images/apple rust/3.jpg,Apple___Cedar_apple_rust,Cherry___healthy,0.829583
plantwild/extracted/plantwild/images/apple rust/30.jpg,Apple___Cedar_apple_rust,Strawberry___Leaf_scorch,0.957595
plantwild/extracted/plantwild/images/apple rust/31.jpg,Apple___Cedar_apple_rust,Strawberry___Leaf_scorch,0.735246
plantwild/extracted/plantwild/images/apple rust/33.jpg,Apple___Cedar_apple_rust,Peach___Bacterial_spot,0.222637
plantwild/extracted/plantwild/images/apple rust/34.jpg,Apple___Cedar_apple_rust,Apple___Black_rot,0.938703
plantwild/extracted/plantwild/images/apple rust/35.jpg,Apple___Cedar_apple_rust,Tomato___Early_blight,0.658176
plantwild/extracted/plantwild/images/apple rust/36.jpg,Apple___Cedar_apple_rust,"Pepper,_bell___healthy",0.563201
plantwild/extracted/plantwild/images/apple rust/4.jpg,Apple___Cedar_apple_rust,Squash___Powdery_mildew,0.268973
plantwild/extracted/plantwild/images/apple rust/40.jpg,Apple___Cedar_apple_rust,Apple___healthy,0.882605
plantwild/extracted/plantwild/images/apple rust/41.jpg,Apple___Cedar_apple_rust,Tomato___Early_blight,0.382452
plantwild/extracted/plantwild/images/apple rust/42.jpg,Apple___Cedar_apple_rust,Tomato___Late_blight,0.271000
plantwild/extracted/plantwild/images/apple rust/43.jpg,Apple___Cedar_apple_rust,Corn___Common_rust,0.580552
plantwild/extracted/plantwild/images/apple rust/44.jpg,Apple___Cedar_apple_rust,Strawberry___Leaf_scorch,0.944635
plantwild/extracted/plantwild/images/apple rust/45.jpg,Apple___Cedar_apple_rust,Corn___Common_rust,0.359919
plantwild/extracted/plantwild/images/apple rust/46.jpg,Apple___Cedar_apple_rust,Grape___Black_rot,0.310370
plantwild/extracted/plantwild/images/apple rust/47.jpg,Apple___Cedar_apple_rust,Corn___healthy,0.764533
plantwild/extracted/plantwild/images/apple rust/48.jpg,Apple___Cedar_apple_rust,Apple___Black_rot,0.953969
plantwild/extracted/plantwild/images/apple rust/49.jpg,Apple___Cedar_apple_rust,Tomato___Late_blight,0.734935
plantwild/extracted/plantwild/images/apple rust/5.jpg,Apple___Cedar_apple_rust,"Pepper,_bell___healthy",0.517515
plantwild/extracted/plantwild/images/apple rust/50.jpg,Apple___Cedar_apple_rust,Apple___healthy,0.943064
plantwild/extracted/plantwild/images/apple rust/51 - Copy.jpg,Apple___Cedar_apple_rust,Apple___healthy,0.962118
plantwild/extracted/plantwild/images/apple rust/51.jpg,Apple___Cedar_apple_rust,Tomato___Late_blight,0.962392
plantwild/extracted/plantwild/images/apple rust/52.jpg,Apple___Cedar_apple_rust,"Pepper,_bell___healthy",0.862255
plantwild/extracted/plantwild/images/apple rust/54.jpg,Apple___Cedar_apple_rust,Cherry___healthy,0.674819
plantwild/extracted/plantwild/images/apple rust/55.jpg,Apple___Cedar_apple_rust,Apple___healthy,0.835324
plantwild/extracted/plantwild/images/apple rust/56.jpg,Apple___Cedar_apple_rust,Apple___Cedar_apple_rust,0.935094
plantwild/extracted/plantwild/images/apple rust/6.jpg,Apple___Cedar_apple_rust,Corn___Northern_Leaf_Blight,0.625177
plantwild/extracted/plantwild/images/apple rust/60.jpg,Apple___Cedar_apple_rust,Strawberry___Leaf_scorch,0.230606
plantwild/extracted/plantwild/images/apple rust/61.jpg,Apple___Cedar_apple_rust,Strawberry___Leaf_scorch,0.868577
plantwild/extracted/plantwild/images/apple rust/63.jpg,Apple___Cedar_apple_rust,Apple___healthy,0.244153
plantwild/extracted/plantwild/images/apple rust/64.jpg,Apple___Cedar_apple_rust,Apple___healthy,0.350719
plantwild/extracted/plantwild/images/apple rust/65.jpg,Apple___Cedar_apple_rust,"Pepper,_bell___healthy",0.565881
plantwild/extracted/plantwild/images/apple rust/66.jpg,Apple___Cedar_apple_rust,Grape___Black_rot,0.910019
plantwild/extracted/plantwild/images/apple rust/67.jpg,Apple___Cedar_apple_rust,"Pepper,_bell___Bacterial_spot",0.264712
plantwild/extracted/plantwild/images/apple rust/68.jpg,Apple___Cedar_apple_rust,Corn___healthy,0.294001
plantwild/extracted/plantwild/images/apple rust/69.jpg,Apple___Cedar_apple_rust,Tomato___Late_blight,0.953463
plantwild/extracted/plantwild/images/apple rust/7.jpg,Apple___Cedar_apple_rust,"Pepper,_bell___healthy",0.510317
plantwild/extracted/plantwild/images/apple rust/71.jpg,Apple___Cedar_apple_rust,"Pepper,_bell___healthy",0.595919
plantwild/extracted/plantwild/images/apple rust/73.jpg,Apple___Cedar_apple_rust,"Pepper,_bell___healthy",0.241244
plantwild/extracted/plantwild/images/apple rust/74.jpg,Apple___Cedar_apple_rust,Apple___healthy,0.558182
plantwild/extracted/plantwild/images/apple rust/76.jpg,Apple___Cedar_apple_rust,Strawberry___Leaf_scorch,0.947888
plantwild/extracted/plantwild/images/apple rust/77.jpg,Apple___Cedar_apple_rust,Strawberry___Leaf_scorch,0.861928
plantwild/extracted/plantwild/images/apple rust/78.jpg,Apple___Cedar_apple_rust,Tomato___Late_blight,0.948437
plantwild/extracted/plantwild/images/apple rust/79.jpg,Apple___Cedar_apple_rust,Apple___healthy,0.934998
plantwild/extracted/plantwild/images/apple rust/8.jpg,Apple___Cedar_apple_rust,Strawberry___Leaf_scorch,0.903911
plantwild/extracted/plantwild/images/apple rust/80.jpg,Apple___Cedar_apple_rust,Strawberry___Leaf_scorch,0.796414
plantwild/extracted/plantwild/images/apple rust/84.jpg,Apple___Cedar_apple_rust,"Pepper,_bell___healthy",0.874816
plantwild/extracted/plantwild/images/apple rust/87.jpg,Apple___Cedar_apple_rust,Corn___Northern_Leaf_Blight,0.370131
plantwild/extracted/plantwild/images/apple rust/9.jpg,Apple___Cedar_apple_rust,Strawberry___Leaf_scorch,0.244472
plantwild/extracted/plantwild/images/apple rust/92.jpg,Apple___Cedar_apple_rust,Strawberry___Leaf_scorch,0.963111
plantwild/extracted/plantwild/images/apple rust/93.jpg,Apple___Cedar_apple_rust,Tomato___Late_blight,0.954272
plantwild/extracted/plantwild/images/apple rust/94.jpg,Apple___Cedar_apple_rust,Squash___Powdery_mildew,0.652715
plantwild/extracted/plantwild/images/apple rust/95.jpg,Apple___Cedar_apple_rust,Corn___Northern_Leaf_Blight,0.911870
plantwild/extracted/plantwild/images/apple rust/96.jpg,Apple___Cedar_apple_rust,"Pepper,_bell___healthy",0.616749
plantwild/extracted/plantwild/images/apple rust/98.jpg,Apple___Cedar_apple_rust,Apple___healthy,0.964358
plantwild/extracted/plantwild/images/apple rust/google_0000.jpg,Apple___Cedar_apple_rust,Cherry___healthy,0.373882
plantwild/extracted/plantwild/images/apple rust/google_0001.jpg,Apple___Cedar_apple_rust,"Pepper,_bell___healthy",0.921813
plantwild/extracted/plantwild/images/apple rust/google_0002.jpg,Apple___Cedar_apple_rust,Strawberry___Leaf_scorch,0.950756
plantwild/extracted/plantwild/images/apple rust/google_0003.jpg,Apple___Cedar_apple_rust,"Pepper,_bell___healthy",0.853434
plantwild/extracted/plantwild/images/apple rust/google_0005.jpg,Apple___Cedar_apple_rust,Cherry___healthy,0.856058
plantwild/extracted/plantwild/images/apple rust/google_0006.jpg,Apple___Cedar_apple_rust,"Pepper,_bell___healthy",0.606395
plantwild/extracted/plantwild/images/apple rust/google_0007.jpg,Apple___Cedar_apple_rust,Strawberry___Leaf_scorch,0.568778
plantwild/extracted/plantwild/images/apple rust/google_0008.jpg,Apple___Cedar_apple_rust,Grape___Black_rot,0.551123
plantwild/extracted/plantwild/images/apple rust/google_0009.jpg,Apple___Cedar_apple_rust,"Pepper,_bell___healthy",0.833337
plantwild/extracted/plantwild/images/apple rust/google_0010.jpg,Apple___Cedar_apple_rust,Corn___Common_rust,0.191098
plantwild/extracted/plantwild/images/apple rust/google_0011.jpg,Apple___Cedar_apple_rust,Tomato___Early_blight,0.337817
plantwild/extracted/plantwild/images/apple rust/google_0013.jpg,Apple___Cedar_apple_rust,"Pepper,_bell___healthy",0.560795
plantwild/extracted/plantwild/images/apple rust/google_0015.jpg,Apple___Cedar_apple_rust,Potato___Early_blight,0.653109
plantwild/extracted/plantwild/images/apple rust/google_0017.jpg,Apple___Cedar_apple_rust,"Pepper,_bell___healthy",0.964262
plantwild/extracted/plantwild/images/apple rust/google_0018.jpg,Apple___Cedar_apple_rust,"Pepper,_bell___healthy",0.883186
plantwild/extracted/plantwild/images/apple rust/google_0019.jpg,Apple___Cedar_apple_rust,Tomato___Early_blight,0.938361
plantwild/extracted/plantwild/images/apple rust/google_0021.jpg,Apple___Cedar_apple_rust,Strawberry___Leaf_scorch,0.962410
plantwild/extracted/plantwild/images/apple rust/google_0022.jpg,Apple___Cedar_apple_rust,Strawberry___Leaf_scorch,0.348734
plantwild/extracted/plantwild/images/apple rust/google_0023.jpg,Apple___Cedar_apple_rust,Cherry___healthy,0.663396
plantwild/extracted/plantwild/images/apple rust/google_0026.jpg,Apple___Cedar_apple_rust,"Pepper,_bell___healthy",0.535106
plantwild/extracted/plantwild/images/apple rust/google_0027.jpg,Apple___Cedar_apple_rust,Apple___Cedar_apple_rust,0.699742
plantwild/extracted/plantwild/images/apple rust/google_0028.jpg,Apple___Cedar_apple_rust,"Pepper,_bell___healthy",0.759283
plantwild/extracted/plantwild/images/apple rust/google_0030.jpg,Apple___Cedar_apple_rust,Peach___Bacterial_spot,0.961930
plantwild/extracted/plantwild/images/apple rust/google_0031.jpg,Apple___Cedar_apple_rust,Tomato___Early_blight,0.451078
plantwild/extracted/plantwild/images/apple rust/google_0032.jpg,Apple___Cedar_apple_rust,Strawberry___Leaf_scorch,0.920947
plantwild/extracted/plantwild/images/apple rust/google_0033.jpg,Apple___Cedar_apple_rust,Strawberry___Leaf_scorch,0.961127
plantwild/extracted/plantwild/images/apple rust/google_0034.jpg,Apple___Cedar_apple_rust,Cherry___healthy,0.412255
plantwild/extracted/plantwild/images/apple rust/google_0035.jpg,Apple___Cedar_apple_rust,"Pepper,_bell___healthy",0.833635
plantwild/extracted/plantwild/images/apple rust/google_0036.jpg,Apple___Cedar_apple_rust,Strawberry___Leaf_scorch,0.770071
plantwild/extracted/plantwild/images/apple rust/google_0037.jpg,Apple___Cedar_apple_rust,Corn___Common_rust,0.526779
plantwild/extracted/plantwild/images/apple rust/google_0038.jpg,Apple___Cedar_apple_rust,Apple___healthy,0.397409
plantwild/extracted/plantwild/images/apple rust/google_0039.jpg,Apple___Cedar_apple_rust,"Pepper,_bell___healthy",0.521508
plantwild/extracted/plantwild/images/apple rust/google_0040.jpg,Apple___Cedar_apple_rust,"Pepper,_bell___healthy",0.849463
plantwild/extracted/plantwild/images/apple rust/google_0041.jpg,Apple___Cedar_apple_rust,Strawberry___Leaf_scorch,0.917448
plantwild/extracted/plantwild/images/apple rust/google_0042.jpg,Apple___Cedar_apple_rust,"Pepper,_bell___healthy",0.944351
plantwild/extracted/plantwild/images/apple rust/google_0045.jpg,Apple___Cedar_apple_rust,Strawberry___Leaf_scorch,0.709789
plantwild/extracted/plantwild/images/apple rust/google_0046.jpg,Apple___Cedar_apple_rust,"Pepper,_bell___healthy",0.308290
plantwild/extracted/plantwild/images/apple rust/google_0048.jpg,Apple___Cedar_apple_rust,"Pepper,_bell___healthy",0.735656
plantwild/extracted/plantwild/images/apple rust/google_0049.jpg,Apple___Cedar_apple_rust,Corn___Northern_Leaf_Blight,0.344004
plantwild/extracted/plantwild/images/apple rust/google_0051.jpg,Apple___Cedar_apple_rust,Strawberry___Leaf_scorch,0.603796
plantwild/extracted/plantwild/images/apple rust/google_0052.jpg,Apple___Cedar_apple_rust,"Pepper,_bell___healthy",0.944343
plantwild/extracted/plantwild/images/apple rust/google_0053.jpg,Apple___Cedar_apple_rust,Cherry___healthy,0.898490
plantwild/extracted/plantwild/images/apple rust/google_0054.jpg,Apple___Cedar_apple_rust,Apple___healthy,0.955146
plantwild/extracted/plantwild/images/apple rust/google_0055.jpg,Apple___Cedar_apple_rust,Strawberry___Leaf_scorch,0.788983
plantwild/extracted/plantwild/images/apple rust/google_0056.jpg,Apple___Cedar_apple_rust,Tomato___Septoria_leaf_spot,0.335743
plantwild/extracted/plantwild/images/apple rust/google_0057.jpg,Apple___Cedar_apple_rust,Apple___healthy,0.278491
plantwild/extracted/plantwild/images/apple rust/google_0058.jpg,Apple___Cedar_apple_rust,Peach___Bacterial_spot,0.748939
plantwild/extracted/plantwild/images/apple rust/google_0059.jpg,Apple___Cedar_apple_rust,Cherry___healthy,0.925426
plantwild/extracted/plantwild/images/apple rust/google_0060.jpg,Apple___Cedar_apple_rust,Tomato___Early_blight,0.803112
plantwild/extracted/plantwild/images/apple rust/google_0063.jpg,Apple___Cedar_apple_rust,Strawberry___Leaf_scorch,0.450924
plantwild/extracted/plantwild/images/apple rust/google_0064.jpg,Apple___Cedar_apple_rust,"Pepper,_bell___healthy",0.950685
plantwild/extracted/plantwild/images/apple rust/google_0065.jpg,Apple___Cedar_apple_rust,"Pepper,_bell___Bacterial_spot",0.507070
plantwild/extracted/plantwild/images/apple rust/google_0066.jpg,Apple___Cedar_apple_rust,Corn___healthy,0.790954
plantwild/extracted/plantwild/images/apple rust/google_0067.jpg,Apple___Cedar_apple_rust,"Pepper,_bell___healthy",0.927933
plantwild/extracted/plantwild/images/apple rust/google_0068.jpg,Apple___Cedar_apple_rust,Cherry___healthy,0.412756
plantwild/extracted/plantwild/images/apple rust/google_0069.jpg,Apple___Cedar_apple_rust,Squash___Powdery_mildew,0.855413
plantwild/extracted/plantwild/images/apple rust/google_0071.jpg,Apple___Cedar_apple_rust,"Pepper,_bell___healthy",0.937640
plantwild/extracted/plantwild/images/apple rust/google_0072.jpg,Apple___Cedar_apple_rust,Strawberry___Leaf_scorch,0.881063
plantwild/extracted/plantwild/images/apple rust/google_0073.jpg,Apple___Cedar_apple_rust,"Pepper,_bell___healthy",0.956861
plantwild/extracted/plantwild/images/apple rust/google_0074.jpg,Apple___Cedar_apple_rust,"Pepper,_bell___healthy",0.967903
plantwild/extracted/plantwild/images/apple rust/google_0075.jpg,Apple___Cedar_apple_rust,Strawberry___Leaf_scorch,0.764604
plantwild/extracted/plantwild/images/apple rust/google_0078.jpg,Apple___Cedar_apple_rust,Cherry___healthy,0.551357
plantwild/extracted/plantwild/images/apple rust/google_0079.jpg,Apple___Cedar_apple_rust,Strawberry___Leaf_scorch,0.549984
plantwild/extracted/plantwild/images/apple rust/google_0080.jpg,Apple___Cedar_apple_rust,Strawberry___Leaf_scorch,0.525391
plantwild/extracted/plantwild/images/apple rust/google_0081.jpg,Apple___Cedar_apple_rust,Strawberry___Leaf_scorch,0.406974
plantwild/extracted/plantwild/images/apple rust/google_0082.jpg,Apple___Cedar_apple_rust,Cherry___healthy,0.844952
plantwild/extracted/plantwild/images/apple rust/google_0083.jpg,Apple___Cedar_apple_rust,Potato___Early_blight,0.889777
plantwild/extracted/plantwild/images/apple rust/google_0084.jpg,Apple___Cedar_apple_rust,"Pepper,_bell___healthy",0.560470
plantwild/extracted/plantwild/images/apple rust/google_0085.jpg,Apple___Cedar_apple_rust,"Pepper,_bell___healthy",0.361731
plantwild/extracted/plantwild/images/apple rust/google_0087.jpg,Apple___Cedar_apple_rust,Tomato___Early_blight,0.379340
plantwild/extracted/plantwild/images/apple rust/google_0088.jpg,Apple___Cedar_apple_rust,"Pepper,_bell___healthy",0.678424
plantwild/extracted/plantwild/images/apple rust/google_0089.jpg,Apple___Cedar_apple_rust,Tomato___Early_blight,0.630080
plantwild/extracted/plantwild/images/apple rust/google_0091.jpg,Apple___Cedar_apple_rust,"Pepper,_bell___healthy",0.487287
plantwild/extracted/plantwild/images/apple rust/google_0092.jpg,Apple___Cedar_apple_rust,Squash___Powdery_mildew,0.892996
plantwild/extracted/plantwild/images/apple rust/google_0093.jpg,Apple___Cedar_apple_rust,Cherry___healthy,0.766703
plantwild/extracted/plantwild/images/apple rust/google_0094.jpg,Apple___Cedar_apple_rust,Squash___Powdery_mildew,0.880691
plantwild/extracted/plantwild/images/apple rust/google_0095.jpg,Apple___Cedar_apple_rust,"Pepper,_bell___healthy",0.273822
plantwild/extracted/plantwild/images/apple rust/google_0096.jpg,Apple___Cedar_apple_rust,"Pepper,_bell___healthy",0.530375
plantwild/extracted/plantwild/images/apple rust/google_0097.jpg,Apple___Cedar_apple_rust,Squash___Powdery_mildew,0.733159
plantwild/extracted/plantwild/images/apple rust/google_0098.jpg,Apple___Cedar_apple_rust,"Pepper,_bell___healthy",0.675602
plantwild/extracted/plantwild/images/apple rust/google_0101.jpg,Apple___Cedar_apple_rust,"Pepper,_bell___healthy",0.937514
plantwild/extracted/plantwild/images/apple rust/google_0103.jpg,Apple___Cedar_apple_rust,"Pepper,_bell___healthy",0.420515
plantwild/extracted/plantwild/images/apple rust/google_0106.jpg,Apple___Cedar_apple_rust,Cherry___healthy,0.744974
plantwild/extracted/plantwild/images/apple rust/google_0107.jpg,Apple___Cedar_apple_rust,Apple___Black_rot,0.923209
plantwild/extracted/plantwild/images/apple rust/google_0111.jpg,Apple___Cedar_apple_rust,Peach___Bacterial_spot,0.472456
plantwild/extracted/plantwild/images/apple rust/google_0112.jpg,Apple___Cedar_apple_rust,Strawberry___Leaf_scorch,0.780740
plantwild/extracted/plantwild/images/apple rust/google_0113.jpg,Apple___Cedar_apple_rust,"Pepper,_bell___healthy",0.485731
plantwild/extracted/plantwild/images/apple rust/google_0114.jpg,Apple___Cedar_apple_rust,Strawberry___Leaf_scorch,0.739333
plantwild/extracted/plantwild/images/apple rust/google_0115.jpg,Apple___Cedar_apple_rust,Cherry___healthy,0.767397
plantwild/extracted/plantwild/images/apple rust/google_0117.jpg,Apple___Cedar_apple_rust,"Pepper,_bell___healthy",0.675684
plantwild/extracted/plantwild/images/apple rust/google_0118.jpg,Apple___Cedar_apple_rust,Corn___Common_rust,0.773433
plantwild/extracted/plantwild/images/apple rust/google_0119.jpg,Apple___Cedar_apple_rust,Tomato___Early_blight,0.487129
plantwild/extracted/plantwild/images/apple rust/google_0120.jpg,Apple___Cedar_apple_rust,Strawberry___Leaf_scorch,0.948450
plantwild/extracted/plantwild/images/apple rust/google_0121.jpg,Apple___Cedar_apple_rust,"Pepper,_bell___healthy",0.930429
plantwild/extracted/plantwild/images/apple rust/google_0122.jpg,Apple___Cedar_apple_rust,"Pepper,_bell___healthy",0.304452
plantwild/extracted/plantwild/images/apple rust/google_0123.jpg,Apple___Cedar_apple_rust,"Pepper,_bell___healthy",0.655099
plantwild/extracted/plantwild/images/apple rust/google_0124.jpg,Apple___Cedar_apple_rust,Strawberry___Leaf_scorch,0.446592
plantwild/extracted/plantwild/images/apple rust/google_0125.jpg,Apple___Cedar_apple_rust,"Pepper,_bell___healthy",0.966674
plantwild/extracted/plantwild/images/apple rust/google_0126.jpg,Apple___Cedar_apple_rust,Cherry___healthy,0.735975
plantwild/extracted/plantwild/images/apple rust/google_0127.jpg,Apple___Cedar_apple_rust,"Pepper,_bell___healthy",0.554181
plantwild/extracted/plantwild/images/apple rust/google_0128.jpg,Apple___Cedar_apple_rust,Strawberry___Leaf_scorch,0.939886
plantwild/extracted/plantwild/images/apple rust/google_0129.jpg,Apple___Cedar_apple_rust,"Pepper,_bell___healthy",0.910043
plantwild/extracted/plantwild/images/apple rust/google_0131.jpg,Apple___Cedar_apple_rust,Cherry___healthy,0.371646
plantwild/extracted/plantwild/images/apple rust/google_0132.jpg,Apple___Cedar_apple_rust,Strawberry___Leaf_scorch,0.632659
plantwild/extracted/plantwild/images/apple rust/google_0134.jpg,Apple___Cedar_apple_rust,Cherry___healthy,0.827219
plantwild/extracted/plantwild/images/apple rust/google_0135.jpg,Apple___Cedar_apple_rust,Tomato___Late_blight,0.944576
plantwild/extracted/plantwild/images/apple rust/google_0136.jpg,Apple___Cedar_apple_rust,Tomato___Late_blight,0.925954
plantwild/extracted/plantwild/images/apple rust/google_0137.jpg,Apple___Cedar_apple_rust,"Pepper,_bell___healthy",0.888094
plantwild/extracted/plantwild/images/apple rust/google_0138.jpg,Apple___Cedar_apple_rust,Tomato___Early_blight,0.684819
plantwild/extracted/plantwild/images/apple rust/google_0139.jpg,Apple___Cedar_apple_rust,Peach___Bacterial_spot,0.317469
plantwild/extracted/plantwild/images/apple rust/google_0140.jpg,Apple___Cedar_apple_rust,Strawberry___Leaf_scorch,0.960160
plantwild/extracted/plantwild/images/apple rust/google_0141.jpg,Apple___Cedar_apple_rust,"Pepper,_bell___healthy",0.855503
plantwild/extracted/plantwild/images/apple rust/google_0142.jpg,Apple___Cedar_apple_rust,Strawberry___Leaf_scorch,0.540849
plantwild/extracted/plantwild/images/apple rust/google_0143.jpg,Apple___Cedar_apple_rust,Blueberry___healthy,0.281002
plantwild/extracted/plantwild/images/apple rust/google_0145.jpg,Apple___Cedar_apple_rust,Cherry___healthy,0.446707
plantwild/extracted/plantwild/images/apple rust/google_0146.jpg,Apple___Cedar_apple_rust,Strawberry___Leaf_scorch,0.783307
plantwild/extracted/plantwild/images/apple rust/google_0147.jpg,Apple___Cedar_apple_rust,Strawberry___Leaf_scorch,0.895402
plantwild/extracted/plantwild/images/apple rust/google_0149.jpg,Apple___Cedar_apple_rust,Strawberry___Leaf_scorch,0.896345
plantwild/extracted/plantwild/images/apple rust/google_0151.jpg,Apple___Cedar_apple_rust,Tomato___Late_blight,0.310423
plantwild/extracted/plantwild/images/apple rust/google_0152.jpg,Apple___Cedar_apple_rust,"Pepper,_bell___healthy",0.578434
plantwild/extracted/plantwild/images/apple rust/google_0153.jpg,Apple___Cedar_apple_rust,Strawberry___Leaf_scorch,0.893793
plantwild/extracted/plantwild/images/apple rust/google_0155.jpg,Apple___Cedar_apple_rust,Strawberry___Leaf_scorch,0.706683
plantwild/extracted/plantwild/images/apple rust/google_0157.jpg,Apple___Cedar_apple_rust,Strawberry___Leaf_scorch,0.426102
plantwild/extracted/plantwild/images/apple rust/google_0158.jpg,Apple___Cedar_apple_rust,"Pepper,_bell___healthy",0.832581
plantwild/extracted/plantwild/images/apple rust/google_0159.jpg,Apple___Cedar_apple_rust,Strawberry___Leaf_scorch,0.963617
plantwild/extracted/plantwild/images/apple rust/google_0160.jpg,Apple___Cedar_apple_rust,"Pepper,_bell___healthy",0.965645
plantwild/extracted/plantwild/images/apple rust/google_0165.jpg,Apple___Cedar_apple_rust,Apple___Cedar_apple_rust,0.965720
plantwild/extracted/plantwild/images/apple rust/google_0167.jpg,Apple___Cedar_apple_rust,"Pepper,_bell___healthy",0.965161
plantwild/extracted/plantwild/images/apple rust/google_0168.jpg,Apple___Cedar_apple_rust,Apple___Cedar_apple_rust,0.394608
plantwild/extracted/plantwild/images/apple rust/google_0169.jpg,Apple___Cedar_apple_rust,"Pepper,_bell___Bacterial_spot",0.658512
plantwild/extracted/plantwild/images/apple rust/google_0171.jpg,Apple___Cedar_apple_rust,Blueberry___healthy,0.920083
plantwild/extracted/plantwild/images/apple rust/google_0172.jpg,Apple___Cedar_apple_rust,Squash___Powdery_mildew,0.966445
plantwild/extracted/plantwild/images/apple rust/google_0173.jpg,Apple___Cedar_apple_rust,"Pepper,_bell___healthy",0.549377
plantwild/extracted/plantwild/images/apple rust/google_0175.jpg,Apple___Cedar_apple_rust,"Pepper,_bell___healthy",0.838736
plantwild/extracted/plantwild/images/apple rust/google_0176.jpg,Apple___Cedar_apple_rust,"Pepper,_bell___healthy",0.951295
plantwild/extracted/plantwild/images/apple rust/google_0177.jpg,Apple___Cedar_apple_rust,Cherry___healthy,0.735679
plantwild/extracted/plantwild/images/apple rust/google_0180.jpg,Apple___Cedar_apple_rust,Tomato___Early_blight,0.805294
plantwild/extracted/plantwild/images/apple rust/google_0181.jpg,Apple___Cedar_apple_rust,Tomato___Early_blight,0.959619
plantwild/extracted/plantwild/images/apple rust/google_0182.jpg,Apple___Cedar_apple_rust,"Pepper,_bell___healthy",0.538631
plantwild/extracted/plantwild/images/apple rust/google_0183.jpg,Apple___Cedar_apple_rust,Strawberry___Leaf_scorch,0.398436
plantwild/extracted/plantwild/images/apple rust/google_0184.jpg,Apple___Cedar_apple_rust,Corn___Northern_Leaf_Blight,0.887145
plantwild/extracted/plantwild/images/apple rust/google_0185.jpg,Apple___Cedar_apple_rust,Cherry___healthy,0.719859
plantwild/extracted/plantwild/images/apple rust/google_0186.jpg,Apple___Cedar_apple_rust,Cherry___healthy,0.863535
plantwild/extracted/plantwild/images/apple rust/google_0187.jpg,Apple___Cedar_apple_rust,Tomato___Tomato_mosaic_virus,0.769442
plantwild/extracted/plantwild/images/apple rust/google_0190.jpg,Apple___Cedar_apple_rust,Potato___Early_blight,0.779393
plantwild/extracted/plantwild/images/apple rust/google_0191.jpg,Apple___Cedar_apple_rust,"Pepper,_bell___healthy",0.901737
plantwild/extracted/plantwild/images/apple rust/google_0193.jpg,Apple___Cedar_apple_rust,Corn___Northern_Leaf_Blight,0.325500
plantwild/extracted/plantwild/images/apple rust/google_0194.jpg,Apple___Cedar_apple_rust,Tomato___Early_blight,0.485435
plantwild/extracted/plantwild/images/apple rust/google_0195.jpg,Apple___Cedar_apple_rust,Squash___Powdery_mildew,0.720465
plantwild/extracted/plantwild/images/apple rust/google_0196.jpg,Apple___Cedar_apple_rust,Tomato___Early_blight,0.632144
plantwild/extracted/plantwild/images/apple rust/google_0197.jpg,Apple___Cedar_apple_rust,Strawberry___Leaf_scorch,0.885854
plantwild/extracted/plantwild/images/apple rust/google_0198.jpg,Apple___Cedar_apple_rust,"Pepper,_bell___healthy",0.510192
plantwild/extracted/plantwild/images/apple rust/google_0200.jpg,Apple___Cedar_apple_rust,Strawberry___Leaf_scorch,0.962865
plantwild/extracted/plantwild/images/apple rust/google_0201.jpg,Apple___Cedar_apple_rust,Corn___Northern_Leaf_Blight,0.327168
plantwild/extracted/plantwild/images/apple rust/google_0202.jpg,Apple___Cedar_apple_rust,Tomato___Early_blight,0.842971
plantwild/extracted/plantwild/images/apple rust/google_0203.jpg,Apple___Cedar_apple_rust,Squash___Powdery_mildew,0.347187
plantwild/extracted/plantwild/images/apple rust/google_0205.jpg,Apple___Cedar_apple_rust,Tomato___Early_blight,0.652797
plantwild/extracted/plantwild/images/apple rust/google_0206.jpg,Apple___Cedar_apple_rust,Corn___Common_rust,0.967011
plantwild/extracted/plantwild/images/apple rust/google_0207.jpg,Apple___Cedar_apple_rust,Cherry___healthy,0.531425
plantwild/extracted/plantwild/images/apple rust/google_0209.jpg,Apple___Cedar_apple_rust,Tomato___Tomato_Yellow_Leaf_Curl_Virus,0.884292
plantwild/extracted/plantwild/images/apple rust/google_0210.jpg,Apple___Cedar_apple_rust,Cherry___healthy,0.907644
plantwild/extracted/plantwild/images/apple rust/google_0211.jpg,Apple___Cedar_apple_rust,Corn___Northern_Leaf_Blight,0.793488
plantwild/extracted/plantwild/images/apple rust/google_0212.jpg,Apple___Cedar_apple_rust,Corn___healthy,0.441478
plantwild/extracted/plantwild/images/apple rust/google_0213.jpg,Apple___Cedar_apple_rust,Cherry___healthy,0.851556
plantwild/extracted/plantwild/images/apple rust/google_0214.jpg,Apple___Cedar_apple_rust,Apple___healthy,0.868777
plantwild/extracted/plantwild/images/apple rust/google_0215.jpg,Apple___Cedar_apple_rust,Tomato___Late_blight,0.270925
plantwild/extracted/plantwild/images/apple rust/google_0217.jpg,Apple___Cedar_apple_rust,Tomato___Tomato_mosaic_virus,0.265379
plantwild/extracted/plantwild/images/apple rust/google_0218.jpg,Apple___Cedar_apple_rust,Corn___healthy,0.715429
plantwild/extracted/plantwild/images/apple rust/google_0219.jpg,Apple___Cedar_apple_rust,"Pepper,_bell___Bacterial_spot",0.383896
plantwild/extracted/plantwild/images/apple rust/google_0220.jpg,Apple___Cedar_apple_rust,Corn___Common_rust,0.769754
plantwild/extracted/plantwild/images/apple rust/google_0221.jpg,Apple___Cedar_apple_rust,Tomato___Early_blight,0.917071
plantwild/extracted/plantwild/images/apple rust/google_0222.jpg,Apple___Cedar_apple_rust,"Pepper,_bell___healthy",0.651295
plantwild/extracted/plantwild/images/apple rust/google_0226.jpg,Apple___Cedar_apple_rust,Strawberry___Leaf_scorch,0.964542
plantwild/extracted/plantwild/images/apple rust/google_0227.jpg,Apple___Cedar_apple_rust,Corn___Common_rust,0.360356
plantwild/extracted/plantwild/images/apple rust/google_0228.jpg,Apple___Cedar_apple_rust,Squash___Powdery_mildew,0.766046
plantwild/extracted/plantwild/images/apple rust/google_0229.jpg,Apple___Cedar_apple_rust,Cherry___healthy,0.700258
plantwild/extracted/plantwild/images/apple rust/google_0230.jpg,Apple___Cedar_apple_rust,Strawberry___Leaf_scorch,0.192555
plantwild/extracted/plantwild/images/apple rust/google_0233.jpg,Apple___Cedar_apple_rust,Corn___Common_rust,0.940233
plantwild/extracted/plantwild/images/apple rust/google_0235.jpg,Apple___Cedar_apple_rust,Potato___Early_blight,0.670366
plantwild/extracted/plantwild/images/apple rust/google_0236.jpg,Apple___Cedar_apple_rust,"Pepper,_bell___healthy",0.467493
plantwild/extracted/plantwild/images/apple rust/google_0237.jpg,Apple___Cedar_apple_rust,Strawberry___Leaf_scorch,0.474465
plantwild/extracted/plantwild/images/apple rust/google_0238.jpg,Apple___Cedar_apple_rust,Strawberry___Leaf_scorch,0.735210
plantwild/extracted/plantwild/images/apple rust/google_0240.jpg,Apple___Cedar_apple_rust,Strawberry___Leaf_scorch,0.947605
plantwild/extracted/plantwild/images/apple rust/google_0243.jpg,Apple___Cedar_apple_rust,Strawberry___Leaf_scorch,0.438708
plantwild/extracted/plantwild/images/apple rust/google_0244.jpg,Apple___Cedar_apple_rust,"Pepper,_bell___healthy",0.847918
plantwild/extracted/plantwild/images/apple rust/google_0245.jpg,Apple___Cedar_apple_rust,"Pepper,_bell___healthy",0.808765
plantwild/extracted/plantwild/images/apple scab/1.jpg,Apple___Apple_scab,"Pepper,_bell___healthy",0.680071
plantwild/extracted/plantwild/images/apple scab/10.jpg,Apple___Apple_scab,Apple___healthy,0.742239
plantwild/extracted/plantwild/images/apple scab/11.jpg,Apple___Apple_scab,"Pepper,_bell___healthy",0.948595
plantwild/extracted/plantwild/images/apple scab/118.jpg,Apple___Apple_scab,Tomato___Early_blight,0.342679
plantwild/extracted/plantwild/images/apple scab/12.jpg,Apple___Apple_scab,"Pepper,_bell___healthy",0.945582
plantwild/extracted/plantwild/images/apple scab/13.jpg,Apple___Apple_scab,Corn___Common_rust,0.518993
plantwild/extracted/plantwild/images/apple scab/14.jpg,Apple___Apple_scab,Strawberry___Leaf_scorch,0.919710
plantwild/extracted/plantwild/images/apple scab/15.jpg,Apple___Apple_scab,Tomato___Late_blight,0.965148
plantwild/extracted/plantwild/images/apple scab/16.jpg,Apple___Apple_scab,"Pepper,_bell___healthy",0.453026
plantwild/extracted/plantwild/images/apple scab/17.jpg,Apple___Apple_scab,Squash___Powdery_mildew,0.759387
plantwild/extracted/plantwild/images/apple scab/18.jpg,Apple___Apple_scab,Tomato___Early_blight,0.952978
plantwild/extracted/plantwild/images/apple scab/19.jpg,Apple___Apple_scab,Strawberry___Leaf_scorch,0.550898
plantwild/extracted/plantwild/images/apple scab/2.jpg,Apple___Apple_scab,Corn___Common_rust,0.850093
plantwild/extracted/plantwild/images/apple scab/20.jpg,Apple___Apple_scab,Tomato___Late_blight,0.966316
plantwild/extracted/plantwild/images/apple scab/21.jpg,Apple___Apple_scab,"Pepper,_bell___Bacterial_spot",0.369738
plantwild/extracted/plantwild/images/apple scab/22.jpg,Apple___Apple_scab,"Pepper,_bell___healthy",0.920015
plantwild/extracted/plantwild/images/apple scab/23.jpg,Apple___Apple_scab,Tomato___Late_blight,0.929151
plantwild/extracted/plantwild/images/apple scab/24.jpg,Apple___Apple_scab,Squash___Powdery_mildew,0.845636
plantwild/extracted/plantwild/images/apple scab/25.jpg,Apple___Apple_scab,Tomato___Early_blight,0.960425
plantwild/extracted/plantwild/images/apple scab/26.jpg,Apple___Apple_scab,Strawberry___Leaf_scorch,0.196306
plantwild/extracted/plantwild/images/apple scab/27.jpg,Apple___Apple_scab,Tomato___Late_blight,0.941494
plantwild/extracted/plantwild/images/apple scab/29.jpg,Apple___Apple_scab,"Pepper,_bell___healthy",0.648899
plantwild/extracted/plantwild/images/apple scab/3.jpg,Apple___Apple_scab,Strawberry___Leaf_scorch,0.668293
plantwild/extracted/plantwild/images/apple scab/30.jpg,Apple___Apple_scab,Apple___Apple_scab,0.780082
plantwild/extracted/plantwild/images/apple scab/31.jpg,Apple___Apple_scab,Strawberry___Leaf_scorch,0.920369
plantwild/extracted/plantwild/images/apple scab/32.jpg,Apple___Apple_scab,Strawberry___Leaf_scorch,0.883787
plantwild/extracted/plantwild/images/apple scab/33.jpg,Apple___Apple_scab,Strawberry___Leaf_scorch,0.958661
plantwild/extracted/plantwild/images/apple scab/34.jpg,Apple___Apple_scab,Tomato___Early_blight,0.408336
plantwild/extracted/plantwild/images/apple scab/35.jpg,Apple___Apple_scab,Tomato___Early_blight,0.767304
plantwild/extracted/plantwild/images/apple scab/37.jpg,Apple___Apple_scab,Strawberry___Leaf_scorch,0.861928
plantwild/extracted/plantwild/images/apple scab/38.jpg,Apple___Apple_scab,Tomato___Late_blight,0.960813
plantwild/extracted/plantwild/images/apple scab/39.jpg,Apple___Apple_scab,"Pepper,_bell___healthy",0.447339
plantwild/extracted/plantwild/images/apple scab/4.jpg,Apple___Apple_scab,"Pepper,_bell___healthy",0.621813
plantwild/extracted/plantwild/images/apple scab/40.jpg,Apple___Apple_scab,Corn___healthy,0.516263
plantwild/extracted/plantwild/images/apple scab/43 - Copy (2).jpg,Apple___Apple_scab,Tomato___Late_blight,0.938861
plantwild/extracted/plantwild/images/apple scab/43 - Copy.jpg,Apple___Apple_scab,Tomato___Early_blight,0.573069
plantwild/extracted/plantwild/images/apple scab/43.jpg,Apple___Apple_scab,"Pepper,_bell___healthy",0.931208
plantwild/extracted/plantwild/images/apple scab/44.jpg,Apple___Apple_scab,"Pepper,_bell___Bacterial_spot",0.416519
plantwild/extracted/plantwild/images/apple scab/45.jpg,Apple___Apple_scab,Strawberry___Leaf_scorch,0.920966
plantwild/extracted/plantwild/images/apple scab/46 - Copy.jpg,Apple___Apple_scab,Tomato___Late_blight,0.969178
plantwild/extracted/plantwild/images/apple scab/46.jpg,Apple___Apple_scab,Tomato___Late_blight,0.730905
plantwild/extracted/plantwild/images/apple scab/47.jpg,Apple___Apple_scab,Strawberry___Leaf_scorch,0.825961
plantwild/extracted/plantwild/images/apple scab/48.jpg,Apple___Apple_scab,Strawberry___Leaf_scorch,0.769131
plantwild/extracted/plantwild/images/apple scab/49.jpg,Apple___Apple_scab,Squash___Powdery_mildew,0.468221
plantwild/extracted/plantwild/images/apple scab/5.jpg,Apple___Apple_scab,"Pepper,_bell___healthy",0.720121
plantwild/extracted/plantwild/images/apple scab/50.jpg,Apple___Apple_scab,Tomato___Late_blight,0.946844
plantwild/extracted/plantwild/images/apple scab/51.jpg,Apple___Apple_scab,Strawberry___Leaf_scorch,0.816850
plantwild/extracted/plantwild/images/apple scab/52.jpg,Apple___Apple_scab,Corn___Common_rust,0.373054
plantwild/extracted/plantwild/images/apple scab/53.jpg,Apple___Apple_scab,Apple___Cedar_apple_rust,0.559702
plantwild/extracted/plantwild/images/apple scab/54.jpg,Apple___Apple_scab,Corn___Common_rust,0.244874
plantwild/extracted/plantwild/images/apple scab/56.jpg,Apple___Apple_scab,Tomato___Early_blight,0.211135
plantwild/extracted/plantwild/images/apple scab/57 - Copy.jpg,Apple___Apple_scab,Tomato___Late_blight,0.950905
plantwild/extracted/plantwild/images/apple scab/57.jpg,Apple___Apple_scab,Strawberry___Leaf_scorch,0.684157
plantwild/extracted/plantwild/images/apple scab/59.jpg,Apple___Apple_scab,Apple___healthy,0.933689
plantwild/extracted/plantwild/images/apple scab/6.jpg,Apple___Apple_scab,Tomato___Early_blight,0.489056
plantwild/extracted/plantwild/images/apple scab/60.jpg,Apple___Apple_scab,Squash___Powdery_mildew,0.792592
plantwild/extracted/plantwild/images/apple scab/61.jpg,Apple___Apple_scab,Corn___healthy,0.504524
plantwild/extracted/plantwild/images/apple scab/62.jpg,Apple___Apple_scab,Apple___healthy,0.350719
plantwild/extracted/plantwild/images/apple scab/63.jpg,Apple___Apple_scab,Squash___Powdery_mildew,0.347509
plantwild/extracted/plantwild/images/apple scab/64.jpg,Apple___Apple_scab,Strawberry___Leaf_scorch,0.945998
plantwild/extracted/plantwild/images/apple scab/65.jpg,Apple___Apple_scab,Tomato___Late_blight,0.948437
plantwild/extracted/plantwild/images/apple scab/66.jpg,Apple___Apple_scab,"Pepper,_bell___healthy",0.443419
plantwild/extracted/plantwild/images/apple scab/67.jpg,Apple___Apple_scab,Strawberry___Leaf_scorch,0.633104
plantwild/extracted/plantwild/images/apple scab/68 - Copy (2).jpg,Apple___Apple_scab,Corn___healthy,0.946017
plantwild/extracted/plantwild/images/apple scab/68 - Copy.jpg,Apple___Apple_scab,Tomato___Tomato_Yellow_Leaf_Curl_Virus,0.242184
plantwild/extracted/plantwild/images/apple scab/68.jpg,Apple___Apple_scab,Strawberry___Leaf_scorch,0.568254
plantwild/extracted/plantwild/images/apple scab/69.jpg,Apple___Apple_scab,Tomato___Early_blight,0.263187
plantwild/extracted/plantwild/images/apple scab/71.jpg,Apple___Apple_scab,Tomato___Early_blight,0.917281
plantwild/extracted/plantwild/images/apple scab/72.jpg,Apple___Apple_scab,Tomato___Late_blight,0.262338
plantwild/extracted/plantwild/images/apple scab/73.jpg,Apple___Apple_scab,Potato___Early_blight,0.898457
plantwild/extracted/plantwild/images/apple scab/74.jpg,Apple___Apple_scab,Strawberry___Leaf_scorch,0.940508
plantwild/extracted/plantwild/images/apple scab/76.jpg,Apple___Apple_scab,Strawberry___Leaf_scorch,0.516963
plantwild/extracted/plantwild/images/apple scab/77.jpg,Apple___Apple_scab,Apple___Cedar_apple_rust,0.894127
plantwild/extracted/plantwild/images/apple scab/8.jpg,Apple___Apple_scab,Strawberry___Leaf_scorch,0.589938
plantwild/extracted/plantwild/images/apple scab/80.jpg,Apple___Apple_scab,Tomato___Early_blight,0.548725
plantwild/extracted/plantwild/images/apple scab/82.jpg,Apple___Apple_scab,Apple___healthy,0.553628
plantwild/extracted/plantwild/images/apple scab/85.jpg,Apple___Apple_scab,Strawberry___Leaf_scorch,0.378521
plantwild/extracted/plantwild/images/apple scab/86.jpg,Apple___Apple_scab,Tomato___Late_blight,0.641686
plantwild/extracted/plantwild/images/apple scab/9.jpg,Apple___Apple_scab,Tomato___Early_blight,0.880581
plantwild/extracted/plantwild/images/apple scab/92.jpg,Apple___Apple_scab,"Pepper,_bell___healthy",0.597385
plantwild/extracted/plantwild/images/apple scab/95.jpg,Apple___Apple_scab,"Pepper,_bell___healthy",0.479116
plantwild/extracted/plantwild/images/apple scab/96.jpg,Apple___Apple_scab,"Pepper,_bell___healthy",0.664149
plantwild/extracted/plantwild/images/apple scab/97.jpg,Apple___Apple_scab,Corn___Northern_Leaf_Blight,0.685519
plantwild/extracted/plantwild/images/apple scab/google_0000.jpg,Apple___Apple_scab,"Pepper,_bell___healthy",0.280645
plantwild/extracted/plantwild/images/apple scab/google_0001.jpg,Apple___Apple_scab,Tomato___Early_blight,0.887554
plantwild/extracted/plantwild/images/apple scab/google_0002.jpg,Apple___Apple_scab,"Pepper,_bell___healthy",0.815640
plantwild/extracted/plantwild/images/apple scab/google_0006.jpg,Apple___Apple_scab,Apple___Apple_scab,0.907194
plantwild/extracted/plantwild/images/apple scab/google_0007.jpg,Apple___Apple_scab,"Pepper,_bell___healthy",0.377374
plantwild/extracted/plantwild/images/apple scab/google_0008.jpg,Apple___Apple_scab,Strawberry___Leaf_scorch,0.725112
plantwild/extracted/plantwild/images/apple scab/google_0009.jpg,Apple___Apple_scab,Strawberry___Leaf_scorch,0.783885
plantwild/extracted/plantwild/images/apple scab/google_0011.jpg,Apple___Apple_scab,Strawberry___Leaf_scorch,0.937463
plantwild/extracted/plantwild/images/apple scab/google_0012.jpg,Apple___Apple_scab,Tomato___Early_blight,0.462727
plantwild/extracted/plantwild/images/apple scab/google_0013.jpg,Apple___Apple_scab,"Pepper,_bell___healthy",0.520735
plantwild/extracted/plantwild/images/apple scab/google_0014.jpg,Apple___Apple_scab,Apple___Apple_scab,0.962085
plantwild/extracted/plantwild/images/apple scab/google_0015.jpg,Apple___Apple_scab,"Pepper,_bell___Bacterial_spot",0.371528
plantwild/extracted/plantwild/images/apple scab/google_0016.jpg,Apple___Apple_scab,Strawberry___Leaf_scorch,0.409459
plantwild/extracted/plantwild/images/apple scab/google_0017.jpg,Apple___Apple_scab,Strawberry___Leaf_scorch,0.959092
plantwild/extracted/plantwild/images/apple scab/google_0018.jpg,Apple___Apple_scab,Corn___Common_rust,0.723224
plantwild/extracted/plantwild/images/apple scab/google_0019.jpg,Apple___Apple_scab,"Pepper,_bell___healthy",0.754130
plantwild/extracted/plantwild/images/apple scab/google_0020.jpg,Apple___Apple_scab,Potato___Early_blight,0.285550
plantwild/extracted/plantwild/images/apple scab/google_0021.jpg,Apple___Apple_scab,Strawberry___Leaf_scorch,0.931239
plantwild/extracted/plantwild/images/apple scab/google_0023.jpg,Apple___Apple_scab,Apple___Apple_scab,0.965097
plantwild/extracted/plantwild/images/apple scab/google_0024.jpg,Apple___Apple_scab,"Pepper,_bell___healthy",0.945898
plantwild/extracted/plantwild/images/apple scab/google_0025.jpg,Apple___Apple_scab,Strawberry___Leaf_scorch,0.957151
plantwild/extracted/plantwild/images/apple scab/google_0028.jpg,Apple___Apple_scab,"Pepper,_bell___healthy",0.674156
plantwild/extracted/plantwild/images/apple scab/google_0029.jpg,Apple___Apple_scab,Strawberry___Leaf_scorch,0.452580
plantwild/extracted/plantwild/images/apple scab/google_0030.jpg,Apple___Apple_scab,Blueberry___healthy,0.947736
plantwild/extracted/plantwild/images/apple scab/google_0031.jpg,Apple___Apple_scab,"Pepper,_bell___healthy",0.928305
plantwild/extracted/plantwild/images/apple scab/google_0032.jpg,Apple___Apple_scab,"Pepper,_bell___healthy",0.406241
plantwild/extracted/plantwild/images/apple scab/google_0034.jpg,Apple___Apple_scab,"Pepper,_bell___healthy",0.748220
plantwild/extracted/plantwild/images/apple scab/google_0035.jpg,Apple___Apple_scab,Strawberry___Leaf_scorch,0.959657
plantwild/extracted/plantwild/images/apple scab/google_0036.jpg,Apple___Apple_scab,"Pepper,_bell___healthy",0.654464
plantwild/extracted/plantwild/images/apple scab/google_0037.jpg,Apple___Apple_scab,Tomato___Late_blight,0.972516
plantwild/extracted/plantwild/images/apple scab/google_0038.jpg,Apple___Apple_scab,Tomato___Late_blight,0.773739
plantwild/extracted/plantwild/images/apple scab/google_0039.jpg,Apple___Apple_scab,"Pepper,_bell___healthy",0.730958
plantwild/extracted/plantwild/images/apple scab/google_0041.jpg,Apple___Apple_scab,"Pepper,_bell___healthy",0.938404
plantwild/extracted/plantwild/images/apple scab/google_0042.jpg,Apple___Apple_scab,Tomato___Early_blight,0.460115
plantwild/extracted/plantwild/images/apple scab/google_0043.jpg,Apple___Apple_scab,Tomato___Early_blight,0.595352
plantwild/extracted/plantwild/images/apple scab/google_0045.jpg,Apple___Apple_scab,"Pepper,_bell___healthy",0.329696
plantwild/extracted/plantwild/images/apple scab/google_0046.jpg,Apple___Apple_scab,Corn___Common_rust,0.285902
plantwild/extracted/plantwild/images/apple scab/google_0049.jpg,Apple___Apple_scab,"Pepper,_bell___healthy",0.397619
plantwild/extracted/plantwild/images/apple scab/google_0050.jpg,Apple___Apple_scab,Strawberry___Leaf_scorch,0.957885
plantwild/extracted/plantwild/images/apple scab/google_0053.jpg,Apple___Apple_scab,"Pepper,_bell___healthy",0.869637
plantwild/extracted/plantwild/images/apple scab/google_0055.jpg,Apple___Apple_scab,Blueberry___healthy,0.494630
plantwild/extracted/plantwild/images/apple scab/google_0057.jpg,Apple___Apple_scab,Tomato___Early_blight,0.655238
plantwild/extracted/plantwild/images/apple scab/google_0058 - Copy.jpg,Apple___Apple_scab,"Pepper,_bell___healthy",0.271780
plantwild/extracted/plantwild/images/apple scab/google_0058.jpg,Apple___Apple_scab,Tomato___Late_blight,0.869217
plantwild/extracted/plantwild/images/apple scab/google_0059.jpg,Apple___Apple_scab,"Pepper,_bell___healthy",0.783296
plantwild/extracted/plantwild/images/apple scab/google_0060.jpg,Apple___Apple_scab,Strawberry___Leaf_scorch,0.620611
plantwild/extracted/plantwild/images/apple scab/google_0062.jpg,Apple___Apple_scab,"Pepper,_bell___healthy",0.771793
plantwild/extracted/plantwild/images/apple scab/google_0064.jpg,Apple___Apple_scab,Tomato___Late_blight,0.913727
plantwild/extracted/plantwild/images/apple scab/google_0065.jpg,Apple___Apple_scab,Tomato___Early_blight,0.769064
plantwild/extracted/plantwild/images/apple scab/google_0067.jpg,Apple___Apple_scab,Tomato___Early_blight,0.741217
plantwild/extracted/plantwild/images/apple scab/google_0068.jpg,Apple___Apple_scab,Corn___healthy,0.322699
plantwild/extracted/plantwild/images/apple scab/google_0069.jpg,Apple___Apple_scab,Peach___Bacterial_spot,0.464228
plantwild/extracted/plantwild/images/apple scab/google_0071.jpg,Apple___Apple_scab,Tomato___Early_blight,0.454797
plantwild/extracted/plantwild/images/apple scab/google_0072.jpg,Apple___Apple_scab,Tomato___Early_blight,0.873505
plantwild/extracted/plantwild/images/apple scab/google_0073.jpg,Apple___Apple_scab,Strawberry___Leaf_scorch,0.944360
plantwild/extracted/plantwild/images/apple scab/google_0074.jpg,Apple___Apple_scab,"Pepper,_bell___healthy",0.714656
plantwild/extracted/plantwild/images/apple scab/google_0075.jpg,Apple___Apple_scab,Strawberry___Leaf_scorch,0.565013
plantwild/extracted/plantwild/images/apple scab/google_0078.jpg,Apple___Apple_scab,"Pepper,_bell___healthy",0.206381
plantwild/extracted/plantwild/images/apple scab/google_0080.jpg,Apple___Apple_scab,"Pepper,_bell___healthy",0.935229
plantwild/extracted/plantwild/images/apple scab/google_0082.jpg,Apple___Apple_scab,"Pepper,_bell___healthy",0.641426
plantwild/extracted/plantwild/images/apple scab/google_0084.jpg,Apple___Apple_scab,"Pepper,_bell___healthy",0.830226
plantwild/extracted/plantwild/images/apple scab/google_0086.jpg,Apple___Apple_scab,Tomato___Early_blight,0.813336
plantwild/extracted/plantwild/images/apple scab/google_0091.jpg,Apple___Apple_scab,Strawberry___Leaf_scorch,0.933219
plantwild/extracted/plantwild/images/apple scab/google_0092.jpg,Apple___Apple_scab,"Pepper,_bell___healthy",0.380050
plantwild/extracted/plantwild/images/apple scab/google_0093.jpg,Apple___Apple_scab,"Pepper,_bell___healthy",0.931393
plantwild/extracted/plantwild/images/apple scab/google_0095.jpg,Apple___Apple_scab,"Pepper,_bell___healthy",0.903375
plantwild/extracted/plantwild/images/apple scab/google_0097.jpg,Apple___Apple_scab,"Pepper,_bell___healthy",0.342789
plantwild/extracted/plantwild/images/apple scab/google_0098.jpg,Apple___Apple_scab,"Pepper,_bell___healthy",0.585372
plantwild/extracted/plantwild/images/apple scab/google_0099.jpg,Apple___Apple_scab,Corn___Northern_Leaf_Blight,0.488234
plantwild/extracted/plantwild/images/apple scab/google_0103.jpg,Apple___Apple_scab,Apple___Cedar_apple_rust,0.804164
plantwild/extracted/plantwild/images/apple scab/google_0104.jpg,Apple___Apple_scab,"Pepper,_bell___healthy",0.454637
plantwild/extracted/plantwild/images/apple scab/google_0105.jpg,Apple___Apple_scab,Strawberry___Leaf_scorch,0.968199
plantwild/extracted/plantwild/images/apple scab/google_0106.jpg,Apple___Apple_scab,"Pepper,_bell___healthy",0.680828
plantwild/extracted/plantwild/images/apple scab/google_0107.jpg,Apple___Apple_scab,Strawberry___Leaf_scorch,0.960678
plantwild/extracted/plantwild/images/apple scab/google_0108.jpg,Apple___Apple_scab,Tomato___Early_blight,0.960581
plantwild/extracted/plantwild/images/apple scab/google_0109.jpg,Apple___Apple_scab,"Pepper,_bell___healthy",0.162000
plantwild/extracted/plantwild/images/apple scab/google_0110.jpg,Apple___Apple_scab,Strawberry___Leaf_scorch,0.658354
plantwild/extracted/plantwild/images/apple scab/google_0111.jpg,Apple___Apple_scab,Strawberry___Leaf_scorch,0.924639
plantwild/extracted/plantwild/images/apple scab/google_0113.jpg,Apple___Apple_scab,Tomato___Late_blight,0.729498
plantwild/extracted/plantwild/images/apple scab/google_0114.jpg,Apple___Apple_scab,Strawberry___Leaf_scorch,0.939437
plantwild/extracted/plantwild/images/apple scab/google_0115.jpg,Apple___Apple_scab,Potato___Early_blight,0.387740
plantwild/extracted/plantwild/images/apple scab/google_0117.jpg,Apple___Apple_scab,Tomato___Late_blight,0.917057
plantwild/extracted/plantwild/images/apple scab/google_0118.jpg,Apple___Apple_scab,"Pepper,_bell___healthy",0.345184
plantwild/extracted/plantwild/images/apple scab/google_0119.jpg,Apple___Apple_scab,"Pepper,_bell___healthy",0.827934
plantwild/extracted/plantwild/images/apple scab/google_0121.jpg,Apple___Apple_scab,Tomato___Late_blight,0.924111
plantwild/extracted/plantwild/images/apple scab/google_0122.jpg,Apple___Apple_scab,Peach___healthy,0.251570
plantwild/extracted/plantwild/images/apple scab/google_0123.jpg,Apple___Apple_scab,"Pepper,_bell___healthy",0.786449
plantwild/extracted/plantwild/images/apple scab/google_0124.jpg,Apple___Apple_scab,"Pepper,_bell___healthy",0.697133
plantwild/extracted/plantwild/images/apple scab/google_0125.jpg,Apple___Apple_scab,Strawberry___Leaf_scorch,0.537157
plantwild/extracted/plantwild/images/apple scab/google_0129.jpg,Apple___Apple_scab,Strawberry___Leaf_scorch,0.668890
plantwild/extracted/plantwild/images/apple scab/google_0130.jpg,Apple___Apple_scab,"Pepper,_bell___healthy",0.618567
plantwild/extracted/plantwild/images/apple scab/google_0132.jpg,Apple___Apple_scab,Strawberry___Leaf_scorch,0.915563
plantwild/extracted/plantwild/images/apple scab/google_0133.jpg,Apple___Apple_scab,"Pepper,_bell___healthy",0.960085
plantwild/extracted/plantwild/images/apple scab/google_0134.jpg,Apple___Apple_scab,Apple___healthy,0.207462
plantwild/extracted/plantwild/images/apple scab/google_0135.jpg,Apple___Apple_scab,"Pepper,_bell___healthy",0.921887
plantwild/extracted/plantwild/images/apple scab/google_0136.jpg,Apple___Apple_scab,"Pepper,_bell___healthy",0.898978
plantwild/extracted/plantwild/images/apple scab/google_0137.jpg,Apple___Apple_scab,"Pepper,_bell___healthy",0.346955
plantwild/extracted/plantwild/images/apple scab/google_0138.jpg,Apple___Apple_scab,Squash___Powdery_mildew,0.565015
plantwild/extracted/plantwild/images/apple scab/google_0139.jpg,Apple___Apple_scab,Tomato___Septoria_leaf_spot,0.928589
plantwild/extracted/plantwild/images/apple scab/google_0140.jpg,Apple___Apple_scab,"Pepper,_bell___healthy",0.580131
plantwild/extracted/plantwild/images/apple scab/google_0142.jpg,Apple___Apple_scab,"Pepper,_bell___healthy",0.540497
plantwild/extracted/plantwild/images/apple scab/google_0143.jpg,Apple___Apple_scab,Strawberry___Leaf_scorch,0.636350
plantwild/extracted/plantwild/images/apple scab/google_0144.jpg,Apple___Apple_scab,"Pepper,_bell___healthy",0.536888
plantwild/extracted/plantwild/images/apple scab/google_0146.jpg,Apple___Apple_scab,"Pepper,_bell___healthy",0.465800
plantwild/extracted/plantwild/images/apple scab/google_0147.jpg,Apple___Apple_scab,Corn___healthy,0.170192
plantwild/extracted/plantwild/images/apple scab/google_0148.jpg,Apple___Apple_scab,Strawberry___Leaf_scorch,0.961506
plantwild/extracted/plantwild/images/apple scab/google_0152.jpg,Apple___Apple_scab,Strawberry___Leaf_scorch,0.916794
plantwild/extracted/plantwild/images/apple scab/google_0153.jpg,Apple___Apple_scab,"Pepper,_bell___healthy",0.928586
plantwild/extracted/plantwild/images/apple scab/google_0154.jpg,Apple___Apple_scab,Cherry___healthy,0.903337
plantwild/extracted/plantwild/images/apple scab/google_0155.jpg,Apple___Apple_scab,Corn___Common_rust,0.944380
plantwild/extracted/plantwild/images/apple scab/google_0156.jpg,Apple___Apple_scab,Cherry___healthy,0.382850
plantwild/extracted/plantwild/images/apple scab/google_0157.jpg,Apple___Apple_scab,Strawberry___Leaf_scorch,0.751863
plantwild/extracted/plantwild/images/apple scab/google_0158.jpg,Apple___Apple_scab,Strawberry___Leaf_scorch,0.839948
plantwild/extracted/plantwild/images/apple scab/google_0163.jpg,Apple___Apple_scab,Corn___Northern_Leaf_Blight,0.912461
plantwild/extracted/plantwild/images/apple scab/google_0165.jpg,Apple___Apple_scab,"Pepper,_bell___Bacterial_spot",0.381388
plantwild/extracted/plantwild/images/apple scab/google_0167.jpg,Apple___Apple_scab,Corn___Common_rust,0.965347
plantwild/extracted/plantwild/images/apple scab/google_0168.jpg,Apple___Apple_scab,Cherry___healthy,0.660685
plantwild/extracted/plantwild/images/apple scab/google_0169.jpg,Apple___Apple_scab,Cherry___healthy,0.376937
plantwild/extracted/plantwild/images/apple scab/google_0174.jpg,Apple___Apple_scab,Strawberry___Leaf_scorch,0.867494
plantwild/extracted/plantwild/images/apple scab/google_0177.jpg,Apple___Apple_scab,Tomato___Late_blight,0.967035
plantwild/extracted/plantwild/images/apple scab/google_0178.jpg,Apple___Apple_scab,Strawberry___Leaf_scorch,0.867505
plantwild/extracted/plantwild/images/apple scab/google_0183.jpg,Apple___Apple_scab,Strawberry___Leaf_scorch,0.715405
plantwild/extracted/plantwild/images/apple scab/google_0184.jpg,Apple___Apple_scab,Corn___Common_rust,0.697310
plantwild/extracted/plantwild/images/apple scab/google_0187.jpg,Apple___Apple_scab,Strawberry___Leaf_scorch,0.947644
plantwild/extracted/plantwild/images/apple scab/google_0188.jpg,Apple___Apple_scab,Apple___Apple_scab,0.954949
plantwild/extracted/plantwild/images/apple scab/google_0189.jpg,Apple___Apple_scab,Apple___healthy,0.697126
plantwild/extracted/plantwild/images/apple scab/google_0190.jpg,Apple___Apple_scab,Strawberry___Leaf_scorch,0.384330
plantwild/extracted/plantwild/images/apple scab/google_0191.jpg,Apple___Apple_scab,Strawberry___Leaf_scorch,0.888308
plantwild/extracted/plantwild/images/apple scab/google_0192.jpg,Apple___Apple_scab,Tomato___Leaf_Mold,0.650475
plantwild/extracted/plantwild/images/apple scab/google_0193.jpg,Apple___Apple_scab,"Pepper,_bell___healthy",0.782615
plantwild/extracted/plantwild/images/apple scab/google_0194.jpg,Apple___Apple_scab,Tomato___Late_blight,0.808660
plantwild/extracted/plantwild/images/apple scab/google_0195.jpg,Apple___Apple_scab,Apple___Apple_scab,0.317938
plantwild/extracted/plantwild/images/apple scab/google_0196.jpg,Apple___Apple_scab,Strawberry___Leaf_scorch,0.941658
plantwild/extracted/plantwild/images/apple scab/google_0199.jpg,Apple___Apple_scab,Corn___healthy,0.347728
plantwild/extracted/plantwild/images/apple scab/google_0200.jpg,Apple___Apple_scab,"Pepper,_bell___healthy",0.944765
plantwild/extracted/plantwild/images/apple scab/google_0201.jpg,Apple___Apple_scab,Strawberry___Leaf_scorch,0.846274
plantwild/extracted/plantwild/images/apple scab/google_0203.jpg,Apple___Apple_scab,Strawberry___Leaf_scorch,0.888713
plantwild/extracted/plantwild/images/apple scab/google_0204.jpg,Apple___Apple_scab,"Pepper,_bell___healthy",0.897482
plantwild/extracted/plantwild/images/apple scab/google_0205.jpg,Apple___Apple_scab,Cherry___healthy,0.134174
plantwild/extracted/plantwild/images/apple scab/google_0206.jpg,Apple___Apple_scab,Strawberry___Leaf_scorch,0.264332
plantwild/extracted/plantwild/images/apple scab/google_0207.jpg,Apple___Apple_scab,Tomato___Late_blight,0.835970
plantwild/extracted/plantwild/images/apple scab/google_0208.jpg,Apple___Apple_scab,"Pepper,_bell___healthy",0.134041
plantwild/extracted/plantwild/images/apple scab/google_0209.jpg,Apple___Apple_scab,"Pepper,_bell___healthy",0.455320
plantwild/extracted/plantwild/images/apple scab/google_0210.jpg,Apple___Apple_scab,"Pepper,_bell___healthy",0.511769
plantwild/extracted/plantwild/images/apple scab/google_0212.jpg,Apple___Apple_scab,"Pepper,_bell___healthy",0.914939
plantwild/extracted/plantwild/images/apple scab/google_0216.jpg,Apple___Apple_scab,"Pepper,_bell___healthy",0.914680
plantwild/extracted/plantwild/images/apple scab/google_0218.jpg,Apple___Apple_scab,Strawberry___Leaf_scorch,0.750495
plantwild/extracted/plantwild/images/apple scab/google_0219.jpg,Apple___Apple_scab,Tomato___Late_blight,0.971528
plantwild/extracted/plantwild/images/apple scab/google_0222.jpg,Apple___Apple_scab,Cherry___healthy,0.528330
plantwild/extracted/plantwild/images/apple scab/google_0223.jpg,Apple___Apple_scab,"Pepper,_bell___healthy",0.480418
plantwild/extracted/plantwild/images/apple scab/google_0224.jpg,Apple___Apple_scab,Tomato___Late_blight,0.962745
plantwild/extracted/plantwild/images/apple scab/google_0226.jpg,Apple___Apple_scab,Strawberry___Leaf_scorch,0.719372
plantwild/extracted/plantwild/images/apple scab/google_0230.jpg,Apple___Apple_scab,Strawberry___Leaf_scorch,0.380503
plantwild/extracted/plantwild/images/apple scab/google_0232.jpg,Apple___Apple_scab,Strawberry___Leaf_scorch,0.916097
plantwild/extracted/plantwild/images/apple scab/google_0233.jpg,Apple___Apple_scab,"Pepper,_bell___healthy",0.775555
plantwild/extracted/plantwild/images/apple scab/google_0236.jpg,Apple___Apple_scab,Strawberry___Leaf_scorch,0.433181
plantwild/extracted/plantwild/images/apple scab/google_0238.jpg,Apple___Apple_scab,Tomato___Late_blight,0.344678
plantwild/extracted/plantwild/images/apple scab/google_0240.jpg,Apple___Apple_scab,Strawberry___Leaf_scorch,0.872393
plantwild/extracted/plantwild/images/apple scab/google_0244.jpg,Apple___Apple_scab,Tomato___Leaf_Mold,0.350890
plantwild/extracted/plantwild/images/apple scab/google_0245.jpg,Apple___Apple_scab,Tomato___Early_blight,0.783745
plantwild/extracted/plantwild/images/apple scab/google_0247.jpg,Apple___Apple_scab,"Pepper,_bell___healthy",0.930640
plantwild/extracted/plantwild/images/apple scab/google_0249.jpg,Apple___Apple_scab,Strawberry___Leaf_scorch,0.675103
plantwild/extracted/plantwild/images/apple scab/google_0251.jpg,Apple___Apple_scab,Corn___Northern_Leaf_Blight,0.620762
plantwild/extracted/plantwild/images/apple scab/google_0253.jpg,Apple___Apple_scab,Tomato___Early_blight,0.809546
plantwild/extracted/plantwild/images/apple scab/google_0254.jpg,Apple___Apple_scab,"Pepper,_bell___healthy",0.824541
plantwild/extracted/plantwild/images/apple scab/google_0256.jpg,Apple___Apple_scab,Tomato___Early_blight,0.971340
plantwild/extracted/plantwild/images/apple scab/google_0259.jpg,Apple___Apple_scab,"Pepper,_bell___healthy",0.932197
plantwild/extracted/plantwild/images/apple scab/google_0260.jpg,Apple___Apple_scab,Strawberry___Leaf_scorch,0.954518
plantwild/extracted/plantwild/images/apple scab/google_0262.jpg,Apple___Apple_scab,Tomato___Early_blight,0.951290
plantwild/extracted/plantwild/images/apple scab/google_0264.jpg,Apple___Apple_scab,Squash___Powdery_mildew,0.500801
plantwild/extracted/plantwild/images/apple scab/google_0268.jpg,Apple___Apple_scab,Strawberry___Leaf_scorch,0.441978
plantwild/extracted/plantwild/images/apple scab/google_0270.jpg,Apple___Apple_scab,Tomato___Septoria_leaf_spot,0.660888
plantwild/extracted/plantwild/images/apple scab/google_0272.jpg,Apple___Apple_scab,Orange___Haunglongbing_(Citrus_greening),0.911490
plantwild/extracted/plantwild/images/apple scab/google_0273.jpg,Apple___Apple_scab,Tomato___Early_blight,0.775593
plantwild/extracted/plantwild/images/apple scab/google_0274.jpg,Apple___Apple_scab,Strawberry___Leaf_scorch,0.874944
plantwild/extracted/plantwild/images/apple scab/google_0281.jpg,Apple___Apple_scab,Peach___Bacterial_spot,0.223928
plantwild/extracted/plantwild/images/apple scab/google_0283.jpg,Apple___Apple_scab,Squash___Powdery_mildew,0.386759
plantwild/extracted/plantwild/images/apple scab/google_0284.jpg,Apple___Apple_scab,"Pepper,_bell___healthy",0.854686
plantwild/extracted/plantwild/images/apple scab/google_0285.jpg,Apple___Apple_scab,Strawberry___Leaf_scorch,0.940128
plantwild/extracted/plantwild/images/apple scab/google_0287.jpg,Apple___Apple_scab,"Pepper,_bell___healthy",0.817265
plantwild/extracted/plantwild/images/apple scab/google_0288.jpg,Apple___Apple_scab,Strawberry___Leaf_scorch,0.956576
plantwild/extracted/plantwild/images/apple scab/google_0289.jpg,Apple___Apple_scab,Tomato___Early_blight,0.822662
plantwild/extracted/plantwild/images/apple scab/google_0291.jpg,Apple___Apple_scab,"Pepper,_bell___healthy",0.830137
plantwild/extracted/plantwild/images/apple scab/google_0294.jpg,Apple___Apple_scab,"Pepper,_bell___healthy",0.927920
plantwild/extracted/plantwild/images/apple scab/google_0295.jpg,Apple___Apple_scab,Tomato___Late_blight,0.962804
plantwild/extracted/plantwild/images/apple scab/google_0296.jpg,Apple___Apple_scab,Tomato___Early_blight,0.928943
plantwild/extracted/plantwild/images/apple scab/google_0297.jpg,Apple___Apple_scab,Tomato___Late_blight,0.959880
plantwild/extracted/plantwild/images/apple scab/google_0298.jpg,Apple___Apple_scab,Tomato___Early_blight,0.918406
plantwild/extracted/plantwild/images/apple scab/google_0300.jpg,Apple___Apple_scab,"Pepper,_bell___Bacterial_spot",0.486322
plantwild/extracted/plantwild/images/apple scab/google_0301.jpg,Apple___Apple_scab,Strawberry___Leaf_scorch,0.618372
plantwild/extracted/plantwild/images/apple scab/google_0302.jpg,Apple___Apple_scab,Strawberry___Leaf_scorch,0.275007
plantwild/extracted/plantwild/images/apple scab/google_0304.jpg,Apple___Apple_scab,"Pepper,_bell___healthy",0.504812
plantwild/extracted/plantwild/images/apple scab/google_0305.jpg,Apple___Apple_scab,Peach___Bacterial_spot,0.612999
plantwild/extracted/plantwild/images/apple scab/google_0306.jpg,Apple___Apple_scab,"Pepper,_bell___healthy",0.657988
plantwild/extracted/plantwild/images/apple scab/google_0310.jpg,Apple___Apple_scab,Strawberry___Leaf_scorch,0.945696
plantwild/extracted/plantwild/images/apple scab/google_0312.jpg,Apple___Apple_scab,Strawberry___Leaf_scorch,0.699444
plantwild/extracted/plantwild/images/apple scab/google_0315.jpg,Apple___Apple_scab,Corn___Common_rust,0.959250
plantwild/extracted/plantwild/images/apple scab/google_0316.jpg,Apple___Apple_scab,Strawberry___Leaf_scorch,0.883093
plantwild/extracted/plantwild/images/apple scab/google_0317.jpg,Apple___Apple_scab,Strawberry___Leaf_scorch,0.920180
plantwild/extracted/plantwild/images/apple scab/google_0318.jpg,Apple___Apple_scab,Blueberry___healthy,0.505983
plantwild/extracted/plantwild/images/apple scab/google_0319.jpg,Apple___Apple_scab,"Pepper,_bell___healthy",0.623629
plantwild/extracted/plantwild/images/apple scab/google_0320.jpg,Apple___Apple_scab,Blueberry___healthy,0.548429
plantwild/extracted/plantwild/images/apple scab/google_0323.jpg,Apple___Apple_scab,Tomato___Late_blight,0.836028
plantwild/extracted/plantwild/images/apple scab/google_0325.jpg,Apple___Apple_scab,Apple___Apple_scab,0.400864
plantwild/extracted/plantwild/images/apple scab/google_0330.jpg,Apple___Apple_scab,"Pepper,_bell___healthy",0.791611
plantwild/extracted/plantwild/images/apple scab/google_0331.jpg,Apple___Apple_scab,Tomato___Early_blight,0.963925
plantwild/extracted/plantwild/images/apple scab/google_0332.jpg,Apple___Apple_scab,Tomato___Late_blight,0.968205
plantwild/extracted/plantwild/images/apple scab/google_0333.jpg,Apple___Apple_scab,"Pepper,_bell___healthy",0.865212
plantwild/extracted/plantwild/images/apple scab/google_0334.jpg,Apple___Apple_scab,"Pepper,_bell___healthy",0.887721
plantwild/extracted/plantwild/images/bell pepper leaf/1.jpg,"Pepper,_bell___healthy","Pepper,_bell___healthy",0.392058
plantwild/extracted/plantwild/images/bell pepper leaf/10.jpg,"Pepper,_bell___healthy",Blueberry___healthy,0.391250
plantwild/extracted/plantwild/images/bell pepper leaf/101.jpg,"Pepper,_bell___healthy",Tomato___Tomato_Yellow_Leaf_Curl_Virus,0.526706
plantwild/extracted/plantwild/images/bell pepper leaf/105.jpg,"Pepper,_bell___healthy",Blueberry___healthy,0.886540
plantwild/extracted/plantwild/images/bell pepper leaf/108.jpg,"Pepper,_bell___healthy","Pepper,_bell___healthy",0.520695
plantwild/extracted/plantwild/images/bell pepper leaf/109.jpg,"Pepper,_bell___healthy",Tomato___healthy,0.313167
plantwild/extracted/plantwild/images/bell pepper leaf/11.jpg,"Pepper,_bell___healthy",Corn___healthy,0.947657
plantwild/extracted/plantwild/images/bell pepper leaf/110.jpg,"Pepper,_bell___healthy","Pepper,_bell___healthy",0.948167
plantwild/extracted/plantwild/images/bell pepper leaf/12.jpg,"Pepper,_bell___healthy","Pepper,_bell___healthy",0.756630
plantwild/extracted/plantwild/images/bell pepper leaf/123.jpg,"Pepper,_bell___healthy",Cherry___healthy,0.441287
plantwild/extracted/plantwild/images/bell pepper leaf/125.jpg,"Pepper,_bell___healthy",Tomato___Early_blight,0.883069
plantwild/extracted/plantwild/images/bell pepper leaf/13.jpg,"Pepper,_bell___healthy","Pepper,_bell___healthy",0.910215
plantwild/extracted/plantwild/images/bell pepper leaf/14.jpg,"Pepper,_bell___healthy","Pepper,_bell___healthy",0.907724
plantwild/extracted/plantwild/images/bell pepper leaf/143.jpg,"Pepper,_bell___healthy","Pepper,_bell___healthy",0.903019
plantwild/extracted/plantwild/images/bell pepper leaf/15.jpg,"Pepper,_bell___healthy",Corn___healthy,0.681717
plantwild/extracted/plantwild/images/bell pepper leaf/152.jpg,"Pepper,_bell___healthy",Tomato___Late_blight,0.249377
plantwild/extracted/plantwild/images/bell pepper leaf/153.jpg,"Pepper,_bell___healthy","Pepper,_bell___healthy",0.817974
plantwild/extracted/plantwild/images/bell pepper leaf/154.jpg,"Pepper,_bell___healthy","Pepper,_bell___healthy",0.917426
plantwild/extracted/plantwild/images/bell pepper leaf/155.jpg,"Pepper,_bell___healthy","Pepper,_bell___healthy",0.895791
plantwild/extracted/plantwild/images/bell pepper leaf/156.jpg,"Pepper,_bell___healthy","Pepper,_bell___healthy",0.725735
plantwild/extracted/plantwild/images/bell pepper leaf/157.jpg,"Pepper,_bell___healthy",Cherry___healthy,0.473976
plantwild/extracted/plantwild/images/bell pepper leaf/158.jpg,"Pepper,_bell___healthy",Blueberry___healthy,0.919879
plantwild/extracted/plantwild/images/bell pepper leaf/159.jpg,"Pepper,_bell___healthy",Tomato___Early_blight,0.943829
plantwild/extracted/plantwild/images/bell pepper leaf/16.jpg,"Pepper,_bell___healthy","Pepper,_bell___healthy",0.903355
plantwild/extracted/plantwild/images/bell pepper leaf/160.jpg,"Pepper,_bell___healthy",Tomato___Early_blight,0.938378
plantwild/extracted/plantwild/images/bell pepper leaf/161.jpg,"Pepper,_bell___healthy","Pepper,_bell___healthy",0.942510
plantwild/extracted/plantwild/images/bell pepper leaf/162.jpg,"Pepper,_bell___healthy",Blueberry___healthy,0.752462
plantwild/extracted/plantwild/images/bell pepper leaf/163.jpg,"Pepper,_bell___healthy","Pepper,_bell___healthy",0.790706
plantwild/extracted/plantwild/images/bell pepper leaf/167.jpg,"Pepper,_bell___healthy","Pepper,_bell___healthy",0.863745
plantwild/extracted/plantwild/images/bell pepper leaf/168.jpg,"Pepper,_bell___healthy","Pepper,_bell___healthy",0.962400
plantwild/extracted/plantwild/images/bell pepper leaf/17.jpg,"Pepper,_bell___healthy","Pepper,_bell___healthy",0.917969
plantwild/extracted/plantwild/images/bell pepper leaf/170.jpg,"Pepper,_bell___healthy",Cherry___healthy,0.958611
plantwild/extracted/plantwild/images/bell pepper leaf/171.jpg,"Pepper,_bell___healthy","Pepper,_bell___healthy",0.920214
plantwild/extracted/plantwild/images/bell pepper leaf/173.jpg,"Pepper,_bell___healthy",Tomato___Late_blight,0.956961
plantwild/extracted/plantwild/images/bell pepper leaf/174.jpg,"Pepper,_bell___healthy","Pepper,_bell___healthy",0.871925
plantwild/extracted/plantwild/images/bell pepper leaf/175.jpg,"Pepper,_bell___healthy","Pepper,_bell___healthy",0.745019
plantwild/extracted/plantwild/images/bell pepper leaf/177.jpg,"Pepper,_bell___healthy","Pepper,_bell___healthy",0.915099
plantwild/extracted/plantwild/images/bell pepper leaf/179.jpg,"Pepper,_bell___healthy","Pepper,_bell___healthy",0.936021
plantwild/extracted/plantwild/images/bell pepper leaf/18.jpg,"Pepper,_bell___healthy","Pepper,_bell___healthy",0.962119
plantwild/extracted/plantwild/images/bell pepper leaf/180.jpg,"Pepper,_bell___healthy",Cherry___healthy,0.956723
plantwild/extracted/plantwild/images/bell pepper leaf/185.jpg,"Pepper,_bell___healthy","Pepper,_bell___healthy",0.951626
plantwild/extracted/plantwild/images/bell pepper leaf/186.jpg,"Pepper,_bell___healthy","Pepper,_bell___healthy",0.961606
plantwild/extracted/plantwild/images/bell pepper leaf/189.jpg,"Pepper,_bell___healthy","Pepper,_bell___healthy",0.956733
plantwild/extracted/plantwild/images/bell pepper leaf/19.jpg,"Pepper,_bell___healthy","Pepper,_bell___healthy",0.961067
plantwild/extracted/plantwild/images/bell pepper leaf/190.jpg,"Pepper,_bell___healthy","Pepper,_bell___healthy",0.954013
plantwild/extracted/plantwild/images/bell pepper leaf/197.jpg,"Pepper,_bell___healthy","Pepper,_bell___healthy",0.902473
plantwild/extracted/plantwild/images/bell pepper leaf/198.jpg,"Pepper,_bell___healthy","Pepper,_bell___healthy",0.713273
plantwild/extracted/plantwild/images/bell pepper leaf/2.jpg,"Pepper,_bell___healthy","Pepper,_bell___healthy",0.870901
plantwild/extracted/plantwild/images/bell pepper leaf/20.jpg,"Pepper,_bell___healthy","Pepper,_bell___healthy",0.820014
plantwild/extracted/plantwild/images/bell pepper leaf/205.jpg,"Pepper,_bell___healthy","Pepper,_bell___healthy",0.934757
plantwild/extracted/plantwild/images/bell pepper leaf/206.jpg,"Pepper,_bell___healthy","Pepper,_bell___healthy",0.397907
plantwild/extracted/plantwild/images/bell pepper leaf/207.jpg,"Pepper,_bell___healthy","Pepper,_bell___healthy",0.905568
plantwild/extracted/plantwild/images/bell pepper leaf/208.jpg,"Pepper,_bell___healthy","Pepper,_bell___healthy",0.748702
plantwild/extracted/plantwild/images/bell pepper leaf/21.jpg,"Pepper,_bell___healthy","Pepper,_bell___healthy",0.948222
plantwild/extracted/plantwild/images/bell pepper leaf/210.jpg,"Pepper,_bell___healthy","Pepper,_bell___healthy",0.946654
plantwild/extracted/plantwild/images/bell pepper leaf/212.jpg,"Pepper,_bell___healthy",Cherry___healthy,0.416072
plantwild/extracted/plantwild/images/bell pepper leaf/213.jpg,"Pepper,_bell___healthy","Pepper,_bell___healthy",0.919583
plantwild/extracted/plantwild/images/bell pepper leaf/214.jpg,"Pepper,_bell___healthy","Pepper,_bell___healthy",0.940402
plantwild/extracted/plantwild/images/bell pepper leaf/216.jpg,"Pepper,_bell___healthy","Pepper,_bell___healthy",0.961839
plantwild/extracted/plantwild/images/bell pepper leaf/219.jpg,"Pepper,_bell___healthy",Strawberry___Leaf_scorch,0.812358
plantwild/extracted/plantwild/images/bell pepper leaf/22.jpg,"Pepper,_bell___healthy","Pepper,_bell___healthy",0.685677
plantwild/extracted/plantwild/images/bell pepper leaf/222.jpg,"Pepper,_bell___healthy","Pepper,_bell___healthy",0.342433
plantwild/extracted/plantwild/images/bell pepper leaf/227.jpg,"Pepper,_bell___healthy","Pepper,_bell___healthy",0.706962
plantwild/extracted/plantwild/images/bell pepper leaf/228.jpg,"Pepper,_bell___healthy","Pepper,_bell___healthy",0.936671
plantwild/extracted/plantwild/images/bell pepper leaf/23.jpg,"Pepper,_bell___healthy","Pepper,_bell___healthy",0.916734
plantwild/extracted/plantwild/images/bell pepper leaf/230.jpg,"Pepper,_bell___healthy","Pepper,_bell___healthy",0.968792
plantwild/extracted/plantwild/images/bell pepper leaf/233.jpg,"Pepper,_bell___healthy","Pepper,_bell___healthy",0.967785
plantwild/extracted/plantwild/images/bell pepper leaf/235.jpg,"Pepper,_bell___healthy",Corn___healthy,0.965700
plantwild/extracted/plantwild/images/bell pepper leaf/237.jpg,"Pepper,_bell___healthy","Pepper,_bell___healthy",0.933007
plantwild/extracted/plantwild/images/bell pepper leaf/24.jpg,"Pepper,_bell___healthy","Pepper,_bell___healthy",0.776875
plantwild/extracted/plantwild/images/bell pepper leaf/241.jpg,"Pepper,_bell___healthy",Corn___healthy,0.380186
plantwild/extracted/plantwild/images/bell pepper leaf/242.jpg,"Pepper,_bell___healthy","Pepper,_bell___healthy",0.906052
plantwild/extracted/plantwild/images/bell pepper leaf/243.jpg,"Pepper,_bell___healthy","Pepper,_bell___healthy",0.791328
plantwild/extracted/plantwild/images/bell pepper leaf/244.jpg,"Pepper,_bell___healthy","Pepper,_bell___healthy",0.917243
plantwild/extracted/plantwild/images/bell pepper leaf/245.jpg,"Pepper,_bell___healthy","Pepper,_bell___healthy",0.940103
plantwild/extracted/plantwild/images/bell pepper leaf/248.jpg,"Pepper,_bell___healthy","Pepper,_bell___healthy",0.956506
plantwild/extracted/plantwild/images/bell pepper leaf/25.jpg,"Pepper,_bell___healthy","Pepper,_bell___healthy",0.844993
plantwild/extracted/plantwild/images/bell pepper leaf/253.jpg,"Pepper,_bell___healthy","Pepper,_bell___healthy",0.876936
plantwild/extracted/plantwild/images/bell pepper leaf/257.jpg,"Pepper,_bell___healthy",Tomato___Late_blight,0.967957
plantwild/extracted/plantwild/images/bell pepper leaf/258.jpg,"Pepper,_bell___healthy","Pepper,_bell___healthy",0.962643
plantwild/extracted/plantwild/images/bell pepper leaf/259.jpg,"Pepper,_bell___healthy",Corn___healthy,0.421868
plantwild/extracted/plantwild/images/bell pepper leaf/26.jpg,"Pepper,_bell___healthy",Corn___healthy,0.746541
plantwild/extracted/plantwild/images/bell pepper leaf/260.jpg,"Pepper,_bell___healthy","Pepper,_bell___healthy",0.937915
plantwild/extracted/plantwild/images/bell pepper leaf/262.jpg,"Pepper,_bell___healthy","Pepper,_bell___healthy",0.962438
plantwild/extracted/plantwild/images/bell pepper leaf/266.jpg,"Pepper,_bell___healthy","Pepper,_bell___healthy",0.894642
plantwild/extracted/plantwild/images/bell pepper leaf/267.jpg,"Pepper,_bell___healthy","Pepper,_bell___healthy",0.825100
plantwild/extracted/plantwild/images/bell pepper leaf/27.jpg,"Pepper,_bell___healthy","Pepper,_bell___healthy",0.695332
plantwild/extracted/plantwild/images/bell pepper leaf/271.jpg,"Pepper,_bell___healthy",Strawberry___Leaf_scorch,0.708276
plantwild/extracted/plantwild/images/bell pepper leaf/272.jpg,"Pepper,_bell___healthy","Pepper,_bell___healthy",0.519347
plantwild/extracted/plantwild/images/bell pepper leaf/273.jpg,"Pepper,_bell___healthy","Pepper,_bell___healthy",0.923895
plantwild/extracted/plantwild/images/bell pepper leaf/275.jpg,"Pepper,_bell___healthy","Pepper,_bell___healthy",0.905997
plantwild/extracted/plantwild/images/bell pepper leaf/277.jpg,"Pepper,_bell___healthy","Pepper,_bell___healthy",0.761548
plantwild/extracted/plantwild/images/bell pepper leaf/278.jpg,"Pepper,_bell___healthy","Pepper,_bell___healthy",0.953569
plantwild/extracted/plantwild/images/bell pepper leaf/29.jpg,"Pepper,_bell___healthy","Pepper,_bell___healthy",0.956334
plantwild/extracted/plantwild/images/bell pepper leaf/3.jpg,"Pepper,_bell___healthy","Pepper,_bell___healthy",0.908724
plantwild/extracted/plantwild/images/bell pepper leaf/31.jpg,"Pepper,_bell___healthy","Pepper,_bell___healthy",0.925105
plantwild/extracted/plantwild/images/bell pepper leaf/32.jpg,"Pepper,_bell___healthy","Pepper,_bell___healthy",0.807209
plantwild/extracted/plantwild/images/bell pepper leaf/33.jpg,"Pepper,_bell___healthy","Pepper,_bell___healthy",0.947751
plantwild/extracted/plantwild/images/bell pepper leaf/34.jpg,"Pepper,_bell___healthy","Pepper,_bell___healthy",0.865748
plantwild/extracted/plantwild/images/bell pepper leaf/35.jpg,"Pepper,_bell___healthy","Pepper,_bell___healthy",0.933828
plantwild/extracted/plantwild/images/bell pepper leaf/36.jpg,"Pepper,_bell___healthy",Cherry___healthy,0.736452
plantwild/extracted/plantwild/images/bell pepper leaf/37.jpg,"Pepper,_bell___healthy","Pepper,_bell___healthy",0.876394
plantwild/extracted/plantwild/images/bell pepper leaf/38.jpg,"Pepper,_bell___healthy","Pepper,_bell___healthy",0.826182
plantwild/extracted/plantwild/images/bell pepper leaf/39.jpg,"Pepper,_bell___healthy",Tomato___Early_blight,0.568559
plantwild/extracted/plantwild/images/bell pepper leaf/4.jpg,"Pepper,_bell___healthy",Cherry___healthy,0.916271
plantwild/extracted/plantwild/images/bell pepper leaf/40 - Copy (2).jpg,"Pepper,_bell___healthy","Pepper,_bell___healthy",0.585737
plantwild/extracted/plantwild/images/bell pepper leaf/40 - Copy (3).jpg,"Pepper,_bell___healthy",Strawberry___Leaf_scorch,0.612478
plantwild/extracted/plantwild/images/bell pepper leaf/40 - Copy.jpg,"Pepper,_bell___healthy",Cherry___healthy,0.362773
plantwild/extracted/plantwild/images/bell pepper leaf/40.jpg,"Pepper,_bell___healthy","Pepper,_bell___healthy",0.411922
plantwild/extracted/plantwild/images/bell pepper leaf/41.jpg,"Pepper,_bell___healthy","Pepper,_bell___healthy",0.469393
plantwild/extracted/plantwild/images/bell pepper leaf/42.jpg,"Pepper,_bell___healthy","Pepper,_bell___healthy",0.805006
plantwild/extracted/plantwild/images/bell pepper leaf/44.jpg,"Pepper,_bell___healthy","Pepper,_bell___healthy",0.612075
plantwild/extracted/plantwild/images/bell pepper leaf/45.jpg,"Pepper,_bell___healthy",Squash___Powdery_mildew,0.377724
plantwild/extracted/plantwild/images/bell pepper leaf/46.jpg,"Pepper,_bell___healthy","Pepper,_bell___healthy",0.799414
plantwild/extracted/plantwild/images/bell pepper leaf/47.jpg,"Pepper,_bell___healthy",Strawberry___Leaf_scorch,0.478262
plantwild/extracted/plantwild/images/bell pepper leaf/49.jpg,"Pepper,_bell___healthy","Pepper,_bell___healthy",0.965804
plantwild/extracted/plantwild/images/bell pepper leaf/5.jpg,"Pepper,_bell___healthy","Pepper,_bell___healthy",0.957656
plantwild/extracted/plantwild/images/bell pepper leaf/50.jpg,"Pepper,_bell___healthy","Pepper,_bell___healthy",0.813077
plantwild/extracted/plantwild/images/bell pepper leaf/51.jpg,"Pepper,_bell___healthy","Pepper,_bell___healthy",0.785315
plantwild/extracted/plantwild/images/bell pepper leaf/52.jpg,"Pepper,_bell___healthy","Pepper,_bell___healthy",0.474812
plantwild/extracted/plantwild/images/bell pepper leaf/53.jpg,"Pepper,_bell___healthy","Pepper,_bell___healthy",0.934160
plantwild/extracted/plantwild/images/bell pepper leaf/54.jpg,"Pepper,_bell___healthy","Pepper,_bell___healthy",0.772080
plantwild/extracted/plantwild/images/bell pepper leaf/56.jpg,"Pepper,_bell___healthy","Pepper,_bell___healthy",0.883671
plantwild/extracted/plantwild/images/bell pepper leaf/58.jpg,"Pepper,_bell___healthy","Pepper,_bell___healthy",0.855965
plantwild/extracted/plantwild/images/bell pepper leaf/6.jpg,"Pepper,_bell___healthy","Pepper,_bell___healthy",0.679938
plantwild/extracted/plantwild/images/bell pepper leaf/60.jpg,"Pepper,_bell___healthy","Pepper,_bell___healthy",0.868745
plantwild/extracted/plantwild/images/bell pepper leaf/61.jpg,"Pepper,_bell___healthy","Pepper,_bell___healthy",0.940928
plantwild/extracted/plantwild/images/bell pepper leaf/63.jpg,"Pepper,_bell___healthy","Pepper,_bell___healthy",0.943569
plantwild/extracted/plantwild/images/bell pepper leaf/65.jpg,"Pepper,_bell___healthy","Pepper,_bell___healthy",0.907805
plantwild/extracted/plantwild/images/bell pepper leaf/66.jpg,"Pepper,_bell___healthy","Pepper,_bell___healthy",0.953740
plantwild/extracted/plantwild/images/bell pepper leaf/68.jpg,"Pepper,_bell___healthy","Pepper,_bell___healthy",0.966519
plantwild/extracted/plantwild/images/bell pepper leaf/69.jpg,"Pepper,_bell___healthy",Cherry___healthy,0.591400
plantwild/extracted/plantwild/images/bell pepper leaf/7.jpg,"Pepper,_bell___healthy",Corn___healthy,0.911744
plantwild/extracted/plantwild/images/bell pepper leaf/70 - Copy (2).jpg,"Pepper,_bell___healthy",Tomato___Late_blight,0.904155
plantwild/extracted/plantwild/images/bell pepper leaf/70 - Copy (3).jpg,"Pepper,_bell___healthy",Strawberry___Leaf_scorch,0.368009
plantwild/extracted/plantwild/images/bell pepper leaf/70 - Copy.jpg,"Pepper,_bell___healthy",Squash___Powdery_mildew,0.588399
plantwild/extracted/plantwild/images/bell pepper leaf/70.jpg,"Pepper,_bell___healthy",Tomato___Late_blight,0.822087
plantwild/extracted/plantwild/images/bell pepper leaf/72.jpg,"Pepper,_bell___healthy","Pepper,_bell___healthy",0.965578
plantwild/extracted/plantwild/images/bell pepper leaf/73.jpg,"Pepper,_bell___healthy","Pepper,_bell___healthy",0.964880
plantwild/extracted/plantwild/images/bell pepper leaf/75.jpg,"Pepper,_bell___healthy","Pepper,_bell___healthy",0.622577
plantwild/extracted/plantwild/images/bell pepper leaf/78.jpg,"Pepper,_bell___healthy","Pepper,_bell___healthy",0.827766
plantwild/extracted/plantwild/images/bell pepper leaf/79.jpg,"Pepper,_bell___healthy",Cherry___healthy,0.343632
plantwild/extracted/plantwild/images/bell pepper leaf/8.jpg,"Pepper,_bell___healthy","Pepper,_bell___healthy",0.946840
plantwild/extracted/plantwild/images/bell pepper leaf/81.jpg,"Pepper,_bell___healthy",Tomato___Late_blight,0.648079
plantwild/extracted/plantwild/images/bell pepper leaf/82.jpg,"Pepper,_bell___healthy","Pepper,_bell___healthy",0.498004
plantwild/extracted/plantwild/images/bell pepper leaf/83.jpg,"Pepper,_bell___healthy","Pepper,_bell___healthy",0.948374
plantwild/extracted/plantwild/images/bell pepper leaf/84.jpg,"Pepper,_bell___healthy","Pepper,_bell___healthy",0.820122
plantwild/extracted/plantwild/images/bell pepper leaf/85.jpg,"Pepper,_bell___healthy","Pepper,_bell___healthy",0.933340
plantwild/extracted/plantwild/images/bell pepper leaf/9.jpg,"Pepper,_bell___healthy","Pepper,_bell___healthy",0.917221
plantwild/extracted/plantwild/images/bell pepper leaf/90.jpg,"Pepper,_bell___healthy",Blueberry___healthy,0.544656
plantwild/extracted/plantwild/images/bell pepper leaf/91.jpg,"Pepper,_bell___healthy","Pepper,_bell___healthy",0.967955
plantwild/extracted/plantwild/images/bell pepper leaf/93.jpg,"Pepper,_bell___healthy",Tomato___healthy,0.389694
plantwild/extracted/plantwild/images/bell pepper leaf/96.jpg,"Pepper,_bell___healthy","Pepper,_bell___healthy",0.964082
plantwild/extracted/plantwild/images/bell pepper leaf/97.jpg,"Pepper,_bell___healthy",Blueberry___healthy,0.456493
plantwild/extracted/plantwild/images/bell pepper leaf/99.jpg,"Pepper,_bell___healthy",Tomato___Tomato_Yellow_Leaf_Curl_Virus,0.515175
plantwild/extracted/plantwild/images/bell pepper leaf/google_0000.jpg,"Pepper,_bell___healthy",Blueberry___healthy,0.922506
plantwild/extracted/plantwild/images/bell pepper leaf/google_0001.jpg,"Pepper,_bell___healthy","Pepper,_bell___healthy",0.965042
plantwild/extracted/plantwild/images/bell pepper leaf/google_0002.jpg,"Pepper,_bell___healthy",Tomato___Late_blight,0.273523
plantwild/extracted/plantwild/images/bell pepper leaf/google_0003.jpg,"Pepper,_bell___healthy","Pepper,_bell___healthy",0.905435
plantwild/extracted/plantwild/images/bell pepper leaf/google_0004.jpg,"Pepper,_bell___healthy","Pepper,_bell___healthy",0.783460
plantwild/extracted/plantwild/images/bell pepper leaf/google_0006.jpg,"Pepper,_bell___healthy","Pepper,_bell___healthy",0.952057
plantwild/extracted/plantwild/images/bell pepper leaf/google_0007.jpg,"Pepper,_bell___healthy","Pepper,_bell___healthy",0.969784
plantwild/extracted/plantwild/images/bell pepper leaf/google_0012.jpg,"Pepper,_bell___healthy","Pepper,_bell___healthy",0.958390
plantwild/extracted/plantwild/images/bell pepper leaf/google_0013.jpg,"Pepper,_bell___healthy","Pepper,_bell___healthy",0.964006
plantwild/extracted/plantwild/images/bell pepper leaf/google_0014.jpg,"Pepper,_bell___healthy","Pepper,_bell___healthy",0.952720
plantwild/extracted/plantwild/images/bell pepper leaf/google_0015.jpg,"Pepper,_bell___healthy","Pepper,_bell___healthy",0.971847
plantwild/extracted/plantwild/images/bell pepper leaf/google_0016.jpg,"Pepper,_bell___healthy","Pepper,_bell___healthy",0.908351
plantwild/extracted/plantwild/images/bell pepper leaf/google_0017.jpg,"Pepper,_bell___healthy",Blueberry___healthy,0.951445
plantwild/extracted/plantwild/images/bell pepper leaf/google_0024.jpg,"Pepper,_bell___healthy",Strawberry___Leaf_scorch,0.706408
plantwild/extracted/plantwild/images/bell pepper leaf/google_0026.jpg,"Pepper,_bell___healthy",Cherry___healthy,0.386928
plantwild/extracted/plantwild/images/bell pepper leaf/google_0027.jpg,"Pepper,_bell___healthy","Pepper,_bell___healthy",0.937820
plantwild/extracted/plantwild/images/bell pepper leaf/google_0032.jpg,"Pepper,_bell___healthy","Pepper,_bell___healthy",0.924385
plantwild/extracted/plantwild/images/bell pepper leaf/google_0044.jpg,"Pepper,_bell___healthy","Pepper,_bell___healthy",0.961597
plantwild/extracted/plantwild/images/bell pepper leaf/google_0053.jpg,"Pepper,_bell___healthy","Pepper,_bell___healthy",0.966350
plantwild/extracted/plantwild/images/bell pepper leaf/google_0055.jpg,"Pepper,_bell___healthy","Pepper,_bell___healthy",0.884676
plantwild/extracted/plantwild/images/bell pepper leaf/google_0057.jpg,"Pepper,_bell___healthy","Pepper,_bell___healthy",0.851814
plantwild/extracted/plantwild/images/bell pepper leaf/google_0059.jpg,"Pepper,_bell___healthy","Pepper,_bell___healthy",0.739210
plantwild/extracted/plantwild/images/bell pepper leaf/google_0064.jpg,"Pepper,_bell___healthy",Squash___Powdery_mildew,0.437918
plantwild/extracted/plantwild/images/bell pepper leaf/google_0066.jpg,"Pepper,_bell___healthy","Pepper,_bell___healthy",0.840454
plantwild/extracted/plantwild/images/bell pepper leaf/google_0067.jpg,"Pepper,_bell___healthy","Pepper,_bell___healthy",0.967557
plantwild/extracted/plantwild/images/bell pepper leaf/google_0068.jpg,"Pepper,_bell___healthy",Corn___healthy,0.950601
plantwild/extracted/plantwild/images/bell pepper leaf/google_0070.jpg,"Pepper,_bell___healthy","Pepper,_bell___healthy",0.497310
plantwild/extracted/plantwild/images/bell pepper leaf/google_0072.jpg,"Pepper,_bell___healthy","Pepper,_bell___healthy",0.906191
plantwild/extracted/plantwild/images/bell pepper leaf/google_0075.jpg,"Pepper,_bell___healthy","Pepper,_bell___healthy",0.919480
plantwild/extracted/plantwild/images/bell pepper leaf/google_0081.jpg,"Pepper,_bell___healthy","Pepper,_bell___healthy",0.877054
plantwild/extracted/plantwild/images/bell pepper leaf/google_0083.jpg,"Pepper,_bell___healthy","Pepper,_bell___healthy",0.638939
plantwild/extracted/plantwild/images/bell pepper leaf/google_0084.jpg,"Pepper,_bell___healthy","Pepper,_bell___healthy",0.955973
plantwild/extracted/plantwild/images/bell pepper leaf/google_0085.jpg,"Pepper,_bell___healthy",Cherry___healthy,0.888546
plantwild/extracted/plantwild/images/bell pepper leaf/google_0088.jpg,"Pepper,_bell___healthy","Pepper,_bell___healthy",0.926736
plantwild/extracted/plantwild/images/bell pepper leaf/google_0091.jpg,"Pepper,_bell___healthy","Pepper,_bell___healthy",0.969728
plantwild/extracted/plantwild/images/bell pepper leaf/google_0094.jpg,"Pepper,_bell___healthy","Pepper,_bell___healthy",0.925532
plantwild/extracted/plantwild/images/bell pepper leaf/google_0096.jpg,"Pepper,_bell___healthy","Pepper,_bell___healthy",0.392883
plantwild/extracted/plantwild/images/bell pepper leaf/google_0097.jpg,"Pepper,_bell___healthy","Pepper,_bell___healthy",0.962914
plantwild/extracted/plantwild/images/bell pepper leaf/google_0098.jpg,"Pepper,_bell___healthy","Pepper,_bell___healthy",0.879332
plantwild/extracted/plantwild/images/bell pepper leaf/google_0099.jpg,"Pepper,_bell___healthy",Tomato___Early_blight,0.455882
plantwild/extracted/plantwild/images/bell pepper leaf/google_0101.jpg,"Pepper,_bell___healthy","Pepper,_bell___healthy",0.970309
plantwild/extracted/plantwild/images/bell pepper leaf/google_0102.jpg,"Pepper,_bell___healthy","Pepper,_bell___healthy",0.553769
plantwild/extracted/plantwild/images/bell pepper leaf/google_0104.jpg,"Pepper,_bell___healthy","Pepper,_bell___healthy",0.556789
plantwild/extracted/plantwild/images/bell pepper leaf/google_0105.jpg,"Pepper,_bell___healthy",Cherry___healthy,0.846619
plantwild/extracted/plantwild/images/bell pepper leaf/google_0108.jpg,"Pepper,_bell___healthy","Pepper,_bell___healthy",0.294192
plantwild/extracted/plantwild/images/bell pepper leaf/google_0110.jpg,"Pepper,_bell___healthy",Blueberry___healthy,0.567307
plantwild/extracted/plantwild/images/bell pepper leaf/google_0112.jpg,"Pepper,_bell___healthy",Blueberry___healthy,0.659292
plantwild/extracted/plantwild/images/bell pepper leaf/google_0115.jpg,"Pepper,_bell___healthy",Corn___healthy,0.966823
plantwild/extracted/plantwild/images/bell pepper leaf/google_0117.jpg,"Pepper,_bell___healthy",Strawberry___Leaf_scorch,0.310334
plantwild/extracted/plantwild/images/bell pepper leaf/google_0119.jpg,"Pepper,_bell___healthy",Squash___Powdery_mildew,0.408006
plantwild/extracted/plantwild/images/bell pepper leaf/google_0131.jpg,"Pepper,_bell___healthy","Pepper,_bell___healthy",0.945644
plantwild/extracted/plantwild/images/bell pepper leaf/google_0133.jpg,"Pepper,_bell___healthy","Pepper,_bell___healthy",0.938156
plantwild/extracted/plantwild/images/bell pepper leaf/google_0135.jpg,"Pepper,_bell___healthy",Cherry___healthy,0.602776
plantwild/extracted/plantwild/images/bell pepper leaf/google_0140.jpg,"Pepper,_bell___healthy","Pepper,_bell___healthy",0.834478
plantwild/extracted/plantwild/images/bell pepper leaf/google_0141.jpg,"Pepper,_bell___healthy","Pepper,_bell___healthy",0.867497
plantwild/extracted/plantwild/images/bell pepper leaf/google_0156.jpg,"Pepper,_bell___healthy","Pepper,_bell___healthy",0.960718
plantwild/extracted/plantwild/images/bell pepper leaf/google_0157.jpg,"Pepper,_bell___healthy","Pepper,_bell___healthy",0.939998
plantwild/extracted/plantwild/images/bell pepper leaf/google_0159.jpg,"Pepper,_bell___healthy","Pepper,_bell___healthy",0.962838
plantwild/extracted/plantwild/images/bell pepper leaf/google_0161.jpg,"Pepper,_bell___healthy","Pepper,_bell___healthy",0.838631
plantwild/extracted/plantwild/images/bell pepper leaf/google_0172.jpg,"Pepper,_bell___healthy","Pepper,_bell___healthy",0.957857
plantwild/extracted/plantwild/images/bell pepper leaf/google_0174.jpg,"Pepper,_bell___healthy","Pepper,_bell___healthy",0.913567
plantwild/extracted/plantwild/images/bell pepper leaf/google_0177.jpg,"Pepper,_bell___healthy","Pepper,_bell___healthy",0.953675
plantwild/extracted/plantwild/images/bell pepper leaf/google_0186.jpg,"Pepper,_bell___healthy","Pepper,_bell___healthy",0.946899
plantwild/extracted/plantwild/images/bell pepper leaf/google_0187.jpg,"Pepper,_bell___healthy",Blueberry___healthy,0.918898
plantwild/extracted/plantwild/images/bell pepper leaf/google_0192.jpg,"Pepper,_bell___healthy",Cherry___healthy,0.931696
plantwild/extracted/plantwild/images/bell pepper leaf/google_0195.jpg,"Pepper,_bell___healthy","Pepper,_bell___healthy",0.945187
plantwild/extracted/plantwild/images/bell pepper leaf/google_0198.jpg,"Pepper,_bell___healthy","Pepper,_bell___healthy",0.788378
plantwild/extracted/plantwild/images/bell pepper leaf/google_0201.jpg,"Pepper,_bell___healthy","Pepper,_bell___healthy",0.946615
plantwild/extracted/plantwild/images/bell pepper leaf/google_0208.jpg,"Pepper,_bell___healthy","Pepper,_bell___healthy",0.954653
plantwild/extracted/plantwild/images/bell pepper leaf/google_0210.jpg,"Pepper,_bell___healthy","Pepper,_bell___healthy",0.572498
plantwild/extracted/plantwild/images/bell pepper leaf/google_0212.jpg,"Pepper,_bell___healthy","Pepper,_bell___healthy",0.627818
plantwild/extracted/plantwild/images/bell pepper leaf/google_0213.jpg,"Pepper,_bell___healthy","Pepper,_bell___healthy",0.563178
plantwild/extracted/plantwild/images/bell pepper leaf/google_0214.jpg,"Pepper,_bell___healthy","Pepper,_bell___healthy",0.910325
plantwild/extracted/plantwild/images/bell pepper leaf/google_0229.jpg,"Pepper,_bell___healthy","Pepper,_bell___healthy",0.893554
plantwild/extracted/plantwild/images/bell pepper leaf/google_0231.jpg,"Pepper,_bell___healthy","Pepper,_bell___healthy",0.690053
plantwild/extracted/plantwild/images/bell pepper leaf/google_0237.jpg,"Pepper,_bell___healthy",Tomato___Early_blight,0.873193
plantwild/extracted/plantwild/images/bell pepper leaf/google_0243.jpg,"Pepper,_bell___healthy","Pepper,_bell___healthy",0.924787
plantwild/extracted/plantwild/images/bell pepper leaf/google_0251.jpg,"Pepper,_bell___healthy","Pepper,_bell___healthy",0.930498
plantwild/extracted/plantwild/images/bell pepper leaf/google_0253.jpg,"Pepper,_bell___healthy","Pepper,_bell___healthy",0.943531
plantwild/extracted/plantwild/images/bell pepper leaf/google_0260.jpg,"Pepper,_bell___healthy","Pepper,_bell___healthy",0.501277
plantwild/extracted/plantwild/images/bell pepper leaf/google_0264.jpg,"Pepper,_bell___healthy",Cherry___healthy,0.908271
plantwild/extracted/plantwild/images/bell pepper leaf/google_0265.jpg,"Pepper,_bell___healthy",Cherry___healthy,0.690502
plantwild/extracted/plantwild/images/bell pepper leaf/google_0267.jpg,"Pepper,_bell___healthy",Tomato___Early_blight,0.918488
plantwild/extracted/plantwild/images/bell pepper leaf/google_0273.jpg,"Pepper,_bell___healthy","Pepper,_bell___healthy",0.935959
plantwild/extracted/plantwild/images/bell pepper leaf/google_0275.jpg,"Pepper,_bell___healthy","Pepper,_bell___healthy",0.967761
plantwild/extracted/plantwild/images/bell pepper leaf spot/1.jpg,"Pepper,_bell___Bacterial_spot","Pepper,_bell___healthy",0.959556
plantwild/extracted/plantwild/images/bell pepper leaf spot/10.jpg,"Pepper,_bell___Bacterial_spot","Pepper,_bell___healthy",0.962776
plantwild/extracted/plantwild/images/bell pepper leaf spot/11.jpg,"Pepper,_bell___Bacterial_spot","Pepper,_bell___healthy",0.842075
plantwild/extracted/plantwild/images/bell pepper leaf spot/12.jpg,"Pepper,_bell___Bacterial_spot","Pepper,_bell___healthy",0.943569
plantwild/extracted/plantwild/images/bell pepper leaf spot/13.jpg,"Pepper,_bell___Bacterial_spot",Tomato___Early_blight,0.461768
plantwild/extracted/plantwild/images/bell pepper leaf spot/16.jpg,"Pepper,_bell___Bacterial_spot","Pepper,_bell___healthy",0.957621
plantwild/extracted/plantwild/images/bell pepper leaf spot/17.jpg,"Pepper,_bell___Bacterial_spot",Strawberry___Leaf_scorch,0.884409
plantwild/extracted/plantwild/images/bell pepper leaf spot/18.jpg,"Pepper,_bell___Bacterial_spot",Potato___Early_blight,0.937650
plantwild/extracted/plantwild/images/bell pepper leaf spot/19.jpg,"Pepper,_bell___Bacterial_spot","Pepper,_bell___healthy",0.499158
plantwild/extracted/plantwild/images/bell pepper leaf spot/2.jpg,"Pepper,_bell___Bacterial_spot","Pepper,_bell___healthy",0.892303
plantwild/extracted/plantwild/images/bell pepper leaf spot/20.jpg,"Pepper,_bell___Bacterial_spot",Tomato___Late_blight,0.965668
plantwild/extracted/plantwild/images/bell pepper leaf spot/21.jpg,"Pepper,_bell___Bacterial_spot","Pepper,_bell___Bacterial_spot",0.961303
plantwild/extracted/plantwild/images/bell pepper leaf spot/22.jpg,"Pepper,_bell___Bacterial_spot",Strawberry___Leaf_scorch,0.951446
plantwild/extracted/plantwild/images/bell pepper leaf spot/29 - Copy (2).jpg,"Pepper,_bell___Bacterial_spot",Tomato___Tomato_Yellow_Leaf_Curl_Virus,0.943951
plantwild/extracted/plantwild/images/bell pepper leaf spot/29 - Copy (3).jpg,"Pepper,_bell___Bacterial_spot",Corn___Cercospora_leaf_spot Gray_leaf_spot,0.444986
plantwild/extracted/plantwild/images/bell pepper leaf spot/3.jpg,"Pepper,_bell___Bacterial_spot","Pepper,_bell___healthy",0.937596
plantwild/extracted/plantwild/images/bell pepper leaf spot/33.jpg,"Pepper,_bell___Bacterial_spot","Pepper,_bell___healthy",0.862366
plantwild/extracted/plantwild/images/bell pepper leaf spot/37.jpg,"Pepper,_bell___Bacterial_spot",Tomato___Late_blight,0.401177
plantwild/extracted/plantwild/images/bell pepper leaf spot/39.jpg,"Pepper,_bell___Bacterial_spot",Strawberry___Leaf_scorch,0.794450
plantwild/extracted/plantwild/images/bell pepper leaf spot/4.jpg,"Pepper,_bell___Bacterial_spot",Tomato___Early_blight,0.951046
plantwild/extracted/plantwild/images/bell pepper leaf spot/41.jpg,"Pepper,_bell___Bacterial_spot",Cherry___healthy,0.949398
plantwild/extracted/plantwild/images/bell pepper leaf spot/44 - Copy (2).jpg,"Pepper,_bell___Bacterial_spot",Corn___healthy,0.334988
plantwild/extracted/plantwild/images/bell pepper leaf spot/44 - Copy.jpg,"Pepper,_bell___Bacterial_spot",Corn___Northern_Leaf_Blight,0.577555
plantwild/extracted/plantwild/images/bell pepper leaf spot/44.jpg,"Pepper,_bell___Bacterial_spot",Corn___healthy,0.906867
plantwild/extracted/plantwild/images/bell pepper leaf spot/5.jpg,"Pepper,_bell___Bacterial_spot",Blueberry___healthy,0.655706
plantwild/extracted/plantwild/images/bell pepper leaf spot/51.jpg,"Pepper,_bell___Bacterial_spot","Pepper,_bell___healthy",0.609594
plantwild/extracted/plantwild/images/bell pepper leaf spot/7.jpg,"Pepper,_bell___Bacterial_spot","Pepper,_bell___healthy",0.683119
plantwild/extracted/plantwild/images/bell pepper leaf spot/8.jpg,"Pepper,_bell___Bacterial_spot",Strawberry___Leaf_scorch,0.964173
plantwild/extracted/plantwild/images/bell pepper leaf spot/google_0000.jpg,"Pepper,_bell___Bacterial_spot","Pepper,_bell___Bacterial_spot",0.573768
plantwild/extracted/plantwild/images/bell pepper leaf spot/google_0001.jpg,"Pepper,_bell___Bacterial_spot",Strawberry___Leaf_scorch,0.917489
plantwild/extracted/plantwild/images/bell pepper leaf spot/google_0003.jpg,"Pepper,_bell___Bacterial_spot","Pepper,_bell___healthy",0.923321
plantwild/extracted/plantwild/images/bell pepper leaf spot/google_0004.jpg,"Pepper,_bell___Bacterial_spot","Pepper,_bell___Bacterial_spot",0.851421
plantwild/extracted/plantwild/images/bell pepper leaf spot/google_0006.jpg,"Pepper,_bell___Bacterial_spot",Potato___Early_blight,0.708753
plantwild/extracted/plantwild/images/bell pepper leaf spot/google_0007.jpg,"Pepper,_bell___Bacterial_spot","Pepper,_bell___healthy",0.811664
plantwild/extracted/plantwild/images/bell pepper leaf spot/google_0009.jpg,"Pepper,_bell___Bacterial_spot","Pepper,_bell___healthy",0.284276
plantwild/extracted/plantwild/images/bell pepper leaf spot/google_0011.jpg,"Pepper,_bell___Bacterial_spot","Pepper,_bell___Bacterial_spot",0.394767
plantwild/extracted/plantwild/images/bell pepper leaf spot/google_0012.jpg,"Pepper,_bell___Bacterial_spot",Tomato___Early_blight,0.475362
plantwild/extracted/plantwild/images/bell pepper leaf spot/google_0014.jpg,"Pepper,_bell___Bacterial_spot",Corn___Common_rust,0.843334
plantwild/extracted/plantwild/images/bell pepper leaf spot/google_0015.jpg,"Pepper,_bell___Bacterial_spot","Pepper,_bell___healthy",0.802331
plantwild/extracted/plantwild/images/bell pepper leaf spot/google_0016.jpg,"Pepper,_bell___Bacterial_spot",Cherry___healthy,0.917811
plantwild/extracted/plantwild/images/bell pepper leaf spot/google_0020.jpg,"Pepper,_bell___Bacterial_spot",Strawberry___Leaf_scorch,0.616464
plantwild/extracted/plantwild/images/bell pepper leaf spot/google_0022.jpg,"Pepper,_bell___Bacterial_spot",Strawberry___Leaf_scorch,0.440592
plantwild/extracted/plantwild/images/bell pepper leaf spot/google_0023.jpg,"Pepper,_bell___Bacterial_spot","Pepper,_bell___healthy",0.947414
plantwild/extracted/plantwild/images/bell pepper leaf spot/google_0024.jpg,"Pepper,_bell___Bacterial_spot","Pepper,_bell___healthy",0.919798
plantwild/extracted/plantwild/images/bell pepper leaf spot/google_0026.jpg,"Pepper,_bell___Bacterial_spot","Pepper,_bell___healthy",0.380633
plantwild/extracted/plantwild/images/bell pepper leaf spot/google_0027.jpg,"Pepper,_bell___Bacterial_spot",Tomato___Late_blight,0.941889
plantwild/extracted/plantwild/images/bell pepper leaf spot/google_0031.jpg,"Pepper,_bell___Bacterial_spot","Pepper,_bell___healthy",0.957238
plantwild/extracted/plantwild/images/bell pepper leaf spot/google_0034.jpg,"Pepper,_bell___Bacterial_spot","Pepper,_bell___healthy",0.591951
plantwild/extracted/plantwild/images/bell pepper leaf spot/google_0035.jpg,"Pepper,_bell___Bacterial_spot","Pepper,_bell___healthy",0.403794
plantwild/extracted/plantwild/images/bell pepper leaf spot/google_0036.jpg,"Pepper,_bell___Bacterial_spot","Pepper,_bell___healthy",0.807116
plantwild/extracted/plantwild/images/bell pepper leaf spot/google_0037.jpg,"Pepper,_bell___Bacterial_spot","Pepper,_bell___healthy",0.553425
plantwild/extracted/plantwild/images/bell pepper leaf spot/google_0040.jpg,"Pepper,_bell___Bacterial_spot",Blueberry___healthy,0.872995
plantwild/extracted/plantwild/images/bell pepper leaf spot/google_0047.jpg,"Pepper,_bell___Bacterial_spot",Tomato___Early_blight,0.394375
plantwild/extracted/plantwild/images/bell pepper leaf spot/google_0048.jpg,"Pepper,_bell___Bacterial_spot",Strawberry___Leaf_scorch,0.294278
plantwild/extracted/plantwild/images/bell pepper leaf spot/google_0050.jpg,"Pepper,_bell___Bacterial_spot",Cherry___healthy,0.583439
plantwild/extracted/plantwild/images/bell pepper leaf spot/google_0053.jpg,"Pepper,_bell___Bacterial_spot","Pepper,_bell___healthy",0.428019
plantwild/extracted/plantwild/images/bell pepper leaf spot/google_0055.jpg,"Pepper,_bell___Bacterial_spot",Potato___Early_blight,0.372685
plantwild/extracted/plantwild/images/bell pepper leaf spot/google_0057.jpg,"Pepper,_bell___Bacterial_spot",Strawberry___Leaf_scorch,0.515175
plantwild/extracted/plantwild/images/bell pepper leaf spot/google_0062.jpg,"Pepper,_bell___Bacterial_spot","Pepper,_bell___healthy",0.967675
plantwild/extracted/plantwild/images/bell pepper leaf spot/google_0064.jpg,"Pepper,_bell___Bacterial_spot","Pepper,_bell___healthy",0.960016
plantwild/extracted/plantwild/images/bell pepper leaf spot/google_0065.jpg,"Pepper,_bell___Bacterial_spot",Apple___healthy,0.813888
plantwild/extracted/plantwild/images/bell pepper leaf spot/google_0066.jpg,"Pepper,_bell___Bacterial_spot",Tomato___Early_blight,0.964326
plantwild/extracted/plantwild/images/bell pepper leaf spot/google_0069.jpg,"Pepper,_bell___Bacterial_spot","Pepper,_bell___healthy",0.901071
plantwild/extracted/plantwild/images/bell pepper leaf spot/google_0071.jpg,"Pepper,_bell___Bacterial_spot","Pepper,_bell___Bacterial_spot",0.916771
plantwild/extracted/plantwild/images/bell pepper leaf spot/google_0073.jpg,"Pepper,_bell___Bacterial_spot","Pepper,_bell___Bacterial_spot",0.814224
plantwild/extracted/plantwild/images/bell pepper leaf spot/google_0083.jpg,"Pepper,_bell___Bacterial_spot",Tomato___Late_blight,0.966718
plantwild/extracted/plantwild/images/bell pepper leaf spot/google_0084.jpg,"Pepper,_bell___Bacterial_spot","Pepper,_bell___Bacterial_spot",0.962744
plantwild/extracted/plantwild/images/bell pepper leaf spot/google_0085.jpg,"Pepper,_bell___Bacterial_spot",Squash___Powdery_mildew,0.284580
plantwild/extracted/plantwild/images/bell pepper leaf spot/google_0089.jpg,"Pepper,_bell___Bacterial_spot",Cherry___healthy,0.649405
plantwild/extracted/plantwild/images/bell pepper leaf spot/google_0090.jpg,"Pepper,_bell___Bacterial_spot",Cherry___healthy,0.400265
plantwild/extracted/plantwild/images/bell pepper leaf spot/google_0091.jpg,"Pepper,_bell___Bacterial_spot","Pepper,_bell___Bacterial_spot",0.968710
plantwild/extracted/plantwild/images/bell pepper leaf spot/google_0092.jpg,"Pepper,_bell___Bacterial_spot","Pepper,_bell___healthy",0.670695
plantwild/extracted/plantwild/images/bell pepper leaf spot/google_0095.jpg,"Pepper,_bell___Bacterial_spot","Pepper,_bell___healthy",0.929665
plantwild/extracted/plantwild/images/bell pepper leaf spot/google_0096.jpg,"Pepper,_bell___Bacterial_spot","Pepper,_bell___healthy",0.521892
plantwild/extracted/plantwild/images/bell pepper leaf spot/google_0097.jpg,"Pepper,_bell___Bacterial_spot","Pepper,_bell___healthy",0.961787
plantwild/extracted/plantwild/images/bell pepper leaf spot/google_0101.jpg,"Pepper,_bell___Bacterial_spot",Tomato___Late_blight,0.963306
plantwild/extracted/plantwild/images/bell pepper leaf spot/google_0102.jpg,"Pepper,_bell___Bacterial_spot",Tomato___Early_blight,0.354849
plantwild/extracted/plantwild/images/bell pepper leaf spot/google_0103.jpg,"Pepper,_bell___Bacterial_spot","Pepper,_bell___healthy",0.968504
plantwild/extracted/plantwild/images/bell pepper leaf spot/google_0118.jpg,"Pepper,_bell___Bacterial_spot",Corn___Common_rust,0.966804
plantwild/extracted/plantwild/images/bell pepper leaf spot/google_0122.jpg,"Pepper,_bell___Bacterial_spot",Strawberry___Leaf_scorch,0.693104
plantwild/extracted/plantwild/images/bell pepper leaf spot/google_0126.jpg,"Pepper,_bell___Bacterial_spot",Potato___Early_blight,0.856337
plantwild/extracted/plantwild/images/bell pepper leaf spot/google_0136.jpg,"Pepper,_bell___Bacterial_spot","Pepper,_bell___healthy",0.429202
plantwild/extracted/plantwild/images/bell pepper leaf spot/google_0137.jpg,"Pepper,_bell___Bacterial_spot","Pepper,_bell___Bacterial_spot",0.951294
plantwild/extracted/plantwild/images/bell pepper leaf spot/google_0144.jpg,"Pepper,_bell___Bacterial_spot","Pepper,_bell___healthy",0.250942
plantwild/extracted/plantwild/images/bell pepper leaf spot/google_0147.jpg,"Pepper,_bell___Bacterial_spot",Grape___Black_rot,0.857977
plantwild/extracted/plantwild/images/bell pepper leaf spot/google_0151.jpg,"Pepper,_bell___Bacterial_spot",Tomato___Late_blight,0.724031
plantwild/extracted/plantwild/images/bell pepper leaf spot/google_0153.jpg,"Pepper,_bell___Bacterial_spot","Pepper,_bell___healthy",0.794505
plantwild/extracted/plantwild/images/bell pepper leaf spot/google_0160.jpg,"Pepper,_bell___Bacterial_spot",Tomato___Early_blight,0.968343
plantwild/extracted/plantwild/images/bell pepper leaf spot/google_0162.jpg,"Pepper,_bell___Bacterial_spot","Pepper,_bell___healthy",0.714293
plantwild/extracted/plantwild/images/bell pepper leaf spot/google_0165.jpg,"Pepper,_bell___Bacterial_spot","Pepper,_bell___healthy",0.765426
plantwild/extracted/plantwild/images/bell pepper leaf spot/google_0166.jpg,"Pepper,_bell___Bacterial_spot","Pepper,_bell___healthy",0.698426
plantwild/extracted/plantwild/images/bell pepper leaf spot/google_0172.jpg,"Pepper,_bell___Bacterial_spot",Tomato___Late_blight,0.868276
plantwild/extracted/plantwild/images/bell pepper leaf spot/google_0178.jpg,"Pepper,_bell___Bacterial_spot","Pepper,_bell___healthy",0.935299
plantwild/extracted/plantwild/images/bell pepper leaf spot/google_0179.jpg,"Pepper,_bell___Bacterial_spot",Tomato___Late_blight,0.457182
plantwild/extracted/plantwild/images/bell pepper leaf spot/google_0182.jpg,"Pepper,_bell___Bacterial_spot","Pepper,_bell___Bacterial_spot",0.969906
plantwild/extracted/plantwild/images/bell pepper leaf spot/google_0184.jpg,"Pepper,_bell___Bacterial_spot","Pepper,_bell___Bacterial_spot",0.968977
plantwild/extracted/plantwild/images/bell pepper leaf spot/google_0191.jpg,"Pepper,_bell___Bacterial_spot",Corn___Northern_Leaf_Blight,0.953656
plantwild/extracted/plantwild/images/bell pepper leaf spot/google_0195.jpg,"Pepper,_bell___Bacterial_spot",Cherry___healthy,0.339862
plantwild/extracted/plantwild/images/bell pepper leaf spot/google_0196.jpg,"Pepper,_bell___Bacterial_spot",Strawberry___Leaf_scorch,0.443249
plantwild/extracted/plantwild/images/bell pepper leaf spot/google_0206.jpg,"Pepper,_bell___Bacterial_spot","Pepper,_bell___healthy",0.959676
plantwild/extracted/plantwild/images/bell pepper leaf spot/google_0208.jpg,"Pepper,_bell___Bacterial_spot","Pepper,_bell___Bacterial_spot",0.611824
plantwild/extracted/plantwild/images/bell pepper leaf spot/google_0213.jpg,"Pepper,_bell___Bacterial_spot","Pepper,_bell___Bacterial_spot",0.425490
plantwild/extracted/plantwild/images/bell pepper leaf spot/google_0214.jpg,"Pepper,_bell___Bacterial_spot","Pepper,_bell___healthy",0.967160
plantwild/extracted/plantwild/images/bell pepper leaf spot/google_0216.jpg,"Pepper,_bell___Bacterial_spot",Blueberry___healthy,0.360043
plantwild/extracted/plantwild/images/bell pepper leaf spot/google_0222.jpg,"Pepper,_bell___Bacterial_spot",Tomato___Septoria_leaf_spot,0.671163
plantwild/extracted/plantwild/images/bell pepper leaf spot/google_0225.jpg,"Pepper,_bell___Bacterial_spot","Pepper,_bell___healthy",0.535768
plantwild/extracted/plantwild/images/bell pepper leaf spot/google_0238.jpg,"Pepper,_bell___Bacterial_spot","Pepper,_bell___Bacterial_spot",0.853286
plantwild/extracted/plantwild/images/bell pepper leaf spot/google_0251.jpg,"Pepper,_bell___Bacterial_spot",Tomato___Early_blight,0.968258
plantwild/extracted/plantwild/images/bell pepper leaf spot/google_0280.jpg,"Pepper,_bell___Bacterial_spot",Strawberry___Leaf_scorch,0.756399
plantwild/extracted/plantwild/images/bell pepper leaf spot/google_0282.jpg,"Pepper,_bell___Bacterial_spot",Strawberry___Leaf_scorch,0.958143
plantwild/extracted/plantwild/images/bell pepper leaf spot/google_0297.jpg,"Pepper,_bell___Bacterial_spot",Tomato___Late_blight,0.967662
plantwild/extracted/plantwild/images/bell pepper leaf spot/google_0307.jpg,"Pepper,_bell___Bacterial_spot",Corn___healthy,0.958141
plantwild/extracted/plantwild/images/bell pepper leaf spot/google_0314.jpg,"Pepper,_bell___Bacterial_spot",Corn___healthy,0.495073
plantwild/extracted/plantwild/images/bell pepper leaf spot/google_0337.jpg,"Pepper,_bell___Bacterial_spot",Tomato___Spider_mites Two-spotted_spider_mite,0.481804
plantwild/extracted/plantwild/images/bell pepper leaf spot/google_0341.jpg,"Pepper,_bell___Bacterial_spot",Tomato___Late_blight,0.483810
plantwild/extracted/plantwild/images/bell pepper leaf spot/google_0346.jpg,"Pepper,_bell___Bacterial_spot","Pepper,_bell___healthy",0.872145
plantwild/extracted/plantwild/images/bell pepper leaf spot/google_0361.jpg,"Pepper,_bell___Bacterial_spot",Cherry___healthy,0.526780
plantwild/extracted/plantwild/images/blueberry leaf/1.jpg,Blueberry___healthy,"Pepper,_bell___healthy",0.950922
plantwild/extracted/plantwild/images/blueberry leaf/10.jpg,Blueberry___healthy,Tomato___Early_blight,0.262985
plantwild/extracted/plantwild/images/blueberry leaf/100.jpg,Blueberry___healthy,Blueberry___healthy,0.380002
plantwild/extracted/plantwild/images/blueberry leaf/101.jpg,Blueberry___healthy,Grape___Black_rot,0.686035
plantwild/extracted/plantwild/images/blueberry leaf/102.jpg,Blueberry___healthy,Blueberry___healthy,0.952608
plantwild/extracted/plantwild/images/blueberry leaf/103.jpg,Blueberry___healthy,Strawberry___Leaf_scorch,0.656542
plantwild/extracted/plantwild/images/blueberry leaf/104.jpg,Blueberry___healthy,Cherry___healthy,0.963624
plantwild/extracted/plantwild/images/blueberry leaf/105.jpg,Blueberry___healthy,Potato___Early_blight,0.239985
plantwild/extracted/plantwild/images/blueberry leaf/106.jpg,Blueberry___healthy,Strawberry___Leaf_scorch,0.732172
plantwild/extracted/plantwild/images/blueberry leaf/107.jpg,Blueberry___healthy,Tomato___Early_blight,0.797978
plantwild/extracted/plantwild/images/blueberry leaf/108.jpg,Blueberry___healthy,Tomato___Early_blight,0.937335
plantwild/extracted/plantwild/images/blueberry leaf/109.jpg,Blueberry___healthy,"Pepper,_bell___healthy",0.527707
plantwild/extracted/plantwild/images/blueberry leaf/11.jpg,Blueberry___healthy,"Pepper,_bell___healthy",0.721479
plantwild/extracted/plantwild/images/blueberry leaf/110.jpg,Blueberry___healthy,"Pepper,_bell___healthy",0.246626
plantwild/extracted/plantwild/images/blueberry leaf/112.jpg,Blueberry___healthy,Squash___Powdery_mildew,0.497458
plantwild/extracted/plantwild/images/blueberry leaf/113.jpg,Blueberry___healthy,Tomato___Early_blight,0.899601
plantwild/extracted/plantwild/images/blueberry leaf/114.jpg,Blueberry___healthy,Corn___Cercospora_leaf_spot Gray_leaf_spot,0.309095
plantwild/extracted/plantwild/images/blueberry leaf/115.jpg,Blueberry___healthy,Strawberry___Leaf_scorch,0.965811
plantwild/extracted/plantwild/images/blueberry leaf/116.jpg,Blueberry___healthy,Corn___healthy,0.279727
plantwild/extracted/plantwild/images/blueberry leaf/117.jpg,Blueberry___healthy,"Pepper,_bell___healthy",0.745223
plantwild/extracted/plantwild/images/blueberry leaf/118.jpg,Blueberry___healthy,"Pepper,_bell___healthy",0.563621
plantwild/extracted/plantwild/images/blueberry leaf/119.jpg,Blueberry___healthy,Cherry___healthy,0.380800
plantwild/extracted/plantwild/images/blueberry leaf/12.jpg,Blueberry___healthy,Blueberry___healthy,0.468698
plantwild/extracted/plantwild/images/blueberry leaf/120.jpg,Blueberry___healthy,Cherry___healthy,0.755725
plantwild/extracted/plantwild/images/blueberry leaf/121.jpg,Blueberry___healthy,"Pepper,_bell___healthy",0.811240
plantwild/extracted/plantwild/images/blueberry leaf/122.jpg,Blueberry___healthy,Blueberry___healthy,0.900672
plantwild/extracted/plantwild/images/blueberry leaf/123.jpg,Blueberry___healthy,Strawberry___Leaf_scorch,0.869971
plantwild/extracted/plantwild/images/blueberry leaf/124.jpg,Blueberry___healthy,Tomato___Early_blight,0.945508
plantwild/extracted/plantwild/images/blueberry leaf/127.jpg,Blueberry___healthy,Strawberry___Leaf_scorch,0.389381
plantwild/extracted/plantwild/images/blueberry leaf/128.jpg,Blueberry___healthy,"Pepper,_bell___healthy",0.897346
plantwild/extracted/plantwild/images/blueberry leaf/13.jpg,Blueberry___healthy,Cherry___healthy,0.762046
plantwild/extracted/plantwild/images/blueberry leaf/130.jpg,Blueberry___healthy,"Pepper,_bell___healthy",0.219474
plantwild/extracted/plantwild/images/blueberry leaf/131.jpg,Blueberry___healthy,"Pepper,_bell___healthy",0.475154
plantwild/extracted/plantwild/images/blueberry leaf/132.jpg,Blueberry___healthy,Tomato___Early_blight,0.813646
plantwild/extracted/plantwild/images/blueberry leaf/133.jpg,Blueberry___healthy,"Pepper,_bell___healthy",0.654897
plantwild/extracted/plantwild/images/blueberry leaf/135.jpg,Blueberry___healthy,Tomato___Early_blight,0.494300
plantwild/extracted/plantwild/images/blueberry leaf/137.jpg,Blueberry___healthy,"Pepper,_bell___healthy",0.824681
plantwild/extracted/plantwild/images/blueberry leaf/138.jpg,Blueberry___healthy,Blueberry___healthy,0.683675
plantwild/extracted/plantwild/images/blueberry leaf/14.jpg,Blueberry___healthy,"Pepper,_bell___healthy",0.416265
plantwild/extracted/plantwild/images/blueberry leaf/140.jpg,Blueberry___healthy,"Pepper,_bell___healthy",0.686730
plantwild/extracted/plantwild/images/blueberry leaf/141.jpg,Blueberry___healthy,Blueberry___healthy,0.658691
plantwild/extracted/plantwild/images/blueberry leaf/143.jpg,Blueberry___healthy,"Pepper,_bell___healthy",0.942423
plantwild/extracted/plantwild/images/blueberry leaf/144.jpg,Blueberry___healthy,Peach___Bacterial_spot,0.223777
plantwild/extracted/plantwild/images/blueberry leaf/146.jpg,Blueberry___healthy,Tomato___Early_blight,0.259234
plantwild/extracted/plantwild/images/blueberry leaf/147.jpg,Blueberry___healthy,Tomato___Late_blight,0.896981
plantwild/extracted/plantwild/images/blueberry leaf/15.jpg,Blueberry___healthy,"Pepper,_bell___healthy",0.271589
plantwild/extracted/plantwild/images/blueberry leaf/151.jpg,Blueberry___healthy,Strawberry___Leaf_scorch,0.652432
plantwild/extracted/plantwild/images/blueberry leaf/154.jpg,Blueberry___healthy,"Pepper,_bell___healthy",0.546113
plantwild/extracted/plantwild/images/blueberry leaf/156.jpg,Blueberry___healthy,Tomato___Early_blight,0.963249
plantwild/extracted/plantwild/images/blueberry leaf/158.jpg,Blueberry___healthy,Tomato___Early_blight,0.798332
plantwild/extracted/plantwild/images/blueberry leaf/159.jpg,Blueberry___healthy,Cherry___healthy,0.630921
plantwild/extracted/plantwild/images/blueberry leaf/16.jpg,Blueberry___healthy,Blueberry___healthy,0.957189
plantwild/extracted/plantwild/images/blueberry leaf/169.jpg,Blueberry___healthy,Blueberry___healthy,0.894983
plantwild/extracted/plantwild/images/blueberry leaf/17.jpg,Blueberry___healthy,Blueberry___healthy,0.946538
plantwild/extracted/plantwild/images/blueberry leaf/170.jpg,Blueberry___healthy,Blueberry___healthy,0.753971
plantwild/extracted/plantwild/images/blueberry leaf/171.jpg,Blueberry___healthy,Blueberry___healthy,0.957089
plantwild/extracted/plantwild/images/blueberry leaf/172.jpg,Blueberry___healthy,"Pepper,_bell___healthy",0.919735
plantwild/extracted/plantwild/images/blueberry leaf/173.jpg,Blueberry___healthy,"Pepper,_bell___healthy",0.311635
plantwild/extracted/plantwild/images/blueberry leaf/174.jpg,Blueberry___healthy,"Pepper,_bell___healthy",0.613879
plantwild/extracted/plantwild/images/blueberry leaf/175.jpg,Blueberry___healthy,"Pepper,_bell___healthy",0.946249
plantwild/extracted/plantwild/images/blueberry leaf/177.jpg,Blueberry___healthy,Tomato___Early_blight,0.511142
plantwild/extracted/plantwild/images/blueberry leaf/178.jpg,Blueberry___healthy,"Pepper,_bell___healthy",0.933781
plantwild/extracted/plantwild/images/blueberry leaf/179.jpg,Blueberry___healthy,Grape___Black_rot,0.916073
plantwild/extracted/plantwild/images/blueberry leaf/18.jpg,Blueberry___healthy,Peach___healthy,0.380738
plantwild/extracted/plantwild/images/blueberry leaf/180.jpg,Blueberry___healthy,Cherry___healthy,0.922898
plantwild/extracted/plantwild/images/blueberry leaf/181.jpg,Blueberry___healthy,Tomato___Early_blight,0.964643
plantwild/extracted/plantwild/images/blueberry leaf/182.jpg,Blueberry___healthy,Corn___healthy,0.378544
plantwild/extracted/plantwild/images/blueberry leaf/183.jpg,Blueberry___healthy,Strawberry___Leaf_scorch,0.964893
plantwild/extracted/plantwild/images/blueberry leaf/184.jpg,Blueberry___healthy,Strawberry___Leaf_scorch,0.682752
plantwild/extracted/plantwild/images/blueberry leaf/185.jpg,Blueberry___healthy,Strawberry___Leaf_scorch,0.943613
plantwild/extracted/plantwild/images/blueberry leaf/186.jpg,Blueberry___healthy,Corn___healthy,0.871156
plantwild/extracted/plantwild/images/blueberry leaf/187.jpg,Blueberry___healthy,Cherry___healthy,0.931963
plantwild/extracted/plantwild/images/blueberry leaf/188.jpg,Blueberry___healthy,Cherry___healthy,0.733139
plantwild/extracted/plantwild/images/blueberry leaf/189.jpg,Blueberry___healthy,"Pepper,_bell___healthy",0.737890
plantwild/extracted/plantwild/images/blueberry leaf/19.jpg,Blueberry___healthy,Blueberry___healthy,0.858389
plantwild/extracted/plantwild/images/blueberry leaf/190.jpg,Blueberry___healthy,Tomato___Early_blight,0.884365
plantwild/extracted/plantwild/images/blueberry leaf/191.jpg,Blueberry___healthy,Peach___healthy,0.224931
plantwild/extracted/plantwild/images/blueberry leaf/194.jpg,Blueberry___healthy,Cherry___healthy,0.270844
plantwild/extracted/plantwild/images/blueberry leaf/195.jpg,Blueberry___healthy,"Pepper,_bell___healthy",0.937663
plantwild/extracted/plantwild/images/blueberry leaf/196.jpg,Blueberry___healthy,Tomato___Early_blight,0.314116
plantwild/extracted/plantwild/images/blueberry leaf/197.jpg,Blueberry___healthy,Corn___healthy,0.347512
plantwild/extracted/plantwild/images/blueberry leaf/199.jpg,Blueberry___healthy,"Pepper,_bell___healthy",0.768049
plantwild/extracted/plantwild/images/blueberry leaf/2.jpg,Blueberry___healthy,"Pepper,_bell___healthy",0.384364
plantwild/extracted/plantwild/images/blueberry leaf/20.jpg,Blueberry___healthy,Blueberry___healthy,0.349103
plantwild/extracted/plantwild/images/blueberry leaf/200.jpg,Blueberry___healthy,Blueberry___healthy,0.643155
plantwild/extracted/plantwild/images/blueberry leaf/204.jpg,Blueberry___healthy,Blueberry___healthy,0.926746
plantwild/extracted/plantwild/images/blueberry leaf/205.jpg,Blueberry___healthy,"Pepper,_bell___healthy",0.343620
plantwild/extracted/plantwild/images/blueberry leaf/207.jpg,Blueberry___healthy,"Pepper,_bell___healthy",0.494109
plantwild/extracted/plantwild/images/blueberry leaf/208.jpg,Blueberry___healthy,Blueberry___healthy,0.505365
plantwild/extracted/plantwild/images/blueberry leaf/209.jpg,Blueberry___healthy,Strawberry___Leaf_scorch,0.937264
plantwild/extracted/plantwild/images/blueberry leaf/21.jpg,Blueberry___healthy,Blueberry___healthy,0.880115
plantwild/extracted/plantwild/images/blueberry leaf/210.jpg,Blueberry___healthy,Strawberry___Leaf_scorch,0.964039
plantwild/extracted/plantwild/images/blueberry leaf/211.jpg,Blueberry___healthy,Strawberry___Leaf_scorch,0.960691
plantwild/extracted/plantwild/images/blueberry leaf/213.jpg,Blueberry___healthy,"Pepper,_bell___healthy",0.765132
plantwild/extracted/plantwild/images/blueberry leaf/214.jpg,Blueberry___healthy,"Pepper,_bell___healthy",0.470585
plantwild/extracted/plantwild/images/blueberry leaf/215.jpg,Blueberry___healthy,"Pepper,_bell___healthy",0.738900
plantwild/extracted/plantwild/images/blueberry leaf/216.jpg,Blueberry___healthy,Corn___healthy,0.794831
plantwild/extracted/plantwild/images/blueberry leaf/217.jpg,Blueberry___healthy,Blueberry___healthy,0.232525
plantwild/extracted/plantwild/images/blueberry leaf/218.jpg,Blueberry___healthy,Strawberry___Leaf_scorch,0.850747
plantwild/extracted/plantwild/images/blueberry leaf/219.jpg,Blueberry___healthy,Strawberry___Leaf_scorch,0.729657
plantwild/extracted/plantwild/images/blueberry leaf/22.jpg,Blueberry___healthy,Blueberry___healthy,0.616051
plantwild/extracted/plantwild/images/blueberry leaf/220.jpg,Blueberry___healthy,Cherry___healthy,0.484771
plantwild/extracted/plantwild/images/blueberry leaf/222.jpg,Blueberry___healthy,"Pepper,_bell___healthy",0.838393
plantwild/extracted/plantwild/images/blueberry leaf/23.jpg,Blueberry___healthy,Blueberry___healthy,0.502846
plantwild/extracted/plantwild/images/blueberry leaf/24.jpg,Blueberry___healthy,"Pepper,_bell___healthy",0.223290
plantwild/extracted/plantwild/images/blueberry leaf/25.jpg,Blueberry___healthy,"Pepper,_bell___healthy",0.956616
plantwild/extracted/plantwild/images/blueberry leaf/26.jpg,Blueberry___healthy,"Pepper,_bell___healthy",0.812239
plantwild/extracted/plantwild/images/blueberry leaf/27.jpg,Blueberry___healthy,Blueberry___healthy,0.932274
plantwild/extracted/plantwild/images/blueberry leaf/28.jpg,Blueberry___healthy,Tomato___Early_blight,0.942228
plantwild/extracted/plantwild/images/blueberry leaf/29.jpg,Blueberry___healthy,Cherry___healthy,0.473843
plantwild/extracted/plantwild/images/blueberry leaf/3.jpg,Blueberry___healthy,"Pepper,_bell___healthy",0.864087
plantwild/extracted/plantwild/images/blueberry leaf/30.jpg,Blueberry___healthy,Blueberry___healthy,0.829716
plantwild/extracted/plantwild/images/blueberry leaf/31.jpg,Blueberry___healthy,"Pepper,_bell___healthy",0.942374
plantwild/extracted/plantwild/images/blueberry leaf/32.jpg,Blueberry___healthy,Tomato___Early_blight,0.880513
plantwild/extracted/plantwild/images/blueberry leaf/33.jpg,Blueberry___healthy,"Pepper,_bell___healthy",0.851346
plantwild/extracted/plantwild/images/blueberry leaf/34.jpg,Blueberry___healthy,Blueberry___healthy,0.374868
plantwild/extracted/plantwild/images/blueberry leaf/35.jpg,Blueberry___healthy,Blueberry___healthy,0.296003
plantwild/extracted/plantwild/images/blueberry leaf/36.jpg,Blueberry___healthy,"Pepper,_bell___healthy",0.895992
plantwild/extracted/plantwild/images/blueberry leaf/37.jpg,Blueberry___healthy,Tomato___Early_blight,0.612134
plantwild/extracted/plantwild/images/blueberry leaf/38.jpg,Blueberry___healthy,Blueberry___healthy,0.430526
plantwild/extracted/plantwild/images/blueberry leaf/39.jpg,Blueberry___healthy,Blueberry___healthy,0.524274
plantwild/extracted/plantwild/images/blueberry leaf/4.jpg,Blueberry___healthy,"Pepper,_bell___healthy",0.592845
plantwild/extracted/plantwild/images/blueberry leaf/40.jpg,Blueberry___healthy,Blueberry___healthy,0.867233
plantwild/extracted/plantwild/images/blueberry leaf/41.jpg,Blueberry___healthy,Blueberry___healthy,0.856040
plantwild/extracted/plantwild/images/blueberry leaf/42.jpg,Blueberry___healthy,"Pepper,_bell___healthy",0.964874
plantwild/extracted/plantwild/images/blueberry leaf/43.jpg,Blueberry___healthy,Blueberry___healthy,0.557337
plantwild/extracted/plantwild/images/blueberry leaf/44.jpg,Blueberry___healthy,Blueberry___healthy,0.592575
plantwild/extracted/plantwild/images/blueberry leaf/45.jpg,Blueberry___healthy,Blueberry___healthy,0.943975
plantwild/extracted/plantwild/images/blueberry leaf/47.jpg,Blueberry___healthy,Blueberry___healthy,0.360125
plantwild/extracted/plantwild/images/blueberry leaf/48.jpg,Blueberry___healthy,Tomato___Early_blight,0.943088
plantwild/extracted/plantwild/images/blueberry leaf/49.jpg,Blueberry___healthy,Blueberry___healthy,0.458965
plantwild/extracted/plantwild/images/blueberry leaf/5.jpg,Blueberry___healthy,"Pepper,_bell___healthy",0.362997
plantwild/extracted/plantwild/images/blueberry leaf/50.jpg,Blueberry___healthy,Blueberry___healthy,0.345572
plantwild/extracted/plantwild/images/blueberry leaf/51.jpg,Blueberry___healthy,Tomato___Early_blight,0.298443
plantwild/extracted/plantwild/images/blueberry leaf/52.jpg,Blueberry___healthy,Blueberry___healthy,0.939067
plantwild/extracted/plantwild/images/blueberry leaf/53.jpg,Blueberry___healthy,Tomato___Early_blight,0.371266
plantwild/extracted/plantwild/images/blueberry leaf/54.jpg,Blueberry___healthy,Blueberry___healthy,0.951967
plantwild/extracted/plantwild/images/blueberry leaf/56.jpg,Blueberry___healthy,Tomato___Early_blight,0.916730
plantwild/extracted/plantwild/images/blueberry leaf/57.jpg,Blueberry___healthy,"Pepper,_bell___healthy",0.848656
plantwild/extracted/plantwild/images/blueberry leaf/58.jpg,Blueberry___healthy,Tomato___Late_blight,0.951546
plantwild/extracted/plantwild/images/blueberry leaf/59.jpg,Blueberry___healthy,Tomato___Early_blight,0.303175
plantwild/extracted/plantwild/images/blueberry leaf/6.jpg,Blueberry___healthy,Blueberry___healthy,0.955091
plantwild/extracted/plantwild/images/blueberry leaf/60.jpg,Blueberry___healthy,Strawberry___Leaf_scorch,0.729721
plantwild/extracted/plantwild/images/blueberry leaf/61.jpg,Blueberry___healthy,Strawberry___Leaf_scorch,0.949355
plantwild/extracted/plantwild/images/blueberry leaf/62.jpg,Blueberry___healthy,Blueberry___healthy,0.816447
plantwild/extracted/plantwild/images/blueberry leaf/63.jpg,Blueberry___healthy,Blueberry___healthy,0.939795
plantwild/extracted/plantwild/images/blueberry leaf/65.jpg,Blueberry___healthy,Blueberry___healthy,0.913108
plantwild/extracted/plantwild/images/blueberry leaf/66.jpg,Blueberry___healthy,"Pepper,_bell___healthy",0.553414
plantwild/extracted/plantwild/images/blueberry leaf/67.jpg,Blueberry___healthy,Blueberry___healthy,0.761138
plantwild/extracted/plantwild/images/blueberry leaf/7.jpg,Blueberry___healthy,"Pepper,_bell___healthy",0.271628
plantwild/extracted/plantwild/images/blueberry leaf/70.jpg,Blueberry___healthy,Strawberry___Leaf_scorch,0.939455
plantwild/extracted/plantwild/images/blueberry leaf/71.jpg,Blueberry___healthy,Blueberry___healthy,0.946805
plantwild/extracted/plantwild/images/blueberry leaf/72.jpg,Blueberry___healthy,"Pepper,_bell___healthy",0.860253
plantwild/extracted/plantwild/images/blueberry leaf/73.jpg,Blueberry___healthy,"Pepper,_bell___healthy",0.757536
plantwild/extracted/plantwild/images/blueberry leaf/74.jpg,Blueberry___healthy,"Pepper,_bell___healthy",0.936629
plantwild/extracted/plantwild/images/blueberry leaf/75.jpg,Blueberry___healthy,Blueberry___healthy,0.885430
plantwild/extracted/plantwild/images/blueberry leaf/77.jpg,Blueberry___healthy,Corn___Cercospora_leaf_spot Gray_leaf_spot,0.953957
plantwild/extracted/plantwild/images/blueberry leaf/78.jpg,Blueberry___healthy,Blueberry___healthy,0.477136
plantwild/extracted/plantwild/images/blueberry leaf/79.jpg,Blueberry___healthy,Tomato___Early_blight,0.932275
plantwild/extracted/plantwild/images/blueberry leaf/8.jpg,Blueberry___healthy,Blueberry___healthy,0.808392
plantwild/extracted/plantwild/images/blueberry leaf/80.jpg,Blueberry___healthy,Cherry___healthy,0.902126
plantwild/extracted/plantwild/images/blueberry leaf/81.jpg,Blueberry___healthy,Corn___healthy,0.571917
plantwild/extracted/plantwild/images/blueberry leaf/82.jpg,Blueberry___healthy,Strawberry___Leaf_scorch,0.588923
plantwild/extracted/plantwild/images/blueberry leaf/83.jpg,Blueberry___healthy,Blueberry___healthy,0.958718
plantwild/extracted/plantwild/images/blueberry leaf/86.jpg,Blueberry___healthy,Blueberry___healthy,0.559021
plantwild/extracted/plantwild/images/blueberry leaf/87.jpg,Blueberry___healthy,Blueberry___healthy,0.957302
plantwild/extracted/plantwild/images/blueberry leaf/88.jpg,Blueberry___healthy,Cherry___healthy,0.613963
plantwild/extracted/plantwild/images/blueberry leaf/89.jpg,Blueberry___healthy,Blueberry___healthy,0.558093
plantwild/extracted/plantwild/images/blueberry leaf/9.jpg,Blueberry___healthy,Tomato___Early_blight,0.356567
plantwild/extracted/plantwild/images/blueberry leaf/90.jpg,Blueberry___healthy,Blueberry___healthy,0.929106
plantwild/extracted/plantwild/images/blueberry leaf/91.jpg,Blueberry___healthy,"Pepper,_bell___healthy",0.761400
plantwild/extracted/plantwild/images/blueberry leaf/92.jpg,Blueberry___healthy,"Pepper,_bell___healthy",0.419726
plantwild/extracted/plantwild/images/blueberry leaf/93.jpg,Blueberry___healthy,Blueberry___healthy,0.960597
plantwild/extracted/plantwild/images/blueberry leaf/94.jpg,Blueberry___healthy,"Pepper,_bell___healthy",0.901764
plantwild/extracted/plantwild/images/blueberry leaf/96.jpg,Blueberry___healthy,Strawberry___Leaf_scorch,0.929132
plantwild/extracted/plantwild/images/blueberry leaf/97.jpg,Blueberry___healthy,Tomato___Early_blight,0.970801
plantwild/extracted/plantwild/images/blueberry leaf/98.jpg,Blueberry___healthy,Tomato___Early_blight,0.878451
plantwild/extracted/plantwild/images/blueberry leaf/99.jpg,Blueberry___healthy,"Pepper,_bell___healthy",0.411221
plantwild/extracted/plantwild/images/blueberry leaf/google_0001.jpg,Blueberry___healthy,"Pepper,_bell___healthy",0.968611
plantwild/extracted/plantwild/images/blueberry leaf/google_0004.jpg,Blueberry___healthy,Blueberry___healthy,0.961809
plantwild/extracted/plantwild/images/blueberry leaf/google_0005.jpg,Blueberry___healthy,Blueberry___healthy,0.945153
plantwild/extracted/plantwild/images/blueberry leaf/google_0006.jpg,Blueberry___healthy,Blueberry___healthy,0.902361
plantwild/extracted/plantwild/images/blueberry leaf/google_0008.jpg,Blueberry___healthy,Corn___healthy,0.648862
plantwild/extracted/plantwild/images/blueberry leaf/google_0009.jpg,Blueberry___healthy,"Pepper,_bell___healthy",0.619442
plantwild/extracted/plantwild/images/blueberry leaf/google_0011.jpg,Blueberry___healthy,"Pepper,_bell___healthy",0.541869
plantwild/extracted/plantwild/images/blueberry leaf/google_0012.jpg,Blueberry___healthy,Strawberry___Leaf_scorch,0.480617
plantwild/extracted/plantwild/images/blueberry leaf/google_0013.jpg,Blueberry___healthy,Blueberry___healthy,0.962960
plantwild/extracted/plantwild/images/blueberry leaf/google_0014.jpg,Blueberry___healthy,"Pepper,_bell___healthy",0.949938
plantwild/extracted/plantwild/images/blueberry leaf/google_0015.jpg,Blueberry___healthy,Blueberry___healthy,0.743920
plantwild/extracted/plantwild/images/blueberry leaf/google_0016.jpg,Blueberry___healthy,"Pepper,_bell___healthy",0.793949
plantwild/extracted/plantwild/images/blueberry leaf/google_0019.jpg,Blueberry___healthy,Blueberry___healthy,0.962177
plantwild/extracted/plantwild/images/blueberry leaf/google_0020.jpg,Blueberry___healthy,Cherry___healthy,0.588736
plantwild/extracted/plantwild/images/blueberry leaf/google_0021.jpg,Blueberry___healthy,Blueberry___healthy,0.938128
plantwild/extracted/plantwild/images/blueberry leaf/google_0022.jpg,Blueberry___healthy,"Pepper,_bell___healthy",0.880657
plantwild/extracted/plantwild/images/blueberry leaf/google_0023.jpg,Blueberry___healthy,Blueberry___healthy,0.933594
plantwild/extracted/plantwild/images/blueberry leaf/google_0024.jpg,Blueberry___healthy,"Pepper,_bell___healthy",0.835641
plantwild/extracted/plantwild/images/blueberry leaf/google_0026.jpg,Blueberry___healthy,"Pepper,_bell___healthy",0.749859
plantwild/extracted/plantwild/images/blueberry leaf/google_0028.jpg,Blueberry___healthy,Tomato___Tomato_mosaic_virus,0.326792
plantwild/extracted/plantwild/images/blueberry leaf/google_0031.jpg,Blueberry___healthy,Blueberry___healthy,0.955897
plantwild/extracted/plantwild/images/blueberry leaf/google_0036.jpg,Blueberry___healthy,Tomato___Late_blight,0.447099
plantwild/extracted/plantwild/images/blueberry leaf/google_0038.jpg,Blueberry___healthy,Blueberry___healthy,0.959056
plantwild/extracted/plantwild/images/blueberry leaf/google_0041.jpg,Blueberry___healthy,"Pepper,_bell___healthy",0.745336
plantwild/extracted/plantwild/images/blueberry leaf/google_0046.jpg,Blueberry___healthy,Cherry___healthy,0.339298
plantwild/extracted/plantwild/images/blueberry leaf/google_0047.jpg,Blueberry___healthy,"Pepper,_bell___healthy",0.576887
plantwild/extracted/plantwild/images/blueberry leaf/google_0058.jpg,Blueberry___healthy,Tomato___Early_blight,0.620253
plantwild/extracted/plantwild/images/blueberry leaf/google_0059.jpg,Blueberry___healthy,Blueberry___healthy,0.933764
plantwild/extracted/plantwild/images/blueberry leaf/google_0066.jpg,Blueberry___healthy,Blueberry___healthy,0.944023
plantwild/extracted/plantwild/images/blueberry leaf/google_0068.jpg,Blueberry___healthy,Blueberry___healthy,0.405093
plantwild/extracted/plantwild/images/blueberry leaf/google_0073.jpg,Blueberry___healthy,Tomato___Septoria_leaf_spot,0.529251
plantwild/extracted/plantwild/images/blueberry leaf/google_0086.jpg,Blueberry___healthy,"Pepper,_bell___healthy",0.359073
plantwild/extracted/plantwild/images/blueberry leaf/google_0087.jpg,Blueberry___healthy,Blueberry___healthy,0.960553
plantwild/extracted/plantwild/images/blueberry leaf/google_0099.jpg,Blueberry___healthy,"Pepper,_bell___healthy",0.586363
plantwild/extracted/plantwild/images/blueberry leaf/google_0103.jpg,Blueberry___healthy,Blueberry___healthy,0.276463
plantwild/extracted/plantwild/images/blueberry leaf/google_0105.jpg,Blueberry___healthy,Blueberry___healthy,0.869669
plantwild/extracted/plantwild/images/blueberry leaf/google_0109.jpg,Blueberry___healthy,Blueberry___healthy,0.878675
plantwild/extracted/plantwild/images/blueberry leaf/google_0115.jpg,Blueberry___healthy,"Pepper,_bell___healthy",0.857691
plantwild/extracted/plantwild/images/blueberry leaf/google_0116.jpg,Blueberry___healthy,Cherry___healthy,0.817911
plantwild/extracted/plantwild/images/blueberry leaf/google_0121.jpg,Blueberry___healthy,Blueberry___healthy,0.462733
plantwild/extracted/plantwild/images/blueberry leaf/google_0127.jpg,Blueberry___healthy,"Pepper,_bell___healthy",0.755315
plantwild/extracted/plantwild/images/blueberry leaf/google_0132.jpg,Blueberry___healthy,Strawberry___Leaf_scorch,0.399647
plantwild/extracted/plantwild/images/blueberry leaf/google_0133.jpg,Blueberry___healthy,Tomato___Early_blight,0.867175
plantwild/extracted/plantwild/images/blueberry leaf/google_0135.jpg,Blueberry___healthy,Cherry___healthy,0.926678
plantwild/extracted/plantwild/images/blueberry leaf/google_0137.jpg,Blueberry___healthy,Blueberry___healthy,0.810671
plantwild/extracted/plantwild/images/blueberry leaf/google_0140.jpg,Blueberry___healthy,Blueberry___healthy,0.855382
plantwild/extracted/plantwild/images/blueberry leaf/google_0143.jpg,Blueberry___healthy,"Pepper,_bell___healthy",0.577519
plantwild/extracted/plantwild/images/blueberry leaf/google_0144.jpg,Blueberry___healthy,"Pepper,_bell___healthy",0.960909
plantwild/extracted/plantwild/images/blueberry leaf/google_0145.jpg,Blueberry___healthy,"Pepper,_bell___healthy",0.331111
plantwild/extracted/plantwild/images/blueberry leaf/google_0165.jpg,Blueberry___healthy,Soybean___healthy,0.739013
plantwild/extracted/plantwild/images/blueberry leaf/google_0169.jpg,Blueberry___healthy,Blueberry___healthy,0.952252
plantwild/extracted/plantwild/images/blueberry leaf/google_0171.jpg,Blueberry___healthy,Cherry___healthy,0.950418
plantwild/extracted/plantwild/images/blueberry leaf/google_0181.jpg,Blueberry___healthy,Blueberry___healthy,0.952345
plantwild/extracted/plantwild/images/blueberry leaf/google_0185.jpg,Blueberry___healthy,"Pepper,_bell___healthy",0.772325
plantwild/extracted/plantwild/images/blueberry leaf/google_0190.jpg,Blueberry___healthy,Cherry___healthy,0.652146
plantwild/extracted/plantwild/images/blueberry leaf/google_0195.jpg,Blueberry___healthy,Blueberry___healthy,0.961294
plantwild/extracted/plantwild/images/blueberry leaf/google_0196.jpg,Blueberry___healthy,Blueberry___healthy,0.694189
plantwild/extracted/plantwild/images/blueberry leaf/google_0199.jpg,Blueberry___healthy,"Pepper,_bell___healthy",0.799310
plantwild/extracted/plantwild/images/blueberry leaf/google_0206.jpg,Blueberry___healthy,"Pepper,_bell___healthy",0.868545
plantwild/extracted/plantwild/images/blueberry leaf/google_0210.jpg,Blueberry___healthy,Cherry___healthy,0.522633
plantwild/extracted/plantwild/images/blueberry leaf/google_0219.jpg,Blueberry___healthy,Blueberry___healthy,0.894417
plantwild/extracted/plantwild/images/blueberry leaf/google_0226.jpg,Blueberry___healthy,"Pepper,_bell___healthy",0.895003
plantwild/extracted/plantwild/images/blueberry leaf/google_0239.jpg,Blueberry___healthy,"Pepper,_bell___healthy",0.905554
plantwild/extracted/plantwild/images/blueberry leaf/google_0240.jpg,Blueberry___healthy,"Pepper,_bell___healthy",0.493981
plantwild/extracted/plantwild/images/blueberry leaf/google_0243.jpg,Blueberry___healthy,"Pepper,_bell___healthy",0.755741
plantwild/extracted/plantwild/images/blueberry leaf/google_0246.jpg,Blueberry___healthy,Strawberry___Leaf_scorch,0.943561
plantwild/extracted/plantwild/images/blueberry leaf/google_0253.jpg,Blueberry___healthy,Blueberry___healthy,0.944376
plantwild/extracted/plantwild/images/blueberry leaf/google_0279.jpg,Blueberry___healthy,Cherry___healthy,0.661686
plantwild/extracted/plantwild/images/blueberry leaf/google_0283.jpg,Blueberry___healthy,Grape___Black_rot,0.276656
plantwild/extracted/plantwild/images/blueberry leaf/google_0287.jpg,Blueberry___healthy,Cherry___healthy,0.946097
plantwild/extracted/plantwild/images/blueberry leaf/google_0290.jpg,Blueberry___healthy,Cherry___healthy,0.729835
plantwild/extracted/plantwild/images/blueberry leaf/google_0291.jpg,Blueberry___healthy,"Pepper,_bell___healthy",0.356713
plantwild/extracted/plantwild/images/blueberry leaf/google_0292.jpg,Blueberry___healthy,Cherry___healthy,0.920019
plantwild/extracted/plantwild/images/blueberry leaf/google_0308.jpg,Blueberry___healthy,"Pepper,_bell___healthy",0.897883
plantwild/extracted/plantwild/images/blueberry leaf/google_0309.jpg,Blueberry___healthy,Cherry___healthy,0.947132
plantwild/extracted/plantwild/images/blueberry leaf/google_0315.jpg,Blueberry___healthy,"Pepper,_bell___healthy",0.968565
plantwild/extracted/plantwild/images/blueberry leaf/google_0316.jpg,Blueberry___healthy,Strawberry___Leaf_scorch,0.816152
plantwild/extracted/plantwild/images/blueberry leaf/google_0319.jpg,Blueberry___healthy,"Pepper,_bell___healthy",0.842996
plantwild/extracted/plantwild/images/blueberry leaf/google_0331.jpg,Blueberry___healthy,"Pepper,_bell___healthy",0.879316
plantwild/extracted/plantwild/images/blueberry leaf/google_0336.jpg,Blueberry___healthy,Strawberry___Leaf_scorch,0.955985
plantwild/extracted/plantwild/images/blueberry leaf/google_0355.jpg,Blueberry___healthy,"Pepper,_bell___healthy",0.721093
plantwild/extracted/plantwild/images/blueberry leaf/google_0360.jpg,Blueberry___healthy,Blueberry___healthy,0.822798
plantwild/extracted/plantwild/images/blueberry leaf/google_0374.jpg,Blueberry___healthy,"Pepper,_bell___healthy",0.463207
plantwild/extracted/plantwild/images/blueberry leaf/google_0381.jpg,Blueberry___healthy,"Pepper,_bell___healthy",0.925149
plantwild/extracted/plantwild/images/blueberry leaf/google_0398.jpg,Blueberry___healthy,Blueberry___healthy,0.452193
plantwild/extracted/plantwild/images/blueberry leaf/google_0399.jpg,Blueberry___healthy,Blueberry___healthy,0.952224
plantwild/extracted/plantwild/images/blueberry leaf/google_0402.jpg,Blueberry___healthy,"Pepper,_bell___healthy",0.850250
plantwild/extracted/plantwild/images/blueberry leaf/google_0414.jpg,Blueberry___healthy,Blueberry___healthy,0.622991
plantwild/extracted/plantwild/images/blueberry leaf/google_0419.jpg,Blueberry___healthy,"Pepper,_bell___healthy",0.805355
plantwild/extracted/plantwild/images/blueberry leaf/google_0431.jpg,Blueberry___healthy,Tomato___Early_blight,0.748905
plantwild/extracted/plantwild/images/blueberry leaf/google_0441.jpg,Blueberry___healthy,Blueberry___healthy,0.777955
plantwild/extracted/plantwild/images/blueberry leaf/google_0454.jpg,Blueberry___healthy,Blueberry___healthy,0.460549
plantwild/extracted/plantwild/images/blueberry leaf/google_0455.jpg,Blueberry___healthy,"Pepper,_bell___healthy",0.928439
plantwild/extracted/plantwild/images/blueberry leaf/google_0481.jpg,Blueberry___healthy,Cherry___healthy,0.805112
plantwild/extracted/plantwild/images/blueberry leaf/google_0482.jpg,Blueberry___healthy,"Pepper,_bell___healthy",0.673945
plantwild/extracted/plantwild/images/blueberry leaf/google_0496.jpg,Blueberry___healthy,"Pepper,_bell___healthy",0.278266
plantwild/extracted/plantwild/images/blueberry leaf/google_0497.jpg,Blueberry___healthy,Cherry___healthy,0.929932
plantwild/extracted/plantwild/images/blueberry leaf/google_0498.jpg,Blueberry___healthy,Cherry___healthy,0.663403
plantwild/extracted/plantwild/images/blueberry leaf/google_0500.jpg,Blueberry___healthy,"Pepper,_bell___healthy",0.897964
plantwild/extracted/plantwild/images/blueberry leaf/google_0501.jpg,Blueberry___healthy,Strawberry___Leaf_scorch,0.927625
plantwild/extracted/plantwild/images/blueberry leaf/google_0502.jpg,Blueberry___healthy,Tomato___Late_blight,0.968961
plantwild/extracted/plantwild/images/blueberry leaf/google_0503.jpg,Blueberry___healthy,Strawberry___Leaf_scorch,0.861249
plantwild/extracted/plantwild/images/blueberry leaf/google_0504.jpg,Blueberry___healthy,Blueberry___healthy,0.592725
plantwild/extracted/plantwild/images/cherry leaf/1.jpg,Cherry___healthy,Blueberry___healthy,0.834615
plantwild/extracted/plantwild/images/cherry leaf/10.jpg,Cherry___healthy,Corn___healthy,0.524479
plantwild/extracted/plantwild/images/cherry leaf/100.jpg,Cherry___healthy,"Pepper,_bell___healthy",0.940724
plantwild/extracted/plantwild/images/cherry leaf/101.jpg,Cherry___healthy,Apple___healthy,0.220303
plantwild/extracted/plantwild/images/cherry leaf/102.jpg,Cherry___healthy,Blueberry___healthy,0.395067
plantwild/extracted/plantwild/images/cherry leaf/103.jpg,Cherry___healthy,Tomato___Tomato_Yellow_Leaf_Curl_Virus,0.947138
plantwild/extracted/plantwild/images/cherry leaf/104.jpg,Cherry___healthy,"Pepper,_bell___healthy",0.573059
plantwild/extracted/plantwild/images/cherry leaf/105.jpg,Cherry___healthy,"Pepper,_bell___healthy",0.967807
plantwild/extracted/plantwild/images/cherry leaf/106.jpg,Cherry___healthy,Squash___Powdery_mildew,0.840422
plantwild/extracted/plantwild/images/cherry leaf/107.jpg,Cherry___healthy,"Pepper,_bell___healthy",0.966923
plantwild/extracted/plantwild/images/cherry leaf/108.jpg,Cherry___healthy,Corn___healthy,0.920555
plantwild/extracted/plantwild/images/cherry leaf/109.jpg,Cherry___healthy,Corn___healthy,0.847056
plantwild/extracted/plantwild/images/cherry leaf/11.jpg,Cherry___healthy,Corn___healthy,0.946914
plantwild/extracted/plantwild/images/cherry leaf/110.jpg,Cherry___healthy,"Pepper,_bell___healthy",0.950603
plantwild/extracted/plantwild/images/cherry leaf/111.jpg,Cherry___healthy,"Pepper,_bell___healthy",0.914521
plantwild/extracted/plantwild/images/cherry leaf/112.jpg,Cherry___healthy,Tomato___Late_blight,0.194917
plantwild/extracted/plantwild/images/cherry leaf/114.jpg,Cherry___healthy,"Pepper,_bell___healthy",0.970115
plantwild/extracted/plantwild/images/cherry leaf/115.jpg,Cherry___healthy,Peach___Bacterial_spot,0.348054
plantwild/extracted/plantwild/images/cherry leaf/116.jpg,Cherry___healthy,"Pepper,_bell___healthy",0.805560
plantwild/extracted/plantwild/images/cherry leaf/117.jpg,Cherry___healthy,Strawberry___Leaf_scorch,0.449239
plantwild/extracted/plantwild/images/cherry leaf/118.jpg,Cherry___healthy,"Pepper,_bell___healthy",0.952991
plantwild/extracted/plantwild/images/cherry leaf/119.jpg,Cherry___healthy,"Pepper,_bell___healthy",0.944537
plantwild/extracted/plantwild/images/cherry leaf/12.jpg,Cherry___healthy,Corn___healthy,0.817244
plantwild/extracted/plantwild/images/cherry leaf/120.jpg,Cherry___healthy,"Pepper,_bell___healthy",0.525709
plantwild/extracted/plantwild/images/cherry leaf/121.jpg,Cherry___healthy,Blueberry___healthy,0.665215
plantwild/extracted/plantwild/images/cherry leaf/122.jpg,Cherry___healthy,"Pepper,_bell___healthy",0.888822
plantwild/extracted/plantwild/images/cherry leaf/123.jpg,Cherry___healthy,"Pepper,_bell___healthy",0.968839
plantwild/extracted/plantwild/images/cherry leaf/124.jpg,Cherry___healthy,"Pepper,_bell___healthy",0.966501
plantwild/extracted/plantwild/images/cherry leaf/125.jpg,Cherry___healthy,Apple___Black_rot,0.568860
plantwild/extracted/plantwild/images/cherry leaf/126.jpg,Cherry___healthy,Corn___healthy,0.397399
plantwild/extracted/plantwild/images/cherry leaf/127.jpg,Cherry___healthy,"Pepper,_bell___healthy",0.792927
plantwild/extracted/plantwild/images/cherry leaf/128.jpg,Cherry___healthy,"Pepper,_bell___healthy",0.965568
plantwild/extracted/plantwild/images/cherry leaf/129.jpg,Cherry___healthy,"Pepper,_bell___healthy",0.540614
plantwild/extracted/plantwild/images/cherry leaf/13.jpg,Cherry___healthy,"Pepper,_bell___healthy",0.739086
plantwild/extracted/plantwild/images/cherry leaf/130.jpg,Cherry___healthy,"Pepper,_bell___healthy",0.901383
plantwild/extracted/plantwild/images/cherry leaf/131.jpg,Cherry___healthy,"Pepper,_bell___healthy",0.884547
plantwild/extracted/plantwild/images/cherry leaf/132.jpg,Cherry___healthy,"Pepper,_bell___healthy",0.813172
plantwild/extracted/plantwild/images/cherry leaf/133.jpg,Cherry___healthy,"Pepper,_bell___healthy",0.838829
plantwild/extracted/plantwild/images/cherry leaf/134.jpg,Cherry___healthy,Tomato___Early_blight,0.723164
plantwild/extracted/plantwild/images/cherry leaf/135.jpg,Cherry___healthy,"Pepper,_bell___healthy",0.575369
plantwild/extracted/plantwild/images/cherry leaf/136.jpg,Cherry___healthy,"Pepper,_bell___healthy",0.511635
plantwild/extracted/plantwild/images/cherry leaf/137.jpg,Cherry___healthy,"Pepper,_bell___healthy",0.692956
plantwild/extracted/plantwild/images/cherry leaf/138.jpg,Cherry___healthy,"Pepper,_bell___healthy",0.947958
plantwild/extracted/plantwild/images/cherry leaf/139.jpg,Cherry___healthy,"Pepper,_bell___healthy",0.931993
plantwild/extracted/plantwild/images/cherry leaf/14.jpg,Cherry___healthy,"Pepper,_bell___healthy",0.870965
plantwild/extracted/plantwild/images/cherry leaf/140.jpg,Cherry___healthy,"Pepper,_bell___healthy",0.879005
plantwild/extracted/plantwild/images/cherry leaf/141.jpg,Cherry___healthy,"Pepper,_bell___healthy",0.696163
plantwild/extracted/plantwild/images/cherry leaf/143.jpg,Cherry___healthy,"Pepper,_bell___healthy",0.900631
plantwild/extracted/plantwild/images/cherry leaf/144.jpg,Cherry___healthy,Corn___healthy,0.529547
plantwild/extracted/plantwild/images/cherry leaf/145.jpg,Cherry___healthy,Cherry___healthy,0.647217
plantwild/extracted/plantwild/images/cherry leaf/146.jpg,Cherry___healthy,"Pepper,_bell___healthy",0.506579
plantwild/extracted/plantwild/images/cherry leaf/15.jpg,Cherry___healthy,Corn___healthy,0.692550
plantwild/extracted/plantwild/images/cherry leaf/157.jpg,Cherry___healthy,"Pepper,_bell___healthy",0.947307
plantwild/extracted/plantwild/images/cherry leaf/16.jpg,Cherry___healthy,Blueberry___healthy,0.421206
plantwild/extracted/plantwild/images/cherry leaf/161.jpg,Cherry___healthy,"Pepper,_bell___healthy",0.692390
plantwild/extracted/plantwild/images/cherry leaf/165.jpg,Cherry___healthy,"Pepper,_bell___healthy",0.461023
plantwild/extracted/plantwild/images/cherry leaf/166.jpg,Cherry___healthy,Tomato___Late_blight,0.799354
plantwild/extracted/plantwild/images/cherry leaf/167.jpg,Cherry___healthy,Grape___Black_rot,0.739711
plantwild/extracted/plantwild/images/cherry leaf/168.jpg,Cherry___healthy,"Pepper,_bell___healthy",0.920748
plantwild/extracted/plantwild/images/cherry leaf/17.jpg,Cherry___healthy,Strawberry___Leaf_scorch,0.669638
plantwild/extracted/plantwild/images/cherry leaf/170.jpg,Cherry___healthy,Grape___Black_rot,0.739711
plantwild/extracted/plantwild/images/cherry leaf/171.jpg,Cherry___healthy,"Pepper,_bell___healthy",0.920748
plantwild/extracted/plantwild/images/cherry leaf/172.jpg,Cherry___healthy,Tomato___Tomato_Yellow_Leaf_Curl_Virus,0.468682
plantwild/extracted/plantwild/images/cherry leaf/173.jpg,Cherry___healthy,Corn___healthy,0.965557
plantwild/extracted/plantwild/images/cherry leaf/174.jpg,Cherry___healthy,Corn___healthy,0.420899
plantwild/extracted/plantwild/images/cherry leaf/175.jpg,Cherry___healthy,"Pepper,_bell___healthy",0.307104
plantwild/extracted/plantwild/images/cherry leaf/176.jpg,Cherry___healthy,Blueberry___healthy,0.720374
plantwild/extracted/plantwild/images/cherry leaf/177.jpg,Cherry___healthy,Blueberry___healthy,0.699785
plantwild/extracted/plantwild/images/cherry leaf/178.jpg,Cherry___healthy,Blueberry___healthy,0.572343
plantwild/extracted/plantwild/images/cherry leaf/18.jpg,Cherry___healthy,Blueberry___healthy,0.559263
plantwild/extracted/plantwild/images/cherry leaf/180.jpg,Cherry___healthy,Blueberry___healthy,0.783166
plantwild/extracted/plantwild/images/cherry leaf/181.jpg,Cherry___healthy,"Pepper,_bell___healthy",0.670601
plantwild/extracted/plantwild/images/cherry leaf/182.jpg,Cherry___healthy,Blueberry___healthy,0.613765
plantwild/extracted/plantwild/images/cherry leaf/183.jpg,Cherry___healthy,"Pepper,_bell___healthy",0.382570
plantwild/extracted/plantwild/images/cherry leaf/184.jpg,Cherry___healthy,Blueberry___healthy,0.907248
plantwild/extracted/plantwild/images/cherry leaf/185.jpg,Cherry___healthy,"Pepper,_bell___healthy",0.596973
plantwild/extracted/plantwild/images/cherry leaf/186.jpg,Cherry___healthy,"Pepper,_bell___healthy",0.407734
plantwild/extracted/plantwild/images/cherry leaf/187.jpg,Cherry___healthy,Blueberry___healthy,0.315289
plantwild/extracted/plantwild/images/cherry leaf/188.jpg,Cherry___healthy,"Pepper,_bell___healthy",0.354596
plantwild/extracted/plantwild/images/cherry leaf/19.jpg,Cherry___healthy,Corn___healthy,0.634237
plantwild/extracted/plantwild/images/cherry leaf/191.jpg,Cherry___healthy,"Pepper,_bell___healthy",0.968659
plantwild/extracted/plantwild/images/cherry leaf/192.jpg,Cherry___healthy,Blueberry___healthy,0.855152
plantwild/extracted/plantwild/images/cherry leaf/193.jpg,Cherry___healthy,Blueberry___healthy,0.743391
plantwild/extracted/plantwild/images/cherry leaf/194.jpg,Cherry___healthy,Cherry___healthy,0.525330
plantwild/extracted/plantwild/images/cherry leaf/195.jpg,Cherry___healthy,Apple___Black_rot,0.720029
plantwild/extracted/plantwild/images/cherry leaf/2.jpg,Cherry___healthy,"Pepper,_bell___healthy",0.962513
plantwild/extracted/plantwild/images/cherry leaf/20.jpg,Cherry___healthy,Blueberry___healthy,0.863823
plantwild/extracted/plantwild/images/cherry leaf/21.jpg,Cherry___healthy,Corn___healthy,0.497366
plantwild/extracted/plantwild/images/cherry leaf/22.jpg,Cherry___healthy,Corn___healthy,0.917457
plantwild/extracted/plantwild/images/cherry leaf/23.jpg,Cherry___healthy,Blueberry___healthy,0.508625
plantwild/extracted/plantwild/images/cherry leaf/24.jpg,Cherry___healthy,"Pepper,_bell___healthy",0.968249
plantwild/extracted/plantwild/images/cherry leaf/25.jpg,Cherry___healthy,"Pepper,_bell___healthy",0.708773
plantwild/extracted/plantwild/images/cherry leaf/26.jpg,Cherry___healthy,Blueberry___healthy,0.586825
plantwild/extracted/plantwild/images/cherry leaf/27.jpg,Cherry___healthy,"Pepper,_bell___healthy",0.953934
plantwild/extracted/plantwild/images/cherry leaf/28.jpg,Cherry___healthy,"Pepper,_bell___healthy",0.647752
plantwild/extracted/plantwild/images/cherry leaf/29.jpg,Cherry___healthy,"Pepper,_bell___healthy",0.959876
plantwild/extracted/plantwild/images/cherry leaf/3.jpg,Cherry___healthy,"Pepper,_bell___healthy",0.928397
plantwild/extracted/plantwild/images/cherry leaf/30.jpg,Cherry___healthy,Strawberry___Leaf_scorch,0.271902
plantwild/extracted/plantwild/images/cherry leaf/31.jpg,Cherry___healthy,Blueberry___healthy,0.541688
plantwild/extracted/plantwild/images/cherry leaf/32.jpg,Cherry___healthy,"Pepper,_bell___healthy",0.806583
plantwild/extracted/plantwild/images/cherry leaf/33.jpg,Cherry___healthy,Corn___healthy,0.791309
plantwild/extracted/plantwild/images/cherry leaf/34.jpg,Cherry___healthy,"Pepper,_bell___healthy",0.906538
plantwild/extracted/plantwild/images/cherry leaf/35.jpg,Cherry___healthy,"Pepper,_bell___healthy",0.584549
plantwild/extracted/plantwild/images/cherry leaf/36.jpg,Cherry___healthy,Blueberry___healthy,0.388884
plantwild/extracted/plantwild/images/cherry leaf/37.jpg,Cherry___healthy,"Pepper,_bell___healthy",0.807212
plantwild/extracted/plantwild/images/cherry leaf/38.jpg,Cherry___healthy,Blueberry___healthy,0.593153
plantwild/extracted/plantwild/images/cherry leaf/39.jpg,Cherry___healthy,Strawberry___Leaf_scorch,0.503084
plantwild/extracted/plantwild/images/cherry leaf/4.jpg,Cherry___healthy,"Pepper,_bell___healthy",0.390739
plantwild/extracted/plantwild/images/cherry leaf/40.jpg,Cherry___healthy,Blueberry___healthy,0.951114
plantwild/extracted/plantwild/images/cherry leaf/41.jpg,Cherry___healthy,"Pepper,_bell___healthy",0.948447
plantwild/extracted/plantwild/images/cherry leaf/42.jpg,Cherry___healthy,Blueberry___healthy,0.584835
plantwild/extracted/plantwild/images/cherry leaf/44.jpg,Cherry___healthy,Blueberry___healthy,0.202944
plantwild/extracted/plantwild/images/cherry leaf/45.jpg,Cherry___healthy,Corn___Northern_Leaf_Blight,0.437658
plantwild/extracted/plantwild/images/cherry leaf/46.jpg,Cherry___healthy,Blueberry___healthy,0.855870
plantwild/extracted/plantwild/images/cherry leaf/47.jpg,Cherry___healthy,Blueberry___healthy,0.729764
plantwild/extracted/plantwild/images/cherry leaf/48.jpg,Cherry___healthy,Blueberry___healthy,0.877241
plantwild/extracted/plantwild/images/cherry leaf/49.jpg,Cherry___healthy,"Pepper,_bell___healthy",0.732664
plantwild/extracted/plantwild/images/cherry leaf/5.jpg,Cherry___healthy,Blueberry___healthy,0.410747
plantwild/extracted/plantwild/images/cherry leaf/50.jpg,Cherry___healthy,"Pepper,_bell___healthy",0.419334
plantwild/extracted/plantwild/images/cherry leaf/51.jpg,Cherry___healthy,"Pepper,_bell___healthy",0.940346
plantwild/extracted/plantwild/images/cherry leaf/52.jpg,Cherry___healthy,"Pepper,_bell___healthy",0.866831
plantwild/extracted/plantwild/images/cherry leaf/53.jpg,Cherry___healthy,"Pepper,_bell___healthy",0.892371
plantwild/extracted/plantwild/images/cherry leaf/54.jpg,Cherry___healthy,"Pepper,_bell___healthy",0.786737
plantwild/extracted/plantwild/images/cherry leaf/55.jpg,Cherry___healthy,"Pepper,_bell___healthy",0.929711
plantwild/extracted/plantwild/images/cherry leaf/56.jpg,Cherry___healthy,Blueberry___healthy,0.823626
plantwild/extracted/plantwild/images/cherry leaf/57.jpg,Cherry___healthy,Blueberry___healthy,0.818807
plantwild/extracted/plantwild/images/cherry leaf/58.jpg,Cherry___healthy,Blueberry___healthy,0.963609
plantwild/extracted/plantwild/images/cherry leaf/59.jpg,Cherry___healthy,Cherry___healthy,0.783572
plantwild/extracted/plantwild/images/cherry leaf/6.jpg,Cherry___healthy,Blueberry___healthy,0.794591
plantwild/extracted/plantwild/images/cherry leaf/60.jpg,Cherry___healthy,"Pepper,_bell___healthy",0.958555
plantwild/extracted/plantwild/images/cherry leaf/61.jpg,Cherry___healthy,"Pepper,_bell___healthy",0.807447
plantwild/extracted/plantwild/images/cherry leaf/62.jpg,Cherry___healthy,Corn___healthy,0.953799
plantwild/extracted/plantwild/images/cherry leaf/63.jpg,Cherry___healthy,"Pepper,_bell___healthy",0.532128
plantwild/extracted/plantwild/images/cherry leaf/64.jpg,Cherry___healthy,"Pepper,_bell___healthy",0.941050
plantwild/extracted/plantwild/images/cherry leaf/65.jpg,Cherry___healthy,"Pepper,_bell___healthy",0.891800
plantwild/extracted/plantwild/images/cherry leaf/66.jpg,Cherry___healthy,"Pepper,_bell___healthy",0.969210
plantwild/extracted/plantwild/images/cherry leaf/67.jpg,Cherry___healthy,"Pepper,_bell___healthy",0.344067
plantwild/extracted/plantwild/images/cherry leaf/68.jpg,Cherry___healthy,Blueberry___healthy,0.948923
plantwild/extracted/plantwild/images/cherry leaf/69.jpg,Cherry___healthy,"Pepper,_bell___healthy",0.962483
plantwild/extracted/plantwild/images/cherry leaf/7.jpg,Cherry___healthy,"Pepper,_bell___healthy",0.969117
plantwild/extracted/plantwild/images/cherry leaf/70.jpg,Cherry___healthy,Blueberry___healthy,0.611463
plantwild/extracted/plantwild/images/cherry leaf/71.jpg,Cherry___healthy,"Pepper,_bell___healthy",0.955985
plantwild/extracted/plantwild/images/cherry leaf/72.jpg,Cherry___healthy,"Pepper,_bell___healthy",0.964057
plantwild/extracted/plantwild/images/cherry leaf/73.jpg,Cherry___healthy,Apple___healthy,0.365767
plantwild/extracted/plantwild/images/cherry leaf/74.jpg,Cherry___healthy,"Pepper,_bell___healthy",0.900740
plantwild/extracted/plantwild/images/cherry leaf/75.jpg,Cherry___healthy,"Pepper,_bell___healthy",0.922829
plantwild/extracted/plantwild/images/cherry leaf/76.jpg,Cherry___healthy,Tomato___Late_blight,0.488159
plantwild/extracted/plantwild/images/cherry leaf/77.jpg,Cherry___healthy,"Pepper,_bell___healthy",0.961443
plantwild/extracted/plantwild/images/cherry leaf/78.jpg,Cherry___healthy,"Pepper,_bell___healthy",0.878738
plantwild/extracted/plantwild/images/cherry leaf/79.jpg,Cherry___healthy,"Pepper,_bell___healthy",0.617242
plantwild/extracted/plantwild/images/cherry leaf/8.jpg,Cherry___healthy,Peach___Bacterial_spot,0.660199
plantwild/extracted/plantwild/images/cherry leaf/80.jpg,Cherry___healthy,"Pepper,_bell___healthy",0.284161
plantwild/extracted/plantwild/images/cherry leaf/81.jpg,Cherry___healthy,Tomato___Tomato_Yellow_Leaf_Curl_Virus,0.918429
plantwild/extracted/plantwild/images/cherry leaf/82.jpg,Cherry___healthy,"Pepper,_bell___healthy",0.956006
plantwild/extracted/plantwild/images/cherry leaf/83.jpg,Cherry___healthy,Tomato___healthy,0.292095
plantwild/extracted/plantwild/images/cherry leaf/84.jpg,Cherry___healthy,"Pepper,_bell___healthy",0.963146
plantwild/extracted/plantwild/images/cherry leaf/85.jpg,Cherry___healthy,"Pepper,_bell___healthy",0.788847
plantwild/extracted/plantwild/images/cherry leaf/86.jpg,Cherry___healthy,Blueberry___healthy,0.914055
plantwild/extracted/plantwild/images/cherry leaf/87.jpg,Cherry___healthy,"Pepper,_bell___healthy",0.819386
plantwild/extracted/plantwild/images/cherry leaf/88.jpg,Cherry___healthy,Corn___healthy,0.379847
plantwild/extracted/plantwild/images/cherry leaf/89.jpg,Cherry___healthy,"Pepper,_bell___healthy",0.962697
plantwild/extracted/plantwild/images/cherry leaf/9.jpg,Cherry___healthy,"Pepper,_bell___healthy",0.418606
plantwild/extracted/plantwild/images/cherry leaf/90.jpg,Cherry___healthy,"Pepper,_bell___healthy",0.735656
plantwild/extracted/plantwild/images/cherry leaf/91.jpg,Cherry___healthy,Blueberry___healthy,0.360444
plantwild/extracted/plantwild/images/cherry leaf/92.jpg,Cherry___healthy,"Pepper,_bell___healthy",0.933244
plantwild/extracted/plantwild/images/cherry leaf/93.jpg,Cherry___healthy,"Pepper,_bell___healthy",0.954363
plantwild/extracted/plantwild/images/cherry leaf/94.jpg,Cherry___healthy,"Pepper,_bell___healthy",0.833382
plantwild/extracted/plantwild/images/cherry leaf/95.jpg,Cherry___healthy,"Pepper,_bell___healthy",0.919343
plantwild/extracted/plantwild/images/cherry leaf/96.jpg,Cherry___healthy,"Pepper,_bell___healthy",0.844632
plantwild/extracted/plantwild/images/cherry leaf/97.jpg,Cherry___healthy,"Pepper,_bell___healthy",0.959042
plantwild/extracted/plantwild/images/cherry leaf/98.jpg,Cherry___healthy,"Pepper,_bell___healthy",0.804838
plantwild/extracted/plantwild/images/cherry leaf/99.jpg,Cherry___healthy,"Pepper,_bell___healthy",0.944660
plantwild/extracted/plantwild/images/cherry leaf/google_0000.jpg,Cherry___healthy,Corn___healthy,0.327003
plantwild/extracted/plantwild/images/cherry leaf/google_0001.jpg,Cherry___healthy,Blueberry___healthy,0.824688
plantwild/extracted/plantwild/images/cherry leaf/google_0002.jpg,Cherry___healthy,"Pepper,_bell___healthy",0.718098
plantwild/extracted/plantwild/images/cherry leaf/google_0004.jpg,Cherry___healthy,Corn___healthy,0.462121
plantwild/extracted/plantwild/images/cherry leaf/google_0005.jpg,Cherry___healthy,Strawberry___Leaf_scorch,0.725978
plantwild/extracted/plantwild/images/cherry leaf/google_0006.jpg,Cherry___healthy,Blueberry___healthy,0.789796
plantwild/extracted/plantwild/images/cherry leaf/google_0007.jpg,Cherry___healthy,Blueberry___healthy,0.772351
plantwild/extracted/plantwild/images/cherry leaf/google_0008.jpg,Cherry___healthy,Cherry___healthy,0.476466
plantwild/extracted/plantwild/images/cherry leaf/google_0009.jpg,Cherry___healthy,Blueberry___healthy,0.806809
plantwild/extracted/plantwild/images/cherry leaf/google_0011.jpg,Cherry___healthy,Peach___healthy,0.256903
plantwild/extracted/plantwild/images/cherry leaf/google_0012.jpg,Cherry___healthy,"Pepper,_bell___healthy",0.323123
plantwild/extracted/plantwild/images/cherry leaf/google_0014.jpg,Cherry___healthy,Blueberry___healthy,0.350012
plantwild/extracted/plantwild/images/cherry leaf/google_0015.jpg,Cherry___healthy,Blueberry___healthy,0.844658
plantwild/extracted/plantwild/images/cherry leaf/google_0016.jpg,Cherry___healthy,"Pepper,_bell___healthy",0.508257
plantwild/extracted/plantwild/images/cherry leaf/google_0017.jpg,Cherry___healthy,Corn___healthy,0.397714
plantwild/extracted/plantwild/images/cherry leaf/google_0018.jpg,Cherry___healthy,Corn___healthy,0.765346
plantwild/extracted/plantwild/images/cherry leaf/google_0026.jpg,Cherry___healthy,"Pepper,_bell___healthy",0.970049
plantwild/extracted/plantwild/images/cherry leaf/google_0031.jpg,Cherry___healthy,"Pepper,_bell___healthy",0.487880
plantwild/extracted/plantwild/images/cherry leaf/google_0033.jpg,Cherry___healthy,Blueberry___healthy,0.733436
plantwild/extracted/plantwild/images/cherry leaf/google_0036.jpg,Cherry___healthy,"Pepper,_bell___healthy",0.674076
plantwild/extracted/plantwild/images/cherry leaf/google_0041.jpg,Cherry___healthy,"Pepper,_bell___healthy",0.865440
plantwild/extracted/plantwild/images/cherry leaf/google_0042.jpg,Cherry___healthy,"Pepper,_bell___healthy",0.357981
plantwild/extracted/plantwild/images/cherry leaf/google_0043.jpg,Cherry___healthy,"Pepper,_bell___healthy",0.928893
plantwild/extracted/plantwild/images/cherry leaf/google_0045.jpg,Cherry___healthy,Strawberry___Leaf_scorch,0.589374
plantwild/extracted/plantwild/images/cherry leaf/google_0048.jpg,Cherry___healthy,"Pepper,_bell___healthy",0.427644
plantwild/extracted/plantwild/images/cherry leaf/google_0054.jpg,Cherry___healthy,Blueberry___healthy,0.498510
plantwild/extracted/plantwild/images/cherry leaf/google_0055.jpg,Cherry___healthy,Blueberry___healthy,0.803170
plantwild/extracted/plantwild/images/cherry leaf/google_0056.jpg,Cherry___healthy,Raspberry___healthy,0.962536
plantwild/extracted/plantwild/images/cherry leaf/google_0057.jpg,Cherry___healthy,Blueberry___healthy,0.838115
plantwild/extracted/plantwild/images/cherry leaf/google_0061.jpg,Cherry___healthy,Blueberry___healthy,0.914666
plantwild/extracted/plantwild/images/cherry leaf/google_0062.jpg,Cherry___healthy,Corn___healthy,0.525436
plantwild/extracted/plantwild/images/cherry leaf/google_0063.jpg,Cherry___healthy,Blueberry___healthy,0.809169
plantwild/extracted/plantwild/images/cherry leaf/google_0068.jpg,Cherry___healthy,Corn___healthy,0.959994
plantwild/extracted/plantwild/images/cherry leaf/google_0069.jpg,Cherry___healthy,Potato___Early_blight,0.838343
plantwild/extracted/plantwild/images/cherry leaf/google_0071.jpg,Cherry___healthy,"Pepper,_bell___healthy",0.695057
plantwild/extracted/plantwild/images/cherry leaf/google_0078.jpg,Cherry___healthy,"Pepper,_bell___healthy",0.347208
plantwild/extracted/plantwild/images/cherry leaf/google_0079.jpg,Cherry___healthy,Corn___healthy,0.859582
plantwild/extracted/plantwild/images/cherry leaf/google_0084.jpg,Cherry___healthy,Apple___Apple_scab,0.799260
plantwild/extracted/plantwild/images/cherry leaf/google_0087.jpg,Cherry___healthy,Corn___healthy,0.292847
plantwild/extracted/plantwild/images/cherry leaf/google_0090.jpg,Cherry___healthy,"Pepper,_bell___healthy",0.445411
plantwild/extracted/plantwild/images/cherry leaf/google_0091.jpg,Cherry___healthy,Blueberry___healthy,0.366819
plantwild/extracted/plantwild/images/cherry leaf/google_0106.jpg,Cherry___healthy,"Pepper,_bell___healthy",0.972047
plantwild/extracted/plantwild/images/cherry leaf/google_0107.jpg,Cherry___healthy,Cherry___healthy,0.454943
plantwild/extracted/plantwild/images/cherry leaf/google_0111.jpg,Cherry___healthy,Blueberry___healthy,0.919945
plantwild/extracted/plantwild/images/cherry leaf/google_0120.jpg,Cherry___healthy,Squash___Powdery_mildew,0.947473
plantwild/extracted/plantwild/images/cherry leaf/google_0121.jpg,Cherry___healthy,Cherry___healthy,0.263308
plantwild/extracted/plantwild/images/cherry leaf/google_0123.jpg,Cherry___healthy,"Pepper,_bell___healthy",0.694256
plantwild/extracted/plantwild/images/cherry leaf/google_0124.jpg,Cherry___healthy,Corn___healthy,0.523744
plantwild/extracted/plantwild/images/cherry leaf/google_0128.jpg,Cherry___healthy,Corn___healthy,0.674071
plantwild/extracted/plantwild/images/cherry leaf/google_0129.jpg,Cherry___healthy,"Pepper,_bell___healthy",0.785968
plantwild/extracted/plantwild/images/cherry leaf/google_0147.jpg,Cherry___healthy,"Pepper,_bell___healthy",0.361792
plantwild/extracted/plantwild/images/cherry leaf/google_0149.jpg,Cherry___healthy,Blueberry___healthy,0.541391
plantwild/extracted/plantwild/images/cherry leaf/google_0152.jpg,Cherry___healthy,Tomato___Late_blight,0.378414
plantwild/extracted/plantwild/images/cherry leaf/google_0156.jpg,Cherry___healthy,Cherry___healthy,0.557845
plantwild/extracted/plantwild/images/cherry leaf/google_0158.jpg,Cherry___healthy,Blueberry___healthy,0.722647
plantwild/extracted/plantwild/images/cherry leaf/google_0162.jpg,Cherry___healthy,Strawberry___Leaf_scorch,0.934226
plantwild/extracted/plantwild/images/cherry leaf/google_0163.jpg,Cherry___healthy,Cherry___healthy,0.890472
plantwild/extracted/plantwild/images/cherry leaf/google_0165.jpg,Cherry___healthy,Blueberry___healthy,0.859989
plantwild/extracted/plantwild/images/cherry leaf/google_0166.jpg,Cherry___healthy,Cherry___healthy,0.404590
plantwild/extracted/plantwild/images/cherry leaf/google_0173.jpg,Cherry___healthy,"Pepper,_bell___healthy",0.739403
plantwild/extracted/plantwild/images/cherry leaf/google_0182.jpg,Cherry___healthy,"Pepper,_bell___healthy",0.916267
plantwild/extracted/plantwild/images/cherry leaf/google_0184.jpg,Cherry___healthy,Corn___healthy,0.892696
plantwild/extracted/plantwild/images/cherry leaf/google_0193.jpg,Cherry___healthy,"Pepper,_bell___healthy",0.959682
plantwild/extracted/plantwild/images/cherry leaf/google_0198.jpg,Cherry___healthy,Apple___Black_rot,0.386682
plantwild/extracted/plantwild/images/cherry leaf/google_0204.jpg,Cherry___healthy,"Pepper,_bell___healthy",0.924439
plantwild/extracted/plantwild/images/cherry leaf/google_0205.jpg,Cherry___healthy,"Pepper,_bell___healthy",0.359131
plantwild/extracted/plantwild/images/cherry leaf/google_0209.jpg,Cherry___healthy,Strawberry___Leaf_scorch,0.848043
plantwild/extracted/plantwild/images/cherry leaf/google_0211.jpg,Cherry___healthy,Cherry___healthy,0.813995
plantwild/extracted/plantwild/images/cherry leaf/google_0212.jpg,Cherry___healthy,Strawberry___Leaf_scorch,0.710247
plantwild/extracted/plantwild/images/cherry leaf/google_0213.jpg,Cherry___healthy,"Pepper,_bell___healthy",0.888751
plantwild/extracted/plantwild/images/cherry leaf/google_0215.jpg,Cherry___healthy,Corn___healthy,0.764755
plantwild/extracted/plantwild/images/cherry leaf/google_0220.jpg,Cherry___healthy,Corn___healthy,0.645008
plantwild/extracted/plantwild/images/cherry leaf/google_0224.jpg,Cherry___healthy,Blueberry___healthy,0.855742
plantwild/extracted/plantwild/images/cherry leaf/google_0225.jpg,Cherry___healthy,"Pepper,_bell___healthy",0.383365
plantwild/extracted/plantwild/images/cherry leaf/google_0228.jpg,Cherry___healthy,"Pepper,_bell___healthy",0.778317
plantwild/extracted/plantwild/images/cherry leaf/google_0229.jpg,Cherry___healthy,"Pepper,_bell___healthy",0.968052
plantwild/extracted/plantwild/images/cherry leaf/google_0236.jpg,Cherry___healthy,"Pepper,_bell___healthy",0.969057
plantwild/extracted/plantwild/images/cherry leaf/google_0237.jpg,Cherry___healthy,"Pepper,_bell___healthy",0.359975
plantwild/extracted/plantwild/images/cherry leaf/google_0243.jpg,Cherry___healthy,"Pepper,_bell___healthy",0.381053
plantwild/extracted/plantwild/images/cherry leaf/google_0246.jpg,Cherry___healthy,"Pepper,_bell___healthy",0.763487
plantwild/extracted/plantwild/images/cherry leaf/google_0249.jpg,Cherry___healthy,Corn___healthy,0.525609
plantwild/extracted/plantwild/images/cherry leaf/google_0256.jpg,Cherry___healthy,Cherry___healthy,0.342242
plantwild/extracted/plantwild/images/cherry leaf/google_0258.jpg,Cherry___healthy,Cherry___healthy,0.761491
plantwild/extracted/plantwild/images/cherry leaf/google_0263.jpg,Cherry___healthy,"Pepper,_bell___healthy",0.928899
plantwild/extracted/plantwild/images/cherry leaf/google_0282.jpg,Cherry___healthy,Corn___healthy,0.893623
plantwild/extracted/plantwild/images/cherry leaf/google_0285.jpg,Cherry___healthy,"Pepper,_bell___healthy",0.497017
plantwild/extracted/plantwild/images/cherry leaf/google_0286.jpg,Cherry___healthy,"Pepper,_bell___healthy",0.952275
plantwild/extracted/plantwild/images/cherry leaf/google_0321.jpg,Cherry___healthy,"Pepper,_bell___healthy",0.927723
plantwild/extracted/plantwild/images/cherry leaf/google_0322.jpg,Cherry___healthy,Tomato___Late_blight,0.849677
plantwild/extracted/plantwild/images/cherry leaf/google_0323.jpg,Cherry___healthy,Corn___healthy,0.268297
plantwild/extracted/plantwild/images/cherry leaf/google_0332.jpg,Cherry___healthy,Cherry___healthy,0.652096
plantwild/extracted/plantwild/images/cherry leaf/google_0335.jpg,Cherry___healthy,"Pepper,_bell___healthy",0.902326
plantwild/extracted/plantwild/images/cherry leaf/google_0348.jpg,Cherry___healthy,Blueberry___healthy,0.888418
plantwild/extracted/plantwild/images/cherry leaf/google_0349.jpg,Cherry___healthy,Corn___healthy,0.943098
plantwild/extracted/plantwild/images/cherry leaf/google_0350.jpg,Cherry___healthy,Corn___Northern_Leaf_Blight,0.420319
plantwild/extracted/plantwild/images/cherry leaf/google_0358.jpg,Cherry___healthy,"Pepper,_bell___healthy",0.969923
plantwild/extracted/plantwild/images/cherry leaf/google_0369.jpg,Cherry___healthy,Corn___healthy,0.692837
plantwild/extracted/plantwild/images/cherry leaf/google_0371.jpg,Cherry___healthy,Apple___Black_rot,0.644874
plantwild/extracted/plantwild/images/cherry leaf/google_0382.jpg,Cherry___healthy,Blueberry___healthy,0.927747
plantwild/extracted/plantwild/images/cherry leaf/google_0386.jpg,Cherry___healthy,Corn___healthy,0.917159
plantwild/extracted/plantwild/images/cherry leaf/google_0399.jpg,Cherry___healthy,Corn___healthy,0.911066
plantwild/extracted/plantwild/images/cherry leaf/google_0406.jpg,Cherry___healthy,Cherry___healthy,0.938309
plantwild/extracted/plantwild/images/cherry leaf/google_0408.jpg,Cherry___healthy,"Pepper,_bell___healthy",0.579260
plantwild/extracted/plantwild/images/cherry leaf/google_0415.jpg,Cherry___healthy,Strawberry___Leaf_scorch,0.483248
plantwild/extracted/plantwild/images/cherry leaf/google_0425.jpg,Cherry___healthy,Tomato___Early_blight,0.669954
plantwild/extracted/plantwild/images/cherry leaf/google_0438.jpg,Cherry___healthy,"Pepper,_bell___healthy",0.771143
plantwild/extracted/plantwild/images/cherry leaf/google_0443.jpg,Cherry___healthy,"Pepper,_bell___healthy",0.825259
plantwild/extracted/plantwild/images/cherry leaf/google_0453.jpg,Cherry___healthy,Apple___healthy,0.912372
plantwild/extracted/plantwild/images/cherry leaf/google_0455.jpg,Cherry___healthy,"Pepper,_bell___healthy",0.385610
plantwild/extracted/plantwild/images/cherry leaf/google_0456.jpg,Cherry___healthy,Blueberry___healthy,0.952762
plantwild/extracted/plantwild/images/cherry leaf/google_0461.jpg,Cherry___healthy,"Pepper,_bell___healthy",0.387834
plantwild/extracted/plantwild/images/cherry leaf/google_0463.jpg,Cherry___healthy,"Pepper,_bell___healthy",0.942813
plantwild/extracted/plantwild/images/cherry leaf/google_0467.jpg,Cherry___healthy,Raspberry___healthy,0.810380
plantwild/extracted/plantwild/images/cherry leaf/google_0477.jpg,Cherry___healthy,"Pepper,_bell___healthy",0.943705
plantwild/extracted/plantwild/images/cherry powdery mildew/10.jpg,Cherry___Powdery_mildew,Squash___Powdery_mildew,0.425657
plantwild/extracted/plantwild/images/cherry powdery mildew/102.jpg,Cherry___Powdery_mildew,"Pepper,_bell___healthy",0.803438
plantwild/extracted/plantwild/images/cherry powdery mildew/103.jpg,Cherry___Powdery_mildew,"Pepper,_bell___healthy",0.487924
plantwild/extracted/plantwild/images/cherry powdery mildew/106.jpg,Cherry___Powdery_mildew,Cherry___healthy,0.637275
plantwild/extracted/plantwild/images/cherry powdery mildew/107.jpg,Cherry___Powdery_mildew,"Pepper,_bell___healthy",0.924606
plantwild/extracted/plantwild/images/cherry powdery mildew/108.jpg,Cherry___Powdery_mildew,"Pepper,_bell___healthy",0.909348
plantwild/extracted/plantwild/images/cherry powdery mildew/109.jpg,Cherry___Powdery_mildew,Strawberry___Leaf_scorch,0.531264
plantwild/extracted/plantwild/images/cherry powdery mildew/12.jpg,Cherry___Powdery_mildew,"Pepper,_bell___healthy",0.796538
plantwild/extracted/plantwild/images/cherry powdery mildew/13.jpg,Cherry___Powdery_mildew,Squash___Powdery_mildew,0.866492
plantwild/extracted/plantwild/images/cherry powdery mildew/14.jpg,Cherry___Powdery_mildew,Tomato___Early_blight,0.950006
plantwild/extracted/plantwild/images/cherry powdery mildew/141.jpg,Cherry___Powdery_mildew,Strawberry___Leaf_scorch,0.264356
plantwild/extracted/plantwild/images/cherry powdery mildew/15.jpg,Cherry___Powdery_mildew,"Pepper,_bell___healthy",0.942875
plantwild/extracted/plantwild/images/cherry powdery mildew/16.jpg,Cherry___Powdery_mildew,Squash___Powdery_mildew,0.910560
plantwild/extracted/plantwild/images/cherry powdery mildew/17.jpg,Cherry___Powdery_mildew,Corn___healthy,0.480620
plantwild/extracted/plantwild/images/cherry powdery mildew/18.jpg,Cherry___Powdery_mildew,Squash___Powdery_mildew,0.426429
plantwild/extracted/plantwild/images/cherry powdery mildew/2.jpg,Cherry___Powdery_mildew,Squash___Powdery_mildew,0.491780
plantwild/extracted/plantwild/images/cherry powdery mildew/20.jpg,Cherry___Powdery_mildew,Tomato___Early_blight,0.885500
plantwild/extracted/plantwild/images/cherry powdery mildew/21.jpg,Cherry___Powdery_mildew,Strawberry___Leaf_scorch,0.837927
plantwild/extracted/plantwild/images/cherry powdery mildew/22.jpg,Cherry___Powdery_mildew,Tomato___Early_blight,0.965130
plantwild/extracted/plantwild/images/cherry powdery mildew/24.jpg,Cherry___Powdery_mildew,Strawberry___Leaf_scorch,0.809695
plantwild/extracted/plantwild/images/cherry powdery mildew/25.jpg,Cherry___Powdery_mildew,Strawberry___Leaf_scorch,0.496982
plantwild/extracted/plantwild/images/cherry powdery mildew/26.jpg,Cherry___Powdery_mildew,Tomato___Late_blight,0.598936
plantwild/extracted/plantwild/images/cherry powdery mildew/27.jpg,Cherry___Powdery_mildew,Strawberry___Leaf_scorch,0.808236
plantwild/extracted/plantwild/images/cherry powdery mildew/28.jpg,Cherry___Powdery_mildew,Apple___Apple_scab,0.501941
plantwild/extracted/plantwild/images/cherry powdery mildew/29.jpg,Cherry___Powdery_mildew,Squash___Powdery_mildew,0.909545
plantwild/extracted/plantwild/images/cherry powdery mildew/31.jpg,Cherry___Powdery_mildew,Cherry___healthy,0.895037
plantwild/extracted/plantwild/images/cherry powdery mildew/32.jpg,Cherry___Powdery_mildew,"Pepper,_bell___healthy",0.607204
plantwild/extracted/plantwild/images/cherry powdery mildew/33.jpg,Cherry___Powdery_mildew,Strawberry___Leaf_scorch,0.304721
plantwild/extracted/plantwild/images/cherry powdery mildew/38.jpg,Cherry___Powdery_mildew,Tomato___Early_blight,0.952778
plantwild/extracted/plantwild/images/cherry powdery mildew/40.jpg,Cherry___Powdery_mildew,Corn___healthy,0.664875
plantwild/extracted/plantwild/images/cherry powdery mildew/41.jpg,Cherry___Powdery_mildew,Tomato___Leaf_Mold,0.820729
plantwild/extracted/plantwild/images/cherry powdery mildew/43.jpg,Cherry___Powdery_mildew,"Pepper,_bell___healthy",0.507202
plantwild/extracted/plantwild/images/cherry powdery mildew/44.jpg,Cherry___Powdery_mildew,"Pepper,_bell___healthy",0.773938
plantwild/extracted/plantwild/images/cherry powdery mildew/45.jpg,Cherry___Powdery_mildew,Squash___Powdery_mildew,0.942966
plantwild/extracted/plantwild/images/cherry powdery mildew/46.jpg,Cherry___Powdery_mildew,Tomato___Late_blight,0.893451
plantwild/extracted/plantwild/images/cherry powdery mildew/5.jpg,Cherry___Powdery_mildew,Squash___Powdery_mildew,0.921583
plantwild/extracted/plantwild/images/cherry powdery mildew/51.jpg,Cherry___Powdery_mildew,Cherry___Powdery_mildew,0.394925
plantwild/extracted/plantwild/images/cherry powdery mildew/53.jpg,Cherry___Powdery_mildew,Strawberry___Leaf_scorch,0.804352
plantwild/extracted/plantwild/images/cherry powdery mildew/57.jpg,Cherry___Powdery_mildew,Corn___Northern_Leaf_Blight,0.647737
plantwild/extracted/plantwild/images/cherry powdery mildew/58.jpg,Cherry___Powdery_mildew,Cherry___healthy,0.586432
plantwild/extracted/plantwild/images/cherry powdery mildew/59.jpg,Cherry___Powdery_mildew,"Pepper,_bell___healthy",0.411856
plantwild/extracted/plantwild/images/cherry powdery mildew/6.jpg,Cherry___Powdery_mildew,Strawberry___Leaf_scorch,0.864679
plantwild/extracted/plantwild/images/cherry powdery mildew/60.jpg,Cherry___Powdery_mildew,"Pepper,_bell___healthy",0.917810
plantwild/extracted/plantwild/images/cherry powdery mildew/64.jpg,Cherry___Powdery_mildew,Strawberry___Leaf_scorch,0.944479
plantwild/extracted/plantwild/images/cherry powdery mildew/65.jpg,Cherry___Powdery_mildew,Strawberry___Leaf_scorch,0.964697
plantwild/extracted/plantwild/images/cherry powdery mildew/67.jpg,Cherry___Powdery_mildew,Strawberry___Leaf_scorch,0.706548
plantwild/extracted/plantwild/images/cherry powdery mildew/68.jpg,Cherry___Powdery_mildew,Strawberry___Leaf_scorch,0.940284
plantwild/extracted/plantwild/images/cherry powdery mildew/76.jpg,Cherry___Powdery_mildew,Strawberry___Leaf_scorch,0.959205
plantwild/extracted/plantwild/images/cherry powdery mildew/8.jpg,Cherry___Powdery_mildew,Strawberry___Leaf_scorch,0.934349
plantwild/extracted/plantwild/images/cherry powdery mildew/80.jpg,Cherry___Powdery_mildew,Squash___Powdery_mildew,0.541422
plantwild/extracted/plantwild/images/cherry powdery mildew/86.jpg,Cherry___Powdery_mildew,Tomato___Early_blight,0.773971
plantwild/extracted/plantwild/images/cherry powdery mildew/88.jpg,Cherry___Powdery_mildew,Grape___Esca_(Black_Measles),0.245224
plantwild/extracted/plantwild/images/cherry powdery mildew/google_0003.jpg,Cherry___Powdery_mildew,Squash___Powdery_mildew,0.933855
plantwild/extracted/plantwild/images/cherry powdery mildew/google_0004.jpg,Cherry___Powdery_mildew,Tomato___Early_blight,0.487188
plantwild/extracted/plantwild/images/cherry powdery mildew/google_0006.jpg,Cherry___Powdery_mildew,"Pepper,_bell___healthy",0.718505
plantwild/extracted/plantwild/images/cherry powdery mildew/google_0010.jpg,Cherry___Powdery_mildew,Tomato___Early_blight,0.280122
plantwild/extracted/plantwild/images/cherry powdery mildew/google_0011.jpg,Cherry___Powdery_mildew,Squash___Powdery_mildew,0.953270
plantwild/extracted/plantwild/images/cherry powdery mildew/google_0012.jpg,Cherry___Powdery_mildew,Apple___Apple_scab,0.231541
plantwild/extracted/plantwild/images/cherry powdery mildew/google_0013.jpg,Cherry___Powdery_mildew,Grape___Black_rot,0.148262
plantwild/extracted/plantwild/images/cherry powdery mildew/google_0018.jpg,Cherry___Powdery_mildew,Squash___Powdery_mildew,0.968348
plantwild/extracted/plantwild/images/cherry powdery mildew/google_0019.jpg,Cherry___Powdery_mildew,Squash___Powdery_mildew,0.873842
plantwild/extracted/plantwild/images/cherry powdery mildew/google_0021.jpg,Cherry___Powdery_mildew,"Pepper,_bell___healthy",0.887099
plantwild/extracted/plantwild/images/cherry powdery mildew/google_0022.jpg,Cherry___Powdery_mildew,Squash___Powdery_mildew,0.931304
plantwild/extracted/plantwild/images/cherry powdery mildew/google_0023.jpg,Cherry___Powdery_mildew,Squash___Powdery_mildew,0.551795
plantwild/extracted/plantwild/images/cherry powdery mildew/google_0024.jpg,Cherry___Powdery_mildew,Strawberry___Leaf_scorch,0.244774
plantwild/extracted/plantwild/images/cherry powdery mildew/google_0028.jpg,Cherry___Powdery_mildew,"Pepper,_bell___healthy",0.566963
plantwild/extracted/plantwild/images/cherry powdery mildew/google_0029.jpg,Cherry___Powdery_mildew,Strawberry___Leaf_scorch,0.478594
plantwild/extracted/plantwild/images/cherry powdery mildew/google_0031.jpg,Cherry___Powdery_mildew,Potato___Early_blight,0.241362
plantwild/extracted/plantwild/images/cherry powdery mildew/google_0032.jpg,Cherry___Powdery_mildew,Grape___healthy,0.160911
plantwild/extracted/plantwild/images/cherry powdery mildew/google_0033.jpg,Cherry___Powdery_mildew,Strawberry___Leaf_scorch,0.774347
plantwild/extracted/plantwild/images/cherry powdery mildew/google_0035.jpg,Cherry___Powdery_mildew,Corn___Northern_Leaf_Blight,0.956592
plantwild/extracted/plantwild/images/cherry powdery mildew/google_0036.jpg,Cherry___Powdery_mildew,Tomato___Late_blight,0.932061
plantwild/extracted/plantwild/images/cherry powdery mildew/google_0038.jpg,Cherry___Powdery_mildew,Cherry___Powdery_mildew,0.968614
plantwild/extracted/plantwild/images/cherry powdery mildew/google_0047.jpg,Cherry___Powdery_mildew,Cherry___healthy,0.397335
plantwild/extracted/plantwild/images/cherry powdery mildew/google_0055.jpg,Cherry___Powdery_mildew,Cherry___Powdery_mildew,0.495280
plantwild/extracted/plantwild/images/cherry powdery mildew/google_0056.jpg,Cherry___Powdery_mildew,"Pepper,_bell___healthy",0.769137
plantwild/extracted/plantwild/images/cherry powdery mildew/google_0057.jpg,Cherry___Powdery_mildew,Tomato___Late_blight,0.535136
plantwild/extracted/plantwild/images/cherry powdery mildew/google_0058.jpg,Cherry___Powdery_mildew,Tomato___Late_blight,0.881981
plantwild/extracted/plantwild/images/cherry powdery mildew/google_0060.jpg,Cherry___Powdery_mildew,Grape___Esca_(Black_Measles),0.386143
plantwild/extracted/plantwild/images/cherry powdery mildew/google_0062.jpg,Cherry___Powdery_mildew,Cherry___Powdery_mildew,0.967950
plantwild/extracted/plantwild/images/cherry powdery mildew/google_0064.jpg,Cherry___Powdery_mildew,"Pepper,_bell___healthy",0.525425
plantwild/extracted/plantwild/images/cherry powdery mildew/google_0068.jpg,Cherry___Powdery_mildew,Squash___Powdery_mildew,0.449633
plantwild/extracted/plantwild/images/cherry powdery mildew/google_0070.jpg,Cherry___Powdery_mildew,Tomato___Late_blight,0.966293
plantwild/extracted/plantwild/images/cherry powdery mildew/google_0071.jpg,Cherry___Powdery_mildew,"Pepper,_bell___healthy",0.361269
plantwild/extracted/plantwild/images/cherry powdery mildew/google_0073.jpg,Cherry___Powdery_mildew,Apple___healthy,0.524830
plantwild/extracted/plantwild/images/cherry powdery mildew/google_0074.jpg,Cherry___Powdery_mildew,Tomato___Late_blight,0.690043
plantwild/extracted/plantwild/images/cherry powdery mildew/google_0075.jpg,Cherry___Powdery_mildew,Squash___Powdery_mildew,0.909022
plantwild/extracted/plantwild/images/cherry powdery mildew/google_0077.jpg,Cherry___Powdery_mildew,Tomato___Early_blight,0.861188
plantwild/extracted/plantwild/images/cherry powdery mildew/google_0084.jpg,Cherry___Powdery_mildew,Cherry___healthy,0.860011
plantwild/extracted/plantwild/images/cherry powdery mildew/google_0093.jpg,Cherry___Powdery_mildew,Apple___Apple_scab,0.191308
plantwild/extracted/plantwild/images/cherry powdery mildew/google_0094.jpg,Cherry___Powdery_mildew,Corn___healthy,0.891632
plantwild/extracted/plantwild/images/cherry powdery mildew/google_0096.jpg,Cherry___Powdery_mildew,Squash___Powdery_mildew,0.591228
plantwild/extracted/plantwild/images/cherry powdery mildew/google_0097.jpg,Cherry___Powdery_mildew,Corn___healthy,0.918227
plantwild/extracted/plantwild/images/cherry powdery mildew/google_0105.jpg,Cherry___Powdery_mildew,Tomato___Leaf_Mold,0.424033
plantwild/extracted/plantwild/images/cherry powdery mildew/google_0113.jpg,Cherry___Powdery_mildew,Tomato___Early_blight,0.848935
plantwild/extracted/plantwild/images/cherry powdery mildew/google_0115.jpg,Cherry___Powdery_mildew,Squash___Powdery_mildew,0.700065
plantwild/extracted/plantwild/images/cherry powdery mildew/google_0119.jpg,Cherry___Powdery_mildew,Strawberry___Leaf_scorch,0.861840
plantwild/extracted/plantwild/images/cherry powdery mildew/google_0120.jpg,Cherry___Powdery_mildew,Strawberry___Leaf_scorch,0.879491
plantwild/extracted/plantwild/images/cherry powdery mildew/google_0121.jpg,Cherry___Powdery_mildew,Strawberry___Leaf_scorch,0.927243
plantwild/extracted/plantwild/images/cherry powdery mildew/google_0124.jpg,Cherry___Powdery_mildew,Strawberry___Leaf_scorch,0.928852
plantwild/extracted/plantwild/images/cherry powdery mildew/google_0126.jpg,Cherry___Powdery_mildew,Strawberry___Leaf_scorch,0.491050
plantwild/extracted/plantwild/images/cherry powdery mildew/google_0128.jpg,Cherry___Powdery_mildew,Tomato___Late_blight,0.505884
plantwild/extracted/plantwild/images/cherry powdery mildew/google_0130.jpg,Cherry___Powdery_mildew,Blueberry___healthy,0.657695
plantwild/extracted/plantwild/images/cherry powdery mildew/google_0131.jpg,Cherry___Powdery_mildew,Tomato___Early_blight,0.803505
plantwild/extracted/plantwild/images/cherry powdery mildew/google_0136.jpg,Cherry___Powdery_mildew,"Pepper,_bell___healthy",0.895178
plantwild/extracted/plantwild/images/cherry powdery mildew/google_0137.jpg,Cherry___Powdery_mildew,Cherry___healthy,0.403264
plantwild/extracted/plantwild/images/cherry powdery mildew/google_0143.jpg,Cherry___Powdery_mildew,Squash___Powdery_mildew,0.632386
plantwild/extracted/plantwild/images/cherry powdery mildew/google_0145.jpg,Cherry___Powdery_mildew,Squash___Powdery_mildew,0.872290
plantwild/extracted/plantwild/images/cherry powdery mildew/google_0147.jpg,Cherry___Powdery_mildew,Tomato___Early_blight,0.607685
plantwild/extracted/plantwild/images/cherry powdery mildew/google_0152.jpg,Cherry___Powdery_mildew,"Pepper,_bell___healthy",0.417263
plantwild/extracted/plantwild/images/cherry powdery mildew/google_0153.jpg,Cherry___Powdery_mildew,Squash___Powdery_mildew,0.774868
plantwild/extracted/plantwild/images/cherry powdery mildew/google_0164.jpg,Cherry___Powdery_mildew,Tomato___Late_blight,0.269778
plantwild/extracted/plantwild/images/cherry powdery mildew/google_0169.jpg,Cherry___Powdery_mildew,Corn___healthy,0.954324
plantwild/extracted/plantwild/images/cherry powdery mildew/google_0172.jpg,Cherry___Powdery_mildew,Tomato___Early_blight,0.238208
plantwild/extracted/plantwild/images/citrus greening disease/10.jpg,Orange___Haunglongbing_(Citrus_greening),Cherry___healthy,0.278692
plantwild/extracted/plantwild/images/citrus greening disease/101.jpg,Orange___Haunglongbing_(Citrus_greening),"Pepper,_bell___healthy",0.960593
plantwild/extracted/plantwild/images/citrus greening disease/103.jpg,Orange___Haunglongbing_(Citrus_greening),Strawberry___Leaf_scorch,0.548919
plantwild/extracted/plantwild/images/citrus greening disease/108.jpg,Orange___Haunglongbing_(Citrus_greening),Corn___healthy,0.882037
plantwild/extracted/plantwild/images/citrus greening disease/109.jpg,Orange___Haunglongbing_(Citrus_greening),Orange___Haunglongbing_(Citrus_greening),0.885671
plantwild/extracted/plantwild/images/citrus greening disease/11.jpg,Orange___Haunglongbing_(Citrus_greening),Cherry___healthy,0.477027
plantwild/extracted/plantwild/images/citrus greening disease/113.jpg,Orange___Haunglongbing_(Citrus_greening),Tomato___Late_blight,0.690508
plantwild/extracted/plantwild/images/citrus greening disease/12 - Copy.jpg,Orange___Haunglongbing_(Citrus_greening),"Pepper,_bell___healthy",0.709407
plantwild/extracted/plantwild/images/citrus greening disease/12.jpg,Orange___Haunglongbing_(Citrus_greening),"Pepper,_bell___healthy",0.344162
plantwild/extracted/plantwild/images/citrus greening disease/121.jpg,Orange___Haunglongbing_(Citrus_greening),Tomato___Late_blight,0.628467
plantwild/extracted/plantwild/images/citrus greening disease/13.jpg,Orange___Haunglongbing_(Citrus_greening),"Pepper,_bell___healthy",0.965862
plantwild/extracted/plantwild/images/citrus greening disease/130.jpg,Orange___Haunglongbing_(Citrus_greening),Tomato___Late_blight,0.965804
plantwild/extracted/plantwild/images/citrus greening disease/14.jpg,Orange___Haunglongbing_(Citrus_greening),"Pepper,_bell___healthy",0.926167
plantwild/extracted/plantwild/images/citrus greening disease/15.jpg,Orange___Haunglongbing_(Citrus_greening),"Pepper,_bell___healthy",0.873361
plantwild/extracted/plantwild/images/citrus greening disease/16.jpg,Orange___Haunglongbing_(Citrus_greening),"Pepper,_bell___healthy",0.532413
plantwild/extracted/plantwild/images/citrus greening disease/17.jpg,Orange___Haunglongbing_(Citrus_greening),Strawberry___Leaf_scorch,0.557434
plantwild/extracted/plantwild/images/citrus greening disease/18.jpg,Orange___Haunglongbing_(Citrus_greening),Tomato___Early_blight,0.360162
plantwild/extracted/plantwild/images/citrus greening disease/19.jpg,Orange___Haunglongbing_(Citrus_greening),"Pepper,_bell___healthy",0.909845
plantwild/extracted/plantwild/images/citrus greening disease/20.jpg,Orange___Haunglongbing_(Citrus_greening),Tomato___Late_blight,0.580610
plantwild/extracted/plantwild/images/citrus greening disease/22.jpg,Orange___Haunglongbing_(Citrus_greening),"Pepper,_bell___healthy",0.929400
plantwild/extracted/plantwild/images/citrus greening disease/24.jpg,Orange___Haunglongbing_(Citrus_greening),"Pepper,_bell___healthy",0.929294
plantwild/extracted/plantwild/images/citrus greening disease/25 - Copy.jpg,Orange___Haunglongbing_(Citrus_greening),Corn___healthy,0.595368
plantwild/extracted/plantwild/images/citrus greening disease/25.jpg,Orange___Haunglongbing_(Citrus_greening),Strawberry___Leaf_scorch,0.675767
plantwild/extracted/plantwild/images/citrus greening disease/26 - Copy.jpg,Orange___Haunglongbing_(Citrus_greening),"Pepper,_bell___healthy",0.881066
plantwild/extracted/plantwild/images/citrus greening disease/26.jpg,Orange___Haunglongbing_(Citrus_greening),"Pepper,_bell___healthy",0.923928
plantwild/extracted/plantwild/images/citrus greening disease/27.jpg,Orange___Haunglongbing_(Citrus_greening),"Pepper,_bell___healthy",0.866866
plantwild/extracted/plantwild/images/citrus greening disease/28.jpg,Orange___Haunglongbing_(Citrus_greening),"Pepper,_bell___healthy",0.826182
plantwild/extracted/plantwild/images/citrus greening disease/29.jpg,Orange___Haunglongbing_(Citrus_greening),"Pepper,_bell___healthy",0.416684
plantwild/extracted/plantwild/images/citrus greening disease/3.jpg,Orange___Haunglongbing_(Citrus_greening),"Pepper,_bell___healthy",0.960025
plantwild/extracted/plantwild/images/citrus greening disease/34.jpg,Orange___Haunglongbing_(Citrus_greening),Cherry___healthy,0.447649
plantwild/extracted/plantwild/images/citrus greening disease/35.jpg,Orange___Haunglongbing_(Citrus_greening),Strawberry___Leaf_scorch,0.463127
plantwild/extracted/plantwild/images/citrus greening disease/39 - Copy (2).jpg,Orange___Haunglongbing_(Citrus_greening),"Pepper,_bell___healthy",0.408776
plantwild/extracted/plantwild/images/citrus greening disease/39 - Copy.jpg,Orange___Haunglongbing_(Citrus_greening),Orange___Haunglongbing_(Citrus_greening),0.412455
plantwild/extracted/plantwild/images/citrus greening disease/39.jpg,Orange___Haunglongbing_(Citrus_greening),"Pepper,_bell___healthy",0.773930
plantwild/extracted/plantwild/images/citrus greening disease/4.jpg,Orange___Haunglongbing_(Citrus_greening),"Pepper,_bell___healthy",0.928069
plantwild/extracted/plantwild/images/citrus greening disease/41.jpg,Orange___Haunglongbing_(Citrus_greening),Cherry___healthy,0.947409
plantwild/extracted/plantwild/images/citrus greening disease/42.jpg,Orange___Haunglongbing_(Citrus_greening),"Pepper,_bell___healthy",0.857860
plantwild/extracted/plantwild/images/citrus greening disease/45.jpg,Orange___Haunglongbing_(Citrus_greening),"Pepper,_bell___healthy",0.851420
plantwild/extracted/plantwild/images/citrus greening disease/46.jpg,Orange___Haunglongbing_(Citrus_greening),"Pepper,_bell___healthy",0.650619
plantwild/extracted/plantwild/images/citrus greening disease/47.jpg,Orange___Haunglongbing_(Citrus_greening),"Pepper,_bell___healthy",0.922966
plantwild/extracted/plantwild/images/citrus greening disease/48.jpg,Orange___Haunglongbing_(Citrus_greening),"Pepper,_bell___healthy",0.696714
plantwild/extracted/plantwild/images/citrus greening disease/49.jpg,Orange___Haunglongbing_(Citrus_greening),"Pepper,_bell___healthy",0.886576
plantwild/extracted/plantwild/images/citrus greening disease/5.jpg,Orange___Haunglongbing_(Citrus_greening),"Pepper,_bell___healthy",0.963909
plantwild/extracted/plantwild/images/citrus greening disease/50.jpg,Orange___Haunglongbing_(Citrus_greening),Cherry___healthy,0.965699
plantwild/extracted/plantwild/images/citrus greening disease/51.jpg,Orange___Haunglongbing_(Citrus_greening),"Pepper,_bell___healthy",0.891102
plantwild/extracted/plantwild/images/citrus greening disease/52.jpg,Orange___Haunglongbing_(Citrus_greening),Cherry___healthy,0.663630
plantwild/extracted/plantwild/images/citrus greening disease/55.jpg,Orange___Haunglongbing_(Citrus_greening),"Pepper,_bell___healthy",0.736399
plantwild/extracted/plantwild/images/citrus greening disease/56 - Copy (2).jpg,Orange___Haunglongbing_(Citrus_greening),"Pepper,_bell___healthy",0.581645
plantwild/extracted/plantwild/images/citrus greening disease/56 - Copy (3).jpg,Orange___Haunglongbing_(Citrus_greening),Tomato___Late_blight,0.966440
plantwild/extracted/plantwild/images/citrus greening disease/56 - Copy.jpg,Orange___Haunglongbing_(Citrus_greening),Tomato___Early_blight,0.328100
plantwild/extracted/plantwild/images/citrus greening disease/56.jpg,Orange___Haunglongbing_(Citrus_greening),Tomato___Late_blight,0.811389
plantwild/extracted/plantwild/images/citrus greening disease/58.jpg,Orange___Haunglongbing_(Citrus_greening),"Pepper,_bell___healthy",0.922971
plantwild/extracted/plantwild/images/citrus greening disease/59.jpg,Orange___Haunglongbing_(Citrus_greening),"Pepper,_bell___healthy",0.935452
plantwild/extracted/plantwild/images/citrus greening disease/6.jpg,Orange___Haunglongbing_(Citrus_greening),Cherry___healthy,0.399286
plantwild/extracted/plantwild/images/citrus greening disease/60 - Copy (2).jpg,Orange___Haunglongbing_(Citrus_greening),Corn___healthy,0.743306
plantwild/extracted/plantwild/images/citrus greening disease/60 - Copy.jpg,Orange___Haunglongbing_(Citrus_greening),Tomato___Late_blight,0.461850
plantwild/extracted/plantwild/images/citrus greening disease/60.jpg,Orange___Haunglongbing_(Citrus_greening),Corn___healthy,0.443949
plantwild/extracted/plantwild/images/citrus greening disease/61.jpg,Orange___Haunglongbing_(Citrus_greening),Blueberry___healthy,0.849145
plantwild/extracted/plantwild/images/citrus greening disease/65.jpg,Orange___Haunglongbing_(Citrus_greening),"Pepper,_bell___healthy",0.636789
plantwild/extracted/plantwild/images/citrus greening disease/67.jpg,Orange___Haunglongbing_(Citrus_greening),Cherry___healthy,0.934334
plantwild/extracted/plantwild/images/citrus greening disease/68.jpg,Orange___Haunglongbing_(Citrus_greening),"Pepper,_bell___healthy",0.443072
plantwild/extracted/plantwild/images/citrus greening disease/69.jpg,Orange___Haunglongbing_(Citrus_greening),"Pepper,_bell___healthy",0.893995
plantwild/extracted/plantwild/images/citrus greening disease/7.jpg,Orange___Haunglongbing_(Citrus_greening),Cherry___healthy,0.870155
plantwild/extracted/plantwild/images/citrus greening disease/70 - Copy.jpg,Orange___Haunglongbing_(Citrus_greening),Cherry___healthy,0.740090
plantwild/extracted/plantwild/images/citrus greening disease/70.jpg,Orange___Haunglongbing_(Citrus_greening),Corn___healthy,0.491796
plantwild/extracted/plantwild/images/citrus greening disease/71.jpg,Orange___Haunglongbing_(Citrus_greening),Squash___Powdery_mildew,0.897281
plantwild/extracted/plantwild/images/citrus greening disease/74.jpg,Orange___Haunglongbing_(Citrus_greening),Cherry___healthy,0.937218
plantwild/extracted/plantwild/images/citrus greening disease/75.jpg,Orange___Haunglongbing_(Citrus_greening),"Pepper,_bell___healthy",0.948060
plantwild/extracted/plantwild/images/citrus greening disease/76.jpg,Orange___Haunglongbing_(Citrus_greening),"Pepper,_bell___healthy",0.970238
plantwild/extracted/plantwild/images/citrus greening disease/78 - Copy (2).jpg,Orange___Haunglongbing_(Citrus_greening),Orange___Haunglongbing_(Citrus_greening),0.961654
plantwild/extracted/plantwild/images/citrus greening disease/78 - Copy.jpg,Orange___Haunglongbing_(Citrus_greening),Orange___Haunglongbing_(Citrus_greening),0.604265
plantwild/extracted/plantwild/images/citrus greening disease/78.jpg,Orange___Haunglongbing_(Citrus_greening),Orange___Haunglongbing_(Citrus_greening),0.601562
plantwild/extracted/plantwild/images/citrus greening disease/8.jpg,Orange___Haunglongbing_(Citrus_greening),"Pepper,_bell___healthy",0.665292
plantwild/extracted/plantwild/images/citrus greening disease/83.jpg,Orange___Haunglongbing_(Citrus_greening),"Pepper,_bell___healthy",0.773929
plantwild/extracted/plantwild/images/citrus greening disease/84.jpg,Orange___Haunglongbing_(Citrus_greening),"Pepper,_bell___healthy",0.813601
plantwild/extracted/plantwild/images/citrus greening disease/85.jpg,Orange___Haunglongbing_(Citrus_greening),"Pepper,_bell___healthy",0.831988
plantwild/extracted/plantwild/images/citrus greening disease/88.jpg,Orange___Haunglongbing_(Citrus_greening),"Pepper,_bell___healthy",0.448792
plantwild/extracted/plantwild/images/citrus greening disease/92.jpg,Orange___Haunglongbing_(Citrus_greening),Cherry___healthy,0.941773
plantwild/extracted/plantwild/images/citrus greening disease/93.jpg,Orange___Haunglongbing_(Citrus_greening),"Pepper,_bell___healthy",0.964069
plantwild/extracted/plantwild/images/citrus greening disease/95.jpg,Orange___Haunglongbing_(Citrus_greening),"Pepper,_bell___healthy",0.770858
plantwild/extracted/plantwild/images/citrus greening disease/97.jpg,Orange___Haunglongbing_(Citrus_greening),"Pepper,_bell___healthy",0.964619
plantwild/extracted/plantwild/images/citrus greening disease/google_0000.jpg,Orange___Haunglongbing_(Citrus_greening),Strawberry___Leaf_scorch,0.449323
plantwild/extracted/plantwild/images/citrus greening disease/google_0001.jpg,Orange___Haunglongbing_(Citrus_greening),Tomato___Tomato_Yellow_Leaf_Curl_Virus,0.721057
plantwild/extracted/plantwild/images/citrus greening disease/google_0002.jpg,Orange___Haunglongbing_(Citrus_greening),Strawberry___Leaf_scorch,0.933097
plantwild/extracted/plantwild/images/citrus greening disease/google_0003.jpg,Orange___Haunglongbing_(Citrus_greening),"Pepper,_bell___healthy",0.842656
plantwild/extracted/plantwild/images/citrus greening disease/google_0004.jpg,Orange___Haunglongbing_(Citrus_greening),Orange___Haunglongbing_(Citrus_greening),0.559672
plantwild/extracted/plantwild/images/citrus greening disease/google_0005.jpg,Orange___Haunglongbing_(Citrus_greening),"Pepper,_bell___healthy",0.950163
plantwild/extracted/plantwild/images/citrus greening disease/google_0008.jpg,Orange___Haunglongbing_(Citrus_greening),Tomato___Late_blight,0.826627
plantwild/extracted/plantwild/images/citrus greening disease/google_0009.jpg,Orange___Haunglongbing_(Citrus_greening),"Pepper,_bell___healthy",0.827391
plantwild/extracted/plantwild/images/citrus greening disease/google_0010.jpg,Orange___Haunglongbing_(Citrus_greening),"Pepper,_bell___healthy",0.452993
plantwild/extracted/plantwild/images/citrus greening disease/google_0011 - Copy (2).jpg,Orange___Haunglongbing_(Citrus_greening),Corn___healthy,0.816959
plantwild/extracted/plantwild/images/citrus greening disease/google_0011 - Copy.jpg,Orange___Haunglongbing_(Citrus_greening),Corn___Cercospora_leaf_spot Gray_leaf_spot,0.750406
plantwild/extracted/plantwild/images/citrus greening disease/google_0011.jpg,Orange___Haunglongbing_(Citrus_greening),Orange___Haunglongbing_(Citrus_greening),0.482307
plantwild/extracted/plantwild/images/citrus greening disease/google_0012.jpg,Orange___Haunglongbing_(Citrus_greening),"Pepper,_bell___healthy",0.671327
plantwild/extracted/plantwild/images/citrus greening disease/google_0013.jpg,Orange___Haunglongbing_(Citrus_greening),Apple___healthy,0.325793
plantwild/extracted/plantwild/images/citrus greening disease/google_0015.jpg,Orange___Haunglongbing_(Citrus_greening),Cherry___healthy,0.822629
plantwild/extracted/plantwild/images/citrus greening disease/google_0017.jpg,Orange___Haunglongbing_(Citrus_greening),Strawberry___Leaf_scorch,0.871233
plantwild/extracted/plantwild/images/citrus greening disease/google_0018.jpg,Orange___Haunglongbing_(Citrus_greening),Cherry___healthy,0.800169
plantwild/extracted/plantwild/images/citrus greening disease/google_0019.jpg,Orange___Haunglongbing_(Citrus_greening),"Pepper,_bell___healthy",0.910721
plantwild/extracted/plantwild/images/citrus greening disease/google_0022.jpg,Orange___Haunglongbing_(Citrus_greening),"Pepper,_bell___healthy",0.964944
plantwild/extracted/plantwild/images/citrus greening disease/google_0023.jpg,Orange___Haunglongbing_(Citrus_greening),"Pepper,_bell___healthy",0.861677
plantwild/extracted/plantwild/images/citrus greening disease/google_0024.jpg,Orange___Haunglongbing_(Citrus_greening),Cherry___healthy,0.680674
plantwild/extracted/plantwild/images/citrus greening disease/google_0025.jpg,Orange___Haunglongbing_(Citrus_greening),Tomato___Tomato_Yellow_Leaf_Curl_Virus,0.836494
plantwild/extracted/plantwild/images/citrus greening disease/google_0026.jpg,Orange___Haunglongbing_(Citrus_greening),"Pepper,_bell___healthy",0.573334
plantwild/extracted/plantwild/images/citrus greening disease/google_0027.jpg,Orange___Haunglongbing_(Citrus_greening),"Pepper,_bell___healthy",0.853254
plantwild/extracted/plantwild/images/citrus greening disease/google_0028.jpg,Orange___Haunglongbing_(Citrus_greening),Corn___healthy,0.868760
plantwild/extracted/plantwild/images/citrus greening disease/google_0029.jpg,Orange___Haunglongbing_(Citrus_greening),Cherry___healthy,0.891958
plantwild/extracted/plantwild/images/citrus greening disease/google_0034.jpg,Orange___Haunglongbing_(Citrus_greening),Cherry___healthy,0.913485
plantwild/extracted/plantwild/images/citrus greening disease/google_0036.jpg,Orange___Haunglongbing_(Citrus_greening),"Pepper,_bell___healthy",0.891708
plantwild/extracted/plantwild/images/citrus greening disease/google_0037.jpg,Orange___Haunglongbing_(Citrus_greening),"Pepper,_bell___healthy",0.527113
plantwild/extracted/plantwild/images/citrus greening disease/google_0038.jpg,Orange___Haunglongbing_(Citrus_greening),"Pepper,_bell___healthy",0.891851
plantwild/extracted/plantwild/images/citrus greening disease/google_0039.jpg,Orange___Haunglongbing_(Citrus_greening),"Pepper,_bell___healthy",0.939996
plantwild/extracted/plantwild/images/citrus greening disease/google_0040.jpg,Orange___Haunglongbing_(Citrus_greening),"Pepper,_bell___healthy",0.886424
plantwild/extracted/plantwild/images/citrus greening disease/google_0041.jpg,Orange___Haunglongbing_(Citrus_greening),Corn___healthy,0.964266
plantwild/extracted/plantwild/images/citrus greening disease/google_0042.jpg,Orange___Haunglongbing_(Citrus_greening),"Pepper,_bell___healthy",0.338418
plantwild/extracted/plantwild/images/citrus greening disease/google_0046.jpg,Orange___Haunglongbing_(Citrus_greening),"Pepper,_bell___healthy",0.875891
plantwild/extracted/plantwild/images/citrus greening disease/google_0047.jpg,Orange___Haunglongbing_(Citrus_greening),"Pepper,_bell___healthy",0.880258
plantwild/extracted/plantwild/images/citrus greening disease/google_0048.jpg,Orange___Haunglongbing_(Citrus_greening),"Pepper,_bell___healthy",0.866553
plantwild/extracted/plantwild/images/citrus greening disease/google_0049.jpg,Orange___Haunglongbing_(Citrus_greening),Orange___Haunglongbing_(Citrus_greening),0.950818
plantwild/extracted/plantwild/images/citrus greening disease/google_0052.jpg,Orange___Haunglongbing_(Citrus_greening),Raspberry___healthy,0.385129
plantwild/extracted/plantwild/images/citrus greening disease/google_0053.jpg,Orange___Haunglongbing_(Citrus_greening),Strawberry___Leaf_scorch,0.907284
plantwild/extracted/plantwild/images/citrus greening disease/google_0054.jpg,Orange___Haunglongbing_(Citrus_greening),Cherry___healthy,0.909504
plantwild/extracted/plantwild/images/citrus greening disease/google_0055.jpg,Orange___Haunglongbing_(Citrus_greening),"Pepper,_bell___healthy",0.867596
plantwild/extracted/plantwild/images/citrus greening disease/google_0058.jpg,Orange___Haunglongbing_(Citrus_greening),Cherry___healthy,0.920097
plantwild/extracted/plantwild/images/citrus greening disease/google_0060.jpg,Orange___Haunglongbing_(Citrus_greening),Cherry___healthy,0.465051
plantwild/extracted/plantwild/images/citrus greening disease/google_0061.jpg,Orange___Haunglongbing_(Citrus_greening),Orange___Haunglongbing_(Citrus_greening),0.307994
plantwild/extracted/plantwild/images/citrus greening disease/google_0062.jpg,Orange___Haunglongbing_(Citrus_greening),"Pepper,_bell___healthy",0.875781
plantwild/extracted/plantwild/images/citrus greening disease/google_0063.jpg,Orange___Haunglongbing_(Citrus_greening),Orange___Haunglongbing_(Citrus_greening),0.459082
plantwild/extracted/plantwild/images/citrus greening disease/google_0064.jpg,Orange___Haunglongbing_(Citrus_greening),"Pepper,_bell___healthy",0.933170
plantwild/extracted/plantwild/images/citrus greening disease/google_0066.jpg,Orange___Haunglongbing_(Citrus_greening),"Pepper,_bell___healthy",0.966346
plantwild/extracted/plantwild/images/citrus greening disease/google_0067.jpg,Orange___Haunglongbing_(Citrus_greening),Tomato___Tomato_Yellow_Leaf_Curl_Virus,0.420073
plantwild/extracted/plantwild/images/citrus greening disease/google_0068.jpg,Orange___Haunglongbing_(Citrus_greening),Tomato___Late_blight,0.345390
plantwild/extracted/plantwild/images/citrus greening disease/google_0069.jpg,Orange___Haunglongbing_(Citrus_greening),Peach___Bacterial_spot,0.917386
plantwild/extracted/plantwild/images/citrus greening disease/google_0070.jpg,Orange___Haunglongbing_(Citrus_greening),Tomato___Early_blight,0.205141
plantwild/extracted/plantwild/images/citrus greening disease/google_0071.jpg,Orange___Haunglongbing_(Citrus_greening),"Pepper,_bell___healthy",0.965362
plantwild/extracted/plantwild/images/citrus greening disease/google_0072.jpg,Orange___Haunglongbing_(Citrus_greening),Grape___Black_rot,0.667349
plantwild/extracted/plantwild/images/citrus greening disease/google_0073.jpg,Orange___Haunglongbing_(Citrus_greening),Orange___Haunglongbing_(Citrus_greening),0.942693
plantwild/extracted/plantwild/images/citrus greening disease/google_0074.jpg,Orange___Haunglongbing_(Citrus_greening),Orange___Haunglongbing_(Citrus_greening),0.738291
plantwild/extracted/plantwild/images/citrus greening disease/google_0075.jpg,Orange___Haunglongbing_(Citrus_greening),Tomato___Early_blight,0.962569
plantwild/extracted/plantwild/images/citrus greening disease/google_0077.jpg,Orange___Haunglongbing_(Citrus_greening),Strawberry___Leaf_scorch,0.729939
plantwild/extracted/plantwild/images/citrus greening disease/google_0078.jpg,Orange___Haunglongbing_(Citrus_greening),Blueberry___healthy,0.943045
plantwild/extracted/plantwild/images/citrus greening disease/google_0079.jpg,Orange___Haunglongbing_(Citrus_greening),Strawberry___Leaf_scorch,0.572220
plantwild/extracted/plantwild/images/citrus greening disease/google_0081.jpg,Orange___Haunglongbing_(Citrus_greening),"Pepper,_bell___healthy",0.682627
plantwild/extracted/plantwild/images/citrus greening disease/google_0083.jpg,Orange___Haunglongbing_(Citrus_greening),Tomato___Early_blight,0.822571
plantwild/extracted/plantwild/images/citrus greening disease/google_0084.jpg,Orange___Haunglongbing_(Citrus_greening),"Pepper,_bell___healthy",0.960156
plantwild/extracted/plantwild/images/citrus greening disease/google_0085.jpg,Orange___Haunglongbing_(Citrus_greening),"Pepper,_bell___healthy",0.962966
plantwild/extracted/plantwild/images/citrus greening disease/google_0086.jpg,Orange___Haunglongbing_(Citrus_greening),"Pepper,_bell___healthy",0.960597
plantwild/extracted/plantwild/images/citrus greening disease/google_0089.jpg,Orange___Haunglongbing_(Citrus_greening),Corn___Cercospora_leaf_spot Gray_leaf_spot,0.161210
plantwild/extracted/plantwild/images/citrus greening disease/google_0091.jpg,Orange___Haunglongbing_(Citrus_greening),Corn___healthy,0.256089
plantwild/extracted/plantwild/images/citrus greening disease/google_0094.jpg,Orange___Haunglongbing_(Citrus_greening),Blueberry___healthy,0.284618
plantwild/extracted/plantwild/images/citrus greening disease/google_0097.jpg,Orange___Haunglongbing_(Citrus_greening),"Pepper,_bell___healthy",0.574439
plantwild/extracted/plantwild/images/citrus greening disease/google_0098.jpg,Orange___Haunglongbing_(Citrus_greening),"Pepper,_bell___healthy",0.968967
plantwild/extracted/plantwild/images/citrus greening disease/google_0100.jpg,Orange___Haunglongbing_(Citrus_greening),Strawberry___Leaf_scorch,0.853191
plantwild/extracted/plantwild/images/citrus greening disease/google_0107.jpg,Orange___Haunglongbing_(Citrus_greening),Cherry___healthy,0.943263
plantwild/extracted/plantwild/images/citrus greening disease/google_0110.jpg,Orange___Haunglongbing_(Citrus_greening),"Pepper,_bell___healthy",0.958217
plantwild/extracted/plantwild/images/citrus greening disease/google_0117.jpg,Orange___Haunglongbing_(Citrus_greening),"Pepper,_bell___healthy",0.965430
plantwild/extracted/plantwild/images/citrus greening disease/google_0119.jpg,Orange___Haunglongbing_(Citrus_greening),Corn___healthy,0.756600
plantwild/extracted/plantwild/images/citrus greening disease/google_0120.jpg,Orange___Haunglongbing_(Citrus_greening),"Pepper,_bell___healthy",0.941051
plantwild/extracted/plantwild/images/citrus greening disease/google_0121.jpg,Orange___Haunglongbing_(Citrus_greening),"Pepper,_bell___healthy",0.971306
plantwild/extracted/plantwild/images/citrus greening disease/google_0125.jpg,Orange___Haunglongbing_(Citrus_greening),Tomato___Late_blight,0.958633
plantwild/extracted/plantwild/images/citrus greening disease/google_0126.jpg,Orange___Haunglongbing_(Citrus_greening),"Pepper,_bell___healthy",0.266571
plantwild/extracted/plantwild/images/citrus greening disease/google_0127.jpg,Orange___Haunglongbing_(Citrus_greening),Tomato___Tomato_Yellow_Leaf_Curl_Virus,0.824726
plantwild/extracted/plantwild/images/citrus greening disease/google_0129.jpg,Orange___Haunglongbing_(Citrus_greening),Tomato___Late_blight,0.836149
plantwild/extracted/plantwild/images/citrus greening disease/google_0131.jpg,Orange___Haunglongbing_(Citrus_greening),"Pepper,_bell___healthy",0.861436
plantwild/extracted/plantwild/images/citrus greening disease/google_0133.jpg,Orange___Haunglongbing_(Citrus_greening),"Pepper,_bell___healthy",0.940133
plantwild/extracted/plantwild/images/citrus greening disease/google_0134.jpg,Orange___Haunglongbing_(Citrus_greening),"Pepper,_bell___healthy",0.907527
plantwild/extracted/plantwild/images/citrus greening disease/google_0137.jpg,Orange___Haunglongbing_(Citrus_greening),"Pepper,_bell___healthy",0.802269
plantwild/extracted/plantwild/images/citrus greening disease/google_0140.jpg,Orange___Haunglongbing_(Citrus_greening),Corn___healthy,0.959379
plantwild/extracted/plantwild/images/citrus greening disease/google_0144.jpg,Orange___Haunglongbing_(Citrus_greening),Cherry___healthy,0.367742
plantwild/extracted/plantwild/images/citrus greening disease/google_0145.jpg,Orange___Haunglongbing_(Citrus_greening),"Pepper,_bell___healthy",0.915262
plantwild/extracted/plantwild/images/citrus greening disease/google_0146.jpg,Orange___Haunglongbing_(Citrus_greening),"Pepper,_bell___healthy",0.966826
plantwild/extracted/plantwild/images/citrus greening disease/google_0147.jpg,Orange___Haunglongbing_(Citrus_greening),Cherry___healthy,0.943857
plantwild/extracted/plantwild/images/citrus greening disease/google_0149.jpg,Orange___Haunglongbing_(Citrus_greening),Corn___healthy,0.628183
plantwild/extracted/plantwild/images/citrus greening disease/google_0150.jpg,Orange___Haunglongbing_(Citrus_greening),"Pepper,_bell___healthy",0.740904
plantwild/extracted/plantwild/images/citrus greening disease/google_0151.jpg,Orange___Haunglongbing_(Citrus_greening),Tomato___Late_blight,0.307715
plantwild/extracted/plantwild/images/citrus greening disease/google_0152.jpg,Orange___Haunglongbing_(Citrus_greening),Cherry___healthy,0.801415
plantwild/extracted/plantwild/images/citrus greening disease/google_0154.jpg,Orange___Haunglongbing_(Citrus_greening),"Pepper,_bell___healthy",0.911287
plantwild/extracted/plantwild/images/citrus greening disease/google_0156.jpg,Orange___Haunglongbing_(Citrus_greening),"Pepper,_bell___healthy",0.812326
plantwild/extracted/plantwild/images/citrus greening disease/google_0157.jpg,Orange___Haunglongbing_(Citrus_greening),Tomato___Tomato_Yellow_Leaf_Curl_Virus,0.190693
plantwild/extracted/plantwild/images/citrus greening disease/google_0158.jpg,Orange___Haunglongbing_(Citrus_greening),Cherry___healthy,0.951501
plantwild/extracted/plantwild/images/citrus greening disease/google_0160.jpg,Orange___Haunglongbing_(Citrus_greening),"Pepper,_bell___healthy",0.794627
plantwild/extracted/plantwild/images/citrus greening disease/google_0162.jpg,Orange___Haunglongbing_(Citrus_greening),Cherry___healthy,0.833121
plantwild/extracted/plantwild/images/citrus greening disease/google_0164.jpg,Orange___Haunglongbing_(Citrus_greening),Cherry___healthy,0.682755
plantwild/extracted/plantwild/images/citrus greening disease/google_0166.jpg,Orange___Haunglongbing_(Citrus_greening),"Pepper,_bell___healthy",0.621128
plantwild/extracted/plantwild/images/citrus greening disease/google_0169.jpg,Orange___Haunglongbing_(Citrus_greening),"Pepper,_bell___healthy",0.805522
plantwild/extracted/plantwild/images/citrus greening disease/google_0172.jpg,Orange___Haunglongbing_(Citrus_greening),Strawberry___Leaf_scorch,0.944497
plantwild/extracted/plantwild/images/citrus greening disease/google_0174.jpg,Orange___Haunglongbing_(Citrus_greening),"Pepper,_bell___healthy",0.961690
plantwild/extracted/plantwild/images/citrus greening disease/google_0182.jpg,Orange___Haunglongbing_(Citrus_greening),"Pepper,_bell___healthy",0.955069
plantwild/extracted/plantwild/images/citrus greening disease/google_0183.jpg,Orange___Haunglongbing_(Citrus_greening),"Pepper,_bell___healthy",0.886618
plantwild/extracted/plantwild/images/citrus greening disease/google_0185.jpg,Orange___Haunglongbing_(Citrus_greening),Cherry___healthy,0.677409
plantwild/extracted/plantwild/images/citrus greening disease/google_0186.jpg,Orange___Haunglongbing_(Citrus_greening),Cherry___healthy,0.702792
plantwild/extracted/plantwild/images/citrus greening disease/google_0187.jpg,Orange___Haunglongbing_(Citrus_greening),"Pepper,_bell___healthy",0.964624
plantwild/extracted/plantwild/images/citrus greening disease/google_0188.jpg,Orange___Haunglongbing_(Citrus_greening),"Pepper,_bell___Bacterial_spot",0.825327
plantwild/extracted/plantwild/images/citrus greening disease/google_0189.jpg,Orange___Haunglongbing_(Citrus_greening),Strawberry___Leaf_scorch,0.765443
plantwild/extracted/plantwild/images/citrus greening disease/google_0191.jpg,Orange___Haunglongbing_(Citrus_greening),Corn___healthy,0.454145
plantwild/extracted/plantwild/images/citrus greening disease/google_0193.jpg,Orange___Haunglongbing_(Citrus_greening),Corn___healthy,0.348237
plantwild/extracted/plantwild/images/citrus greening disease/google_0195.jpg,Orange___Haunglongbing_(Citrus_greening),"Pepper,_bell___healthy",0.400373
plantwild/extracted/plantwild/images/citrus greening disease/google_0199.jpg,Orange___Haunglongbing_(Citrus_greening),"Pepper,_bell___healthy",0.786310
plantwild/extracted/plantwild/images/citrus greening disease/google_0204.jpg,Orange___Haunglongbing_(Citrus_greening),"Pepper,_bell___healthy",0.870693
plantwild/extracted/plantwild/images/citrus greening disease/google_0207.jpg,Orange___Haunglongbing_(Citrus_greening),Strawberry___Leaf_scorch,0.669199
plantwild/extracted/plantwild/images/citrus greening disease/google_0208.jpg,Orange___Haunglongbing_(Citrus_greening),Tomato___Tomato_Yellow_Leaf_Curl_Virus,0.411497
plantwild/extracted/plantwild/images/citrus greening disease/google_0209.jpg,Orange___Haunglongbing_(Citrus_greening),Cherry___healthy,0.567627
plantwild/extracted/plantwild/images/citrus greening disease/google_0214.jpg,Orange___Haunglongbing_(Citrus_greening),"Pepper,_bell___healthy",0.954146
plantwild/extracted/plantwild/images/citrus greening disease/google_0216.jpg,Orange___Haunglongbing_(Citrus_greening),"Pepper,_bell___healthy",0.914166
plantwild/extracted/plantwild/images/citrus greening disease/google_0221.jpg,Orange___Haunglongbing_(Citrus_greening),"Pepper,_bell___healthy",0.958031
plantwild/extracted/plantwild/images/citrus greening disease/google_0222.jpg,Orange___Haunglongbing_(Citrus_greening),"Pepper,_bell___healthy",0.945363
plantwild/extracted/plantwild/images/citrus greening disease/google_0223.jpg,Orange___Haunglongbing_(Citrus_greening),"Pepper,_bell___healthy",0.196506
plantwild/extracted/plantwild/images/citrus greening disease/google_0226.jpg,Orange___Haunglongbing_(Citrus_greening),"Pepper,_bell___healthy",0.692548
plantwild/extracted/plantwild/images/citrus greening disease/google_0227.jpg,Orange___Haunglongbing_(Citrus_greening),"Pepper,_bell___healthy",0.726774
plantwild/extracted/plantwild/images/citrus greening disease/google_0228.jpg,Orange___Haunglongbing_(Citrus_greening),Cherry___healthy,0.912021
plantwild/extracted/plantwild/images/citrus greening disease/google_0229.jpg,Orange___Haunglongbing_(Citrus_greening),"Pepper,_bell___healthy",0.954822
plantwild/extracted/plantwild/images/citrus greening disease/google_0231.jpg,Orange___Haunglongbing_(Citrus_greening),Corn___healthy,0.464336
plantwild/extracted/plantwild/images/citrus greening disease/google_0236.jpg,Orange___Haunglongbing_(Citrus_greening),"Pepper,_bell___healthy",0.962454
plantwild/extracted/plantwild/images/citrus greening disease/google_0237.jpg,Orange___Haunglongbing_(Citrus_greening),"Pepper,_bell___healthy",0.342863
plantwild/extracted/plantwild/images/citrus greening disease/google_0251.jpg,Orange___Haunglongbing_(Citrus_greening),"Pepper,_bell___healthy",0.952780
plantwild/extracted/plantwild/images/citrus greening disease/google_0252.jpg,Orange___Haunglongbing_(Citrus_greening),Tomato___Early_blight,0.544861
plantwild/extracted/plantwild/images/citrus greening disease/google_0253 - Copy (2).jpg,Orange___Haunglongbing_(Citrus_greening),"Pepper,_bell___healthy",0.461569
plantwild/extracted/plantwild/images/citrus greening disease/google_0253 - Copy.jpg,Orange___Haunglongbing_(Citrus_greening),Tomato___Late_blight,0.788790
plantwild/extracted/plantwild/images/citrus greening disease/google_0253.jpg,Orange___Haunglongbing_(Citrus_greening),Tomato___Tomato_Yellow_Leaf_Curl_Virus,0.393391
plantwild/extracted/plantwild/images/citrus greening disease/google_0283.jpg,Orange___Haunglongbing_(Citrus_greening),Tomato___Leaf_Mold,0.300930
plantwild/extracted/plantwild/images/citrus greening disease/google_0296.jpg,Orange___Haunglongbing_(Citrus_greening),Cherry___healthy,0.890806
plantwild/extracted/plantwild/images/citrus greening disease/google_0297.jpg,Orange___Haunglongbing_(Citrus_greening),Tomato___Early_blight,0.937950
plantwild/extracted/plantwild/images/citrus greening disease/google_0298.jpg,Orange___Haunglongbing_(Citrus_greening),"Pepper,_bell___healthy",0.725625
plantwild/extracted/plantwild/images/citrus greening disease/google_0305.jpg,Orange___Haunglongbing_(Citrus_greening),"Pepper,_bell___healthy",0.271844
plantwild/extracted/plantwild/images/citrus greening disease/google_0306.jpg,Orange___Haunglongbing_(Citrus_greening),Strawberry___Leaf_scorch,0.465367
plantwild/extracted/plantwild/images/citrus greening disease/google_0309.jpg,Orange___Haunglongbing_(Citrus_greening),"Pepper,_bell___healthy",0.923669
plantwild/extracted/plantwild/images/citrus greening disease/google_0312.jpg,Orange___Haunglongbing_(Citrus_greening),"Pepper,_bell___healthy",0.948766
plantwild/extracted/plantwild/images/citrus greening disease/google_0314.jpg,Orange___Haunglongbing_(Citrus_greening),Tomato___Early_blight,0.950286
plantwild/extracted/plantwild/images/citrus greening disease/google_0316.jpg,Orange___Haunglongbing_(Citrus_greening),"Pepper,_bell___healthy",0.430025
plantwild/extracted/plantwild/images/citrus greening disease/google_0328.jpg,Orange___Haunglongbing_(Citrus_greening),"Pepper,_bell___healthy",0.741741
plantwild/extracted/plantwild/images/citrus greening disease/google_0329.jpg,Orange___Haunglongbing_(Citrus_greening),Tomato___Early_blight,0.689960
plantwild/extracted/plantwild/images/citrus greening disease/google_0354.jpg,Orange___Haunglongbing_(Citrus_greening),Strawberry___Leaf_scorch,0.516965
plantwild/extracted/plantwild/images/citrus greening disease/google_0355.jpg,Orange___Haunglongbing_(Citrus_greening),Corn___healthy,0.446927
plantwild/extracted/plantwild/images/citrus greening disease/google_0356.jpg,Orange___Haunglongbing_(Citrus_greening),Corn___healthy,0.298464
plantwild/extracted/plantwild/images/citrus greening disease/google_0358.jpg,Orange___Haunglongbing_(Citrus_greening),Strawberry___Leaf_scorch,0.914058
plantwild/extracted/plantwild/images/citrus greening disease/google_0361.jpg,Orange___Haunglongbing_(Citrus_greening),Tomato___Late_blight,0.685621
plantwild/extracted/plantwild/images/citrus greening disease/google_0363.jpg,Orange___Haunglongbing_(Citrus_greening),Tomato___Early_blight,0.458678
plantwild/extracted/plantwild/images/corn gray leaf spot/1.jpg,Corn___Cercospora_leaf_spot Gray_leaf_spot,Corn___Cercospora_leaf_spot Gray_leaf_spot,0.969508
plantwild/extracted/plantwild/images/corn gray leaf spot/10.jpg,Corn___Cercospora_leaf_spot Gray_leaf_spot,Strawberry___Leaf_scorch,0.909731
plantwild/extracted/plantwild/images/corn gray leaf spot/100.jpg,Corn___Cercospora_leaf_spot Gray_leaf_spot,Cherry___healthy,0.737292
plantwild/extracted/plantwild/images/corn gray leaf spot/114.jpg,Corn___Cercospora_leaf_spot Gray_leaf_spot,Cherry___healthy,0.759204
plantwild/extracted/plantwild/images/corn gray leaf spot/12.jpg,Corn___Cercospora_leaf_spot Gray_leaf_spot,Cherry___healthy,0.454903
plantwild/extracted/plantwild/images/corn gray leaf spot/13.jpg,Corn___Cercospora_leaf_spot Gray_leaf_spot,Corn___Cercospora_leaf_spot Gray_leaf_spot,0.962396
plantwild/extracted/plantwild/images/corn gray leaf spot/14.jpg,Corn___Cercospora_leaf_spot Gray_leaf_spot,Corn___healthy,0.688193
plantwild/extracted/plantwild/images/corn gray leaf spot/15.jpg,Corn___Cercospora_leaf_spot Gray_leaf_spot,"Pepper,_bell___healthy",0.735417
plantwild/extracted/plantwild/images/corn gray leaf spot/17.jpg,Corn___Cercospora_leaf_spot Gray_leaf_spot,Corn___Cercospora_leaf_spot Gray_leaf_spot,0.761863
plantwild/extracted/plantwild/images/corn gray leaf spot/2 - Copy (3).jpg,Corn___Cercospora_leaf_spot Gray_leaf_spot,Corn___Northern_Leaf_Blight,0.966242
plantwild/extracted/plantwild/images/corn gray leaf spot/2 - Copy.jpg,Corn___Cercospora_leaf_spot Gray_leaf_spot,"Pepper,_bell___healthy",0.548317
plantwild/extracted/plantwild/images/corn gray leaf spot/20.jpg,Corn___Cercospora_leaf_spot Gray_leaf_spot,Corn___Northern_Leaf_Blight,0.964692
plantwild/extracted/plantwild/images/corn gray leaf spot/24.jpg,Corn___Cercospora_leaf_spot Gray_leaf_spot,Strawberry___Leaf_scorch,0.899449
plantwild/extracted/plantwild/images/corn gray leaf spot/26 - Copy (2).jpg,Corn___Cercospora_leaf_spot Gray_leaf_spot,Corn___Cercospora_leaf_spot Gray_leaf_spot,0.551014
plantwild/extracted/plantwild/images/corn gray leaf spot/26 - Copy (3).jpg,Corn___Cercospora_leaf_spot Gray_leaf_spot,Corn___Cercospora_leaf_spot Gray_leaf_spot,0.970152
plantwild/extracted/plantwild/images/corn gray leaf spot/26 - Copy.jpg,Corn___Cercospora_leaf_spot Gray_leaf_spot,Corn___healthy,0.960476
plantwild/extracted/plantwild/images/corn gray leaf spot/26.jpg,Corn___Cercospora_leaf_spot Gray_leaf_spot,Corn___healthy,0.935717
plantwild/extracted/plantwild/images/corn gray leaf spot/3.jpg,Corn___Cercospora_leaf_spot Gray_leaf_spot,Corn___Northern_Leaf_Blight,0.970038
plantwild/extracted/plantwild/images/corn gray leaf spot/30.jpg,Corn___Cercospora_leaf_spot Gray_leaf_spot,Corn___Cercospora_leaf_spot Gray_leaf_spot,0.969068
plantwild/extracted/plantwild/images/corn gray leaf spot/31.jpg,Corn___Cercospora_leaf_spot Gray_leaf_spot,Apple___healthy,0.934133
plantwild/extracted/plantwild/images/corn gray leaf spot/32.jpg,Corn___Cercospora_leaf_spot Gray_leaf_spot,Tomato___Early_blight,0.320393
plantwild/extracted/plantwild/images/corn gray leaf spot/33.jpg,Corn___Cercospora_leaf_spot Gray_leaf_spot,Corn___Cercospora_leaf_spot Gray_leaf_spot,0.967198
plantwild/extracted/plantwild/images/corn gray leaf spot/34.jpg,Corn___Cercospora_leaf_spot Gray_leaf_spot,Corn___Cercospora_leaf_spot Gray_leaf_spot,0.968416
plantwild/extracted/plantwild/images/corn gray leaf spot/35.jpg,Corn___Cercospora_leaf_spot Gray_leaf_spot,Strawberry___Leaf_scorch,0.473452
plantwild/extracted/plantwild/images/corn gray leaf spot/38.jpg,Corn___Cercospora_leaf_spot Gray_leaf_spot,Corn___Northern_Leaf_Blight,0.816210
plantwild/extracted/plantwild/images/corn gray leaf spot/39.jpg,Corn___Cercospora_leaf_spot Gray_leaf_spot,"Pepper,_bell___healthy",0.897009
plantwild/extracted/plantwild/images/corn gray leaf spot/4 - Copy (2).jpg,Corn___Cercospora_leaf_spot Gray_leaf_spot,Cherry___healthy,0.938308
plantwild/extracted/plantwild/images/corn gray leaf spot/4 - Copy.jpg,Corn___Cercospora_leaf_spot Gray_leaf_spot,Corn___Northern_Leaf_Blight,0.962897
plantwild/extracted/plantwild/images/corn gray leaf spot/42.jpg,Corn___Cercospora_leaf_spot Gray_leaf_spot,Corn___Cercospora_leaf_spot Gray_leaf_spot,0.852919
plantwild/extracted/plantwild/images/corn gray leaf spot/44.jpg,Corn___Cercospora_leaf_spot Gray_leaf_spot,Corn___healthy,0.470808
plantwild/extracted/plantwild/images/corn gray leaf spot/45.jpg,Corn___Cercospora_leaf_spot Gray_leaf_spot,Cherry___healthy,0.886487
plantwild/extracted/plantwild/images/corn gray leaf spot/49.jpg,Corn___Cercospora_leaf_spot Gray_leaf_spot,Corn___Cercospora_leaf_spot Gray_leaf_spot,0.969497
plantwild/extracted/plantwild/images/corn gray leaf spot/5.jpg,Corn___Cercospora_leaf_spot Gray_leaf_spot,Corn___healthy,0.900782
plantwild/extracted/plantwild/images/corn gray leaf spot/51.jpg,Corn___Cercospora_leaf_spot Gray_leaf_spot,"Pepper,_bell___Bacterial_spot",0.615562
plantwild/extracted/plantwild/images/corn gray leaf spot/6.jpg,Corn___Cercospora_leaf_spot Gray_leaf_spot,Corn___Cercospora_leaf_spot Gray_leaf_spot,0.762389
plantwild/extracted/plantwild/images/corn gray leaf spot/61 - Copy (2).jpg,Corn___Cercospora_leaf_spot Gray_leaf_spot,Corn___Northern_Leaf_Blight,0.953634
plantwild/extracted/plantwild/images/corn gray leaf spot/61 - Copy.jpg,Corn___Cercospora_leaf_spot Gray_leaf_spot,Corn___healthy,0.963629
plantwild/extracted/plantwild/images/corn gray leaf spot/61.jpg,Corn___Cercospora_leaf_spot Gray_leaf_spot,Tomato___Late_blight,0.376934
plantwild/extracted/plantwild/images/corn gray leaf spot/65.jpg,Corn___Cercospora_leaf_spot Gray_leaf_spot,Corn___Cercospora_leaf_spot Gray_leaf_spot,0.970434
plantwild/extracted/plantwild/images/corn gray leaf spot/68.jpg,Corn___Cercospora_leaf_spot Gray_leaf_spot,Corn___Cercospora_leaf_spot Gray_leaf_spot,0.900452
plantwild/extracted/plantwild/images/corn gray leaf spot/70 - Copy (2).jpg,Corn___Cercospora_leaf_spot Gray_leaf_spot,"Pepper,_bell___healthy",0.786549
plantwild/extracted/plantwild/images/corn gray leaf spot/74.jpg,Corn___Cercospora_leaf_spot Gray_leaf_spot,Corn___healthy,0.790489
plantwild/extracted/plantwild/images/corn gray leaf spot/99.jpg,Corn___Cercospora_leaf_spot Gray_leaf_spot,Strawberry___Leaf_scorch,0.676662
plantwild/extracted/plantwild/images/corn gray leaf spot/add (1).jpg,Corn___Cercospora_leaf_spot Gray_leaf_spot,"Pepper,_bell___healthy",0.846239
plantwild/extracted/plantwild/images/corn gray leaf spot/add (2).jpg,Corn___Cercospora_leaf_spot Gray_leaf_spot,Corn___Northern_Leaf_Blight,0.945046
plantwild/extracted/plantwild/images/corn gray leaf spot/add (3).jpg,Corn___Cercospora_leaf_spot Gray_leaf_spot,Corn___Cercospora_leaf_spot Gray_leaf_spot,0.893077
plantwild/extracted/plantwild/images/corn gray leaf spot/add (4).jpg,Corn___Cercospora_leaf_spot Gray_leaf_spot,Cherry___healthy,0.854573
plantwild/extracted/plantwild/images/corn gray leaf spot/add (5).jpg,Corn___Cercospora_leaf_spot Gray_leaf_spot,Corn___Cercospora_leaf_spot Gray_leaf_spot,0.969323
plantwild/extracted/plantwild/images/corn gray leaf spot/add (6).jpg,Corn___Cercospora_leaf_spot Gray_leaf_spot,Corn___Northern_Leaf_Blight,0.959174
plantwild/extracted/plantwild/images/corn gray leaf spot/add (7).jpg,Corn___Cercospora_leaf_spot Gray_leaf_spot,Corn___Cercospora_leaf_spot Gray_leaf_spot,0.969068
plantwild/extracted/plantwild/images/corn gray leaf spot/add (8).jpg,Corn___Cercospora_leaf_spot Gray_leaf_spot,Corn___Cercospora_leaf_spot Gray_leaf_spot,0.969488
plantwild/extracted/plantwild/images/corn gray leaf spot/add (9).jpg,Corn___Cercospora_leaf_spot Gray_leaf_spot,Corn___healthy,0.947871
plantwild/extracted/plantwild/images/corn gray leaf spot/google_0000.jpg,Corn___Cercospora_leaf_spot Gray_leaf_spot,Corn___Cercospora_leaf_spot Gray_leaf_spot,0.864376
plantwild/extracted/plantwild/images/corn gray leaf spot/google_0001.jpg,Corn___Cercospora_leaf_spot Gray_leaf_spot,Corn___Cercospora_leaf_spot Gray_leaf_spot,0.968662
plantwild/extracted/plantwild/images/corn gray leaf spot/google_0002.jpg,Corn___Cercospora_leaf_spot Gray_leaf_spot,Apple___Black_rot,0.758098
plantwild/extracted/plantwild/images/corn gray leaf spot/google_0003.jpg,Corn___Cercospora_leaf_spot Gray_leaf_spot,Corn___Cercospora_leaf_spot Gray_leaf_spot,0.969356
plantwild/extracted/plantwild/images/corn gray leaf spot/google_0004.jpg,Corn___Cercospora_leaf_spot Gray_leaf_spot,Strawberry___Leaf_scorch,0.501694
plantwild/extracted/plantwild/images/corn gray leaf spot/google_0005.jpg,Corn___Cercospora_leaf_spot Gray_leaf_spot,"Pepper,_bell___healthy",0.364408
plantwild/extracted/plantwild/images/corn gray leaf spot/google_0006.jpg,Corn___Cercospora_leaf_spot Gray_leaf_spot,Corn___Cercospora_leaf_spot Gray_leaf_spot,0.967530
plantwild/extracted/plantwild/images/corn gray leaf spot/google_0007.jpg,Corn___Cercospora_leaf_spot Gray_leaf_spot,Corn___Cercospora_leaf_spot Gray_leaf_spot,0.965045
plantwild/extracted/plantwild/images/corn gray leaf spot/google_0008.jpg,Corn___Cercospora_leaf_spot Gray_leaf_spot,Corn___Cercospora_leaf_spot Gray_leaf_spot,0.879708
plantwild/extracted/plantwild/images/corn gray leaf spot/google_0009.jpg,Corn___Cercospora_leaf_spot Gray_leaf_spot,Corn___Northern_Leaf_Blight,0.627823
plantwild/extracted/plantwild/images/corn gray leaf spot/google_0010.jpg,Corn___Cercospora_leaf_spot Gray_leaf_spot,Corn___Cercospora_leaf_spot Gray_leaf_spot,0.959927
plantwild/extracted/plantwild/images/corn gray leaf spot/google_0011.jpg,Corn___Cercospora_leaf_spot Gray_leaf_spot,Corn___Cercospora_leaf_spot Gray_leaf_spot,0.969901
plantwild/extracted/plantwild/images/corn gray leaf spot/google_0014.jpg,Corn___Cercospora_leaf_spot Gray_leaf_spot,Peach___Bacterial_spot,0.784753
plantwild/extracted/plantwild/images/corn gray leaf spot/google_0015.jpg,Corn___Cercospora_leaf_spot Gray_leaf_spot,Corn___Cercospora_leaf_spot Gray_leaf_spot,0.958546
plantwild/extracted/plantwild/images/corn gray leaf spot/google_0017.jpg,Corn___Cercospora_leaf_spot Gray_leaf_spot,Corn___Cercospora_leaf_spot Gray_leaf_spot,0.743481
plantwild/extracted/plantwild/images/corn gray leaf spot/google_0018.jpg,Corn___Cercospora_leaf_spot Gray_leaf_spot,Corn___Cercospora_leaf_spot Gray_leaf_spot,0.876148
plantwild/extracted/plantwild/images/corn gray leaf spot/google_0020.jpg,Corn___Cercospora_leaf_spot Gray_leaf_spot,Corn___Cercospora_leaf_spot Gray_leaf_spot,0.962948
plantwild/extracted/plantwild/images/corn gray leaf spot/google_0021.jpg,Corn___Cercospora_leaf_spot Gray_leaf_spot,Corn___Cercospora_leaf_spot Gray_leaf_spot,0.952175
plantwild/extracted/plantwild/images/corn gray leaf spot/google_0023.jpg,Corn___Cercospora_leaf_spot Gray_leaf_spot,Corn___Cercospora_leaf_spot Gray_leaf_spot,0.968614
plantwild/extracted/plantwild/images/corn gray leaf spot/google_0024.jpg,Corn___Cercospora_leaf_spot Gray_leaf_spot,Blueberry___healthy,0.872264
plantwild/extracted/plantwild/images/corn gray leaf spot/google_0025.jpg,Corn___Cercospora_leaf_spot Gray_leaf_spot,Corn___Cercospora_leaf_spot Gray_leaf_spot,0.968503
plantwild/extracted/plantwild/images/corn gray leaf spot/google_0026.jpg,Corn___Cercospora_leaf_spot Gray_leaf_spot,"Pepper,_bell___healthy",0.810418
plantwild/extracted/plantwild/images/corn gray leaf spot/google_0028.jpg,Corn___Cercospora_leaf_spot Gray_leaf_spot,Corn___Cercospora_leaf_spot Gray_leaf_spot,0.971026
plantwild/extracted/plantwild/images/corn gray leaf spot/google_0029.jpg,Corn___Cercospora_leaf_spot Gray_leaf_spot,Corn___Common_rust,0.436338
plantwild/extracted/plantwild/images/corn gray leaf spot/google_0033.jpg,Corn___Cercospora_leaf_spot Gray_leaf_spot,Corn___Cercospora_leaf_spot Gray_leaf_spot,0.942734
plantwild/extracted/plantwild/images/corn gray leaf spot/google_0034.jpg,Corn___Cercospora_leaf_spot Gray_leaf_spot,Corn___Northern_Leaf_Blight,0.971589
plantwild/extracted/plantwild/images/corn gray leaf spot/google_0035.jpg,Corn___Cercospora_leaf_spot Gray_leaf_spot,Corn___Cercospora_leaf_spot Gray_leaf_spot,0.969288
plantwild/extracted/plantwild/images/corn gray leaf spot/google_0036.jpg,Corn___Cercospora_leaf_spot Gray_leaf_spot,Corn___Northern_Leaf_Blight,0.971098
plantwild/extracted/plantwild/images/corn gray leaf spot/google_0038.jpg,Corn___Cercospora_leaf_spot Gray_leaf_spot,Corn___Cercospora_leaf_spot Gray_leaf_spot,0.941977
plantwild/extracted/plantwild/images/corn gray leaf spot/google_0040.jpg,Corn___Cercospora_leaf_spot Gray_leaf_spot,Corn___Cercospora_leaf_spot Gray_leaf_spot,0.973587
plantwild/extracted/plantwild/images/corn gray leaf spot/google_0041.jpg,Corn___Cercospora_leaf_spot Gray_leaf_spot,Corn___Northern_Leaf_Blight,0.883482
plantwild/extracted/plantwild/images/corn gray leaf spot/google_0044.jpg,Corn___Cercospora_leaf_spot Gray_leaf_spot,Corn___Cercospora_leaf_spot Gray_leaf_spot,0.849291
plantwild/extracted/plantwild/images/corn gray leaf spot/google_0045.jpg,Corn___Cercospora_leaf_spot Gray_leaf_spot,Corn___Common_rust,0.916706
plantwild/extracted/plantwild/images/corn gray leaf spot/google_0046.jpg,Corn___Cercospora_leaf_spot Gray_leaf_spot,Corn___Cercospora_leaf_spot Gray_leaf_spot,0.619820
plantwild/extracted/plantwild/images/corn gray leaf spot/google_0047.jpg,Corn___Cercospora_leaf_spot Gray_leaf_spot,Corn___Cercospora_leaf_spot Gray_leaf_spot,0.969396
plantwild/extracted/plantwild/images/corn gray leaf spot/google_0048.jpg,Corn___Cercospora_leaf_spot Gray_leaf_spot,Corn___Cercospora_leaf_spot Gray_leaf_spot,0.966293
plantwild/extracted/plantwild/images/corn gray leaf spot/google_0049.jpg,Corn___Cercospora_leaf_spot Gray_leaf_spot,Corn___healthy,0.623223
plantwild/extracted/plantwild/images/corn gray leaf spot/google_0050.jpg,Corn___Cercospora_leaf_spot Gray_leaf_spot,Corn___Cercospora_leaf_spot Gray_leaf_spot,0.968321
plantwild/extracted/plantwild/images/corn gray leaf spot/google_0051.jpg,Corn___Cercospora_leaf_spot Gray_leaf_spot,Corn___Cercospora_leaf_spot Gray_leaf_spot,0.964905
plantwild/extracted/plantwild/images/corn gray leaf spot/google_0053.jpg,Corn___Cercospora_leaf_spot Gray_leaf_spot,Cherry___healthy,0.497576
plantwild/extracted/plantwild/images/corn gray leaf spot/google_0054.jpg,Corn___Cercospora_leaf_spot Gray_leaf_spot,"Pepper,_bell___healthy",0.878842
plantwild/extracted/plantwild/images/corn gray leaf spot/google_0055.jpg,Corn___Cercospora_leaf_spot Gray_leaf_spot,Corn___Cercospora_leaf_spot Gray_leaf_spot,0.967272
plantwild/extracted/plantwild/images/corn gray leaf spot/google_0057.jpg,Corn___Cercospora_leaf_spot Gray_leaf_spot,"Pepper,_bell___healthy",0.955819
plantwild/extracted/plantwild/images/corn gray leaf spot/google_0059.jpg,Corn___Cercospora_leaf_spot Gray_leaf_spot,Corn___Northern_Leaf_Blight,0.783149
plantwild/extracted/plantwild/images/corn gray leaf spot/google_0060.jpg,Corn___Cercospora_leaf_spot Gray_leaf_spot,Strawberry___Leaf_scorch,0.368923
plantwild/extracted/plantwild/images/corn gray leaf spot/google_0061.jpg,Corn___Cercospora_leaf_spot Gray_leaf_spot,Corn___Cercospora_leaf_spot Gray_leaf_spot,0.963925
plantwild/extracted/plantwild/images/corn gray leaf spot/google_0062.jpg,Corn___Cercospora_leaf_spot Gray_leaf_spot,Corn___Cercospora_leaf_spot Gray_leaf_spot,0.527517
plantwild/extracted/plantwild/images/corn gray leaf spot/google_0063.jpg,Corn___Cercospora_leaf_spot Gray_leaf_spot,"Pepper,_bell___healthy",0.957306
plantwild/extracted/plantwild/images/corn gray leaf spot/google_0064.jpg,Corn___Cercospora_leaf_spot Gray_leaf_spot,"Pepper,_bell___healthy",0.817371
plantwild/extracted/plantwild/images/corn gray leaf spot/google_0066.jpg,Corn___Cercospora_leaf_spot Gray_leaf_spot,Corn___Cercospora_leaf_spot Gray_leaf_spot,0.969492
plantwild/extracted/plantwild/images/corn gray leaf spot/google_0067.jpg,Corn___Cercospora_leaf_spot Gray_leaf_spot,Corn___Cercospora_leaf_spot Gray_leaf_spot,0.951506
plantwild/extracted/plantwild/images/corn gray leaf spot/google_0068.jpg,Corn___Cercospora_leaf_spot Gray_leaf_spot,Corn___Northern_Leaf_Blight,0.937416
plantwild/extracted/plantwild/images/corn gray leaf spot/google_0072.jpg,Corn___Cercospora_leaf_spot Gray_leaf_spot,Corn___Cercospora_leaf_spot Gray_leaf_spot,0.966385
plantwild/extracted/plantwild/images/corn gray leaf spot/google_0074.jpg,Corn___Cercospora_leaf_spot Gray_leaf_spot,Corn___Cercospora_leaf_spot Gray_leaf_spot,0.862459
plantwild/extracted/plantwild/images/corn gray leaf spot/google_0075.jpg,Corn___Cercospora_leaf_spot Gray_leaf_spot,Corn___Cercospora_leaf_spot Gray_leaf_spot,0.688600
plantwild/extracted/plantwild/images/corn gray leaf spot/google_0076.jpg,Corn___Cercospora_leaf_spot Gray_leaf_spot,Corn___Cercospora_leaf_spot Gray_leaf_spot,0.968022
plantwild/extracted/plantwild/images/corn gray leaf spot/google_0077.jpg,Corn___Cercospora_leaf_spot Gray_leaf_spot,Corn___Common_rust,0.405643
plantwild/extracted/plantwild/images/corn gray leaf spot/google_0079.jpg,Corn___Cercospora_leaf_spot Gray_leaf_spot,Tomato___Early_blight,0.967462
plantwild/extracted/plantwild/images/corn gray leaf spot/google_0081.jpg,Corn___Cercospora_leaf_spot Gray_leaf_spot,Corn___Cercospora_leaf_spot Gray_leaf_spot,0.967827
plantwild/extracted/plantwild/images/corn gray leaf spot/google_0083.jpg,Corn___Cercospora_leaf_spot Gray_leaf_spot,Corn___Northern_Leaf_Blight,0.943713
plantwild/extracted/plantwild/images/corn gray leaf spot/google_0084.jpg,Corn___Cercospora_leaf_spot Gray_leaf_spot,Corn___Northern_Leaf_Blight,0.583892
plantwild/extracted/plantwild/images/corn gray leaf spot/google_0086.jpg,Corn___Cercospora_leaf_spot Gray_leaf_spot,Corn___Cercospora_leaf_spot Gray_leaf_spot,0.965785
plantwild/extracted/plantwild/images/corn gray leaf spot/google_0087.jpg,Corn___Cercospora_leaf_spot Gray_leaf_spot,Corn___Cercospora_leaf_spot Gray_leaf_spot,0.969156
plantwild/extracted/plantwild/images/corn gray leaf spot/google_0088.jpg,Corn___Cercospora_leaf_spot Gray_leaf_spot,Corn___Northern_Leaf_Blight,0.828281
plantwild/extracted/plantwild/images/corn gray leaf spot/google_0089.jpg,Corn___Cercospora_leaf_spot Gray_leaf_spot,"Pepper,_bell___healthy",0.509732
plantwild/extracted/plantwild/images/corn gray leaf spot/google_0090.jpg,Corn___Cercospora_leaf_spot Gray_leaf_spot,"Pepper,_bell___healthy",0.800879
plantwild/extracted/plantwild/images/corn gray leaf spot/google_0094.jpg,Corn___Cercospora_leaf_spot Gray_leaf_spot,Corn___Cercospora_leaf_spot Gray_leaf_spot,0.968195
plantwild/extracted/plantwild/images/corn gray leaf spot/google_0095.jpg,Corn___Cercospora_leaf_spot Gray_leaf_spot,Corn___Cercospora_leaf_spot Gray_leaf_spot,0.965265
plantwild/extracted/plantwild/images/corn gray leaf spot/google_0096.jpg,Corn___Cercospora_leaf_spot Gray_leaf_spot,Corn___Cercospora_leaf_spot Gray_leaf_spot,0.965532
plantwild/extracted/plantwild/images/corn gray leaf spot/google_0097.jpg,Corn___Cercospora_leaf_spot Gray_leaf_spot,Apple___Cedar_apple_rust,0.843436
plantwild/extracted/plantwild/images/corn gray leaf spot/google_0100.jpg,Corn___Cercospora_leaf_spot Gray_leaf_spot,Corn___Northern_Leaf_Blight,0.925127
plantwild/extracted/plantwild/images/corn gray leaf spot/google_0101.jpg,Corn___Cercospora_leaf_spot Gray_leaf_spot,Corn___Cercospora_leaf_spot Gray_leaf_spot,0.961679
plantwild/extracted/plantwild/images/corn gray leaf spot/google_0102.jpg,Corn___Cercospora_leaf_spot Gray_leaf_spot,Corn___Cercospora_leaf_spot Gray_leaf_spot,0.809122
plantwild/extracted/plantwild/images/corn gray leaf spot/google_0104.jpg,Corn___Cercospora_leaf_spot Gray_leaf_spot,Corn___Northern_Leaf_Blight,0.939633
plantwild/extracted/plantwild/images/corn gray leaf spot/google_0105.jpg,Corn___Cercospora_leaf_spot Gray_leaf_spot,Corn___Northern_Leaf_Blight,0.593619
plantwild/extracted/plantwild/images/corn gray leaf spot/google_0106.jpg,Corn___Cercospora_leaf_spot Gray_leaf_spot,Corn___Northern_Leaf_Blight,0.964803
plantwild/extracted/plantwild/images/corn gray leaf spot/google_0107.jpg,Corn___Cercospora_leaf_spot Gray_leaf_spot,Corn___Northern_Leaf_Blight,0.967974
plantwild/extracted/plantwild/images/corn gray leaf spot/google_0108.jpg,Corn___Cercospora_leaf_spot Gray_leaf_spot,Corn___Northern_Leaf_Blight,0.966545
plantwild/extracted/plantwild/images/corn gray leaf spot/google_0109.jpg,Corn___Cercospora_leaf_spot Gray_leaf_spot,Corn___Cercospora_leaf_spot Gray_leaf_spot,0.924203
plantwild/extracted/plantwild/images/corn gray leaf spot/google_0115.jpg,Corn___Cercospora_leaf_spot Gray_leaf_spot,Corn___Cercospora_leaf_spot Gray_leaf_spot,0.811024
plantwild/extracted/plantwild/images/corn gray leaf spot/google_0117.jpg,Corn___Cercospora_leaf_spot Gray_leaf_spot,Corn___Cercospora_leaf_spot Gray_leaf_spot,0.780637
plantwild/extracted/plantwild/images/corn gray leaf spot/google_0118.jpg,Corn___Cercospora_leaf_spot Gray_leaf_spot,Corn___Northern_Leaf_Blight,0.515283
plantwild/extracted/plantwild/images/corn gray leaf spot/google_0119.jpg,Corn___Cercospora_leaf_spot Gray_leaf_spot,Corn___Cercospora_leaf_spot Gray_leaf_spot,0.969153
plantwild/extracted/plantwild/images/corn gray leaf spot/google_0122.jpg,Corn___Cercospora_leaf_spot Gray_leaf_spot,Corn___Cercospora_leaf_spot Gray_leaf_spot,0.967290
plantwild/extracted/plantwild/images/corn gray leaf spot/google_0123.jpg,Corn___Cercospora_leaf_spot Gray_leaf_spot,"Pepper,_bell___healthy",0.839494
plantwild/extracted/plantwild/images/corn gray leaf spot/google_0124.jpg,Corn___Cercospora_leaf_spot Gray_leaf_spot,"Pepper,_bell___healthy",0.913057
plantwild/extracted/plantwild/images/corn gray leaf spot/google_0127.jpg,Corn___Cercospora_leaf_spot Gray_leaf_spot,Corn___Northern_Leaf_Blight,0.968118
plantwild/extracted/plantwild/images/corn gray leaf spot/google_0128.jpg,Corn___Cercospora_leaf_spot Gray_leaf_spot,"Pepper,_bell___healthy",0.768876
plantwild/extracted/plantwild/images/corn gray leaf spot/google_0129.jpg,Corn___Cercospora_leaf_spot Gray_leaf_spot,"Pepper,_bell___healthy",0.729700
plantwild/extracted/plantwild/images/corn gray leaf spot/google_0133.jpg,Corn___Cercospora_leaf_spot Gray_leaf_spot,Corn___Cercospora_leaf_spot Gray_leaf_spot,0.659539
plantwild/extracted/plantwild/images/corn gray leaf spot/google_0134.jpg,Corn___Cercospora_leaf_spot Gray_leaf_spot,Strawberry___Leaf_scorch,0.300603
plantwild/extracted/plantwild/images/corn gray leaf spot/google_0136.jpg,Corn___Cercospora_leaf_spot Gray_leaf_spot,Tomato___Early_blight,0.903407
plantwild/extracted/plantwild/images/corn gray leaf spot/google_0138.jpg,Corn___Cercospora_leaf_spot Gray_leaf_spot,"Pepper,_bell___healthy",0.697742
plantwild/extracted/plantwild/images/corn gray leaf spot/google_0139.jpg,Corn___Cercospora_leaf_spot Gray_leaf_spot,Corn___healthy,0.961501
plantwild/extracted/plantwild/images/corn gray leaf spot/google_0140.jpg,Corn___Cercospora_leaf_spot Gray_leaf_spot,Corn___Cercospora_leaf_spot Gray_leaf_spot,0.968907
plantwild/extracted/plantwild/images/corn gray leaf spot/google_0141.jpg,Corn___Cercospora_leaf_spot Gray_leaf_spot,"Pepper,_bell___healthy",0.929542
plantwild/extracted/plantwild/images/corn gray leaf spot/google_0142.jpg,Corn___Cercospora_leaf_spot Gray_leaf_spot,Corn___Cercospora_leaf_spot Gray_leaf_spot,0.825579
plantwild/extracted/plantwild/images/corn gray leaf spot/google_0143.jpg,Corn___Cercospora_leaf_spot Gray_leaf_spot,Apple___Black_rot,0.246216
plantwild/extracted/plantwild/images/corn gray leaf spot/google_0144.jpg,Corn___Cercospora_leaf_spot Gray_leaf_spot,Corn___Cercospora_leaf_spot Gray_leaf_spot,0.973296
plantwild/extracted/plantwild/images/corn gray leaf spot/google_0145.jpg,Corn___Cercospora_leaf_spot Gray_leaf_spot,Corn___Cercospora_leaf_spot Gray_leaf_spot,0.952891
plantwild/extracted/plantwild/images/corn gray leaf spot/google_0147.jpg,Corn___Cercospora_leaf_spot Gray_leaf_spot,Corn___Cercospora_leaf_spot Gray_leaf_spot,0.966787
plantwild/extracted/plantwild/images/corn gray leaf spot/google_0149.jpg,Corn___Cercospora_leaf_spot Gray_leaf_spot,Corn___Cercospora_leaf_spot Gray_leaf_spot,0.968978
plantwild/extracted/plantwild/images/corn gray leaf spot/google_0150.jpg,Corn___Cercospora_leaf_spot Gray_leaf_spot,Corn___Northern_Leaf_Blight,0.971693
plantwild/extracted/plantwild/images/corn gray leaf spot/google_0151.jpg,Corn___Cercospora_leaf_spot Gray_leaf_spot,Corn___Cercospora_leaf_spot Gray_leaf_spot,0.968145
plantwild/extracted/plantwild/images/corn gray leaf spot/google_0152.jpg,Corn___Cercospora_leaf_spot Gray_leaf_spot,Corn___Cercospora_leaf_spot Gray_leaf_spot,0.968162
plantwild/extracted/plantwild/images/corn gray leaf spot/google_0153.jpg,Corn___Cercospora_leaf_spot Gray_leaf_spot,Corn___healthy,0.952149
plantwild/extracted/plantwild/images/corn gray leaf spot/google_0155.jpg,Corn___Cercospora_leaf_spot Gray_leaf_spot,Corn___healthy,0.668687
plantwild/extracted/plantwild/images/corn gray leaf spot/google_0157.jpg,Corn___Cercospora_leaf_spot Gray_leaf_spot,"Pepper,_bell___healthy",0.470740
plantwild/extracted/plantwild/images/corn gray leaf spot/google_0159.jpg,Corn___Cercospora_leaf_spot Gray_leaf_spot,Corn___Common_rust,0.411468
plantwild/extracted/plantwild/images/corn gray leaf spot/google_0160.jpg,Corn___Cercospora_leaf_spot Gray_leaf_spot,Tomato___Early_blight,0.945054
plantwild/extracted/plantwild/images/corn gray leaf spot/google_0161.jpg,Corn___Cercospora_leaf_spot Gray_leaf_spot,Corn___Cercospora_leaf_spot Gray_leaf_spot,0.951269
plantwild/extracted/plantwild/images/corn gray leaf spot/google_0162.jpg,Corn___Cercospora_leaf_spot Gray_leaf_spot,Corn___Common_rust,0.454870
plantwild/extracted/plantwild/images/corn gray leaf spot/google_0165.jpg,Corn___Cercospora_leaf_spot Gray_leaf_spot,Corn___Northern_Leaf_Blight,0.777317
plantwild/extracted/plantwild/images/corn gray leaf spot/google_0166.jpg,Corn___Cercospora_leaf_spot Gray_leaf_spot,Corn___Cercospora_leaf_spot Gray_leaf_spot,0.939440
plantwild/extracted/plantwild/images/corn gray leaf spot/google_0168.jpg,Corn___Cercospora_leaf_spot Gray_leaf_spot,Corn___Cercospora_leaf_spot Gray_leaf_spot,0.968758
plantwild/extracted/plantwild/images/corn gray leaf spot/google_0169.jpg,Corn___Cercospora_leaf_spot Gray_leaf_spot,Corn___Cercospora_leaf_spot Gray_leaf_spot,0.962883
plantwild/extracted/plantwild/images/corn gray leaf spot/google_0172.jpg,Corn___Cercospora_leaf_spot Gray_leaf_spot,Corn___Cercospora_leaf_spot Gray_leaf_spot,0.964923
plantwild/extracted/plantwild/images/corn gray leaf spot/google_0173.jpg,Corn___Cercospora_leaf_spot Gray_leaf_spot,Corn___Northern_Leaf_Blight,0.775586
plantwild/extracted/plantwild/images/corn gray leaf spot/google_0174.jpg,Corn___Cercospora_leaf_spot Gray_leaf_spot,Corn___Northern_Leaf_Blight,0.951020
plantwild/extracted/plantwild/images/corn gray leaf spot/google_0175.jpg,Corn___Cercospora_leaf_spot Gray_leaf_spot,Corn___Cercospora_leaf_spot Gray_leaf_spot,0.939965
plantwild/extracted/plantwild/images/corn gray leaf spot/google_0176.jpg,Corn___Cercospora_leaf_spot Gray_leaf_spot,"Pepper,_bell___healthy",0.943186
plantwild/extracted/plantwild/images/corn gray leaf spot/google_0179.jpg,Corn___Cercospora_leaf_spot Gray_leaf_spot,"Pepper,_bell___healthy",0.890367
plantwild/extracted/plantwild/images/corn gray leaf spot/google_0180.jpg,Corn___Cercospora_leaf_spot Gray_leaf_spot,Tomato___Late_blight,0.391246
plantwild/extracted/plantwild/images/corn gray leaf spot/google_0182.jpg,Corn___Cercospora_leaf_spot Gray_leaf_spot,Corn___Cercospora_leaf_spot Gray_leaf_spot,0.811049
plantwild/extracted/plantwild/images/corn gray leaf spot/google_0186.jpg,Corn___Cercospora_leaf_spot Gray_leaf_spot,Corn___Cercospora_leaf_spot Gray_leaf_spot,0.457857
plantwild/extracted/plantwild/images/corn gray leaf spot/google_0187.jpg,Corn___Cercospora_leaf_spot Gray_leaf_spot,Corn___Cercospora_leaf_spot Gray_leaf_spot,0.966062
plantwild/extracted/plantwild/images/corn gray leaf spot/google_0188.jpg,Corn___Cercospora_leaf_spot Gray_leaf_spot,Tomato___Late_blight,0.722703
plantwild/extracted/plantwild/images/corn gray leaf spot/google_0189.jpg,Corn___Cercospora_leaf_spot Gray_leaf_spot,Corn___Cercospora_leaf_spot Gray_leaf_spot,0.945202
plantwild/extracted/plantwild/images/corn gray leaf spot/google_0190.jpg,Corn___Cercospora_leaf_spot Gray_leaf_spot,Corn___healthy,0.901121
plantwild/extracted/plantwild/images/corn gray leaf spot/google_0192.jpg,Corn___Cercospora_leaf_spot Gray_leaf_spot,Corn___Cercospora_leaf_spot Gray_leaf_spot,0.970228
plantwild/extracted/plantwild/images/corn gray leaf spot/google_0194.jpg,Corn___Cercospora_leaf_spot Gray_leaf_spot,Corn___Cercospora_leaf_spot Gray_leaf_spot,0.923984
plantwild/extracted/plantwild/images/corn gray leaf spot/google_0195.jpg,Corn___Cercospora_leaf_spot Gray_leaf_spot,Corn___Cercospora_leaf_spot Gray_leaf_spot,0.968747
plantwild/extracted/plantwild/images/corn gray leaf spot/google_0196.jpg,Corn___Cercospora_leaf_spot Gray_leaf_spot,"Pepper,_bell___healthy",0.286651
plantwild/extracted/plantwild/images/corn gray leaf spot/google_0197.jpg,Corn___Cercospora_leaf_spot Gray_leaf_spot,Corn___Cercospora_leaf_spot Gray_leaf_spot,0.929663
plantwild/extracted/plantwild/images/corn gray leaf spot/google_0198.jpg,Corn___Cercospora_leaf_spot Gray_leaf_spot,Tomato___Early_blight,0.911842
plantwild/extracted/plantwild/images/corn gray leaf spot/google_0199.jpg,Corn___Cercospora_leaf_spot Gray_leaf_spot,Corn___Northern_Leaf_Blight,0.901544
plantwild/extracted/plantwild/images/corn gray leaf spot/google_0203.jpg,Corn___Cercospora_leaf_spot Gray_leaf_spot,"Pepper,_bell___healthy",0.905898
plantwild/extracted/plantwild/images/corn gray leaf spot/google_0206.jpg,Corn___Cercospora_leaf_spot Gray_leaf_spot,Corn___Cercospora_leaf_spot Gray_leaf_spot,0.783240
plantwild/extracted/plantwild/images/corn gray leaf spot/google_0207.jpg,Corn___Cercospora_leaf_spot Gray_leaf_spot,Corn___Northern_Leaf_Blight,0.899568
plantwild/extracted/plantwild/images/corn gray leaf spot/google_0209.jpg,Corn___Cercospora_leaf_spot Gray_leaf_spot,"Pepper,_bell___healthy",0.807642
plantwild/extracted/plantwild/images/corn gray leaf spot/google_0211.jpg,Corn___Cercospora_leaf_spot Gray_leaf_spot,Corn___Cercospora_leaf_spot Gray_leaf_spot,0.966602
plantwild/extracted/plantwild/images/corn gray leaf spot/google_0214.jpg,Corn___Cercospora_leaf_spot Gray_leaf_spot,Corn___Cercospora_leaf_spot Gray_leaf_spot,0.954812
plantwild/extracted/plantwild/images/corn gray leaf spot/google_0216.jpg,Corn___Cercospora_leaf_spot Gray_leaf_spot,Corn___Cercospora_leaf_spot Gray_leaf_spot,0.969082
plantwild/extracted/plantwild/images/corn gray leaf spot/google_0230.jpg,Corn___Cercospora_leaf_spot Gray_leaf_spot,Corn___Cercospora_leaf_spot Gray_leaf_spot,0.900665
plantwild/extracted/plantwild/images/corn gray leaf spot/google_0233.jpg,Corn___Cercospora_leaf_spot Gray_leaf_spot,Corn___Cercospora_leaf_spot Gray_leaf_spot,0.968245
plantwild/extracted/plantwild/images/corn gray leaf spot/google_0236.jpg,Corn___Cercospora_leaf_spot Gray_leaf_spot,Tomato___Early_blight,0.632606
plantwild/extracted/plantwild/images/corn gray leaf spot/google_0244.jpg,Corn___Cercospora_leaf_spot Gray_leaf_spot,Corn___Cercospora_leaf_spot Gray_leaf_spot,0.928904
plantwild/extracted/plantwild/images/corn gray leaf spot/google_0245.jpg,Corn___Cercospora_leaf_spot Gray_leaf_spot,Blueberry___healthy,0.920080
plantwild/extracted/plantwild/images/corn gray leaf spot/google_0246.jpg,Corn___Cercospora_leaf_spot Gray_leaf_spot,"Pepper,_bell___healthy",0.657162
plantwild/extracted/plantwild/images/corn gray leaf spot/google_0257.jpg,Corn___Cercospora_leaf_spot Gray_leaf_spot,Corn___Northern_Leaf_Blight,0.969504
plantwild/extracted/plantwild/images/corn gray leaf spot/google_0258.jpg,Corn___Cercospora_leaf_spot Gray_leaf_spot,Corn___Cercospora_leaf_spot Gray_leaf_spot,0.964622
plantwild/extracted/plantwild/images/corn gray leaf spot/google_0270.jpg,Corn___Cercospora_leaf_spot Gray_leaf_spot,Corn___healthy,0.756578
plantwild/extracted/plantwild/images/corn gray leaf spot/google_0274.jpg,Corn___Cercospora_leaf_spot Gray_leaf_spot,Corn___Cercospora_leaf_spot Gray_leaf_spot,0.969241
plantwild/extracted/plantwild/images/corn gray leaf spot/google_0286.jpg,Corn___Cercospora_leaf_spot Gray_leaf_spot,"Pepper,_bell___healthy",0.927299
plantwild/extracted/plantwild/images/corn gray leaf spot/google_0293.jpg,Corn___Cercospora_leaf_spot Gray_leaf_spot,Corn___Cercospora_leaf_spot Gray_leaf_spot,0.966443
plantwild/extracted/plantwild/images/corn gray leaf spot/google_0296.jpg,Corn___Cercospora_leaf_spot Gray_leaf_spot,"Pepper,_bell___healthy",0.477929
plantwild/extracted/plantwild/images/corn gray leaf spot/google_0298.jpg,Corn___Cercospora_leaf_spot Gray_leaf_spot,Corn___Cercospora_leaf_spot Gray_leaf_spot,0.967198
plantwild/extracted/plantwild/images/corn gray leaf spot/google_0300.jpg,Corn___Cercospora_leaf_spot Gray_leaf_spot,Corn___Northern_Leaf_Blight,0.429390
plantwild/extracted/plantwild/images/corn gray leaf spot/google_0301.jpg,Corn___Cercospora_leaf_spot Gray_leaf_spot,"Pepper,_bell___healthy",0.701958
plantwild/extracted/plantwild/images/corn gray leaf spot/google_0313.jpg,Corn___Cercospora_leaf_spot Gray_leaf_spot,Corn___Cercospora_leaf_spot Gray_leaf_spot,0.971559
plantwild/extracted/plantwild/images/corn gray leaf spot/google_0327.jpg,Corn___Cercospora_leaf_spot Gray_leaf_spot,Corn___Cercospora_leaf_spot Gray_leaf_spot,0.964591
plantwild/extracted/plantwild/images/corn gray leaf spot/google_0337.jpg,Corn___Cercospora_leaf_spot Gray_leaf_spot,Corn___Northern_Leaf_Blight,0.937937
plantwild/extracted/plantwild/images/corn gray leaf spot/google_0373.jpg,Corn___Cercospora_leaf_spot Gray_leaf_spot,Tomato___Early_blight,0.828483
plantwild/extracted/plantwild/images/corn gray leaf spot/google_0385.jpg,Corn___Cercospora_leaf_spot Gray_leaf_spot,Corn___Cercospora_leaf_spot Gray_leaf_spot,0.968769
plantwild/extracted/plantwild/images/corn leaf/1.jpg,Corn___healthy,Corn___healthy,0.948795
plantwild/extracted/plantwild/images/corn leaf/10.jpg,Corn___healthy,Corn___healthy,0.968419
plantwild/extracted/plantwild/images/corn leaf/11.jpg,Corn___healthy,Corn___healthy,0.698659
plantwild/extracted/plantwild/images/corn leaf/12.jpg,Corn___healthy,"Pepper,_bell___healthy",0.501730
plantwild/extracted/plantwild/images/corn leaf/13.jpg,Corn___healthy,Cherry___healthy,0.901473
plantwild/extracted/plantwild/images/corn leaf/14.jpg,Corn___healthy,Corn___healthy,0.968330
plantwild/extracted/plantwild/images/corn leaf/15.jpg,Corn___healthy,Corn___healthy,0.960315
plantwild/extracted/plantwild/images/corn leaf/16.jpg,Corn___healthy,Corn___healthy,0.914760
plantwild/extracted/plantwild/images/corn leaf/17.jpg,Corn___healthy,"Pepper,_bell___healthy",0.573250
plantwild/extracted/plantwild/images/corn leaf/18.jpg,Corn___healthy,"Pepper,_bell___healthy",0.370906
plantwild/extracted/plantwild/images/corn leaf/19.jpg,Corn___healthy,Cherry___healthy,0.556210
plantwild/extracted/plantwild/images/corn leaf/2.jpg,Corn___healthy,Corn___healthy,0.967433
plantwild/extracted/plantwild/images/corn leaf/20.jpg,Corn___healthy,Corn___healthy,0.929643
plantwild/extracted/plantwild/images/corn leaf/21.jpg,Corn___healthy,Cherry___healthy,0.898405
plantwild/extracted/plantwild/images/corn leaf/22.jpg,Corn___healthy,"Pepper,_bell___healthy",0.802675
plantwild/extracted/plantwild/images/corn leaf/23.jpg,Corn___healthy,Corn___healthy,0.967379
plantwild/extracted/plantwild/images/corn leaf/24.jpg,Corn___healthy,Cherry___healthy,0.872688
plantwild/extracted/plantwild/images/corn leaf/27.jpg,Corn___healthy,Corn___healthy,0.896431
plantwild/extracted/plantwild/images/corn leaf/28.jpg,Corn___healthy,Corn___healthy,0.911454
plantwild/extracted/plantwild/images/corn leaf/29.jpg,Corn___healthy,Blueberry___healthy,0.660073
plantwild/extracted/plantwild/images/corn leaf/3.jpg,Corn___healthy,Corn___healthy,0.952823
plantwild/extracted/plantwild/images/corn leaf/30.jpg,Corn___healthy,"Pepper,_bell___healthy",0.796656
plantwild/extracted/plantwild/images/corn leaf/31.jpg,Corn___healthy,"Pepper,_bell___healthy",0.963060
plantwild/extracted/plantwild/images/corn leaf/32.jpg,Corn___healthy,"Pepper,_bell___healthy",0.960714
plantwild/extracted/plantwild/images/corn leaf/33.jpg,Corn___healthy,Corn___healthy,0.964897
plantwild/extracted/plantwild/images/corn leaf/34 - Copy (2).jpg,Corn___healthy,"Pepper,_bell___healthy",0.861606
plantwild/extracted/plantwild/images/corn leaf/34 - Copy (3).jpg,Corn___healthy,Corn___healthy,0.968845
plantwild/extracted/plantwild/images/corn leaf/34 - Copy.jpg,Corn___healthy,Corn___healthy,0.968717
plantwild/extracted/plantwild/images/corn leaf/34.jpg,Corn___healthy,Corn___healthy,0.968632
plantwild/extracted/plantwild/images/corn leaf/35.jpg,Corn___healthy,Blueberry___healthy,0.838273
plantwild/extracted/plantwild/images/corn leaf/36.jpg,Corn___healthy,Blueberry___healthy,0.714372
plantwild/extracted/plantwild/images/corn leaf/37.jpg,Corn___healthy,Corn___healthy,0.946735
plantwild/extracted/plantwild/images/corn leaf/38.jpg,Corn___healthy,Corn___healthy,0.967851
plantwild/extracted/plantwild/images/corn leaf/39.jpg,Corn___healthy,"Pepper,_bell___healthy",0.963321
plantwild/extracted/plantwild/images/corn leaf/4.jpg,Corn___healthy,"Pepper,_bell___healthy",0.801302
plantwild/extracted/plantwild/images/corn leaf/40.jpg,Corn___healthy,Corn___Northern_Leaf_Blight,0.668678
plantwild/extracted/plantwild/images/corn leaf/41.jpg,Corn___healthy,Corn___Northern_Leaf_Blight,0.811921
plantwild/extracted/plantwild/images/corn leaf/42.jpg,Corn___healthy,Corn___healthy,0.665497
plantwild/extracted/plantwild/images/corn leaf/43.jpg,Corn___healthy,Corn___healthy,0.968180
plantwild/extracted/plantwild/images/corn leaf/44.jpg,Corn___healthy,Corn___healthy,0.967264
plantwild/extracted/plantwild/images/corn leaf/45.jpg,Corn___healthy,Cherry___healthy,0.840240
plantwild/extracted/plantwild/images/corn leaf/46.jpg,Corn___healthy,Corn___healthy,0.606381
plantwild/extracted/plantwild/images/corn leaf/47.jpg,Corn___healthy,"Pepper,_bell___healthy",0.529483
plantwild/extracted/plantwild/images/corn leaf/48.jpg,Corn___healthy,"Pepper,_bell___healthy",0.849914
plantwild/extracted/plantwild/images/corn leaf/49.jpg,Corn___healthy,Corn___healthy,0.969101
plantwild/extracted/plantwild/images/corn leaf/5.jpg,Corn___healthy,Corn___healthy,0.908192
plantwild/extracted/plantwild/images/corn leaf/50.jpg,Corn___healthy,Corn___healthy,0.964069
plantwild/extracted/plantwild/images/corn leaf/51.jpg,Corn___healthy,"Pepper,_bell___healthy",0.671295
plantwild/extracted/plantwild/images/corn leaf/54.jpg,Corn___healthy,"Pepper,_bell___healthy",0.330101
plantwild/extracted/plantwild/images/corn leaf/56.jpg,Corn___healthy,Corn___healthy,0.945043
plantwild/extracted/plantwild/images/corn leaf/57.jpg,Corn___healthy,Corn___healthy,0.952325
plantwild/extracted/plantwild/images/corn leaf/59.jpg,Corn___healthy,Blueberry___healthy,0.456855
plantwild/extracted/plantwild/images/corn leaf/6.jpg,Corn___healthy,Corn___healthy,0.893106
plantwild/extracted/plantwild/images/corn leaf/60.jpg,Corn___healthy,Cherry___healthy,0.896457
plantwild/extracted/plantwild/images/corn leaf/62.jpg,Corn___healthy,"Pepper,_bell___healthy",0.213071
plantwild/extracted/plantwild/images/corn leaf/63.jpg,Corn___healthy,"Pepper,_bell___healthy",0.901179
plantwild/extracted/plantwild/images/corn leaf/64.jpg,Corn___healthy,Cherry___healthy,0.932342
plantwild/extracted/plantwild/images/corn leaf/65.jpg,Corn___healthy,Corn___healthy,0.777700
plantwild/extracted/plantwild/images/corn leaf/66.jpg,Corn___healthy,Corn___healthy,0.905221
plantwild/extracted/plantwild/images/corn leaf/69.jpg,Corn___healthy,"Pepper,_bell___healthy",0.404384
plantwild/extracted/plantwild/images/corn leaf/7.jpg,Corn___healthy,"Pepper,_bell___healthy",0.850687
plantwild/extracted/plantwild/images/corn leaf/70.jpg,Corn___healthy,Corn___healthy,0.969225
plantwild/extracted/plantwild/images/corn leaf/72.jpg,Corn___healthy,Corn___healthy,0.944756
plantwild/extracted/plantwild/images/corn leaf/74.jpg,Corn___healthy,Corn___healthy,0.966279
plantwild/extracted/plantwild/images/corn leaf/75.jpg,Corn___healthy,Corn___healthy,0.932458
plantwild/extracted/plantwild/images/corn leaf/77.jpg,Corn___healthy,Corn___healthy,0.453688
plantwild/extracted/plantwild/images/corn leaf/78.jpg,Corn___healthy,"Pepper,_bell___healthy",0.960826
plantwild/extracted/plantwild/images/corn leaf/8.jpg,Corn___healthy,Cherry___healthy,0.592339
plantwild/extracted/plantwild/images/corn leaf/9.jpg,Corn___healthy,Blueberry___healthy,0.519427
plantwild/extracted/plantwild/images/corn leaf/google_0000.jpg,Corn___healthy,Corn___healthy,0.969461
plantwild/extracted/plantwild/images/corn leaf/google_0001.jpg,Corn___healthy,Corn___healthy,0.962943
plantwild/extracted/plantwild/images/corn leaf/google_0002.jpg,Corn___healthy,Corn___healthy,0.954626
plantwild/extracted/plantwild/images/corn leaf/google_0003.jpg,Corn___healthy,"Pepper,_bell___healthy",0.928253
plantwild/extracted/plantwild/images/corn leaf/google_0004.jpg,Corn___healthy,Cherry___healthy,0.907404
plantwild/extracted/plantwild/images/corn leaf/google_0006.jpg,Corn___healthy,Corn___healthy,0.952552
plantwild/extracted/plantwild/images/corn leaf/google_0007.jpg,Corn___healthy,Corn___healthy,0.967068
plantwild/extracted/plantwild/images/corn leaf/google_0008.jpg,Corn___healthy,"Pepper,_bell___healthy",0.900090
plantwild/extracted/plantwild/images/corn leaf/google_0010.jpg,Corn___healthy,Blueberry___healthy,0.756690
plantwild/extracted/plantwild/images/corn leaf/google_0011.jpg,Corn___healthy,Cherry___healthy,0.893192
plantwild/extracted/plantwild/images/corn leaf/google_0012.jpg,Corn___healthy,Corn___healthy,0.924518
plantwild/extracted/plantwild/images/corn leaf/google_0013.jpg,Corn___healthy,Corn___healthy,0.964933
plantwild/extracted/plantwild/images/corn leaf/google_0014.jpg,Corn___healthy,Cherry___healthy,0.598403
plantwild/extracted/plantwild/images/corn leaf/google_0019.jpg,Corn___healthy,"Pepper,_bell___healthy",0.939069
plantwild/extracted/plantwild/images/corn leaf/google_0030.jpg,Corn___healthy,Corn___healthy,0.938131
plantwild/extracted/plantwild/images/corn leaf/google_0033.jpg,Corn___healthy,"Pepper,_bell___healthy",0.656350
plantwild/extracted/plantwild/images/corn leaf/google_0053.jpg,Corn___healthy,"Pepper,_bell___healthy",0.947696
plantwild/extracted/plantwild/images/corn leaf/google_0055.jpg,Corn___healthy,Blueberry___healthy,0.729731
plantwild/extracted/plantwild/images/corn leaf/google_0063.jpg,Corn___healthy,Corn___healthy,0.967402
plantwild/extracted/plantwild/images/corn leaf/google_0074.jpg,Corn___healthy,"Pepper,_bell___healthy",0.936795
plantwild/extracted/plantwild/images/corn leaf/google_0076.jpg,Corn___healthy,Corn___healthy,0.894143
plantwild/extracted/plantwild/images/corn leaf/google_0079.jpg,Corn___healthy,Corn___healthy,0.968591
plantwild/extracted/plantwild/images/corn leaf/google_0085.jpg,Corn___healthy,Corn___healthy,0.964815
plantwild/extracted/plantwild/images/corn leaf/google_0092.jpg,Corn___healthy,Corn___healthy,0.960232
plantwild/extracted/plantwild/images/corn leaf/google_0093.jpg,Corn___healthy,"Pepper,_bell___healthy",0.939106
plantwild/extracted/plantwild/images/corn leaf/google_0098.jpg,Corn___healthy,Corn___healthy,0.889697
plantwild/extracted/plantwild/images/corn leaf/google_0099.jpg,Corn___healthy,Corn___healthy,0.965275
plantwild/extracted/plantwild/images/corn leaf/google_0111.jpg,Corn___healthy,Corn___healthy,0.852042
plantwild/extracted/plantwild/images/corn leaf/google_0113.jpg,Corn___healthy,"Pepper,_bell___healthy",0.593652
plantwild/extracted/plantwild/images/corn leaf/google_0115.jpg,Corn___healthy,"Pepper,_bell___healthy",0.688271
plantwild/extracted/plantwild/images/corn leaf/google_0119.jpg,Corn___healthy,Corn___healthy,0.960703
plantwild/extracted/plantwild/images/corn leaf/google_0124.jpg,Corn___healthy,"Pepper,_bell___healthy",0.729951
plantwild/extracted/plantwild/images/corn leaf/google_0133.jpg,Corn___healthy,Corn___healthy,0.964125
plantwild/extracted/plantwild/images/corn leaf/google_0134.jpg,Corn___healthy,Tomato___Late_blight,0.441918
plantwild/extracted/plantwild/images/corn leaf/google_0144.jpg,Corn___healthy,"Pepper,_bell___healthy",0.807830
plantwild/extracted/plantwild/images/corn leaf/google_0148.jpg,Corn___healthy,"Pepper,_bell___healthy",0.841866
plantwild/extracted/plantwild/images/corn leaf/google_0150.jpg,Corn___healthy,"Pepper,_bell___healthy",0.544435
plantwild/extracted/plantwild/images/corn leaf/google_0161.jpg,Corn___healthy,"Pepper,_bell___healthy",0.961246
plantwild/extracted/plantwild/images/corn leaf/google_0168.jpg,Corn___healthy,"Pepper,_bell___healthy",0.335101
plantwild/extracted/plantwild/images/corn leaf/google_0169.jpg,Corn___healthy,"Pepper,_bell___healthy",0.725603
plantwild/extracted/plantwild/images/corn leaf/google_0185.jpg,Corn___healthy,Corn___healthy,0.752860
plantwild/extracted/plantwild/images/corn leaf/google_0188.jpg,Corn___healthy,"Pepper,_bell___healthy",0.937506
plantwild/extracted/plantwild/images/corn leaf/google_0190.jpg,Corn___healthy,Corn___healthy,0.948062
plantwild/extracted/plantwild/images/corn leaf/google_0191.jpg,Corn___healthy,Blueberry___healthy,0.850795
plantwild/extracted/plantwild/images/corn leaf/google_0198.jpg,Corn___healthy,Corn___healthy,0.966523
plantwild/extracted/plantwild/images/corn leaf/google_0223.jpg,Corn___healthy,Corn___Cercospora_leaf_spot Gray_leaf_spot,0.950548
plantwild/extracted/plantwild/images/corn leaf/google_0225.jpg,Corn___healthy,"Pepper,_bell___healthy",0.891028
plantwild/extracted/plantwild/images/corn leaf/google_0242.jpg,Corn___healthy,Corn___healthy,0.962205
plantwild/extracted/plantwild/images/corn leaf/google_0244.jpg,Corn___healthy,Blueberry___healthy,0.690574
plantwild/extracted/plantwild/images/corn leaf/google_0247.jpg,Corn___healthy,"Pepper,_bell___healthy",0.952635
plantwild/extracted/plantwild/images/corn leaf/google_0260.jpg,Corn___healthy,Corn___healthy,0.969441
plantwild/extracted/plantwild/images/corn leaf/google_0266.jpg,Corn___healthy,Corn___healthy,0.562513
plantwild/extracted/plantwild/images/corn leaf/google_0269.jpg,Corn___healthy,Corn___healthy,0.443789
plantwild/extracted/plantwild/images/corn leaf/google_0275.jpg,Corn___healthy,Blueberry___healthy,0.818494
plantwild/extracted/plantwild/images/corn leaf/google_0279.jpg,Corn___healthy,Corn___healthy,0.704483
plantwild/extracted/plantwild/images/corn leaf/google_0293.jpg,Corn___healthy,Corn___healthy,0.428630
plantwild/extracted/plantwild/images/corn leaf/google_0299.jpg,Corn___healthy,"Pepper,_bell___healthy",0.842795
plantwild/extracted/plantwild/images/corn leaf/google_0308.jpg,Corn___healthy,Corn___healthy,0.653076
plantwild/extracted/plantwild/images/corn leaf/google_0316.jpg,Corn___healthy,Corn___healthy,0.957139
plantwild/extracted/plantwild/images/corn leaf/google_0322.jpg,Corn___healthy,Corn___healthy,0.524660
plantwild/extracted/plantwild/images/corn leaf/google_0331.jpg,Corn___healthy,"Pepper,_bell___healthy",0.953952
plantwild/extracted/plantwild/images/corn leaf/google_0366.jpg,Corn___healthy,Corn___healthy,0.331057
plantwild/extracted/plantwild/images/corn leaf/google_0370.jpg,Corn___healthy,"Pepper,_bell___healthy",0.762215
plantwild/extracted/plantwild/images/corn leaf/google_0380.jpg,Corn___healthy,Cherry___healthy,0.884405
plantwild/extracted/plantwild/images/corn leaf/google_0389.jpg,Corn___healthy,Corn___healthy,0.889569
plantwild/extracted/plantwild/images/corn leaf/google_0395.jpg,Corn___healthy,Corn___healthy,0.449017
plantwild/extracted/plantwild/images/corn leaf/google_0411.jpg,Corn___healthy,"Pepper,_bell___healthy",0.912547
plantwild/extracted/plantwild/images/corn leaf/google_0423.jpg,Corn___healthy,Corn___healthy,0.424472
plantwild/extracted/plantwild/images/corn leaf/google_0431.jpg,Corn___healthy,Blueberry___healthy,0.854954
plantwild/extracted/plantwild/images/corn leaf/google_0432.jpg,Corn___healthy,Cherry___healthy,0.704956
plantwild/extracted/plantwild/images/corn leaf/google_0459.jpg,Corn___healthy,"Pepper,_bell___healthy",0.782216
plantwild/extracted/plantwild/images/corn leaf/google_0483.jpg,Corn___healthy,Tomato___Early_blight,0.504914
plantwild/extracted/plantwild/images/corn leaf/google_0537.jpg,Corn___healthy,Blueberry___healthy,0.852535
plantwild/extracted/plantwild/images/corn leaf/google_0538.jpg,Corn___healthy,Corn___healthy,0.852334
plantwild/extracted/plantwild/images/corn leaf/google_0543.jpg,Corn___healthy,Cherry___healthy,0.421703
plantwild/extracted/plantwild/images/corn leaf/google_0558.jpg,Corn___healthy,Apple___Black_rot,0.398985
plantwild/extracted/plantwild/images/corn leaf/google_0564.jpg,Corn___healthy,Corn___Cercospora_leaf_spot Gray_leaf_spot,0.257753
plantwild/extracted/plantwild/images/corn leaf/google_0571.jpg,Corn___healthy,"Pepper,_bell___healthy",0.945378
plantwild/extracted/plantwild/images/corn leaf/google_0579.jpg,Corn___healthy,"Pepper,_bell___healthy",0.878923
plantwild/extracted/plantwild/images/corn leaf/google_0589.jpg,Corn___healthy,"Pepper,_bell___healthy",0.918535
plantwild/extracted/plantwild/images/corn leaf/google_0595.jpg,Corn___healthy,"Pepper,_bell___healthy",0.963695
plantwild/extracted/plantwild/images/corn leaf/google_0602.jpg,Corn___healthy,Cherry___healthy,0.706336
plantwild/extracted/plantwild/images/corn leaf/google_0610.jpg,Corn___healthy,"Pepper,_bell___healthy",0.527903
plantwild/extracted/plantwild/images/corn leaf/google_0618.jpg,Corn___healthy,"Pepper,_bell___healthy",0.518691
plantwild/extracted/plantwild/images/corn leaf/google_0623.jpg,Corn___healthy,Strawberry___Leaf_scorch,0.417481
plantwild/extracted/plantwild/images/corn leaf/google_0628.jpg,Corn___healthy,"Pepper,_bell___healthy",0.894732
plantwild/extracted/plantwild/images/corn leaf/google_0629.jpg,Corn___healthy,Cherry___healthy,0.857923
plantwild/extracted/plantwild/images/corn northern leaf blight/1 - Copy (2).jpg,Corn___Northern_Leaf_Blight,Strawberry___Leaf_scorch,0.697376
plantwild/extracted/plantwild/images/corn northern leaf blight/1 - Copy (3).jpg,Corn___Northern_Leaf_Blight,"Pepper,_bell___healthy",0.719816
plantwild/extracted/plantwild/images/corn northern leaf blight/1 - Copy.jpg,Corn___Northern_Leaf_Blight,Corn___Cercospora_leaf_spot Gray_leaf_spot,0.970509
plantwild/extracted/plantwild/images/corn northern leaf blight/1.jpg,Corn___Northern_Leaf_Blight,Corn___Northern_Leaf_Blight,0.968649
plantwild/extracted/plantwild/images/corn northern leaf blight/10.jpg,Corn___Northern_Leaf_Blight,Corn___Northern_Leaf_Blight,0.966019
plantwild/extracted/plantwild/images/corn northern leaf blight/101.jpg,Corn___Northern_Leaf_Blight,Corn___healthy,0.887524
plantwild/extracted/plantwild/images/corn northern leaf blight/103.jpg,Corn___Northern_Leaf_Blight,Cherry___Powdery_mildew,0.305284
plantwild/extracted/plantwild/images/corn northern leaf blight/104.jpg,Corn___Northern_Leaf_Blight,Corn___Northern_Leaf_Blight,0.818375
plantwild/extracted/plantwild/images/corn northern leaf blight/105.jpg,Corn___Northern_Leaf_Blight,Cherry___healthy,0.879047
plantwild/extracted/plantwild/images/corn northern leaf blight/11.jpg,Corn___Northern_Leaf_Blight,Cherry___healthy,0.454903
plantwild/extracted/plantwild/images/corn northern leaf blight/12.jpg,Corn___Northern_Leaf_Blight,Corn___Northern_Leaf_Blight,0.952436
plantwild/extracted/plantwild/images/corn northern leaf blight/13.jpg,Corn___Northern_Leaf_Blight,Corn___Northern_Leaf_Blight,0.964692
plantwild/extracted/plantwild/images/corn northern leaf blight/14.jpg,Corn___Northern_Leaf_Blight,"Pepper,_bell___healthy",0.512528
plantwild/extracted/plantwild/images/corn northern leaf blight/16.jpg,Corn___Northern_Leaf_Blight,Corn___Northern_Leaf_Blight,0.962384
plantwild/extracted/plantwild/images/corn northern leaf blight/17.jpg,Corn___Northern_Leaf_Blight,"Pepper,_bell___healthy",0.440942
plantwild/extracted/plantwild/images/corn northern leaf blight/19.jpg,Corn___Northern_Leaf_Blight,Strawberry___Leaf_scorch,0.651354
plantwild/extracted/plantwild/images/corn northern leaf blight/2 - Copy (2).jpg,Corn___Northern_Leaf_Blight,"Pepper,_bell___healthy",0.378949
plantwild/extracted/plantwild/images/corn northern leaf blight/2 - Copy (3).jpg,Corn___Northern_Leaf_Blight,Cherry___healthy,0.939377
plantwild/extracted/plantwild/images/corn northern leaf blight/2 - Copy.jpg,Corn___Northern_Leaf_Blight,Corn___Northern_Leaf_Blight,0.969494
plantwild/extracted/plantwild/images/corn northern leaf blight/2.jpg,Corn___Northern_Leaf_Blight,Strawberry___Leaf_scorch,0.484461
plantwild/extracted/plantwild/images/corn northern leaf blight/20.jpg,Corn___Northern_Leaf_Blight,"Pepper,_bell___healthy",0.950512
plantwild/extracted/plantwild/images/corn northern leaf blight/22.jpg,Corn___Northern_Leaf_Blight,Cherry___healthy,0.862752
plantwild/extracted/plantwild/images/corn northern leaf blight/23.jpg,Corn___Northern_Leaf_Blight,Corn___Northern_Leaf_Blight,0.652228
plantwild/extracted/plantwild/images/corn northern leaf blight/24.jpg,Corn___Northern_Leaf_Blight,"Pepper,_bell___healthy",0.560956
plantwild/extracted/plantwild/images/corn northern leaf blight/27.jpg,Corn___Northern_Leaf_Blight,Corn___Northern_Leaf_Blight,0.968120
plantwild/extracted/plantwild/images/corn northern leaf blight/28.jpg,Corn___Northern_Leaf_Blight,"Pepper,_bell___healthy",0.859587
plantwild/extracted/plantwild/images/corn northern leaf blight/29.jpg,Corn___Northern_Leaf_Blight,Strawberry___Leaf_scorch,0.724684
plantwild/extracted/plantwild/images/corn northern leaf blight/3.jpg,Corn___Northern_Leaf_Blight,Corn___Cercospora_leaf_spot Gray_leaf_spot,0.833296
plantwild/extracted/plantwild/images/corn northern leaf blight/30.jpg,Corn___Northern_Leaf_Blight,Corn___Northern_Leaf_Blight,0.969548
plantwild/extracted/plantwild/images/corn northern leaf blight/31.jpg,Corn___Northern_Leaf_Blight,Cherry___healthy,0.755447
plantwild/extracted/plantwild/images/corn northern leaf blight/32.jpg,Corn___Northern_Leaf_Blight,"Pepper,_bell___healthy",0.373300
plantwild/extracted/plantwild/images/corn northern leaf blight/33.jpg,Corn___Northern_Leaf_Blight,Corn___Cercospora_leaf_spot Gray_leaf_spot,0.861563
plantwild/extracted/plantwild/images/corn northern leaf blight/35.jpg,Corn___Northern_Leaf_Blight,Tomato___Late_blight,0.632265
plantwild/extracted/plantwild/images/corn northern leaf blight/36.jpg,Corn___Northern_Leaf_Blight,Corn___Northern_Leaf_Blight,0.905638
plantwild/extracted/plantwild/images/corn northern leaf blight/37.jpg,Corn___Northern_Leaf_Blight,Corn___Northern_Leaf_Blight,0.816210
plantwild/extracted/plantwild/images/corn northern leaf blight/38.jpg,Corn___Northern_Leaf_Blight,Corn___Northern_Leaf_Blight,0.971143
plantwild/extracted/plantwild/images/corn northern leaf blight/4.jpg,Corn___Northern_Leaf_Blight,Corn___Northern_Leaf_Blight,0.969699
plantwild/extracted/plantwild/images/corn northern leaf blight/40.jpg,Corn___Northern_Leaf_Blight,Corn___Cercospora_leaf_spot Gray_leaf_spot,0.969475
plantwild/extracted/plantwild/images/corn northern leaf blight/41.jpg,Corn___Northern_Leaf_Blight,"Pepper,_bell___healthy",0.818489
plantwild/extracted/plantwild/images/corn northern leaf blight/42.jpg,Corn___Northern_Leaf_Blight,Strawberry___Leaf_scorch,0.570786
plantwild/extracted/plantwild/images/corn northern leaf blight/43.jpg,Corn___Northern_Leaf_Blight,Corn___Northern_Leaf_Blight,0.964859
plantwild/extracted/plantwild/images/corn northern leaf blight/45.jpg,Corn___Northern_Leaf_Blight,Corn___Cercospora_leaf_spot Gray_leaf_spot,0.892306
plantwild/extracted/plantwild/images/corn northern leaf blight/46.jpg,Corn___Northern_Leaf_Blight,"Pepper,_bell___healthy",0.796458
plantwild/extracted/plantwild/images/corn northern leaf blight/47.jpg,Corn___Northern_Leaf_Blight,Corn___Northern_Leaf_Blight,0.732125
plantwild/extracted/plantwild/images/corn northern leaf blight/48.jpg,Corn___Northern_Leaf_Blight,Corn___Cercospora_leaf_spot Gray_leaf_spot,0.934706
plantwild/extracted/plantwild/images/corn northern leaf blight/49.jpg,Corn___Northern_Leaf_Blight,Corn___Northern_Leaf_Blight,0.952491
plantwild/extracted/plantwild/images/corn northern leaf blight/5.jpg,Corn___Northern_Leaf_Blight,"Pepper,_bell___healthy",0.898869
plantwild/extracted/plantwild/images/corn northern leaf blight/50.jpg,Corn___Northern_Leaf_Blight,Corn___Cercospora_leaf_spot Gray_leaf_spot,0.918363
plantwild/extracted/plantwild/images/corn northern leaf blight/51.jpg,Corn___Northern_Leaf_Blight,Corn___healthy,0.892876
plantwild/extracted/plantwild/images/corn northern leaf blight/53.jpg,Corn___Northern_Leaf_Blight,Corn___healthy,0.767557
plantwild/extracted/plantwild/images/corn northern leaf blight/54.jpg,Corn___Northern_Leaf_Blight,Corn___Northern_Leaf_Blight,0.877093
plantwild/extracted/plantwild/images/corn northern leaf blight/55.jpg,Corn___Northern_Leaf_Blight,Corn___healthy,0.269677
plantwild/extracted/plantwild/images/corn northern leaf blight/56.jpg,Corn___Northern_Leaf_Blight,Corn___Cercospora_leaf_spot Gray_leaf_spot,0.849642
plantwild/extracted/plantwild/images/corn northern leaf blight/57.jpg,Corn___Northern_Leaf_Blight,"Pepper,_bell___healthy",0.867436
plantwild/extracted/plantwild/images/corn northern leaf blight/58.jpg,Corn___Northern_Leaf_Blight,Corn___Northern_Leaf_Blight,0.956217
plantwild/extracted/plantwild/images/corn northern leaf blight/59.jpg,Corn___Northern_Leaf_Blight,"Pepper,_bell___healthy",0.676249
plantwild/extracted/plantwild/images/corn northern leaf blight/6.jpg,Corn___Northern_Leaf_Blight,"Pepper,_bell___healthy",0.813902
plantwild/extracted/plantwild/images/corn northern leaf blight/61.jpg,Corn___Northern_Leaf_Blight,Cherry___healthy,0.639557
plantwild/extracted/plantwild/images/corn northern leaf blight/62.jpg,Corn___Northern_Leaf_Blight,Corn___Northern_Leaf_Blight,0.952726
plantwild/extracted/plantwild/images/corn northern leaf blight/64.jpg,Corn___Northern_Leaf_Blight,Corn___Northern_Leaf_Blight,0.964290
plantwild/extracted/plantwild/images/corn northern leaf blight/66.jpg,Corn___Northern_Leaf_Blight,Corn___healthy,0.708175
plantwild/extracted/plantwild/images/corn northern leaf blight/68.jpg,Corn___Northern_Leaf_Blight,Corn___healthy,0.818056
plantwild/extracted/plantwild/images/corn northern leaf blight/69.jpg,Corn___Northern_Leaf_Blight,Strawberry___Leaf_scorch,0.597923
plantwild/extracted/plantwild/images/corn northern leaf blight/7.jpg,Corn___Northern_Leaf_Blight,Corn___Northern_Leaf_Blight,0.969129
plantwild/extracted/plantwild/images/corn northern leaf blight/70 - Copy (3).jpg,Corn___Northern_Leaf_Blight,Corn___Northern_Leaf_Blight,0.961338
plantwild/extracted/plantwild/images/corn northern leaf blight/70 - Copy.jpg,Corn___Northern_Leaf_Blight,Corn___Cercospora_leaf_spot Gray_leaf_spot,0.944903
plantwild/extracted/plantwild/images/corn northern leaf blight/71.jpg,Corn___Northern_Leaf_Blight,"Pepper,_bell___healthy",0.277162
plantwild/extracted/plantwild/images/corn northern leaf blight/72.jpg,Corn___Northern_Leaf_Blight,Cherry___healthy,0.909274
plantwild/extracted/plantwild/images/corn northern leaf blight/73.jpg,Corn___Northern_Leaf_Blight,Strawberry___Leaf_scorch,0.328572
plantwild/extracted/plantwild/images/corn northern leaf blight/76.jpg,Corn___Northern_Leaf_Blight,Corn___Cercospora_leaf_spot Gray_leaf_spot,0.964015
plantwild/extracted/plantwild/images/corn northern leaf blight/78.jpg,Corn___Northern_Leaf_Blight,"Pepper,_bell___healthy",0.199720
plantwild/extracted/plantwild/images/corn northern leaf blight/8.jpg,Corn___Northern_Leaf_Blight,Corn___Northern_Leaf_Blight,0.959910
plantwild/extracted/plantwild/images/corn northern leaf blight/80.jpg,Corn___Northern_Leaf_Blight,"Pepper,_bell___healthy",0.932506
plantwild/extracted/plantwild/images/corn northern leaf blight/81.jpg,Corn___Northern_Leaf_Blight,Cherry___healthy,0.544493
plantwild/extracted/plantwild/images/corn northern leaf blight/82.jpg,Corn___Northern_Leaf_Blight,Corn___Northern_Leaf_Blight,0.935706
plantwild/extracted/plantwild/images/corn northern leaf blight/86 - Copy (2).jpg,Corn___Northern_Leaf_Blight,Corn___Northern_Leaf_Blight,0.968910
plantwild/extracted/plantwild/images/corn northern leaf blight/86 - Copy.jpg,Corn___Northern_Leaf_Blight,Corn___Northern_Leaf_Blight,0.879152
plantwild/extracted/plantwild/images/corn northern leaf blight/87.jpg,Corn___Northern_Leaf_Blight,Corn___Cercospora_leaf_spot Gray_leaf_spot,0.626910
plantwild/extracted/plantwild/images/corn northern leaf blight/88.jpg,Corn___Northern_Leaf_Blight,Corn___Cercospora_leaf_spot Gray_leaf_spot,0.465998
plantwild/extracted/plantwild/images/corn northern leaf blight/90 - Copy.jpg,Corn___Northern_Leaf_Blight,Corn___Cercospora_leaf_spot Gray_leaf_spot,0.928378
plantwild/extracted/plantwild/images/corn northern leaf blight/90.jpg,Corn___Northern_Leaf_Blight,Corn___Cercospora_leaf_spot Gray_leaf_spot,0.966866
plantwild/extracted/plantwild/images/corn northern leaf blight/91.jpg,Corn___Northern_Leaf_Blight,Corn___Northern_Leaf_Blight,0.957185
plantwild/extracted/plantwild/images/corn northern leaf blight/92.jpg,Corn___Northern_Leaf_Blight,Corn___Cercospora_leaf_spot Gray_leaf_spot,0.943928
plantwild/extracted/plantwild/images/corn northern leaf blight/93.jpg,Corn___Northern_Leaf_Blight,"Pepper,_bell___healthy",0.927866
plantwild/extracted/plantwild/images/corn northern leaf blight/95.jpg,Corn___Northern_Leaf_Blight,Corn___Northern_Leaf_Blight,0.664126
plantwild/extracted/plantwild/images/corn northern leaf blight/96.jpg,Corn___Northern_Leaf_Blight,"Pepper,_bell___healthy",0.929877
plantwild/extracted/plantwild/images/corn northern leaf blight/97 - Copy.jpg,Corn___Northern_Leaf_Blight,Strawberry___Leaf_scorch,0.220189
plantwild/extracted/plantwild/images/corn northern leaf blight/99.jpg,Corn___Northern_Leaf_Blight,Corn___Cercospora_leaf_spot Gray_leaf_spot,0.829702
plantwild/extracted/plantwild/images/corn northern leaf blight/add (10).jpg,Corn___Northern_Leaf_Blight,Corn___Northern_Leaf_Blight,0.890655
plantwild/extracted/plantwild/images/corn northern leaf blight/add (11).jpg,Corn___Northern_Leaf_Blight,Corn___Northern_Leaf_Blight,0.882471
plantwild/extracted/plantwild/images/corn northern leaf blight/add (12).jpg,Corn___Northern_Leaf_Blight,"Pepper,_bell___healthy",0.387254
plantwild/extracted/plantwild/images/corn northern leaf blight/add (13).jpg,Corn___Northern_Leaf_Blight,Strawberry___Leaf_scorch,0.348653
plantwild/extracted/plantwild/images/corn northern leaf blight/add (14).jpg,Corn___Northern_Leaf_Blight,Strawberry___Leaf_scorch,0.652218
plantwild/extracted/plantwild/images/corn northern leaf blight/add (15).jpg,Corn___Northern_Leaf_Blight,Cherry___healthy,0.639576
plantwild/extracted/plantwild/images/corn northern leaf blight/add (17).jpg,Corn___Northern_Leaf_Blight,Corn___Cercospora_leaf_spot Gray_leaf_spot,0.918363
plantwild/extracted/plantwild/images/corn northern leaf blight/add (18).jpg,Corn___Northern_Leaf_Blight,Corn___Northern_Leaf_Blight,0.968484
plantwild/extracted/plantwild/images/corn northern leaf blight/add (19).jpg,Corn___Northern_Leaf_Blight,Corn___Northern_Leaf_Blight,0.737792
plantwild/extracted/plantwild/images/corn northern leaf blight/add (2).jpg,Corn___Northern_Leaf_Blight,Corn___healthy,0.374934
plantwild/extracted/plantwild/images/corn northern leaf blight/add (20).jpg,Corn___Northern_Leaf_Blight,Corn___healthy,0.883313
plantwild/extracted/plantwild/images/corn northern leaf blight/add (21).jpg,Corn___Northern_Leaf_Blight,Corn___Cercospora_leaf_spot Gray_leaf_spot,0.969740
plantwild/extracted/plantwild/images/corn northern leaf blight/add (22).jpg,Corn___Northern_Leaf_Blight,Strawberry___Leaf_scorch,0.739783
plantwild/extracted/plantwild/images/corn northern leaf blight/add (23).jpg,Corn___Northern_Leaf_Blight,Cherry___healthy,0.401839
plantwild/extracted/plantwild/images/corn northern leaf blight/add (24).jpg,Corn___Northern_Leaf_Blight,Strawberry___Leaf_scorch,0.852349
plantwild/extracted/plantwild/images/corn northern leaf blight/add (25).jpg,Corn___Northern_Leaf_Blight,Corn___Cercospora_leaf_spot Gray_leaf_spot,0.959171
plantwild/extracted/plantwild/images/corn northern leaf blight/add (26).jpg,Corn___Northern_Leaf_Blight,Cherry___healthy,0.831506
plantwild/extracted/plantwild/images/corn northern leaf blight/add (27).jpg,Corn___Northern_Leaf_Blight,Corn___Northern_Leaf_Blight,0.972440
plantwild/extracted/plantwild/images/corn northern leaf blight/add (28).jpg,Corn___Northern_Leaf_Blight,Corn___Northern_Leaf_Blight,0.969496
plantwild/extracted/plantwild/images/corn northern leaf blight/add (29).jpg,Corn___Northern_Leaf_Blight,Corn___Northern_Leaf_Blight,0.935071
plantwild/extracted/plantwild/images/corn northern leaf blight/add (3).jpg,Corn___Northern_Leaf_Blight,Strawberry___Leaf_scorch,0.555230
plantwild/extracted/plantwild/images/corn northern leaf blight/add (30).jpg,Corn___Northern_Leaf_Blight,Corn___Northern_Leaf_Blight,0.818375
plantwild/extracted/plantwild/images/corn northern leaf blight/add (4).jpg,Corn___Northern_Leaf_Blight,Corn___Cercospora_leaf_spot Gray_leaf_spot,0.966111
plantwild/extracted/plantwild/images/corn northern leaf blight/add (5).jpg,Corn___Northern_Leaf_Blight,Strawberry___Leaf_scorch,0.325713
plantwild/extracted/plantwild/images/corn northern leaf blight/add (6).jpg,Corn___Northern_Leaf_Blight,"Pepper,_bell___healthy",0.898869
plantwild/extracted/plantwild/images/corn northern leaf blight/add (7).jpg,Corn___Northern_Leaf_Blight,"Pepper,_bell___healthy",0.825294
plantwild/extracted/plantwild/images/corn northern leaf blight/add (8).jpg,Corn___Northern_Leaf_Blight,Corn___Northern_Leaf_Blight,0.952436
plantwild/extracted/plantwild/images/corn northern leaf blight/add (9).jpg,Corn___Northern_Leaf_Blight,Corn___Cercospora_leaf_spot Gray_leaf_spot,0.728682
plantwild/extracted/plantwild/images/corn northern leaf blight/google_0000.jpg,Corn___Northern_Leaf_Blight,Corn___Northern_Leaf_Blight,0.926401
plantwild/extracted/plantwild/images/corn northern leaf blight/google_0001.jpg,Corn___Northern_Leaf_Blight,Strawberry___Leaf_scorch,0.385542
plantwild/extracted/plantwild/images/corn northern leaf blight/google_0002.jpg,Corn___Northern_Leaf_Blight,Corn___Cercospora_leaf_spot Gray_leaf_spot,0.969098
plantwild/extracted/plantwild/images/corn northern leaf blight/google_0003.jpg,Corn___Northern_Leaf_Blight,Corn___Northern_Leaf_Blight,0.968118
plantwild/extracted/plantwild/images/corn northern leaf blight/google_0005.jpg,Corn___Northern_Leaf_Blight,Corn___Cercospora_leaf_spot Gray_leaf_spot,0.879518
plantwild/extracted/plantwild/images/corn northern leaf blight/google_0006.jpg,Corn___Northern_Leaf_Blight,Cherry___healthy,0.901241
plantwild/extracted/plantwild/images/corn northern leaf blight/google_0007.jpg,Corn___Northern_Leaf_Blight,"Pepper,_bell___healthy",0.523925
plantwild/extracted/plantwild/images/corn northern leaf blight/google_0008.jpg,Corn___Northern_Leaf_Blight,Corn___Cercospora_leaf_spot Gray_leaf_spot,0.908484
plantwild/extracted/plantwild/images/corn northern leaf blight/google_0009.jpg,Corn___Northern_Leaf_Blight,"Pepper,_bell___healthy",0.675989
plantwild/extracted/plantwild/images/corn northern leaf blight/google_0010.jpg,Corn___Northern_Leaf_Blight,Corn___Cercospora_leaf_spot Gray_leaf_spot,0.790545
plantwild/extracted/plantwild/images/corn northern leaf blight/google_0011.jpg,Corn___Northern_Leaf_Blight,Corn___Northern_Leaf_Blight,0.579238
plantwild/extracted/plantwild/images/corn northern leaf blight/google_0012.jpg,Corn___Northern_Leaf_Blight,Strawberry___Leaf_scorch,0.757173
plantwild/extracted/plantwild/images/corn northern leaf blight/google_0013.jpg,Corn___Northern_Leaf_Blight,Corn___healthy,0.833885
plantwild/extracted/plantwild/images/corn northern leaf blight/google_0014.jpg,Corn___Northern_Leaf_Blight,Cherry___healthy,0.431338
plantwild/extracted/plantwild/images/corn northern leaf blight/google_0015.jpg,Corn___Northern_Leaf_Blight,Corn___Northern_Leaf_Blight,0.949953
plantwild/extracted/plantwild/images/corn northern leaf blight/google_0016.jpg,Corn___Northern_Leaf_Blight,"Pepper,_bell___healthy",0.929447
plantwild/extracted/plantwild/images/corn northern leaf blight/google_0017.jpg,Corn___Northern_Leaf_Blight,Corn___Cercospora_leaf_spot Gray_leaf_spot,0.971412
plantwild/extracted/plantwild/images/corn northern leaf blight/google_0018.jpg,Corn___Northern_Leaf_Blight,Corn___Northern_Leaf_Blight,0.972978
plantwild/extracted/plantwild/images/corn northern leaf blight/google_0019.jpg,Corn___Northern_Leaf_Blight,Corn___Northern_Leaf_Blight,0.967295
plantwild/extracted/plantwild/images/corn northern leaf blight/google_0020.jpg,Corn___Northern_Leaf_Blight,Corn___Cercospora_leaf_spot Gray_leaf_spot,0.916003
plantwild/extracted/plantwild/images/corn northern leaf blight/google_0021.jpg,Corn___Northern_Leaf_Blight,"Pepper,_bell___healthy",0.856229
plantwild/extracted/plantwild/images/corn northern leaf blight/google_0022.jpg,Corn___Northern_Leaf_Blight,"Pepper,_bell___healthy",0.863976
plantwild/extracted/plantwild/images/corn northern leaf blight/google_0023.jpg,Corn___Northern_Leaf_Blight,Corn___Northern_Leaf_Blight,0.971098
plantwild/extracted/plantwild/images/corn northern leaf blight/google_0024.jpg,Corn___Northern_Leaf_Blight,Corn___Northern_Leaf_Blight,0.964803
plantwild/extracted/plantwild/images/corn northern leaf blight/google_0027.jpg,Corn___Northern_Leaf_Blight,Corn___Cercospora_leaf_spot Gray_leaf_spot,0.491945
plantwild/extracted/plantwild/images/corn northern leaf blight/google_0029.jpg,Corn___Northern_Leaf_Blight,"Pepper,_bell___healthy",0.688728
plantwild/extracted/plantwild/images/corn northern leaf blight/google_0031.jpg,Corn___Northern_Leaf_Blight,Corn___Cercospora_leaf_spot Gray_leaf_spot,0.971026
plantwild/extracted/plantwild/images/corn northern leaf blight/google_0032.jpg,Corn___Northern_Leaf_Blight,Corn___Cercospora_leaf_spot Gray_leaf_spot,0.941365
plantwild/extracted/plantwild/images/corn northern leaf blight/google_0033.jpg,Corn___Northern_Leaf_Blight,Strawberry___Leaf_scorch,0.317780
plantwild/extracted/plantwild/images/corn northern leaf blight/google_0034.jpg,Corn___Northern_Leaf_Blight,"Pepper,_bell___healthy",0.510094
plantwild/extracted/plantwild/images/corn northern leaf blight/google_0036.jpg,Corn___Northern_Leaf_Blight,"Pepper,_bell___Bacterial_spot",0.935485
plantwild/extracted/plantwild/images/corn northern leaf blight/google_0037.jpg,Corn___Northern_Leaf_Blight,Corn___Cercospora_leaf_spot Gray_leaf_spot,0.970224
plantwild/extracted/plantwild/images/corn northern leaf blight/google_0038.jpg,Corn___Northern_Leaf_Blight,Corn___Common_rust,0.281290
plantwild/extracted/plantwild/images/corn northern leaf blight/google_0039.jpg,Corn___Northern_Leaf_Blight,Corn___Cercospora_leaf_spot Gray_leaf_spot,0.969623
plantwild/extracted/plantwild/images/corn northern leaf blight/google_0040.jpg,Corn___Northern_Leaf_Blight,Tomato___Early_blight,0.967462
plantwild/extracted/plantwild/images/corn northern leaf blight/google_0041.jpg,Corn___Northern_Leaf_Blight,"Pepper,_bell___healthy",0.722381
plantwild/extracted/plantwild/images/corn northern leaf blight/google_0042.jpg,Corn___Northern_Leaf_Blight,Corn___Northern_Leaf_Blight,0.969423
plantwild/extracted/plantwild/images/corn northern leaf blight/google_0043.jpg,Corn___Northern_Leaf_Blight,Corn___Northern_Leaf_Blight,0.878392
plantwild/extracted/plantwild/images/corn northern leaf blight/google_0044.jpg,Corn___Northern_Leaf_Blight,Corn___Northern_Leaf_Blight,0.970623
plantwild/extracted/plantwild/images/corn northern leaf blight/google_0045.jpg,Corn___Northern_Leaf_Blight,Corn___Cercospora_leaf_spot Gray_leaf_spot,0.894555
plantwild/extracted/plantwild/images/corn northern leaf blight/google_0047.jpg,Corn___Northern_Leaf_Blight,Corn___Cercospora_leaf_spot Gray_leaf_spot,0.923984
plantwild/extracted/plantwild/images/corn northern leaf blight/google_0048.jpg,Corn___Northern_Leaf_Blight,Corn___Northern_Leaf_Blight,0.915878
plantwild/extracted/plantwild/images/corn northern leaf blight/google_0049.jpg,Corn___Northern_Leaf_Blight,Corn___Cercospora_leaf_spot Gray_leaf_spot,0.970772
plantwild/extracted/plantwild/images/corn northern leaf blight/google_0050.jpg,Corn___Northern_Leaf_Blight,Corn___Northern_Leaf_Blight,0.968319
plantwild/extracted/plantwild/images/corn northern leaf blight/google_0051.jpg,Corn___Northern_Leaf_Blight,Peach___healthy,0.576859
plantwild/extracted/plantwild/images/corn northern leaf blight/google_0053.jpg,Corn___Northern_Leaf_Blight,Corn___Northern_Leaf_Blight,0.970364
plantwild/extracted/plantwild/images/corn northern leaf blight/google_0055.jpg,Corn___Northern_Leaf_Blight,Corn___Cercospora_leaf_spot Gray_leaf_spot,0.968452
plantwild/extracted/plantwild/images/corn northern leaf blight/google_0056.jpg,Corn___Northern_Leaf_Blight,Corn___Northern_Leaf_Blight,0.474342
plantwild/extracted/plantwild/images/corn northern leaf blight/google_0057.jpg,Corn___Northern_Leaf_Blight,"Pepper,_bell___healthy",0.646495
plantwild/extracted/plantwild/images/corn northern leaf blight/google_0059.jpg,Corn___Northern_Leaf_Blight,"Pepper,_bell___healthy",0.721498
plantwild/extracted/plantwild/images/corn northern leaf blight/google_0060.jpg,Corn___Northern_Leaf_Blight,Corn___Cercospora_leaf_spot Gray_leaf_spot,0.972979
plantwild/extracted/plantwild/images/corn northern leaf blight/google_0063.jpg,Corn___Northern_Leaf_Blight,Tomato___Early_blight,0.484476
plantwild/extracted/plantwild/images/corn northern leaf blight/google_0064.jpg,Corn___Northern_Leaf_Blight,Corn___Northern_Leaf_Blight,0.891636
plantwild/extracted/plantwild/images/corn northern leaf blight/google_0065.jpg,Corn___Northern_Leaf_Blight,Cherry___healthy,0.795544
plantwild/extracted/plantwild/images/corn northern leaf blight/google_0067.jpg,Corn___Northern_Leaf_Blight,Cherry___healthy,0.475643
plantwild/extracted/plantwild/images/corn northern leaf blight/google_0068.jpg,Corn___Northern_Leaf_Blight,"Pepper,_bell___healthy",0.810418
plantwild/extracted/plantwild/images/corn northern leaf blight/google_0069.jpg,Corn___Northern_Leaf_Blight,Corn___Northern_Leaf_Blight,0.867110
plantwild/extracted/plantwild/images/corn northern leaf blight/google_0071.jpg,Corn___Northern_Leaf_Blight,Cherry___healthy,0.956889
plantwild/extracted/plantwild/images/corn northern leaf blight/google_0072.jpg,Corn___Northern_Leaf_Blight,"Pepper,_bell___healthy",0.943186
plantwild/extracted/plantwild/images/corn northern leaf blight/google_0073.jpg,Corn___Northern_Leaf_Blight,"Pepper,_bell___healthy",0.893629
plantwild/extracted/plantwild/images/corn northern leaf blight/google_0074.jpg,Corn___Northern_Leaf_Blight,"Pepper,_bell___healthy",0.899679
plantwild/extracted/plantwild/images/corn northern leaf blight/google_0075.jpg,Corn___Northern_Leaf_Blight,Corn___Northern_Leaf_Blight,0.965852
plantwild/extracted/plantwild/images/corn northern leaf blight/google_0076.jpg,Corn___Northern_Leaf_Blight,Corn___Cercospora_leaf_spot Gray_leaf_spot,0.893878
plantwild/extracted/plantwild/images/corn northern leaf blight/google_0077.jpg,Corn___Northern_Leaf_Blight,Corn___Common_rust,0.433812
plantwild/extracted/plantwild/images/corn northern leaf blight/google_0078.jpg,Corn___Northern_Leaf_Blight,Corn___Northern_Leaf_Blight,0.521906
plantwild/extracted/plantwild/images/corn northern leaf blight/google_0079.jpg,Corn___Northern_Leaf_Blight,Corn___Cercospora_leaf_spot Gray_leaf_spot,0.643329
plantwild/extracted/plantwild/images/corn northern leaf blight/google_0080.jpg,Corn___Northern_Leaf_Blight,Corn___Cercospora_leaf_spot Gray_leaf_spot,0.927914
plantwild/extracted/plantwild/images/corn northern leaf blight/google_0083.jpg,Corn___Northern_Leaf_Blight,Corn___healthy,0.959663
plantwild/extracted/plantwild/images/corn northern leaf blight/google_0085.jpg,Corn___Northern_Leaf_Blight,Corn___Cercospora_leaf_spot Gray_leaf_spot,0.957621
plantwild/extracted/plantwild/images/corn northern leaf blight/google_0086.jpg,Corn___Northern_Leaf_Blight,Corn___Northern_Leaf_Blight,0.969193
plantwild/extracted/plantwild/images/corn northern leaf blight/google_0088.jpg,Corn___Northern_Leaf_Blight,Corn___Northern_Leaf_Blight,0.964759
plantwild/extracted/plantwild/images/corn northern leaf blight/google_0090.jpg,Corn___Northern_Leaf_Blight,Corn___Northern_Leaf_Blight,0.327868
plantwild/extracted/plantwild/images/corn northern leaf blight/google_0094.jpg,Corn___Northern_Leaf_Blight,Corn___Northern_Leaf_Blight,0.973790
plantwild/extracted/plantwild/images/corn northern leaf blight/google_0095.jpg,Corn___Northern_Leaf_Blight,Cherry___healthy,0.944506
plantwild/extracted/plantwild/images/corn northern leaf blight/google_0097.jpg,Corn___Northern_Leaf_Blight,Corn___Northern_Leaf_Blight,0.897396
plantwild/extracted/plantwild/images/corn northern leaf blight/google_0098.jpg,Corn___Northern_Leaf_Blight,"Pepper,_bell___healthy",0.528085
plantwild/extracted/plantwild/images/corn northern leaf blight/google_0099.jpg,Corn___Northern_Leaf_Blight,Cherry___healthy,0.679803
plantwild/extracted/plantwild/images/corn northern leaf blight/google_0101.jpg,Corn___Northern_Leaf_Blight,Corn___Cercospora_leaf_spot Gray_leaf_spot,0.545382
plantwild/extracted/plantwild/images/corn northern leaf blight/google_0104.jpg,Corn___Northern_Leaf_Blight,Corn___Cercospora_leaf_spot Gray_leaf_spot,0.955242
plantwild/extracted/plantwild/images/corn northern leaf blight/google_0105.jpg,Corn___Northern_Leaf_Blight,Corn___healthy,0.583434
plantwild/extracted/plantwild/images/corn northern leaf blight/google_0106.jpg,Corn___Northern_Leaf_Blight,Corn___Northern_Leaf_Blight,0.955076
plantwild/extracted/plantwild/images/corn northern leaf blight/google_0107.jpg,Corn___Northern_Leaf_Blight,Tomato___Early_blight,0.711832
plantwild/extracted/plantwild/images/corn northern leaf blight/google_0109.jpg,Corn___Northern_Leaf_Blight,Corn___Northern_Leaf_Blight,0.952574
plantwild/extracted/plantwild/images/corn northern leaf blight/google_0110.jpg,Corn___Northern_Leaf_Blight,Corn___Northern_Leaf_Blight,0.913619
plantwild/extracted/plantwild/images/corn northern leaf blight/google_0112.jpg,Corn___Northern_Leaf_Blight,Corn___Cercospora_leaf_spot Gray_leaf_spot,0.941477
plantwild/extracted/plantwild/images/corn northern leaf blight/google_0113.jpg,Corn___Northern_Leaf_Blight,Corn___Cercospora_leaf_spot Gray_leaf_spot,0.963674
plantwild/extracted/plantwild/images/corn northern leaf blight/google_0114.jpg,Corn___Northern_Leaf_Blight,Corn___Cercospora_leaf_spot Gray_leaf_spot,0.674486
plantwild/extracted/plantwild/images/corn northern leaf blight/google_0117.jpg,Corn___Northern_Leaf_Blight,Corn___Cercospora_leaf_spot Gray_leaf_spot,0.953874
plantwild/extracted/plantwild/images/corn northern leaf blight/google_0118.jpg,Corn___Northern_Leaf_Blight,"Pepper,_bell___healthy",0.771168
plantwild/extracted/plantwild/images/corn northern leaf blight/google_0120.jpg,Corn___Northern_Leaf_Blight,"Pepper,_bell___healthy",0.678246
plantwild/extracted/plantwild/images/corn northern leaf blight/google_0121.jpg,Corn___Northern_Leaf_Blight,"Pepper,_bell___healthy",0.499720
plantwild/extracted/plantwild/images/corn northern leaf blight/google_0123.jpg,Corn___Northern_Leaf_Blight,Corn___Cercospora_leaf_spot Gray_leaf_spot,0.967564
plantwild/extracted/plantwild/images/corn northern leaf blight/google_0125.jpg,Corn___Northern_Leaf_Blight,Cherry___healthy,0.911050
plantwild/extracted/plantwild/images/corn northern leaf blight/google_0126.jpg,Corn___Northern_Leaf_Blight,Corn___Cercospora_leaf_spot Gray_leaf_spot,0.968593
plantwild/extracted/plantwild/images/corn northern leaf blight/google_0127.jpg,Corn___Northern_Leaf_Blight,Corn___Northern_Leaf_Blight,0.563068
plantwild/extracted/plantwild/images/corn northern leaf blight/google_0129.jpg,Corn___Northern_Leaf_Blight,"Pepper,_bell___healthy",0.913057
plantwild/extracted/plantwild/images/corn northern leaf blight/google_0132.jpg,Corn___Northern_Leaf_Blight,Corn___Cercospora_leaf_spot Gray_leaf_spot,0.659539
plantwild/extracted/plantwild/images/corn northern leaf blight/google_0133.jpg,Corn___Northern_Leaf_Blight,Corn___Cercospora_leaf_spot Gray_leaf_spot,0.839413
plantwild/extracted/plantwild/images/corn northern leaf blight/google_0134.jpg,Corn___Northern_Leaf_Blight,Corn___Northern_Leaf_Blight,0.968363
plantwild/extracted/plantwild/images/corn northern leaf blight/google_0135.jpg,Corn___Northern_Leaf_Blight,Corn___healthy,0.957509
plantwild/extracted/plantwild/images/corn northern leaf blight/google_0143.jpg,Corn___Northern_Leaf_Blight,Cherry___healthy,0.675275
plantwild/extracted/plantwild/images/corn northern leaf blight/google_0149.jpg,Corn___Northern_Leaf_Blight,"Pepper,_bell___healthy",0.849094
plantwild/extracted/plantwild/images/corn northern leaf blight/google_0151.jpg,Corn___Northern_Leaf_Blight,Corn___healthy,0.890333
plantwild/extracted/plantwild/images/corn northern leaf blight/google_0152.jpg,Corn___Northern_Leaf_Blight,Cherry___healthy,0.534913
plantwild/extracted/plantwild/images/corn northern leaf blight/google_0162.jpg,Corn___Northern_Leaf_Blight,Corn___Northern_Leaf_Blight,0.967611
plantwild/extracted/plantwild/images/corn northern leaf blight/google_0163.jpg,Corn___Northern_Leaf_Blight,Corn___Northern_Leaf_Blight,0.944226
plantwild/extracted/plantwild/images/corn northern leaf blight/google_0169.jpg,Corn___Northern_Leaf_Blight,Corn___Cercospora_leaf_spot Gray_leaf_spot,0.943073
plantwild/extracted/plantwild/images/corn northern leaf blight/google_0175.jpg,Corn___Northern_Leaf_Blight,Corn___Cercospora_leaf_spot Gray_leaf_spot,0.705857
plantwild/extracted/plantwild/images/corn rust/1.jpg,Corn___Common_rust,Corn___Cercospora_leaf_spot Gray_leaf_spot,0.803102
plantwild/extracted/plantwild/images/corn rust/10.jpg,Corn___Common_rust,"Pepper,_bell___healthy",0.725500
plantwild/extracted/plantwild/images/corn rust/100.jpg,Corn___Common_rust,Corn___healthy,0.546996
plantwild/extracted/plantwild/images/corn rust/12.jpg,Corn___Common_rust,Strawberry___Leaf_scorch,0.847545
plantwild/extracted/plantwild/images/corn rust/13.jpg,Corn___Common_rust,Corn___Northern_Leaf_Blight,0.903601
plantwild/extracted/plantwild/images/corn rust/14.jpg,Corn___Common_rust,Cherry___healthy,0.695785
plantwild/extracted/plantwild/images/corn rust/15.jpg,Corn___Common_rust,"Pepper,_bell___healthy",0.386921
plantwild/extracted/plantwild/images/corn rust/16.jpg,Corn___Common_rust,Corn___Cercospora_leaf_spot Gray_leaf_spot,0.774807
plantwild/extracted/plantwild/images/corn rust/17.jpg,Corn___Common_rust,Corn___Common_rust,0.884355
plantwild/extracted/plantwild/images/corn rust/18.jpg,Corn___Common_rust,Cherry___healthy,0.920386
plantwild/extracted/plantwild/images/corn rust/19.jpg,Corn___Common_rust,Cherry___healthy,0.857668
plantwild/extracted/plantwild/images/corn rust/2.jpg,Corn___Common_rust,Cherry___healthy,0.596044
plantwild/extracted/plantwild/images/corn rust/20.jpg,Corn___Common_rust,"Pepper,_bell___healthy",0.821089
plantwild/extracted/plantwild/images/corn rust/21.jpg,Corn___Common_rust,Corn___Northern_Leaf_Blight,0.522086
plantwild/extracted/plantwild/images/corn rust/22.jpg,Corn___Common_rust,"Pepper,_bell___healthy",0.900144
plantwild/extracted/plantwild/images/corn rust/27.jpg,Corn___Common_rust,"Pepper,_bell___healthy",0.562458
plantwild/extracted/plantwild/images/corn rust/28.jpg,Corn___Common_rust,Corn___Cercospora_leaf_spot Gray_leaf_spot,0.924767
plantwild/extracted/plantwild/images/corn rust/29.jpg,Corn___Common_rust,Corn___Common_rust,0.233462
plantwild/extracted/plantwild/images/corn rust/3.jpg,Corn___Common_rust,Corn___Cercospora_leaf_spot Gray_leaf_spot,0.964273
plantwild/extracted/plantwild/images/corn rust/30.jpg,Corn___Common_rust,Cherry___healthy,0.567735
plantwild/extracted/plantwild/images/corn rust/31.jpg,Corn___Common_rust,Strawberry___Leaf_scorch,0.573868
plantwild/extracted/plantwild/images/corn rust/32.jpg,Corn___Common_rust,"Pepper,_bell___healthy",0.393508
plantwild/extracted/plantwild/images/corn rust/33.jpg,Corn___Common_rust,Corn___Cercospora_leaf_spot Gray_leaf_spot,0.968889
plantwild/extracted/plantwild/images/corn rust/34.jpg,Corn___Common_rust,Cherry___healthy,0.583343
plantwild/extracted/plantwild/images/corn rust/35.jpg,Corn___Common_rust,Corn___Northern_Leaf_Blight,0.358809
plantwild/extracted/plantwild/images/corn rust/36.jpg,Corn___Common_rust,Corn___Cercospora_leaf_spot Gray_leaf_spot,0.945878
plantwild/extracted/plantwild/images/corn rust/37.jpg,Corn___Common_rust,"Pepper,_bell___healthy",0.544483
plantwild/extracted/plantwild/images/corn rust/38.jpg,Corn___Common_rust,Corn___Northern_Leaf_Blight,0.960120
plantwild/extracted/plantwild/images/corn rust/39.jpg,Corn___Common_rust,Strawberry___Leaf_scorch,0.474230
plantwild/extracted/plantwild/images/corn rust/4.jpg,Corn___Common_rust,"Pepper,_bell___healthy",0.397534
plantwild/extracted/plantwild/images/corn rust/40.jpg,Corn___Common_rust,Corn___Cercospora_leaf_spot Gray_leaf_spot,0.964359
plantwild/extracted/plantwild/images/corn rust/41 - Copy.jpg,Corn___Common_rust,Corn___healthy,0.378995
plantwild/extracted/plantwild/images/corn rust/41.jpg,Corn___Common_rust,Corn___Northern_Leaf_Blight,0.938476
plantwild/extracted/plantwild/images/corn rust/42.jpg,Corn___Common_rust,"Pepper,_bell___healthy",0.879131
plantwild/extracted/plantwild/images/corn rust/43.jpg,Corn___Common_rust,Strawberry___Leaf_scorch,0.497912
plantwild/extracted/plantwild/images/corn rust/44.jpg,Corn___Common_rust,"Pepper,_bell___healthy",0.502237
plantwild/extracted/plantwild/images/corn rust/45.jpg,Corn___Common_rust,"Pepper,_bell___healthy",0.622625
plantwild/extracted/plantwild/images/corn rust/46.jpg,Corn___Common_rust,Peach___Bacterial_spot,0.762229
plantwild/extracted/plantwild/images/corn rust/47.jpg,Corn___Common_rust,"Pepper,_bell___healthy",0.676249
plantwild/extracted/plantwild/images/corn rust/48.jpg,Corn___Common_rust,Corn___Cercospora_leaf_spot Gray_leaf_spot,0.854477
plantwild/extracted/plantwild/images/corn rust/5.jpg,Corn___Common_rust,Cherry___healthy,0.716737
plantwild/extracted/plantwild/images/corn rust/50.jpg,Corn___Common_rust,Corn___healthy,0.946412
plantwild/extracted/plantwild/images/corn rust/51.jpg,Corn___Common_rust,Strawberry___Leaf_scorch,0.287043
plantwild/extracted/plantwild/images/corn rust/52.jpg,Corn___Common_rust,Corn___Common_rust,0.923505
plantwild/extracted/plantwild/images/corn rust/53.jpg,Corn___Common_rust,Strawberry___Leaf_scorch,0.541771
plantwild/extracted/plantwild/images/corn rust/54.jpg,Corn___Common_rust,Soybean___healthy,0.184512
plantwild/extracted/plantwild/images/corn rust/55.jpg,Corn___Common_rust,Cherry___healthy,0.856928
plantwild/extracted/plantwild/images/corn rust/56.jpg,Corn___Common_rust,Corn___Cercospora_leaf_spot Gray_leaf_spot,0.680074
plantwild/extracted/plantwild/images/corn rust/57.jpg,Corn___Common_rust,Corn___Cercospora_leaf_spot Gray_leaf_spot,0.953913
plantwild/extracted/plantwild/images/corn rust/58.jpg,Corn___Common_rust,"Pepper,_bell___healthy",0.508918
plantwild/extracted/plantwild/images/corn rust/59.jpg,Corn___Common_rust,Corn___Cercospora_leaf_spot Gray_leaf_spot,0.448596
plantwild/extracted/plantwild/images/corn rust/6.jpg,Corn___Common_rust,"Pepper,_bell___healthy",0.354039
plantwild/extracted/plantwild/images/corn rust/60.jpg,Corn___Common_rust,"Pepper,_bell___healthy",0.844009
plantwild/extracted/plantwild/images/corn rust/61.jpg,Corn___Common_rust,"Pepper,_bell___healthy",0.392142
plantwild/extracted/plantwild/images/corn rust/62.jpg,Corn___Common_rust,"Pepper,_bell___healthy",0.614187
plantwild/extracted/plantwild/images/corn rust/63.jpg,Corn___Common_rust,Corn___Cercospora_leaf_spot Gray_leaf_spot,0.752702
plantwild/extracted/plantwild/images/corn rust/64.jpg,Corn___Common_rust,"Pepper,_bell___healthy",0.514484
plantwild/extracted/plantwild/images/corn rust/65.jpg,Corn___Common_rust,Corn___Cercospora_leaf_spot Gray_leaf_spot,0.717427
plantwild/extracted/plantwild/images/corn rust/66.jpg,Corn___Common_rust,"Pepper,_bell___healthy",0.767482
plantwild/extracted/plantwild/images/corn rust/67.jpg,Corn___Common_rust,Cherry___healthy,0.886667
plantwild/extracted/plantwild/images/corn rust/68.jpg,Corn___Common_rust,"Pepper,_bell___healthy",0.743031
plantwild/extracted/plantwild/images/corn rust/69.jpg,Corn___Common_rust,"Pepper,_bell___healthy",0.797733
plantwild/extracted/plantwild/images/corn rust/7.jpg,Corn___Common_rust,"Pepper,_bell___healthy",0.685397
plantwild/extracted/plantwild/images/corn rust/70.jpg,Corn___Common_rust,Corn___Cercospora_leaf_spot Gray_leaf_spot,0.970227
plantwild/extracted/plantwild/images/corn rust/71.jpg,Corn___Common_rust,"Pepper,_bell___healthy",0.837711
plantwild/extracted/plantwild/images/corn rust/72.jpg,Corn___Common_rust,"Pepper,_bell___healthy",0.748355
plantwild/extracted/plantwild/images/corn rust/73.jpg,Corn___Common_rust,"Pepper,_bell___healthy",0.825432
plantwild/extracted/plantwild/images/corn rust/74.jpg,Corn___Common_rust,Corn___Cercospora_leaf_spot Gray_leaf_spot,0.816365
plantwild/extracted/plantwild/images/corn rust/75.jpg,Corn___Common_rust,Cherry___healthy,0.339709
plantwild/extracted/plantwild/images/corn rust/76.jpg,Corn___Common_rust,"Pepper,_bell___healthy",0.705049
plantwild/extracted/plantwild/images/corn rust/77.jpg,Corn___Common_rust,Corn___Common_rust,0.882036
plantwild/extracted/plantwild/images/corn rust/78.jpg,Corn___Common_rust,Corn___Common_rust,0.964097
plantwild/extracted/plantwild/images/corn rust/79.jpg,Corn___Common_rust,Cherry___healthy,0.792716
plantwild/extracted/plantwild/images/corn rust/8.jpg,Corn___Common_rust,"Pepper,_bell___healthy",0.432900
plantwild/extracted/plantwild/images/corn rust/80.jpg,Corn___Common_rust,Corn___Northern_Leaf_Blight,0.408168
plantwild/extracted/plantwild/images/corn rust/81.jpg,Corn___Common_rust,Soybean___healthy,0.398012
plantwild/extracted/plantwild/images/corn rust/82.jpg,Corn___Common_rust,Corn___Cercospora_leaf_spot Gray_leaf_spot,0.965354
plantwild/extracted/plantwild/images/corn rust/83.jpg,Corn___Common_rust,"Pepper,_bell___healthy",0.720374
plantwild/extracted/plantwild/images/corn rust/84.jpg,Corn___Common_rust,Cherry___healthy,0.623949
plantwild/extracted/plantwild/images/corn rust/85.jpg,Corn___Common_rust,"Pepper,_bell___healthy",0.479464
plantwild/extracted/plantwild/images/corn rust/86.jpg,Corn___Common_rust,"Pepper,_bell___healthy",0.665298
plantwild/extracted/plantwild/images/corn rust/87.jpg,Corn___Common_rust,Corn___Northern_Leaf_Blight,0.837751
plantwild/extracted/plantwild/images/corn rust/88.jpg,Corn___Common_rust,"Pepper,_bell___Bacterial_spot",0.265960
plantwild/extracted/plantwild/images/corn rust/89.jpg,Corn___Common_rust,"Pepper,_bell___healthy",0.820123
plantwild/extracted/plantwild/images/corn rust/9.jpg,Corn___Common_rust,Cherry___healthy,0.938689
plantwild/extracted/plantwild/images/corn rust/90.jpg,Corn___Common_rust,Corn___Cercospora_leaf_spot Gray_leaf_spot,0.946256
plantwild/extracted/plantwild/images/corn rust/92.jpg,Corn___Common_rust,Strawberry___Leaf_scorch,0.259321
plantwild/extracted/plantwild/images/corn rust/94.jpg,Corn___Common_rust,Corn___Cercospora_leaf_spot Gray_leaf_spot,0.965546
plantwild/extracted/plantwild/images/corn rust/95.jpg,Corn___Common_rust,"Pepper,_bell___healthy",0.940131
plantwild/extracted/plantwild/images/corn rust/96.jpg,Corn___Common_rust,"Pepper,_bell___healthy",0.581415
plantwild/extracted/plantwild/images/corn rust/97.jpg,Corn___Common_rust,Cherry___healthy,0.661733
plantwild/extracted/plantwild/images/corn rust/98.jpg,Corn___Common_rust,Corn___Northern_Leaf_Blight,0.527188
plantwild/extracted/plantwild/images/corn rust/99.jpg,Corn___Common_rust,"Pepper,_bell___healthy",0.921247
plantwild/extracted/plantwild/images/corn rust/google_0000.jpg,Corn___Common_rust,Corn___Northern_Leaf_Blight,0.766394
plantwild/extracted/plantwild/images/corn rust/google_0001.jpg,Corn___Common_rust,Corn___Cercospora_leaf_spot Gray_leaf_spot,0.972047
plantwild/extracted/plantwild/images/corn rust/google_0002.jpg,Corn___Common_rust,Strawberry___Leaf_scorch,0.478614
plantwild/extracted/plantwild/images/corn rust/google_0003.jpg,Corn___Common_rust,Corn___Common_rust,0.918576
plantwild/extracted/plantwild/images/corn rust/google_0005.jpg,Corn___Common_rust,Corn___Northern_Leaf_Blight,0.455082
plantwild/extracted/plantwild/images/corn rust/google_0006.jpg,Corn___Common_rust,Corn___healthy,0.232562
plantwild/extracted/plantwild/images/corn rust/google_0007.jpg,Corn___Common_rust,Corn___Cercospora_leaf_spot Gray_leaf_spot,0.691151
plantwild/extracted/plantwild/images/corn rust/google_0008.jpg,Corn___Common_rust,"Pepper,_bell___healthy",0.447771
plantwild/extracted/plantwild/images/corn rust/google_0009.jpg,Corn___Common_rust,Corn___Northern_Leaf_Blight,0.885058
plantwild/extracted/plantwild/images/corn rust/google_0011.jpg,Corn___Common_rust,Corn___Common_rust,0.818670
plantwild/extracted/plantwild/images/corn rust/google_0012.jpg,Corn___Common_rust,Corn___Cercospora_leaf_spot Gray_leaf_spot,0.339753
plantwild/extracted/plantwild/images/corn rust/google_0013.jpg,Corn___Common_rust,Tomato___Late_blight,0.630790
plantwild/extracted/plantwild/images/corn rust/google_0014.jpg,Corn___Common_rust,Blueberry___healthy,0.319687
plantwild/extracted/plantwild/images/corn rust/google_0015.jpg,Corn___Common_rust,Corn___Cercospora_leaf_spot Gray_leaf_spot,0.970142
plantwild/extracted/plantwild/images/corn rust/google_0016.jpg,Corn___Common_rust,Corn___Cercospora_leaf_spot Gray_leaf_spot,0.807405
plantwild/extracted/plantwild/images/corn rust/google_0017.jpg,Corn___Common_rust,Corn___Cercospora_leaf_spot Gray_leaf_spot,0.808454
plantwild/extracted/plantwild/images/corn rust/google_0018.jpg,Corn___Common_rust,Corn___Cercospora_leaf_spot Gray_leaf_spot,0.725652
plantwild/extracted/plantwild/images/corn rust/google_0019.jpg,Corn___Common_rust,Corn___Cercospora_leaf_spot Gray_leaf_spot,0.786260
plantwild/extracted/plantwild/images/corn rust/google_0020.jpg,Corn___Common_rust,Corn___Northern_Leaf_Blight,0.677546
plantwild/extracted/plantwild/images/corn rust/google_0021.jpg,Corn___Common_rust,Corn___Cercospora_leaf_spot Gray_leaf_spot,0.967992
plantwild/extracted/plantwild/images/corn rust/google_0022.jpg,Corn___Common_rust,"Pepper,_bell___healthy",0.270846
plantwild/extracted/plantwild/images/corn rust/google_0024.jpg,Corn___Common_rust,Corn___Common_rust,0.877804
plantwild/extracted/plantwild/images/corn rust/google_0026.jpg,Corn___Common_rust,Corn___Cercospora_leaf_spot Gray_leaf_spot,0.962764
plantwild/extracted/plantwild/images/corn rust/google_0027.jpg,Corn___Common_rust,Corn___Cercospora_leaf_spot Gray_leaf_spot,0.924363
plantwild/extracted/plantwild/images/corn rust/google_0029.jpg,Corn___Common_rust,Corn___Cercospora_leaf_spot Gray_leaf_spot,0.929138
plantwild/extracted/plantwild/images/corn rust/google_0031.jpg,Corn___Common_rust,Corn___Common_rust,0.337633
plantwild/extracted/plantwild/images/corn rust/google_0032.jpg,Corn___Common_rust,Corn___Cercospora_leaf_spot Gray_leaf_spot,0.964073
plantwild/extracted/plantwild/images/corn rust/google_0034.jpg,Corn___Common_rust,Corn___Cercospora_leaf_spot Gray_leaf_spot,0.748120
plantwild/extracted/plantwild/images/corn rust/google_0035.jpg,Corn___Common_rust,Corn___Cercospora_leaf_spot Gray_leaf_spot,0.960578
plantwild/extracted/plantwild/images/corn rust/google_0037.jpg,Corn___Common_rust,Corn___Northern_Leaf_Blight,0.967669
plantwild/extracted/plantwild/images/corn rust/google_0039.jpg,Corn___Common_rust,Corn___Cercospora_leaf_spot Gray_leaf_spot,0.969029
plantwild/extracted/plantwild/images/corn rust/google_0040.jpg,Corn___Common_rust,Corn___Northern_Leaf_Blight,0.897739
plantwild/extracted/plantwild/images/corn rust/google_0042.jpg,Corn___Common_rust,Corn___Cercospora_leaf_spot Gray_leaf_spot,0.505554
plantwild/extracted/plantwild/images/corn rust/google_0044.jpg,Corn___Common_rust,Tomato___Late_blight,0.618165
plantwild/extracted/plantwild/images/corn rust/google_0045.jpg,Corn___Common_rust,Tomato___Leaf_Mold,0.148635
plantwild/extracted/plantwild/images/corn rust/google_0046.jpg,Corn___Common_rust,Corn___Cercospora_leaf_spot Gray_leaf_spot,0.651424
plantwild/extracted/plantwild/images/corn rust/google_0048.jpg,Corn___Common_rust,Corn___Common_rust,0.901796
plantwild/extracted/plantwild/images/corn rust/google_0049.jpg,Corn___Common_rust,Corn___Cercospora_leaf_spot Gray_leaf_spot,0.419302
plantwild/extracted/plantwild/images/corn rust/google_0050.jpg,Corn___Common_rust,Corn___Cercospora_leaf_spot Gray_leaf_spot,0.674796
plantwild/extracted/plantwild/images/corn rust/google_0052.jpg,Corn___Common_rust,Corn___Cercospora_leaf_spot Gray_leaf_spot,0.964244
plantwild/extracted/plantwild/images/corn rust/google_0053.jpg,Corn___Common_rust,Corn___healthy,0.939291
plantwild/extracted/plantwild/images/corn rust/google_0056.jpg,Corn___Common_rust,Corn___Cercospora_leaf_spot Gray_leaf_spot,0.959855
plantwild/extracted/plantwild/images/corn rust/google_0057.jpg,Corn___Common_rust,Corn___Cercospora_leaf_spot Gray_leaf_spot,0.360689
plantwild/extracted/plantwild/images/corn rust/google_0058.jpg,Corn___Common_rust,Corn___healthy,0.915378
plantwild/extracted/plantwild/images/corn rust/google_0059.jpg,Corn___Common_rust,Corn___Cercospora_leaf_spot Gray_leaf_spot,0.586359
plantwild/extracted/plantwild/images/corn rust/google_0061.jpg,Corn___Common_rust,"Pepper,_bell___healthy",0.878448
plantwild/extracted/plantwild/images/corn rust/google_0063.jpg,Corn___Common_rust,Corn___Northern_Leaf_Blight,0.952608
plantwild/extracted/plantwild/images/corn rust/google_0064.jpg,Corn___Common_rust,"Pepper,_bell___healthy",0.939502
plantwild/extracted/plantwild/images/corn rust/google_0066.jpg,Corn___Common_rust,Corn___Cercospora_leaf_spot Gray_leaf_spot,0.967176
plantwild/extracted/plantwild/images/corn rust/google_0067.jpg,Corn___Common_rust,Corn___healthy,0.653222
plantwild/extracted/plantwild/images/corn rust/google_0068.jpg,Corn___Common_rust,Corn___Cercospora_leaf_spot Gray_leaf_spot,0.963998
plantwild/extracted/plantwild/images/corn rust/google_0071.jpg,Corn___Common_rust,Corn___Northern_Leaf_Blight,0.681275
plantwild/extracted/plantwild/images/corn rust/google_0072.jpg,Corn___Common_rust,Apple___healthy,0.414731
plantwild/extracted/plantwild/images/corn rust/google_0074.jpg,Corn___Common_rust,Corn___Common_rust,0.153692
plantwild/extracted/plantwild/images/corn rust/google_0077.jpg,Corn___Common_rust,Corn___Cercospora_leaf_spot Gray_leaf_spot,0.811987
plantwild/extracted/plantwild/images/corn rust/google_0078.jpg,Corn___Common_rust,Corn___healthy,0.920095
plantwild/extracted/plantwild/images/corn rust/google_0079.jpg,Corn___Common_rust,Corn___Northern_Leaf_Blight,0.629219
plantwild/extracted/plantwild/images/corn rust/google_0080.jpg,Corn___Common_rust,Corn___Cercospora_leaf_spot Gray_leaf_spot,0.915643
plantwild/extracted/plantwild/images/corn rust/google_0081.jpg,Corn___Common_rust,Squash___Powdery_mildew,0.471600
plantwild/extracted/plantwild/images/corn rust/google_0082.jpg,Corn___Common_rust,Apple___Cedar_apple_rust,0.387860
plantwild/extracted/plantwild/images/corn rust/google_0084.jpg,Corn___Common_rust,Corn___Cercospora_leaf_spot Gray_leaf_spot,0.426359
plantwild/extracted/plantwild/images/corn rust/google_0086.jpg,Corn___Common_rust,Corn___Common_rust,0.689393
plantwild/extracted/plantwild/images/corn rust/google_0087.jpg,Corn___Common_rust,Corn___Cercospora_leaf_spot Gray_leaf_spot,0.971578
plantwild/extracted/plantwild/images/corn rust/google_0088.jpg,Corn___Common_rust,Corn___Cercospora_leaf_spot Gray_leaf_spot,0.968521
plantwild/extracted/plantwild/images/corn rust/google_0091.jpg,Corn___Common_rust,Corn___Cercospora_leaf_spot Gray_leaf_spot,0.955608
plantwild/extracted/plantwild/images/corn rust/google_0092.jpg,Corn___Common_rust,Corn___Cercospora_leaf_spot Gray_leaf_spot,0.817982
plantwild/extracted/plantwild/images/corn rust/google_0094.jpg,Corn___Common_rust,Corn___Cercospora_leaf_spot Gray_leaf_spot,0.973116
plantwild/extracted/plantwild/images/corn rust/google_0095.jpg,Corn___Common_rust,Corn___Northern_Leaf_Blight,0.727678
plantwild/extracted/plantwild/images/corn rust/google_0096.jpg,Corn___Common_rust,Corn___Northern_Leaf_Blight,0.936753
plantwild/extracted/plantwild/images/corn rust/google_0097.jpg,Corn___Common_rust,"Pepper,_bell___healthy",0.905898
plantwild/extracted/plantwild/images/corn rust/google_0098.jpg,Corn___Common_rust,Cherry___healthy,0.515954
plantwild/extracted/plantwild/images/corn rust/google_0100.jpg,Corn___Common_rust,Grape___Black_rot,0.558157
plantwild/extracted/plantwild/images/corn rust/google_0101.jpg,Corn___Common_rust,Corn___Cercospora_leaf_spot Gray_leaf_spot,0.931703
plantwild/extracted/plantwild/images/corn rust/google_0103.jpg,Corn___Common_rust,Corn___Northern_Leaf_Blight,0.971100
plantwild/extracted/plantwild/images/corn rust/google_0104.jpg,Corn___Common_rust,Corn___Cercospora_leaf_spot Gray_leaf_spot,0.931276
plantwild/extracted/plantwild/images/corn rust/google_0105.jpg,Corn___Common_rust,Corn___Northern_Leaf_Blight,0.841830
plantwild/extracted/plantwild/images/corn rust/google_0107.jpg,Corn___Common_rust,Corn___Common_rust,0.837344
plantwild/extracted/plantwild/images/corn rust/google_0108.jpg,Corn___Common_rust,"Pepper,_bell___healthy",0.528811
plantwild/extracted/plantwild/images/corn rust/google_0109.jpg,Corn___Common_rust,Corn___healthy,0.796834
plantwild/extracted/plantwild/images/corn rust/google_0112.jpg,Corn___Common_rust,Corn___Common_rust,0.886390
plantwild/extracted/plantwild/images/corn rust/google_0113.jpg,Corn___Common_rust,Peach___Bacterial_spot,0.360606
plantwild/extracted/plantwild/images/corn rust/google_0114.jpg,Corn___Common_rust,Apple___Black_rot,0.323199
plantwild/extracted/plantwild/images/corn rust/google_0115.jpg,Corn___Common_rust,Corn___Common_rust,0.722476
plantwild/extracted/plantwild/images/corn rust/google_0117.jpg,Corn___Common_rust,Corn___Northern_Leaf_Blight,0.938253
plantwild/extracted/plantwild/images/corn rust/google_0118.jpg,Corn___Common_rust,Corn___Northern_Leaf_Blight,0.529559
plantwild/extracted/plantwild/images/corn rust/google_0119.jpg,Corn___Common_rust,Corn___Cercospora_leaf_spot Gray_leaf_spot,0.516401
plantwild/extracted/plantwild/images/corn rust/google_0120.jpg,Corn___Common_rust,"Pepper,_bell___healthy",0.517154
plantwild/extracted/plantwild/images/corn rust/google_0121.jpg,Corn___Common_rust,Corn___healthy,0.928806
plantwild/extracted/plantwild/images/corn rust/google_0122.jpg,Corn___Common_rust,"Pepper,_bell___healthy",0.751171
plantwild/extracted/plantwild/images/corn rust/google_0123.jpg,Corn___Common_rust,Tomato___Early_blight,0.403037
plantwild/extracted/plantwild/images/corn rust/google_0124.jpg,Corn___Common_rust,Corn___Common_rust,0.841800
plantwild/extracted/plantwild/images/corn rust/google_0125.jpg,Corn___Common_rust,"Pepper,_bell___healthy",0.391618
plantwild/extracted/plantwild/images/corn rust/google_0127.jpg,Corn___Common_rust,"Pepper,_bell___healthy",0.426508
plantwild/extracted/plantwild/images/corn rust/google_0131.jpg,Corn___Common_rust,Tomato___Late_blight,0.404477
plantwild/extracted/plantwild/images/corn rust/google_0132.jpg,Corn___Common_rust,"Pepper,_bell___healthy",0.359023
plantwild/extracted/plantwild/images/corn rust/google_0133.jpg,Corn___Common_rust,Corn___Cercospora_leaf_spot Gray_leaf_spot,0.394651
plantwild/extracted/plantwild/images/corn rust/google_0134.jpg,Corn___Common_rust,Cherry___healthy,0.614687
plantwild/extracted/plantwild/images/corn rust/google_0137.jpg,Corn___Common_rust,Corn___Northern_Leaf_Blight,0.759960
plantwild/extracted/plantwild/images/corn rust/google_0139.jpg,Corn___Common_rust,Corn___Common_rust,0.339896
plantwild/extracted/plantwild/images/corn rust/google_0140.jpg,Corn___Common_rust,Corn___Common_rust,0.880459
plantwild/extracted/plantwild/images/corn rust/google_0141.jpg,Corn___Common_rust,Corn___Northern_Leaf_Blight,0.758105
plantwild/extracted/plantwild/images/corn rust/google_0142.jpg,Corn___Common_rust,Corn___Northern_Leaf_Blight,0.656000
plantwild/extracted/plantwild/images/corn rust/google_0144.jpg,Corn___Common_rust,Corn___healthy,0.564905
plantwild/extracted/plantwild/images/corn rust/google_0146.jpg,Corn___Common_rust,"Pepper,_bell___healthy",0.933552
plantwild/extracted/plantwild/images/corn rust/google_0148.jpg,Corn___Common_rust,"Pepper,_bell___healthy",0.885498
plantwild/extracted/plantwild/images/corn rust/google_0149.jpg,Corn___Common_rust,Tomato___Late_blight,0.643478
plantwild/extracted/plantwild/images/corn rust/google_0152.jpg,Corn___Common_rust,Corn___Common_rust,0.862895
plantwild/extracted/plantwild/images/corn rust/google_0153.jpg,Corn___Common_rust,Corn___healthy,0.932372
plantwild/extracted/plantwild/images/corn rust/google_0155.jpg,Corn___Common_rust,Corn___Common_rust,0.629343
plantwild/extracted/plantwild/images/corn rust/google_0156.jpg,Corn___Common_rust,Corn___Cercospora_leaf_spot Gray_leaf_spot,0.936739
plantwild/extracted/plantwild/images/corn rust/google_0157.jpg,Corn___Common_rust,Corn___Northern_Leaf_Blight,0.730159
plantwild/extracted/plantwild/images/corn rust/google_0160.jpg,Corn___Common_rust,Corn___Northern_Leaf_Blight,0.641004
plantwild/extracted/plantwild/images/corn rust/google_0161.jpg,Corn___Common_rust,Corn___Cercospora_leaf_spot Gray_leaf_spot,0.945812
plantwild/extracted/plantwild/images/corn rust/google_0162.jpg,Corn___Common_rust,Corn___Northern_Leaf_Blight,0.520511
plantwild/extracted/plantwild/images/corn rust/google_0163.jpg,Corn___Common_rust,Corn___Cercospora_leaf_spot Gray_leaf_spot,0.958460
plantwild/extracted/plantwild/images/corn rust/google_0165.jpg,Corn___Common_rust,Corn___Common_rust,0.463177
plantwild/extracted/plantwild/images/corn rust/google_0166.jpg,Corn___Common_rust,Corn___Common_rust,0.515685
plantwild/extracted/plantwild/images/corn rust/google_0168.jpg,Corn___Common_rust,Tomato___Early_blight,0.615874
plantwild/extracted/plantwild/images/corn rust/google_0170.jpg,Corn___Common_rust,Corn___Cercospora_leaf_spot Gray_leaf_spot,0.627526
plantwild/extracted/plantwild/images/corn rust/google_0171.jpg,Corn___Common_rust,Corn___Cercospora_leaf_spot Gray_leaf_spot,0.902340
plantwild/extracted/plantwild/images/corn rust/google_0172.jpg,Corn___Common_rust,Corn___Cercospora_leaf_spot Gray_leaf_spot,0.267570
plantwild/extracted/plantwild/images/corn rust/google_0173.jpg,Corn___Common_rust,Strawberry___Leaf_scorch,0.516463
plantwild/extracted/plantwild/images/corn rust/google_0174.jpg,Corn___Common_rust,"Pepper,_bell___healthy",0.924145
plantwild/extracted/plantwild/images/corn rust/google_0177.jpg,Corn___Common_rust,Corn___Cercospora_leaf_spot Gray_leaf_spot,0.575756
plantwild/extracted/plantwild/images/corn rust/google_0179.jpg,Corn___Common_rust,Tomato___Late_blight,0.578725
plantwild/extracted/plantwild/images/corn rust/google_0180.jpg,Corn___Common_rust,Corn___healthy,0.404647
plantwild/extracted/plantwild/images/corn rust/google_0181.jpg,Corn___Common_rust,Corn___Cercospora_leaf_spot Gray_leaf_spot,0.967479
plantwild/extracted/plantwild/images/corn rust/google_0182.jpg,Corn___Common_rust,"Pepper,_bell___healthy",0.630680
plantwild/extracted/plantwild/images/corn rust/google_0186.jpg,Corn___Common_rust,Corn___Common_rust,0.325652
plantwild/extracted/plantwild/images/corn rust/google_0190.jpg,Corn___Common_rust,Corn___Cercospora_leaf_spot Gray_leaf_spot,0.649381
plantwild/extracted/plantwild/images/corn rust/google_0191.jpg,Corn___Common_rust,Potato___healthy,0.695481
plantwild/extracted/plantwild/images/corn rust/google_0196.jpg,Corn___Common_rust,Corn___Common_rust,0.865205
plantwild/extracted/plantwild/images/corn rust/google_0197.jpg,Corn___Common_rust,Corn___Common_rust,0.300758
plantwild/extracted/plantwild/images/corn rust/google_0202.jpg,Corn___Common_rust,Corn___healthy,0.948323
plantwild/extracted/plantwild/images/corn rust/google_0203.jpg,Corn___Common_rust,Strawberry___Leaf_scorch,0.225693
plantwild/extracted/plantwild/images/corn rust/google_0205.jpg,Corn___Common_rust,Corn___Cercospora_leaf_spot Gray_leaf_spot,0.969637
plantwild/extracted/plantwild/images/corn rust/google_0207.jpg,Corn___Common_rust,Corn___Northern_Leaf_Blight,0.701313
plantwild/extracted/plantwild/images/corn rust/google_0208.jpg,Corn___Common_rust,Corn___Cercospora_leaf_spot Gray_leaf_spot,0.461118
plantwild/extracted/plantwild/images/corn rust/google_0211.jpg,Corn___Common_rust,Corn___Northern_Leaf_Blight,0.725483
plantwild/extracted/plantwild/images/corn rust/google_0212.jpg,Corn___Common_rust,"Pepper,_bell___healthy",0.809600
plantwild/extracted/plantwild/images/corn rust/google_0214.jpg,Corn___Common_rust,Corn___Cercospora_leaf_spot Gray_leaf_spot,0.459293
plantwild/extracted/plantwild/images/corn rust/google_0220.jpg,Corn___Common_rust,Corn___healthy,0.553866
plantwild/extracted/plantwild/images/corn rust/google_0224.jpg,Corn___Common_rust,Corn___Northern_Leaf_Blight,0.880656
plantwild/extracted/plantwild/images/corn rust/google_0227.jpg,Corn___Common_rust,Apple___healthy,0.221424
plantwild/extracted/plantwild/images/grape black rot/1.jpg,Grape___Black_rot,Tomato___Late_blight,0.780256
plantwild/extracted/plantwild/images/grape black rot/10.jpg,Grape___Black_rot,"Pepper,_bell___healthy",0.864912
plantwild/extracted/plantwild/images/grape black rot/100.jpg,Grape___Black_rot,Tomato___Late_blight,0.926704
plantwild/extracted/plantwild/images/grape black rot/102.jpg,Grape___Black_rot,"Pepper,_bell___healthy",0.243267
plantwild/extracted/plantwild/images/grape black rot/103.jpg,Grape___Black_rot,"Pepper,_bell___healthy",0.914683
plantwild/extracted/plantwild/images/grape black rot/11.jpg,Grape___Black_rot,Grape___Black_rot,0.954528
plantwild/extracted/plantwild/images/grape black rot/12.jpg,Grape___Black_rot,Strawberry___Leaf_scorch,0.958402
plantwild/extracted/plantwild/images/grape black rot/13.jpg,Grape___Black_rot,"Pepper,_bell___healthy",0.908132
plantwild/extracted/plantwild/images/grape black rot/141.jpg,Grape___Black_rot,Tomato___Early_blight,0.933498
plantwild/extracted/plantwild/images/grape black rot/149.jpg,Grape___Black_rot,Tomato___Late_blight,0.787866
plantwild/extracted/plantwild/images/grape black rot/15.jpg,Grape___Black_rot,"Pepper,_bell___healthy",0.610137
plantwild/extracted/plantwild/images/grape black rot/151.jpg,Grape___Black_rot,Strawberry___Leaf_scorch,0.960528
plantwild/extracted/plantwild/images/grape black rot/152.jpg,Grape___Black_rot,Tomato___Early_blight,0.327302
plantwild/extracted/plantwild/images/grape black rot/155.jpg,Grape___Black_rot,"Pepper,_bell___healthy",0.685258
plantwild/extracted/plantwild/images/grape black rot/156.jpg,Grape___Black_rot,"Pepper,_bell___healthy",0.591002
plantwild/extracted/plantwild/images/grape black rot/157.jpg,Grape___Black_rot,"Pepper,_bell___healthy",0.591002
plantwild/extracted/plantwild/images/grape black rot/158.jpg,Grape___Black_rot,Grape___Leaf_blight_(Isariopsis_Leaf_Spot),0.776524
plantwild/extracted/plantwild/images/grape black rot/159.jpg,Grape___Black_rot,Tomato___Late_blight,0.573982
plantwild/extracted/plantwild/images/grape black rot/170.jpg,Grape___Black_rot,"Pepper,_bell___healthy",0.718227
plantwild/extracted/plantwild/images/grape black rot/171.jpg,Grape___Black_rot,Strawberry___Leaf_scorch,0.524538
plantwild/extracted/plantwild/images/grape black rot/176.jpg,Grape___Black_rot,"Pepper,_bell___healthy",0.814832
plantwild/extracted/plantwild/images/grape black rot/177.jpg,Grape___Black_rot,"Pepper,_bell___healthy",0.620660
plantwild/extracted/plantwild/images/grape black rot/178.jpg,Grape___Black_rot,Tomato___Early_blight,0.688897
plantwild/extracted/plantwild/images/grape black rot/18.jpg,Grape___Black_rot,Grape___Black_rot,0.526450
plantwild/extracted/plantwild/images/grape black rot/180.jpg,Grape___Black_rot,Corn___Northern_Leaf_Blight,0.338907
plantwild/extracted/plantwild/images/grape black rot/181.jpg,Grape___Black_rot,Tomato___Late_blight,0.917655
plantwild/extracted/plantwild/images/grape black rot/19.jpg,Grape___Black_rot,Apple___Apple_scab,0.442833
plantwild/extracted/plantwild/images/grape black rot/191.jpg,Grape___Black_rot,Strawberry___Leaf_scorch,0.504072
plantwild/extracted/plantwild/images/grape black rot/193.jpg,Grape___Black_rot,"Pepper,_bell___healthy",0.664755
plantwild/extracted/plantwild/images/grape black rot/198.jpg,Grape___Black_rot,Tomato___Late_blight,0.966082
plantwild/extracted/plantwild/images/grape black rot/199.jpg,Grape___Black_rot,Tomato___Late_blight,0.960879
plantwild/extracted/plantwild/images/grape black rot/2.jpg,Grape___Black_rot,Strawberry___Leaf_scorch,0.646676
plantwild/extracted/plantwild/images/grape black rot/20 - Copy.jpg,Grape___Black_rot,Tomato___Late_blight,0.416373
plantwild/extracted/plantwild/images/grape black rot/20.jpg,Grape___Black_rot,Tomato___Late_blight,0.785959
plantwild/extracted/plantwild/images/grape black rot/200.jpg,Grape___Black_rot,"Pepper,_bell___healthy",0.415528
plantwild/extracted/plantwild/images/grape black rot/21.jpg,Grape___Black_rot,"Pepper,_bell___healthy",0.391396
plantwild/extracted/plantwild/images/grape black rot/213.jpg,Grape___Black_rot,Strawberry___Leaf_scorch,0.932138
plantwild/extracted/plantwild/images/grape black rot/216.jpg,Grape___Black_rot,"Pepper,_bell___healthy",0.401909
plantwild/extracted/plantwild/images/grape black rot/22 - Copy.jpg,Grape___Black_rot,Tomato___Early_blight,0.924694
plantwild/extracted/plantwild/images/grape black rot/22.jpg,Grape___Black_rot,Grape___Black_rot,0.926453
plantwild/extracted/plantwild/images/grape black rot/227.jpg,Grape___Black_rot,Grape___Leaf_blight_(Isariopsis_Leaf_Spot),0.855128
plantwild/extracted/plantwild/images/grape black rot/23.jpg,Grape___Black_rot,Strawberry___Leaf_scorch,0.946587
plantwild/extracted/plantwild/images/grape black rot/230.jpg,Grape___Black_rot,Corn___healthy,0.482588
plantwild/extracted/plantwild/images/grape black rot/25.jpg,Grape___Black_rot,Strawberry___Leaf_scorch,0.160797
plantwild/extracted/plantwild/images/grape black rot/26.jpg,Grape___Black_rot,"Pepper,_bell___healthy",0.945400
plantwild/extracted/plantwild/images/grape black rot/28.jpg,Grape___Black_rot,"Pepper,_bell___healthy",0.636336
plantwild/extracted/plantwild/images/grape black rot/29.jpg,Grape___Black_rot,"Pepper,_bell___healthy",0.674281
plantwild/extracted/plantwild/images/grape black rot/3.jpg,Grape___Black_rot,"Pepper,_bell___healthy",0.471997
plantwild/extracted/plantwild/images/grape black rot/31.jpg,Grape___Black_rot,Strawberry___Leaf_scorch,0.914963
plantwild/extracted/plantwild/images/grape black rot/32.jpg,Grape___Black_rot,Tomato___Late_blight,0.846344
plantwild/extracted/plantwild/images/grape black rot/33.jpg,Grape___Black_rot,"Pepper,_bell___healthy",0.965282
plantwild/extracted/plantwild/images/grape black rot/34.jpg,Grape___Black_rot,Tomato___Late_blight,0.922661
plantwild/extracted/plantwild/images/grape black rot/37.jpg,Grape___Black_rot,"Pepper,_bell___healthy",0.462607
plantwild/extracted/plantwild/images/grape black rot/38.jpg,Grape___Black_rot,Strawberry___Leaf_scorch,0.922479
plantwild/extracted/plantwild/images/grape black rot/39.jpg,Grape___Black_rot,Tomato___Late_blight,0.962746
plantwild/extracted/plantwild/images/grape black rot/4.jpg,Grape___Black_rot,Tomato___Late_blight,0.859941
plantwild/extracted/plantwild/images/grape black rot/40.jpg,Grape___Black_rot,"Pepper,_bell___healthy",0.459678
plantwild/extracted/plantwild/images/grape black rot/42.jpg,Grape___Black_rot,Tomato___Early_blight,0.964194
plantwild/extracted/plantwild/images/grape black rot/43.jpg,Grape___Black_rot,Tomato___Early_blight,0.964974
plantwild/extracted/plantwild/images/grape black rot/44.jpg,Grape___Black_rot,Grape___Black_rot,0.334396
plantwild/extracted/plantwild/images/grape black rot/45.jpg,Grape___Black_rot,Strawberry___Leaf_scorch,0.397592
plantwild/extracted/plantwild/images/grape black rot/46.jpg,Grape___Black_rot,Strawberry___Leaf_scorch,0.413971
plantwild/extracted/plantwild/images/grape black rot/49.jpg,Grape___Black_rot,Tomato___Late_blight,0.493394
plantwild/extracted/plantwild/images/grape black rot/5.jpg,Grape___Black_rot,Strawberry___Leaf_scorch,0.733882
plantwild/extracted/plantwild/images/grape black rot/50.jpg,Grape___Black_rot,Strawberry___Leaf_scorch,0.938910
plantwild/extracted/plantwild/images/grape black rot/51.jpg,Grape___Black_rot,Grape___Black_rot,0.505005
plantwild/extracted/plantwild/images/grape black rot/53.jpg,Grape___Black_rot,Tomato___Late_blight,0.963584
plantwild/extracted/plantwild/images/grape black rot/57.jpg,Grape___Black_rot,Tomato___Late_blight,0.790991
plantwild/extracted/plantwild/images/grape black rot/58.jpg,Grape___Black_rot,Tomato___Early_blight,0.941741
plantwild/extracted/plantwild/images/grape black rot/59.jpg,Grape___Black_rot,"Pepper,_bell___healthy",0.860519
plantwild/extracted/plantwild/images/grape black rot/6.jpg,Grape___Black_rot,"Pepper,_bell___healthy",0.674622
plantwild/extracted/plantwild/images/grape black rot/66.jpg,Grape___Black_rot,"Pepper,_bell___Bacterial_spot",0.921120
plantwild/extracted/plantwild/images/grape black rot/67.jpg,Grape___Black_rot,Tomato___Early_blight,0.220909
plantwild/extracted/plantwild/images/grape black rot/68.jpg,Grape___Black_rot,"Pepper,_bell___healthy",0.521169
plantwild/extracted/plantwild/images/grape black rot/69.jpg,Grape___Black_rot,Tomato___Late_blight,0.966276
plantwild/extracted/plantwild/images/grape black rot/7.jpg,Grape___Black_rot,Strawberry___Leaf_scorch,0.706862
plantwild/extracted/plantwild/images/grape black rot/74.jpg,Grape___Black_rot,Tomato___Early_blight,0.699979
plantwild/extracted/plantwild/images/grape black rot/75.jpg,Grape___Black_rot,Cherry___healthy,0.172941
plantwild/extracted/plantwild/images/grape black rot/76.jpg,Grape___Black_rot,"Pepper,_bell___healthy",0.622054
plantwild/extracted/plantwild/images/grape black rot/79.jpg,Grape___Black_rot,Potato___Early_blight,0.866652
plantwild/extracted/plantwild/images/grape black rot/8 - Copy (2).jpg,Grape___Black_rot,Tomato___Early_blight,0.958677
plantwild/extracted/plantwild/images/grape black rot/8 - Copy.jpg,Grape___Black_rot,Corn___Northern_Leaf_Blight,0.423561
plantwild/extracted/plantwild/images/grape black rot/8.jpg,Grape___Black_rot,Strawberry___Leaf_scorch,0.322941
plantwild/extracted/plantwild/images/grape black rot/9.jpg,Grape___Black_rot,Tomato___Early_blight,0.965149
plantwild/extracted/plantwild/images/grape black rot/91.jpg,Grape___Black_rot,"Pepper,_bell___healthy",0.485609
plantwild/extracted/plantwild/images/grape black rot/96.jpg,Grape___Black_rot,"Pepper,_bell___healthy",0.509777
plantwild/extracted/plantwild/images/grape black rot/98.jpg,Grape___Black_rot,Tomato___Late_blight,0.851423
plantwild/extracted/plantwild/images/grape black rot/google_0000.jpg,Grape___Black_rot,Tomato___Early_blight,0.416605
plantwild/extracted/plantwild/images/grape black rot/google_0001.jpg,Grape___Black_rot,Apple___Black_rot,0.421223
plantwild/extracted/plantwild/images/grape black rot/google_0002.jpg,Grape___Black_rot,Grape___Black_rot,0.750156
plantwild/extracted/plantwild/images/grape black rot/google_0003.jpg,Grape___Black_rot,Tomato___Early_blight,0.959486
plantwild/extracted/plantwild/images/grape black rot/google_0004.jpg,Grape___Black_rot,Apple___Black_rot,0.955844
plantwild/extracted/plantwild/images/grape black rot/google_0005.jpg,Grape___Black_rot,"Pepper,_bell___healthy",0.466778
plantwild/extracted/plantwild/images/grape black rot/google_0006.jpg,Grape___Black_rot,"Pepper,_bell___healthy",0.508953
plantwild/extracted/plantwild/images/grape black rot/google_0007.jpg,Grape___Black_rot,Peach___Bacterial_spot,0.895102
plantwild/extracted/plantwild/images/grape black rot/google_0008.jpg,Grape___Black_rot,Grape___Black_rot,0.423946
plantwild/extracted/plantwild/images/grape black rot/google_0009.jpg,Grape___Black_rot,Strawberry___Leaf_scorch,0.437695
plantwild/extracted/plantwild/images/grape black rot/google_0010.jpg,Grape___Black_rot,"Pepper,_bell___healthy",0.715010
plantwild/extracted/plantwild/images/grape black rot/google_0011.jpg,Grape___Black_rot,"Pepper,_bell___healthy",0.962937
plantwild/extracted/plantwild/images/grape black rot/google_0013.jpg,Grape___Black_rot,"Pepper,_bell___healthy",0.740781
plantwild/extracted/plantwild/images/grape black rot/google_0014 - Copy.jpg,Grape___Black_rot,Strawberry___Leaf_scorch,0.959818
plantwild/extracted/plantwild/images/grape black rot/google_0014.jpg,Grape___Black_rot,"Pepper,_bell___healthy",0.490087
plantwild/extracted/plantwild/images/grape black rot/google_0015.jpg,Grape___Black_rot,Grape___Black_rot,0.964570
plantwild/extracted/plantwild/images/grape black rot/google_0017.jpg,Grape___Black_rot,Apple___healthy,0.234832
plantwild/extracted/plantwild/images/grape black rot/google_0018.jpg,Grape___Black_rot,Strawberry___Leaf_scorch,0.884980
plantwild/extracted/plantwild/images/grape black rot/google_0019.jpg,Grape___Black_rot,"Pepper,_bell___healthy",0.962979
plantwild/extracted/plantwild/images/grape black rot/google_0021.jpg,Grape___Black_rot,"Pepper,_bell___healthy",0.861766
plantwild/extracted/plantwild/images/grape black rot/google_0023.jpg,Grape___Black_rot,"Pepper,_bell___healthy",0.909056
plantwild/extracted/plantwild/images/grape black rot/google_0024.jpg,Grape___Black_rot,Strawberry___Leaf_scorch,0.942809
plantwild/extracted/plantwild/images/grape black rot/google_0027.jpg,Grape___Black_rot,"Pepper,_bell___healthy",0.787548
plantwild/extracted/plantwild/images/grape black rot/google_0028.jpg,Grape___Black_rot,"Pepper,_bell___healthy",0.734618
plantwild/extracted/plantwild/images/grape black rot/google_0029.jpg,Grape___Black_rot,Grape___Black_rot,0.952419
plantwild/extracted/plantwild/images/grape black rot/google_0031.jpg,Grape___Black_rot,Cherry___healthy,0.487227
plantwild/extracted/plantwild/images/grape black rot/google_0032.jpg,Grape___Black_rot,Tomato___Early_blight,0.934811
plantwild/extracted/plantwild/images/grape black rot/google_0033.jpg,Grape___Black_rot,Strawberry___Leaf_scorch,0.625220
plantwild/extracted/plantwild/images/grape black rot/google_0034.jpg,Grape___Black_rot,Apple___Black_rot,0.225361
plantwild/extracted/plantwild/images/grape black rot/google_0035.jpg,Grape___Black_rot,"Pepper,_bell___healthy",0.747036
plantwild/extracted/plantwild/images/grape black rot/google_0036 - Copy.jpg,Grape___Black_rot,Strawberry___Leaf_scorch,0.703837
plantwild/extracted/plantwild/images/grape black rot/google_0036.jpg,Grape___Black_rot,Grape___Black_rot,0.384648
plantwild/extracted/plantwild/images/grape black rot/google_0037.jpg,Grape___Black_rot,Squash___Powdery_mildew,0.703703
plantwild/extracted/plantwild/images/grape black rot/google_0038.jpg,Grape___Black_rot,Corn___Cercospora_leaf_spot Gray_leaf_spot,0.793100
plantwild/extracted/plantwild/images/grape black rot/google_0039.jpg,Grape___Black_rot,Apple___Black_rot,0.866286
plantwild/extracted/plantwild/images/grape black rot/google_0040.jpg,Grape___Black_rot,"Pepper,_bell___healthy",0.884077
plantwild/extracted/plantwild/images/grape black rot/google_0041.jpg,Grape___Black_rot,Tomato___Early_blight,0.968733
plantwild/extracted/plantwild/images/grape black rot/google_0043.jpg,Grape___Black_rot,Tomato___Early_blight,0.503315
plantwild/extracted/plantwild/images/grape black rot/google_0044.jpg,Grape___Black_rot,"Pepper,_bell___healthy",0.892366
plantwild/extracted/plantwild/images/grape black rot/google_0046.jpg,Grape___Black_rot,Cherry___healthy,0.431573
plantwild/extracted/plantwild/images/grape black rot/google_0049.jpg,Grape___Black_rot,Strawberry___Leaf_scorch,0.904574
plantwild/extracted/plantwild/images/grape black rot/google_0050.jpg,Grape___Black_rot,Tomato___Early_blight,0.925791
plantwild/extracted/plantwild/images/grape black rot/google_0051.jpg,Grape___Black_rot,Tomato___Early_blight,0.970124
plantwild/extracted/plantwild/images/grape black rot/google_0052.jpg,Grape___Black_rot,Cherry___healthy,0.871498
plantwild/extracted/plantwild/images/grape black rot/google_0053 - Copy.jpg,Grape___Black_rot,"Pepper,_bell___healthy",0.420579
plantwild/extracted/plantwild/images/grape black rot/google_0053.jpg,Grape___Black_rot,"Pepper,_bell___healthy",0.582786
plantwild/extracted/plantwild/images/grape black rot/google_0059.jpg,Grape___Black_rot,Tomato___Early_blight,0.461186
plantwild/extracted/plantwild/images/grape black rot/google_0061.jpg,Grape___Black_rot,Grape___Black_rot,0.579234
plantwild/extracted/plantwild/images/grape black rot/google_0063.jpg,Grape___Black_rot,"Pepper,_bell___healthy",0.959196
plantwild/extracted/plantwild/images/grape black rot/google_0064.jpg,Grape___Black_rot,"Pepper,_bell___healthy",0.963172
plantwild/extracted/plantwild/images/grape black rot/google_0066.jpg,Grape___Black_rot,Peach___Bacterial_spot,0.494220
plantwild/extracted/plantwild/images/grape black rot/google_0067.jpg,Grape___Black_rot,"Pepper,_bell___healthy",0.467551
plantwild/extracted/plantwild/images/grape black rot/google_0068.jpg,Grape___Black_rot,Strawberry___Leaf_scorch,0.786080
plantwild/extracted/plantwild/images/grape black rot/google_0069.jpg,Grape___Black_rot,"Pepper,_bell___healthy",0.946609
plantwild/extracted/plantwild/images/grape black rot/google_0071.jpg,Grape___Black_rot,Strawberry___Leaf_scorch,0.571763
plantwild/extracted/plantwild/images/grape black rot/google_0072.jpg,Grape___Black_rot,Apple___Black_rot,0.492374
plantwild/extracted/plantwild/images/grape black rot/google_0075.jpg,Grape___Black_rot,Cherry___healthy,0.581752
plantwild/extracted/plantwild/images/grape black rot/google_0077.jpg,Grape___Black_rot,"Pepper,_bell___healthy",0.807989
plantwild/extracted/plantwild/images/grape black rot/google_0080.jpg,Grape___Black_rot,Tomato___Late_blight,0.914968
plantwild/extracted/plantwild/images/grape black rot/google_0081.jpg,Grape___Black_rot,"Pepper,_bell___healthy",0.796078
plantwild/extracted/plantwild/images/grape black rot/google_0083.jpg,Grape___Black_rot,Tomato___Late_blight,0.766476
plantwild/extracted/plantwild/images/grape black rot/google_0084.jpg,Grape___Black_rot,Corn___Northern_Leaf_Blight,0.953329
plantwild/extracted/plantwild/images/grape black rot/google_0085.jpg,Grape___Black_rot,"Pepper,_bell___healthy",0.416288
plantwild/extracted/plantwild/images/grape black rot/google_0087.jpg,Grape___Black_rot,Peach___Bacterial_spot,0.957016
plantwild/extracted/plantwild/images/grape black rot/google_0088.jpg,Grape___Black_rot,Tomato___Late_blight,0.969880
plantwild/extracted/plantwild/images/grape black rot/google_0089.jpg,Grape___Black_rot,Tomato___Late_blight,0.334918
plantwild/extracted/plantwild/images/grape black rot/google_0090.jpg,Grape___Black_rot,Tomato___Early_blight,0.918584
plantwild/extracted/plantwild/images/grape black rot/google_0092.jpg,Grape___Black_rot,"Pepper,_bell___healthy",0.860520
plantwild/extracted/plantwild/images/grape black rot/google_0093.jpg,Grape___Black_rot,Tomato___Early_blight,0.968774
plantwild/extracted/plantwild/images/grape black rot/google_0095.jpg,Grape___Black_rot,Corn___Common_rust,0.569441
plantwild/extracted/plantwild/images/grape black rot/google_0096.jpg,Grape___Black_rot,Apple___Black_rot,0.945346
plantwild/extracted/plantwild/images/grape black rot/google_0097.jpg,Grape___Black_rot,"Pepper,_bell___healthy",0.814314
plantwild/extracted/plantwild/images/grape black rot/google_0101.jpg,Grape___Black_rot,"Pepper,_bell___Bacterial_spot",0.300816
plantwild/extracted/plantwild/images/grape black rot/google_0103.jpg,Grape___Black_rot,Tomato___Late_blight,0.881482
plantwild/extracted/plantwild/images/grape black rot/google_0104.jpg,Grape___Black_rot,Tomato___Early_blight,0.543529
plantwild/extracted/plantwild/images/grape black rot/google_0108.jpg,Grape___Black_rot,Strawberry___Leaf_scorch,0.965445
plantwild/extracted/plantwild/images/grape black rot/google_0110.jpg,Grape___Black_rot,Grape___Black_rot,0.743969
plantwild/extracted/plantwild/images/grape black rot/google_0111.jpg,Grape___Black_rot,Grape___Esca_(Black_Measles),0.910950
plantwild/extracted/plantwild/images/grape black rot/google_0118.jpg,Grape___Black_rot,Strawberry___Leaf_scorch,0.855957
plantwild/extracted/plantwild/images/grape black rot/google_0119.jpg,Grape___Black_rot,Tomato___Early_blight,0.960350
plantwild/extracted/plantwild/images/grape black rot/google_0123.jpg,Grape___Black_rot,Strawberry___Leaf_scorch,0.949529
plantwild/extracted/plantwild/images/grape black rot/google_0124.jpg,Grape___Black_rot,Apple___Black_rot,0.487012
plantwild/extracted/plantwild/images/grape black rot/google_0128.jpg,Grape___Black_rot,Strawberry___Leaf_scorch,0.368085
plantwild/extracted/plantwild/images/grape black rot/google_0129.jpg,Grape___Black_rot,Squash___Powdery_mildew,0.328315
plantwild/extracted/plantwild/images/grape black rot/google_0130.jpg,Grape___Black_rot,Tomato___Early_blight,0.971803
plantwild/extracted/plantwild/images/grape black rot/google_0131.jpg,Grape___Black_rot,Cherry___healthy,0.941749
plantwild/extracted/plantwild/images/grape black rot/google_0132.jpg,Grape___Black_rot,Strawberry___Leaf_scorch,0.906446
plantwild/extracted/plantwild/images/grape black rot/google_0133 - Copy (2).jpg,Grape___Black_rot,Tomato___Late_blight,0.908836
plantwild/extracted/plantwild/images/grape black rot/google_0133 - Copy.jpg,Grape___Black_rot,Tomato___Late_blight,0.966513
plantwild/extracted/plantwild/images/grape black rot/google_0133.jpg,Grape___Black_rot,Tomato___Late_blight,0.964267
plantwild/extracted/plantwild/images/grape black rot/google_0134.jpg,Grape___Black_rot,"Pepper,_bell___healthy",0.908447
plantwild/extracted/plantwild/images/grape black rot/google_0135.jpg,Grape___Black_rot,"Pepper,_bell___healthy",0.889679
plantwild/extracted/plantwild/images/grape black rot/google_0142.jpg,Grape___Black_rot,Strawberry___Leaf_scorch,0.939634
plantwild/extracted/plantwild/images/grape black rot/google_0143.jpg,Grape___Black_rot,"Pepper,_bell___healthy",0.822238
plantwild/extracted/plantwild/images/grape black rot/google_0147.jpg,Grape___Black_rot,Strawberry___Leaf_scorch,0.786130
plantwild/extracted/plantwild/images/grape black rot/google_0149.jpg,Grape___Black_rot,Grape___healthy,0.483304
plantwild/extracted/plantwild/images/grape black rot/google_0151.jpg,Grape___Black_rot,Cherry___healthy,0.260543
plantwild/extracted/plantwild/images/grape black rot/google_0153.jpg,Grape___Black_rot,Grape___Black_rot,0.721031
plantwild/extracted/plantwild/images/grape black rot/google_0156.jpg,Grape___Black_rot,"Pepper,_bell___healthy",0.941745
plantwild/extracted/plantwild/images/grape black rot/google_0158.jpg,Grape___Black_rot,"Pepper,_bell___healthy",0.727723
plantwild/extracted/plantwild/images/grape black rot/google_0161.jpg,Grape___Black_rot,"Pepper,_bell___healthy",0.926523
plantwild/extracted/plantwild/images/grape black rot/google_0162.jpg,Grape___Black_rot,Tomato___Late_blight,0.969450
plantwild/extracted/plantwild/images/grape black rot/google_0166.jpg,Grape___Black_rot,"Pepper,_bell___healthy",0.918642
plantwild/extracted/plantwild/images/grape black rot/google_0171.jpg,Grape___Black_rot,Tomato___Early_blight,0.930848
plantwild/extracted/plantwild/images/grape black rot/google_0183.jpg,Grape___Black_rot,Tomato___Early_blight,0.959476
plantwild/extracted/plantwild/images/grape black rot/google_0186.jpg,Grape___Black_rot,Cherry___healthy,0.243159
plantwild/extracted/plantwild/images/grape black rot/google_0188.jpg,Grape___Black_rot,Cherry___healthy,0.223822
plantwild/extracted/plantwild/images/grape black rot/google_0197.jpg,Grape___Black_rot,Grape___Black_rot,0.965004
plantwild/extracted/plantwild/images/grape black rot/google_0202.jpg,Grape___Black_rot,Tomato___Early_blight,0.967933
plantwild/extracted/plantwild/images/grape black rot/google_0204.jpg,Grape___Black_rot,"Pepper,_bell___healthy",0.789918
plantwild/extracted/plantwild/images/grape black rot/google_0209.jpg,Grape___Black_rot,Tomato___Late_blight,0.793305
plantwild/extracted/plantwild/images/grape black rot/google_0219.jpg,Grape___Black_rot,Grape___Black_rot,0.636974
plantwild/extracted/plantwild/images/grape black rot/google_0220.jpg,Grape___Black_rot,Grape___Black_rot,0.969940
plantwild/extracted/plantwild/images/grape black rot/google_0222.jpg,Grape___Black_rot,Tomato___Late_blight,0.941053
plantwild/extracted/plantwild/images/grape black rot/google_0223.jpg,Grape___Black_rot,Strawberry___Leaf_scorch,0.811025
plantwild/extracted/plantwild/images/grape black rot/google_0230.jpg,Grape___Black_rot,Tomato___Early_blight,0.925496
plantwild/extracted/plantwild/images/grape black rot/google_0233.jpg,Grape___Black_rot,"Pepper,_bell___healthy",0.940995
plantwild/extracted/plantwild/images/grape black rot/google_0234.jpg,Grape___Black_rot,Strawberry___Leaf_scorch,0.479607
plantwild/extracted/plantwild/images/grape black rot/google_0237.jpg,Grape___Black_rot,Cherry___healthy,0.691880
plantwild/extracted/plantwild/images/grape black rot/google_0239.jpg,Grape___Black_rot,Tomato___Early_blight,0.968576
plantwild/extracted/plantwild/images/grape black rot/google_0258.jpg,Grape___Black_rot,Grape___Black_rot,0.968727
plantwild/extracted/plantwild/images/grape black rot/google_0260.jpg,Grape___Black_rot,"Pepper,_bell___healthy",0.895137
plantwild/extracted/plantwild/images/grape black rot/google_0262.jpg,Grape___Black_rot,Tomato___Early_blight,0.832110
plantwild/extracted/plantwild/images/grape black rot/google_0269.jpg,Grape___Black_rot,Tomato___Early_blight,0.968128
plantwild/extracted/plantwild/images/grape black rot/google_0278 - Copy.jpg,Grape___Black_rot,Tomato___Late_blight,0.934128
plantwild/extracted/plantwild/images/grape black rot/google_0278.jpg,Grape___Black_rot,Tomato___Late_blight,0.746153
plantwild/extracted/plantwild/images/grape black rot/google_0283.jpg,Grape___Black_rot,Tomato___Late_blight,0.872297
plantwild/extracted/plantwild/images/grape black rot/google_0285.jpg,Grape___Black_rot,Tomato___Early_blight,0.551267
plantwild/extracted/plantwild/images/grape black rot/google_0286.jpg,Grape___Black_rot,Tomato___Late_blight,0.668718
plantwild/extracted/plantwild/images/grape black rot/google_0289.jpg,Grape___Black_rot,Tomato___Early_blight,0.768570
plantwild/extracted/plantwild/images/grape black rot/google_0291.jpg,Grape___Black_rot,"Pepper,_bell___healthy",0.547520
plantwild/extracted/plantwild/images/grape black rot/google_0293.jpg,Grape___Black_rot,Strawberry___Leaf_scorch,0.753723
plantwild/extracted/plantwild/images/grape black rot/google_0303.jpg,Grape___Black_rot,Potato___Early_blight,0.919048
plantwild/extracted/plantwild/images/grape black rot/google_0307.jpg,Grape___Black_rot,"Pepper,_bell___healthy",0.932634
plantwild/extracted/plantwild/images/grape black rot/google_0310.jpg,Grape___Black_rot,Grape___Black_rot,0.967377
plantwild/extracted/plantwild/images/grape black rot/google_0320 - Copy.jpg,Grape___Black_rot,Tomato___Late_blight,0.965533
plantwild/extracted/plantwild/images/grape black rot/google_0320.jpg,Grape___Black_rot,Tomato___Early_blight,0.967720
plantwild/extracted/plantwild/images/grape black rot/google_0325.jpg,Grape___Black_rot,"Pepper,_bell___Bacterial_spot",0.776346
plantwild/extracted/plantwild/images/grape black rot/google_0330.jpg,Grape___Black_rot,Strawberry___Leaf_scorch,0.810842
plantwild/extracted/plantwild/images/grape black rot/google_0332.jpg,Grape___Black_rot,"Pepper,_bell___healthy",0.762045
plantwild/extracted/plantwild/images/grape black rot/google_0341.jpg,Grape___Black_rot,Grape___Black_rot,0.968230
plantwild/extracted/plantwild/images/grape black rot/google_0356.jpg,Grape___Black_rot,"Pepper,_bell___healthy",0.944723
plantwild/extracted/plantwild/images/grape leaf/1.jpg,Grape___healthy,Strawberry___Leaf_scorch,0.200041
plantwild/extracted/plantwild/images/grape leaf/10.jpg,Grape___healthy,Cherry___healthy,0.865130
plantwild/extracted/plantwild/images/grape leaf/101.jpg,Grape___healthy,Tomato___Early_blight,0.843072
plantwild/extracted/plantwild/images/grape leaf/102.jpg,Grape___healthy,Tomato___Tomato_Yellow_Leaf_Curl_Virus,0.628896
plantwild/extracted/plantwild/images/grape leaf/103.jpg,Grape___healthy,"Pepper,_bell___healthy",0.633673
plantwild/extracted/plantwild/images/grape leaf/104.jpg,Grape___healthy,Blueberry___healthy,0.478701
plantwild/extracted/plantwild/images/grape leaf/105.jpg,Grape___healthy,Blueberry___healthy,0.691245
plantwild/extracted/plantwild/images/grape leaf/106.jpg,Grape___healthy,"Pepper,_bell___healthy",0.443605
plantwild/extracted/plantwild/images/grape leaf/107.jpg,Grape___healthy,"Pepper,_bell___healthy",0.944623
plantwild/extracted/plantwild/images/grape leaf/108.jpg,Grape___healthy,Corn___healthy,0.947168
plantwild/extracted/plantwild/images/grape leaf/109.jpg,Grape___healthy,"Pepper,_bell___healthy",0.740102
plantwild/extracted/plantwild/images/grape leaf/11.jpg,Grape___healthy,"Pepper,_bell___healthy",0.614723
plantwild/extracted/plantwild/images/grape leaf/110.jpg,Grape___healthy,Blueberry___healthy,0.688686
plantwild/extracted/plantwild/images/grape leaf/111.jpg,Grape___healthy,"Pepper,_bell___healthy",0.951478
plantwild/extracted/plantwild/images/grape leaf/112.jpg,Grape___healthy,Tomato___Tomato_Yellow_Leaf_Curl_Virus,0.607634
plantwild/extracted/plantwild/images/grape leaf/113.jpg,Grape___healthy,"Pepper,_bell___healthy",0.405601
plantwild/extracted/plantwild/images/grape leaf/114.jpg,Grape___healthy,"Pepper,_bell___healthy",0.207138
plantwild/extracted/plantwild/images/grape leaf/117.jpg,Grape___healthy,"Pepper,_bell___healthy",0.534077
plantwild/extracted/plantwild/images/grape leaf/12.jpg,Grape___healthy,Corn___healthy,0.910157
plantwild/extracted/plantwild/images/grape leaf/122.jpg,Grape___healthy,Corn___healthy,0.462440
plantwild/extracted/plantwild/images/grape leaf/123.jpg,Grape___healthy,Peach___Bacterial_spot,0.712704
plantwild/extracted/plantwild/images/grape leaf/124.jpg,Grape___healthy,"Pepper,_bell___healthy",0.957924
plantwild/extracted/plantwild/images/grape leaf/125.jpg,Grape___healthy,Blueberry___healthy,0.319060
plantwild/extracted/plantwild/images/grape leaf/127.jpg,Grape___healthy,Corn___healthy,0.197040
plantwild/extracted/plantwild/images/grape leaf/128.jpg,Grape___healthy,Blueberry___healthy,0.252499
plantwild/extracted/plantwild/images/grape leaf/129.jpg,Grape___healthy,"Pepper,_bell___healthy",0.473739
plantwild/extracted/plantwild/images/grape leaf/13.jpg,Grape___healthy,Corn___healthy,0.569370
plantwild/extracted/plantwild/images/grape leaf/130.jpg,Grape___healthy,"Pepper,_bell___healthy",0.757932
plantwild/extracted/plantwild/images/grape leaf/131.jpg,Grape___healthy,Tomato___Tomato_mosaic_virus,0.589693
plantwild/extracted/plantwild/images/grape leaf/132.jpg,Grape___healthy,Grape___healthy,0.930983
plantwild/extracted/plantwild/images/grape leaf/133.jpg,Grape___healthy,Corn___healthy,0.378236
plantwild/extracted/plantwild/images/grape leaf/134.jpg,Grape___healthy,Blueberry___healthy,0.676208
plantwild/extracted/plantwild/images/grape leaf/135.jpg,Grape___healthy,Corn___healthy,0.430446
plantwild/extracted/plantwild/images/grape leaf/136.jpg,Grape___healthy,Blueberry___healthy,0.816643
plantwild/extracted/plantwild/images/grape leaf/137.jpg,Grape___healthy,Raspberry___healthy,0.702966
plantwild/extracted/plantwild/images/grape leaf/138.jpg,Grape___healthy,Blueberry___healthy,0.871144
plantwild/extracted/plantwild/images/grape leaf/139.jpg,Grape___healthy,"Pepper,_bell___healthy",0.959063
plantwild/extracted/plantwild/images/grape leaf/14.jpg,Grape___healthy,Squash___Powdery_mildew,0.651488
plantwild/extracted/plantwild/images/grape leaf/140.jpg,Grape___healthy,Blueberry___healthy,0.477130
plantwild/extracted/plantwild/images/grape leaf/141.jpg,Grape___healthy,Blueberry___healthy,0.329870
plantwild/extracted/plantwild/images/grape leaf/142.jpg,Grape___healthy,Tomato___Tomato_Yellow_Leaf_Curl_Virus,0.538761
plantwild/extracted/plantwild/images/grape leaf/143.jpg,Grape___healthy,"Pepper,_bell___healthy",0.585997
plantwild/extracted/plantwild/images/grape leaf/144.jpg,Grape___healthy,"Pepper,_bell___healthy",0.459017
plantwild/extracted/plantwild/images/grape leaf/145.jpg,Grape___healthy,Corn___healthy,0.901435
plantwild/extracted/plantwild/images/grape leaf/146.jpg,Grape___healthy,"Pepper,_bell___healthy",0.970254
plantwild/extracted/plantwild/images/grape leaf/147.jpg,Grape___healthy,Corn___healthy,0.874314
plantwild/extracted/plantwild/images/grape leaf/148.jpg,Grape___healthy,Blueberry___healthy,0.279196
plantwild/extracted/plantwild/images/grape leaf/149.jpg,Grape___healthy,"Pepper,_bell___healthy",0.866485
plantwild/extracted/plantwild/images/grape leaf/15.jpg,Grape___healthy,Corn___healthy,0.743926
plantwild/extracted/plantwild/images/grape leaf/150.jpg,Grape___healthy,Cherry___healthy,0.374919
plantwild/extracted/plantwild/images/grape leaf/151.jpg,Grape___healthy,"Pepper,_bell___healthy",0.970848
plantwild/extracted/plantwild/images/grape leaf/152.jpg,Grape___healthy,Tomato___Late_blight,0.170445
plantwild/extracted/plantwild/images/grape leaf/154.jpg,Grape___healthy,"Pepper,_bell___healthy",0.850233
plantwild/extracted/plantwild/images/grape leaf/155.jpg,Grape___healthy,Peach___healthy,0.566114
plantwild/extracted/plantwild/images/grape leaf/156.jpg,Grape___healthy,Cherry___healthy,0.787477
plantwild/extracted/plantwild/images/grape leaf/157.jpg,Grape___healthy,Blueberry___healthy,0.918939
plantwild/extracted/plantwild/images/grape leaf/158.jpg,Grape___healthy,"Pepper,_bell___healthy",0.331833
plantwild/extracted/plantwild/images/grape leaf/159.jpg,Grape___healthy,"Pepper,_bell___healthy",0.940003
plantwild/extracted/plantwild/images/grape leaf/163.jpg,Grape___healthy,"Pepper,_bell___healthy",0.911166
plantwild/extracted/plantwild/images/grape leaf/164.jpg,Grape___healthy,"Pepper,_bell___healthy",0.495622
plantwild/extracted/plantwild/images/grape leaf/165.jpg,Grape___healthy,Blueberry___healthy,0.406785
plantwild/extracted/plantwild/images/grape leaf/166.jpg,Grape___healthy,"Pepper,_bell___healthy",0.593414
plantwild/extracted/plantwild/images/grape leaf/167.jpg,Grape___healthy,Corn___healthy,0.654499
plantwild/extracted/plantwild/images/grape leaf/168.jpg,Grape___healthy,"Pepper,_bell___healthy",0.654619
plantwild/extracted/plantwild/images/grape leaf/169.jpg,Grape___healthy,"Pepper,_bell___healthy",0.880360
plantwild/extracted/plantwild/images/grape leaf/17.jpg,Grape___healthy,Strawberry___Leaf_scorch,0.655748
plantwild/extracted/plantwild/images/grape leaf/170.jpg,Grape___healthy,Corn___healthy,0.470327
plantwild/extracted/plantwild/images/grape leaf/171.jpg,Grape___healthy,"Pepper,_bell___healthy",0.580435
plantwild/extracted/plantwild/images/grape leaf/172.jpg,Grape___healthy,Corn___healthy,0.363595
plantwild/extracted/plantwild/images/grape leaf/173.jpg,Grape___healthy,"Pepper,_bell___healthy",0.849038
plantwild/extracted/plantwild/images/grape leaf/174.jpg,Grape___healthy,"Pepper,_bell___healthy",0.958020
plantwild/extracted/plantwild/images/grape leaf/175.jpg,Grape___healthy,Squash___Powdery_mildew,0.959004
plantwild/extracted/plantwild/images/grape leaf/177.jpg,Grape___healthy,Strawberry___Leaf_scorch,0.621074
plantwild/extracted/plantwild/images/grape leaf/178.jpg,Grape___healthy,Blueberry___healthy,0.764947
plantwild/extracted/plantwild/images/grape leaf/179.jpg,Grape___healthy,Cherry___healthy,0.360566
plantwild/extracted/plantwild/images/grape leaf/18.jpg,Grape___healthy,Corn___healthy,0.898836
plantwild/extracted/plantwild/images/grape leaf/181.jpg,Grape___healthy,"Pepper,_bell___healthy",0.934915
plantwild/extracted/plantwild/images/grape leaf/19.jpg,Grape___healthy,"Pepper,_bell___healthy",0.623160
plantwild/extracted/plantwild/images/grape leaf/2.jpg,Grape___healthy,"Pepper,_bell___healthy",0.469063
plantwild/extracted/plantwild/images/grape leaf/20.jpg,Grape___healthy,Squash___Powdery_mildew,0.591730
plantwild/extracted/plantwild/images/grape leaf/21.jpg,Grape___healthy,Raspberry___healthy,0.816605
plantwild/extracted/plantwild/images/grape leaf/22.jpg,Grape___healthy,Cherry___healthy,0.850100
plantwild/extracted/plantwild/images/grape leaf/23.jpg,Grape___healthy,Blueberry___healthy,0.288084
plantwild/extracted/plantwild/images/grape leaf/24.jpg,Grape___healthy,Grape___healthy,0.665104
plantwild/extracted/plantwild/images/grape leaf/25.jpg,Grape___healthy,Grape___healthy,0.512758
plantwild/extracted/plantwild/images/grape leaf/26.jpg,Grape___healthy,Cherry___healthy,0.126393
plantwild/extracted/plantwild/images/grape leaf/28.jpg,Grape___healthy,Squash___Powdery_mildew,0.374588
plantwild/extracted/plantwild/images/grape leaf/29.jpg,Grape___healthy,"Pepper,_bell___healthy",0.679321
plantwild/extracted/plantwild/images/grape leaf/3.jpg,Grape___healthy,Blueberry___healthy,0.471291
plantwild/extracted/plantwild/images/grape leaf/30.jpg,Grape___healthy,Blueberry___healthy,0.835430
plantwild/extracted/plantwild/images/grape leaf/32.jpg,Grape___healthy,Blueberry___healthy,0.236214
plantwild/extracted/plantwild/images/grape leaf/33.jpg,Grape___healthy,"Pepper,_bell___healthy",0.846734
plantwild/extracted/plantwild/images/grape leaf/34.jpg,Grape___healthy,Grape___Black_rot,0.870813
plantwild/extracted/plantwild/images/grape leaf/35.jpg,Grape___healthy,Apple___Apple_scab,0.772753
plantwild/extracted/plantwild/images/grape leaf/36.jpg,Grape___healthy,Corn___healthy,0.742891
plantwild/extracted/plantwild/images/grape leaf/37.jpg,Grape___healthy,Squash___Powdery_mildew,0.261960
plantwild/extracted/plantwild/images/grape leaf/38.jpg,Grape___healthy,Blueberry___healthy,0.797321
plantwild/extracted/plantwild/images/grape leaf/39.jpg,Grape___healthy,Tomato___Septoria_leaf_spot,0.932456
plantwild/extracted/plantwild/images/grape leaf/4.jpg,Grape___healthy,Grape___healthy,0.737637
plantwild/extracted/plantwild/images/grape leaf/40.jpg,Grape___healthy,Corn___healthy,0.901930
plantwild/extracted/plantwild/images/grape leaf/41.jpg,Grape___healthy,Corn___healthy,0.792062
plantwild/extracted/plantwild/images/grape leaf/42.jpg,Grape___healthy,Corn___healthy,0.734205
plantwild/extracted/plantwild/images/grape leaf/43.jpg,Grape___healthy,"Pepper,_bell___healthy",0.379331
plantwild/extracted/plantwild/images/grape leaf/44.jpg,Grape___healthy,Blueberry___healthy,0.926864
plantwild/extracted/plantwild/images/grape leaf/45.jpg,Grape___healthy,"Pepper,_bell___healthy",0.188044
plantwild/extracted/plantwild/images/grape leaf/46.jpg,Grape___healthy,Corn___healthy,0.329669
plantwild/extracted/plantwild/images/grape leaf/47.jpg,Grape___healthy,Corn___healthy,0.934891
plantwild/extracted/plantwild/images/grape leaf/48.jpg,Grape___healthy,Corn___healthy,0.438199
plantwild/extracted/plantwild/images/grape leaf/49.jpg,Grape___healthy,Corn___healthy,0.592485
plantwild/extracted/plantwild/images/grape leaf/5.jpg,Grape___healthy,Peach___healthy,0.571601
plantwild/extracted/plantwild/images/grape leaf/50.jpg,Grape___healthy,Cherry___healthy,0.446614
plantwild/extracted/plantwild/images/grape leaf/51.jpg,Grape___healthy,Tomato___Late_blight,0.737429
plantwild/extracted/plantwild/images/grape leaf/52.jpg,Grape___healthy,Grape___Leaf_blight_(Isariopsis_Leaf_Spot),0.808713
plantwild/extracted/plantwild/images/grape leaf/53.jpg,Grape___healthy,Squash___Powdery_mildew,0.735258
plantwild/extracted/plantwild/images/grape leaf/55.jpg,Grape___healthy,Corn___healthy,0.327053
plantwild/extracted/plantwild/images/grape leaf/56.jpg,Grape___healthy,Apple___healthy,0.652665
plantwild/extracted/plantwild/images/grape leaf/57.jpg,Grape___healthy,Corn___healthy,0.576468
plantwild/extracted/plantwild/images/grape leaf/58.jpg,Grape___healthy,Blueberry___healthy,0.510394
plantwild/extracted/plantwild/images/grape leaf/59.jpg,Grape___healthy,"Pepper,_bell___healthy",0.588664
plantwild/extracted/plantwild/images/grape leaf/6.jpg,Grape___healthy,"Pepper,_bell___healthy",0.883074
plantwild/extracted/plantwild/images/grape leaf/60.jpg,Grape___healthy,"Pepper,_bell___healthy",0.431148
plantwild/extracted/plantwild/images/grape leaf/62.jpg,Grape___healthy,"Pepper,_bell___healthy",0.645231
plantwild/extracted/plantwild/images/grape leaf/63.jpg,Grape___healthy,Grape___Black_rot,0.809900
plantwild/extracted/plantwild/images/grape leaf/64.jpg,Grape___healthy,Cherry___healthy,0.513208
plantwild/extracted/plantwild/images/grape leaf/65.jpg,Grape___healthy,"Pepper,_bell___healthy",0.603529
plantwild/extracted/plantwild/images/grape leaf/66.jpg,Grape___healthy,Cherry___healthy,0.488290
plantwild/extracted/plantwild/images/grape leaf/67.jpg,Grape___healthy,Blueberry___healthy,0.607699
plantwild/extracted/plantwild/images/grape leaf/68.jpg,Grape___healthy,Blueberry___healthy,0.390174
plantwild/extracted/plantwild/images/grape leaf/69.jpg,Grape___healthy,Blueberry___healthy,0.647791
plantwild/extracted/plantwild/images/grape leaf/7.jpg,Grape___healthy,Corn___healthy,0.642617
plantwild/extracted/plantwild/images/grape leaf/70.jpg,Grape___healthy,"Pepper,_bell___healthy",0.629678
plantwild/extracted/plantwild/images/grape leaf/71.jpg,Grape___healthy,Blueberry___healthy,0.841561
plantwild/extracted/plantwild/images/grape leaf/72.jpg,Grape___healthy,Blueberry___healthy,0.762799
plantwild/extracted/plantwild/images/grape leaf/74.jpg,Grape___healthy,Strawberry___Leaf_scorch,0.411785
plantwild/extracted/plantwild/images/grape leaf/75.jpg,Grape___healthy,Squash___Powdery_mildew,0.286439
plantwild/extracted/plantwild/images/grape leaf/76.jpg,Grape___healthy,Cherry___healthy,0.843840
plantwild/extracted/plantwild/images/grape leaf/79.jpg,Grape___healthy,"Pepper,_bell___healthy",0.967052
plantwild/extracted/plantwild/images/grape leaf/8.jpg,Grape___healthy,Corn___healthy,0.760437
plantwild/extracted/plantwild/images/grape leaf/80.jpg,Grape___healthy,"Pepper,_bell___healthy",0.619263
plantwild/extracted/plantwild/images/grape leaf/81.jpg,Grape___healthy,"Pepper,_bell___healthy",0.672108
plantwild/extracted/plantwild/images/grape leaf/82.jpg,Grape___healthy,Blueberry___healthy,0.329894
plantwild/extracted/plantwild/images/grape leaf/83.jpg,Grape___healthy,"Pepper,_bell___healthy",0.525950
plantwild/extracted/plantwild/images/grape leaf/84.jpg,Grape___healthy,"Pepper,_bell___healthy",0.463477
plantwild/extracted/plantwild/images/grape leaf/85.jpg,Grape___healthy,Blueberry___healthy,0.427169
plantwild/extracted/plantwild/images/grape leaf/86.jpg,Grape___healthy,Strawberry___Leaf_scorch,0.562754
plantwild/extracted/plantwild/images/grape leaf/87.jpg,Grape___healthy,Corn___healthy,0.766996
plantwild/extracted/plantwild/images/grape leaf/88.jpg,Grape___healthy,"Pepper,_bell___healthy",0.808430
plantwild/extracted/plantwild/images/grape leaf/89.jpg,Grape___healthy,Cherry___healthy,0.708844
plantwild/extracted/plantwild/images/grape leaf/9.jpg,Grape___healthy,"Pepper,_bell___healthy",0.450375
plantwild/extracted/plantwild/images/grape leaf/90.jpg,Grape___healthy,Corn___healthy,0.958493
plantwild/extracted/plantwild/images/grape leaf/91.jpg,Grape___healthy,Squash___Powdery_mildew,0.947491
plantwild/extracted/plantwild/images/grape leaf/92.jpg,Grape___healthy,Cherry___healthy,0.487057
plantwild/extracted/plantwild/images/grape leaf/93.jpg,Grape___healthy,"Pepper,_bell___healthy",0.729609
plantwild/extracted/plantwild/images/grape leaf/94.jpg,Grape___healthy,Strawberry___Leaf_scorch,0.299207
plantwild/extracted/plantwild/images/grape leaf/95.jpg,Grape___healthy,Tomato___Tomato_Yellow_Leaf_Curl_Virus,0.605487
plantwild/extracted/plantwild/images/grape leaf/96.jpg,Grape___healthy,"Pepper,_bell___healthy",0.708522
plantwild/extracted/plantwild/images/grape leaf/97.jpg,Grape___healthy,Blueberry___healthy,0.448782
plantwild/extracted/plantwild/images/grape leaf/98.jpg,Grape___healthy,Strawberry___Leaf_scorch,0.696772
plantwild/extracted/plantwild/images/grape leaf/99.jpg,Grape___healthy,Corn___healthy,0.460987
plantwild/extracted/plantwild/images/grape leaf/google_0000.jpg,Grape___healthy,Corn___healthy,0.929053
plantwild/extracted/plantwild/images/grape leaf/google_0002.jpg,Grape___healthy,Corn___healthy,0.938113
plantwild/extracted/plantwild/images/grape leaf/google_0004.jpg,Grape___healthy,Blueberry___healthy,0.932719
plantwild/extracted/plantwild/images/grape leaf/google_0008.jpg,Grape___healthy,Grape___healthy,0.521985
plantwild/extracted/plantwild/images/grape leaf/google_0009.jpg,Grape___healthy,Grape___healthy,0.411181
plantwild/extracted/plantwild/images/grape leaf/google_0010.jpg,Grape___healthy,Cherry___healthy,0.638256
plantwild/extracted/plantwild/images/grape leaf/google_0012.jpg,Grape___healthy,Corn___healthy,0.696158
plantwild/extracted/plantwild/images/grape leaf/google_0015.jpg,Grape___healthy,Blueberry___healthy,0.911305
plantwild/extracted/plantwild/images/grape leaf/google_0024.jpg,Grape___healthy,Blueberry___healthy,0.598916
plantwild/extracted/plantwild/images/grape leaf/google_0031.jpg,Grape___healthy,Corn___healthy,0.703794
plantwild/extracted/plantwild/images/grape leaf/google_0044.jpg,Grape___healthy,"Pepper,_bell___healthy",0.886078
plantwild/extracted/plantwild/images/grape leaf/google_0046.jpg,Grape___healthy,Cherry___healthy,0.352857
plantwild/extracted/plantwild/images/grape leaf/google_0047.jpg,Grape___healthy,"Pepper,_bell___healthy",0.385895
plantwild/extracted/plantwild/images/grape leaf/google_0058.jpg,Grape___healthy,Squash___Powdery_mildew,0.478955
plantwild/extracted/plantwild/images/grape leaf/google_0059.jpg,Grape___healthy,"Pepper,_bell___healthy",0.875354
plantwild/extracted/plantwild/images/grape leaf/google_0061.jpg,Grape___healthy,Apple___healthy,0.308683
plantwild/extracted/plantwild/images/grape leaf/google_0063.jpg,Grape___healthy,Grape___healthy,0.365932
plantwild/extracted/plantwild/images/grape leaf/google_0070.jpg,Grape___healthy,Strawberry___Leaf_scorch,0.528183
plantwild/extracted/plantwild/images/grape leaf/google_0076.jpg,Grape___healthy,"Pepper,_bell___healthy",0.529394
plantwild/extracted/plantwild/images/grape leaf/google_0085.jpg,Grape___healthy,"Pepper,_bell___healthy",0.855031
plantwild/extracted/plantwild/images/grape leaf/google_0090.jpg,Grape___healthy,Corn___healthy,0.702122
plantwild/extracted/plantwild/images/grape leaf/google_0091.jpg,Grape___healthy,Corn___healthy,0.642938
plantwild/extracted/plantwild/images/grape leaf/google_0092.jpg,Grape___healthy,Cherry___healthy,0.482016
plantwild/extracted/plantwild/images/grape leaf/google_0108.jpg,Grape___healthy,Corn___healthy,0.537322
plantwild/extracted/plantwild/images/grape leaf/google_0115.jpg,Grape___healthy,Cherry___healthy,0.819679
plantwild/extracted/plantwild/images/grape leaf/google_0127.jpg,Grape___healthy,Grape___healthy,0.553742
plantwild/extracted/plantwild/images/grape leaf/google_0147.jpg,Grape___healthy,Corn___healthy,0.279651
plantwild/extracted/plantwild/images/grape leaf/google_0149.jpg,Grape___healthy,"Pepper,_bell___healthy",0.926154
plantwild/extracted/plantwild/images/grape leaf/google_0151.jpg,Grape___healthy,Blueberry___healthy,0.906667
plantwild/extracted/plantwild/images/grape leaf/google_0170.jpg,Grape___healthy,Blueberry___healthy,0.855944
plantwild/extracted/plantwild/images/grape leaf/google_0180.jpg,Grape___healthy,Blueberry___healthy,0.453578
plantwild/extracted/plantwild/images/grape leaf/google_0189.jpg,Grape___healthy,Corn___healthy,0.702901
plantwild/extracted/plantwild/images/grape leaf/google_0192.jpg,Grape___healthy,Corn___healthy,0.372682
plantwild/extracted/plantwild/images/grape leaf/google_0238.jpg,Grape___healthy,Corn___healthy,0.431317
plantwild/extracted/plantwild/images/grape leaf/google_0246.jpg,Grape___healthy,"Pepper,_bell___healthy",0.853592
plantwild/extracted/plantwild/images/grape leaf/google_0286.jpg,Grape___healthy,Corn___healthy,0.533120
plantwild/extracted/plantwild/images/grape leaf/google_0287.jpg,Grape___healthy,Corn___healthy,0.933757
plantwild/extracted/plantwild/images/grape leaf/google_0325.jpg,Grape___healthy,"Pepper,_bell___healthy",0.717993
plantwild/extracted/plantwild/images/grape leaf/google_0337.jpg,Grape___healthy,Cherry___healthy,0.566699
plantwild/extracted/plantwild/images/grape leaf/google_0361.jpg,Grape___healthy,Grape___healthy,0.382077
plantwild/extracted/plantwild/images/grape leaf/google_0367.jpg,Grape___healthy,Cherry___healthy,0.610250
plantwild/extracted/plantwild/images/grape leaf/google_0370.jpg,Grape___healthy,Corn___healthy,0.667241
plantwild/extracted/plantwild/images/peach leaf/1.jpg,Peach___healthy,"Pepper,_bell___healthy",0.961957
plantwild/extracted/plantwild/images/peach leaf/10.jpg,Peach___healthy,Blueberry___healthy,0.872552
plantwild/extracted/plantwild/images/peach leaf/100.jpg,Peach___healthy,Cherry___healthy,0.184913
plantwild/extracted/plantwild/images/peach leaf/106.jpg,Peach___healthy,"Pepper,_bell___healthy",0.848760
plantwild/extracted/plantwild/images/peach leaf/109.jpg,Peach___healthy,Cherry___healthy,0.876956
plantwild/extracted/plantwild/images/peach leaf/11.jpg,Peach___healthy,Corn___healthy,0.894783
plantwild/extracted/plantwild/images/peach leaf/111.jpg,Peach___healthy,Cherry___healthy,0.644293
plantwild/extracted/plantwild/images/peach leaf/117.jpg,Peach___healthy,Cherry___healthy,0.783936
plantwild/extracted/plantwild/images/peach leaf/13.jpg,Peach___healthy,Blueberry___healthy,0.786342
plantwild/extracted/plantwild/images/peach leaf/138.jpg,Peach___healthy,Tomato___Late_blight,0.953170
plantwild/extracted/plantwild/images/peach leaf/139.jpg,Peach___healthy,Corn___healthy,0.390701
plantwild/extracted/plantwild/images/peach leaf/14.jpg,Peach___healthy,Corn___healthy,0.719504
plantwild/extracted/plantwild/images/peach leaf/142.jpg,Peach___healthy,"Pepper,_bell___healthy",0.958295
plantwild/extracted/plantwild/images/peach leaf/143.jpg,Peach___healthy,"Pepper,_bell___healthy",0.877041
plantwild/extracted/plantwild/images/peach leaf/145.jpg,Peach___healthy,Cherry___healthy,0.943605
plantwild/extracted/plantwild/images/peach leaf/146 - Copy (2).jpg,Peach___healthy,"Pepper,_bell___healthy",0.943368
plantwild/extracted/plantwild/images/peach leaf/146 - Copy (3).jpg,Peach___healthy,Cherry___healthy,0.943074
plantwild/extracted/plantwild/images/peach leaf/146 - Copy.jpg,Peach___healthy,"Pepper,_bell___healthy",0.735343
plantwild/extracted/plantwild/images/peach leaf/146.jpg,Peach___healthy,Cherry___healthy,0.953015
plantwild/extracted/plantwild/images/peach leaf/147.jpg,Peach___healthy,"Pepper,_bell___healthy",0.952892
plantwild/extracted/plantwild/images/peach leaf/148.jpg,Peach___healthy,"Pepper,_bell___healthy",0.557560
plantwild/extracted/plantwild/images/peach leaf/149.jpg,Peach___healthy,"Pepper,_bell___healthy",0.478379
plantwild/extracted/plantwild/images/peach leaf/15.jpg,Peach___healthy,"Pepper,_bell___healthy",0.966006
plantwild/extracted/plantwild/images/peach leaf/150.jpg,Peach___healthy,Cherry___healthy,0.925894
plantwild/extracted/plantwild/images/peach leaf/152.jpg,Peach___healthy,Cherry___healthy,0.856989
plantwild/extracted/plantwild/images/peach leaf/153.jpg,Peach___healthy,Cherry___healthy,0.834327
plantwild/extracted/plantwild/images/peach leaf/154.jpg,Peach___healthy,"Pepper,_bell___healthy",0.525076
plantwild/extracted/plantwild/images/peach leaf/157.jpg,Peach___healthy,Cherry___healthy,0.851415
plantwild/extracted/plantwild/images/peach leaf/158.jpg,Peach___healthy,Tomato___Late_blight,0.487491
plantwild/extracted/plantwild/images/peach leaf/159.jpg,Peach___healthy,Cherry___healthy,0.952704
plantwild/extracted/plantwild/images/peach leaf/16.jpg,Peach___healthy,Blueberry___healthy,0.889817
plantwild/extracted/plantwild/images/peach leaf/161.jpg,Peach___healthy,"Pepper,_bell___healthy",0.954967
plantwild/extracted/plantwild/images/peach leaf/163.jpg,Peach___healthy,Cherry___healthy,0.953236
plantwild/extracted/plantwild/images/peach leaf/164.jpg,Peach___healthy,Cherry___healthy,0.802027
plantwild/extracted/plantwild/images/peach leaf/165.jpg,Peach___healthy,"Pepper,_bell___healthy",0.780060
plantwild/extracted/plantwild/images/peach leaf/166.jpg,Peach___healthy,"Pepper,_bell___healthy",0.958220
plantwild/extracted/plantwild/images/peach leaf/17.jpg,Peach___healthy,"Pepper,_bell___healthy",0.503814
plantwild/extracted/plantwild/images/peach leaf/170.jpg,Peach___healthy,Blueberry___healthy,0.367637
plantwild/extracted/plantwild/images/peach leaf/171.jpg,Peach___healthy,Corn___healthy,0.367841
plantwild/extracted/plantwild/images/peach leaf/172.jpg,Peach___healthy,"Pepper,_bell___healthy",0.951990
plantwild/extracted/plantwild/images/peach leaf/173.jpg,Peach___healthy,"Pepper,_bell___healthy",0.962877
plantwild/extracted/plantwild/images/peach leaf/174.jpg,Peach___healthy,"Pepper,_bell___healthy",0.517100
plantwild/extracted/plantwild/images/peach leaf/178.jpg,Peach___healthy,Cherry___healthy,0.797266
plantwild/extracted/plantwild/images/peach leaf/18.jpg,Peach___healthy,"Pepper,_bell___healthy",0.845705
plantwild/extracted/plantwild/images/peach leaf/181.jpg,Peach___healthy,Cherry___healthy,0.593139
plantwild/extracted/plantwild/images/peach leaf/182.jpg,Peach___healthy,Corn___Northern_Leaf_Blight,0.734874
plantwild/extracted/plantwild/images/peach leaf/184.jpg,Peach___healthy,"Pepper,_bell___healthy",0.585837
plantwild/extracted/plantwild/images/peach leaf/185.jpg,Peach___healthy,"Pepper,_bell___healthy",0.790604
plantwild/extracted/plantwild/images/peach leaf/186.jpg,Peach___healthy,Cherry___healthy,0.950836
plantwild/extracted/plantwild/images/peach leaf/189.jpg,Peach___healthy,"Pepper,_bell___healthy",0.965658
plantwild/extracted/plantwild/images/peach leaf/19.jpg,Peach___healthy,"Pepper,_bell___healthy",0.406698
plantwild/extracted/plantwild/images/peach leaf/194.jpg,Peach___healthy,Blueberry___healthy,0.820015
plantwild/extracted/plantwild/images/peach leaf/2.jpg,Peach___healthy,"Pepper,_bell___healthy",0.937494
plantwild/extracted/plantwild/images/peach leaf/20.jpg,Peach___healthy,Strawberry___Leaf_scorch,0.479308
plantwild/extracted/plantwild/images/peach leaf/202.jpg,Peach___healthy,Strawberry___Leaf_scorch,0.844704
plantwild/extracted/plantwild/images/peach leaf/205.jpg,Peach___healthy,Cherry___healthy,0.902034
plantwild/extracted/plantwild/images/peach leaf/207.jpg,Peach___healthy,Peach___Bacterial_spot,0.861291
plantwild/extracted/plantwild/images/peach leaf/208.jpg,Peach___healthy,Tomato___Early_blight,0.651003
plantwild/extracted/plantwild/images/peach leaf/21.jpg,Peach___healthy,Corn___healthy,0.916048
plantwild/extracted/plantwild/images/peach leaf/212.jpg,Peach___healthy,Strawberry___Leaf_scorch,0.594061
plantwild/extracted/plantwild/images/peach leaf/216.jpg,Peach___healthy,"Pepper,_bell___healthy",0.660267
plantwild/extracted/plantwild/images/peach leaf/22.jpg,Peach___healthy,"Pepper,_bell___healthy",0.950855
plantwild/extracted/plantwild/images/peach leaf/227.jpg,Peach___healthy,"Pepper,_bell___healthy",0.681877
plantwild/extracted/plantwild/images/peach leaf/23.jpg,Peach___healthy,"Pepper,_bell___healthy",0.857306
plantwild/extracted/plantwild/images/peach leaf/234.jpg,Peach___healthy,Blueberry___healthy,0.797526
plantwild/extracted/plantwild/images/peach leaf/236.jpg,Peach___healthy,Cherry___healthy,0.962083
plantwild/extracted/plantwild/images/peach leaf/24.jpg,Peach___healthy,Strawberry___Leaf_scorch,0.903428
plantwild/extracted/plantwild/images/peach leaf/25.jpg,Peach___healthy,Cherry___healthy,0.874174
plantwild/extracted/plantwild/images/peach leaf/254.jpg,Peach___healthy,Cherry___healthy,0.485558
plantwild/extracted/plantwild/images/peach leaf/257.jpg,Peach___healthy,"Pepper,_bell___healthy",0.462930
plantwild/extracted/plantwild/images/peach leaf/259.jpg,Peach___healthy,Strawberry___Leaf_scorch,0.814384
plantwild/extracted/plantwild/images/peach leaf/26.jpg,Peach___healthy,"Pepper,_bell___healthy",0.946730
plantwild/extracted/plantwild/images/peach leaf/263.jpg,Peach___healthy,Cherry___healthy,0.933731
plantwild/extracted/plantwild/images/peach leaf/265.jpg,Peach___healthy,Cherry___healthy,0.960411
plantwild/extracted/plantwild/images/peach leaf/27.jpg,Peach___healthy,"Pepper,_bell___healthy",0.246286
plantwild/extracted/plantwild/images/peach leaf/28.jpg,Peach___healthy,Cherry___healthy,0.923306
plantwild/extracted/plantwild/images/peach leaf/281.jpg,Peach___healthy,"Pepper,_bell___healthy",0.819384
plantwild/extracted/plantwild/images/peach leaf/283.jpg,Peach___healthy,Cherry___healthy,0.928530
plantwild/extracted/plantwild/images/peach leaf/29.jpg,Peach___healthy,Tomato___Early_blight,0.840645
plantwild/extracted/plantwild/images/peach leaf/297.jpg,Peach___healthy,Tomato___Late_blight,0.517485
plantwild/extracted/plantwild/images/peach leaf/3.jpg,Peach___healthy,Tomato___Late_blight,0.828197
plantwild/extracted/plantwild/images/peach leaf/30.jpg,Peach___healthy,"Pepper,_bell___healthy",0.930350
plantwild/extracted/plantwild/images/peach leaf/31.jpg,Peach___healthy,Cherry___healthy,0.670724
plantwild/extracted/plantwild/images/peach leaf/32.jpg,Peach___healthy,"Pepper,_bell___healthy",0.839546
plantwild/extracted/plantwild/images/peach leaf/34.jpg,Peach___healthy,Cherry___healthy,0.885193
plantwild/extracted/plantwild/images/peach leaf/35.jpg,Peach___healthy,"Pepper,_bell___healthy",0.624346
plantwild/extracted/plantwild/images/peach leaf/36.jpg,Peach___healthy,Blueberry___healthy,0.651314
plantwild/extracted/plantwild/images/peach leaf/38.jpg,Peach___healthy,Cherry___healthy,0.854865
plantwild/extracted/plantwild/images/peach leaf/39.jpg,Peach___healthy,Cherry___healthy,0.956976
plantwild/extracted/plantwild/images/peach leaf/4.jpg,Peach___healthy,"Pepper,_bell___healthy",0.538120
plantwild/extracted/plantwild/images/peach leaf/40.jpg,Peach___healthy,Cherry___healthy,0.936873
plantwild/extracted/plantwild/images/peach leaf/41 - Copy (2).jpg,Peach___healthy,"Pepper,_bell___healthy",0.743316
plantwild/extracted/plantwild/images/peach leaf/41 - Copy (3).jpg,Peach___healthy,Corn___healthy,0.968318
plantwild/extracted/plantwild/images/peach leaf/41 - Copy.jpg,Peach___healthy,Corn___healthy,0.834386
plantwild/extracted/plantwild/images/peach leaf/41.jpg,Peach___healthy,Corn___healthy,0.954478
plantwild/extracted/plantwild/images/peach leaf/44.jpg,Peach___healthy,Cherry___healthy,0.866477
plantwild/extracted/plantwild/images/peach leaf/46.jpg,Peach___healthy,"Pepper,_bell___healthy",0.758946
plantwild/extracted/plantwild/images/peach leaf/50.jpg,Peach___healthy,Cherry___healthy,0.446829
plantwild/extracted/plantwild/images/peach leaf/51.jpg,Peach___healthy,"Pepper,_bell___healthy",0.965484
plantwild/extracted/plantwild/images/peach leaf/53.jpg,Peach___healthy,"Pepper,_bell___healthy",0.919826
plantwild/extracted/plantwild/images/peach leaf/56.jpg,Peach___healthy,Corn___healthy,0.535633
plantwild/extracted/plantwild/images/peach leaf/58.jpg,Peach___healthy,Cherry___healthy,0.702386
plantwild/extracted/plantwild/images/peach leaf/59.jpg,Peach___healthy,Tomato___Late_blight,0.466693
plantwild/extracted/plantwild/images/peach leaf/6.jpg,Peach___healthy,"Pepper,_bell___healthy",0.941591
plantwild/extracted/plantwild/images/peach leaf/60.jpg,Peach___healthy,Strawberry___Leaf_scorch,0.856083
plantwild/extracted/plantwild/images/peach leaf/61.jpg,Peach___healthy,Strawberry___Leaf_scorch,0.489629
plantwild/extracted/plantwild/images/peach leaf/64.jpg,Peach___healthy,Tomato___Late_blight,0.937464
plantwild/extracted/plantwild/images/peach leaf/65.jpg,Peach___healthy,Tomato___Late_blight,0.872726
plantwild/extracted/plantwild/images/peach leaf/67.jpg,Peach___healthy,Strawberry___Leaf_scorch,0.601125
plantwild/extracted/plantwild/images/peach leaf/7.jpg,Peach___healthy,Cherry___healthy,0.950795
plantwild/extracted/plantwild/images/peach leaf/70.jpg,Peach___healthy,Cherry___healthy,0.590992
plantwild/extracted/plantwild/images/peach leaf/71.jpg,Peach___healthy,Cherry___healthy,0.908741
plantwild/extracted/plantwild/images/peach leaf/75.jpg,Peach___healthy,"Pepper,_bell___healthy",0.964343
plantwild/extracted/plantwild/images/peach leaf/77.jpg,Peach___healthy,Corn___healthy,0.854528
plantwild/extracted/plantwild/images/peach leaf/78.jpg,Peach___healthy,"Pepper,_bell___healthy",0.933537
plantwild/extracted/plantwild/images/peach leaf/8.jpg,Peach___healthy,Blueberry___healthy,0.742634
plantwild/extracted/plantwild/images/peach leaf/86.jpg,Peach___healthy,"Pepper,_bell___healthy",0.556090
plantwild/extracted/plantwild/images/peach leaf/89.jpg,Peach___healthy,Cherry___healthy,0.958144
plantwild/extracted/plantwild/images/peach leaf/9.jpg,Peach___healthy,Tomato___Early_blight,0.424163
plantwild/extracted/plantwild/images/peach leaf/99.jpg,Peach___healthy,"Pepper,_bell___healthy",0.694014
plantwild/extracted/plantwild/images/peach leaf/google_0000.jpg,Peach___healthy,Corn___healthy,0.933488
plantwild/extracted/plantwild/images/peach leaf/google_0001.jpg,Peach___healthy,"Pepper,_bell___healthy",0.779160
plantwild/extracted/plantwild/images/peach leaf/google_0005.jpg,Peach___healthy,Blueberry___healthy,0.912170
plantwild/extracted/plantwild/images/peach leaf/google_0009.jpg,Peach___healthy,Blueberry___healthy,0.843176
plantwild/extracted/plantwild/images/peach leaf/google_0012.jpg,Peach___healthy,"Pepper,_bell___healthy",0.620409
plantwild/extracted/plantwild/images/peach leaf/google_0015.jpg,Peach___healthy,"Pepper,_bell___healthy",0.947713
plantwild/extracted/plantwild/images/peach leaf/google_0024.jpg,Peach___healthy,Corn___healthy,0.634426
plantwild/extracted/plantwild/images/peach leaf/google_0035.jpg,Peach___healthy,"Pepper,_bell___healthy",0.866452
plantwild/extracted/plantwild/images/peach leaf/google_0053.jpg,Peach___healthy,Blueberry___healthy,0.923548
plantwild/extracted/plantwild/images/peach leaf/google_0054.jpg,Peach___healthy,"Pepper,_bell___healthy",0.913947
plantwild/extracted/plantwild/images/peach leaf/google_0057.jpg,Peach___healthy,Blueberry___healthy,0.825104
plantwild/extracted/plantwild/images/peach leaf/google_0058.jpg,Peach___healthy,"Pepper,_bell___healthy",0.385434
plantwild/extracted/plantwild/images/peach leaf/google_0063.jpg,Peach___healthy,"Pepper,_bell___healthy",0.924543
plantwild/extracted/plantwild/images/peach leaf/google_0068.jpg,Peach___healthy,Corn___healthy,0.346248
plantwild/extracted/plantwild/images/peach leaf/google_0077.jpg,Peach___healthy,Blueberry___healthy,0.576849
plantwild/extracted/plantwild/images/peach leaf/google_0082.jpg,Peach___healthy,Squash___Powdery_mildew,0.944835
plantwild/extracted/plantwild/images/peach leaf/google_0083.jpg,Peach___healthy,Strawberry___Leaf_scorch,0.762034
plantwild/extracted/plantwild/images/peach leaf/google_0084.jpg,Peach___healthy,Corn___healthy,0.658599
plantwild/extracted/plantwild/images/peach leaf/google_0117.jpg,Peach___healthy,Apple___healthy,0.939155
plantwild/extracted/plantwild/images/peach leaf/google_0136.jpg,Peach___healthy,"Pepper,_bell___healthy",0.511059
plantwild/extracted/plantwild/images/peach leaf/google_0159.jpg,Peach___healthy,"Pepper,_bell___healthy",0.828730
plantwild/extracted/plantwild/images/peach leaf/google_0173.jpg,Peach___healthy,"Pepper,_bell___healthy",0.971251
plantwild/extracted/plantwild/images/peach leaf/google_0178.jpg,Peach___healthy,Corn___healthy,0.404490
plantwild/extracted/plantwild/images/peach leaf/google_0180.jpg,Peach___healthy,"Pepper,_bell___healthy",0.546558
plantwild/extracted/plantwild/images/peach leaf/google_0183.jpg,Peach___healthy,Blueberry___healthy,0.816076
plantwild/extracted/plantwild/images/peach leaf/google_0212.jpg,Peach___healthy,Blueberry___healthy,0.910301
plantwild/extracted/plantwild/images/peach leaf/google_0218.jpg,Peach___healthy,Peach___healthy,0.705883
plantwild/extracted/plantwild/images/peach leaf/google_0224.jpg,Peach___healthy,Cherry___healthy,0.805535
plantwild/extracted/plantwild/images/peach leaf/google_0234.jpg,Peach___healthy,Corn___healthy,0.615964
plantwild/extracted/plantwild/images/peach leaf/google_0263.jpg,Peach___healthy,Blueberry___healthy,0.828952
plantwild/extracted/plantwild/images/peach leaf/google_0308.jpg,Peach___healthy,"Pepper,_bell___healthy",0.945074
plantwild/extracted/plantwild/images/peach leaf/google_0311.jpg,Peach___healthy,Strawberry___Leaf_scorch,0.244563
plantwild/extracted/plantwild/images/peach leaf/google_0328.jpg,Peach___healthy,Corn___healthy,0.487725
plantwild/extracted/plantwild/images/peach leaf/google_0339.jpg,Peach___healthy,"Pepper,_bell___healthy",0.804644
plantwild/extracted/plantwild/images/peach leaf/google_0343.jpg,Peach___healthy,Corn___healthy,0.790088
plantwild/extracted/plantwild/images/peach leaf/google_0396.jpg,Peach___healthy,"Pepper,_bell___healthy",0.948024
plantwild/extracted/plantwild/images/peach leaf/google_0412.jpg,Peach___healthy,"Pepper,_bell___healthy",0.963373
plantwild/extracted/plantwild/images/potato early blight/1.jpg,Potato___Early_blight,Strawberry___Leaf_scorch,0.765595
plantwild/extracted/plantwild/images/potato early blight/10.jpg,Potato___Early_blight,"Pepper,_bell___healthy",0.424455
plantwild/extracted/plantwild/images/potato early blight/100.jpg,Potato___Early_blight,Strawberry___Leaf_scorch,0.546909
plantwild/extracted/plantwild/images/potato early blight/11.jpg,Potato___Early_blight,Potato___Early_blight,0.746511
plantwild/extracted/plantwild/images/potato early blight/13.jpg,Potato___Early_blight,Strawberry___Leaf_scorch,0.908399
plantwild/extracted/plantwild/images/potato early blight/14.jpg,Potato___Early_blight,"Pepper,_bell___healthy",0.804055
plantwild/extracted/plantwild/images/potato early blight/15.jpg,Potato___Early_blight,"Pepper,_bell___healthy",0.609202
plantwild/extracted/plantwild/images/potato early blight/16.jpg,Potato___Early_blight,Cherry___healthy,0.921076
plantwild/extracted/plantwild/images/potato early blight/17.jpg,Potato___Early_blight,Tomato___Late_blight,0.885979
plantwild/extracted/plantwild/images/potato early blight/18.jpg,Potato___Early_blight,Cherry___healthy,0.812305
plantwild/extracted/plantwild/images/potato early blight/19 - Copy.jpg,Potato___Early_blight,Potato___Early_blight,0.389035
plantwild/extracted/plantwild/images/potato early blight/19.jpg,Potato___Early_blight,Strawberry___Leaf_scorch,0.895989
plantwild/extracted/plantwild/images/potato early blight/2.jpg,Potato___Early_blight,Strawberry___Leaf_scorch,0.890326
plantwild/extracted/plantwild/images/potato early blight/21.jpg,Potato___Early_blight,Cherry___healthy,0.595029
plantwild/extracted/plantwild/images/potato early blight/22.jpg,Potato___Early_blight,Tomato___Late_blight,0.871190
plantwild/extracted/plantwild/images/potato early blight/23.jpg,Potato___Early_blight,Grape___Leaf_blight_(Isariopsis_Leaf_Spot),0.330585
plantwild/extracted/plantwild/images/potato early blight/3.jpg,Potato___Early_blight,Strawberry___Leaf_scorch,0.831002
plantwild/extracted/plantwild/images/potato early blight/30 - Copy.jpg,Potato___Early_blight,Tomato___Late_blight,0.853801
plantwild/extracted/plantwild/images/potato early blight/30.jpg,Potato___Early_blight,Strawberry___Leaf_scorch,0.888022
plantwild/extracted/plantwild/images/potato early blight/31.jpg,Potato___Early_blight,Strawberry___Leaf_scorch,0.546909
plantwild/extracted/plantwild/images/potato early blight/33.jpg,Potato___Early_blight,Strawberry___Leaf_scorch,0.538017
plantwild/extracted/plantwild/images/potato early blight/34.jpg,Potato___Early_blight,Potato___Late_blight,0.916711
plantwild/extracted/plantwild/images/potato early blight/37.jpg,Potato___Early_blight,Potato___Early_blight,0.919992
plantwild/extracted/plantwild/images/potato early blight/38.jpg,Potato___Early_blight,Potato___Early_blight,0.913542
plantwild/extracted/plantwild/images/potato early blight/41.jpg,Potato___Early_blight,Tomato___Late_blight,0.371711
plantwild/extracted/plantwild/images/potato early blight/42.jpg,Potato___Early_blight,Tomato___Early_blight,0.946789
plantwild/extracted/plantwild/images/potato early blight/44.jpg,Potato___Early_blight,Squash___Powdery_mildew,0.683736
plantwild/extracted/plantwild/images/potato early blight/45.jpg,Potato___Early_blight,Strawberry___Leaf_scorch,0.966393
plantwild/extracted/plantwild/images/potato early blight/47.jpg,Potato___Early_blight,Potato___Late_blight,0.807622
plantwild/extracted/plantwild/images/potato early blight/5.jpg,Potato___Early_blight,Potato___Early_blight,0.732867
plantwild/extracted/plantwild/images/potato early blight/50.jpg,Potato___Early_blight,Tomato___Early_blight,0.881919
plantwild/extracted/plantwild/images/potato early blight/51.jpg,Potato___Early_blight,Peach___Bacterial_spot,0.301004
plantwild/extracted/plantwild/images/potato early blight/53.jpg,Potato___Early_blight,Squash___Powdery_mildew,0.845970
plantwild/extracted/plantwild/images/potato early blight/55.jpg,Potato___Early_blight,Strawberry___Leaf_scorch,0.434598
plantwild/extracted/plantwild/images/potato early blight/56 - Copy.jpg,Potato___Early_blight,Tomato___Early_blight,0.474516
plantwild/extracted/plantwild/images/potato early blight/56.jpg,Potato___Early_blight,Potato___Early_blight,0.962050
plantwild/extracted/plantwild/images/potato early blight/57.jpg,Potato___Early_blight,Tomato___Late_blight,0.306952
plantwild/extracted/plantwild/images/potato early blight/59.jpg,Potato___Early_blight,Grape___Black_rot,0.805411
plantwild/extracted/plantwild/images/potato early blight/6.jpg,Potato___Early_blight,Strawberry___Leaf_scorch,0.873590
plantwild/extracted/plantwild/images/potato early blight/60.jpg,Potato___Early_blight,Potato___Late_blight,0.351132
plantwild/extracted/plantwild/images/potato early blight/61 - Copy (2).jpg,Potato___Early_blight,Tomato___Late_blight,0.221454
plantwild/extracted/plantwild/images/potato early blight/61 - Copy.jpg,Potato___Early_blight,Tomato___Late_blight,0.824604
plantwild/extracted/plantwild/images/potato early blight/61.jpg,Potato___Early_blight,Tomato___Late_blight,0.352484
plantwild/extracted/plantwild/images/potato early blight/62.jpg,Potato___Early_blight,Cherry___healthy,0.821371
plantwild/extracted/plantwild/images/potato early blight/64.jpg,Potato___Early_blight,Strawberry___Leaf_scorch,0.949361
plantwild/extracted/plantwild/images/potato early blight/65 - Copy (2).jpg,Potato___Early_blight,Tomato___Early_blight,0.696783
plantwild/extracted/plantwild/images/potato early blight/65 - Copy.jpg,Potato___Early_blight,Strawberry___Leaf_scorch,0.909542
plantwild/extracted/plantwild/images/potato early blight/65.jpg,Potato___Early_blight,Tomato___Late_blight,0.379400
plantwild/extracted/plantwild/images/potato early blight/68.jpg,Potato___Early_blight,Corn___Northern_Leaf_Blight,0.374013
plantwild/extracted/plantwild/images/potato early blight/69.jpg,Potato___Early_blight,Tomato___Early_blight,0.944676
plantwild/extracted/plantwild/images/potato early blight/7.jpg,Potato___Early_blight,Cherry___healthy,0.959137
plantwild/extracted/plantwild/images/potato early blight/70 - Copy.jpg,Potato___Early_blight,Grape___Leaf_blight_(Isariopsis_Leaf_Spot),0.961122
plantwild/extracted/plantwild/images/potato early blight/70.jpg,Potato___Early_blight,Corn___Northern_Leaf_Blight,0.870566
plantwild/extracted/plantwild/images/potato early blight/75.jpg,Potato___Early_blight,Potato___Early_blight,0.365047
plantwild/extracted/plantwild/images/potato early blight/78.jpg,Potato___Early_blight,Strawberry___Leaf_scorch,0.447582
plantwild/extracted/plantwild/images/potato early blight/8.jpg,Potato___Early_blight,Tomato___Late_blight,0.968927
plantwild/extracted/plantwild/images/potato early blight/9.jpg,Potato___Early_blight,"Pepper,_bell___healthy",0.695299
plantwild/extracted/plantwild/images/potato early blight/google_0001.jpg,Potato___Early_blight,Strawberry___Leaf_scorch,0.400003
plantwild/extracted/plantwild/images/potato early blight/google_0002.jpg,Potato___Early_blight,Cherry___healthy,0.721884
plantwild/extracted/plantwild/images/potato early blight/google_0003.jpg,Potato___Early_blight,Cherry___healthy,0.952419
plantwild/extracted/plantwild/images/potato early blight/google_0004.jpg,Potato___Early_blight,Potato___Early_blight,0.952811
plantwild/extracted/plantwild/images/potato early blight/google_0005.jpg,Potato___Early_blight,Tomato___Early_blight,0.640021
plantwild/extracted/plantwild/images/potato early blight/google_0006.jpg,Potato___Early_blight,Cherry___healthy,0.953895
plantwild/extracted/plantwild/images/potato early blight/google_0007.jpg,Potato___Early_blight,"Pepper,_bell___healthy",0.517681
plantwild/extracted/plantwild/images/potato early blight/google_0008.jpg,Potato___Early_blight,Potato___Early_blight,0.634409
plantwild/extracted/plantwild/images/potato early blight/google_0009.jpg,Potato___Early_blight,Cherry___healthy,0.575688
plantwild/extracted/plantwild/images/potato early blight/google_0010.jpg,Potato___Early_blight,Corn___healthy,0.960970
plantwild/extracted/plantwild/images/potato early blight/google_0011.jpg,Potato___Early_blight,Tomato___Early_blight,0.454664
plantwild/extracted/plantwild/images/potato early blight/google_0012.jpg,Potato___Early_blight,"Pepper,_bell___Bacterial_spot",0.956433
plantwild/extracted/plantwild/images/potato early blight/google_0013.jpg,Potato___Early_blight,Squash___Powdery_mildew,0.578136
plantwild/extracted/plantwild/images/potato early blight/google_0014.jpg,Potato___Early_blight,Potato___Early_blight,0.962519
plantwild/extracted/plantwild/images/potato early blight/google_0015.jpg,Potato___Early_blight,Tomato___Septoria_leaf_spot,0.948586
plantwild/extracted/plantwild/images/potato early blight/google_0016 - Copy.jpg,Potato___Early_blight,Strawberry___Leaf_scorch,0.801083
plantwild/extracted/plantwild/images/potato early blight/google_0017.jpg,Potato___Early_blight,Tomato___Late_blight,0.945183
plantwild/extracted/plantwild/images/potato early blight/google_0018.jpg,Potato___Early_blight,Tomato___Late_blight,0.366140
plantwild/extracted/plantwild/images/potato early blight/google_0020.jpg,Potato___Early_blight,Potato___Early_blight,0.955489
plantwild/extracted/plantwild/images/potato early blight/google_0021.jpg,Potato___Early_blight,Cherry___healthy,0.397815
plantwild/extracted/plantwild/images/potato early blight/google_0022.jpg,Potato___Early_blight,"Pepper,_bell___healthy",0.733725
plantwild/extracted/plantwild/images/potato early blight/google_0024.jpg,Potato___Early_blight,Potato___Early_blight,0.959094
plantwild/extracted/plantwild/images/potato early blight/google_0027.jpg,Potato___Early_blight,Blueberry___healthy,0.933285
plantwild/extracted/plantwild/images/potato early blight/google_0030.jpg,Potato___Early_blight,"Pepper,_bell___healthy",0.420012
plantwild/extracted/plantwild/images/potato early blight/google_0031 - Copy.jpg,Potato___Early_blight,Squash___Powdery_mildew,0.842864
plantwild/extracted/plantwild/images/potato early blight/google_0031.jpg,Potato___Early_blight,Potato___Early_blight,0.918235
plantwild/extracted/plantwild/images/potato early blight/google_0032 - Copy.jpg,Potato___Early_blight,Squash___Powdery_mildew,0.522154
plantwild/extracted/plantwild/images/potato early blight/google_0035.jpg,Potato___Early_blight,Strawberry___Leaf_scorch,0.956869
plantwild/extracted/plantwild/images/potato early blight/google_0036.jpg,Potato___Early_blight,Cherry___healthy,0.902067
plantwild/extracted/plantwild/images/potato early blight/google_0037.jpg,Potato___Early_blight,Potato___Early_blight,0.961311
plantwild/extracted/plantwild/images/potato early blight/google_0039 - Copy (5).jpg,Potato___Early_blight,Potato___Early_blight,0.968881
plantwild/extracted/plantwild/images/potato early blight/google_0039 - Copy.jpg,Potato___Early_blight,Potato___Early_blight,0.876795
plantwild/extracted/plantwild/images/potato early blight/google_0039.jpg,Potato___Early_blight,Potato___Early_blight,0.954708
plantwild/extracted/plantwild/images/potato early blight/google_0040.jpg,Potato___Early_blight,Cherry___healthy,0.660547
plantwild/extracted/plantwild/images/potato early blight/google_0045.jpg,Potato___Early_blight,"Pepper,_bell___healthy",0.657059
plantwild/extracted/plantwild/images/potato early blight/google_0048.jpg,Potato___Early_blight,"Pepper,_bell___healthy",0.421571
plantwild/extracted/plantwild/images/potato early blight/google_0050.jpg,Potato___Early_blight,Corn___Common_rust,0.814246
plantwild/extracted/plantwild/images/potato early blight/google_0051.jpg,Potato___Early_blight,Potato___Early_blight,0.618359
plantwild/extracted/plantwild/images/potato early blight/google_0052.jpg,Potato___Early_blight,Grape___Leaf_blight_(Isariopsis_Leaf_Spot),0.877519
plantwild/extracted/plantwild/images/potato early blight/google_0053.jpg,Potato___Early_blight,Potato___Early_blight,0.519022
plantwild/extracted/plantwild/images/potato early blight/google_0054.jpg,Potato___Early_blight,Corn___Northern_Leaf_Blight,0.680905
plantwild/extracted/plantwild/images/potato early blight/google_0055.jpg,Potato___Early_blight,Strawberry___Leaf_scorch,0.887280
plantwild/extracted/plantwild/images/potato early blight/google_0056.jpg,Potato___Early_blight,Strawberry___Leaf_scorch,0.885965
plantwild/extracted/plantwild/images/potato early blight/google_0058.jpg,Potato___Early_blight,Strawberry___Leaf_scorch,0.596791
plantwild/extracted/plantwild/images/potato early blight/google_0062 - Copy (2).jpg,Potato___Early_blight,Corn___healthy,0.794259
plantwild/extracted/plantwild/images/potato early blight/google_0062 - Copy.jpg,Potato___Early_blight,Corn___Northern_Leaf_Blight,0.549803
plantwild/extracted/plantwild/images/potato early blight/google_0062.jpg,Potato___Early_blight,Potato___Early_blight,0.944804
plantwild/extracted/plantwild/images/potato early blight/google_0063.jpg,Potato___Early_blight,Potato___Early_blight,0.935235
plantwild/extracted/plantwild/images/potato early blight/google_0066.jpg,Potato___Early_blight,Strawberry___Leaf_scorch,0.718782
plantwild/extracted/plantwild/images/potato early blight/google_0068.jpg,Potato___Early_blight,Tomato___Early_blight,0.945851
plantwild/extracted/plantwild/images/potato early blight/google_0070.jpg,Potato___Early_blight,"Pepper,_bell___healthy",0.752232
plantwild/extracted/plantwild/images/potato early blight/google_0071.jpg,Potato___Early_blight,Potato___Early_blight,0.529268
plantwild/extracted/plantwild/images/potato early blight/google_0072.jpg,Potato___Early_blight,"Pepper,_bell___healthy",0.529317
plantwild/extracted/plantwild/images/potato early blight/google_0075 - Copy (2).jpg,Potato___Early_blight,Squash___Powdery_mildew,0.453054
plantwild/extracted/plantwild/images/potato early blight/google_0075 - Copy (3).jpg,Potato___Early_blight,Cherry___healthy,0.262156
plantwild/extracted/plantwild/images/potato early blight/google_0075 - Copy.jpg,Potato___Early_blight,Tomato___Late_blight,0.900901
plantwild/extracted/plantwild/images/potato early blight/google_0075.jpg,Potato___Early_blight,Potato___Early_blight,0.682868
plantwild/extracted/plantwild/images/potato early blight/google_0076.jpg,Potato___Early_blight,Strawberry___Leaf_scorch,0.947516
plantwild/extracted/plantwild/images/potato early blight/google_0077.jpg,Potato___Early_blight,"Pepper,_bell___healthy",0.906623
plantwild/extracted/plantwild/images/potato early blight/google_0078.jpg,Potato___Early_blight,Corn___Northern_Leaf_Blight,0.202554
plantwild/extracted/plantwild/images/potato early blight/google_0079.jpg,Potato___Early_blight,Corn___Northern_Leaf_Blight,0.805533
plantwild/extracted/plantwild/images/potato early blight/google_0080 - Copy.jpg,Potato___Early_blight,Tomato___Early_blight,0.505918
plantwild/extracted/plantwild/images/potato early blight/google_0080.jpg,Potato___Early_blight,Tomato___Late_blight,0.909090
plantwild/extracted/plantwild/images/potato early blight/google_0081.jpg,Potato___Early_blight,Tomato___Early_blight,0.804010
plantwild/extracted/plantwild/images/potato early blight/google_0083.jpg,Potato___Early_blight,Cherry___healthy,0.948012
plantwild/extracted/plantwild/images/potato early blight/google_0084.jpg,Potato___Early_blight,Potato___Late_blight,0.304698
plantwild/extracted/plantwild/images/potato early blight/google_0086.jpg,Potato___Early_blight,"Pepper,_bell___healthy",0.892407
plantwild/extracted/plantwild/images/potato early blight/google_0089.jpg,Potato___Early_blight,Corn___Common_rust,0.427672
plantwild/extracted/plantwild/images/potato early blight/google_0092.jpg,Potato___Early_blight,Cherry___healthy,0.905769
plantwild/extracted/plantwild/images/potato early blight/google_0095.jpg,Potato___Early_blight,Grape___Black_rot,0.937101
plantwild/extracted/plantwild/images/potato early blight/google_0096.jpg,Potato___Early_blight,"Pepper,_bell___healthy",0.637744
plantwild/extracted/plantwild/images/potato early blight/google_0097.jpg,Potato___Early_blight,Strawberry___Leaf_scorch,0.828899
plantwild/extracted/plantwild/images/potato early blight/google_0098.jpg,Potato___Early_blight,Potato___Early_blight,0.968124
plantwild/extracted/plantwild/images/potato early blight/google_0100.jpg,Potato___Early_blight,Squash___Powdery_mildew,0.691640
plantwild/extracted/plantwild/images/potato early blight/google_0105 - Copy.jpg,Potato___Early_blight,Potato___Early_blight,0.956685
plantwild/extracted/plantwild/images/potato early blight/google_0105.jpg,Potato___Early_blight,Corn___Northern_Leaf_Blight,0.920084
plantwild/extracted/plantwild/images/potato early blight/google_0110.jpg,Potato___Early_blight,Corn___healthy,0.950049
plantwild/extracted/plantwild/images/potato early blight/google_0111.jpg,Potato___Early_blight,Corn___Common_rust,0.960201
plantwild/extracted/plantwild/images/potato early blight/google_0112.jpg,Potato___Early_blight,Potato___Early_blight,0.721186
plantwild/extracted/plantwild/images/potato early blight/google_0116.jpg,Potato___Early_blight,Tomato___Early_blight,0.961327
plantwild/extracted/plantwild/images/potato early blight/google_0117.jpg,Potato___Early_blight,Tomato___Septoria_leaf_spot,0.434978
plantwild/extracted/plantwild/images/potato early blight/google_0118.jpg,Potato___Early_blight,Corn___Northern_Leaf_Blight,0.774102
plantwild/extracted/plantwild/images/potato early blight/google_0119.jpg,Potato___Early_blight,Potato___Early_blight,0.676442
plantwild/extracted/plantwild/images/potato early blight/google_0120.jpg,Potato___Early_blight,Cherry___healthy,0.721781
plantwild/extracted/plantwild/images/potato early blight/google_0123.jpg,Potato___Early_blight,"Pepper,_bell___healthy",0.935602
plantwild/extracted/plantwild/images/potato early blight/google_0126.jpg,Potato___Early_blight,Tomato___Early_blight,0.569191
plantwild/extracted/plantwild/images/potato early blight/google_0128.jpg,Potato___Early_blight,Cherry___healthy,0.492943
plantwild/extracted/plantwild/images/potato early blight/google_0129.jpg,Potato___Early_blight,Potato___Early_blight,0.687480
plantwild/extracted/plantwild/images/potato early blight/google_0131.jpg,Potato___Early_blight,"Pepper,_bell___healthy",0.728982
plantwild/extracted/plantwild/images/potato early blight/google_0133.jpg,Potato___Early_blight,Tomato___Early_blight,0.397970
plantwild/extracted/plantwild/images/potato early blight/google_0139 - Copy (2).jpg,Potato___Early_blight,Potato___Late_blight,0.523448
plantwild/extracted/plantwild/images/potato early blight/google_0139 - Copy.jpg,Potato___Early_blight,Strawberry___Leaf_scorch,0.946609
plantwild/extracted/plantwild/images/potato early blight/google_0139.jpg,Potato___Early_blight,"Pepper,_bell___healthy",0.547008
plantwild/extracted/plantwild/images/potato early blight/google_0143.jpg,Potato___Early_blight,Tomato___Early_blight,0.562598
plantwild/extracted/plantwild/images/potato early blight/google_0145.jpg,Potato___Early_blight,Tomato___Late_blight,0.948620
plantwild/extracted/plantwild/images/potato early blight/google_0147.jpg,Potato___Early_blight,Tomato___Late_blight,0.957551
plantwild/extracted/plantwild/images/potato early blight/google_0149.jpg,Potato___Early_blight,Cherry___healthy,0.509684
plantwild/extracted/plantwild/images/potato early blight/google_0152.jpg,Potato___Early_blight,Potato___Early_blight,0.952563
plantwild/extracted/plantwild/images/potato early blight/google_0153 - Copy (3).jpg,Potato___Early_blight,Potato___Early_blight,0.954544
plantwild/extracted/plantwild/images/potato early blight/google_0153 - Copy.jpg,Potato___Early_blight,Potato___Early_blight,0.968507
plantwild/extracted/plantwild/images/potato early blight/google_0153.jpg,Potato___Early_blight,Potato___Early_blight,0.961506
plantwild/extracted/plantwild/images/potato early blight/google_0154.jpg,Potato___Early_blight,"Pepper,_bell___healthy",0.146649
plantwild/extracted/plantwild/images/potato early blight/google_0156.jpg,Potato___Early_blight,Strawberry___Leaf_scorch,0.425196
plantwild/extracted/plantwild/images/potato early blight/google_0158.jpg,Potato___Early_blight,Potato___Early_blight,0.232521
plantwild/extracted/plantwild/images/potato early blight/google_0164.jpg,Potato___Early_blight,Strawberry___Leaf_scorch,0.735980
plantwild/extracted/plantwild/images/potato early blight/google_0168.jpg,Potato___Early_blight,Cherry___healthy,0.793045
plantwild/extracted/plantwild/images/potato early blight/google_0170.jpg,Potato___Early_blight,Tomato___Early_blight,0.617588
plantwild/extracted/plantwild/images/potato early blight/google_0171.jpg,Potato___Early_blight,Tomato___Early_blight,0.966358
plantwild/extracted/plantwild/images/potato early blight/google_0173.jpg,Potato___Early_blight,"Pepper,_bell___healthy",0.663863
plantwild/extracted/plantwild/images/potato early blight/google_0174.jpg,Potato___Early_blight,"Pepper,_bell___healthy",0.794951
plantwild/extracted/plantwild/images/potato early blight/google_0177.jpg,Potato___Early_blight,Tomato___Early_blight,0.958447
plantwild/extracted/plantwild/images/potato early blight/google_0178.jpg,Potato___Early_blight,Strawberry___Leaf_scorch,0.276365
plantwild/extracted/plantwild/images/potato early blight/google_0182.jpg,Potato___Early_blight,Potato___Early_blight,0.172105
plantwild/extracted/plantwild/images/potato early blight/google_0183.jpg,Potato___Early_blight,Cherry___healthy,0.853520
plantwild/extracted/plantwild/images/potato early blight/google_0184.jpg,Potato___Early_blight,Tomato___Early_blight,0.951009
plantwild/extracted/plantwild/images/potato early blight/google_0185.jpg,Potato___Early_blight,"Pepper,_bell___healthy",0.899606
plantwild/extracted/plantwild/images/potato early blight/google_0187.jpg,Potato___Early_blight,Cherry___healthy,0.755486
plantwild/extracted/plantwild/images/potato early blight/google_0188.jpg,Potato___Early_blight,Tomato___Early_blight,0.964575
plantwild/extracted/plantwild/images/potato early blight/google_0189.jpg,Potato___Early_blight,Tomato___Late_blight,0.282532
plantwild/extracted/plantwild/images/potato early blight/google_0190.jpg,Potato___Early_blight,Strawberry___Leaf_scorch,0.705169
plantwild/extracted/plantwild/images/potato early blight/google_0192 - Copy.jpg,Potato___Early_blight,Tomato___Late_blight,0.852488
plantwild/extracted/plantwild/images/potato early blight/google_0192.jpg,Potato___Early_blight,Tomato___Early_blight,0.844236
plantwild/extracted/plantwild/images/potato early blight/google_0194.jpg,Potato___Early_blight,Potato___Early_blight,0.967592
plantwild/extracted/plantwild/images/potato early blight/google_0195.jpg,Potato___Early_blight,Strawberry___Leaf_scorch,0.924855
plantwild/extracted/plantwild/images/potato early blight/google_0197.jpg,Potato___Early_blight,Tomato___Late_blight,0.578564
plantwild/extracted/plantwild/images/potato early blight/google_0198.jpg,Potato___Early_blight,Corn___healthy,0.396197
plantwild/extracted/plantwild/images/potato early blight/google_0200.jpg,Potato___Early_blight,"Pepper,_bell___Bacterial_spot",0.935376
plantwild/extracted/plantwild/images/potato early blight/google_0201.jpg,Potato___Early_blight,"Pepper,_bell___healthy",0.960813
plantwild/extracted/plantwild/images/potato early blight/google_0202.jpg,Potato___Early_blight,Cherry___healthy,0.702888
plantwild/extracted/plantwild/images/potato early blight/google_0206.jpg,Potato___Early_blight,Tomato___Early_blight,0.968246
plantwild/extracted/plantwild/images/potato early blight/google_0207.jpg,Potato___Early_blight,Tomato___Early_blight,0.945605
plantwild/extracted/plantwild/images/potato early blight/google_0208 - Copy (2).jpg,Potato___Early_blight,Potato___Early_blight,0.967912
plantwild/extracted/plantwild/images/potato early blight/google_0208 - Copy (3).jpg,Potato___Early_blight,Potato___Early_blight,0.965364
plantwild/extracted/plantwild/images/potato early blight/google_0208 - Copy.jpg,Potato___Early_blight,Potato___Late_blight,0.968082
plantwild/extracted/plantwild/images/potato early blight/google_0208.jpg,Potato___Early_blight,Potato___Late_blight,0.965151
plantwild/extracted/plantwild/images/potato early blight/google_0213 - Copy (4).jpg,Potato___Early_blight,Potato___Early_blight,0.968026
plantwild/extracted/plantwild/images/potato early blight/google_0213 - Copy (5).jpg,Potato___Early_blight,Potato___Early_blight,0.534893
plantwild/extracted/plantwild/images/potato early blight/google_0213 - Copy (6).jpg,Potato___Early_blight,Potato___Early_blight,0.969517
plantwild/extracted/plantwild/images/potato early blight/google_0213 - Copy (7).jpg,Potato___Early_blight,Potato___Early_blight,0.968916
plantwild/extracted/plantwild/images/potato early blight/google_0213 - Copy (8).jpg,Potato___Early_blight,Potato___Early_blight,0.970240
plantwild/extracted/plantwild/images/potato early blight/google_0213 - Copy.jpg,Potato___Early_blight,Potato___Early_blight,0.968316
plantwild/extracted/plantwild/images/potato early blight/google_0213.jpg,Potato___Early_blight,Potato___Early_blight,0.968067
plantwild/extracted/plantwild/images/potato early blight/google_0215.jpg,Potato___Early_blight,Strawberry___Leaf_scorch,0.721398
plantwild/extracted/plantwild/images/potato early blight/google_0216.jpg,Potato___Early_blight,Potato___Early_blight,0.968944
plantwild/extracted/plantwild/images/potato early blight/google_0224.jpg,Potato___Early_blight,Tomato___Late_blight,0.958224
plantwild/extracted/plantwild/images/potato early blight/google_0225.jpg,Potato___Early_blight,Strawberry___Leaf_scorch,0.357186
plantwild/extracted/plantwild/images/potato early blight/google_0230.jpg,Potato___Early_blight,Tomato___Late_blight,0.333910
plantwild/extracted/plantwild/images/potato early blight/google_0240.jpg,Potato___Early_blight,Tomato___Late_blight,0.297233
plantwild/extracted/plantwild/images/potato early blight/google_0241.jpg,Potato___Early_blight,Potato___Early_blight,0.844227
plantwild/extracted/plantwild/images/potato early blight/google_0252.jpg,Potato___Early_blight,Strawberry___Leaf_scorch,0.899237
plantwild/extracted/plantwild/images/potato early blight/google_0253.jpg,Potato___Early_blight,Tomato___Late_blight,0.964462
plantwild/extracted/plantwild/images/potato early blight/google_0265.jpg,Potato___Early_blight,Potato___Early_blight,0.967714
plantwild/extracted/plantwild/images/potato early blight/google_0274 - Copy.jpg,Potato___Early_blight,Potato___Early_blight,0.496905
plantwild/extracted/plantwild/images/potato early blight/google_0274.jpg,Potato___Early_blight,Tomato___Early_blight,0.779231
plantwild/extracted/plantwild/images/potato early blight/google_0276.jpg,Potato___Early_blight,Potato___Early_blight,0.929492
plantwild/extracted/plantwild/images/potato early blight/google_0277.jpg,Potato___Early_blight,Potato___Early_blight,0.927888
plantwild/extracted/plantwild/images/potato early blight/google_0284.jpg,Potato___Early_blight,Potato___Early_blight,0.908565
plantwild/extracted/plantwild/images/potato early blight/google_0306 - Copy (11).jpg,Potato___Early_blight,Potato___Early_blight,0.966677
plantwild/extracted/plantwild/images/potato early blight/google_0306 - Copy (7).jpg,Potato___Early_blight,Potato___Late_blight,0.880004
plantwild/extracted/plantwild/images/potato early blight/google_0306 - Copy (8).jpg,Potato___Early_blight,Potato___Early_blight,0.914907
plantwild/extracted/plantwild/images/potato early blight/google_0306 - Copy (9).jpg,Potato___Early_blight,Potato___Early_blight,0.965876
plantwild/extracted/plantwild/images/potato early blight/google_0306 - Copy.jpg,Potato___Early_blight,Potato___Early_blight,0.717390
plantwild/extracted/plantwild/images/potato early blight/google_0306.jpg,Potato___Early_blight,Potato___Late_blight,0.928328
plantwild/extracted/plantwild/images/potato early blight/google_0313 - Copy (3).jpg,Potato___Early_blight,Tomato___Late_blight,0.783709
plantwild/extracted/plantwild/images/potato early blight/google_0313 - Copy (4).jpg,Potato___Early_blight,Tomato___Late_blight,0.943054
plantwild/extracted/plantwild/images/potato early blight/google_0313 - Copy.jpg,Potato___Early_blight,Cherry___healthy,0.836011
plantwild/extracted/plantwild/images/potato early blight/google_0320.jpg,Potato___Early_blight,Potato___Early_blight,0.967443
plantwild/extracted/plantwild/images/potato early blight/google_0345.jpg,Potato___Early_blight,Grape___Leaf_blight_(Isariopsis_Leaf_Spot),0.610646
plantwild/extracted/plantwild/images/potato early blight/google_0352.jpg,Potato___Early_blight,Potato___Early_blight,0.967199
plantwild/extracted/plantwild/images/potato early blight/google_0366.jpg,Potato___Early_blight,Potato___Early_blight,0.951413
plantwild/extracted/plantwild/images/potato late blight/1.jpg,Potato___Late_blight,Strawberry___Leaf_scorch,0.965076
plantwild/extracted/plantwild/images/potato late blight/10.jpg,Potato___Late_blight,Strawberry___Leaf_scorch,0.434598
plantwild/extracted/plantwild/images/potato late blight/101.jpg,Potato___Late_blight,Tomato___Late_blight,0.825354
plantwild/extracted/plantwild/images/potato late blight/104.jpg,Potato___Late_blight,"Pepper,_bell___healthy",0.913855
plantwild/extracted/plantwild/images/potato late blight/105.jpg,Potato___Late_blight,"Pepper,_bell___healthy",0.539720
plantwild/extracted/plantwild/images/potato late blight/106.jpg,Potato___Late_blight,Corn___Common_rust,0.579730
plantwild/extracted/plantwild/images/potato late blight/109.jpg,Potato___Late_blight,Strawberry___Leaf_scorch,0.962205
plantwild/extracted/plantwild/images/potato late blight/11.jpg,Potato___Late_blight,Strawberry___Leaf_scorch,0.801440
plantwild/extracted/plantwild/images/potato late blight/110.jpg,Potato___Late_blight,"Pepper,_bell___healthy",0.604678
plantwild/extracted/plantwild/images/potato late blight/12.jpg,Potato___Late_blight,Strawberry___Leaf_scorch,0.935745
plantwild/extracted/plantwild/images/potato late blight/13.jpg,Potato___Late_blight,Potato___Early_blight,0.469173
plantwild/extracted/plantwild/images/potato late blight/15.jpg,Potato___Late_blight,"Pepper,_bell___healthy",0.742548
plantwild/extracted/plantwild/images/potato late blight/16.jpg,Potato___Late_blight,Cherry___healthy,0.813447
plantwild/extracted/plantwild/images/potato late blight/18.jpg,Potato___Late_blight,"Pepper,_bell___healthy",0.747793
plantwild/extracted/plantwild/images/potato late blight/19.jpg,Potato___Late_blight,Strawberry___Leaf_scorch,0.951265
plantwild/extracted/plantwild/images/potato late blight/2.jpg,Potato___Late_blight,Strawberry___Leaf_scorch,0.815136
plantwild/extracted/plantwild/images/potato late blight/20.jpg,Potato___Late_blight,"Pepper,_bell___healthy",0.249251
plantwild/extracted/plantwild/images/potato late blight/21.jpg,Potato___Late_blight,Strawberry___Leaf_scorch,0.827271
plantwild/extracted/plantwild/images/potato late blight/22.jpg,Potato___Late_blight,Corn___Common_rust,0.833847
plantwild/extracted/plantwild/images/potato late blight/23.jpg,Potato___Late_blight,"Pepper,_bell___healthy",0.242120
plantwild/extracted/plantwild/images/potato late blight/24.jpg,Potato___Late_blight,Cherry___healthy,0.874221
plantwild/extracted/plantwild/images/potato late blight/25.jpg,Potato___Late_blight,Potato___Late_blight,0.702067
plantwild/extracted/plantwild/images/potato late blight/28 - Copy.jpg,Potato___Late_blight,Potato___Late_blight,0.419238
plantwild/extracted/plantwild/images/potato late blight/28.jpg,Potato___Late_blight,Tomato___Late_blight,0.650132
plantwild/extracted/plantwild/images/potato late blight/29.jpg,Potato___Late_blight,Tomato___Late_blight,0.705442
plantwild/extracted/plantwild/images/potato late blight/3.jpg,Potato___Late_blight,Cherry___healthy,0.761591
plantwild/extracted/plantwild/images/potato late blight/30 - Copy.jpg,Potato___Late_blight,Orange___Haunglongbing_(Citrus_greening),0.442771
plantwild/extracted/plantwild/images/potato late blight/30.jpg,Potato___Late_blight,Corn___Common_rust,0.463204
plantwild/extracted/plantwild/images/potato late blight/32.jpg,Potato___Late_blight,"Pepper,_bell___healthy",0.249559
plantwild/extracted/plantwild/images/potato late blight/33.jpg,Potato___Late_blight,Cherry___healthy,0.957380
plantwild/extracted/plantwild/images/potato late blight/34 - Copy (2).jpg,Potato___Late_blight,Corn___healthy,0.396755
plantwild/extracted/plantwild/images/potato late blight/34 - Copy (3).jpg,Potato___Late_blight,Tomato___Late_blight,0.530223
plantwild/extracted/plantwild/images/potato late blight/34 - Copy.jpg,Potato___Late_blight,Apple___Apple_scab,0.794373
plantwild/extracted/plantwild/images/potato late blight/34.jpg,Potato___Late_blight,Tomato___Tomato_Yellow_Leaf_Curl_Virus,0.449026
plantwild/extracted/plantwild/images/potato late blight/35.jpg,Potato___Late_blight,Tomato___Late_blight,0.465896
plantwild/extracted/plantwild/images/potato late blight/36 - Copy.jpg,Potato___Late_blight,Tomato___Late_blight,0.544182
plantwild/extracted/plantwild/images/potato late blight/36.jpg,Potato___Late_blight,Tomato___Late_blight,0.971387
plantwild/extracted/plantwild/images/potato late blight/37.jpg,Potato___Late_blight,Potato___Early_blight,0.652173
plantwild/extracted/plantwild/images/potato late blight/38 - Copy.jpg,Potato___Late_blight,Potato___Late_blight,0.876536
plantwild/extracted/plantwild/images/potato late blight/38.jpg,Potato___Late_blight,Tomato___Leaf_Mold,0.357901
plantwild/extracted/plantwild/images/potato late blight/39.jpg,Potato___Late_blight,Potato___Late_blight,0.472678
plantwild/extracted/plantwild/images/potato late blight/4.jpg,Potato___Late_blight,Strawberry___Leaf_scorch,0.898607
plantwild/extracted/plantwild/images/potato late blight/41.jpg,Potato___Late_blight,Tomato___Late_blight,0.957211
plantwild/extracted/plantwild/images/potato late blight/43.jpg,Potato___Late_blight,Tomato___Late_blight,0.818526
plantwild/extracted/plantwild/images/potato late blight/44.jpg,Potato___Late_blight,Potato___Late_blight,0.685480
plantwild/extracted/plantwild/images/potato late blight/45 - Copy (2).jpg,Potato___Late_blight,Corn___healthy,0.804120
plantwild/extracted/plantwild/images/potato late blight/45 - Copy (3).jpg,Potato___Late_blight,Tomato___Late_blight,0.953131
plantwild/extracted/plantwild/images/potato late blight/45 - Copy.jpg,Potato___Late_blight,Tomato___Late_blight,0.962481
plantwild/extracted/plantwild/images/potato late blight/45.jpg,Potato___Late_blight,Tomato___Late_blight,0.961511
plantwild/extracted/plantwild/images/potato late blight/47.jpg,Potato___Late_blight,Cherry___healthy,0.937901
plantwild/extracted/plantwild/images/potato late blight/5.jpg,Potato___Late_blight,Strawberry___Leaf_scorch,0.777949
plantwild/extracted/plantwild/images/potato late blight/50.jpg,Potato___Late_blight,"Pepper,_bell___healthy",0.947268
plantwild/extracted/plantwild/images/potato late blight/52.jpg,Potato___Late_blight,Cherry___healthy,0.714933
plantwild/extracted/plantwild/images/potato late blight/56.jpg,Potato___Late_blight,"Pepper,_bell___healthy",0.918087
plantwild/extracted/plantwild/images/potato late blight/58.jpg,Potato___Late_blight,Tomato___Late_blight,0.376017
plantwild/extracted/plantwild/images/potato late blight/59.jpg,Potato___Late_blight,Corn___healthy,0.320775
plantwild/extracted/plantwild/images/potato late blight/6.jpg,Potato___Late_blight,Tomato___Late_blight,0.906475
plantwild/extracted/plantwild/images/potato late blight/60.jpg,Potato___Late_blight,Strawberry___Leaf_scorch,0.694635
plantwild/extracted/plantwild/images/potato late blight/61.jpg,Potato___Late_blight,Strawberry___Leaf_scorch,0.945412
plantwild/extracted/plantwild/images/potato late blight/63.jpg,Potato___Late_blight,Tomato___Late_blight,0.949811
plantwild/extracted/plantwild/images/potato late blight/64.jpg,Potato___Late_blight,Cherry___healthy,0.564401
plantwild/extracted/plantwild/images/potato late blight/65.jpg,Potato___Late_blight,Corn___healthy,0.879635
plantwild/extracted/plantwild/images/potato late blight/66.jpg,Potato___Late_blight,"Pepper,_bell___healthy",0.512527
plantwild/extracted/plantwild/images/potato late blight/67.jpg,Potato___Late_blight,Strawberry___Leaf_scorch,0.666523
plantwild/extracted/plantwild/images/potato late blight/68.jpg,Potato___Late_blight,"Pepper,_bell___healthy",0.682347
plantwild/extracted/plantwild/images/potato late blight/69.jpg,Potato___Late_blight,Cherry___healthy,0.963403
plantwild/extracted/plantwild/images/potato late blight/7.jpg,Potato___Late_blight,Cherry___healthy,0.604815
plantwild/extracted/plantwild/images/potato late blight/70 - Copy (2).jpg,Potato___Late_blight,"Pepper,_bell___healthy",0.305509
plantwild/extracted/plantwild/images/potato late blight/70 - Copy (3).jpg,Potato___Late_blight,Tomato___Early_blight,0.557542
plantwild/extracted/plantwild/images/potato late blight/71.jpg,Potato___Late_blight,Corn___Common_rust,0.615129
plantwild/extracted/plantwild/images/potato late blight/75.jpg,Potato___Late_blight,Tomato___Early_blight,0.739266
plantwild/extracted/plantwild/images/potato late blight/78 - Copy.jpg,Potato___Late_blight,Potato___Late_blight,0.946249
plantwild/extracted/plantwild/images/potato late blight/78.jpg,Potato___Late_blight,Tomato___Late_blight,0.960548
plantwild/extracted/plantwild/images/potato late blight/79.jpg,Potato___Late_blight,Potato___Late_blight,0.616085
plantwild/extracted/plantwild/images/potato late blight/8.jpg,Potato___Late_blight,Cherry___healthy,0.643325
plantwild/extracted/plantwild/images/potato late blight/80 - Copy.jpg,Potato___Late_blight,Strawberry___Leaf_scorch,0.959257
plantwild/extracted/plantwild/images/potato late blight/81.jpg,Potato___Late_blight,Strawberry___Leaf_scorch,0.617266
plantwild/extracted/plantwild/images/potato late blight/82.jpg,Potato___Late_blight,Cherry___healthy,0.557926
plantwild/extracted/plantwild/images/potato late blight/85.jpg,Potato___Late_blight,Cherry___healthy,0.548659
plantwild/extracted/plantwild/images/potato late blight/86.jpg,Potato___Late_blight,Potato___Late_blight,0.866204
plantwild/extracted/plantwild/images/potato late blight/87.jpg,Potato___Late_blight,Strawberry___Leaf_scorch,0.914246
plantwild/extracted/plantwild/images/potato late blight/88.jpg,Potato___Late_blight,Potato___Early_blight,0.785793
plantwild/extracted/plantwild/images/potato late blight/9.jpg,Potato___Late_blight,Cherry___healthy,0.941418
plantwild/extracted/plantwild/images/potato late blight/92.jpg,Potato___Late_blight,Strawberry___Leaf_scorch,0.910120
plantwild/extracted/plantwild/images/potato late blight/93.jpg,Potato___Late_blight,"Pepper,_bell___healthy",0.588019
plantwild/extracted/plantwild/images/potato late blight/95.jpg,Potato___Late_blight,Tomato___Late_blight,0.962557
plantwild/extracted/plantwild/images/potato late blight/96.jpg,Potato___Late_blight,Strawberry___Leaf_scorch,0.914202
plantwild/extracted/plantwild/images/potato late blight/97.jpg,Potato___Late_blight,"Pepper,_bell___healthy",0.383606
plantwild/extracted/plantwild/images/potato late blight/98.jpg,Potato___Late_blight,"Pepper,_bell___healthy",0.505948
plantwild/extracted/plantwild/images/potato late blight/add (1).jpg,Potato___Late_blight,Strawberry___Leaf_scorch,0.914293
plantwild/extracted/plantwild/images/potato late blight/add (2).jpg,Potato___Late_blight,Tomato___Late_blight,0.900285
plantwild/extracted/plantwild/images/potato late blight/add (3).jpg,Potato___Late_blight,Potato___Late_blight,0.254151
plantwild/extracted/plantwild/images/potato late blight/add (4).jpg,Potato___Late_blight,Tomato___Late_blight,0.545083
plantwild/extracted/plantwild/images/potato late blight/add (5).jpg,Potato___Late_blight,Tomato___Late_blight,0.435530
plantwild/extracted/plantwild/images/potato late blight/add (6).jpg,Potato___Late_blight,Corn___Common_rust,0.802409
plantwild/extracted/plantwild/images/potato late blight/add (7).jpg,Potato___Late_blight,Strawberry___Leaf_scorch,0.531201
plantwild/extracted/plantwild/images/potato late blight/google_0000.jpg,Potato___Late_blight,Squash___Powdery_mildew,0.744652
plantwild/extracted/plantwild/images/potato late blight/google_0002.jpg,Potato___Late_blight,Potato___Early_blight,0.873873
plantwild/extracted/plantwild/images/potato late blight/google_0006.jpg,Potato___Late_blight,Potato___Late_blight,0.254151
plantwild/extracted/plantwild/images/potato late blight/google_0010 - Copy (2).jpg,Potato___Late_blight,Potato___Late_blight,0.968761
plantwild/extracted/plantwild/images/potato late blight/google_0010 - Copy.jpg,Potato___Late_blight,Potato___Late_blight,0.967758
plantwild/extracted/plantwild/images/potato late blight/google_0010.jpg,Potato___Late_blight,Potato___Late_blight,0.968141
plantwild/extracted/plantwild/images/potato late blight/google_0011.jpg,Potato___Late_blight,Strawberry___Leaf_scorch,0.955972
plantwild/extracted/plantwild/images/potato late blight/google_0012.jpg,Potato___Late_blight,Tomato___Late_blight,0.942861
plantwild/extracted/plantwild/images/potato late blight/google_0013.jpg,Potato___Late_blight,Strawberry___Leaf_scorch,0.857103
plantwild/extracted/plantwild/images/potato late blight/google_0015.jpg,Potato___Late_blight,Potato___Late_blight,0.969023
plantwild/extracted/plantwild/images/potato late blight/google_0021.jpg,Potato___Late_blight,Strawberry___Leaf_scorch,0.768360
plantwild/extracted/plantwild/images/potato late blight/google_0022.jpg,Potato___Late_blight,Tomato___Late_blight,0.951694
plantwild/extracted/plantwild/images/potato late blight/google_0023.jpg,Potato___Late_blight,Tomato___Late_blight,0.435530
plantwild/extracted/plantwild/images/potato late blight/google_0024 - Copy.jpg,Potato___Late_blight,"Pepper,_bell___healthy",0.891866
plantwild/extracted/plantwild/images/potato late blight/google_0026.jpg,Potato___Late_blight,Tomato___Late_blight,0.969040
plantwild/extracted/plantwild/images/potato late blight/google_0029.jpg,Potato___Late_blight,Strawberry___Leaf_scorch,0.278856
plantwild/extracted/plantwild/images/potato late blight/google_0030.jpg,Potato___Late_blight,"Pepper,_bell___healthy",0.623422
plantwild/extracted/plantwild/images/potato late blight/google_0032.jpg,Potato___Late_blight,Corn___healthy,0.942784
plantwild/extracted/plantwild/images/potato late blight/google_0033.jpg,Potato___Late_blight,Peach___Bacterial_spot,0.448686
plantwild/extracted/plantwild/images/potato late blight/google_0035.jpg,Potato___Late_blight,Potato___Early_blight,0.908565
plantwild/extracted/plantwild/images/potato late blight/google_0036.jpg,Potato___Late_blight,Tomato___Leaf_Mold,0.920609
plantwild/extracted/plantwild/images/potato late blight/google_0038.jpg,Potato___Late_blight,Strawberry___Leaf_scorch,0.407261
plantwild/extracted/plantwild/images/potato late blight/google_0039 - Copy (2).jpg,Potato___Late_blight,Potato___Late_blight,0.967400
plantwild/extracted/plantwild/images/potato late blight/google_0039 - Copy (3).jpg,Potato___Late_blight,Potato___Late_blight,0.967857
plantwild/extracted/plantwild/images/potato late blight/google_0039 - Copy (4).jpg,Potato___Late_blight,Potato___Late_blight,0.970731
plantwild/extracted/plantwild/images/potato late blight/google_0039.jpg,Potato___Late_blight,Tomato___Late_blight,0.909091
plantwild/extracted/plantwild/images/potato late blight/google_0042.jpg,Potato___Late_blight,Cherry___healthy,0.403417
plantwild/extracted/plantwild/images/potato late blight/google_0043.jpg,Potato___Late_blight,Tomato___Late_blight,0.314524
plantwild/extracted/plantwild/images/potato late blight/google_0045.jpg,Potato___Late_blight,Strawberry___Leaf_scorch,0.846572
plantwild/extracted/plantwild/images/potato late blight/google_0048.jpg,Potato___Late_blight,Cherry___healthy,0.721781
plantwild/extracted/plantwild/images/potato late blight/google_0049.jpg,Potato___Late_blight,Potato___Early_blight,0.786510
plantwild/extracted/plantwild/images/potato late blight/google_0050.jpg,Potato___Late_blight,Potato___Late_blight,0.522575
plantwild/extracted/plantwild/images/potato late blight/google_0051.jpg,Potato___Late_blight,"Pepper,_bell___healthy",0.248573
plantwild/extracted/plantwild/images/potato late blight/google_0052 - Copy.jpg,Potato___Late_blight,Tomato___Late_blight,0.964737
plantwild/extracted/plantwild/images/potato late blight/google_0052.jpg,Potato___Late_blight,Tomato___Late_blight,0.698724
plantwild/extracted/plantwild/images/potato late blight/google_0053.jpg,Potato___Late_blight,Strawberry___Leaf_scorch,0.390472
plantwild/extracted/plantwild/images/potato late blight/google_0054.jpg,Potato___Late_blight,Potato___Early_blight,0.687480
plantwild/extracted/plantwild/images/potato late blight/google_0055.jpg,Potato___Late_blight,Strawberry___Leaf_scorch,0.932884
plantwild/extracted/plantwild/images/potato late blight/google_0057.jpg,Potato___Late_blight,"Pepper,_bell___healthy",0.768754
plantwild/extracted/plantwild/images/potato late blight/google_0059.jpg,Potato___Late_blight,Corn___Cercospora_leaf_spot Gray_leaf_spot,0.797558
plantwild/extracted/plantwild/images/potato late blight/google_0063.jpg,Potato___Late_blight,Potato___Early_blight,0.888741
plantwild/extracted/plantwild/images/potato late blight/google_0064.jpg,Potato___Late_blight,Tomato___Late_blight,0.560234
plantwild/extracted/plantwild/images/potato late blight/google_0066 - Copy (2).jpg,Potato___Late_blight,Strawberry___Leaf_scorch,0.827222
plantwild/extracted/plantwild/images/potato late blight/google_0066 - Copy.jpg,Potato___Late_blight,Tomato___Late_blight,0.911776
plantwild/extracted/plantwild/images/potato late blight/google_0066.jpg,Potato___Late_blight,Tomato___Late_blight,0.956377
plantwild/extracted/plantwild/images/potato late blight/google_0067.jpg,Potato___Late_blight,Tomato___Early_blight,0.869545
plantwild/extracted/plantwild/images/potato late blight/google_0068.jpg,Potato___Late_blight,"Pepper,_bell___healthy",0.198271
plantwild/extracted/plantwild/images/potato late blight/google_0071.jpg,Potato___Late_blight,Tomato___Early_blight,0.716063
plantwild/extracted/plantwild/images/potato late blight/google_0074.jpg,Potato___Late_blight,"Pepper,_bell___healthy",0.891249
plantwild/extracted/plantwild/images/potato late blight/google_0075.jpg,Potato___Late_blight,Tomato___Late_blight,0.941933
plantwild/extracted/plantwild/images/potato late blight/google_0076.jpg,Potato___Late_blight,Strawberry___Leaf_scorch,0.953179
plantwild/extracted/plantwild/images/potato late blight/google_0077.jpg,Potato___Late_blight,Blueberry___healthy,0.901360
plantwild/extracted/plantwild/images/potato late blight/google_0078.jpg,Potato___Late_blight,Tomato___Late_blight,0.928591
plantwild/extracted/plantwild/images/potato late blight/google_0079.jpg,Potato___Late_blight,Strawberry___Leaf_scorch,0.793386
plantwild/extracted/plantwild/images/potato late blight/google_0082.jpg,Potato___Late_blight,"Pepper,_bell___healthy",0.634168
plantwild/extracted/plantwild/images/potato late blight/google_0084.jpg,Potato___Late_blight,Potato___Late_blight,0.773190
plantwild/extracted/plantwild/images/potato late blight/google_0085.jpg,Potato___Late_blight,Potato___Late_blight,0.830932
plantwild/extracted/plantwild/images/potato late blight/google_0086.jpg,Potato___Late_blight,"Pepper,_bell___healthy",0.428030
plantwild/extracted/plantwild/images/potato late blight/google_0087.jpg,Potato___Late_blight,Tomato___Late_blight,0.679174
plantwild/extracted/plantwild/images/potato late blight/google_0089.jpg,Potato___Late_blight,Strawberry___Leaf_scorch,0.807051
plantwild/extracted/plantwild/images/potato late blight/google_0090.jpg,Potato___Late_blight,Strawberry___Leaf_scorch,0.633388
plantwild/extracted/plantwild/images/potato late blight/google_0092.jpg,Potato___Late_blight,Strawberry___Leaf_scorch,0.938347
plantwild/extracted/plantwild/images/potato late blight/google_0097 - Copy.jpg,Potato___Late_blight,Tomato___Late_blight,0.634971
plantwild/extracted/plantwild/images/potato late blight/google_0097.jpg,Potato___Late_blight,Tomato___Late_blight,0.967872
plantwild/extracted/plantwild/images/potato late blight/google_0098 - Copy - Copy (2).jpg,Potato___Late_blight,Potato___Late_blight,0.968074
plantwild/extracted/plantwild/images/potato late blight/google_0098.jpg,Potato___Late_blight,Strawberry___Leaf_scorch,0.840164
plantwild/extracted/plantwild/images/potato late blight/google_0100.jpg,Potato___Late_blight,Potato___Early_blight,0.337026
plantwild/extracted/plantwild/images/potato late blight/google_0102.jpg,Potato___Late_blight,Strawberry___Leaf_scorch,0.578215
plantwild/extracted/plantwild/images/potato late blight/google_0105.jpg,Potato___Late_blight,Tomato___Late_blight,0.923242
plantwild/extracted/plantwild/images/potato late blight/google_0107.jpg,Potato___Late_blight,Tomato___Late_blight,0.920713
plantwild/extracted/plantwild/images/potato late blight/google_0110 - Copy.jpg,Potato___Late_blight,Tomato___Late_blight,0.552231
plantwild/extracted/plantwild/images/potato late blight/google_0110.jpg,Potato___Late_blight,Apple___healthy,0.253133
plantwild/extracted/plantwild/images/potato late blight/google_0112.jpg,Potato___Late_blight,Tomato___Late_blight,0.951145
plantwild/extracted/plantwild/images/potato late blight/google_0113.jpg,Potato___Late_blight,Tomato___Late_blight,0.968476
plantwild/extracted/plantwild/images/potato late blight/google_0114.jpg,Potato___Late_blight,Corn___healthy,0.335927
plantwild/extracted/plantwild/images/potato late blight/google_0118.jpg,Potato___Late_blight,Strawberry___Leaf_scorch,0.613572
plantwild/extracted/plantwild/images/potato late blight/google_0120.jpg,Potato___Late_blight,Cherry___healthy,0.308814
plantwild/extracted/plantwild/images/potato late blight/google_0121.jpg,Potato___Late_blight,Cherry___healthy,0.486168
plantwild/extracted/plantwild/images/potato late blight/google_0130 - Copy.jpg,Potato___Late_blight,Squash___Powdery_mildew,0.479098
plantwild/extracted/plantwild/images/potato late blight/google_0130.jpg,Potato___Late_blight,Tomato___Late_blight,0.960673
plantwild/extracted/plantwild/images/potato late blight/google_0131.jpg,Potato___Late_blight,Potato___Late_blight,0.887313
plantwild/extracted/plantwild/images/potato late blight/google_0135.jpg,Potato___Late_blight,Tomato___Late_blight,0.938064
plantwild/extracted/plantwild/images/potato late blight/google_0136.jpg,Potato___Late_blight,Squash___Powdery_mildew,0.757872
plantwild/extracted/plantwild/images/potato late blight/google_0137.jpg,Potato___Late_blight,"Pepper,_bell___healthy",0.398213
plantwild/extracted/plantwild/images/potato late blight/google_0138.jpg,Potato___Late_blight,Tomato___Early_blight,0.907669
plantwild/extracted/plantwild/images/potato late blight/google_0140.jpg,Potato___Late_blight,"Pepper,_bell___healthy",0.930076
plantwild/extracted/plantwild/images/potato late blight/google_0143.jpg,Potato___Late_blight,Tomato___Late_blight,0.494267
plantwild/extracted/plantwild/images/potato late blight/google_0149.jpg,Potato___Late_blight,"Pepper,_bell___healthy",0.421571
plantwild/extracted/plantwild/images/potato late blight/google_0151.jpg,Potato___Late_blight,Tomato___Late_blight,0.624733
plantwild/extracted/plantwild/images/potato late blight/google_0152.jpg,Potato___Late_blight,"Pepper,_bell___healthy",0.935602
plantwild/extracted/plantwild/images/potato late blight/google_0153 - Copy (2).jpg,Potato___Late_blight,Potato___Late_blight,0.968061
plantwild/extracted/plantwild/images/potato late blight/google_0154.jpg,Potato___Late_blight,Tomato___Late_blight,0.499353
plantwild/extracted/plantwild/images/potato late blight/google_0155.jpg,Potato___Late_blight,Potato___Late_blight,0.928129
plantwild/extracted/plantwild/images/potato late blight/google_0156.jpg,Potato___Late_blight,Strawberry___Leaf_scorch,0.802863
plantwild/extracted/plantwild/images/potato late blight/google_0157.jpg,Potato___Late_blight,Tomato___Late_blight,0.968784
plantwild/extracted/plantwild/images/potato late blight/google_0158.jpg,Potato___Late_blight,Potato___Late_blight,0.875224
plantwild/extracted/plantwild/images/potato late blight/google_0159.jpg,Potato___Late_blight,Strawberry___Leaf_scorch,0.771721
plantwild/extracted/plantwild/images/potato late blight/google_0160.jpg,Potato___Late_blight,Corn___healthy,0.761475
plantwild/extracted/plantwild/images/potato late blight/google_0162.jpg,Potato___Late_blight,Tomato___Late_blight,0.413032
plantwild/extracted/plantwild/images/potato late blight/google_0167.jpg,Potato___Late_blight,Corn___Common_rust,0.802409
plantwild/extracted/plantwild/images/potato late blight/google_0169.jpg,Potato___Late_blight,Strawberry___Leaf_scorch,0.928719
plantwild/extracted/plantwild/images/potato late blight/google_0174.jpg,Potato___Late_blight,Tomato___Target_Spot,0.556710
plantwild/extracted/plantwild/images/potato late blight/google_0175.jpg,Potato___Late_blight,Tomato___Late_blight,0.251873
plantwild/extracted/plantwild/images/potato late blight/google_0178.jpg,Potato___Late_blight,Strawberry___Leaf_scorch,0.741635
plantwild/extracted/plantwild/images/potato late blight/google_0179.jpg,Potato___Late_blight,Potato___Late_blight,0.967964
plantwild/extracted/plantwild/images/potato late blight/google_0182 - Copy.jpg,Potato___Late_blight,Corn___healthy,0.954233
plantwild/extracted/plantwild/images/potato late blight/google_0183.jpg,Potato___Late_blight,Potato___Late_blight,0.825336
plantwild/extracted/plantwild/images/potato late blight/google_0184.jpg,Potato___Late_blight,Corn___Common_rust,0.850003
plantwild/extracted/plantwild/images/potato late blight/google_0185.jpg,Potato___Late_blight,"Pepper,_bell___healthy",0.934925
plantwild/extracted/plantwild/images/potato late blight/google_0194 - Copy.jpg,Potato___Late_blight,Potato___Late_blight,0.968189
plantwild/extracted/plantwild/images/potato late blight/google_0195 - Copy.jpg,Potato___Late_blight,Tomato___Late_blight,0.212973
plantwild/extracted/plantwild/images/potato late blight/google_0197.jpg,Potato___Late_blight,Tomato___Late_blight,0.768946
plantwild/extracted/plantwild/images/potato late blight/google_0205.jpg,Potato___Late_blight,Strawberry___Leaf_scorch,0.900509
plantwild/extracted/plantwild/images/potato late blight/google_0208.jpg,Potato___Late_blight,Tomato___Late_blight,0.962268
plantwild/extracted/plantwild/images/potato late blight/google_0212.jpg,Potato___Late_blight,"Pepper,_bell___healthy",0.810692
plantwild/extracted/plantwild/images/potato late blight/google_0213 - Copy (2).jpg,Potato___Late_blight,Potato___Late_blight,0.966386
plantwild/extracted/plantwild/images/potato late blight/google_0213 - Copy (3).jpg,Potato___Late_blight,Potato___Late_blight,0.968129
plantwild/extracted/plantwild/images/potato late blight/google_0219 - Copy.jpg,Potato___Late_blight,Tomato___Late_blight,0.926127
plantwild/extracted/plantwild/images/potato late blight/google_0219.jpg,Potato___Late_blight,Corn___healthy,0.501299
plantwild/extracted/plantwild/images/potato late blight/google_0225.jpg,Potato___Late_blight,Corn___healthy,0.903910
plantwild/extracted/plantwild/images/potato late blight/google_0234.jpg,Potato___Late_blight,Tomato___Early_blight,0.450298
plantwild/extracted/plantwild/images/potato late blight/google_0235.jpg,Potato___Late_blight,Tomato___Late_blight,0.936332
plantwild/extracted/plantwild/images/potato late blight/google_0240 - Copy.jpg,Potato___Late_blight,Tomato___Early_blight,0.967550
plantwild/extracted/plantwild/images/potato late blight/google_0240.jpg,Potato___Late_blight,Tomato___Early_blight,0.953383
plantwild/extracted/plantwild/images/potato late blight/google_0246.jpg,Potato___Late_blight,Tomato___Early_blight,0.940246
plantwild/extracted/plantwild/images/potato late blight/google_0253.jpg,Potato___Late_blight,Corn___Common_rust,0.327467
plantwild/extracted/plantwild/images/potato late blight/google_0265 - Copy.jpg,Potato___Late_blight,Potato___Late_blight,0.966799
plantwild/extracted/plantwild/images/potato late blight/google_0266.jpg,Potato___Late_blight,Tomato___Late_blight,0.891082
plantwild/extracted/plantwild/images/potato late blight/google_0271.jpg,Potato___Late_blight,Cherry___healthy,0.815362
plantwild/extracted/plantwild/images/potato late blight/google_0274 - Copy (2).jpg,Potato___Late_blight,Potato___Late_blight,0.960234
plantwild/extracted/plantwild/images/potato late blight/google_0274 - Copy (3).jpg,Potato___Late_blight,Tomato___Late_blight,0.967405
plantwild/extracted/plantwild/images/potato late blight/google_0282.jpg,Potato___Late_blight,Strawberry___Leaf_scorch,0.464782
plantwild/extracted/plantwild/images/potato late blight/google_0303 - Copy (2).jpg,Potato___Late_blight,Tomato___Late_blight,0.810086
plantwild/extracted/plantwild/images/potato late blight/google_0303 - Copy.jpg,Potato___Late_blight,Tomato___Late_blight,0.626144
plantwild/extracted/plantwild/images/potato late blight/google_0303.jpg,Potato___Late_blight,Tomato___Late_blight,0.945680
plantwild/extracted/plantwild/images/potato late blight/google_0306 - Copy (2).jpg,Potato___Late_blight,Potato___Late_blight,0.803572
plantwild/extracted/plantwild/images/potato late blight/google_0306 - Copy (3).jpg,Potato___Late_blight,Potato___Late_blight,0.967980
plantwild/extracted/plantwild/images/potato late blight/google_0306 - Copy (4).jpg,Potato___Late_blight,Potato___Late_blight,0.966810
plantwild/extracted/plantwild/images/potato late blight/google_0306 - Copy (5).jpg,Potato___Late_blight,Potato___Late_blight,0.965112
plantwild/extracted/plantwild/images/potato late blight/google_0306 - Copy (6).jpg,Potato___Late_blight,Potato___Late_blight,0.969322
plantwild/extracted/plantwild/images/potato late blight/google_0313 - Copy (2) - Copy.jpg,Potato___Late_blight,Tomato___Late_blight,0.920781
plantwild/extracted/plantwild/images/potato late blight/google_0313 - Copy (2).jpg,Potato___Late_blight,Tomato___Late_blight,0.939638
plantwild/extracted/plantwild/images/potato late blight/google_0313 - Copy (3) - Copy.jpg,Potato___Late_blight,Tomato___Late_blight,0.949624
plantwild/extracted/plantwild/images/potato late blight/google_0320 - Copy.jpg,Potato___Late_blight,Potato___Late_blight,0.967852
plantwild/extracted/plantwild/images/potato leaf/1.jpg,Potato___healthy,Cherry___healthy,0.591922
plantwild/extracted/plantwild/images/potato leaf/10.jpg,Potato___healthy,"Pepper,_bell___healthy",0.300676
plantwild/extracted/plantwild/images/potato leaf/101.jpg,Potato___healthy,Corn___Cercospora_leaf_spot Gray_leaf_spot,0.647229
plantwild/extracted/plantwild/images/potato leaf/104.jpg,Potato___healthy,Cherry___healthy,0.903844
plantwild/extracted/plantwild/images/potato leaf/106.jpg,Potato___healthy,"Pepper,_bell___healthy",0.751163
plantwild/extracted/plantwild/images/potato leaf/107.jpg,Potato___healthy,Strawberry___Leaf_scorch,0.898302
plantwild/extracted/plantwild/images/potato leaf/108.jpg,Potato___healthy,Strawberry___Leaf_scorch,0.380019
plantwild/extracted/plantwild/images/potato leaf/109.jpg,Potato___healthy,Blueberry___healthy,0.798272
plantwild/extracted/plantwild/images/potato leaf/11.jpg,Potato___healthy,"Pepper,_bell___healthy",0.379865
plantwild/extracted/plantwild/images/potato leaf/110.jpg,Potato___healthy,Grape___healthy,0.402281
plantwild/extracted/plantwild/images/potato leaf/12.jpg,Potato___healthy,Blueberry___healthy,0.798272
plantwild/extracted/plantwild/images/potato leaf/13.jpg,Potato___healthy,"Pepper,_bell___healthy",0.880128
plantwild/extracted/plantwild/images/potato leaf/14.jpg,Potato___healthy,Strawberry___Leaf_scorch,0.868000
plantwild/extracted/plantwild/images/potato leaf/15.jpg,Potato___healthy,Corn___healthy,0.934578
plantwild/extracted/plantwild/images/potato leaf/16.jpg,Potato___healthy,Strawberry___Leaf_scorch,0.879297
plantwild/extracted/plantwild/images/potato leaf/17.jpg,Potato___healthy,Blueberry___healthy,0.895612
plantwild/extracted/plantwild/images/potato leaf/18.jpg,Potato___healthy,Blueberry___healthy,0.644409
plantwild/extracted/plantwild/images/potato leaf/19.jpg,Potato___healthy,Strawberry___Leaf_scorch,0.834675
plantwild/extracted/plantwild/images/potato leaf/2.jpg,Potato___healthy,Strawberry___Leaf_scorch,0.927351
plantwild/extracted/plantwild/images/potato leaf/20.jpg,Potato___healthy,"Pepper,_bell___healthy",0.441956
plantwild/extracted/plantwild/images/potato leaf/21.jpg,Potato___healthy,Corn___healthy,0.482244
plantwild/extracted/plantwild/images/potato leaf/22.jpg,Potato___healthy,Blueberry___healthy,0.832221
plantwild/extracted/plantwild/images/potato leaf/23.jpg,Potato___healthy,"Pepper,_bell___healthy",0.462850
plantwild/extracted/plantwild/images/potato leaf/24.jpg,Potato___healthy,Blueberry___healthy,0.403558
plantwild/extracted/plantwild/images/potato leaf/25.jpg,Potato___healthy,"Pepper,_bell___healthy",0.964802
plantwild/extracted/plantwild/images/potato leaf/26.jpg,Potato___healthy,Cherry___healthy,0.574790
plantwild/extracted/plantwild/images/potato leaf/27.jpg,Potato___healthy,Cherry___healthy,0.954801
plantwild/extracted/plantwild/images/potato leaf/28.jpg,Potato___healthy,Blueberry___healthy,0.808059
plantwild/extracted/plantwild/images/potato leaf/29.jpg,Potato___healthy,Blueberry___healthy,0.912088
plantwild/extracted/plantwild/images/potato leaf/3.jpg,Potato___healthy,"Pepper,_bell___healthy",0.862061
plantwild/extracted/plantwild/images/potato leaf/30.jpg,Potato___healthy,Cherry___healthy,0.299107
plantwild/extracted/plantwild/images/potato leaf/31.jpg,Potato___healthy,"Pepper,_bell___healthy",0.453521
plantwild/extracted/plantwild/images/potato leaf/32.jpg,Potato___healthy,Corn___healthy,0.701117
plantwild/extracted/plantwild/images/potato leaf/33.jpg,Potato___healthy,Cherry___healthy,0.892810
plantwild/extracted/plantwild/images/potato leaf/34.jpg,Potato___healthy,Cherry___healthy,0.965060
plantwild/extracted/plantwild/images/potato leaf/35.jpg,Potato___healthy,"Pepper,_bell___healthy",0.944405
plantwild/extracted/plantwild/images/potato leaf/36.jpg,Potato___healthy,"Pepper,_bell___healthy",0.941493
plantwild/extracted/plantwild/images/potato leaf/37.jpg,Potato___healthy,Tomato___Tomato_Yellow_Leaf_Curl_Virus,0.835274
plantwild/extracted/plantwild/images/potato leaf/38.jpg,Potato___healthy,Blueberry___healthy,0.809248
plantwild/extracted/plantwild/images/potato leaf/39.jpg,Potato___healthy,Blueberry___healthy,0.781694
plantwild/extracted/plantwild/images/potato leaf/4.jpg,Potato___healthy,"Pepper,_bell___healthy",0.836423
plantwild/extracted/plantwild/images/potato leaf/40.jpg,Potato___healthy,Tomato___Early_blight,0.864839
plantwild/extracted/plantwild/images/potato leaf/41.jpg,Potato___healthy,Squash___Powdery_mildew,0.607162
plantwild/extracted/plantwild/images/potato leaf/42.jpg,Potato___healthy,Strawberry___Leaf_scorch,0.966403
plantwild/extracted/plantwild/images/potato leaf/43.jpg,Potato___healthy,"Pepper,_bell___healthy",0.936644
plantwild/extracted/plantwild/images/potato leaf/45.jpg,Potato___healthy,Strawberry___Leaf_scorch,0.363879
plantwild/extracted/plantwild/images/potato leaf/46.jpg,Potato___healthy,Strawberry___Leaf_scorch,0.938783
plantwild/extracted/plantwild/images/potato leaf/47.jpg,Potato___healthy,Blueberry___healthy,0.452783
plantwild/extracted/plantwild/images/potato leaf/48.jpg,Potato___healthy,Strawberry___Leaf_scorch,0.401189
plantwild/extracted/plantwild/images/potato leaf/49.jpg,Potato___healthy,Cherry___healthy,0.562092
plantwild/extracted/plantwild/images/potato leaf/5.jpg,Potato___healthy,"Pepper,_bell___healthy",0.380475
plantwild/extracted/plantwild/images/potato leaf/50.jpg,Potato___healthy,"Pepper,_bell___healthy",0.448400
plantwild/extracted/plantwild/images/potato leaf/51.jpg,Potato___healthy,Strawberry___Leaf_scorch,0.954217
plantwild/extracted/plantwild/images/potato leaf/52.jpg,Potato___healthy,Tomato___Early_blight,0.356473
plantwild/extracted/plantwild/images/potato leaf/53.jpg,Potato___healthy,"Pepper,_bell___healthy",0.547907
plantwild/extracted/plantwild/images/potato leaf/54.jpg,Potato___healthy,Blueberry___healthy,0.951239
plantwild/extracted/plantwild/images/potato leaf/57.jpg,Potato___healthy,"Pepper,_bell___healthy",0.575618
plantwild/extracted/plantwild/images/potato leaf/58.jpg,Potato___healthy,"Pepper,_bell___healthy",0.958569
plantwild/extracted/plantwild/images/potato leaf/59.jpg,Potato___healthy,Blueberry___healthy,0.816460
plantwild/extracted/plantwild/images/potato leaf/6.jpg,Potato___healthy,Blueberry___healthy,0.640349
plantwild/extracted/plantwild/images/potato leaf/61.jpg,Potato___healthy,Tomato___Spider_mites Two-spotted_spider_mite,0.389913
plantwild/extracted/plantwild/images/potato leaf/62.jpg,Potato___healthy,"Pepper,_bell___healthy",0.841927
plantwild/extracted/plantwild/images/potato leaf/63.jpg,Potato___healthy,Cherry___healthy,0.330612
plantwild/extracted/plantwild/images/potato leaf/64.jpg,Potato___healthy,Blueberry___healthy,0.288090
plantwild/extracted/plantwild/images/potato leaf/65.jpg,Potato___healthy,Cherry___healthy,0.936773
plantwild/extracted/plantwild/images/potato leaf/66.jpg,Potato___healthy,Corn___healthy,0.688184
plantwild/extracted/plantwild/images/potato leaf/67.jpg,Potato___healthy,Cherry___healthy,0.955899
plantwild/extracted/plantwild/images/potato leaf/68.jpg,Potato___healthy,Strawberry___Leaf_scorch,0.495071
plantwild/extracted/plantwild/images/potato leaf/69.jpg,Potato___healthy,Strawberry___Leaf_scorch,0.939572
plantwild/extracted/plantwild/images/potato leaf/7.jpg,Potato___healthy,Tomato___Tomato_Yellow_Leaf_Curl_Virus,0.411419
plantwild/extracted/plantwild/images/potato leaf/70.jpg,Potato___healthy,Cherry___healthy,0.494573
plantwild/extracted/plantwild/images/potato leaf/71.jpg,Potato___healthy,"Pepper,_bell___healthy",0.844599
plantwild/extracted/plantwild/images/potato leaf/72.jpg,Potato___healthy,"Pepper,_bell___healthy",0.513688
plantwild/extracted/plantwild/images/potato leaf/73.jpg,Potato___healthy,Corn___Northern_Leaf_Blight,0.775541
plantwild/extracted/plantwild/images/potato leaf/74.jpg,Potato___healthy,Corn___healthy,0.318721
plantwild/extracted/plantwild/images/potato leaf/75.jpg,Potato___healthy,Cherry___healthy,0.895868
plantwild/extracted/plantwild/images/potato leaf/76.jpg,Potato___healthy,Cherry___healthy,0.861466
plantwild/extracted/plantwild/images/potato leaf/77.jpg,Potato___healthy,"Pepper,_bell___healthy",0.580908
plantwild/extracted/plantwild/images/potato leaf/78.jpg,Potato___healthy,Squash___Powdery_mildew,0.558035
plantwild/extracted/plantwild/images/potato leaf/79.jpg,Potato___healthy,Strawberry___Leaf_scorch,0.940497
plantwild/extracted/plantwild/images/potato leaf/8.jpg,Potato___healthy,"Pepper,_bell___healthy",0.535479
plantwild/extracted/plantwild/images/potato leaf/82.jpg,Potato___healthy,Blueberry___healthy,0.826358
plantwild/extracted/plantwild/images/potato leaf/84.jpg,Potato___healthy,"Pepper,_bell___healthy",0.861713
plantwild/extracted/plantwild/images/potato leaf/85.jpg,Potato___healthy,"Pepper,_bell___healthy",0.941994
plantwild/extracted/plantwild/images/potato leaf/86.jpg,Potato___healthy,Tomato___Early_blight,0.958647
plantwild/extracted/plantwild/images/potato leaf/87.jpg,Potato___healthy,Cherry___healthy,0.898018
plantwild/extracted/plantwild/images/potato leaf/88.jpg,Potato___healthy,Tomato___Tomato_mosaic_virus,0.694099
plantwild/extracted/plantwild/images/potato leaf/89.jpg,Potato___healthy,Cherry___healthy,0.952358
plantwild/extracted/plantwild/images/potato leaf/9.jpg,Potato___healthy,Cherry___healthy,0.572074
plantwild/extracted/plantwild/images/potato leaf/90.jpg,Potato___healthy,Tomato___Late_blight,0.350988
plantwild/extracted/plantwild/images/potato leaf/91.jpg,Potato___healthy,Cherry___healthy,0.892201
plantwild/extracted/plantwild/images/potato leaf/92.jpg,Potato___healthy,"Pepper,_bell___healthy",0.880317
plantwild/extracted/plantwild/images/potato leaf/93.jpg,Potato___healthy,Corn___Northern_Leaf_Blight,0.743822
plantwild/extracted/plantwild/images/potato leaf/94.jpg,Potato___healthy,Cherry___healthy,0.321987
plantwild/extracted/plantwild/images/potato leaf/95.jpg,Potato___healthy,Blueberry___healthy,0.615536
plantwild/extracted/plantwild/images/potato leaf/96.jpg,Potato___healthy,Cherry___healthy,0.370546
plantwild/extracted/plantwild/images/potato leaf/97.jpg,Potato___healthy,Tomato___Early_blight,0.951756
plantwild/extracted/plantwild/images/potato leaf/98.jpg,Potato___healthy,Tomato___Early_blight,0.271776
plantwild/extracted/plantwild/images/potato leaf/99.jpg,Potato___healthy,Strawberry___Leaf_scorch,0.310851
plantwild/extracted/plantwild/images/potato leaf/google_0000.jpg,Potato___healthy,Cherry___healthy,0.575160
plantwild/extracted/plantwild/images/potato leaf/google_0001.jpg,Potato___healthy,"Pepper,_bell___healthy",0.868882
plantwild/extracted/plantwild/images/potato leaf/google_0002.jpg,Potato___healthy,Blueberry___healthy,0.956804
plantwild/extracted/plantwild/images/potato leaf/google_0003.jpg,Potato___healthy,Cherry___healthy,0.938998
plantwild/extracted/plantwild/images/potato leaf/google_0005.jpg,Potato___healthy,"Pepper,_bell___healthy",0.784761
plantwild/extracted/plantwild/images/potato leaf/google_0006.jpg,Potato___healthy,Cherry___healthy,0.385724
plantwild/extracted/plantwild/images/potato leaf/google_0007.jpg,Potato___healthy,Strawberry___Leaf_scorch,0.769773
plantwild/extracted/plantwild/images/potato leaf/google_0008.jpg,Potato___healthy,Corn___healthy,0.383626
plantwild/extracted/plantwild/images/potato leaf/google_0011.jpg,Potato___healthy,"Pepper,_bell___healthy",0.754946
plantwild/extracted/plantwild/images/potato leaf/google_0012.jpg,Potato___healthy,Blueberry___healthy,0.827171
plantwild/extracted/plantwild/images/potato leaf/google_0021.jpg,Potato___healthy,Tomato___Late_blight,0.889328
plantwild/extracted/plantwild/images/potato leaf/google_0023.jpg,Potato___healthy,Cherry___healthy,0.587059
plantwild/extracted/plantwild/images/potato leaf/google_0025.jpg,Potato___healthy,Blueberry___healthy,0.827325
plantwild/extracted/plantwild/images/potato leaf/google_0029.jpg,Potato___healthy,Cherry___healthy,0.954644
plantwild/extracted/plantwild/images/potato leaf/google_0030.jpg,Potato___healthy,Tomato___Late_blight,0.459618
plantwild/extracted/plantwild/images/potato leaf/google_0031.jpg,Potato___healthy,Corn___healthy,0.582724
plantwild/extracted/plantwild/images/potato leaf/google_0034.jpg,Potato___healthy,"Pepper,_bell___healthy",0.852940
plantwild/extracted/plantwild/images/potato leaf/google_0043.jpg,Potato___healthy,"Pepper,_bell___healthy",0.336523
plantwild/extracted/plantwild/images/potato leaf/google_0045.jpg,Potato___healthy,Blueberry___healthy,0.500883
plantwild/extracted/plantwild/images/potato leaf/google_0046.jpg,Potato___healthy,"Pepper,_bell___healthy",0.809706
plantwild/extracted/plantwild/images/potato leaf/google_0047.jpg,Potato___healthy,"Pepper,_bell___healthy",0.495424
plantwild/extracted/plantwild/images/potato leaf/google_0056.jpg,Potato___healthy,"Pepper,_bell___healthy",0.502398
plantwild/extracted/plantwild/images/potato leaf/google_0060.jpg,Potato___healthy,Cherry___healthy,0.784055
plantwild/extracted/plantwild/images/potato leaf/google_0063.jpg,Potato___healthy,Cherry___healthy,0.254266
plantwild/extracted/plantwild/images/potato leaf/google_0064.jpg,Potato___healthy,Blueberry___healthy,0.327382
plantwild/extracted/plantwild/images/potato leaf/google_0068.jpg,Potato___healthy,Strawberry___Leaf_scorch,0.782740
plantwild/extracted/plantwild/images/potato leaf/google_0070.jpg,Potato___healthy,Blueberry___healthy,0.924754
plantwild/extracted/plantwild/images/potato leaf/google_0082.jpg,Potato___healthy,Blueberry___healthy,0.618952
plantwild/extracted/plantwild/images/potato leaf/google_0087.jpg,Potato___healthy,Tomato___Late_blight,0.762398
plantwild/extracted/plantwild/images/potato leaf/google_0088.jpg,Potato___healthy,"Pepper,_bell___healthy",0.961880
plantwild/extracted/plantwild/images/potato leaf/google_0090.jpg,Potato___healthy,"Pepper,_bell___healthy",0.258556
plantwild/extracted/plantwild/images/potato leaf/google_0091.jpg,Potato___healthy,Corn___healthy,0.669248
plantwild/extracted/plantwild/images/potato leaf/google_0097.jpg,Potato___healthy,"Pepper,_bell___healthy",0.336011
plantwild/extracted/plantwild/images/potato leaf/google_0099.jpg,Potato___healthy,"Pepper,_bell___healthy",0.942295
plantwild/extracted/plantwild/images/potato leaf/google_0105.jpg,Potato___healthy,"Pepper,_bell___healthy",0.913627
plantwild/extracted/plantwild/images/potato leaf/google_0106.jpg,Potato___healthy,Tomato___Early_blight,0.436001
plantwild/extracted/plantwild/images/potato leaf/google_0110.jpg,Potato___healthy,"Pepper,_bell___healthy",0.918312
plantwild/extracted/plantwild/images/potato leaf/google_0114.jpg,Potato___healthy,"Pepper,_bell___healthy",0.413500
plantwild/extracted/plantwild/images/potato leaf/google_0116.jpg,Potato___healthy,"Pepper,_bell___healthy",0.955486
plantwild/extracted/plantwild/images/potato leaf/google_0119.jpg,Potato___healthy,Tomato___Late_blight,0.929516
plantwild/extracted/plantwild/images/potato leaf/google_0123.jpg,Potato___healthy,"Pepper,_bell___healthy",0.747270
plantwild/extracted/plantwild/images/potato leaf/google_0126.jpg,Potato___healthy,"Pepper,_bell___healthy",0.937008
plantwild/extracted/plantwild/images/potato leaf/google_0128.jpg,Potato___healthy,"Pepper,_bell___healthy",0.666473
plantwild/extracted/plantwild/images/potato leaf/google_0129.jpg,Potato___healthy,"Pepper,_bell___healthy",0.411099
plantwild/extracted/plantwild/images/potato leaf/google_0130.jpg,Potato___healthy,"Pepper,_bell___healthy",0.956140
plantwild/extracted/plantwild/images/potato leaf/google_0132.jpg,Potato___healthy,"Pepper,_bell___healthy",0.938118
plantwild/extracted/plantwild/images/potato leaf/google_0137.jpg,Potato___healthy,"Pepper,_bell___healthy",0.949125
plantwild/extracted/plantwild/images/potato leaf/google_0139.jpg,Potato___healthy,"Pepper,_bell___healthy",0.541938
plantwild/extracted/plantwild/images/potato leaf/google_0142.jpg,Potato___healthy,"Pepper,_bell___healthy",0.941786
plantwild/extracted/plantwild/images/potato leaf/google_0143.jpg,Potato___healthy,"Pepper,_bell___healthy",0.968628
plantwild/extracted/plantwild/images/potato leaf/google_0148.jpg,Potato___healthy,Cherry___healthy,0.903259
plantwild/extracted/plantwild/images/potato leaf/google_0149.jpg,Potato___healthy,Cherry___healthy,0.458583
plantwild/extracted/plantwild/images/potato leaf/google_0153.jpg,Potato___healthy,Corn___healthy,0.685252
plantwild/extracted/plantwild/images/potato leaf/google_0157.jpg,Potato___healthy,Tomato___Early_blight,0.847811
plantwild/extracted/plantwild/images/potato leaf/google_0159.jpg,Potato___healthy,Blueberry___healthy,0.766382
plantwild/extracted/plantwild/images/potato leaf/google_0165.jpg,Potato___healthy,"Pepper,_bell___healthy",0.908166
plantwild/extracted/plantwild/images/potato leaf/google_0173.jpg,Potato___healthy,Cherry___healthy,0.931295
plantwild/extracted/plantwild/images/potato leaf/google_0177.jpg,Potato___healthy,Strawberry___Leaf_scorch,0.907346
plantwild/extracted/plantwild/images/potato leaf/google_0193.jpg,Potato___healthy,Blueberry___healthy,0.779678
plantwild/extracted/plantwild/images/potato leaf/google_0196.jpg,Potato___healthy,"Pepper,_bell___healthy",0.339990
plantwild/extracted/plantwild/images/potato leaf/google_0201.jpg,Potato___healthy,"Pepper,_bell___healthy",0.865321
plantwild/extracted/plantwild/images/potato leaf/google_0203.jpg,Potato___healthy,"Pepper,_bell___healthy",0.526901
plantwild/extracted/plantwild/images/potato leaf/google_0205.jpg,Potato___healthy,"Pepper,_bell___healthy",0.925123
plantwild/extracted/plantwild/images/potato leaf/google_0207.jpg,Potato___healthy,"Pepper,_bell___healthy",0.470576
plantwild/extracted/plantwild/images/potato leaf/google_0216.jpg,Potato___healthy,"Pepper,_bell___healthy",0.863678
plantwild/extracted/plantwild/images/potato leaf/google_0218.jpg,Potato___healthy,Cherry___healthy,0.802489
plantwild/extracted/plantwild/images/potato leaf/google_0219.jpg,Potato___healthy,Cherry___healthy,0.945221
plantwild/extracted/plantwild/images/potato leaf/google_0229.jpg,Potato___healthy,"Pepper,_bell___healthy",0.929762
plantwild/extracted/plantwild/images/potato leaf/google_0243.jpg,Potato___healthy,Cherry___healthy,0.273791
plantwild/extracted/plantwild/images/potato leaf/google_0245.jpg,Potato___healthy,"Pepper,_bell___healthy",0.957073
plantwild/extracted/plantwild/images/potato leaf/google_0258.jpg,Potato___healthy,Cherry___healthy,0.734725
plantwild/extracted/plantwild/images/potato leaf/google_0259.jpg,Potato___healthy,Corn___healthy,0.963642
plantwild/extracted/plantwild/images/potato leaf/google_0262.jpg,Potato___healthy,"Pepper,_bell___healthy",0.965756
plantwild/extracted/plantwild/images/potato leaf/google_0273.jpg,Potato___healthy,"Pepper,_bell___healthy",0.927806
plantwild/extracted/plantwild/images/potato leaf/google_0275.jpg,Potato___healthy,Potato___healthy,0.769999
plantwild/extracted/plantwild/images/potato leaf/google_0281.jpg,Potato___healthy,Cherry___healthy,0.851642
plantwild/extracted/plantwild/images/potato leaf/google_0287.jpg,Potato___healthy,"Pepper,_bell___healthy",0.962495
plantwild/extracted/plantwild/images/potato leaf/google_0292.jpg,Potato___healthy,"Pepper,_bell___healthy",0.537377
plantwild/extracted/plantwild/images/potato leaf/google_0293.jpg,Potato___healthy,"Pepper,_bell___healthy",0.822512
plantwild/extracted/plantwild/images/potato leaf/google_0298.jpg,Potato___healthy,"Pepper,_bell___healthy",0.949133
plantwild/extracted/plantwild/images/potato leaf/google_0299.jpg,Potato___healthy,"Pepper,_bell___healthy",0.522866
plantwild/extracted/plantwild/images/potato leaf/google_0303.jpg,Potato___healthy,Cherry___healthy,0.778560
plantwild/extracted/plantwild/images/potato leaf/google_0308.jpg,Potato___healthy,Cherry___healthy,0.607719
plantwild/extracted/plantwild/images/potato leaf/google_0311.jpg,Potato___healthy,Corn___healthy,0.949923
plantwild/extracted/plantwild/images/potato leaf/google_0315.jpg,Potato___healthy,"Pepper,_bell___healthy",0.951972
plantwild/extracted/plantwild/images/potato leaf/google_0316.jpg,Potato___healthy,"Pepper,_bell___healthy",0.956569
plantwild/extracted/plantwild/images/potato leaf/google_0319.jpg,Potato___healthy,"Pepper,_bell___healthy",0.513462
plantwild/extracted/plantwild/images/potato leaf/google_0322.jpg,Potato___healthy,"Pepper,_bell___healthy",0.960160
plantwild/extracted/plantwild/images/potato leaf/google_0323.jpg,Potato___healthy,"Pepper,_bell___healthy",0.398433
plantwild/extracted/plantwild/images/potato leaf/google_0326.jpg,Potato___healthy,"Pepper,_bell___healthy",0.945993
plantwild/extracted/plantwild/images/potato leaf/google_0328.jpg,Potato___healthy,"Pepper,_bell___healthy",0.824066
plantwild/extracted/plantwild/images/potato leaf/google_0333.jpg,Potato___healthy,"Pepper,_bell___healthy",0.932142
plantwild/extracted/plantwild/images/potato leaf/google_0349.jpg,Potato___healthy,"Pepper,_bell___healthy",0.802940
plantwild/extracted/plantwild/images/potato leaf/google_0358.jpg,Potato___healthy,"Pepper,_bell___healthy",0.789752
plantwild/extracted/plantwild/images/potato leaf/google_0360.jpg,Potato___healthy,"Pepper,_bell___healthy",0.955858
plantwild/extracted/plantwild/images/potato leaf/google_0374.jpg,Potato___healthy,"Pepper,_bell___healthy",0.923222
plantwild/extracted/plantwild/images/potato leaf/google_0376.jpg,Potato___healthy,Cherry___healthy,0.666504
plantwild/extracted/plantwild/images/potato leaf/google_0386.jpg,Potato___healthy,Corn___healthy,0.484194
plantwild/extracted/plantwild/images/potato leaf/google_0388.jpg,Potato___healthy,Cherry___healthy,0.510371
plantwild/extracted/plantwild/images/potato leaf/google_0390.jpg,Potato___healthy,"Pepper,_bell___healthy",0.963861
plantwild/extracted/plantwild/images/potato leaf/google_0397.jpg,Potato___healthy,Tomato___Late_blight,0.627560
plantwild/extracted/plantwild/images/potato leaf/google_0402.jpg,Potato___healthy,"Pepper,_bell___healthy",0.866722
plantwild/extracted/plantwild/images/potato leaf/google_0408.jpg,Potato___healthy,"Pepper,_bell___healthy",0.774180
plantwild/extracted/plantwild/images/potato leaf/google_0418.jpg,Potato___healthy,"Pepper,_bell___healthy",0.967353
plantwild/extracted/plantwild/images/potato leaf/google_0429.jpg,Potato___healthy,"Pepper,_bell___healthy",0.956335
plantwild/extracted/plantwild/images/potato leaf/google_0430.jpg,Potato___healthy,"Pepper,_bell___healthy",0.960508
plantwild/extracted/plantwild/images/potato leaf/google_0432.jpg,Potato___healthy,Blueberry___healthy,0.900215
plantwild/extracted/plantwild/images/potato leaf/google_0436.jpg,Potato___healthy,Cherry___healthy,0.920561
plantwild/extracted/plantwild/images/potato leaf/google_0440.jpg,Potato___healthy,Potato___healthy,0.585457
plantwild/extracted/plantwild/images/potato leaf/google_0442.jpg,Potato___healthy,"Pepper,_bell___healthy",0.413315
plantwild/extracted/plantwild/images/potato leaf/google_0451.jpg,Potato___healthy,Cherry___healthy,0.897074
plantwild/extracted/plantwild/images/potato leaf/google_0452.jpg,Potato___healthy,Cherry___healthy,0.692811
plantwild/extracted/plantwild/images/potato leaf/google_0455.jpg,Potato___healthy,"Pepper,_bell___healthy",0.533751
plantwild/extracted/plantwild/images/potato leaf/google_0463.jpg,Potato___healthy,Strawberry___Leaf_scorch,0.940924
plantwild/extracted/plantwild/images/potato leaf/google_0468.jpg,Potato___healthy,Cherry___healthy,0.481985
plantwild/extracted/plantwild/images/potato leaf/google_0473.jpg,Potato___healthy,"Pepper,_bell___healthy",0.927493
plantwild/extracted/plantwild/images/potato leaf/google_0495.jpg,Potato___healthy,"Pepper,_bell___healthy",0.871883
plantwild/extracted/plantwild/images/potato leaf/google_0499.jpg,Potato___healthy,Strawberry___Leaf_scorch,0.946902
plantwild/extracted/plantwild/images/potato leaf/google_0511.jpg,Potato___healthy,Strawberry___Leaf_scorch,0.435689
plantwild/extracted/plantwild/images/potato leaf/google_0512.jpg,Potato___healthy,Corn___healthy,0.569922
plantwild/extracted/plantwild/images/potato leaf/google_0525.jpg,Potato___healthy,"Pepper,_bell___healthy",0.869814
plantwild/extracted/plantwild/images/potato leaf/google_0528.jpg,Potato___healthy,"Pepper,_bell___healthy",0.843617
plantwild/extracted/plantwild/images/potato leaf/google_0529.jpg,Potato___healthy,Cherry___healthy,0.527950
plantwild/extracted/plantwild/images/potato leaf/google_0531.jpg,Potato___healthy,"Pepper,_bell___healthy",0.903359
plantwild/extracted/plantwild/images/potato leaf/google_0538.jpg,Potato___healthy,Strawberry___Leaf_scorch,0.730532
plantwild/extracted/plantwild/images/potato leaf/google_0543.jpg,Potato___healthy,Cherry___healthy,0.716019
plantwild/extracted/plantwild/images/potato leaf/google_0547.jpg,Potato___healthy,Cherry___healthy,0.955543
plantwild/extracted/plantwild/images/potato leaf/google_0550.jpg,Potato___healthy,"Pepper,_bell___healthy",0.896854
plantwild/extracted/plantwild/images/potato leaf/google_0552.jpg,Potato___healthy,"Pepper,_bell___healthy",0.755046
plantwild/extracted/plantwild/images/potato leaf/google_0561.jpg,Potato___healthy,Blueberry___healthy,0.701626
plantwild/extracted/plantwild/images/potato leaf/google_0562.jpg,Potato___healthy,"Pepper,_bell___healthy",0.942330
plantwild/extracted/plantwild/images/potato leaf/google_0571.jpg,Potato___healthy,"Pepper,_bell___healthy",0.658034
plantwild/extracted/plantwild/images/potato leaf/google_0572.jpg,Potato___healthy,"Pepper,_bell___healthy",0.901733
plantwild/extracted/plantwild/images/potato leaf/google_0576.jpg,Potato___healthy,Cherry___healthy,0.553363
plantwild/extracted/plantwild/images/potato leaf/google_0583.jpg,Potato___healthy,Strawberry___Leaf_scorch,0.363779
plantwild/extracted/plantwild/images/potato leaf/google_0618.jpg,Potato___healthy,Corn___healthy,0.406322
plantwild/extracted/plantwild/images/potato leaf/google_0625.jpg,Potato___healthy,"Pepper,_bell___healthy",0.749294
plantwild/extracted/plantwild/images/potato leaf/google_0632.jpg,Potato___healthy,"Pepper,_bell___healthy",0.659440
plantwild/extracted/plantwild/images/potato leaf/google_0641.jpg,Potato___healthy,"Pepper,_bell___healthy",0.711433
plantwild/extracted/plantwild/images/potato leaf/google_0644.jpg,Potato___healthy,"Pepper,_bell___healthy",0.463201
plantwild/extracted/plantwild/images/potato leaf/google_0650.jpg,Potato___healthy,"Pepper,_bell___healthy",0.705696
plantwild/extracted/plantwild/images/potato leaf/google_0656.jpg,Potato___healthy,"Pepper,_bell___healthy",0.665636
plantwild/extracted/plantwild/images/potato leaf/google_0662.jpg,Potato___healthy,Cherry___healthy,0.935647
plantwild/extracted/plantwild/images/potato leaf/google_0663.jpg,Potato___healthy,"Pepper,_bell___healthy",0.951873
plantwild/extracted/plantwild/images/potato leaf/google_0667.jpg,Potato___healthy,"Pepper,_bell___healthy",0.871745
plantwild/extracted/plantwild/images/potato leaf/google_0668.jpg,Potato___healthy,"Pepper,_bell___healthy",0.375539
plantwild/extracted/plantwild/images/potato leaf/google_0673.jpg,Potato___healthy,"Pepper,_bell___healthy",0.938848
plantwild/extracted/plantwild/images/potato leaf/google_0675.jpg,Potato___healthy,"Pepper,_bell___healthy",0.929125
plantwild/extracted/plantwild/images/potato leaf/google_0677.jpg,Potato___healthy,"Pepper,_bell___healthy",0.942961
plantwild/extracted/plantwild/images/potato leaf/google_0681.jpg,Potato___healthy,Tomato___Early_blight,0.872994
plantwild/extracted/plantwild/images/raspberry leaf/1.jpg,Raspberry___healthy,Cherry___healthy,0.544218
plantwild/extracted/plantwild/images/raspberry leaf/10.jpg,Raspberry___healthy,Apple___healthy,0.254722
plantwild/extracted/plantwild/images/raspberry leaf/100.jpg,Raspberry___healthy,Corn___healthy,0.747043
plantwild/extracted/plantwild/images/raspberry leaf/101.jpg,Raspberry___healthy,Blueberry___healthy,0.521775
plantwild/extracted/plantwild/images/raspberry leaf/102.jpg,Raspberry___healthy,Strawberry___Leaf_scorch,0.965043
plantwild/extracted/plantwild/images/raspberry leaf/103.jpg,Raspberry___healthy,Tomato___Tomato_Yellow_Leaf_Curl_Virus,0.180604
plantwild/extracted/plantwild/images/raspberry leaf/104.jpg,Raspberry___healthy,Blueberry___healthy,0.496437
plantwild/extracted/plantwild/images/raspberry leaf/105.jpg,Raspberry___healthy,Corn___healthy,0.917935
plantwild/extracted/plantwild/images/raspberry leaf/106.jpg,Raspberry___healthy,Blueberry___healthy,0.709373
plantwild/extracted/plantwild/images/raspberry leaf/107.jpg,Raspberry___healthy,"Pepper,_bell___healthy",0.340728
plantwild/extracted/plantwild/images/raspberry leaf/108.jpg,Raspberry___healthy,Blueberry___healthy,0.250781
plantwild/extracted/plantwild/images/raspberry leaf/109.jpg,Raspberry___healthy,Strawberry___Leaf_scorch,0.957188
plantwild/extracted/plantwild/images/raspberry leaf/11.jpg,Raspberry___healthy,Blueberry___healthy,0.419936
plantwild/extracted/plantwild/images/raspberry leaf/112.jpg,Raspberry___healthy,Raspberry___healthy,0.945536
plantwild/extracted/plantwild/images/raspberry leaf/113.jpg,Raspberry___healthy,Corn___healthy,0.568822
plantwild/extracted/plantwild/images/raspberry leaf/114.jpg,Raspberry___healthy,Strawberry___Leaf_scorch,0.424775
plantwild/extracted/plantwild/images/raspberry leaf/115.jpg,Raspberry___healthy,Peach___healthy,0.634158
plantwild/extracted/plantwild/images/raspberry leaf/116.jpg,Raspberry___healthy,Strawberry___Leaf_scorch,0.960321
plantwild/extracted/plantwild/images/raspberry leaf/117.jpg,Raspberry___healthy,Tomato___Tomato_Yellow_Leaf_Curl_Virus,0.906493
plantwild/extracted/plantwild/images/raspberry leaf/118.jpg,Raspberry___healthy,Strawberry___Leaf_scorch,0.933792
plantwild/extracted/plantwild/images/raspberry leaf/119.jpg,Raspberry___healthy,Blueberry___healthy,0.782037
plantwild/extracted/plantwild/images/raspberry leaf/12.jpg,Raspberry___healthy,Strawberry___Leaf_scorch,0.957264
plantwild/extracted/plantwild/images/raspberry leaf/120 - Copy.jpg,Raspberry___healthy,Blueberry___healthy,0.487073
plantwild/extracted/plantwild/images/raspberry leaf/120.jpg,Raspberry___healthy,Corn___healthy,0.372159
plantwild/extracted/plantwild/images/raspberry leaf/121.jpg,Raspberry___healthy,Corn___healthy,0.375244
plantwild/extracted/plantwild/images/raspberry leaf/122.jpg,Raspberry___healthy,Corn___healthy,0.848576
plantwild/extracted/plantwild/images/raspberry leaf/125.jpg,Raspberry___healthy,Tomato___Early_blight,0.632734
plantwild/extracted/plantwild/images/raspberry leaf/126.jpg,Raspberry___healthy,Tomato___Tomato_Yellow_Leaf_Curl_Virus,0.626855
plantwild/extracted/plantwild/images/raspberry leaf/127.jpg,Raspberry___healthy,"Pepper,_bell___healthy",0.512635
plantwild/extracted/plantwild/images/raspberry leaf/129.jpg,Raspberry___healthy,Strawberry___Leaf_scorch,0.687620
plantwild/extracted/plantwild/images/raspberry leaf/13.jpg,Raspberry___healthy,Corn___healthy,0.430727
plantwild/extracted/plantwild/images/raspberry leaf/130.jpg,Raspberry___healthy,"Pepper,_bell___healthy",0.710805
plantwild/extracted/plantwild/images/raspberry leaf/131.jpg,Raspberry___healthy,Apple___Black_rot,0.574906
plantwild/extracted/plantwild/images/raspberry leaf/132.jpg,Raspberry___healthy,Grape___healthy,0.408811
plantwild/extracted/plantwild/images/raspberry leaf/133.jpg,Raspberry___healthy,Strawberry___Leaf_scorch,0.955677
plantwild/extracted/plantwild/images/raspberry leaf/136.jpg,Raspberry___healthy,Strawberry___Leaf_scorch,0.831701
plantwild/extracted/plantwild/images/raspberry leaf/14.jpg,Raspberry___healthy,Corn___healthy,0.774716
plantwild/extracted/plantwild/images/raspberry leaf/15.jpg,Raspberry___healthy,Blueberry___healthy,0.874349
plantwild/extracted/plantwild/images/raspberry leaf/16.jpg,Raspberry___healthy,Corn___healthy,0.892661
plantwild/extracted/plantwild/images/raspberry leaf/17.jpg,Raspberry___healthy,Blueberry___healthy,0.512090
plantwild/extracted/plantwild/images/raspberry leaf/18.jpg,Raspberry___healthy,Blueberry___healthy,0.718595
plantwild/extracted/plantwild/images/raspberry leaf/19.jpg,Raspberry___healthy,"Pepper,_bell___healthy",0.907552
plantwild/extracted/plantwild/images/raspberry leaf/2.jpg,Raspberry___healthy,Strawberry___Leaf_scorch,0.950887
plantwild/extracted/plantwild/images/raspberry leaf/20.jpg,Raspberry___healthy,Strawberry___Leaf_scorch,0.827201
plantwild/extracted/plantwild/images/raspberry leaf/21.jpg,Raspberry___healthy,Corn___healthy,0.469135
plantwild/extracted/plantwild/images/raspberry leaf/22.jpg,Raspberry___healthy,Raspberry___healthy,0.793429
plantwild/extracted/plantwild/images/raspberry leaf/23.jpg,Raspberry___healthy,Blueberry___healthy,0.861348
plantwild/extracted/plantwild/images/raspberry leaf/24.jpg,Raspberry___healthy,Blueberry___healthy,0.579628
plantwild/extracted/plantwild/images/raspberry leaf/25.jpg,Raspberry___healthy,"Pepper,_bell___healthy",0.702786
plantwild/extracted/plantwild/images/raspberry leaf/26.jpg,Raspberry___healthy,Corn___healthy,0.450571
plantwild/extracted/plantwild/images/raspberry leaf/27.jpg,Raspberry___healthy,Blueberry___healthy,0.590451
plantwild/extracted/plantwild/images/raspberry leaf/28.jpg,Raspberry___healthy,Blueberry___healthy,0.566942
plantwild/extracted/plantwild/images/raspberry leaf/29.jpg,Raspberry___healthy,Cherry___healthy,0.227578
plantwild/extracted/plantwild/images/raspberry leaf/3.jpg,Raspberry___healthy,Corn___healthy,0.400468
plantwild/extracted/plantwild/images/raspberry leaf/30.jpg,Raspberry___healthy,Strawberry___Leaf_scorch,0.964544
plantwild/extracted/plantwild/images/raspberry leaf/31.jpg,Raspberry___healthy,"Pepper,_bell___healthy",0.348369
plantwild/extracted/plantwild/images/raspberry leaf/32.jpg,Raspberry___healthy,Blueberry___healthy,0.697855
plantwild/extracted/plantwild/images/raspberry leaf/33.jpg,Raspberry___healthy,Blueberry___healthy,0.690367
plantwild/extracted/plantwild/images/raspberry leaf/34.jpg,Raspberry___healthy,Cherry___healthy,0.964341
plantwild/extracted/plantwild/images/raspberry leaf/35.jpg,Raspberry___healthy,Apple___healthy,0.662727
plantwild/extracted/plantwild/images/raspberry leaf/36.jpg,Raspberry___healthy,Raspberry___healthy,0.882985
plantwild/extracted/plantwild/images/raspberry leaf/37.jpg,Raspberry___healthy,"Pepper,_bell___healthy",0.910399
plantwild/extracted/plantwild/images/raspberry leaf/38.jpg,Raspberry___healthy,Corn___healthy,0.239163
plantwild/extracted/plantwild/images/raspberry leaf/39.jpg,Raspberry___healthy,Corn___healthy,0.624566
plantwild/extracted/plantwild/images/raspberry leaf/4.jpg,Raspberry___healthy,Corn___healthy,0.450748
plantwild/extracted/plantwild/images/raspberry leaf/40.jpg,Raspberry___healthy,Cherry___healthy,0.958861
plantwild/extracted/plantwild/images/raspberry leaf/41.jpg,Raspberry___healthy,Blueberry___healthy,0.626969
plantwild/extracted/plantwild/images/raspberry leaf/42.jpg,Raspberry___healthy,Strawberry___Leaf_scorch,0.942863
plantwild/extracted/plantwild/images/raspberry leaf/43.jpg,Raspberry___healthy,Corn___healthy,0.824794
plantwild/extracted/plantwild/images/raspberry leaf/44.jpg,Raspberry___healthy,Strawberry___Leaf_scorch,0.562233
plantwild/extracted/plantwild/images/raspberry leaf/46.jpg,Raspberry___healthy,Corn___healthy,0.865132
plantwild/extracted/plantwild/images/raspberry leaf/47.jpg,Raspberry___healthy,Cherry___healthy,0.429117
plantwild/extracted/plantwild/images/raspberry leaf/48.jpg,Raspberry___healthy,Corn___healthy,0.447944
plantwild/extracted/plantwild/images/raspberry leaf/49.jpg,Raspberry___healthy,Blueberry___healthy,0.534785
plantwild/extracted/plantwild/images/raspberry leaf/5.jpg,Raspberry___healthy,Blueberry___healthy,0.268184
plantwild/extracted/plantwild/images/raspberry leaf/50.jpg,Raspberry___healthy,Corn___healthy,0.495376
plantwild/extracted/plantwild/images/raspberry leaf/51.jpg,Raspberry___healthy,Blueberry___healthy,0.934248
plantwild/extracted/plantwild/images/raspberry leaf/52.jpg,Raspberry___healthy,Corn___healthy,0.430662
plantwild/extracted/plantwild/images/raspberry leaf/53.jpg,Raspberry___healthy,"Pepper,_bell___healthy",0.408470
plantwild/extracted/plantwild/images/raspberry leaf/54.jpg,Raspberry___healthy,Blueberry___healthy,0.474791
plantwild/extracted/plantwild/images/raspberry leaf/55.jpg,Raspberry___healthy,Corn___healthy,0.490171
plantwild/extracted/plantwild/images/raspberry leaf/56.jpg,Raspberry___healthy,"Pepper,_bell___healthy",0.472824
plantwild/extracted/plantwild/images/raspberry leaf/57.jpg,Raspberry___healthy,Blueberry___healthy,0.555543
plantwild/extracted/plantwild/images/raspberry leaf/58.jpg,Raspberry___healthy,"Pepper,_bell___healthy",0.472824
plantwild/extracted/plantwild/images/raspberry leaf/59.jpg,Raspberry___healthy,Blueberry___healthy,0.555543
plantwild/extracted/plantwild/images/raspberry leaf/6.jpg,Raspberry___healthy,Cherry___healthy,0.656348
plantwild/extracted/plantwild/images/raspberry leaf/60.jpg,Raspberry___healthy,Blueberry___healthy,0.484510
plantwild/extracted/plantwild/images/raspberry leaf/61.jpg,Raspberry___healthy,Blueberry___healthy,0.781194
plantwild/extracted/plantwild/images/raspberry leaf/62.jpg,Raspberry___healthy,Corn___healthy,0.601816
plantwild/extracted/plantwild/images/raspberry leaf/63.jpg,Raspberry___healthy,Raspberry___healthy,0.446303
plantwild/extracted/plantwild/images/raspberry leaf/64.jpg,Raspberry___healthy,"Pepper,_bell___healthy",0.288716
plantwild/extracted/plantwild/images/raspberry leaf/65.jpg,Raspberry___healthy,Strawberry___Leaf_scorch,0.803033
plantwild/extracted/plantwild/images/raspberry leaf/66.jpg,Raspberry___healthy,Corn___Northern_Leaf_Blight,0.638872
plantwild/extracted/plantwild/images/raspberry leaf/67.jpg,Raspberry___healthy,Corn___healthy,0.630731
plantwild/extracted/plantwild/images/raspberry leaf/68.jpg,Raspberry___healthy,"Pepper,_bell___healthy",0.886132
plantwild/extracted/plantwild/images/raspberry leaf/69.jpg,Raspberry___healthy,"Pepper,_bell___healthy",0.811778
plantwild/extracted/plantwild/images/raspberry leaf/7.jpg,Raspberry___healthy,"Pepper,_bell___healthy",0.352255
plantwild/extracted/plantwild/images/raspberry leaf/70.jpg,Raspberry___healthy,Tomato___Tomato_Yellow_Leaf_Curl_Virus,0.288168
plantwild/extracted/plantwild/images/raspberry leaf/71.jpg,Raspberry___healthy,Blueberry___healthy,0.561978
plantwild/extracted/plantwild/images/raspberry leaf/72.jpg,Raspberry___healthy,Blueberry___healthy,0.514026
plantwild/extracted/plantwild/images/raspberry leaf/73.jpg,Raspberry___healthy,Grape___Leaf_blight_(Isariopsis_Leaf_Spot),0.745820
plantwild/extracted/plantwild/images/raspberry leaf/74.jpg,Raspberry___healthy,Corn___healthy,0.847651
plantwild/extracted/plantwild/images/raspberry leaf/75.jpg,Raspberry___healthy,Blueberry___healthy,0.560289
plantwild/extracted/plantwild/images/raspberry leaf/76.jpg,Raspberry___healthy,Corn___healthy,0.917114
plantwild/extracted/plantwild/images/raspberry leaf/77.jpg,Raspberry___healthy,Cherry___healthy,0.470261
plantwild/extracted/plantwild/images/raspberry leaf/78.jpg,Raspberry___healthy,"Pepper,_bell___healthy",0.545815
plantwild/extracted/plantwild/images/raspberry leaf/79.jpg,Raspberry___healthy,Corn___healthy,0.302053
plantwild/extracted/plantwild/images/raspberry leaf/8.jpg,Raspberry___healthy,Corn___healthy,0.847767
plantwild/extracted/plantwild/images/raspberry leaf/80.jpg,Raspberry___healthy,Grape___Leaf_blight_(Isariopsis_Leaf_Spot),0.830427
plantwild/extracted/plantwild/images/raspberry leaf/81.jpg,Raspberry___healthy,Raspberry___healthy,0.590423
plantwild/extracted/plantwild/images/raspberry leaf/82.jpg,Raspberry___healthy,Corn___healthy,0.880284
plantwild/extracted/plantwild/images/raspberry leaf/83.jpg,Raspberry___healthy,Blueberry___healthy,0.527227
plantwild/extracted/plantwild/images/raspberry leaf/84.jpg,Raspberry___healthy,Strawberry___Leaf_scorch,0.258847
plantwild/extracted/plantwild/images/raspberry leaf/85.jpg,Raspberry___healthy,Raspberry___healthy,0.621262
plantwild/extracted/plantwild/images/raspberry leaf/86.jpg,Raspberry___healthy,Blueberry___healthy,0.839035
plantwild/extracted/plantwild/images/raspberry leaf/87.jpg,Raspberry___healthy,Blueberry___healthy,0.603395
plantwild/extracted/plantwild/images/raspberry leaf/88.jpg,Raspberry___healthy,Strawberry___Leaf_scorch,0.705411
plantwild/extracted/plantwild/images/raspberry leaf/89.jpg,Raspberry___healthy,Blueberry___healthy,0.426889
plantwild/extracted/plantwild/images/raspberry leaf/9.jpg,Raspberry___healthy,Corn___healthy,0.567344
plantwild/extracted/plantwild/images/raspberry leaf/90.jpg,Raspberry___healthy,Blueberry___healthy,0.716600
plantwild/extracted/plantwild/images/raspberry leaf/91.jpg,Raspberry___healthy,Raspberry___healthy,0.429937
plantwild/extracted/plantwild/images/raspberry leaf/92.jpg,Raspberry___healthy,Strawberry___Leaf_scorch,0.882529
plantwild/extracted/plantwild/images/raspberry leaf/93.jpg,Raspberry___healthy,Blueberry___healthy,0.797724
plantwild/extracted/plantwild/images/raspberry leaf/94.jpg,Raspberry___healthy,Strawberry___Leaf_scorch,0.929846
plantwild/extracted/plantwild/images/raspberry leaf/95.jpg,Raspberry___healthy,Corn___healthy,0.590803
plantwild/extracted/plantwild/images/raspberry leaf/97.jpg,Raspberry___healthy,Strawberry___Leaf_scorch,0.912665
plantwild/extracted/plantwild/images/raspberry leaf/98.jpg,Raspberry___healthy,"Pepper,_bell___healthy",0.721185
plantwild/extracted/plantwild/images/raspberry leaf/google_0000.jpg,Raspberry___healthy,Strawberry___Leaf_scorch,0.733694
plantwild/extracted/plantwild/images/raspberry leaf/google_0001.jpg,Raspberry___healthy,Corn___healthy,0.517921
plantwild/extracted/plantwild/images/raspberry leaf/google_0002.jpg,Raspberry___healthy,Corn___healthy,0.878799
plantwild/extracted/plantwild/images/raspberry leaf/google_0003.jpg,Raspberry___healthy,"Pepper,_bell___healthy",0.854053
plantwild/extracted/plantwild/images/raspberry leaf/google_0004.jpg,Raspberry___healthy,Blueberry___healthy,0.493424
plantwild/extracted/plantwild/images/raspberry leaf/google_0005.jpg,Raspberry___healthy,Corn___healthy,0.813321
plantwild/extracted/plantwild/images/raspberry leaf/google_0006.jpg,Raspberry___healthy,Strawberry___Leaf_scorch,0.956527
plantwild/extracted/plantwild/images/raspberry leaf/google_0010.jpg,Raspberry___healthy,"Pepper,_bell___healthy",0.889689
plantwild/extracted/plantwild/images/raspberry leaf/google_0012.jpg,Raspberry___healthy,Blueberry___healthy,0.876809
plantwild/extracted/plantwild/images/raspberry leaf/google_0015.jpg,Raspberry___healthy,"Pepper,_bell___healthy",0.568399
plantwild/extracted/plantwild/images/raspberry leaf/google_0017.jpg,Raspberry___healthy,Strawberry___Leaf_scorch,0.794977
plantwild/extracted/plantwild/images/raspberry leaf/google_0019.jpg,Raspberry___healthy,Strawberry___Leaf_scorch,0.486346
plantwild/extracted/plantwild/images/raspberry leaf/google_0025.jpg,Raspberry___healthy,Corn___healthy,0.560404
plantwild/extracted/plantwild/images/raspberry leaf/google_0048.jpg,Raspberry___healthy,"Pepper,_bell___healthy",0.368627
plantwild/extracted/plantwild/images/raspberry leaf/google_0054.jpg,Raspberry___healthy,"Pepper,_bell___healthy",0.588865
plantwild/extracted/plantwild/images/raspberry leaf/google_0056.jpg,Raspberry___healthy,Corn___healthy,0.237994
plantwild/extracted/plantwild/images/raspberry leaf/google_0062.jpg,Raspberry___healthy,"Pepper,_bell___healthy",0.637048
plantwild/extracted/plantwild/images/raspberry leaf/google_0064.jpg,Raspberry___healthy,"Pepper,_bell___healthy",0.945834
plantwild/extracted/plantwild/images/raspberry leaf/google_0065.jpg,Raspberry___healthy,Corn___healthy,0.803213
plantwild/extracted/plantwild/images/raspberry leaf/google_0066.jpg,Raspberry___healthy,Blueberry___healthy,0.346888
plantwild/extracted/plantwild/images/raspberry leaf/google_0075.jpg,Raspberry___healthy,Corn___healthy,0.499758
plantwild/extracted/plantwild/images/raspberry leaf/google_0079.jpg,Raspberry___healthy,Corn___healthy,0.507058
plantwild/extracted/plantwild/images/raspberry leaf/google_0086.jpg,Raspberry___healthy,Blueberry___healthy,0.804504
plantwild/extracted/plantwild/images/raspberry leaf/google_0088.jpg,Raspberry___healthy,Strawberry___Leaf_scorch,0.954975
plantwild/extracted/plantwild/images/raspberry leaf/google_0092.jpg,Raspberry___healthy,Blueberry___healthy,0.841052
plantwild/extracted/plantwild/images/raspberry leaf/google_0096.jpg,Raspberry___healthy,Strawberry___Leaf_scorch,0.925997
plantwild/extracted/plantwild/images/raspberry leaf/google_0097.jpg,Raspberry___healthy,Strawberry___Leaf_scorch,0.682644
plantwild/extracted/plantwild/images/raspberry leaf/google_0100.jpg,Raspberry___healthy,Corn___healthy,0.822981
plantwild/extracted/plantwild/images/raspberry leaf/google_0108.jpg,Raspberry___healthy,Tomato___Tomato_Yellow_Leaf_Curl_Virus,0.928853
plantwild/extracted/plantwild/images/raspberry leaf/google_0109.jpg,Raspberry___healthy,Strawberry___Leaf_scorch,0.968580
plantwild/extracted/plantwild/images/raspberry leaf/google_0114.jpg,Raspberry___healthy,"Pepper,_bell___healthy",0.868932
plantwild/extracted/plantwild/images/raspberry leaf/google_0117.jpg,Raspberry___healthy,Blueberry___healthy,0.487428
plantwild/extracted/plantwild/images/raspberry leaf/google_0118.jpg,Raspberry___healthy,Strawberry___Leaf_scorch,0.314974
plantwild/extracted/plantwild/images/raspberry leaf/google_0121.jpg,Raspberry___healthy,"Pepper,_bell___healthy",0.551187
plantwild/extracted/plantwild/images/raspberry leaf/google_0124.jpg,Raspberry___healthy,Strawberry___Leaf_scorch,0.956090
plantwild/extracted/plantwild/images/raspberry leaf/google_0127.jpg,Raspberry___healthy,"Pepper,_bell___healthy",0.423774
plantwild/extracted/plantwild/images/raspberry leaf/google_0132.jpg,Raspberry___healthy,"Pepper,_bell___healthy",0.925489
plantwild/extracted/plantwild/images/raspberry leaf/google_0138.jpg,Raspberry___healthy,Blueberry___healthy,0.659413
plantwild/extracted/plantwild/images/raspberry leaf/google_0140.jpg,Raspberry___healthy,Corn___healthy,0.936863
plantwild/extracted/plantwild/images/raspberry leaf/google_0143.jpg,Raspberry___healthy,"Pepper,_bell___healthy",0.955526
plantwild/extracted/plantwild/images/raspberry leaf/google_0146.jpg,Raspberry___healthy,Raspberry___healthy,0.439580
plantwild/extracted/plantwild/images/raspberry leaf/google_0147.jpg,Raspberry___healthy,Raspberry___healthy,0.584566
plantwild/extracted/plantwild/images/raspberry leaf/google_0162.jpg,Raspberry___healthy,Blueberry___healthy,0.534408
plantwild/extracted/plantwild/images/raspberry leaf/google_0164.jpg,Raspberry___healthy,Raspberry___healthy,0.596544
plantwild/extracted/plantwild/images/raspberry leaf/google_0171.jpg,Raspberry___healthy,Blueberry___healthy,0.794748
plantwild/extracted/plantwild/images/raspberry leaf/google_0178.jpg,Raspberry___healthy,Strawberry___Leaf_scorch,0.602472
plantwild/extracted/plantwild/images/raspberry leaf/google_0180.jpg,Raspberry___healthy,Tomato___Early_blight,0.628416
plantwild/extracted/plantwild/images/raspberry leaf/google_0181.jpg,Raspberry___healthy,Blueberry___healthy,0.511224
plantwild/extracted/plantwild/images/raspberry leaf/google_0187.jpg,Raspberry___healthy,Blueberry___healthy,0.866203
plantwild/extracted/plantwild/images/raspberry leaf/google_0190.jpg,Raspberry___healthy,Blueberry___healthy,0.805000
plantwild/extracted/plantwild/images/raspberry leaf/google_0199.jpg,Raspberry___healthy,Strawberry___Leaf_scorch,0.444473
plantwild/extracted/plantwild/images/raspberry leaf/google_0205.jpg,Raspberry___healthy,Strawberry___Leaf_scorch,0.951822
plantwild/extracted/plantwild/images/raspberry leaf/google_0211.jpg,Raspberry___healthy,Blueberry___healthy,0.787423
plantwild/extracted/plantwild/images/soybean leaf/1.jpg,Soybean___healthy,"Pepper,_bell___healthy",0.301303
plantwild/extracted/plantwild/images/soybean leaf/10.jpg,Soybean___healthy,Corn___healthy,0.758704
plantwild/extracted/plantwild/images/soybean leaf/101.jpg,Soybean___healthy,Cherry___healthy,0.393333
plantwild/extracted/plantwild/images/soybean leaf/102.jpg,Soybean___healthy,Cherry___healthy,0.670943
plantwild/extracted/plantwild/images/soybean leaf/104.jpg,Soybean___healthy,Cherry___healthy,0.914231
plantwild/extracted/plantwild/images/soybean leaf/105.jpg,Soybean___healthy,Cherry___healthy,0.379135
plantwild/extracted/plantwild/images/soybean leaf/108.jpg,Soybean___healthy,Cherry___healthy,0.835196
plantwild/extracted/plantwild/images/soybean leaf/11.jpg,Soybean___healthy,Cherry___healthy,0.952306
plantwild/extracted/plantwild/images/soybean leaf/110.jpg,Soybean___healthy,Cherry___healthy,0.661189
plantwild/extracted/plantwild/images/soybean leaf/113.jpg,Soybean___healthy,"Pepper,_bell___healthy",0.283892
plantwild/extracted/plantwild/images/soybean leaf/115.jpg,Soybean___healthy,Corn___healthy,0.827042
plantwild/extracted/plantwild/images/soybean leaf/116.jpg,Soybean___healthy,Corn___healthy,0.797802
plantwild/extracted/plantwild/images/soybean leaf/117.jpg,Soybean___healthy,Cherry___healthy,0.760423
plantwild/extracted/plantwild/images/soybean leaf/12.jpg,Soybean___healthy,Squash___Powdery_mildew,0.879649
plantwild/extracted/plantwild/images/soybean leaf/126.jpg,Soybean___healthy,Cherry___healthy,0.965419
plantwild/extracted/plantwild/images/soybean leaf/13.jpg,Soybean___healthy,Grape___Black_rot,0.300357
plantwild/extracted/plantwild/images/soybean leaf/14.jpg,Soybean___healthy,"Pepper,_bell___healthy",0.398424
plantwild/extracted/plantwild/images/soybean leaf/145.jpg,Soybean___healthy,Squash___Powdery_mildew,0.497913
plantwild/extracted/plantwild/images/soybean leaf/147.jpg,Soybean___healthy,Cherry___healthy,0.529430
plantwild/extracted/plantwild/images/soybean leaf/15.jpg,Soybean___healthy,Cherry___healthy,0.954978
plantwild/extracted/plantwild/images/soybean leaf/153.jpg,Soybean___healthy,Cherry___healthy,0.579485
plantwild/extracted/plantwild/images/soybean leaf/154.jpg,Soybean___healthy,Cherry___healthy,0.935977
plantwild/extracted/plantwild/images/soybean leaf/155.jpg,Soybean___healthy,"Pepper,_bell___healthy",0.595513
plantwild/extracted/plantwild/images/soybean leaf/157.jpg,Soybean___healthy,"Pepper,_bell___healthy",0.730731
plantwild/extracted/plantwild/images/soybean leaf/158.jpg,Soybean___healthy,Corn___healthy,0.874969
plantwild/extracted/plantwild/images/soybean leaf/16.jpg,Soybean___healthy,"Pepper,_bell___healthy",0.640626
plantwild/extracted/plantwild/images/soybean leaf/160.jpg,Soybean___healthy,"Pepper,_bell___healthy",0.680908
plantwild/extracted/plantwild/images/soybean leaf/162.jpg,Soybean___healthy,"Pepper,_bell___healthy",0.945913
plantwild/extracted/plantwild/images/soybean leaf/163.jpg,Soybean___healthy,"Pepper,_bell___healthy",0.942394
plantwild/extracted/plantwild/images/soybean leaf/164.jpg,Soybean___healthy,Cherry___healthy,0.599238
plantwild/extracted/plantwild/images/soybean leaf/165.jpg,Soybean___healthy,Cherry___healthy,0.871176
plantwild/extracted/plantwild/images/soybean leaf/166.jpg,Soybean___healthy,Cherry___healthy,0.951125
plantwild/extracted/plantwild/images/soybean leaf/17.jpg,Soybean___healthy,Cherry___healthy,0.913503
plantwild/extracted/plantwild/images/soybean leaf/171.jpg,Soybean___healthy,"Pepper,_bell___healthy",0.759437
plantwild/extracted/plantwild/images/soybean leaf/173.jpg,Soybean___healthy,"Pepper,_bell___healthy",0.510498
plantwild/extracted/plantwild/images/soybean leaf/174.jpg,Soybean___healthy,Cherry___healthy,0.691518
plantwild/extracted/plantwild/images/soybean leaf/177.jpg,Soybean___healthy,Cherry___healthy,0.642031
plantwild/extracted/plantwild/images/soybean leaf/179.jpg,Soybean___healthy,Corn___healthy,0.630692
plantwild/extracted/plantwild/images/soybean leaf/18.jpg,Soybean___healthy,Cherry___healthy,0.789961
plantwild/extracted/plantwild/images/soybean leaf/180.jpg,Soybean___healthy,Cherry___healthy,0.937684
plantwild/extracted/plantwild/images/soybean leaf/182.jpg,Soybean___healthy,"Pepper,_bell___healthy",0.534020
plantwild/extracted/plantwild/images/soybean leaf/183.jpg,Soybean___healthy,"Pepper,_bell___healthy",0.876751
plantwild/extracted/plantwild/images/soybean leaf/189.jpg,Soybean___healthy,"Pepper,_bell___healthy",0.391936
plantwild/extracted/plantwild/images/soybean leaf/19.jpg,Soybean___healthy,"Pepper,_bell___healthy",0.512392
plantwild/extracted/plantwild/images/soybean leaf/2.jpg,Soybean___healthy,Cherry___healthy,0.727969
plantwild/extracted/plantwild/images/soybean leaf/20.jpg,Soybean___healthy,Cherry___healthy,0.945227
plantwild/extracted/plantwild/images/soybean leaf/201.jpg,Soybean___healthy,Cherry___healthy,0.555315
plantwild/extracted/plantwild/images/soybean leaf/202.jpg,Soybean___healthy,Cherry___healthy,0.411250
plantwild/extracted/plantwild/images/soybean leaf/204.jpg,Soybean___healthy,Strawberry___Leaf_scorch,0.772991
plantwild/extracted/plantwild/images/soybean leaf/206.jpg,Soybean___healthy,Tomato___Late_blight,0.935471
plantwild/extracted/plantwild/images/soybean leaf/21.jpg,Soybean___healthy,Corn___healthy,0.948438
plantwild/extracted/plantwild/images/soybean leaf/216.jpg,Soybean___healthy,"Pepper,_bell___healthy",0.905634
plantwild/extracted/plantwild/images/soybean leaf/217.jpg,Soybean___healthy,Strawberry___Leaf_scorch,0.388254
plantwild/extracted/plantwild/images/soybean leaf/218.jpg,Soybean___healthy,Cherry___healthy,0.634507
plantwild/extracted/plantwild/images/soybean leaf/219.jpg,Soybean___healthy,Strawberry___Leaf_scorch,0.636285
plantwild/extracted/plantwild/images/soybean leaf/22.jpg,Soybean___healthy,Strawberry___Leaf_scorch,0.581178
plantwild/extracted/plantwild/images/soybean leaf/222.jpg,Soybean___healthy,Cherry___healthy,0.873696
plantwild/extracted/plantwild/images/soybean leaf/225.jpg,Soybean___healthy,Cherry___healthy,0.928832
plantwild/extracted/plantwild/images/soybean leaf/228.jpg,Soybean___healthy,"Pepper,_bell___healthy",0.904100
plantwild/extracted/plantwild/images/soybean leaf/23.jpg,Soybean___healthy,"Pepper,_bell___healthy",0.467425
plantwild/extracted/plantwild/images/soybean leaf/233.jpg,Soybean___healthy,Cherry___healthy,0.702832
plantwild/extracted/plantwild/images/soybean leaf/24.jpg,Soybean___healthy,Grape___Black_rot,0.473049
plantwild/extracted/plantwild/images/soybean leaf/240.jpg,Soybean___healthy,Squash___Powdery_mildew,0.623727
plantwild/extracted/plantwild/images/soybean leaf/241.jpg,Soybean___healthy,Strawberry___Leaf_scorch,0.553343
plantwild/extracted/plantwild/images/soybean leaf/242.jpg,Soybean___healthy,Cherry___healthy,0.913221
plantwild/extracted/plantwild/images/soybean leaf/243.jpg,Soybean___healthy,"Pepper,_bell___healthy",0.678756
plantwild/extracted/plantwild/images/soybean leaf/244.jpg,Soybean___healthy,Tomato___Tomato_mosaic_virus,0.324246
plantwild/extracted/plantwild/images/soybean leaf/247.jpg,Soybean___healthy,Tomato___Late_blight,0.956585
plantwild/extracted/plantwild/images/soybean leaf/250.jpg,Soybean___healthy,Tomato___Late_blight,0.934746
plantwild/extracted/plantwild/images/soybean leaf/252.jpg,Soybean___healthy,"Pepper,_bell___healthy",0.917313
plantwild/extracted/plantwild/images/soybean leaf/257.jpg,Soybean___healthy,"Pepper,_bell___healthy",0.956076
plantwild/extracted/plantwild/images/soybean leaf/26.jpg,Soybean___healthy,"Pepper,_bell___healthy",0.710183
plantwild/extracted/plantwild/images/soybean leaf/263.jpg,Soybean___healthy,Cherry___healthy,0.960877
plantwild/extracted/plantwild/images/soybean leaf/27.jpg,Soybean___healthy,Tomato___Early_blight,0.956281
plantwild/extracted/plantwild/images/soybean leaf/272.jpg,Soybean___healthy,"Pepper,_bell___healthy",0.882358
plantwild/extracted/plantwild/images/soybean leaf/276.jpg,Soybean___healthy,Cherry___healthy,0.637681
plantwild/extracted/plantwild/images/soybean leaf/28.jpg,Soybean___healthy,"Pepper,_bell___healthy",0.865659
plantwild/extracted/plantwild/images/soybean leaf/284.jpg,Soybean___healthy,Squash___Powdery_mildew,0.686439
plantwild/extracted/plantwild/images/soybean leaf/286.jpg,Soybean___healthy,Cherry___healthy,0.915002
plantwild/extracted/plantwild/images/soybean leaf/287.jpg,Soybean___healthy,Tomato___Late_blight,0.512786
plantwild/extracted/plantwild/images/soybean leaf/289.jpg,Soybean___healthy,"Pepper,_bell___healthy",0.934180
plantwild/extracted/plantwild/images/soybean leaf/29.jpg,Soybean___healthy,Tomato___Late_blight,0.607667
plantwild/extracted/plantwild/images/soybean leaf/292.jpg,Soybean___healthy,Cherry___healthy,0.845938
plantwild/extracted/plantwild/images/soybean leaf/293.jpg,Soybean___healthy,Cherry___healthy,0.891806
plantwild/extracted/plantwild/images/soybean leaf/296.jpg,Soybean___healthy,Squash___Powdery_mildew,0.404953
plantwild/extracted/plantwild/images/soybean leaf/297.jpg,Soybean___healthy,"Pepper,_bell___healthy",0.499839
plantwild/extracted/plantwild/images/soybean leaf/298.jpg,Soybean___healthy,Cherry___healthy,0.813447
plantwild/extracted/plantwild/images/soybean leaf/3.jpg,Soybean___healthy,"Pepper,_bell___healthy",0.744450
plantwild/extracted/plantwild/images/soybean leaf/301.jpg,Soybean___healthy,"Pepper,_bell___healthy",0.943348
plantwild/extracted/plantwild/images/soybean leaf/304.jpg,Soybean___healthy,"Pepper,_bell___healthy",0.467658
plantwild/extracted/plantwild/images/soybean leaf/308.jpg,Soybean___healthy,Tomato___Late_blight,0.966808
plantwild/extracted/plantwild/images/soybean leaf/31.jpg,Soybean___healthy,Corn___healthy,0.650909
plantwild/extracted/plantwild/images/soybean leaf/311.jpg,Soybean___healthy,Cherry___healthy,0.945728
plantwild/extracted/plantwild/images/soybean leaf/319.jpg,Soybean___healthy,Strawberry___Leaf_scorch,0.505716
plantwild/extracted/plantwild/images/soybean leaf/32.jpg,Soybean___healthy,Cherry___healthy,0.956817
plantwild/extracted/plantwild/images/soybean leaf/320.jpg,Soybean___healthy,Blueberry___healthy,0.910715
plantwild/extracted/plantwild/images/soybean leaf/33.jpg,Soybean___healthy,Cherry___healthy,0.833307
plantwild/extracted/plantwild/images/soybean leaf/331.jpg,Soybean___healthy,Cherry___healthy,0.813768
plantwild/extracted/plantwild/images/soybean leaf/335.jpg,Soybean___healthy,"Pepper,_bell___healthy",0.952873
plantwild/extracted/plantwild/images/soybean leaf/339.jpg,Soybean___healthy,Cherry___healthy,0.486245
plantwild/extracted/plantwild/images/soybean leaf/34.jpg,Soybean___healthy,Cherry___healthy,0.827769
plantwild/extracted/plantwild/images/soybean leaf/35.jpg,Soybean___healthy,"Pepper,_bell___healthy",0.527619
plantwild/extracted/plantwild/images/soybean leaf/36.jpg,Soybean___healthy,"Pepper,_bell___healthy",0.722871
plantwild/extracted/plantwild/images/soybean leaf/37.jpg,Soybean___healthy,Cherry___healthy,0.794895
plantwild/extracted/plantwild/images/soybean leaf/38.jpg,Soybean___healthy,Cherry___healthy,0.595451
plantwild/extracted/plantwild/images/soybean leaf/39.jpg,Soybean___healthy,Tomato___Late_blight,0.839026
plantwild/extracted/plantwild/images/soybean leaf/4.jpg,Soybean___healthy,"Pepper,_bell___healthy",0.375113
plantwild/extracted/plantwild/images/soybean leaf/42.jpg,Soybean___healthy,Strawberry___Leaf_scorch,0.902055
plantwild/extracted/plantwild/images/soybean leaf/44.jpg,Soybean___healthy,Strawberry___Leaf_scorch,0.943725
plantwild/extracted/plantwild/images/soybean leaf/45.jpg,Soybean___healthy,Tomato___Tomato_Yellow_Leaf_Curl_Virus,0.492996
plantwild/extracted/plantwild/images/soybean leaf/46.jpg,Soybean___healthy,"Pepper,_bell___healthy",0.666406
plantwild/extracted/plantwild/images/soybean leaf/47.jpg,Soybean___healthy,Cherry___healthy,0.471214
plantwild/extracted/plantwild/images/soybean leaf/49.jpg,Soybean___healthy,"Pepper,_bell___healthy",0.822281
plantwild/extracted/plantwild/images/soybean leaf/5.jpg,Soybean___healthy,"Pepper,_bell___healthy",0.457313
plantwild/extracted/plantwild/images/soybean leaf/50.jpg,Soybean___healthy,Cherry___healthy,0.957272
plantwild/extracted/plantwild/images/soybean leaf/51.jpg,Soybean___healthy,Cherry___healthy,0.933147
plantwild/extracted/plantwild/images/soybean leaf/53.jpg,Soybean___healthy,Grape___Leaf_blight_(Isariopsis_Leaf_Spot),0.255864
plantwild/extracted/plantwild/images/soybean leaf/55.jpg,Soybean___healthy,Cherry___healthy,0.605878
plantwild/extracted/plantwild/images/soybean leaf/56.jpg,Soybean___healthy,Strawberry___Leaf_scorch,0.437414
plantwild/extracted/plantwild/images/soybean leaf/58.jpg,Soybean___healthy,"Pepper,_bell___healthy",0.734802
plantwild/extracted/plantwild/images/soybean leaf/59.jpg,Soybean___healthy,Corn___healthy,0.941990
plantwild/extracted/plantwild/images/soybean leaf/6.jpg,Soybean___healthy,"Pepper,_bell___healthy",0.957291
plantwild/extracted/plantwild/images/soybean leaf/60.jpg,Soybean___healthy,Strawberry___Leaf_scorch,0.520134
plantwild/extracted/plantwild/images/soybean leaf/61.jpg,Soybean___healthy,Cherry___healthy,0.945510
plantwild/extracted/plantwild/images/soybean leaf/62.jpg,Soybean___healthy,Cherry___healthy,0.509422
plantwild/extracted/plantwild/images/soybean leaf/63.jpg,Soybean___healthy,Corn___healthy,0.500663
plantwild/extracted/plantwild/images/soybean leaf/67.jpg,Soybean___healthy,"Pepper,_bell___healthy",0.890968
plantwild/extracted/plantwild/images/soybean leaf/69.jpg,Soybean___healthy,Tomato___Early_blight,0.880238
plantwild/extracted/plantwild/images/soybean leaf/7.jpg,Soybean___healthy,Squash___Powdery_mildew,0.738651
plantwild/extracted/plantwild/images/soybean leaf/70.jpg,Soybean___healthy,Cherry___healthy,0.965405
plantwild/extracted/plantwild/images/soybean leaf/72.jpg,Soybean___healthy,Cherry___healthy,0.912116
plantwild/extracted/plantwild/images/soybean leaf/73.jpg,Soybean___healthy,Cherry___healthy,0.503129
plantwild/extracted/plantwild/images/soybean leaf/75.jpg,Soybean___healthy,Raspberry___healthy,0.478271
plantwild/extracted/plantwild/images/soybean leaf/76.jpg,Soybean___healthy,Tomato___Late_blight,0.514060
plantwild/extracted/plantwild/images/soybean leaf/77.jpg,Soybean___healthy,Cherry___healthy,0.627241
plantwild/extracted/plantwild/images/soybean leaf/78.jpg,Soybean___healthy,"Pepper,_bell___healthy",0.432471
plantwild/extracted/plantwild/images/soybean leaf/8.jpg,Soybean___healthy,Cherry___healthy,0.600990
plantwild/extracted/plantwild/images/soybean leaf/81.jpg,Soybean___healthy,Cherry___healthy,0.801775
plantwild/extracted/plantwild/images/soybean leaf/82.jpg,Soybean___healthy,Cherry___healthy,0.457723
plantwild/extracted/plantwild/images/soybean leaf/84.jpg,Soybean___healthy,Cherry___healthy,0.457723
plantwild/extracted/plantwild/images/soybean leaf/86.jpg,Soybean___healthy,Cherry___healthy,0.709841
plantwild/extracted/plantwild/images/soybean leaf/87.jpg,Soybean___healthy,Cherry___healthy,0.905556
plantwild/extracted/plantwild/images/soybean leaf/88.jpg,Soybean___healthy,"Pepper,_bell___healthy",0.968511
plantwild/extracted/plantwild/images/soybean leaf/9.jpg,Soybean___healthy,Blueberry___healthy,0.890901
plantwild/extracted/plantwild/images/soybean leaf/92.jpg,Soybean___healthy,"Pepper,_bell___healthy",0.390554
plantwild/extracted/plantwild/images/soybean leaf/93.jpg,Soybean___healthy,Tomato___Early_blight,0.282669
plantwild/extracted/plantwild/images/soybean leaf/95.jpg,Soybean___healthy,Cherry___healthy,0.493882
plantwild/extracted/plantwild/images/soybean leaf/97.jpg,Soybean___healthy,Corn___healthy,0.310088
plantwild/extracted/plantwild/images/soybean leaf/99.jpg,Soybean___healthy,"Pepper,_bell___healthy",0.934540
plantwild/extracted/plantwild/images/soybean leaf/google_0000.jpg,Soybean___healthy,"Pepper,_bell___healthy",0.462903
plantwild/extracted/plantwild/images/soybean leaf/google_0001.jpg,Soybean___healthy,Blueberry___healthy,0.896885
plantwild/extracted/plantwild/images/soybean leaf/google_0002.jpg,Soybean___healthy,Blueberry___healthy,0.866334
plantwild/extracted/plantwild/images/soybean leaf/google_0004.jpg,Soybean___healthy,"Pepper,_bell___healthy",0.921853
plantwild/extracted/plantwild/images/soybean leaf/google_0005.jpg,Soybean___healthy,Blueberry___healthy,0.704498
plantwild/extracted/plantwild/images/soybean leaf/google_0007.jpg,Soybean___healthy,"Pepper,_bell___healthy",0.916078
plantwild/extracted/plantwild/images/soybean leaf/google_0008.jpg,Soybean___healthy,Blueberry___healthy,0.395482
plantwild/extracted/plantwild/images/soybean leaf/google_0010.jpg,Soybean___healthy,Corn___healthy,0.558649
plantwild/extracted/plantwild/images/soybean leaf/google_0014.jpg,Soybean___healthy,Blueberry___healthy,0.799357
plantwild/extracted/plantwild/images/soybean leaf/google_0015.jpg,Soybean___healthy,Corn___healthy,0.289303
plantwild/extracted/plantwild/images/soybean leaf/google_0027.jpg,Soybean___healthy,"Pepper,_bell___healthy",0.382702
plantwild/extracted/plantwild/images/soybean leaf/google_0028.jpg,Soybean___healthy,"Pepper,_bell___healthy",0.928190
plantwild/extracted/plantwild/images/soybean leaf/google_0032.jpg,Soybean___healthy,Blueberry___healthy,0.888888
plantwild/extracted/plantwild/images/soybean leaf/google_0033.jpg,Soybean___healthy,Blueberry___healthy,0.890170
plantwild/extracted/plantwild/images/soybean leaf/google_0042.jpg,Soybean___healthy,Strawberry___Leaf_scorch,0.387649
plantwild/extracted/plantwild/images/soybean leaf/google_0048.jpg,Soybean___healthy,"Pepper,_bell___healthy",0.444879
plantwild/extracted/plantwild/images/soybean leaf/google_0057.jpg,Soybean___healthy,Blueberry___healthy,0.866041
plantwild/extracted/plantwild/images/soybean leaf/google_0074.jpg,Soybean___healthy,"Pepper,_bell___healthy",0.944443
plantwild/extracted/plantwild/images/soybean leaf/google_0108.jpg,Soybean___healthy,"Pepper,_bell___healthy",0.871430
plantwild/extracted/plantwild/images/soybean leaf/google_0114.jpg,Soybean___healthy,"Pepper,_bell___healthy",0.874423
plantwild/extracted/plantwild/images/soybean leaf/google_0128.jpg,Soybean___healthy,Blueberry___healthy,0.833272
plantwild/extracted/plantwild/images/soybean leaf/google_0129.jpg,Soybean___healthy,Corn___healthy,0.954586
plantwild/extracted/plantwild/images/soybean leaf/google_0148.jpg,Soybean___healthy,Blueberry___healthy,0.912847
plantwild/extracted/plantwild/images/soybean leaf/google_0164.jpg,Soybean___healthy,"Pepper,_bell___healthy",0.530271
plantwild/extracted/plantwild/images/soybean leaf/google_0172.jpg,Soybean___healthy,Corn___healthy,0.944626
plantwild/extracted/plantwild/images/soybean leaf/google_0174.jpg,Soybean___healthy,Tomato___Late_blight,0.399681
plantwild/extracted/plantwild/images/soybean leaf/google_0200.jpg,Soybean___healthy,Corn___healthy,0.643049
plantwild/extracted/plantwild/images/soybean leaf/google_0209.jpg,Soybean___healthy,"Pepper,_bell___healthy",0.933778
plantwild/extracted/plantwild/images/soybean leaf/google_0225.jpg,Soybean___healthy,Blueberry___healthy,0.845179
plantwild/extracted/plantwild/images/soybean leaf/google_0229.jpg,Soybean___healthy,Cherry___healthy,0.690478
plantwild/extracted/plantwild/images/soybean leaf/google_0261.jpg,Soybean___healthy,"Pepper,_bell___healthy",0.952354
plantwild/extracted/plantwild/images/soybean leaf/google_0270.jpg,Soybean___healthy,Tomato___Late_blight,0.936604
plantwild/extracted/plantwild/images/soybean leaf/google_0305.jpg,Soybean___healthy,Strawberry___Leaf_scorch,0.920150
plantwild/extracted/plantwild/images/soybean leaf/google_0310.jpg,Soybean___healthy,"Pepper,_bell___healthy",0.519913
plantwild/extracted/plantwild/images/soybean leaf/google_0312.jpg,Soybean___healthy,Blueberry___healthy,0.593874
plantwild/extracted/plantwild/images/soybean leaf/google_0317.jpg,Soybean___healthy,"Pepper,_bell___healthy",0.942916
plantwild/extracted/plantwild/images/soybean leaf/google_0352.jpg,Soybean___healthy,Cherry___healthy,0.761629
plantwild/extracted/plantwild/images/soybean leaf/google_0357.jpg,Soybean___healthy,Corn___healthy,0.957483
plantwild/extracted/plantwild/images/soybean leaf/google_0371.jpg,Soybean___healthy,Cherry___healthy,0.456802
plantwild/extracted/plantwild/images/soybean leaf/google_0377.jpg,Soybean___healthy,Corn___healthy,0.379935
plantwild/extracted/plantwild/images/soybean leaf/google_0379.jpg,Soybean___healthy,Strawberry___Leaf_scorch,0.570563
plantwild/extracted/plantwild/images/soybean leaf/google_0388.jpg,Soybean___healthy,Cherry___healthy,0.949769
plantwild/extracted/plantwild/images/soybean leaf/google_0406.jpg,Soybean___healthy,Grape___Leaf_blight_(Isariopsis_Leaf_Spot),0.306513
plantwild/extracted/plantwild/images/soybean leaf/google_0422.jpg,Soybean___healthy,Corn___healthy,0.932888
plantwild/extracted/plantwild/images/soybean leaf/google_0443.jpg,Soybean___healthy,Cherry___healthy,0.789970
plantwild/extracted/plantwild/images/soybean leaf/google_0462.jpg,Soybean___healthy,Cherry___healthy,0.567745
plantwild/extracted/plantwild/images/soybean leaf/google_0464.jpg,Soybean___healthy,Strawberry___Leaf_scorch,0.464614
plantwild/extracted/plantwild/images/soybean leaf/google_0470.jpg,Soybean___healthy,"Pepper,_bell___healthy",0.915908
plantwild/extracted/plantwild/images/soybean leaf/google_0479.jpg,Soybean___healthy,Corn___Cercospora_leaf_spot Gray_leaf_spot,0.392547
plantwild/extracted/plantwild/images/soybean leaf/google_0480.jpg,Soybean___healthy,Corn___healthy,0.767690
plantwild/extracted/plantwild/images/soybean leaf/google_0487.jpg,Soybean___healthy,Blueberry___healthy,0.913360
plantwild/extracted/plantwild/images/soybean leaf/google_0508.jpg,Soybean___healthy,"Pepper,_bell___healthy",0.956674
plantwild/extracted/plantwild/images/soybean leaf/google_0509.jpg,Soybean___healthy,"Pepper,_bell___healthy",0.907141
plantwild/extracted/plantwild/images/soybean leaf/google_0525.jpg,Soybean___healthy,Cherry___healthy,0.796978
plantwild/extracted/plantwild/images/soybean leaf/google_0526.jpg,Soybean___healthy,Strawberry___Leaf_scorch,0.597783
plantwild/extracted/plantwild/images/soybean leaf/google_0528.jpg,Soybean___healthy,"Pepper,_bell___healthy",0.935328
plantwild/extracted/plantwild/images/soybean leaf/google_0532.jpg,Soybean___healthy,"Pepper,_bell___healthy",0.966102
plantwild/extracted/plantwild/images/soybean leaf/google_0535.jpg,Soybean___healthy,Cherry___healthy,0.641193
plantwild/extracted/plantwild/images/soybean leaf/google_0537.jpg,Soybean___healthy,Blueberry___healthy,0.939192
plantwild/extracted/plantwild/images/soybean leaf/google_0539.jpg,Soybean___healthy,"Pepper,_bell___healthy",0.381323
plantwild/extracted/plantwild/images/soybean leaf/google_0542.jpg,Soybean___healthy,Blueberry___healthy,0.800195
plantwild/extracted/plantwild/images/soybean leaf/google_0543.jpg,Soybean___healthy,Cherry___healthy,0.959977
plantwild/extracted/plantwild/images/soybean leaf/google_0553.jpg,Soybean___healthy,"Pepper,_bell___healthy",0.457768
plantwild/extracted/plantwild/images/soybean leaf/google_0555.jpg,Soybean___healthy,Cherry___healthy,0.679645
plantwild/extracted/plantwild/images/soybean leaf/google_0556.jpg,Soybean___healthy,"Pepper,_bell___healthy",0.514707
plantwild/extracted/plantwild/images/soybean leaf/google_0557.jpg,Soybean___healthy,"Pepper,_bell___healthy",0.901305
plantwild/extracted/plantwild/images/soybean leaf/google_0560.jpg,Soybean___healthy,Strawberry___Leaf_scorch,0.949838
plantwild/extracted/plantwild/images/soybean leaf/google_0562.jpg,Soybean___healthy,Blueberry___healthy,0.900615
plantwild/extracted/plantwild/images/soybean leaf/google_0564.jpg,Soybean___healthy,Cherry___healthy,0.959974
plantwild/extracted/plantwild/images/soybean leaf/google_0566.jpg,Soybean___healthy,"Pepper,_bell___healthy",0.906691
plantwild/extracted/plantwild/images/soybean leaf/google_0567.jpg,Soybean___healthy,"Pepper,_bell___healthy",0.940637
plantwild/extracted/plantwild/images/soybean leaf/google_0568.jpg,Soybean___healthy,"Pepper,_bell___healthy",0.805481
plantwild/extracted/plantwild/images/soybean leaf/google_0571.jpg,Soybean___healthy,Cherry___healthy,0.345093
plantwild/extracted/plantwild/images/soybean leaf/google_0573.jpg,Soybean___healthy,"Pepper,_bell___healthy",0.779415
plantwild/extracted/plantwild/images/soybean leaf/google_0577.jpg,Soybean___healthy,"Pepper,_bell___healthy",0.783128
plantwild/extracted/plantwild/images/soybean leaf/google_0579.jpg,Soybean___healthy,Blueberry___healthy,0.797024
plantwild/extracted/plantwild/images/soybean leaf/google_0580.jpg,Soybean___healthy,"Pepper,_bell___healthy",0.801614
plantwild/extracted/plantwild/images/soybean leaf/google_0582.jpg,Soybean___healthy,Blueberry___healthy,0.636507
plantwild/extracted/plantwild/images/soybean leaf/google_0583.jpg,Soybean___healthy,Cherry___healthy,0.427186
plantwild/extracted/plantwild/images/soybean leaf/google_0585.jpg,Soybean___healthy,Blueberry___healthy,0.571125
plantwild/extracted/plantwild/images/soybean leaf/google_0587.jpg,Soybean___healthy,"Pepper,_bell___healthy",0.375941
plantwild/extracted/plantwild/images/soybean leaf/google_0588.jpg,Soybean___healthy,"Pepper,_bell___healthy",0.256940
plantwild/extracted/plantwild/images/soybean leaf/google_0589.jpg,Soybean___healthy,Squash___Powdery_mildew,0.461578
plantwild/extracted/plantwild/images/soybean leaf/google_0592.jpg,Soybean___healthy,Corn___healthy,0.397515
plantwild/extracted/plantwild/images/soybean leaf/google_0594.jpg,Soybean___healthy,"Pepper,_bell___healthy",0.895939
plantwild/extracted/plantwild/images/soybean leaf/google_0601.jpg,Soybean___healthy,"Pepper,_bell___healthy",0.966041
plantwild/extracted/plantwild/images/soybean leaf/google_0602.jpg,Soybean___healthy,"Pepper,_bell___healthy",0.381082
plantwild/extracted/plantwild/images/soybean leaf/google_0603.jpg,Soybean___healthy,"Pepper,_bell___healthy",0.860277
plantwild/extracted/plantwild/images/soybean leaf/google_0604.jpg,Soybean___healthy,"Pepper,_bell___healthy",0.964916
plantwild/extracted/plantwild/images/soybean leaf/google_0605.jpg,Soybean___healthy,Cherry___healthy,0.425452
plantwild/extracted/plantwild/images/soybean leaf/google_0606.jpg,Soybean___healthy,"Pepper,_bell___healthy",0.964895
plantwild/extracted/plantwild/images/soybean leaf/google_0607.jpg,Soybean___healthy,Apple___healthy,0.255455
plantwild/extracted/plantwild/images/soybean leaf/google_0608.jpg,Soybean___healthy,Cherry___healthy,0.840453
plantwild/extracted/plantwild/images/squash powdery mildew/1.jpg,Squash___Powdery_mildew,Squash___Powdery_mildew,0.953878
plantwild/extracted/plantwild/images/squash powdery mildew/10.jpg,Squash___Powdery_mildew,Cherry___healthy,0.461599
plantwild/extracted/plantwild/images/squash powdery mildew/101.jpg,Squash___Powdery_mildew,Squash___Powdery_mildew,0.967103
plantwild/extracted/plantwild/images/squash powdery mildew/102.jpg,Squash___Powdery_mildew,Squash___Powdery_mildew,0.959702
plantwild/extracted/plantwild/images/squash powdery mildew/103.jpg,Squash___Powdery_mildew,Potato___Early_blight,0.929022
plantwild/extracted/plantwild/images/squash powdery mildew/106.jpg,Squash___Powdery_mildew,Cherry___healthy,0.749095
plantwild/extracted/plantwild/images/squash powdery mildew/108.jpg,Squash___Powdery_mildew,"Pepper,_bell___healthy",0.394584
plantwild/extracted/plantwild/images/squash powdery mildew/11.jpg,Squash___Powdery_mildew,"Pepper,_bell___healthy",0.750225
plantwild/extracted/plantwild/images/squash powdery mildew/114.jpg,Squash___Powdery_mildew,Squash___Powdery_mildew,0.950772
plantwild/extracted/plantwild/images/squash powdery mildew/115.jpg,Squash___Powdery_mildew,Cherry___healthy,0.510502
plantwild/extracted/plantwild/images/squash powdery mildew/116.jpg,Squash___Powdery_mildew,Strawberry___Leaf_scorch,0.933213
plantwild/extracted/plantwild/images/squash powdery mildew/119.jpg,Squash___Powdery_mildew,Strawberry___Leaf_scorch,0.378905
plantwild/extracted/plantwild/images/squash powdery mildew/12.jpg,Squash___Powdery_mildew,Strawberry___Leaf_scorch,0.325113
plantwild/extracted/plantwild/images/squash powdery mildew/120.jpg,Squash___Powdery_mildew,Tomato___Late_blight,0.931817
plantwild/extracted/plantwild/images/squash powdery mildew/121.jpg,Squash___Powdery_mildew,Cherry___healthy,0.633956
plantwild/extracted/plantwild/images/squash powdery mildew/123.jpg,Squash___Powdery_mildew,Corn___healthy,0.954039
plantwild/extracted/plantwild/images/squash powdery mildew/129 - Copy.jpg,Squash___Powdery_mildew,Squash___Powdery_mildew,0.970089
plantwild/extracted/plantwild/images/squash powdery mildew/129.jpg,Squash___Powdery_mildew,Strawberry___Leaf_scorch,0.477888
plantwild/extracted/plantwild/images/squash powdery mildew/13.jpg,Squash___Powdery_mildew,Squash___Powdery_mildew,0.734705
plantwild/extracted/plantwild/images/squash powdery mildew/130.jpg,Squash___Powdery_mildew,Cherry___healthy,0.725504
plantwild/extracted/plantwild/images/squash powdery mildew/14.jpg,Squash___Powdery_mildew,Strawberry___Leaf_scorch,0.893717
plantwild/extracted/plantwild/images/squash powdery mildew/140.jpg,Squash___Powdery_mildew,Cherry___healthy,0.828021
plantwild/extracted/plantwild/images/squash powdery mildew/15.jpg,Squash___Powdery_mildew,Squash___Powdery_mildew,0.969401
plantwild/extracted/plantwild/images/squash powdery mildew/152.jpg,Squash___Powdery_mildew,Corn___healthy,0.700210
plantwild/extracted/plantwild/images/squash powdery mildew/16.jpg,Squash___Powdery_mildew,Strawberry___Leaf_scorch,0.948627
plantwild/extracted/plantwild/images/squash powdery mildew/17.jpg,Squash___Powdery_mildew,Tomato___Early_blight,0.808107
plantwild/extracted/plantwild/images/squash powdery mildew/170.jpg,Squash___Powdery_mildew,Strawberry___Leaf_scorch,0.830746
plantwild/extracted/plantwild/images/squash powdery mildew/172.jpg,Squash___Powdery_mildew,Tomato___Late_blight,0.833193
plantwild/extracted/plantwild/images/squash powdery mildew/178.jpg,Squash___Powdery_mildew,Squash___Powdery_mildew,0.967617
plantwild/extracted/plantwild/images/squash powdery mildew/18.jpg,Squash___Powdery_mildew,Cherry___healthy,0.456208
plantwild/extracted/plantwild/images/squash powdery mildew/183.jpg,Squash___Powdery_mildew,Cherry___healthy,0.538512
plantwild/extracted/plantwild/images/squash powdery mildew/19.jpg,Squash___Powdery_mildew,"Pepper,_bell___healthy",0.286759
plantwild/extracted/plantwild/images/squash powdery mildew/2.jpg,Squash___Powdery_mildew,Squash___Powdery_mildew,0.520629
plantwild/extracted/plantwild/images/squash powdery mildew/20.jpg,Squash___Powdery_mildew,Squash___Powdery_mildew,0.256933
plantwild/extracted/plantwild/images/squash powdery mildew/21.jpg,Squash___Powdery_mildew,Squash___Powdery_mildew,0.943149
plantwild/extracted/plantwild/images/squash powdery mildew/22.jpg,Squash___Powdery_mildew,Squash___Powdery_mildew,0.916961
plantwild/extracted/plantwild/images/squash powdery mildew/23.jpg,Squash___Powdery_mildew,Strawberry___Leaf_scorch,0.750250
plantwild/extracted/plantwild/images/squash powdery mildew/24.jpg,Squash___Powdery_mildew,Tomato___Early_blight,0.955258
plantwild/extracted/plantwild/images/squash powdery mildew/25.jpg,Squash___Powdery_mildew,Tomato___Early_blight,0.957036
plantwild/extracted/plantwild/images/squash powdery mildew/28.jpg,Squash___Powdery_mildew,Squash___Powdery_mildew,0.757653
plantwild/extracted/plantwild/images/squash powdery mildew/29.jpg,Squash___Powdery_mildew,Squash___Powdery_mildew,0.616453
plantwild/extracted/plantwild/images/squash powdery mildew/3.jpg,Squash___Powdery_mildew,Strawberry___Leaf_scorch,0.862185
plantwild/extracted/plantwild/images/squash powdery mildew/30.jpg,Squash___Powdery_mildew,"Pepper,_bell___healthy",0.491195
plantwild/extracted/plantwild/images/squash powdery mildew/31.jpg,Squash___Powdery_mildew,Tomato___Late_blight,0.577142
plantwild/extracted/plantwild/images/squash powdery mildew/32.jpg,Squash___Powdery_mildew,Strawberry___Leaf_scorch,0.873585
plantwild/extracted/plantwild/images/squash powdery mildew/33.jpg,Squash___Powdery_mildew,Tomato___Early_blight,0.730640
plantwild/extracted/plantwild/images/squash powdery mildew/34.jpg,Squash___Powdery_mildew,Corn___Common_rust,0.408482
plantwild/extracted/plantwild/images/squash powdery mildew/35.jpg,Squash___Powdery_mildew,Squash___Powdery_mildew,0.922158
plantwild/extracted/plantwild/images/squash powdery mildew/37.jpg,Squash___Powdery_mildew,"Pepper,_bell___healthy",0.820003
plantwild/extracted/plantwild/images/squash powdery mildew/38.jpg,Squash___Powdery_mildew,Cherry___healthy,0.262114
plantwild/extracted/plantwild/images/squash powdery mildew/39.jpg,Squash___Powdery_mildew,Squash___Powdery_mildew,0.966626
plantwild/extracted/plantwild/images/squash powdery mildew/4.jpg,Squash___Powdery_mildew,Cherry___healthy,0.812125
plantwild/extracted/plantwild/images/squash powdery mildew/40.jpg,Squash___Powdery_mildew,Corn___healthy,0.502746
plantwild/extracted/plantwild/images/squash powdery mildew/41.jpg,Squash___Powdery_mildew,Tomato___Early_blight,0.873390
plantwild/extracted/plantwild/images/squash powdery mildew/42.jpg,Squash___Powdery_mildew,Squash___Powdery_mildew,0.822411
plantwild/extracted/plantwild/images/squash powdery mildew/44.jpg,Squash___Powdery_mildew,Strawberry___Leaf_scorch,0.528248
plantwild/extracted/plantwild/images/squash powdery mildew/45.jpg,Squash___Powdery_mildew,"Pepper,_bell___healthy",0.689895
plantwild/extracted/plantwild/images/squash powdery mildew/47.jpg,Squash___Powdery_mildew,Squash___Powdery_mildew,0.964255
plantwild/extracted/plantwild/images/squash powdery mildew/48.jpg,Squash___Powdery_mildew,Squash___Powdery_mildew,0.961043
plantwild/extracted/plantwild/images/squash powdery mildew/5.jpg,Squash___Powdery_mildew,Squash___Powdery_mildew,0.811533
plantwild/extracted/plantwild/images/squash powdery mildew/50.jpg,Squash___Powdery_mildew,Tomato___Late_blight,0.956758
plantwild/extracted/plantwild/images/squash powdery mildew/51.jpg,Squash___Powdery_mildew,Strawberry___Leaf_scorch,0.740266
plantwild/extracted/plantwild/images/squash powdery mildew/52.jpg,Squash___Powdery_mildew,Squash___Powdery_mildew,0.965656
plantwild/extracted/plantwild/images/squash powdery mildew/53.jpg,Squash___Powdery_mildew,Grape___Leaf_blight_(Isariopsis_Leaf_Spot),0.642916
plantwild/extracted/plantwild/images/squash powdery mildew/54.jpg,Squash___Powdery_mildew,Squash___Powdery_mildew,0.967486
plantwild/extracted/plantwild/images/squash powdery mildew/55.jpg,Squash___Powdery_mildew,Strawberry___Leaf_scorch,0.954630
plantwild/extracted/plantwild/images/squash powdery mildew/56.jpg,Squash___Powdery_mildew,Tomato___Late_blight,0.917759
plantwild/extracted/plantwild/images/squash powdery mildew/58.jpg,Squash___Powdery_mildew,Squash___Powdery_mildew,0.967797
plantwild/extracted/plantwild/images/squash powdery mildew/59.jpg,Squash___Powdery_mildew,Corn___healthy,0.521278
plantwild/extracted/plantwild/images/squash powdery mildew/6.jpg,Squash___Powdery_mildew,"Pepper,_bell___healthy",0.867212
plantwild/extracted/plantwild/images/squash powdery mildew/60.jpg,Squash___Powdery_mildew,Squash___Powdery_mildew,0.836819
plantwild/extracted/plantwild/images/squash powdery mildew/61.jpg,Squash___Powdery_mildew,Squash___Powdery_mildew,0.466211
plantwild/extracted/plantwild/images/squash powdery mildew/62.jpg,Squash___Powdery_mildew,Squash___Powdery_mildew,0.968491
plantwild/extracted/plantwild/images/squash powdery mildew/65.jpg,Squash___Powdery_mildew,Squash___Powdery_mildew,0.939806
plantwild/extracted/plantwild/images/squash powdery mildew/66.jpg,Squash___Powdery_mildew,"Pepper,_bell___healthy",0.826248
plantwild/extracted/plantwild/images/squash powdery mildew/68.jpg,Squash___Powdery_mildew,Tomato___Late_blight,0.562794
plantwild/extracted/plantwild/images/squash powdery mildew/69.jpg,Squash___Powdery_mildew,Tomato___Late_blight,0.516308
plantwild/extracted/plantwild/images/squash powdery mildew/7.jpg,Squash___Powdery_mildew,Cherry___healthy,0.663859
plantwild/extracted/plantwild/images/squash powdery mildew/71.jpg,Squash___Powdery_mildew,Tomato___Late_blight,0.964839
plantwild/extracted/plantwild/images/squash powdery mildew/72.jpg,Squash___Powdery_mildew,"Pepper,_bell___healthy",0.628283
plantwild/extracted/plantwild/images/squash powdery mildew/73.jpg,Squash___Powdery_mildew,Tomato___Early_blight,0.868484
plantwild/extracted/plantwild/images/squash powdery mildew/75.jpg,Squash___Powdery_mildew,Squash___Powdery_mildew,0.787115
plantwild/extracted/plantwild/images/squash powdery mildew/77.jpg,Squash___Powdery_mildew,"Pepper,_bell___healthy",0.356117
plantwild/extracted/plantwild/images/squash powdery mildew/78.jpg,Squash___Powdery_mildew,Cherry___healthy,0.785117
plantwild/extracted/plantwild/images/squash powdery mildew/79.jpg,Squash___Powdery_mildew,Tomato___Early_blight,0.813740
plantwild/extracted/plantwild/images/squash powdery mildew/8.jpg,Squash___Powdery_mildew,Squash___Powdery_mildew,0.941516
plantwild/extracted/plantwild/images/squash powdery mildew/81.jpg,Squash___Powdery_mildew,Squash___Powdery_mildew,0.967116
plantwild/extracted/plantwild/images/squash powdery mildew/82.jpg,Squash___Powdery_mildew,Tomato___Early_blight,0.941284
plantwild/extracted/plantwild/images/squash powdery mildew/83.jpg,Squash___Powdery_mildew,Cherry___healthy,0.495929
plantwild/extracted/plantwild/images/squash powdery mildew/84.jpg,Squash___Powdery_mildew,Squash___Powdery_mildew,0.735662
plantwild/extracted/plantwild/images/squash powdery mildew/88.jpg,Squash___Powdery_mildew,Cherry___healthy,0.488907
plantwild/extracted/plantwild/images/squash powdery mildew/9.jpg,Squash___Powdery_mildew,"Pepper,_bell___healthy",0.561994
plantwild/extracted/plantwild/images/squash powdery mildew/93.jpg,Squash___Powdery_mildew,Strawberry___Leaf_scorch,0.371749
plantwild/extracted/plantwild/images/squash powdery mildew/google_0000.jpg,Squash___Powdery_mildew,"Pepper,_bell___healthy",0.838311
plantwild/extracted/plantwild/images/squash powdery mildew/google_0001.jpg,Squash___Powdery_mildew,Squash___Powdery_mildew,0.944940
plantwild/extracted/plantwild/images/squash powdery mildew/google_0002.jpg,Squash___Powdery_mildew,Squash___Powdery_mildew,0.860581
plantwild/extracted/plantwild/images/squash powdery mildew/google_0003.jpg,Squash___Powdery_mildew,Squash___Powdery_mildew,0.570734
plantwild/extracted/plantwild/images/squash powdery mildew/google_0004.jpg,Squash___Powdery_mildew,"Pepper,_bell___healthy",0.913928
plantwild/extracted/plantwild/images/squash powdery mildew/google_0005.jpg,Squash___Powdery_mildew,Squash___Powdery_mildew,0.823349
plantwild/extracted/plantwild/images/squash powdery mildew/google_0006.jpg,Squash___Powdery_mildew,Squash___Powdery_mildew,0.592296
plantwild/extracted/plantwild/images/squash powdery mildew/google_0007.jpg,Squash___Powdery_mildew,Squash___Powdery_mildew,0.965355
plantwild/extracted/plantwild/images/squash powdery mildew/google_0008.jpg,Squash___Powdery_mildew,Squash___Powdery_mildew,0.958345
plantwild/extracted/plantwild/images/squash powdery mildew/google_0009.jpg,Squash___Powdery_mildew,Tomato___Early_blight,0.860369
plantwild/extracted/plantwild/images/squash powdery mildew/google_0010.jpg,Squash___Powdery_mildew,Squash___Powdery_mildew,0.725617
plantwild/extracted/plantwild/images/squash powdery mildew/google_0011.jpg,Squash___Powdery_mildew,Squash___Powdery_mildew,0.713250
plantwild/extracted/plantwild/images/squash powdery mildew/google_0013.jpg,Squash___Powdery_mildew,Squash___Powdery_mildew,0.927352
plantwild/extracted/plantwild/images/squash powdery mildew/google_0014.jpg,Squash___Powdery_mildew,Squash___Powdery_mildew,0.897486
plantwild/extracted/plantwild/images/squash powdery mildew/google_0016.jpg,Squash___Powdery_mildew,Cherry___healthy,0.645957
plantwild/extracted/plantwild/images/squash powdery mildew/google_0017.jpg,Squash___Powdery_mildew,Tomato___Leaf_Mold,0.696616
plantwild/extracted/plantwild/images/squash powdery mildew/google_0018.jpg,Squash___Powdery_mildew,Strawberry___Leaf_scorch,0.714461
plantwild/extracted/plantwild/images/squash powdery mildew/google_0019.jpg,Squash___Powdery_mildew,Tomato___Early_blight,0.873636
plantwild/extracted/plantwild/images/squash powdery mildew/google_0024.jpg,Squash___Powdery_mildew,Squash___Powdery_mildew,0.919329
plantwild/extracted/plantwild/images/squash powdery mildew/google_0025.jpg,Squash___Powdery_mildew,Tomato___Late_blight,0.899720
plantwild/extracted/plantwild/images/squash powdery mildew/google_0026.jpg,Squash___Powdery_mildew,Potato___healthy,0.544798
plantwild/extracted/plantwild/images/squash powdery mildew/google_0027.jpg,Squash___Powdery_mildew,Squash___Powdery_mildew,0.963469
plantwild/extracted/plantwild/images/squash powdery mildew/google_0028.jpg,Squash___Powdery_mildew,Squash___Powdery_mildew,0.965931
plantwild/extracted/plantwild/images/squash powdery mildew/google_0029.jpg,Squash___Powdery_mildew,Squash___Powdery_mildew,0.917167
plantwild/extracted/plantwild/images/squash powdery mildew/google_0030.jpg,Squash___Powdery_mildew,Strawberry___Leaf_scorch,0.945431
plantwild/extracted/plantwild/images/squash powdery mildew/google_0031.jpg,Squash___Powdery_mildew,"Pepper,_bell___healthy",0.443975
plantwild/extracted/plantwild/images/squash powdery mildew/google_0032.jpg,Squash___Powdery_mildew,Squash___Powdery_mildew,0.967171
plantwild/extracted/plantwild/images/squash powdery mildew/google_0033.jpg,Squash___Powdery_mildew,Squash___Powdery_mildew,0.968854
plantwild/extracted/plantwild/images/squash powdery mildew/google_0034.jpg,Squash___Powdery_mildew,Strawberry___Leaf_scorch,0.327284
plantwild/extracted/plantwild/images/squash powdery mildew/google_0035.jpg,Squash___Powdery_mildew,Squash___Powdery_mildew,0.965157
plantwild/extracted/plantwild/images/squash powdery mildew/google_0036.jpg,Squash___Powdery_mildew,Squash___Powdery_mildew,0.915012
plantwild/extracted/plantwild/images/squash powdery mildew/google_0039.jpg,Squash___Powdery_mildew,Cherry___healthy,0.684711
plantwild/extracted/plantwild/images/squash powdery mildew/google_0041.jpg,Squash___Powdery_mildew,Strawberry___Leaf_scorch,0.598239
plantwild/extracted/plantwild/images/squash powdery mildew/google_0042.jpg,Squash___Powdery_mildew,Squash___Powdery_mildew,0.953111
plantwild/extracted/plantwild/images/squash powdery mildew/google_0043.jpg,Squash___Powdery_mildew,Squash___Powdery_mildew,0.966641
plantwild/extracted/plantwild/images/squash powdery mildew/google_0044.jpg,Squash___Powdery_mildew,"Pepper,_bell___healthy",0.870355
plantwild/extracted/plantwild/images/squash powdery mildew/google_0045.jpg,Squash___Powdery_mildew,Squash___Powdery_mildew,0.956780
plantwild/extracted/plantwild/images/squash powdery mildew/google_0047.jpg,Squash___Powdery_mildew,Squash___Powdery_mildew,0.846423
plantwild/extracted/plantwild/images/squash powdery mildew/google_0048.jpg,Squash___Powdery_mildew,Squash___Powdery_mildew,0.956629
plantwild/extracted/plantwild/images/squash powdery mildew/google_0049.jpg,Squash___Powdery_mildew,Squash___Powdery_mildew,0.965158
plantwild/extracted/plantwild/images/squash powdery mildew/google_0050.jpg,Squash___Powdery_mildew,Cherry___healthy,0.842400
plantwild/extracted/plantwild/images/squash powdery mildew/google_0051.jpg,Squash___Powdery_mildew,Cherry___healthy,0.892709
plantwild/extracted/plantwild/images/squash powdery mildew/google_0058.jpg,Squash___Powdery_mildew,"Pepper,_bell___healthy",0.759281
plantwild/extracted/plantwild/images/squash powdery mildew/google_0059.jpg,Squash___Powdery_mildew,Strawberry___Leaf_scorch,0.418023
plantwild/extracted/plantwild/images/squash powdery mildew/google_0060.jpg,Squash___Powdery_mildew,"Pepper,_bell___healthy",0.618741
plantwild/extracted/plantwild/images/squash powdery mildew/google_0061.jpg,Squash___Powdery_mildew,Squash___Powdery_mildew,0.563072
plantwild/extracted/plantwild/images/squash powdery mildew/google_0062.jpg,Squash___Powdery_mildew,Squash___Powdery_mildew,0.917785
plantwild/extracted/plantwild/images/squash powdery mildew/google_0063.jpg,Squash___Powdery_mildew,Cherry___healthy,0.699512
plantwild/extracted/plantwild/images/squash powdery mildew/google_0064.jpg,Squash___Powdery_mildew,Cherry___healthy,0.852464
plantwild/extracted/plantwild/images/squash powdery mildew/google_0065.jpg,Squash___Powdery_mildew,"Pepper,_bell___healthy",0.683372
plantwild/extracted/plantwild/images/squash powdery mildew/google_0066.jpg,Squash___Powdery_mildew,Squash___Powdery_mildew,0.784525
plantwild/extracted/plantwild/images/squash powdery mildew/google_0068.jpg,Squash___Powdery_mildew,Squash___Powdery_mildew,0.917690
plantwild/extracted/plantwild/images/squash powdery mildew/google_0069.jpg,Squash___Powdery_mildew,"Pepper,_bell___healthy",0.817218
plantwild/extracted/plantwild/images/squash powdery mildew/google_0070.jpg,Squash___Powdery_mildew,Squash___Powdery_mildew,0.965651
plantwild/extracted/plantwild/images/squash powdery mildew/google_0073.jpg,Squash___Powdery_mildew,Squash___Powdery_mildew,0.965067
plantwild/extracted/plantwild/images/squash powdery mildew/google_0074.jpg,Squash___Powdery_mildew,Strawberry___Leaf_scorch,0.878057
plantwild/extracted/plantwild/images/squash powdery mildew/google_0075.jpg,Squash___Powdery_mildew,Squash___Powdery_mildew,0.935471
plantwild/extracted/plantwild/images/squash powdery mildew/google_0076.jpg,Squash___Powdery_mildew,Squash___Powdery_mildew,0.394656
plantwild/extracted/plantwild/images/squash powdery mildew/google_0079.jpg,Squash___Powdery_mildew,Tomato___Early_blight,0.387534
plantwild/extracted/plantwild/images/squash powdery mildew/google_0080.jpg,Squash___Powdery_mildew,"Pepper,_bell___healthy",0.572309
plantwild/extracted/plantwild/images/squash powdery mildew/google_0081.jpg,Squash___Powdery_mildew,Squash___Powdery_mildew,0.966043
plantwild/extracted/plantwild/images/squash powdery mildew/google_0082.jpg,Squash___Powdery_mildew,Strawberry___Leaf_scorch,0.909669
plantwild/extracted/plantwild/images/squash powdery mildew/google_0083.jpg,Squash___Powdery_mildew,Cherry___healthy,0.720721
plantwild/extracted/plantwild/images/squash powdery mildew/google_0093.jpg,Squash___Powdery_mildew,Squash___Powdery_mildew,0.427876
plantwild/extracted/plantwild/images/squash powdery mildew/google_0094.jpg,Squash___Powdery_mildew,Squash___Powdery_mildew,0.966145
plantwild/extracted/plantwild/images/squash powdery mildew/google_0098.jpg,Squash___Powdery_mildew,Squash___Powdery_mildew,0.873842
plantwild/extracted/plantwild/images/squash powdery mildew/google_0099.jpg,Squash___Powdery_mildew,Squash___Powdery_mildew,0.761015
plantwild/extracted/plantwild/images/squash powdery mildew/google_0100.jpg,Squash___Powdery_mildew,Squash___Powdery_mildew,0.964393
plantwild/extracted/plantwild/images/squash powdery mildew/google_0101.jpg,Squash___Powdery_mildew,Cherry___healthy,0.939580
plantwild/extracted/plantwild/images/squash powdery mildew/google_0102.jpg,Squash___Powdery_mildew,Squash___Powdery_mildew,0.922715
plantwild/extracted/plantwild/images/squash powdery mildew/google_0103.jpg,Squash___Powdery_mildew,Squash___Powdery_mildew,0.931005
plantwild/extracted/plantwild/images/squash powdery mildew/google_0104.jpg,Squash___Powdery_mildew,"Pepper,_bell___healthy",0.478977
plantwild/extracted/plantwild/images/squash powdery mildew/google_0105.jpg,Squash___Powdery_mildew,Squash___Powdery_mildew,0.968330
plantwild/extracted/plantwild/images/squash powdery mildew/google_0106.jpg,Squash___Powdery_mildew,Squash___Powdery_mildew,0.968348
plantwild/extracted/plantwild/images/squash powdery mildew/google_0107.jpg,Squash___Powdery_mildew,Tomato___Early_blight,0.803261
plantwild/extracted/plantwild/images/squash powdery mildew/google_0109.jpg,Squash___Powdery_mildew,Squash___Powdery_mildew,0.963348
plantwild/extracted/plantwild/images/squash powdery mildew/google_0110.jpg,Squash___Powdery_mildew,Corn___healthy,0.807711
plantwild/extracted/plantwild/images/squash powdery mildew/google_0112.jpg,Squash___Powdery_mildew,Cherry___healthy,0.343584
plantwild/extracted/plantwild/images/squash powdery mildew/google_0119.jpg,Squash___Powdery_mildew,Squash___Powdery_mildew,0.965444
plantwild/extracted/plantwild/images/squash powdery mildew/google_0120.jpg,Squash___Powdery_mildew,Corn___healthy,0.262019
plantwild/extracted/plantwild/images/squash powdery mildew/google_0122.jpg,Squash___Powdery_mildew,Tomato___Early_blight,0.603656
plantwild/extracted/plantwild/images/squash powdery mildew/google_0123.jpg,Squash___Powdery_mildew,Strawberry___Leaf_scorch,0.806296
plantwild/extracted/plantwild/images/squash powdery mildew/google_0124.jpg,Squash___Powdery_mildew,Tomato___Early_blight,0.846754
plantwild/extracted/plantwild/images/squash powdery mildew/google_0125.jpg,Squash___Powdery_mildew,Cherry___healthy,0.556906
plantwild/extracted/plantwild/images/squash powdery mildew/google_0126.jpg,Squash___Powdery_mildew,Squash___Powdery_mildew,0.932420
plantwild/extracted/plantwild/images/squash powdery mildew/google_0132.jpg,Squash___Powdery_mildew,Squash___Powdery_mildew,0.833185
plantwild/extracted/plantwild/images/squash powdery mildew/google_0133.jpg,Squash___Powdery_mildew,"Pepper,_bell___healthy",0.438980
plantwild/extracted/plantwild/images/squash powdery mildew/google_0134.jpg,Squash___Powdery_mildew,Squash___Powdery_mildew,0.851292
plantwild/extracted/plantwild/images/squash powdery mildew/google_0136.jpg,Squash___Powdery_mildew,Cherry___healthy,0.819886
plantwild/extracted/plantwild/images/squash powdery mildew/google_0138.jpg,Squash___Powdery_mildew,Strawberry___Leaf_scorch,0.415824
plantwild/extracted/plantwild/images/squash powdery mildew/google_0139.jpg,Squash___Powdery_mildew,Squash___Powdery_mildew,0.967397
plantwild/extracted/plantwild/images/squash powdery mildew/google_0142.jpg,Squash___Powdery_mildew,Apple___healthy,0.476502
plantwild/extracted/plantwild/images/squash powdery mildew/google_0143.jpg,Squash___Powdery_mildew,Squash___Powdery_mildew,0.929054
plantwild/extracted/plantwild/images/squash powdery mildew/google_0144.jpg,Squash___Powdery_mildew,Tomato___Late_blight,0.967988
plantwild/extracted/plantwild/images/squash powdery mildew/google_0145.jpg,Squash___Powdery_mildew,Cherry___healthy,0.649049
plantwild/extracted/plantwild/images/squash powdery mildew/google_0146.jpg,Squash___Powdery_mildew,Squash___Powdery_mildew,0.889476
plantwild/extracted/plantwild/images/squash powdery mildew/google_0147.jpg,Squash___Powdery_mildew,"Pepper,_bell___healthy",0.631450
plantwild/extracted/plantwild/images/squash powdery mildew/google_0148.jpg,Squash___Powdery_mildew,Corn___Cercospora_leaf_spot Gray_leaf_spot,0.846029
plantwild/extracted/plantwild/images/squash powdery mildew/google_0149.jpg,Squash___Powdery_mildew,Squash___Powdery_mildew,0.630534
plantwild/extracted/plantwild/images/squash powdery mildew/google_0150.jpg,Squash___Powdery_mildew,Strawberry___Leaf_scorch,0.476777
plantwild/extracted/plantwild/images/squash powdery mildew/google_0151.jpg,Squash___Powdery_mildew,Squash___Powdery_mildew,0.968500
plantwild/extracted/plantwild/images/squash powdery mildew/google_0152.jpg,Squash___Powdery_mildew,"Pepper,_bell___healthy",0.579155
plantwild/extracted/plantwild/images/squash powdery mildew/google_0155.jpg,Squash___Powdery_mildew,Squash___Powdery_mildew,0.519780
plantwild/extracted/plantwild/images/squash powdery mildew/google_0156.jpg,Squash___Powdery_mildew,Squash___Powdery_mildew,0.795458
plantwild/extracted/plantwild/images/squash powdery mildew/google_0157.jpg,Squash___Powdery_mildew,Squash___Powdery_mildew,0.968236
plantwild/extracted/plantwild/images/squash powdery mildew/google_0158.jpg,Squash___Powdery_mildew,Cherry___healthy,0.643932
plantwild/extracted/plantwild/images/squash powdery mildew/google_0159.jpg,Squash___Powdery_mildew,Cherry___healthy,0.952265
plantwild/extracted/plantwild/images/squash powdery mildew/google_0161.jpg,Squash___Powdery_mildew,"Pepper,_bell___healthy",0.449842
plantwild/extracted/plantwild/images/squash powdery mildew/google_0162.jpg,Squash___Powdery_mildew,Corn___healthy,0.829744
plantwild/extracted/plantwild/images/squash powdery mildew/google_0168.jpg,Squash___Powdery_mildew,Squash___Powdery_mildew,0.950796
plantwild/extracted/plantwild/images/squash powdery mildew/google_0169.jpg,Squash___Powdery_mildew,Squash___Powdery_mildew,0.966547
plantwild/extracted/plantwild/images/squash powdery mildew/google_0173.jpg,Squash___Powdery_mildew,Squash___Powdery_mildew,0.968363
plantwild/extracted/plantwild/images/squash powdery mildew/google_0174.jpg,Squash___Powdery_mildew,Squash___Powdery_mildew,0.471072
plantwild/extracted/plantwild/images/squash powdery mildew/google_0175.jpg,Squash___Powdery_mildew,Grape___Black_rot,0.881230
plantwild/extracted/plantwild/images/squash powdery mildew/google_0176.jpg,Squash___Powdery_mildew,"Pepper,_bell___healthy",0.748212
plantwild/extracted/plantwild/images/squash powdery mildew/google_0180.jpg,Squash___Powdery_mildew,Cherry___healthy,0.524850
plantwild/extracted/plantwild/images/squash powdery mildew/google_0181.jpg,Squash___Powdery_mildew,Tomato___Early_blight,0.940750
plantwild/extracted/plantwild/images/squash powdery mildew/google_0182.jpg,Squash___Powdery_mildew,Strawberry___Leaf_scorch,0.828864
plantwild/extracted/plantwild/images/squash powdery mildew/google_0183.jpg,Squash___Powdery_mildew,Squash___Powdery_mildew,0.966468
plantwild/extracted/plantwild/images/squash powdery mildew/google_0189.jpg,Squash___Powdery_mildew,Tomato___Late_blight,0.932061
plantwild/extracted/plantwild/images/squash powdery mildew/google_0190.jpg,Squash___Powdery_mildew,Cherry___healthy,0.827488
plantwild/extracted/plantwild/images/squash powdery mildew/google_0191.jpg,Squash___Powdery_mildew,Strawberry___Leaf_scorch,0.506008
plantwild/extracted/plantwild/images/squash powdery mildew/google_0192.jpg,Squash___Powdery_mildew,Strawberry___Leaf_scorch,0.422386
plantwild/extracted/plantwild/images/squash powdery mildew/google_0193.jpg,Squash___Powdery_mildew,Tomato___Late_blight,0.569809
plantwild/extracted/plantwild/images/squash powdery mildew/google_0196.jpg,Squash___Powdery_mildew,Squash___Powdery_mildew,0.803557
plantwild/extracted/plantwild/images/squash powdery mildew/google_0198.jpg,Squash___Powdery_mildew,Strawberry___Leaf_scorch,0.414367
plantwild/extracted/plantwild/images/squash powdery mildew/google_0201.jpg,Squash___Powdery_mildew,Cherry___healthy,0.577194
plantwild/extracted/plantwild/images/squash powdery mildew/google_0202.jpg,Squash___Powdery_mildew,Strawberry___Leaf_scorch,0.753144
plantwild/extracted/plantwild/images/squash powdery mildew/google_0208.jpg,Squash___Powdery_mildew,Squash___Powdery_mildew,0.953590
plantwild/extracted/plantwild/images/squash powdery mildew/google_0209.jpg,Squash___Powdery_mildew,Corn___healthy,0.634928
plantwild/extracted/plantwild/images/squash powdery mildew/google_0210.jpg,Squash___Powdery_mildew,"Pepper,_bell___healthy",0.597656
plantwild/extracted/plantwild/images/squash powdery mildew/google_0213.jpg,Squash___Powdery_mildew,Cherry___healthy,0.429939
plantwild/extracted/plantwild/images/squash powdery mildew/google_0214.jpg,Squash___Powdery_mildew,Squash___Powdery_mildew,0.941095
plantwild/extracted/plantwild/images/squash powdery mildew/google_0215.jpg,Squash___Powdery_mildew,Squash___Powdery_mildew,0.967455
plantwild/extracted/plantwild/images/squash powdery mildew/google_0217.jpg,Squash___Powdery_mildew,"Pepper,_bell___healthy",0.967562
plantwild/extracted/plantwild/images/squash powdery mildew/google_0218.jpg,Squash___Powdery_mildew,Squash___Powdery_mildew,0.877046
plantwild/extracted/plantwild/images/squash powdery mildew/google_0226.jpg,Squash___Powdery_mildew,Squash___Powdery_mildew,0.667682
plantwild/extracted/plantwild/images/squash powdery mildew/google_0227.jpg,Squash___Powdery_mildew,Squash___Powdery_mildew,0.838910
plantwild/extracted/plantwild/images/squash powdery mildew/google_0228.jpg,Squash___Powdery_mildew,Strawberry___Leaf_scorch,0.914949
plantwild/extracted/plantwild/images/squash powdery mildew/google_0233.jpg,Squash___Powdery_mildew,Cherry___healthy,0.860011
plantwild/extracted/plantwild/images/squash powdery mildew/google_0236.jpg,Squash___Powdery_mildew,Squash___Powdery_mildew,0.967592
plantwild/extracted/plantwild/images/squash powdery mildew/google_0244.jpg,Squash___Powdery_mildew,"Pepper,_bell___healthy",0.936206
plantwild/extracted/plantwild/images/squash powdery mildew/google_0247.jpg,Squash___Powdery_mildew,Squash___Powdery_mildew,0.961451
plantwild/extracted/plantwild/images/squash powdery mildew/google_0248.jpg,Squash___Powdery_mildew,Squash___Powdery_mildew,0.969480
plantwild/extracted/plantwild/images/squash powdery mildew/google_0249.jpg,Squash___Powdery_mildew,Tomato___Late_blight,0.743014
plantwild/extracted/plantwild/images/squash powdery mildew/google_0252.jpg,Squash___Powdery_mildew,"Pepper,_bell___healthy",0.619358
plantwild/extracted/plantwild/images/squash powdery mildew/google_0256.jpg,Squash___Powdery_mildew,Strawberry___Leaf_scorch,0.798578
plantwild/extracted/plantwild/images/squash powdery mildew/google_0258.jpg,Squash___Powdery_mildew,Corn___healthy,0.638100
plantwild/extracted/plantwild/images/squash powdery mildew/google_0263.jpg,Squash___Powdery_mildew,Tomato___Early_blight,0.455344
plantwild/extracted/plantwild/images/squash powdery mildew/google_0266.jpg,Squash___Powdery_mildew,Cherry___healthy,0.630714
plantwild/extracted/plantwild/images/squash powdery mildew/google_0274.jpg,Squash___Powdery_mildew,Strawberry___Leaf_scorch,0.299350
plantwild/extracted/plantwild/images/squash powdery mildew/google_0275.jpg,Squash___Powdery_mildew,Squash___Powdery_mildew,0.960781
plantwild/extracted/plantwild/images/squash powdery mildew/google_0284.jpg,Squash___Powdery_mildew,Tomato___Early_blight,0.942988
plantwild/extracted/plantwild/images/squash powdery mildew/google_0285.jpg,Squash___Powdery_mildew,Strawberry___Leaf_scorch,0.924169
plantwild/extracted/plantwild/images/squash powdery mildew/google_0286.jpg,Squash___Powdery_mildew,"Pepper,_bell___healthy",0.735266
plantwild/extracted/plantwild/images/squash powdery mildew/google_0287.jpg,Squash___Powdery_mildew,Corn___Cercospora_leaf_spot Gray_leaf_spot,0.924196
plantwild/extracted/plantwild/images/squash powdery mildew/google_0290.jpg,Squash___Powdery_mildew,Cherry___healthy,0.481370
plantwild/extracted/plantwild/images/squash powdery mildew/google_0291.jpg,Squash___Powdery_mildew,Squash___Powdery_mildew,0.966932
plantwild/extracted/plantwild/images/squash powdery mildew/google_0295.jpg,Squash___Powdery_mildew,Cherry___healthy,0.576068
plantwild/extracted/plantwild/images/squash powdery mildew/google_0298.jpg,Squash___Powdery_mildew,Strawberry___Leaf_scorch,0.880659
plantwild/extracted/plantwild/images/squash powdery mildew/google_0299.jpg,Squash___Powdery_mildew,"Pepper,_bell___healthy",0.899764
plantwild/extracted/plantwild/images/squash powdery mildew/google_0304.jpg,Squash___Powdery_mildew,"Pepper,_bell___healthy",0.341745
plantwild/extracted/plantwild/images/squash powdery mildew/google_0308.jpg,Squash___Powdery_mildew,Tomato___Early_blight,0.470472
plantwild/extracted/plantwild/images/squash powdery mildew/google_0309.jpg,Squash___Powdery_mildew,Tomato___Early_blight,0.954800
plantwild/extracted/plantwild/images/squash powdery mildew/google_0312.jpg,Squash___Powdery_mildew,Squash___Powdery_mildew,0.933053
plantwild/extracted/plantwild/images/squash powdery mildew/google_0315.jpg,Squash___Powdery_mildew,Cherry___healthy,0.948493
plantwild/extracted/plantwild/images/squash powdery mildew/google_0325.jpg,Squash___Powdery_mildew,Squash___Powdery_mildew,0.777270
plantwild/extracted/plantwild/images/squash powdery mildew/google_0326.jpg,Squash___Powdery_mildew,Cherry___healthy,0.444525
plantwild/extracted/plantwild/images/squash powdery mildew/google_0327.jpg,Squash___Powdery_mildew,Squash___Powdery_mildew,0.408942
plantwild/extracted/plantwild/images/squash powdery mildew/google_0329.jpg,Squash___Powdery_mildew,Strawberry___Leaf_scorch,0.828964
plantwild/extracted/plantwild/images/squash powdery mildew/google_0331.jpg,Squash___Powdery_mildew,Corn___healthy,0.893367
plantwild/extracted/plantwild/images/squash powdery mildew/google_0350.jpg,Squash___Powdery_mildew,Squash___Powdery_mildew,0.965451
plantwild/extracted/plantwild/images/squash powdery mildew/google_0354.jpg,Squash___Powdery_mildew,Squash___Powdery_mildew,0.925267
plantwild/extracted/plantwild/images/squash powdery mildew/google_0358.jpg,Squash___Powdery_mildew,Strawberry___Leaf_scorch,0.382684
plantwild/extracted/plantwild/images/squash powdery mildew/google_0362.jpg,Squash___Powdery_mildew,Strawberry___Leaf_scorch,0.772170
plantwild/extracted/plantwild/images/squash powdery mildew/google_0363.jpg,Squash___Powdery_mildew,Strawberry___Leaf_scorch,0.935528
plantwild/extracted/plantwild/images/squash powdery mildew/google_0364.jpg,Squash___Powdery_mildew,Squash___Powdery_mildew,0.959332
plantwild/extracted/plantwild/images/squash powdery mildew/google_0365.jpg,Squash___Powdery_mildew,Grape___Black_rot,0.871161
plantwild/extracted/plantwild/images/squash powdery mildew/google_0370.jpg,Squash___Powdery_mildew,Squash___Powdery_mildew,0.956800
plantwild/extracted/plantwild/images/squash powdery mildew/google_0374.jpg,Squash___Powdery_mildew,Squash___Powdery_mildew,0.883759
plantwild/extracted/plantwild/images/squash powdery mildew/google_0375.jpg,Squash___Powdery_mildew,Strawberry___Leaf_scorch,0.676360
plantwild/extracted/plantwild/images/squash powdery mildew/google_0376.jpg,Squash___Powdery_mildew,Squash___Powdery_mildew,0.966338
plantwild/extracted/plantwild/images/squash powdery mildew/google_0377.jpg,Squash___Powdery_mildew,Corn___healthy,0.328511
plantwild/extracted/plantwild/images/squash powdery mildew/google_0378.jpg,Squash___Powdery_mildew,Squash___Powdery_mildew,0.956448
plantwild/extracted/plantwild/images/squash powdery mildew/google_0388.jpg,Squash___Powdery_mildew,Tomato___Late_blight,0.485651
plantwild/extracted/plantwild/images/squash powdery mildew/google_0389.jpg,Squash___Powdery_mildew,"Pepper,_bell___healthy",0.883949
plantwild/extracted/plantwild/images/squash powdery mildew/google_0397.jpg,Squash___Powdery_mildew,Tomato___Late_blight,0.925915
plantwild/extracted/plantwild/images/squash powdery mildew/google_0410.jpg,Squash___Powdery_mildew,Tomato___Early_blight,0.903169
plantwild/extracted/plantwild/images/strawberry leaf/1.jpg,Strawberry___healthy,Strawberry___Leaf_scorch,0.914213
plantwild/extracted/plantwild/images/strawberry leaf/10.jpg,Strawberry___healthy,Blueberry___healthy,0.412835
plantwild/extracted/plantwild/images/strawberry leaf/11.jpg,Strawberry___healthy,Blueberry___healthy,0.740733
plantwild/extracted/plantwild/images/strawberry leaf/12.jpg,Strawberry___healthy,"Pepper,_bell___healthy",0.451535
plantwild/extracted/plantwild/images/strawberry leaf/13.jpg,Strawberry___healthy,Corn___healthy,0.694525
plantwild/extracted/plantwild/images/strawberry leaf/14.jpg,Strawberry___healthy,Blueberry___healthy,0.912541
plantwild/extracted/plantwild/images/strawberry leaf/15.jpg,Strawberry___healthy,Strawberry___Leaf_scorch,0.967071
plantwild/extracted/plantwild/images/strawberry leaf/16.jpg,Strawberry___healthy,"Pepper,_bell___healthy",0.650315
plantwild/extracted/plantwild/images/strawberry leaf/17.jpg,Strawberry___healthy,Corn___healthy,0.648709
plantwild/extracted/plantwild/images/strawberry leaf/18.jpg,Strawberry___healthy,Cherry___healthy,0.348137
plantwild/extracted/plantwild/images/strawberry leaf/19.jpg,Strawberry___healthy,Corn___healthy,0.825283
plantwild/extracted/plantwild/images/strawberry leaf/2.jpg,Strawberry___healthy,Corn___healthy,0.638990
plantwild/extracted/plantwild/images/strawberry leaf/20.jpg,Strawberry___healthy,"Pepper,_bell___healthy",0.928865
plantwild/extracted/plantwild/images/strawberry leaf/21.jpg,Strawberry___healthy,Cherry___healthy,0.672776
plantwild/extracted/plantwild/images/strawberry leaf/22.jpg,Strawberry___healthy,"Pepper,_bell___healthy",0.702329
plantwild/extracted/plantwild/images/strawberry leaf/23.jpg,Strawberry___healthy,Cherry___healthy,0.915928
plantwild/extracted/plantwild/images/strawberry leaf/24.jpg,Strawberry___healthy,"Pepper,_bell___healthy",0.769674
plantwild/extracted/plantwild/images/strawberry leaf/25.jpg,Strawberry___healthy,Cherry___healthy,0.507177
plantwild/extracted/plantwild/images/strawberry leaf/26.jpg,Strawberry___healthy,"Pepper,_bell___healthy",0.473674
plantwild/extracted/plantwild/images/strawberry leaf/27.jpg,Strawberry___healthy,Strawberry___Leaf_scorch,0.950212
plantwild/extracted/plantwild/images/strawberry leaf/28.jpg,Strawberry___healthy,Corn___healthy,0.942750
plantwild/extracted/plantwild/images/strawberry leaf/29.jpg,Strawberry___healthy,"Pepper,_bell___healthy",0.929241
plantwild/extracted/plantwild/images/strawberry leaf/3.jpg,Strawberry___healthy,Raspberry___healthy,0.770852
plantwild/extracted/plantwild/images/strawberry leaf/30.jpg,Strawberry___healthy,Corn___healthy,0.438989
plantwild/extracted/plantwild/images/strawberry leaf/31.jpg,Strawberry___healthy,Corn___healthy,0.246642
plantwild/extracted/plantwild/images/strawberry leaf/32.jpg,Strawberry___healthy,Corn___healthy,0.869022
plantwild/extracted/plantwild/images/strawberry leaf/33.jpg,Strawberry___healthy,Blueberry___healthy,0.753914
plantwild/extracted/plantwild/images/strawberry leaf/34.jpg,Strawberry___healthy,Strawberry___Leaf_scorch,0.722083
plantwild/extracted/plantwild/images/strawberry leaf/35.jpg,Strawberry___healthy,Corn___healthy,0.925095
plantwild/extracted/plantwild/images/strawberry leaf/36.jpg,Strawberry___healthy,Corn___healthy,0.312098
plantwild/extracted/plantwild/images/strawberry leaf/37.jpg,Strawberry___healthy,Strawberry___Leaf_scorch,0.512399
plantwild/extracted/plantwild/images/strawberry leaf/38.jpg,Strawberry___healthy,Strawberry___Leaf_scorch,0.954716
plantwild/extracted/plantwild/images/strawberry leaf/39.jpg,Strawberry___healthy,Strawberry___Leaf_scorch,0.851896
plantwild/extracted/plantwild/images/strawberry leaf/4.jpg,Strawberry___healthy,Corn___healthy,0.852095
plantwild/extracted/plantwild/images/strawberry leaf/40.jpg,Strawberry___healthy,Strawberry___Leaf_scorch,0.965919
plantwild/extracted/plantwild/images/strawberry leaf/41.jpg,Strawberry___healthy,Corn___healthy,0.453646
plantwild/extracted/plantwild/images/strawberry leaf/42.jpg,Strawberry___healthy,Blueberry___healthy,0.526233
plantwild/extracted/plantwild/images/strawberry leaf/43.jpg,Strawberry___healthy,"Pepper,_bell___healthy",0.501972
plantwild/extracted/plantwild/images/strawberry leaf/44.jpg,Strawberry___healthy,Corn___healthy,0.758208
plantwild/extracted/plantwild/images/strawberry leaf/45.jpg,Strawberry___healthy,"Pepper,_bell___healthy",0.652035
plantwild/extracted/plantwild/images/strawberry leaf/46.jpg,Strawberry___healthy,Strawberry___Leaf_scorch,0.720656
plantwild/extracted/plantwild/images/strawberry leaf/47.jpg,Strawberry___healthy,Strawberry___Leaf_scorch,0.960300
plantwild/extracted/plantwild/images/strawberry leaf/48.jpg,Strawberry___healthy,Blueberry___healthy,0.555460
plantwild/extracted/plantwild/images/strawberry leaf/49.jpg,Strawberry___healthy,"Pepper,_bell___healthy",0.676106
plantwild/extracted/plantwild/images/strawberry leaf/5.jpg,Strawberry___healthy,Corn___healthy,0.925062
plantwild/extracted/plantwild/images/strawberry leaf/50.jpg,Strawberry___healthy,Cherry___healthy,0.960577
plantwild/extracted/plantwild/images/strawberry leaf/52.jpg,Strawberry___healthy,Blueberry___healthy,0.581856
plantwild/extracted/plantwild/images/strawberry leaf/53.jpg,Strawberry___healthy,Corn___healthy,0.954974
plantwild/extracted/plantwild/images/strawberry leaf/54.jpg,Strawberry___healthy,Cherry___healthy,0.344055
plantwild/extracted/plantwild/images/strawberry leaf/56.jpg,Strawberry___healthy,Corn___healthy,0.627483
plantwild/extracted/plantwild/images/strawberry leaf/57.jpg,Strawberry___healthy,Strawberry___Leaf_scorch,0.632214
plantwild/extracted/plantwild/images/strawberry leaf/58.jpg,Strawberry___healthy,Strawberry___Leaf_scorch,0.959675
plantwild/extracted/plantwild/images/strawberry leaf/59.jpg,Strawberry___healthy,Strawberry___Leaf_scorch,0.937234
plantwild/extracted/plantwild/images/strawberry leaf/6.jpg,Strawberry___healthy,Corn___healthy,0.534821
plantwild/extracted/plantwild/images/strawberry leaf/60.jpg,Strawberry___healthy,Corn___healthy,0.957987
plantwild/extracted/plantwild/images/strawberry leaf/61.jpg,Strawberry___healthy,Raspberry___healthy,0.447128
plantwild/extracted/plantwild/images/strawberry leaf/62.jpg,Strawberry___healthy,Strawberry___Leaf_scorch,0.647078
plantwild/extracted/plantwild/images/strawberry leaf/63.jpg,Strawberry___healthy,Strawberry___Leaf_scorch,0.855552
plantwild/extracted/plantwild/images/strawberry leaf/64.jpg,Strawberry___healthy,Blueberry___healthy,0.725220
plantwild/extracted/plantwild/images/strawberry leaf/66.jpg,Strawberry___healthy,Corn___healthy,0.885603
plantwild/extracted/plantwild/images/strawberry leaf/67.jpg,Strawberry___healthy,"Pepper,_bell___healthy",0.870844
plantwild/extracted/plantwild/images/strawberry leaf/68.jpg,Strawberry___healthy,Strawberry___Leaf_scorch,0.968478
plantwild/extracted/plantwild/images/strawberry leaf/69.jpg,Strawberry___healthy,Strawberry___Leaf_scorch,0.811309
plantwild/extracted/plantwild/images/strawberry leaf/7.jpg,Strawberry___healthy,Cherry___healthy,0.911723
plantwild/extracted/plantwild/images/strawberry leaf/70.jpg,Strawberry___healthy,Strawberry___Leaf_scorch,0.901075
plantwild/extracted/plantwild/images/strawberry leaf/71.jpg,Strawberry___healthy,Cherry___healthy,0.926071
plantwild/extracted/plantwild/images/strawberry leaf/72.jpg,Strawberry___healthy,Tomato___Leaf_Mold,0.452542
plantwild/extracted/plantwild/images/strawberry leaf/75.jpg,Strawberry___healthy,"Pepper,_bell___healthy",0.313491
plantwild/extracted/plantwild/images/strawberry leaf/76.jpg,Strawberry___healthy,"Pepper,_bell___healthy",0.438102
plantwild/extracted/plantwild/images/strawberry leaf/77.jpg,Strawberry___healthy,Corn___healthy,0.923673
plantwild/extracted/plantwild/images/strawberry leaf/8.jpg,Strawberry___healthy,Corn___healthy,0.899660
plantwild/extracted/plantwild/images/strawberry leaf/80.jpg,Strawberry___healthy,Corn___healthy,0.515963
plantwild/extracted/plantwild/images/strawberry leaf/9.jpg,Strawberry___healthy,Corn___healthy,0.908872
plantwild/extracted/plantwild/images/strawberry leaf/google_0001.jpg,Strawberry___healthy,Corn___healthy,0.578140
plantwild/extracted/plantwild/images/strawberry leaf/google_0004.jpg,Strawberry___healthy,Corn___healthy,0.909250
plantwild/extracted/plantwild/images/strawberry leaf/google_0006.jpg,Strawberry___healthy,Strawberry___Leaf_scorch,0.807592
plantwild/extracted/plantwild/images/strawberry leaf/google_0007.jpg,Strawberry___healthy,Corn___healthy,0.840050
plantwild/extracted/plantwild/images/strawberry leaf/google_0015.jpg,Strawberry___healthy,Strawberry___Leaf_scorch,0.538115
plantwild/extracted/plantwild/images/strawberry leaf/google_0018.jpg,Strawberry___healthy,Corn___healthy,0.872032
plantwild/extracted/plantwild/images/strawberry leaf/google_0022.jpg,Strawberry___healthy,"Pepper,_bell___healthy",0.772620
plantwild/extracted/plantwild/images/strawberry leaf/google_0038.jpg,Strawberry___healthy,Corn___healthy,0.680750
plantwild/extracted/plantwild/images/strawberry leaf/google_0044.jpg,Strawberry___healthy,Corn___healthy,0.470180
plantwild/extracted/plantwild/images/strawberry leaf/google_0046.jpg,Strawberry___healthy,Raspberry___healthy,0.684087
plantwild/extracted/plantwild/images/strawberry leaf/google_0051.jpg,Strawberry___healthy,Corn___healthy,0.833289
plantwild/extracted/plantwild/images/strawberry leaf/google_0054.jpg,Strawberry___healthy,Corn___healthy,0.413091
plantwild/extracted/plantwild/images/strawberry leaf/google_0057.jpg,Strawberry___healthy,"Pepper,_bell___healthy",0.778508
plantwild/extracted/plantwild/images/strawberry leaf/google_0064.jpg,Strawberry___healthy,Strawberry___Leaf_scorch,0.958438
plantwild/extracted/plantwild/images/strawberry leaf/google_0070.jpg,Strawberry___healthy,"Pepper,_bell___healthy",0.523113
plantwild/extracted/plantwild/images/strawberry leaf/google_0075.jpg,Strawberry___healthy,"Pepper,_bell___healthy",0.869110
plantwild/extracted/plantwild/images/strawberry leaf/google_0076.jpg,Strawberry___healthy,Strawberry___Leaf_scorch,0.952043
plantwild/extracted/plantwild/images/strawberry leaf/google_0079.jpg,Strawberry___healthy,Strawberry___Leaf_scorch,0.495419
plantwild/extracted/plantwild/images/strawberry leaf/google_0080.jpg,Strawberry___healthy,Corn___healthy,0.691538
plantwild/extracted/plantwild/images/strawberry leaf/google_0082.jpg,Strawberry___healthy,"Pepper,_bell___healthy",0.944552
plantwild/extracted/plantwild/images/strawberry leaf/google_0083.jpg,Strawberry___healthy,"Pepper,_bell___healthy",0.509298
plantwild/extracted/plantwild/images/strawberry leaf/google_0086.jpg,Strawberry___healthy,"Pepper,_bell___healthy",0.675227
plantwild/extracted/plantwild/images/strawberry leaf/google_0089.jpg,Strawberry___healthy,Blueberry___healthy,0.322077
plantwild/extracted/plantwild/images/strawberry leaf/google_0099.jpg,Strawberry___healthy,"Pepper,_bell___healthy",0.869065
plantwild/extracted/plantwild/images/strawberry leaf/google_0101.jpg,Strawberry___healthy,Corn___healthy,0.951829
plantwild/extracted/plantwild/images/strawberry leaf/google_0106.jpg,Strawberry___healthy,Corn___healthy,0.366474
plantwild/extracted/plantwild/images/strawberry leaf/google_0109.jpg,Strawberry___healthy,Blueberry___healthy,0.538767
plantwild/extracted/plantwild/images/strawberry leaf/google_0116.jpg,Strawberry___healthy,Corn___healthy,0.282345
plantwild/extracted/plantwild/images/strawberry leaf/google_0127.jpg,Strawberry___healthy,Cherry___healthy,0.678828
plantwild/extracted/plantwild/images/strawberry leaf/google_0128.jpg,Strawberry___healthy,"Pepper,_bell___healthy",0.688470
plantwild/extracted/plantwild/images/strawberry leaf/google_0132.jpg,Strawberry___healthy,"Pepper,_bell___healthy",0.943944
plantwild/extracted/plantwild/images/strawberry leaf/google_0140.jpg,Strawberry___healthy,Blueberry___healthy,0.807302
plantwild/extracted/plantwild/images/strawberry leaf/google_0142.jpg,Strawberry___healthy,"Pepper,_bell___healthy",0.471334
plantwild/extracted/plantwild/images/strawberry leaf/google_0163.jpg,Strawberry___healthy,Strawberry___Leaf_scorch,0.956298
plantwild/extracted/plantwild/images/strawberry leaf/google_0168.jpg,Strawberry___healthy,Corn___healthy,0.938466
plantwild/extracted/plantwild/images/strawberry leaf/google_0178.jpg,Strawberry___healthy,Blueberry___healthy,0.822692
plantwild/extracted/plantwild/images/strawberry leaf/google_0186.jpg,Strawberry___healthy,"Pepper,_bell___healthy",0.458410
plantwild/extracted/plantwild/images/strawberry leaf/google_0187.jpg,Strawberry___healthy,Blueberry___healthy,0.776601
plantwild/extracted/plantwild/images/strawberry leaf/google_0189.jpg,Strawberry___healthy,Corn___healthy,0.966187
plantwild/extracted/plantwild/images/strawberry leaf/google_0197.jpg,Strawberry___healthy,Cherry___healthy,0.516153
plantwild/extracted/plantwild/images/strawberry leaf/google_0201.jpg,Strawberry___healthy,Corn___healthy,0.847009
plantwild/extracted/plantwild/images/strawberry leaf/google_0207.jpg,Strawberry___healthy,Blueberry___healthy,0.661176
plantwild/extracted/plantwild/images/strawberry leaf/google_0210.jpg,Strawberry___healthy,Strawberry___Leaf_scorch,0.921483
plantwild/extracted/plantwild/images/strawberry leaf/google_0215.jpg,Strawberry___healthy,Corn___healthy,0.915708
plantwild/extracted/plantwild/images/strawberry leaf/google_0216.jpg,Strawberry___healthy,Strawberry___healthy,0.435732
plantwild/extracted/plantwild/images/strawberry leaf/google_0217.jpg,Strawberry___healthy,"Pepper,_bell___healthy",0.892005
plantwild/extracted/plantwild/images/strawberry leaf/google_0222.jpg,Strawberry___healthy,Corn___healthy,0.917721
plantwild/extracted/plantwild/images/strawberry leaf/google_0230.jpg,Strawberry___healthy,"Pepper,_bell___healthy",0.315686
plantwild/extracted/plantwild/images/strawberry leaf/google_0239.jpg,Strawberry___healthy,"Pepper,_bell___healthy",0.941699
plantwild/extracted/plantwild/images/strawberry leaf/google_0240.jpg,Strawberry___healthy,Strawberry___Leaf_scorch,0.911733
plantwild/extracted/plantwild/images/strawberry leaf/google_0241.jpg,Strawberry___healthy,Corn___healthy,0.566963
plantwild/extracted/plantwild/images/strawberry leaf/google_0244.jpg,Strawberry___healthy,Strawberry___Leaf_scorch,0.915691
plantwild/extracted/plantwild/images/strawberry leaf/google_0245.jpg,Strawberry___healthy,"Pepper,_bell___healthy",0.473087
plantwild/extracted/plantwild/images/strawberry leaf/google_0254.jpg,Strawberry___healthy,Cherry___healthy,0.868388
plantwild/extracted/plantwild/images/strawberry leaf/google_0255.jpg,Strawberry___healthy,"Pepper,_bell___healthy",0.643842
plantwild/extracted/plantwild/images/strawberry leaf/google_0256.jpg,Strawberry___healthy,Strawberry___Leaf_scorch,0.948500
plantwild/extracted/plantwild/images/strawberry leaf/google_0258.jpg,Strawberry___healthy,Strawberry___Leaf_scorch,0.943217
plantwild/extracted/plantwild/images/strawberry leaf/google_0260.jpg,Strawberry___healthy,Strawberry___Leaf_scorch,0.950697
plantwild/extracted/plantwild/images/strawberry leaf/google_0264.jpg,Strawberry___healthy,Strawberry___Leaf_scorch,0.495248
plantwild/extracted/plantwild/images/strawberry leaf/google_0276.jpg,Strawberry___healthy,Strawberry___Leaf_scorch,0.689127
plantwild/extracted/plantwild/images/strawberry leaf/google_0277.jpg,Strawberry___healthy,Corn___healthy,0.811156
plantwild/extracted/plantwild/images/strawberry leaf/google_0278.jpg,Strawberry___healthy,Strawberry___Leaf_scorch,0.632533
plantwild/extracted/plantwild/images/strawberry leaf/google_0290.jpg,Strawberry___healthy,Tomato___healthy,0.445091
plantwild/extracted/plantwild/images/strawberry leaf/google_0294.jpg,Strawberry___healthy,"Pepper,_bell___healthy",0.350739
plantwild/extracted/plantwild/images/strawberry leaf/google_0296.jpg,Strawberry___healthy,Strawberry___Leaf_scorch,0.857806
plantwild/extracted/plantwild/images/strawberry leaf/google_0306.jpg,Strawberry___healthy,Cherry___healthy,0.956957
plantwild/extracted/plantwild/images/strawberry leaf/google_0319.jpg,Strawberry___healthy,Strawberry___Leaf_scorch,0.871070
plantwild/extracted/plantwild/images/strawberry leaf/google_0324.jpg,Strawberry___healthy,"Pepper,_bell___healthy",0.891330
plantwild/extracted/plantwild/images/strawberry leaf/google_0330.jpg,Strawberry___healthy,Strawberry___Leaf_scorch,0.953799
plantwild/extracted/plantwild/images/strawberry leaf/google_0338.jpg,Strawberry___healthy,Corn___healthy,0.533120
plantwild/extracted/plantwild/images/strawberry leaf/google_0342.jpg,Strawberry___healthy,Corn___healthy,0.944386
plantwild/extracted/plantwild/images/strawberry leaf/google_0346.jpg,Strawberry___healthy,Corn___healthy,0.913622
plantwild/extracted/plantwild/images/strawberry leaf/google_0363.jpg,Strawberry___healthy,Strawberry___Leaf_scorch,0.314973
plantwild/extracted/plantwild/images/strawberry leaf/google_0366.jpg,Strawberry___healthy,"Pepper,_bell___healthy",0.438919
plantwild/extracted/plantwild/images/strawberry leaf/google_0368.jpg,Strawberry___healthy,"Pepper,_bell___healthy",0.389539
plantwild/extracted/plantwild/images/strawberry leaf/google_0373.jpg,Strawberry___healthy,Grape___Leaf_blight_(Isariopsis_Leaf_Spot),0.265679
plantwild/extracted/plantwild/images/strawberry leaf/google_0381.jpg,Strawberry___healthy,Corn___healthy,0.934826
plantwild/extracted/plantwild/images/strawberry leaf/google_0393.jpg,Strawberry___healthy,Strawberry___Leaf_scorch,0.962924
plantwild/extracted/plantwild/images/strawberry leaf/google_0394.jpg,Strawberry___healthy,"Pepper,_bell___healthy",0.556604
plantwild/extracted/plantwild/images/strawberry leaf/google_0399.jpg,Strawberry___healthy,Strawberry___Leaf_scorch,0.633347
plantwild/extracted/plantwild/images/strawberry leaf/google_0402.jpg,Strawberry___healthy,Strawberry___Leaf_scorch,0.941284
plantwild/extracted/plantwild/images/strawberry leaf/google_0405.jpg,Strawberry___healthy,Strawberry___Leaf_scorch,0.884582
plantwild/extracted/plantwild/images/strawberry leaf/google_0407.jpg,Strawberry___healthy,Strawberry___Leaf_scorch,0.466875
plantwild/extracted/plantwild/images/strawberry leaf/google_0411.jpg,Strawberry___healthy,Corn___healthy,0.793750
plantwild/extracted/plantwild/images/strawberry leaf/google_0413.jpg,Strawberry___healthy,Strawberry___Leaf_scorch,0.951151
plantwild/extracted/plantwild/images/strawberry leaf/google_0415.jpg,Strawberry___healthy,Corn___healthy,0.704259
plantwild/extracted/plantwild/images/strawberry leaf/google_0417.jpg,Strawberry___healthy,Strawberry___Leaf_scorch,0.960485
plantwild/extracted/plantwild/images/strawberry leaf/google_0423.jpg,Strawberry___healthy,Strawberry___Leaf_scorch,0.920734
plantwild/extracted/plantwild/images/strawberry leaf/google_0428.jpg,Strawberry___healthy,Tomato___Late_blight,0.894309
plantwild/extracted/plantwild/images/strawberry leaf/google_0433.jpg,Strawberry___healthy,Tomato___Early_blight,0.270494
plantwild/extracted/plantwild/images/strawberry leaf/google_0458.jpg,Strawberry___healthy,Strawberry___Leaf_scorch,0.962657
plantwild/extracted/plantwild/images/strawberry leaf/google_0461.jpg,Strawberry___healthy,Corn___healthy,0.927790
plantwild/extracted/plantwild/images/strawberry leaf/google_0477.jpg,Strawberry___healthy,Strawberry___Leaf_scorch,0.872116
plantwild/extracted/plantwild/images/strawberry leaf/google_0480.jpg,Strawberry___healthy,Tomato___Late_blight,0.902037
plantwild/extracted/plantwild/images/strawberry leaf/google_0485.jpg,Strawberry___healthy,Corn___healthy,0.237994
plantwild/extracted/plantwild/images/strawberry leaf/google_0487.jpg,Strawberry___healthy,Cherry___healthy,0.879978
plantwild/extracted/plantwild/images/strawberry leaf/google_0489.jpg,Strawberry___healthy,"Pepper,_bell___healthy",0.825090
plantwild/extracted/plantwild/images/strawberry leaf/google_0490.jpg,Strawberry___healthy,Cherry___healthy,0.555690
plantwild/extracted/plantwild/images/strawberry leaf/google_0495.jpg,Strawberry___healthy,Corn___healthy,0.775720
plantwild/extracted/plantwild/images/strawberry leaf/google_0498.jpg,Strawberry___healthy,"Pepper,_bell___healthy",0.930324
plantwild/extracted/plantwild/images/strawberry leaf/google_0502.jpg,Strawberry___healthy,Corn___healthy,0.806922
plantwild/extracted/plantwild/images/strawberry leaf/google_0504.jpg,Strawberry___healthy,Strawberry___Leaf_scorch,0.597068
plantwild/extracted/plantwild/images/strawberry leaf/google_0505.jpg,Strawberry___healthy,"Pepper,_bell___healthy",0.619631
plantwild/extracted/plantwild/images/strawberry leaf/google_0506.jpg,Strawberry___healthy,Strawberry___Leaf_scorch,0.930797
plantwild/extracted/plantwild/images/strawberry leaf/google_0522.jpg,Strawberry___healthy,Orange___Haunglongbing_(Citrus_greening),0.862421
plantwild/extracted/plantwild/images/strawberry leaf/google_0524.jpg,Strawberry___healthy,"Pepper,_bell___healthy",0.847466
plantwild/extracted/plantwild/images/strawberry leaf/google_0526.jpg,Strawberry___healthy,Corn___healthy,0.317198
plantwild/extracted/plantwild/images/strawberry leaf/google_0542.jpg,Strawberry___healthy,Cherry___healthy,0.941262
plantwild/extracted/plantwild/images/strawberry leaf/google_0543.jpg,Strawberry___healthy,Strawberry___Leaf_scorch,0.849560
plantwild/extracted/plantwild/images/strawberry leaf/google_0545.jpg,Strawberry___healthy,Strawberry___Leaf_scorch,0.944016
plantwild/extracted/plantwild/images/strawberry leaf/google_0546.jpg,Strawberry___healthy,Tomato___healthy,0.459512
plantwild/extracted/plantwild/images/strawberry leaf/google_0549.jpg,Strawberry___healthy,Strawberry___Leaf_scorch,0.933978
plantwild/extracted/plantwild/images/strawberry leaf/google_0553.jpg,Strawberry___healthy,Strawberry___Leaf_scorch,0.943943
plantwild/extracted/plantwild/images/strawberry leaf/google_0572.jpg,Strawberry___healthy,Corn___healthy,0.833348
plantwild/extracted/plantwild/images/strawberry leaf/google_0574.jpg,Strawberry___healthy,Strawberry___Leaf_scorch,0.960296
plantwild/extracted/plantwild/images/strawberry leaf/google_0585.jpg,Strawberry___healthy,Strawberry___Leaf_scorch,0.730554
plantwild/extracted/plantwild/images/strawberry leaf/google_0592.jpg,Strawberry___healthy,Blueberry___healthy,0.498767
plantwild/extracted/plantwild/images/strawberry leaf/google_0599.jpg,Strawberry___healthy,"Pepper,_bell___healthy",0.880719
plantwild/extracted/plantwild/images/strawberry leaf/google_0604.jpg,Strawberry___healthy,Strawberry___Leaf_scorch,0.586102
plantwild/extracted/plantwild/images/strawberry leaf/google_0605.jpg,Strawberry___healthy,Strawberry___Leaf_scorch,0.939071
plantwild/extracted/plantwild/images/strawberry leaf/google_0615.jpg,Strawberry___healthy,Strawberry___Leaf_scorch,0.957810
plantwild/extracted/plantwild/images/strawberry leaf/google_0616.jpg,Strawberry___healthy,Corn___healthy,0.931500
plantwild/extracted/plantwild/images/strawberry leaf/google_0623.jpg,Strawberry___healthy,Strawberry___Leaf_scorch,0.580402
plantwild/extracted/plantwild/images/strawberry leaf/google_0629.jpg,Strawberry___healthy,Strawberry___Leaf_scorch,0.883396
plantwild/extracted/plantwild/images/strawberry leaf/google_0632.jpg,Strawberry___healthy,Cherry___healthy,0.906412
plantwild/extracted/plantwild/images/strawberry leaf/google_0637.jpg,Strawberry___healthy,Cherry___healthy,0.339576
plantwild/extracted/plantwild/images/strawberry leaf scorch/1.jpg,Strawberry___Leaf_scorch,Strawberry___Leaf_scorch,0.968344
plantwild/extracted/plantwild/images/strawberry leaf scorch/11.jpg,Strawberry___Leaf_scorch,Corn___healthy,0.292274
plantwild/extracted/plantwild/images/strawberry leaf scorch/14.jpg,Strawberry___Leaf_scorch,Tomato___Late_blight,0.824063
plantwild/extracted/plantwild/images/strawberry leaf scorch/6.jpg,Strawberry___Leaf_scorch,Strawberry___Leaf_scorch,0.969386
plantwild/extracted/plantwild/images/strawberry leaf scorch/7.jpg,Strawberry___Leaf_scorch,Strawberry___Leaf_scorch,0.964874
plantwild/extracted/plantwild/images/strawberry leaf scorch/9.jpg,Strawberry___Leaf_scorch,Strawberry___Leaf_scorch,0.966543
plantwild/extracted/plantwild/images/strawberry leaf scorch/google_0000.jpg,Strawberry___Leaf_scorch,Strawberry___Leaf_scorch,0.965744
plantwild/extracted/plantwild/images/strawberry leaf scorch/google_0001.jpg,Strawberry___Leaf_scorch,Strawberry___Leaf_scorch,0.964950
plantwild/extracted/plantwild/images/strawberry leaf scorch/google_0002.jpg,Strawberry___Leaf_scorch,Strawberry___Leaf_scorch,0.969110
plantwild/extracted/plantwild/images/strawberry leaf scorch/google_0003.jpg,Strawberry___Leaf_scorch,Strawberry___Leaf_scorch,0.961863
plantwild/extracted/plantwild/images/strawberry leaf scorch/google_0005.jpg,Strawberry___Leaf_scorch,Strawberry___Leaf_scorch,0.955607
plantwild/extracted/plantwild/images/strawberry leaf scorch/google_0006.jpg,Strawberry___Leaf_scorch,Strawberry___Leaf_scorch,0.852889
plantwild/extracted/plantwild/images/strawberry leaf scorch/google_0007.jpg,Strawberry___Leaf_scorch,"Pepper,_bell___healthy",0.378894
plantwild/extracted/plantwild/images/strawberry leaf scorch/google_0008.jpg,Strawberry___Leaf_scorch,Strawberry___Leaf_scorch,0.951535
plantwild/extracted/plantwild/images/strawberry leaf scorch/google_0009.jpg,Strawberry___Leaf_scorch,Strawberry___Leaf_scorch,0.950410
plantwild/extracted/plantwild/images/strawberry leaf scorch/google_0010.jpg,Strawberry___Leaf_scorch,"Pepper,_bell___healthy",0.405261
plantwild/extracted/plantwild/images/strawberry leaf scorch/google_0012.jpg,Strawberry___Leaf_scorch,Strawberry___Leaf_scorch,0.970725
plantwild/extracted/plantwild/images/strawberry leaf scorch/google_0013.jpg,Strawberry___Leaf_scorch,Cherry___healthy,0.538496
plantwild/extracted/plantwild/images/strawberry leaf scorch/google_0014.jpg,Strawberry___Leaf_scorch,Blueberry___healthy,0.560372
plantwild/extracted/plantwild/images/strawberry leaf scorch/google_0015.jpg,Strawberry___Leaf_scorch,Strawberry___Leaf_scorch,0.923129
plantwild/extracted/plantwild/images/strawberry leaf scorch/google_0016.jpg,Strawberry___Leaf_scorch,Strawberry___Leaf_scorch,0.942748
plantwild/extracted/plantwild/images/strawberry leaf scorch/google_0017.jpg,Strawberry___Leaf_scorch,Strawberry___Leaf_scorch,0.924234
plantwild/extracted/plantwild/images/strawberry leaf scorch/google_0018.jpg,Strawberry___Leaf_scorch,Strawberry___Leaf_scorch,0.962782
plantwild/extracted/plantwild/images/strawberry leaf scorch/google_0020.jpg,Strawberry___Leaf_scorch,Strawberry___Leaf_scorch,0.953485
plantwild/extracted/plantwild/images/strawberry leaf scorch/google_0022.jpg,Strawberry___Leaf_scorch,Strawberry___Leaf_scorch,0.943877
plantwild/extracted/plantwild/images/strawberry leaf scorch/google_0023.jpg,Strawberry___Leaf_scorch,Cherry___healthy,0.781582
plantwild/extracted/plantwild/images/strawberry leaf scorch/google_0025.jpg,Strawberry___Leaf_scorch,Strawberry___Leaf_scorch,0.968659
plantwild/extracted/plantwild/images/strawberry leaf scorch/google_0026.jpg,Strawberry___Leaf_scorch,Strawberry___Leaf_scorch,0.961538
plantwild/extracted/plantwild/images/strawberry leaf scorch/google_0027.jpg,Strawberry___Leaf_scorch,Strawberry___Leaf_scorch,0.959183
plantwild/extracted/plantwild/images/strawberry leaf scorch/google_0030.jpg,Strawberry___Leaf_scorch,Strawberry___Leaf_scorch,0.964902
plantwild/extracted/plantwild/images/strawberry leaf scorch/google_0031.jpg,Strawberry___Leaf_scorch,Strawberry___Leaf_scorch,0.963998
plantwild/extracted/plantwild/images/strawberry leaf scorch/google_0032.jpg,Strawberry___Leaf_scorch,Strawberry___Leaf_scorch,0.965431
plantwild/extracted/plantwild/images/strawberry leaf scorch/google_0035.jpg,Strawberry___Leaf_scorch,Strawberry___Leaf_scorch,0.960196
plantwild/extracted/plantwild/images/strawberry leaf scorch/google_0036.jpg,Strawberry___Leaf_scorch,Strawberry___Leaf_scorch,0.965515
plantwild/extracted/plantwild/images/strawberry leaf scorch/google_0037.jpg,Strawberry___Leaf_scorch,Strawberry___Leaf_scorch,0.965509
plantwild/extracted/plantwild/images/strawberry leaf scorch/google_0039.jpg,Strawberry___Leaf_scorch,"Pepper,_bell___healthy",0.826558
plantwild/extracted/plantwild/images/strawberry leaf scorch/google_0040.jpg,Strawberry___Leaf_scorch,Strawberry___Leaf_scorch,0.725500
plantwild/extracted/plantwild/images/strawberry leaf scorch/google_0043.jpg,Strawberry___Leaf_scorch,Strawberry___Leaf_scorch,0.969070
plantwild/extracted/plantwild/images/strawberry leaf scorch/google_0045.jpg,Strawberry___Leaf_scorch,Strawberry___Leaf_scorch,0.960723
plantwild/extracted/plantwild/images/strawberry leaf scorch/google_0053.jpg,Strawberry___Leaf_scorch,Strawberry___Leaf_scorch,0.965925
plantwild/extracted/plantwild/images/strawberry leaf scorch/google_0054.jpg,Strawberry___Leaf_scorch,Strawberry___Leaf_scorch,0.884661
plantwild/extracted/plantwild/images/strawberry leaf scorch/google_0055.jpg,Strawberry___Leaf_scorch,"Pepper,_bell___healthy",0.311991
plantwild/extracted/plantwild/images/strawberry leaf scorch/google_0060.jpg,Strawberry___Leaf_scorch,Apple___Black_rot,0.223360
plantwild/extracted/plantwild/images/strawberry leaf scorch/google_0062.jpg,Strawberry___Leaf_scorch,Strawberry___Leaf_scorch,0.967277
plantwild/extracted/plantwild/images/strawberry leaf scorch/google_0063.jpg,Strawberry___Leaf_scorch,Strawberry___Leaf_scorch,0.968430
plantwild/extracted/plantwild/images/strawberry leaf scorch/google_0068.jpg,Strawberry___Leaf_scorch,Strawberry___Leaf_scorch,0.968080
plantwild/extracted/plantwild/images/strawberry leaf scorch/google_0074.jpg,Strawberry___Leaf_scorch,Strawberry___Leaf_scorch,0.966783
plantwild/extracted/plantwild/images/strawberry leaf scorch/google_0078.jpg,Strawberry___Leaf_scorch,"Pepper,_bell___healthy",0.335571
plantwild/extracted/plantwild/images/strawberry leaf scorch/google_0079.jpg,Strawberry___Leaf_scorch,Apple___healthy,0.270857
plantwild/extracted/plantwild/images/strawberry leaf scorch/google_0080.jpg,Strawberry___Leaf_scorch,Strawberry___Leaf_scorch,0.933948
plantwild/extracted/plantwild/images/strawberry leaf scorch/google_0082.jpg,Strawberry___Leaf_scorch,Tomato___Early_blight,0.584693
plantwild/extracted/plantwild/images/strawberry leaf scorch/google_0084.jpg,Strawberry___Leaf_scorch,Strawberry___Leaf_scorch,0.964990
plantwild/extracted/plantwild/images/strawberry leaf scorch/google_0085.jpg,Strawberry___Leaf_scorch,Tomato___Leaf_Mold,0.838965
plantwild/extracted/plantwild/images/strawberry leaf scorch/google_0087.jpg,Strawberry___Leaf_scorch,"Pepper,_bell___healthy",0.684493
plantwild/extracted/plantwild/images/strawberry leaf scorch/google_0089.jpg,Strawberry___Leaf_scorch,Potato___Early_blight,0.920111
plantwild/extracted/plantwild/images/strawberry leaf scorch/google_0093.jpg,Strawberry___Leaf_scorch,Strawberry___Leaf_scorch,0.941487
plantwild/extracted/plantwild/images/strawberry leaf scorch/google_0094.jpg,Strawberry___Leaf_scorch,Strawberry___Leaf_scorch,0.966231
plantwild/extracted/plantwild/images/strawberry leaf scorch/google_0095.jpg,Strawberry___Leaf_scorch,Grape___Black_rot,0.870327
plantwild/extracted/plantwild/images/strawberry leaf scorch/google_0096.jpg,Strawberry___Leaf_scorch,Strawberry___Leaf_scorch,0.964349
plantwild/extracted/plantwild/images/strawberry leaf scorch/google_0109.jpg,Strawberry___Leaf_scorch,Strawberry___Leaf_scorch,0.936647
plantwild/extracted/plantwild/images/strawberry leaf scorch/google_0117.jpg,Strawberry___Leaf_scorch,Strawberry___Leaf_scorch,0.677142
plantwild/extracted/plantwild/images/strawberry leaf scorch/google_0119.jpg,Strawberry___Leaf_scorch,Strawberry___Leaf_scorch,0.965210
plantwild/extracted/plantwild/images/strawberry leaf scorch/google_0122.jpg,Strawberry___Leaf_scorch,Strawberry___Leaf_scorch,0.914429
plantwild/extracted/plantwild/images/strawberry leaf scorch/google_0123.jpg,Strawberry___Leaf_scorch,Strawberry___Leaf_scorch,0.966884
plantwild/extracted/plantwild/images/strawberry leaf scorch/google_0124.jpg,Strawberry___Leaf_scorch,"Pepper,_bell___healthy",0.426944
plantwild/extracted/plantwild/images/strawberry leaf scorch/google_0133.jpg,Strawberry___Leaf_scorch,Strawberry___Leaf_scorch,0.471045
plantwild/extracted/plantwild/images/strawberry leaf scorch/google_0139.jpg,Strawberry___Leaf_scorch,Strawberry___Leaf_scorch,0.475476
plantwild/extracted/plantwild/images/strawberry leaf scorch/google_0152.jpg,Strawberry___Leaf_scorch,Strawberry___Leaf_scorch,0.944142
plantwild/extracted/plantwild/images/strawberry leaf scorch/google_0154.jpg,Strawberry___Leaf_scorch,Corn___Common_rust,0.370976
plantwild/extracted/plantwild/images/strawberry leaf scorch/google_0159.jpg,Strawberry___Leaf_scorch,Strawberry___Leaf_scorch,0.957374
plantwild/extracted/plantwild/images/strawberry leaf scorch/google_0171.jpg,Strawberry___Leaf_scorch,Strawberry___Leaf_scorch,0.967934
plantwild/extracted/plantwild/images/strawberry leaf scorch/google_0175.jpg,Strawberry___Leaf_scorch,"Pepper,_bell___healthy",0.734395
plantwild/extracted/plantwild/images/strawberry leaf scorch/google_0177.jpg,Strawberry___Leaf_scorch,Strawberry___Leaf_scorch,0.964518
plantwild/extracted/plantwild/images/strawberry leaf scorch/google_0186.jpg,Strawberry___Leaf_scorch,Strawberry___Leaf_scorch,0.764052
plantwild/extracted/plantwild/images/strawberry leaf scorch/google_0187.jpg,Strawberry___Leaf_scorch,Strawberry___Leaf_scorch,0.954300
plantwild/extracted/plantwild/images/strawberry leaf scorch/google_0188.jpg,Strawberry___Leaf_scorch,Strawberry___Leaf_scorch,0.924855
plantwild/extracted/plantwild/images/tomato bacterial leaf spot/1.jpg,Tomato___Bacterial_spot,"Pepper,_bell___healthy",0.684591
plantwild/extracted/plantwild/images/tomato bacterial leaf spot/10.jpg,Tomato___Bacterial_spot,Tomato___Early_blight,0.484223
plantwild/extracted/plantwild/images/tomato bacterial leaf spot/102.jpg,Tomato___Bacterial_spot,Strawberry___Leaf_scorch,0.767712
plantwild/extracted/plantwild/images/tomato bacterial leaf spot/103.jpg,Tomato___Bacterial_spot,Tomato___Late_blight,0.560427
plantwild/extracted/plantwild/images/tomato bacterial leaf spot/104.jpg,Tomato___Bacterial_spot,Tomato___Early_blight,0.471366
plantwild/extracted/plantwild/images/tomato bacterial leaf spot/108.jpg,Tomato___Bacterial_spot,"Pepper,_bell___healthy",0.265165
plantwild/extracted/plantwild/images/tomato bacterial leaf spot/109.jpg,Tomato___Bacterial_spot,"Pepper,_bell___healthy",0.702931
plantwild/extracted/plantwild/images/tomato bacterial leaf spot/11 - Copy (2).jpg,Tomato___Bacterial_spot,Corn___healthy,0.806566
plantwild/extracted/plantwild/images/tomato bacterial leaf spot/11 - Copy (3).jpg,Tomato___Bacterial_spot,Squash___Powdery_mildew,0.435081
plantwild/extracted/plantwild/images/tomato bacterial leaf spot/11 - Copy.jpg,Tomato___Bacterial_spot,Tomato___Late_blight,0.186307
plantwild/extracted/plantwild/images/tomato bacterial leaf spot/11.jpg,Tomato___Bacterial_spot,Strawberry___Leaf_scorch,0.936638
plantwild/extracted/plantwild/images/tomato bacterial leaf spot/114.jpg,Tomato___Bacterial_spot,Tomato___Early_blight,0.970084
plantwild/extracted/plantwild/images/tomato bacterial leaf spot/116.jpg,Tomato___Bacterial_spot,"Pepper,_bell___healthy",0.747102
plantwild/extracted/plantwild/images/tomato bacterial leaf spot/119.jpg,Tomato___Bacterial_spot,"Pepper,_bell___healthy",0.943541
plantwild/extracted/plantwild/images/tomato bacterial leaf spot/12.jpg,Tomato___Bacterial_spot,Strawberry___Leaf_scorch,0.757293
plantwild/extracted/plantwild/images/tomato bacterial leaf spot/120.jpg,Tomato___Bacterial_spot,"Pepper,_bell___healthy",0.444897
plantwild/extracted/plantwild/images/tomato bacterial leaf spot/122.jpg,Tomato___Bacterial_spot,Tomato___Bacterial_spot,0.228417
plantwild/extracted/plantwild/images/tomato bacterial leaf spot/125.jpg,Tomato___Bacterial_spot,Cherry___healthy,0.638103
plantwild/extracted/plantwild/images/tomato bacterial leaf spot/127.jpg,Tomato___Bacterial_spot,Tomato___Early_blight,0.964616
plantwild/extracted/plantwild/images/tomato bacterial leaf spot/128.jpg,Tomato___Bacterial_spot,Raspberry___healthy,0.865962
plantwild/extracted/plantwild/images/tomato bacterial leaf spot/130.jpg,Tomato___Bacterial_spot,"Pepper,_bell___healthy",0.519988
plantwild/extracted/plantwild/images/tomato bacterial leaf spot/132.jpg,Tomato___Bacterial_spot,"Pepper,_bell___healthy",0.788120
plantwild/extracted/plantwild/images/tomato bacterial leaf spot/137.jpg,Tomato___Bacterial_spot,Strawberry___Leaf_scorch,0.838288
plantwild/extracted/plantwild/images/tomato bacterial leaf spot/14.jpg,Tomato___Bacterial_spot,Strawberry___Leaf_scorch,0.635567
plantwild/extracted/plantwild/images/tomato bacterial leaf spot/145.jpg,Tomato___Bacterial_spot,Tomato___Early_blight,0.902900
plantwild/extracted/plantwild/images/tomato bacterial leaf spot/147.jpg,Tomato___Bacterial_spot,"Pepper,_bell___healthy",0.407957
plantwild/extracted/plantwild/images/tomato bacterial leaf spot/148.jpg,Tomato___Bacterial_spot,Potato___Early_blight,0.583041
plantwild/extracted/plantwild/images/tomato bacterial leaf spot/149.jpg,Tomato___Bacterial_spot,Tomato___Early_blight,0.815666
plantwild/extracted/plantwild/images/tomato bacterial leaf spot/15.jpg,Tomato___Bacterial_spot,Cherry___healthy,0.626452
plantwild/extracted/plantwild/images/tomato bacterial leaf spot/153.jpg,Tomato___Bacterial_spot,Tomato___Late_blight,0.367883
plantwild/extracted/plantwild/images/tomato bacterial leaf spot/157.jpg,Tomato___Bacterial_spot,"Pepper,_bell___Bacterial_spot",0.625753
plantwild/extracted/plantwild/images/tomato bacterial leaf spot/159.jpg,Tomato___Bacterial_spot,Squash___Powdery_mildew,0.810813
plantwild/extracted/plantwild/images/tomato bacterial leaf spot/16.jpg,Tomato___Bacterial_spot,"Pepper,_bell___healthy",0.813967
plantwild/extracted/plantwild/images/tomato bacterial leaf spot/167.jpg,Tomato___Bacterial_spot,Cherry___healthy,0.214474
plantwild/extracted/plantwild/images/tomato bacterial leaf spot/168.jpg,Tomato___Bacterial_spot,Tomato___Late_blight,0.214052
plantwild/extracted/plantwild/images/tomato bacterial leaf spot/169.jpg,Tomato___Bacterial_spot,"Pepper,_bell___healthy",0.376510
plantwild/extracted/plantwild/images/tomato bacterial leaf spot/17.jpg,Tomato___Bacterial_spot,Tomato___Septoria_leaf_spot,0.959104
plantwild/extracted/plantwild/images/tomato bacterial leaf spot/175.jpg,Tomato___Bacterial_spot,"Pepper,_bell___healthy",0.362019
plantwild/extracted/plantwild/images/tomato bacterial leaf spot/176.jpg,Tomato___Bacterial_spot,Tomato___Septoria_leaf_spot,0.623501
plantwild/extracted/plantwild/images/tomato bacterial leaf spot/177.jpg,Tomato___Bacterial_spot,Orange___Haunglongbing_(Citrus_greening),0.420991
plantwild/extracted/plantwild/images/tomato bacterial leaf spot/178.jpg,Tomato___Bacterial_spot,Tomato___Early_blight,0.942893
plantwild/extracted/plantwild/images/tomato bacterial leaf spot/179.jpg,Tomato___Bacterial_spot,Grape___Leaf_blight_(Isariopsis_Leaf_Spot),0.098604
plantwild/extracted/plantwild/images/tomato bacterial leaf spot/18.jpg,Tomato___Bacterial_spot,Squash___Powdery_mildew,0.777158
plantwild/extracted/plantwild/images/tomato bacterial leaf spot/180.jpg,Tomato___Bacterial_spot,Corn___healthy,0.947437
plantwild/extracted/plantwild/images/tomato bacterial leaf spot/181.jpg,Tomato___Bacterial_spot,Corn___healthy,0.681391
plantwild/extracted/plantwild/images/tomato bacterial leaf spot/183.jpg,Tomato___Bacterial_spot,Potato___Early_blight,0.840265
plantwild/extracted/plantwild/images/tomato bacterial leaf spot/184.jpg,Tomato___Bacterial_spot,"Pepper,_bell___healthy",0.663283
plantwild/extracted/plantwild/images/tomato bacterial leaf spot/185.jpg,Tomato___Bacterial_spot,Tomato___Late_blight,0.280249
plantwild/extracted/plantwild/images/tomato bacterial leaf spot/187.jpg,Tomato___Bacterial_spot,Cherry___healthy,0.947264
plantwild/extracted/plantwild/images/tomato bacterial leaf spot/188.jpg,Tomato___Bacterial_spot,Strawberry___Leaf_scorch,0.579181
plantwild/extracted/plantwild/images/tomato bacterial leaf spot/19.jpg,Tomato___Bacterial_spot,Corn___healthy,0.961392
plantwild/extracted/plantwild/images/tomato bacterial leaf spot/196.jpg,Tomato___Bacterial_spot,Tomato___Late_blight,0.793973
plantwild/extracted/plantwild/images/tomato bacterial leaf spot/198.jpg,Tomato___Bacterial_spot,"Pepper,_bell___healthy",0.823308
plantwild/extracted/plantwild/images/tomato bacterial leaf spot/2.jpg,Tomato___Bacterial_spot,Orange___Haunglongbing_(Citrus_greening),0.943752
plantwild/extracted/plantwild/images/tomato bacterial leaf spot/20.jpg,Tomato___Bacterial_spot,Tomato___Late_blight,0.847712
plantwild/extracted/plantwild/images/tomato bacterial leaf spot/200.jpg,Tomato___Bacterial_spot,Cherry___healthy,0.612197
plantwild/extracted/plantwild/images/tomato bacterial leaf spot/22.jpg,Tomato___Bacterial_spot,Squash___Powdery_mildew,0.922177
plantwild/extracted/plantwild/images/tomato bacterial leaf spot/24.jpg,Tomato___Bacterial_spot,Tomato___Late_blight,0.965534
plantwild/extracted/plantwild/images/tomato bacterial leaf spot/27 - Copy.jpg,Tomato___Bacterial_spot,"Pepper,_bell___healthy",0.600620
plantwild/extracted/plantwild/images/tomato bacterial leaf spot/27.jpg,Tomato___Bacterial_spot,"Pepper,_bell___healthy",0.512256
plantwild/extracted/plantwild/images/tomato bacterial leaf spot/28.jpg,Tomato___Bacterial_spot,Tomato___Septoria_leaf_spot,0.971413
plantwild/extracted/plantwild/images/tomato bacterial leaf spot/3.jpg,Tomato___Bacterial_spot,"Pepper,_bell___healthy",0.842401
plantwild/extracted/plantwild/images/tomato bacterial leaf spot/30.jpg,Tomato___Bacterial_spot,Strawberry___Leaf_scorch,0.468091
plantwild/extracted/plantwild/images/tomato bacterial leaf spot/31.jpg,Tomato___Bacterial_spot,Tomato___Septoria_leaf_spot,0.709487
plantwild/extracted/plantwild/images/tomato bacterial leaf spot/32.jpg,Tomato___Bacterial_spot,"Pepper,_bell___healthy",0.876239
plantwild/extracted/plantwild/images/tomato bacterial leaf spot/33.jpg,Tomato___Bacterial_spot,Peach___Bacterial_spot,0.362115
plantwild/extracted/plantwild/images/tomato bacterial leaf spot/36.jpg,Tomato___Bacterial_spot,Tomato___Early_blight,0.409229
plantwild/extracted/plantwild/images/tomato bacterial leaf spot/37.jpg,Tomato___Bacterial_spot,Squash___Powdery_mildew,0.670699
plantwild/extracted/plantwild/images/tomato bacterial leaf spot/4.jpg,Tomato___Bacterial_spot,Tomato___Early_blight,0.960033
plantwild/extracted/plantwild/images/tomato bacterial leaf spot/41.jpg,Tomato___Bacterial_spot,Corn___Common_rust,0.630438
plantwild/extracted/plantwild/images/tomato bacterial leaf spot/42.jpg,Tomato___Bacterial_spot,Orange___Haunglongbing_(Citrus_greening),0.953555
plantwild/extracted/plantwild/images/tomato bacterial leaf spot/43.jpg,Tomato___Bacterial_spot,Tomato___Late_blight,0.855138
plantwild/extracted/plantwild/images/tomato bacterial leaf spot/44.jpg,Tomato___Bacterial_spot,Tomato___Early_blight,0.957870
plantwild/extracted/plantwild/images/tomato bacterial leaf spot/45.jpg,Tomato___Bacterial_spot,"Pepper,_bell___healthy",0.949466
plantwild/extracted/plantwild/images/tomato bacterial leaf spot/46.jpg,Tomato___Bacterial_spot,Squash___Powdery_mildew,0.918214
plantwild/extracted/plantwild/images/tomato bacterial leaf spot/47.jpg,Tomato___Bacterial_spot,"Pepper,_bell___healthy",0.931177
plantwild/extracted/plantwild/images/tomato bacterial leaf spot/48.jpg,Tomato___Bacterial_spot,"Pepper,_bell___healthy",0.925592
plantwild/extracted/plantwild/images/tomato bacterial leaf spot/49.jpg,Tomato___Bacterial_spot,Strawberry___Leaf_scorch,0.696576
plantwild/extracted/plantwild/images/tomato bacterial leaf spot/5.jpg,Tomato___Bacterial_spot,Tomato___Early_blight,0.963641
plantwild/extracted/plantwild/images/tomato bacterial leaf spot/50.jpg,Tomato___Bacterial_spot,Corn___healthy,0.891549
plantwild/extracted/plantwild/images/tomato bacterial leaf spot/51.jpg,Tomato___Bacterial_spot,Orange___Haunglongbing_(Citrus_greening),0.859343
plantwild/extracted/plantwild/images/tomato bacterial leaf spot/52.jpg,Tomato___Bacterial_spot,Strawberry___Leaf_scorch,0.880828
plantwild/extracted/plantwild/images/tomato bacterial leaf spot/56.jpg,Tomato___Bacterial_spot,Potato___Early_blight,0.896533
plantwild/extracted/plantwild/images/tomato bacterial leaf spot/57.jpg,Tomato___Bacterial_spot,Corn___healthy,0.454574
plantwild/extracted/plantwild/images/tomato bacterial leaf spot/6 - Copy (2).jpg,Tomato___Bacterial_spot,Corn___healthy,0.198309
plantwild/extracted/plantwild/images/tomato bacterial leaf spot/6 - Copy (3).jpg,Tomato___Bacterial_spot,Potato___Early_blight,0.494114
plantwild/extracted/plantwild/images/tomato bacterial leaf spot/6 - Copy.jpg,Tomato___Bacterial_spot,Tomato___Septoria_leaf_spot,0.622531
plantwild/extracted/plantwild/images/tomato bacterial leaf spot/6.jpg,Tomato___Bacterial_spot,Potato___Early_blight,0.916934
plantwild/extracted/plantwild/images/tomato bacterial leaf spot/62.jpg,Tomato___Bacterial_spot,Squash___Powdery_mildew,0.385283
plantwild/extracted/plantwild/images/tomato bacterial leaf spot/63.jpg,Tomato___Bacterial_spot,"Pepper,_bell___healthy",0.770445
plantwild/extracted/plantwild/images/tomato bacterial leaf spot/64.jpg,Tomato___Bacterial_spot,Strawberry___Leaf_scorch,0.910062
plantwild/extracted/plantwild/images/tomato bacterial leaf spot/65.jpg,Tomato___Bacterial_spot,"Pepper,_bell___healthy",0.820227
plantwild/extracted/plantwild/images/tomato bacterial leaf spot/7.jpg,Tomato___Bacterial_spot,Tomato___Late_blight,0.215098
plantwild/extracted/plantwild/images/tomato bacterial leaf spot/70.jpg,Tomato___Bacterial_spot,Tomato___Early_blight,0.320729
plantwild/extracted/plantwild/images/tomato bacterial leaf spot/71.jpg,Tomato___Bacterial_spot,"Pepper,_bell___healthy",0.629683
plantwild/extracted/plantwild/images/tomato bacterial leaf spot/73.jpg,Tomato___Bacterial_spot,Strawberry___Leaf_scorch,0.730339
plantwild/extracted/plantwild/images/tomato bacterial leaf spot/76.jpg,Tomato___Bacterial_spot,Tomato___Early_blight,0.824709
plantwild/extracted/plantwild/images/tomato bacterial leaf spot/77.jpg,Tomato___Bacterial_spot,Strawberry___Leaf_scorch,0.673272
plantwild/extracted/plantwild/images/tomato bacterial leaf spot/78.jpg,Tomato___Bacterial_spot,Strawberry___Leaf_scorch,0.964752
plantwild/extracted/plantwild/images/tomato bacterial leaf spot/79.jpg,Tomato___Bacterial_spot,Corn___Common_rust,0.560836
plantwild/extracted/plantwild/images/tomato bacterial leaf spot/8.jpg,Tomato___Bacterial_spot,Strawberry___Leaf_scorch,0.635690
plantwild/extracted/plantwild/images/tomato bacterial leaf spot/80.jpg,Tomato___Bacterial_spot,"Pepper,_bell___healthy",0.839658
plantwild/extracted/plantwild/images/tomato bacterial leaf spot/81.jpg,Tomato___Bacterial_spot,Corn___healthy,0.948445
plantwild/extracted/plantwild/images/tomato bacterial leaf spot/82.jpg,Tomato___Bacterial_spot,Corn___Northern_Leaf_Blight,0.836191
plantwild/extracted/plantwild/images/tomato bacterial leaf spot/84.jpg,Tomato___Bacterial_spot,Cherry___healthy,0.899277
plantwild/extracted/plantwild/images/tomato bacterial leaf spot/9.jpg,Tomato___Bacterial_spot,"Pepper,_bell___healthy",0.950431
plantwild/extracted/plantwild/images/tomato bacterial leaf spot/92.jpg,Tomato___Bacterial_spot,"Pepper,_bell___healthy",0.754312
plantwild/extracted/plantwild/images/tomato bacterial leaf spot/93.jpg,Tomato___Bacterial_spot,Tomato___Early_blight,0.497527
plantwild/extracted/plantwild/images/tomato bacterial leaf spot/94.jpg,Tomato___Bacterial_spot,"Pepper,_bell___healthy",0.411656
plantwild/extracted/plantwild/images/tomato bacterial leaf spot/95.jpg,Tomato___Bacterial_spot,Cherry___healthy,0.830692
plantwild/extracted/plantwild/images/tomato bacterial leaf spot/96.jpg,Tomato___Bacterial_spot,Tomato___Late_blight,0.935480
plantwild/extracted/plantwild/images/tomato bacterial leaf spot/97.jpg,Tomato___Bacterial_spot,"Pepper,_bell___healthy",0.631641
plantwild/extracted/plantwild/images/tomato bacterial leaf spot/98.jpg,Tomato___Bacterial_spot,"Pepper,_bell___healthy",0.809475
plantwild/extracted/plantwild/images/tomato bacterial leaf spot/99.jpg,Tomato___Bacterial_spot,Tomato___Early_blight,0.965144
plantwild/extracted/plantwild/images/tomato bacterial leaf spot/google_0000.jpg,Tomato___Bacterial_spot,Squash___Powdery_mildew,0.938601
plantwild/extracted/plantwild/images/tomato bacterial leaf spot/google_0001.jpg,Tomato___Bacterial_spot,Strawberry___Leaf_scorch,0.728760
plantwild/extracted/plantwild/images/tomato bacterial leaf spot/google_0002.jpg,Tomato___Bacterial_spot,Tomato___Target_Spot,0.216381
plantwild/extracted/plantwild/images/tomato bacterial leaf spot/google_0004.jpg,Tomato___Bacterial_spot,Strawberry___Leaf_scorch,0.912553
plantwild/extracted/plantwild/images/tomato bacterial leaf spot/google_0009.jpg,Tomato___Bacterial_spot,Cherry___healthy,0.764695
plantwild/extracted/plantwild/images/tomato bacterial leaf spot/google_0011.jpg,Tomato___Bacterial_spot,Tomato___Early_blight,0.256511
plantwild/extracted/plantwild/images/tomato bacterial leaf spot/google_0012.jpg,Tomato___Bacterial_spot,"Pepper,_bell___healthy",0.461721
plantwild/extracted/plantwild/images/tomato bacterial leaf spot/google_0013.jpg,Tomato___Bacterial_spot,"Pepper,_bell___healthy",0.295635
plantwild/extracted/plantwild/images/tomato bacterial leaf spot/google_0014.jpg,Tomato___Bacterial_spot,Apple___healthy,0.377665
plantwild/extracted/plantwild/images/tomato bacterial leaf spot/google_0015.jpg,Tomato___Bacterial_spot,Tomato___Early_blight,0.672646
plantwild/extracted/plantwild/images/tomato bacterial leaf spot/google_0017.jpg,Tomato___Bacterial_spot,"Pepper,_bell___healthy",0.789396
plantwild/extracted/plantwild/images/tomato bacterial leaf spot/google_0018.jpg,Tomato___Bacterial_spot,Tomato___Early_blight,0.677749
plantwild/extracted/plantwild/images/tomato bacterial leaf spot/google_0019.jpg,Tomato___Bacterial_spot,"Pepper,_bell___Bacterial_spot",0.835025
plantwild/extracted/plantwild/images/tomato bacterial leaf spot/google_0020.jpg,Tomato___Bacterial_spot,Tomato___Septoria_leaf_spot,0.355254
plantwild/extracted/plantwild/images/tomato bacterial leaf spot/google_0021.jpg,Tomato___Bacterial_spot,Cherry___healthy,0.290973
plantwild/extracted/plantwild/images/tomato bacterial leaf spot/google_0022.jpg,Tomato___Bacterial_spot,Grape___Black_rot,0.441286
plantwild/extracted/plantwild/images/tomato bacterial leaf spot/google_0023.jpg,Tomato___Bacterial_spot,Cherry___healthy,0.377070
plantwild/extracted/plantwild/images/tomato bacterial leaf spot/google_0025.jpg,Tomato___Bacterial_spot,Tomato___Early_blight,0.238406
plantwild/extracted/plantwild/images/tomato bacterial leaf spot/google_0029.jpg,Tomato___Bacterial_spot,Potato___Early_blight,0.839003
plantwild/extracted/plantwild/images/tomato bacterial leaf spot/google_0030.jpg,Tomato___Bacterial_spot,Cherry___healthy,0.801660
plantwild/extracted/plantwild/images/tomato bacterial leaf spot/google_0032.jpg,Tomato___Bacterial_spot,Tomato___Early_blight,0.864837
plantwild/extracted/plantwild/images/tomato bacterial leaf spot/google_0033.jpg,Tomato___Bacterial_spot,Peach___Bacterial_spot,0.735650
plantwild/extracted/plantwild/images/tomato bacterial leaf spot/google_0034.jpg,Tomato___Bacterial_spot,"Pepper,_bell___healthy",0.474944
plantwild/extracted/plantwild/images/tomato bacterial leaf spot/google_0035.jpg,Tomato___Bacterial_spot,Tomato___Early_blight,0.907488
plantwild/extracted/plantwild/images/tomato bacterial leaf spot/google_0036.jpg,Tomato___Bacterial_spot,Potato___Early_blight,0.783039
plantwild/extracted/plantwild/images/tomato bacterial leaf spot/google_0037.jpg,Tomato___Bacterial_spot,Tomato___Septoria_leaf_spot,0.908196
plantwild/extracted/plantwild/images/tomato bacterial leaf spot/google_0039.jpg,Tomato___Bacterial_spot,"Pepper,_bell___healthy",0.786771
plantwild/extracted/plantwild/images/tomato bacterial leaf spot/google_0040.jpg,Tomato___Bacterial_spot,Tomato___Early_blight,0.760812
plantwild/extracted/plantwild/images/tomato bacterial leaf spot/google_0042.jpg,Tomato___Bacterial_spot,Potato___Early_blight,0.919825
plantwild/extracted/plantwild/images/tomato bacterial leaf spot/google_0043.jpg,Tomato___Bacterial_spot,Squash___Powdery_mildew,0.195015
plantwild/extracted/plantwild/images/tomato bacterial leaf spot/google_0044.jpg,Tomato___Bacterial_spot,"Pepper,_bell___healthy",0.471945
plantwild/extracted/plantwild/images/tomato bacterial leaf spot/google_0048.jpg,Tomato___Bacterial_spot,Grape___Black_rot,0.872568
plantwild/extracted/plantwild/images/tomato bacterial leaf spot/google_0050.jpg,Tomato___Bacterial_spot,Potato___Early_blight,0.487766
plantwild/extracted/plantwild/images/tomato bacterial leaf spot/google_0051.jpg,Tomato___Bacterial_spot,Cherry___healthy,0.745106
plantwild/extracted/plantwild/images/tomato bacterial leaf spot/google_0053.jpg,Tomato___Bacterial_spot,Corn___healthy,0.316314
plantwild/extracted/plantwild/images/tomato bacterial leaf spot/google_0054.jpg,Tomato___Bacterial_spot,Corn___Common_rust,0.961990
plantwild/extracted/plantwild/images/tomato bacterial leaf spot/google_0055.jpg,Tomato___Bacterial_spot,Potato___Early_blight,0.529268
plantwild/extracted/plantwild/images/tomato bacterial leaf spot/google_0056.jpg,Tomato___Bacterial_spot,"Pepper,_bell___healthy",0.367008
plantwild/extracted/plantwild/images/tomato bacterial leaf spot/google_0057.jpg,Tomato___Bacterial_spot,"Pepper,_bell___Bacterial_spot",0.860329
plantwild/extracted/plantwild/images/tomato bacterial leaf spot/google_0059.jpg,Tomato___Bacterial_spot,Tomato___Early_blight,0.968343
plantwild/extracted/plantwild/images/tomato bacterial leaf spot/google_0060.jpg,Tomato___Bacterial_spot,Corn___Common_rust,0.349761
plantwild/extracted/plantwild/images/tomato bacterial leaf spot/google_0061.jpg,Tomato___Bacterial_spot,"Pepper,_bell___healthy",0.430373
plantwild/extracted/plantwild/images/tomato bacterial leaf spot/google_0065.jpg,Tomato___Bacterial_spot,Potato___Early_blight,0.592446
plantwild/extracted/plantwild/images/tomato bacterial leaf spot/google_0066.jpg,Tomato___Bacterial_spot,Potato___Early_blight,0.629683
plantwild/extracted/plantwild/images/tomato bacterial leaf spot/google_0067.jpg,Tomato___Bacterial_spot,"Pepper,_bell___healthy",0.743892
plantwild/extracted/plantwild/images/tomato bacterial leaf spot/google_0070.jpg,Tomato___Bacterial_spot,Blueberry___healthy,0.862324
plantwild/extracted/plantwild/images/tomato bacterial leaf spot/google_0071.jpg,Tomato___Bacterial_spot,Tomato___Septoria_leaf_spot,0.966825
plantwild/extracted/plantwild/images/tomato bacterial leaf spot/google_0072.jpg,Tomato___Bacterial_spot,Potato___Early_blight,0.911041
plantwild/extracted/plantwild/images/tomato bacterial leaf spot/google_0073.jpg,Tomato___Bacterial_spot,Corn___Cercospora_leaf_spot Gray_leaf_spot,0.210948
plantwild/extracted/plantwild/images/tomato bacterial leaf spot/google_0074.jpg,Tomato___Bacterial_spot,"Pepper,_bell___healthy",0.712761
plantwild/extracted/plantwild/images/tomato bacterial leaf spot/google_0075.jpg,Tomato___Bacterial_spot,Tomato___Early_blight,0.966055
plantwild/extracted/plantwild/images/tomato bacterial leaf spot/google_0077.jpg,Tomato___Bacterial_spot,Tomato___Early_blight,0.961196
plantwild/extracted/plantwild/images/tomato bacterial leaf spot/google_0080.jpg,Tomato___Bacterial_spot,Potato___Early_blight,0.968972
plantwild/extracted/plantwild/images/tomato bacterial leaf spot/google_0081.jpg,Tomato___Bacterial_spot,"Pepper,_bell___healthy",0.540707
plantwild/extracted/plantwild/images/tomato bacterial leaf spot/google_0082.jpg,Tomato___Bacterial_spot,Tomato___Early_blight,0.752005
plantwild/extracted/plantwild/images/tomato bacterial leaf spot/google_0083.jpg,Tomato___Bacterial_spot,Potato___Early_blight,0.314113
plantwild/extracted/plantwild/images/tomato bacterial leaf spot/google_0084.jpg,Tomato___Bacterial_spot,Strawberry___Leaf_scorch,0.538640
plantwild/extracted/plantwild/images/tomato bacterial leaf spot/google_0087.jpg,Tomato___Bacterial_spot,Grape___Black_rot,0.330429
plantwild/extracted/plantwild/images/tomato bacterial leaf spot/google_0088.jpg,Tomato___Bacterial_spot,"Pepper,_bell___healthy",0.949061
plantwild/extracted/plantwild/images/tomato bacterial leaf spot/google_0091.jpg,Tomato___Bacterial_spot,Cherry___healthy,0.842655
plantwild/extracted/plantwild/images/tomato bacterial leaf spot/google_0092.jpg,Tomato___Bacterial_spot,Corn___Common_rust,0.627667
plantwild/extracted/plantwild/images/tomato bacterial leaf spot/google_0093.jpg,Tomato___Bacterial_spot,Cherry___healthy,0.831281
plantwild/extracted/plantwild/images/tomato bacterial leaf spot/google_0094.jpg,Tomato___Bacterial_spot,Grape___Black_rot,0.588167
plantwild/extracted/plantwild/images/tomato bacterial leaf spot/google_0095.jpg,Tomato___Bacterial_spot,"Pepper,_bell___healthy",0.441276
plantwild/extracted/plantwild/images/tomato bacterial leaf spot/google_0099.jpg,Tomato___Bacterial_spot,Potato___Early_blight,0.702394
plantwild/extracted/plantwild/images/tomato bacterial leaf spot/google_0100.jpg,Tomato___Bacterial_spot,Potato___Early_blight,0.680022
plantwild/extracted/plantwild/images/tomato bacterial leaf spot/google_0103.jpg,Tomato___Bacterial_spot,"Pepper,_bell___healthy",0.739320
plantwild/extracted/plantwild/images/tomato bacterial leaf spot/google_0107.jpg,Tomato___Bacterial_spot,Tomato___Septoria_leaf_spot,0.856465
plantwild/extracted/plantwild/images/tomato bacterial leaf spot/google_0109.jpg,Tomato___Bacterial_spot,"Pepper,_bell___healthy",0.909977
plantwild/extracted/plantwild/images/tomato bacterial leaf spot/google_0111.jpg,Tomato___Bacterial_spot,Tomato___Septoria_leaf_spot,0.615034
plantwild/extracted/plantwild/images/tomato bacterial leaf spot/google_0112.jpg,Tomato___Bacterial_spot,Potato___Early_blight,0.721186
plantwild/extracted/plantwild/images/tomato bacterial leaf spot/google_0113.jpg,Tomato___Bacterial_spot,Tomato___Septoria_leaf_spot,0.967135
plantwild/extracted/plantwild/images/tomato bacterial leaf spot/google_0114.jpg,Tomato___Bacterial_spot,"Pepper,_bell___healthy",0.305609
plantwild/extracted/plantwild/images/tomato bacterial leaf spot/google_0117.jpg,Tomato___Bacterial_spot,"Pepper,_bell___healthy",0.609083
plantwild/extracted/plantwild/images/tomato bacterial leaf spot/google_0120.jpg,Tomato___Bacterial_spot,Strawberry___Leaf_scorch,0.477733
plantwild/extracted/plantwild/images/tomato bacterial leaf spot/google_0121.jpg,Tomato___Bacterial_spot,Tomato___Septoria_leaf_spot,0.364917
plantwild/extracted/plantwild/images/tomato bacterial leaf spot/google_0125.jpg,Tomato___Bacterial_spot,"Pepper,_bell___healthy",0.493212
plantwild/extracted/plantwild/images/tomato bacterial leaf spot/google_0126.jpg,Tomato___Bacterial_spot,Tomato___Late_blight,0.446767
plantwild/extracted/plantwild/images/tomato bacterial leaf spot/google_0128.jpg,Tomato___Bacterial_spot,Tomato___Early_blight,0.967579
plantwild/extracted/plantwild/images/tomato bacterial leaf spot/google_0129.jpg,Tomato___Bacterial_spot,Tomato___Early_blight,0.250330
plantwild/extracted/plantwild/images/tomato bacterial leaf spot/google_0131.jpg,Tomato___Bacterial_spot,Tomato___Early_blight,0.954869
plantwild/extracted/plantwild/images/tomato bacterial leaf spot/google_0132.jpg,Tomato___Bacterial_spot,Strawberry___Leaf_scorch,0.932527
plantwild/extracted/plantwild/images/tomato bacterial leaf spot/google_0133.jpg,Tomato___Bacterial_spot,Cherry___healthy,0.695912
plantwild/extracted/plantwild/images/tomato bacterial leaf spot/google_0134.jpg,Tomato___Bacterial_spot,Cherry___healthy,0.668678
plantwild/extracted/plantwild/images/tomato bacterial leaf spot/google_0136.jpg,Tomato___Bacterial_spot,Tomato___Septoria_leaf_spot,0.929895
plantwild/extracted/plantwild/images/tomato bacterial leaf spot/google_0137.jpg,Tomato___Bacterial_spot,Tomato___Septoria_leaf_spot,0.216551
plantwild/extracted/plantwild/images/tomato bacterial leaf spot/google_0138.jpg,Tomato___Bacterial_spot,Potato___healthy,0.934031
plantwild/extracted/plantwild/images/tomato bacterial leaf spot/google_0139.jpg,Tomato___Bacterial_spot,Cherry___healthy,0.920258
plantwild/extracted/plantwild/images/tomato bacterial leaf spot/google_0140.jpg,Tomato___Bacterial_spot,Cherry___healthy,0.793172
plantwild/extracted/plantwild/images/tomato bacterial leaf spot/google_0144.jpg,Tomato___Bacterial_spot,Tomato___Spider_mites Two-spotted_spider_mite,0.955617
plantwild/extracted/plantwild/images/tomato bacterial leaf spot/google_0146.jpg,Tomato___Bacterial_spot,Cherry___healthy,0.266664
plantwild/extracted/plantwild/images/tomato bacterial leaf spot/google_0150.jpg,Tomato___Bacterial_spot,"Pepper,_bell___healthy",0.807564
plantwild/extracted/plantwild/images/tomato bacterial leaf spot/google_0156.jpg,Tomato___Bacterial_spot,Cherry___healthy,0.543056
plantwild/extracted/plantwild/images/tomato bacterial leaf spot/google_0157.jpg,Tomato___Bacterial_spot,"Pepper,_bell___healthy",0.480171
plantwild/extracted/plantwild/images/tomato bacterial leaf spot/google_0158.jpg,Tomato___Bacterial_spot,Strawberry___Leaf_scorch,0.606575
plantwild/extracted/plantwild/images/tomato bacterial leaf spot/google_0159.jpg,Tomato___Bacterial_spot,"Pepper,_bell___healthy",0.668538
plantwild/extracted/plantwild/images/tomato bacterial leaf spot/google_0160.jpg,Tomato___Bacterial_spot,Strawberry___Leaf_scorch,0.571471
plantwild/extracted/plantwild/images/tomato bacterial leaf spot/google_0163.jpg,Tomato___Bacterial_spot,"Pepper,_bell___healthy",0.964804
plantwild/extracted/plantwild/images/tomato bacterial leaf spot/google_0166.jpg,Tomato___Bacterial_spot,Tomato___Early_blight,0.431258
plantwild/extracted/plantwild/images/tomato bacterial leaf spot/google_0168.jpg,Tomato___Bacterial_spot,Strawberry___Leaf_scorch,0.775034
plantwild/extracted/plantwild/images/tomato bacterial leaf spot/google_0169.jpg,Tomato___Bacterial_spot,Cherry___healthy,0.917811
plantwild/extracted/plantwild/images/tomato bacterial leaf spot/google_0171.jpg,Tomato___Bacterial_spot,Tomato___Late_blight,0.404903
plantwild/extracted/plantwild/images/tomato bacterial leaf spot/google_0172.jpg,Tomato___Bacterial_spot,Strawberry___Leaf_scorch,0.947781
plantwild/extracted/plantwild/images/tomato bacterial leaf spot/google_0173.jpg,Tomato___Bacterial_spot,Tomato___Septoria_leaf_spot,0.808062
plantwild/extracted/plantwild/images/tomato bacterial leaf spot/google_0174.jpg,Tomato___Bacterial_spot,"Pepper,_bell___healthy",0.873689
plantwild/extracted/plantwild/images/tomato bacterial leaf spot/google_0175.jpg,Tomato___Bacterial_spot,"Pepper,_bell___Bacterial_spot",0.946832
plantwild/extracted/plantwild/images/tomato bacterial leaf spot/google_0176.jpg,Tomato___Bacterial_spot,Grape___Black_rot,0.800193
plantwild/extracted/plantwild/images/tomato bacterial leaf spot/google_0186.jpg,Tomato___Bacterial_spot,Cherry___healthy,0.685025
plantwild/extracted/plantwild/images/tomato bacterial leaf spot/google_0188.jpg,Tomato___Bacterial_spot,Grape___Black_rot,0.596835
plantwild/extracted/plantwild/images/tomato bacterial leaf spot/google_0189.jpg,Tomato___Bacterial_spot,"Pepper,_bell___healthy",0.314063
plantwild/extracted/plantwild/images/tomato bacterial leaf spot/google_0195.jpg,Tomato___Bacterial_spot,Cherry___healthy,0.822738
plantwild/extracted/plantwild/images/tomato bacterial leaf spot/google_0224.jpg,Tomato___Bacterial_spot,"Pepper,_bell___healthy",0.274737
plantwild/extracted/plantwild/images/tomato bacterial leaf spot/google_0225.jpg,Tomato___Bacterial_spot,Corn___Northern_Leaf_Blight,0.792387
plantwild/extracted/plantwild/images/tomato bacterial leaf spot/google_0228.jpg,Tomato___Bacterial_spot,Strawberry___Leaf_scorch,0.415140
plantwild/extracted/plantwild/images/tomato bacterial leaf spot/google_0231.jpg,Tomato___Bacterial_spot,Tomato___Early_blight,0.850744
plantwild/extracted/plantwild/images/tomato bacterial leaf spot/google_0233.jpg,Tomato___Bacterial_spot,Cherry___healthy,0.406243
plantwild/extracted/plantwild/images/tomato bacterial leaf spot/google_0247.jpg,Tomato___Bacterial_spot,"Pepper,_bell___healthy",0.481123
plantwild/extracted/plantwild/images/tomato bacterial leaf spot/google_0249.jpg,Tomato___Bacterial_spot,"Pepper,_bell___healthy",0.878832
plantwild/extracted/plantwild/images/tomato bacterial leaf spot/google_0251.jpg,Tomato___Bacterial_spot,"Pepper,_bell___healthy",0.604299
plantwild/extracted/plantwild/images/tomato bacterial leaf spot/google_0254.jpg,Tomato___Bacterial_spot,Potato___Early_blight,0.559641
plantwild/extracted/plantwild/images/tomato bacterial leaf spot/google_0255.jpg,Tomato___Bacterial_spot,"Pepper,_bell___healthy",0.777240
plantwild/extracted/plantwild/images/tomato bacterial leaf spot/google_0260.jpg,Tomato___Bacterial_spot,"Pepper,_bell___healthy",0.461158
plantwild/extracted/plantwild/images/tomato bacterial leaf spot/google_0261.jpg,Tomato___Bacterial_spot,"Pepper,_bell___healthy",0.575992
plantwild/extracted/plantwild/images/tomato bacterial leaf spot/google_0262.jpg,Tomato___Bacterial_spot,Tomato___Tomato_Yellow_Leaf_Curl_Virus,0.969437
plantwild/extracted/plantwild/images/tomato bacterial leaf spot/google_0265.jpg,Tomato___Bacterial_spot,Strawberry___Leaf_scorch,0.694270
plantwild/extracted/plantwild/images/tomato bacterial leaf spot/google_0267.jpg,Tomato___Bacterial_spot,Tomato___Early_blight,0.504266
plantwild/extracted/plantwild/images/tomato bacterial leaf spot/google_0271.jpg,Tomato___Bacterial_spot,Strawberry___Leaf_scorch,0.758366
plantwild/extracted/plantwild/images/tomato bacterial leaf spot/google_0274.jpg,Tomato___Bacterial_spot,Tomato___Late_blight,0.661768
plantwild/extracted/plantwild/images/tomato bacterial leaf spot/google_0275.jpg,Tomato___Bacterial_spot,Corn___healthy,0.308711
plantwild/extracted/plantwild/images/tomato bacterial leaf spot/google_0276.jpg,Tomato___Bacterial_spot,"Pepper,_bell___healthy",0.748240
plantwild/extracted/plantwild/images/tomato bacterial leaf spot/google_0277.jpg,Tomato___Bacterial_spot,Tomato___Late_blight,0.479082
plantwild/extracted/plantwild/images/tomato bacterial leaf spot/google_0283.jpg,Tomato___Bacterial_spot,Tomato___Early_blight,0.592781
plantwild/extracted/plantwild/images/tomato bacterial leaf spot/google_0286.jpg,Tomato___Bacterial_spot,"Pepper,_bell___Bacterial_spot",0.718170
plantwild/extracted/plantwild/images/tomato bacterial leaf spot/google_0292.jpg,Tomato___Bacterial_spot,Tomato___Early_blight,0.966358
plantwild/extracted/plantwild/images/tomato bacterial leaf spot/google_0293.jpg,Tomato___Bacterial_spot,"Pepper,_bell___healthy",0.725535
plantwild/extracted/plantwild/images/tomato bacterial leaf spot/google_0296.jpg,Tomato___Bacterial_spot,Corn___Common_rust,0.427672
plantwild/extracted/plantwild/images/tomato bacterial leaf spot/google_0307.jpg,Tomato___Bacterial_spot,Grape___Leaf_blight_(Isariopsis_Leaf_Spot),0.562950
plantwild/extracted/plantwild/images/tomato bacterial leaf spot/google_0308.jpg,Tomato___Bacterial_spot,Cherry___healthy,0.292375
plantwild/extracted/plantwild/images/tomato bacterial leaf spot/google_0310.jpg,Tomato___Bacterial_spot,Tomato___Leaf_Mold,0.601611
plantwild/extracted/plantwild/images/tomato bacterial leaf spot/google_0315.jpg,Tomato___Bacterial_spot,Blueberry___healthy,0.366037
plantwild/extracted/plantwild/images/tomato bacterial leaf spot/google_0319.jpg,Tomato___Bacterial_spot,Grape___Black_rot,0.352900
plantwild/extracted/plantwild/images/tomato bacterial leaf spot/google_0324.jpg,Tomato___Bacterial_spot,Potato___Early_blight,0.194799
plantwild/extracted/plantwild/images/tomato bacterial leaf spot/google_0328.jpg,Tomato___Bacterial_spot,"Pepper,_bell___healthy",0.503133
plantwild/extracted/plantwild/images/tomato bacterial leaf spot/google_0338.jpg,Tomato___Bacterial_spot,Cherry___healthy,0.391415
plantwild/extracted/plantwild/images/tomato bacterial leaf spot/google_0351.jpg,Tomato___Bacterial_spot,Cherry___healthy,0.890990
plantwild/extracted/plantwild/images/tomato bacterial leaf spot/google_0390.jpg,Tomato___Bacterial_spot,Potato___Early_blight,0.540460
plantwild/extracted/plantwild/images/tomato bacterial leaf spot/google_0395.jpg,Tomato___Bacterial_spot,Tomato___Septoria_leaf_spot,0.964453
plantwild/extracted/plantwild/images/tomato bacterial leaf spot/google_0400.jpg,Tomato___Bacterial_spot,Grape___Black_rot,0.688850
plantwild/extracted/plantwild/images/tomato bacterial leaf spot/google_0405.jpg,Tomato___Bacterial_spot,"Pepper,_bell___healthy",0.426016
plantwild/extracted/plantwild/images/tomato bacterial leaf spot/google_0408.jpg,Tomato___Bacterial_spot,Tomato___Septoria_leaf_spot,0.840213
plantwild/extracted/plantwild/images/tomato bacterial leaf spot/google_0410.jpg,Tomato___Bacterial_spot,Tomato___Late_blight,0.968937
plantwild/extracted/plantwild/images/tomato bacterial leaf spot/google_0411.jpg,Tomato___Bacterial_spot,Strawberry___Leaf_scorch,0.682178
plantwild/extracted/plantwild/images/tomato bacterial leaf spot/google_0413.jpg,Tomato___Bacterial_spot,Corn___Common_rust,0.351302
plantwild/extracted/plantwild/images/tomato bacterial leaf spot/google_0415.jpg,Tomato___Bacterial_spot,Cherry___healthy,0.783625
plantwild/extracted/plantwild/images/tomato bacterial leaf spot/google_0416.jpg,Tomato___Bacterial_spot,Tomato___Late_blight,0.962189
plantwild/extracted/plantwild/images/tomato bacterial leaf spot/google_0421.jpg,Tomato___Bacterial_spot,Strawberry___Leaf_scorch,0.706361
plantwild/extracted/plantwild/images/tomato bacterial leaf spot/google_0427.jpg,Tomato___Bacterial_spot,Strawberry___Leaf_scorch,0.413765
plantwild/extracted/plantwild/images/tomato bacterial leaf spot/google_0429.jpg,Tomato___Bacterial_spot,Strawberry___Leaf_scorch,0.935724
plantwild/extracted/plantwild/images/tomato bacterial leaf spot/google_0432.jpg,Tomato___Bacterial_spot,Tomato___Spider_mites Two-spotted_spider_mite,0.880486
plantwild/extracted/plantwild/images/tomato bacterial leaf spot/google_0436.jpg,Tomato___Bacterial_spot,Apple___Apple_scab,0.939546
plantwild/extracted/plantwild/images/tomato bacterial leaf spot/google_0438.jpg,Tomato___Bacterial_spot,Tomato___Early_blight,0.560465
plantwild/extracted/plantwild/images/tomato bacterial leaf spot/google_0444.jpg,Tomato___Bacterial_spot,"Pepper,_bell___healthy",0.935162
plantwild/extracted/plantwild/images/tomato bacterial leaf spot/google_0449.jpg,Tomato___Bacterial_spot,Tomato___Early_blight,0.969269
plantwild/extracted/plantwild/images/tomato bacterial leaf spot/google_0458.jpg,Tomato___Bacterial_spot,"Pepper,_bell___healthy",0.739596
plantwild/extracted/plantwild/images/tomato bacterial leaf spot/google_0465.jpg,Tomato___Bacterial_spot,Strawberry___Leaf_scorch,0.757659
plantwild/extracted/plantwild/images/tomato bacterial leaf spot/google_0466.jpg,Tomato___Bacterial_spot,Tomato___Late_blight,0.882335
plantwild/extracted/plantwild/images/tomato early blight/1.jpg,Tomato___Early_blight,Tomato___Late_blight,0.193851
plantwild/extracted/plantwild/images/tomato early blight/10.jpg,Tomato___Early_blight,Tomato___Late_blight,0.922233
plantwild/extracted/plantwild/images/tomato early blight/104.jpg,Tomato___Early_blight,Tomato___Late_blight,0.934033
plantwild/extracted/plantwild/images/tomato early blight/109.jpg,Tomato___Early_blight,Tomato___Late_blight,0.879002
plantwild/extracted/plantwild/images/tomato early blight/118.jpg,Tomato___Early_blight,Tomato___Late_blight,0.875331
plantwild/extracted/plantwild/images/tomato early blight/12.jpg,Tomato___Early_blight,"Pepper,_bell___healthy",0.787778
plantwild/extracted/plantwild/images/tomato early blight/120.jpg,Tomato___Early_blight,Tomato___Early_blight,0.966603
plantwild/extracted/plantwild/images/tomato early blight/121.jpg,Tomato___Early_blight,Corn___healthy,0.859456
plantwild/extracted/plantwild/images/tomato early blight/124.jpg,Tomato___Early_blight,Strawberry___Leaf_scorch,0.955117
plantwild/extracted/plantwild/images/tomato early blight/127.jpg,Tomato___Early_blight,Tomato___Early_blight,0.808290
plantwild/extracted/plantwild/images/tomato early blight/128.jpg,Tomato___Early_blight,Tomato___Early_blight,0.954012
plantwild/extracted/plantwild/images/tomato early blight/129.jpg,Tomato___Early_blight,Strawberry___Leaf_scorch,0.409006
plantwild/extracted/plantwild/images/tomato early blight/13.jpg,Tomato___Early_blight,Strawberry___Leaf_scorch,0.894921
plantwild/extracted/plantwild/images/tomato early blight/130.jpg,Tomato___Early_blight,Tomato___Early_blight,0.342079
plantwild/extracted/plantwild/images/tomato early blight/133.jpg,Tomato___Early_blight,Tomato___Late_blight,0.870374
plantwild/extracted/plantwild/images/tomato early blight/136.jpg,Tomato___Early_blight,Strawberry___Leaf_scorch,0.889046
plantwild/extracted/plantwild/images/tomato early blight/137.jpg,Tomato___Early_blight,Corn___healthy,0.684860
plantwild/extracted/plantwild/images/tomato early blight/14.jpg,Tomato___Early_blight,"Pepper,_bell___healthy",0.585926
plantwild/extracted/plantwild/images/tomato early blight/140.jpg,Tomato___Early_blight,Grape___Black_rot,0.588635
plantwild/extracted/plantwild/images/tomato early blight/142.jpg,Tomato___Early_blight,Corn___healthy,0.935724
plantwild/extracted/plantwild/images/tomato early blight/143.jpg,Tomato___Early_blight,Cherry___healthy,0.665239
plantwild/extracted/plantwild/images/tomato early blight/146.jpg,Tomato___Early_blight,Tomato___Late_blight,0.959365
plantwild/extracted/plantwild/images/tomato early blight/152.jpg,Tomato___Early_blight,Strawberry___Leaf_scorch,0.278357
plantwild/extracted/plantwild/images/tomato early blight/155.jpg,Tomato___Early_blight,Tomato___Late_blight,0.954910
plantwild/extracted/plantwild/images/tomato early blight/159.jpg,Tomato___Early_blight,Tomato___Late_blight,0.882971
plantwild/extracted/plantwild/images/tomato early blight/160.jpg,Tomato___Early_blight,Tomato___Late_blight,0.750539
plantwild/extracted/plantwild/images/tomato early blight/161 - Copy (2).jpg,Tomato___Early_blight,Corn___healthy,0.804601
plantwild/extracted/plantwild/images/tomato early blight/163.jpg,Tomato___Early_blight,Tomato___Late_blight,0.968597
plantwild/extracted/plantwild/images/tomato early blight/165.jpg,Tomato___Early_blight,Grape___Black_rot,0.951713
plantwild/extracted/plantwild/images/tomato early blight/166.jpg,Tomato___Early_blight,Corn___Cercospora_leaf_spot Gray_leaf_spot,0.532703
plantwild/extracted/plantwild/images/tomato early blight/168.jpg,Tomato___Early_blight,Strawberry___Leaf_scorch,0.682581
plantwild/extracted/plantwild/images/tomato early blight/17.jpg,Tomato___Early_blight,Strawberry___Leaf_scorch,0.589571
plantwild/extracted/plantwild/images/tomato early blight/172.jpg,Tomato___Early_blight,Squash___Powdery_mildew,0.644383
plantwild/extracted/plantwild/images/tomato early blight/173.jpg,Tomato___Early_blight,Tomato___Late_blight,0.966043
plantwild/extracted/plantwild/images/tomato early blight/175.jpg,Tomato___Early_blight,Strawberry___Leaf_scorch,0.810471
plantwild/extracted/plantwild/images/tomato early blight/177.jpg,Tomato___Early_blight,Potato___Early_blight,0.852248
plantwild/extracted/plantwild/images/tomato early blight/178.jpg,Tomato___Early_blight,"Pepper,_bell___healthy",0.927904
plantwild/extracted/plantwild/images/tomato early blight/179.jpg,Tomato___Early_blight,Cherry___healthy,0.227924
plantwild/extracted/plantwild/images/tomato early blight/182.jpg,Tomato___Early_blight,Strawberry___Leaf_scorch,0.435846
plantwild/extracted/plantwild/images/tomato early blight/183.jpg,Tomato___Early_blight,Cherry___healthy,0.383132
plantwild/extracted/plantwild/images/tomato early blight/186.jpg,Tomato___Early_blight,Tomato___Early_blight,0.851804
plantwild/extracted/plantwild/images/tomato early blight/188.jpg,Tomato___Early_blight,Corn___Northern_Leaf_Blight,0.805598
plantwild/extracted/plantwild/images/tomato early blight/189.jpg,Tomato___Early_blight,Tomato___Septoria_leaf_spot,0.955190
plantwild/extracted/plantwild/images/tomato early blight/19.jpg,Tomato___Early_blight,Tomato___Early_blight,0.957423
plantwild/extracted/plantwild/images/tomato early blight/191.jpg,Tomato___Early_blight,Potato___Early_blight,0.753976
plantwild/extracted/plantwild/images/tomato early blight/193.jpg,Tomato___Early_blight,Strawberry___Leaf_scorch,0.932120
plantwild/extracted/plantwild/images/tomato early blight/194.jpg,Tomato___Early_blight,Tomato___Late_blight,0.463314
plantwild/extracted/plantwild/images/tomato early blight/199 - Copy.jpg,Tomato___Early_blight,Tomato___Early_blight,0.841367
plantwild/extracted/plantwild/images/tomato early blight/199.jpg,Tomato___Early_blight,Tomato___Late_blight,0.956436
plantwild/extracted/plantwild/images/tomato early blight/2.jpg,Tomato___Early_blight,Tomato___Late_blight,0.953828
plantwild/extracted/plantwild/images/tomato early blight/201.jpg,Tomato___Early_blight,Potato___Early_blight,0.945112
plantwild/extracted/plantwild/images/tomato early blight/202.jpg,Tomato___Early_blight,Tomato___Late_blight,0.948632
plantwild/extracted/plantwild/images/tomato early blight/208.jpg,Tomato___Early_blight,Tomato___Early_blight,0.918969
plantwild/extracted/plantwild/images/tomato early blight/21.jpg,Tomato___Early_blight,Tomato___Early_blight,0.953737
plantwild/extracted/plantwild/images/tomato early blight/210.jpg,Tomato___Early_blight,Grape___Black_rot,0.656488
plantwild/extracted/plantwild/images/tomato early blight/211.jpg,Tomato___Early_blight,Tomato___Early_blight,0.788109
plantwild/extracted/plantwild/images/tomato early blight/212.jpg,Tomato___Early_blight,Potato___Early_blight,0.909849
plantwild/extracted/plantwild/images/tomato early blight/214.jpg,Tomato___Early_blight,Tomato___Late_blight,0.969078
plantwild/extracted/plantwild/images/tomato early blight/216.jpg,Tomato___Early_blight,Strawberry___Leaf_scorch,0.471742
plantwild/extracted/plantwild/images/tomato early blight/218.jpg,Tomato___Early_blight,Tomato___Late_blight,0.942045
plantwild/extracted/plantwild/images/tomato early blight/219.jpg,Tomato___Early_blight,Potato___Early_blight,0.371810
plantwild/extracted/plantwild/images/tomato early blight/221.jpg,Tomato___Early_blight,Corn___healthy,0.636222
plantwild/extracted/plantwild/images/tomato early blight/223.jpg,Tomato___Early_blight,Tomato___Late_blight,0.967827
plantwild/extracted/plantwild/images/tomato early blight/227.jpg,Tomato___Early_blight,Tomato___Late_blight,0.940433
plantwild/extracted/plantwild/images/tomato early blight/23.jpg,Tomato___Early_blight,Tomato___Late_blight,0.832277
plantwild/extracted/plantwild/images/tomato early blight/233.jpg,Tomato___Early_blight,Strawberry___Leaf_scorch,0.579101
plantwild/extracted/plantwild/images/tomato early blight/234.jpg,Tomato___Early_blight,Tomato___Late_blight,0.434863
plantwild/extracted/plantwild/images/tomato early blight/238.jpg,Tomato___Early_blight,Tomato___Early_blight,0.963671
plantwild/extracted/plantwild/images/tomato early blight/242.jpg,Tomato___Early_blight,Squash___Powdery_mildew,0.908870
plantwild/extracted/plantwild/images/tomato early blight/244.jpg,Tomato___Early_blight,Tomato___Late_blight,0.943211
plantwild/extracted/plantwild/images/tomato early blight/246.jpg,Tomato___Early_blight,Tomato___Late_blight,0.371711
plantwild/extracted/plantwild/images/tomato early blight/25 - Copy (2).jpg,Tomato___Early_blight,Strawberry___Leaf_scorch,0.643813
plantwild/extracted/plantwild/images/tomato early blight/25 - Copy (3).jpg,Tomato___Early_blight,Tomato___Late_blight,0.567272
plantwild/extracted/plantwild/images/tomato early blight/25 - Copy (4).jpg,Tomato___Early_blight,Tomato___Late_blight,0.625283
plantwild/extracted/plantwild/images/tomato early blight/25 - Copy (5).jpg,Tomato___Early_blight,Tomato___Late_blight,0.681980
plantwild/extracted/plantwild/images/tomato early blight/25 - Copy (6).jpg,Tomato___Early_blight,Corn___Northern_Leaf_Blight,0.501665
plantwild/extracted/plantwild/images/tomato early blight/25 - Copy (7).jpg,Tomato___Early_blight,Corn___Northern_Leaf_Blight,0.263763
plantwild/extracted/plantwild/images/tomato early blight/25 - Copy (8).jpg,Tomato___Early_blight,Tomato___Late_blight,0.767170
plantwild/extracted/plantwild/images/tomato early blight/25.jpg,Tomato___Early_blight,Tomato___Late_blight,0.971339
plantwild/extracted/plantwild/images/tomato early blight/251.jpg,Tomato___Early_blight,"Pepper,_bell___healthy",0.410774
plantwild/extracted/plantwild/images/tomato early blight/252.jpg,Tomato___Early_blight,Tomato___Late_blight,0.912092
plantwild/extracted/plantwild/images/tomato early blight/255.jpg,Tomato___Early_blight,Tomato___Early_blight,0.928123
plantwild/extracted/plantwild/images/tomato early blight/258.jpg,Tomato___Early_blight,Tomato___Late_blight,0.955859
plantwild/extracted/plantwild/images/tomato early blight/259.jpg,Tomato___Early_blight,Cherry___healthy,0.868138
plantwild/extracted/plantwild/images/tomato early blight/26 - Copy (2).jpg,Tomato___Early_blight,Corn___healthy,0.483544
plantwild/extracted/plantwild/images/tomato early blight/26 - Copy.jpg,Tomato___Early_blight,Tomato___Late_blight,0.900607
plantwild/extracted/plantwild/images/tomato early blight/26.jpg,Tomato___Early_blight,Tomato___Late_blight,0.953067
plantwild/extracted/plantwild/images/tomato early blight/260.jpg,Tomato___Early_blight,Squash___Powdery_mildew,0.494332
plantwild/extracted/plantwild/images/tomato early blight/274.jpg,Tomato___Early_blight,Strawberry___Leaf_scorch,0.727059
plantwild/extracted/plantwild/images/tomato early blight/28.jpg,Tomato___Early_blight,Tomato___Late_blight,0.947346
plantwild/extracted/plantwild/images/tomato early blight/285.jpg,Tomato___Early_blight,"Pepper,_bell___healthy",0.680653
plantwild/extracted/plantwild/images/tomato early blight/287.jpg,Tomato___Early_blight,Tomato___Late_blight,0.523215
plantwild/extracted/plantwild/images/tomato early blight/288.jpg,Tomato___Early_blight,Strawberry___Leaf_scorch,0.689977
plantwild/extracted/plantwild/images/tomato early blight/29.jpg,Tomato___Early_blight,Grape___Black_rot,0.667272
plantwild/extracted/plantwild/images/tomato early blight/291.jpg,Tomato___Early_blight,Tomato___Early_blight,0.427534
plantwild/extracted/plantwild/images/tomato early blight/3.jpg,Tomato___Early_blight,Tomato___Late_blight,0.746013
plantwild/extracted/plantwild/images/tomato early blight/30.jpg,Tomato___Early_blight,"Pepper,_bell___healthy",0.431290
plantwild/extracted/plantwild/images/tomato early blight/31.jpg,Tomato___Early_blight,Strawberry___Leaf_scorch,0.332292
plantwild/extracted/plantwild/images/tomato early blight/314.jpg,Tomato___Early_blight,Tomato___Late_blight,0.914850
plantwild/extracted/plantwild/images/tomato early blight/316.jpg,Tomato___Early_blight,"Pepper,_bell___healthy",0.423240
plantwild/extracted/plantwild/images/tomato early blight/321.jpg,Tomato___Early_blight,Tomato___Late_blight,0.967513
plantwild/extracted/plantwild/images/tomato early blight/33.jpg,Tomato___Early_blight,"Pepper,_bell___healthy",0.883811
plantwild/extracted/plantwild/images/tomato early blight/36.jpg,Tomato___Early_blight,Tomato___Early_blight,0.512450
plantwild/extracted/plantwild/images/tomato early blight/38.jpg,Tomato___Early_blight,"Pepper,_bell___healthy",0.250069
plantwild/extracted/plantwild/images/tomato early blight/39.jpg,Tomato___Early_blight,Strawberry___Leaf_scorch,0.905300
plantwild/extracted/plantwild/images/tomato early blight/4.jpg,Tomato___Early_blight,"Pepper,_bell___healthy",0.794916
plantwild/extracted/plantwild/images/tomato early blight/43.jpg,Tomato___Early_blight,Squash___Powdery_mildew,0.760153
plantwild/extracted/plantwild/images/tomato early blight/46.jpg,Tomato___Early_blight,Tomato___Late_blight,0.963979
plantwild/extracted/plantwild/images/tomato early blight/47.jpg,Tomato___Early_blight,Strawberry___Leaf_scorch,0.948099
plantwild/extracted/plantwild/images/tomato early blight/52 - Copy.jpg,Tomato___Early_blight,Tomato___Early_blight,0.890963
plantwild/extracted/plantwild/images/tomato early blight/52.jpg,Tomato___Early_blight,Tomato___Late_blight,0.809326
plantwild/extracted/plantwild/images/tomato early blight/53.jpg,Tomato___Early_blight,Tomato___Late_blight,0.900866
plantwild/extracted/plantwild/images/tomato early blight/55.jpg,Tomato___Early_blight,Tomato___Early_blight,0.904756
plantwild/extracted/plantwild/images/tomato early blight/59.jpg,Tomato___Early_blight,Strawberry___Leaf_scorch,0.934924
plantwild/extracted/plantwild/images/tomato early blight/6.jpg,Tomato___Early_blight,Tomato___Late_blight,0.970665
plantwild/extracted/plantwild/images/tomato early blight/62.jpg,Tomato___Early_blight,"Pepper,_bell___healthy",0.430297
plantwild/extracted/plantwild/images/tomato early blight/65.jpg,Tomato___Early_blight,Squash___Powdery_mildew,0.359619
plantwild/extracted/plantwild/images/tomato early blight/66.jpg,Tomato___Early_blight,Grape___Black_rot,0.919359
plantwild/extracted/plantwild/images/tomato early blight/67 - Copy.jpg,Tomato___Early_blight,Tomato___Late_blight,0.744335
plantwild/extracted/plantwild/images/tomato early blight/67.jpg,Tomato___Early_blight,Tomato___Early_blight,0.880248
plantwild/extracted/plantwild/images/tomato early blight/671 - Copy.jpg,Tomato___Early_blight,Tomato___Early_blight,0.925952
plantwild/extracted/plantwild/images/tomato early blight/671.jpg,Tomato___Early_blight,Potato___Early_blight,0.951046
plantwild/extracted/plantwild/images/tomato early blight/7.jpg,Tomato___Early_blight,Tomato___Septoria_leaf_spot,0.672355
plantwild/extracted/plantwild/images/tomato early blight/72.jpg,Tomato___Early_blight,Cherry___healthy,0.593733
plantwild/extracted/plantwild/images/tomato early blight/74.jpg,Tomato___Early_blight,Tomato___Late_blight,0.932767
plantwild/extracted/plantwild/images/tomato early blight/77.jpg,Tomato___Early_blight,Strawberry___Leaf_scorch,0.438805
plantwild/extracted/plantwild/images/tomato early blight/82 - Copy.jpg,Tomato___Early_blight,Tomato___Late_blight,0.792154
plantwild/extracted/plantwild/images/tomato early blight/82.jpg,Tomato___Early_blight,Tomato___Late_blight,0.963272
plantwild/extracted/plantwild/images/tomato early blight/86.jpg,Tomato___Early_blight,Squash___Powdery_mildew,0.874662
plantwild/extracted/plantwild/images/tomato early blight/87.jpg,Tomato___Early_blight,Tomato___Early_blight,0.515215
plantwild/extracted/plantwild/images/tomato early blight/89.jpg,Tomato___Early_blight,Tomato___Late_blight,0.967142
plantwild/extracted/plantwild/images/tomato early blight/93.jpg,Tomato___Early_blight,Tomato___Late_blight,0.964177
plantwild/extracted/plantwild/images/tomato early blight/96.jpg,Tomato___Early_blight,Potato___Early_blight,0.707726
plantwild/extracted/plantwild/images/tomato early blight/google_0000.jpg,Tomato___Early_blight,Tomato___Early_blight,0.784585
plantwild/extracted/plantwild/images/tomato early blight/google_0002.jpg,Tomato___Early_blight,"Pepper,_bell___healthy",0.915999
plantwild/extracted/plantwild/images/tomato early blight/google_0003.jpg,Tomato___Early_blight,Cherry___healthy,0.942766
plantwild/extracted/plantwild/images/tomato early blight/google_0004.jpg,Tomato___Early_blight,"Pepper,_bell___healthy",0.891686
plantwild/extracted/plantwild/images/tomato early blight/google_0005.jpg,Tomato___Early_blight,Tomato___Late_blight,0.954472
plantwild/extracted/plantwild/images/tomato early blight/google_0007.jpg,Tomato___Early_blight,Cherry___healthy,0.462255
plantwild/extracted/plantwild/images/tomato early blight/google_0008.jpg,Tomato___Early_blight,Corn___Common_rust,0.960201
plantwild/extracted/plantwild/images/tomato early blight/google_0009.jpg,Tomato___Early_blight,"Pepper,_bell___healthy",0.855717
plantwild/extracted/plantwild/images/tomato early blight/google_0013.jpg,Tomato___Early_blight,Strawberry___Leaf_scorch,0.457141
plantwild/extracted/plantwild/images/tomato early blight/google_0014.jpg,Tomato___Early_blight,"Pepper,_bell___healthy",0.960813
plantwild/extracted/plantwild/images/tomato early blight/google_0015.jpg,Tomato___Early_blight,Potato___Early_blight,0.378758
plantwild/extracted/plantwild/images/tomato early blight/google_0016.jpg,Tomato___Early_blight,Strawberry___Leaf_scorch,0.632064
plantwild/extracted/plantwild/images/tomato early blight/google_0017.jpg,Tomato___Early_blight,Cherry___healthy,0.933034
plantwild/extracted/plantwild/images/tomato early blight/google_0018.jpg,Tomato___Early_blight,Tomato___Early_blight,0.964390
plantwild/extracted/plantwild/images/tomato early blight/google_0020.jpg,Tomato___Early_blight,Potato___Early_blight,0.545641
plantwild/extracted/plantwild/images/tomato early blight/google_0021.jpg,Tomato___Early_blight,"Pepper,_bell___healthy",0.582208
plantwild/extracted/plantwild/images/tomato early blight/google_0022.jpg,Tomato___Early_blight,"Pepper,_bell___healthy",0.880909
plantwild/extracted/plantwild/images/tomato early blight/google_0024.jpg,Tomato___Early_blight,Strawberry___Leaf_scorch,0.886907
plantwild/extracted/plantwild/images/tomato early blight/google_0028.jpg,Tomato___Early_blight,"Pepper,_bell___healthy",0.774305
plantwild/extracted/plantwild/images/tomato early blight/google_0031.jpg,Tomato___Early_blight,Cherry___healthy,0.354435
plantwild/extracted/plantwild/images/tomato early blight/google_0032.jpg,Tomato___Early_blight,Cherry___healthy,0.349340
plantwild/extracted/plantwild/images/tomato early blight/google_0033.jpg,Tomato___Early_blight,"Pepper,_bell___healthy",0.937408
plantwild/extracted/plantwild/images/tomato early blight/google_0035.jpg,Tomato___Early_blight,Tomato___Late_blight,0.445546
plantwild/extracted/plantwild/images/tomato early blight/google_0036.jpg,Tomato___Early_blight,Strawberry___Leaf_scorch,0.357186
plantwild/extracted/plantwild/images/tomato early blight/google_0038.jpg,Tomato___Early_blight,"Pepper,_bell___healthy",0.337267
plantwild/extracted/plantwild/images/tomato early blight/google_0040.jpg,Tomato___Early_blight,Tomato___Early_blight,0.943395
plantwild/extracted/plantwild/images/tomato early blight/google_0041.jpg,Tomato___Early_blight,Squash___Powdery_mildew,0.691640
plantwild/extracted/plantwild/images/tomato early blight/google_0042.jpg,Tomato___Early_blight,Corn___Common_rust,0.965842
plantwild/extracted/plantwild/images/tomato early blight/google_0043.jpg,Tomato___Early_blight,Potato___Early_blight,0.702986
plantwild/extracted/plantwild/images/tomato early blight/google_0044.jpg,Tomato___Early_blight,Tomato___Early_blight,0.640021
plantwild/extracted/plantwild/images/tomato early blight/google_0045.jpg,Tomato___Early_blight,"Pepper,_bell___healthy",0.802107
plantwild/extracted/plantwild/images/tomato early blight/google_0046.jpg,Tomato___Early_blight,Tomato___Early_blight,0.454664
plantwild/extracted/plantwild/images/tomato early blight/google_0047.jpg,Tomato___Early_blight,"Pepper,_bell___healthy",0.860460
plantwild/extracted/plantwild/images/tomato early blight/google_0048.jpg,Tomato___Early_blight,"Pepper,_bell___healthy",0.860972
plantwild/extracted/plantwild/images/tomato early blight/google_0050.jpg,Tomato___Early_blight,Tomato___Leaf_Mold,0.498572
plantwild/extracted/plantwild/images/tomato early blight/google_0052.jpg,Tomato___Early_blight,Tomato___Early_blight,0.797257
plantwild/extracted/plantwild/images/tomato early blight/google_0053.jpg,Tomato___Early_blight,Tomato___Early_blight,0.916930
plantwild/extracted/plantwild/images/tomato early blight/google_0054.jpg,Tomato___Early_blight,Tomato___Late_blight,0.552365
plantwild/extracted/plantwild/images/tomato early blight/google_0055.jpg,Tomato___Early_blight,Potato___Early_blight,0.918323
plantwild/extracted/plantwild/images/tomato early blight/google_0056.jpg,Tomato___Early_blight,"Pepper,_bell___healthy",0.809752
plantwild/extracted/plantwild/images/tomato early blight/google_0057.jpg,Tomato___Early_blight,Corn___Northern_Leaf_Blight,0.933618
plantwild/extracted/plantwild/images/tomato early blight/google_0058.jpg,Tomato___Early_blight,"Pepper,_bell___healthy",0.490142
plantwild/extracted/plantwild/images/tomato early blight/google_0059.jpg,Tomato___Early_blight,Tomato___Early_blight,0.922136
plantwild/extracted/plantwild/images/tomato early blight/google_0060.jpg,Tomato___Early_blight,"Pepper,_bell___healthy",0.560146
plantwild/extracted/plantwild/images/tomato early blight/google_0061.jpg,Tomato___Early_blight,"Pepper,_bell___healthy",0.919845
plantwild/extracted/plantwild/images/tomato early blight/google_0062.jpg,Tomato___Early_blight,Strawberry___Leaf_scorch,0.499005
plantwild/extracted/plantwild/images/tomato early blight/google_0065.jpg,Tomato___Early_blight,Tomato___Spider_mites Two-spotted_spider_mite,0.156483
plantwild/extracted/plantwild/images/tomato early blight/google_0066.jpg,Tomato___Early_blight,Strawberry___Leaf_scorch,0.303483
plantwild/extracted/plantwild/images/tomato early blight/google_0068.jpg,Tomato___Early_blight,Potato___Early_blight,0.321378
plantwild/extracted/plantwild/images/tomato early blight/google_0069.jpg,Tomato___Early_blight,"Pepper,_bell___healthy",0.561382
plantwild/extracted/plantwild/images/tomato early blight/google_0070.jpg,Tomato___Early_blight,Cherry___healthy,0.568310
plantwild/extracted/plantwild/images/tomato early blight/google_0071.jpg,Tomato___Early_blight,Tomato___Leaf_Mold,0.845292
plantwild/extracted/plantwild/images/tomato early blight/google_0073.jpg,Tomato___Early_blight,"Pepper,_bell___healthy",0.831664
plantwild/extracted/plantwild/images/tomato early blight/google_0074.jpg,Tomato___Early_blight,Strawberry___Leaf_scorch,0.964058
plantwild/extracted/plantwild/images/tomato early blight/google_0076.jpg,Tomato___Early_blight,"Pepper,_bell___healthy",0.650222
plantwild/extracted/plantwild/images/tomato early blight/google_0077.jpg,Tomato___Early_blight,Tomato___Early_blight,0.966902
plantwild/extracted/plantwild/images/tomato early blight/google_0080.jpg,Tomato___Early_blight,Tomato___Early_blight,0.530962
plantwild/extracted/plantwild/images/tomato early blight/google_0081.jpg,Tomato___Early_blight,Tomato___Late_blight,0.850287
plantwild/extracted/plantwild/images/tomato early blight/google_0083.jpg,Tomato___Early_blight,"Pepper,_bell___healthy",0.950939
plantwild/extracted/plantwild/images/tomato early blight/google_0087.jpg,Tomato___Early_blight,Tomato___Late_blight,0.811355
plantwild/extracted/plantwild/images/tomato early blight/google_0088.jpg,Tomato___Early_blight,"Pepper,_bell___healthy",0.464251
plantwild/extracted/plantwild/images/tomato early blight/google_0089.jpg,Tomato___Early_blight,Tomato___Early_blight,0.344613
plantwild/extracted/plantwild/images/tomato early blight/google_0091.jpg,Tomato___Early_blight,Corn___Common_rust,0.577795
plantwild/extracted/plantwild/images/tomato early blight/google_0093.jpg,Tomato___Early_blight,Squash___Powdery_mildew,0.397176
plantwild/extracted/plantwild/images/tomato early blight/google_0094.jpg,Tomato___Early_blight,Cherry___healthy,0.859873
plantwild/extracted/plantwild/images/tomato early blight/google_0095 - Copy.jpg,Tomato___Early_blight,Tomato___Septoria_leaf_spot,0.917917
plantwild/extracted/plantwild/images/tomato early blight/google_0095.jpg,Tomato___Early_blight,Tomato___Late_blight,0.971482
plantwild/extracted/plantwild/images/tomato early blight/google_0096.jpg,Tomato___Early_blight,Tomato___Early_blight,0.397970
plantwild/extracted/plantwild/images/tomato early blight/google_0098.jpg,Tomato___Early_blight,"Pepper,_bell___healthy",0.699789
plantwild/extracted/plantwild/images/tomato early blight/google_0099.jpg,Tomato___Early_blight,Tomato___Early_blight,0.959558
plantwild/extracted/plantwild/images/tomato early blight/google_0100.jpg,Tomato___Early_blight,"Pepper,_bell___healthy",0.744526
plantwild/extracted/plantwild/images/tomato early blight/google_0101.jpg,Tomato___Early_blight,Potato___Early_blight,0.557023
plantwild/extracted/plantwild/images/tomato early blight/google_0103.jpg,Tomato___Early_blight,"Pepper,_bell___healthy",0.894499
plantwild/extracted/plantwild/images/tomato early blight/google_0105.jpg,Tomato___Early_blight,Tomato___Early_blight,0.950312
plantwild/extracted/plantwild/images/tomato early blight/google_0106.jpg,Tomato___Early_blight,Tomato___Early_blight,0.647092
plantwild/extracted/plantwild/images/tomato early blight/google_0110.jpg,Tomato___Early_blight,Tomato___Early_blight,0.943909
plantwild/extracted/plantwild/images/tomato early blight/google_0111.jpg,Tomato___Early_blight,Corn___Northern_Leaf_Blight,0.703131
plantwild/extracted/plantwild/images/tomato early blight/google_0112.jpg,Tomato___Early_blight,Strawberry___Leaf_scorch,0.567284
plantwild/extracted/plantwild/images/tomato early blight/google_0117.jpg,Tomato___Early_blight,"Pepper,_bell___healthy",0.844291
plantwild/extracted/plantwild/images/tomato early blight/google_0119.jpg,Tomato___Early_blight,Potato___Early_blight,0.608848
plantwild/extracted/plantwild/images/tomato early blight/google_0120.jpg,Tomato___Early_blight,Strawberry___Leaf_scorch,0.887280
plantwild/extracted/plantwild/images/tomato early blight/google_0123.jpg,Tomato___Early_blight,"Pepper,_bell___healthy",0.960765
plantwild/extracted/plantwild/images/tomato early blight/google_0127.jpg,Tomato___Early_blight,"Pepper,_bell___healthy",0.678508
plantwild/extracted/plantwild/images/tomato early blight/google_0130.jpg,Tomato___Early_blight,Tomato___Early_blight,0.952240
plantwild/extracted/plantwild/images/tomato early blight/google_0131.jpg,Tomato___Early_blight,"Pepper,_bell___healthy",0.532894
plantwild/extracted/plantwild/images/tomato early blight/google_0132.jpg,Tomato___Early_blight,Tomato___Early_blight,0.917883
plantwild/extracted/plantwild/images/tomato early blight/google_0133.jpg,Tomato___Early_blight,Potato___Late_blight,0.304698
plantwild/extracted/plantwild/images/tomato early blight/google_0136.jpg,Tomato___Early_blight,Tomato___Early_blight,0.898862
plantwild/extracted/plantwild/images/tomato early blight/google_0137.jpg,Tomato___Early_blight,Potato___Early_blight,0.232521
plantwild/extracted/plantwild/images/tomato early blight/google_0138.jpg,Tomato___Early_blight,"Pepper,_bell___healthy",0.605378
plantwild/extracted/plantwild/images/tomato early blight/google_0139.jpg,Tomato___Early_blight,Strawberry___Leaf_scorch,0.605477
plantwild/extracted/plantwild/images/tomato early blight/google_0140.jpg,Tomato___Early_blight,"Pepper,_bell___healthy",0.954614
plantwild/extracted/plantwild/images/tomato early blight/google_0141.jpg,Tomato___Early_blight,Strawberry___Leaf_scorch,0.919074
plantwild/extracted/plantwild/images/tomato early blight/google_0143.jpg,Tomato___Early_blight,Cherry___healthy,0.933672
plantwild/extracted/plantwild/images/tomato early blight/google_0145.jpg,Tomato___Early_blight,Tomato___Late_blight,0.936348
plantwild/extracted/plantwild/images/tomato early blight/google_0146.jpg,Tomato___Early_blight,Tomato___Late_blight,0.262307
plantwild/extracted/plantwild/images/tomato early blight/google_0149.jpg,Tomato___Early_blight,Tomato___Early_blight,0.969162
plantwild/extracted/plantwild/images/tomato early blight/google_0152.jpg,Tomato___Early_blight,Potato___Early_blight,0.519022
plantwild/extracted/plantwild/images/tomato early blight/google_0154.jpg,Tomato___Early_blight,"Pepper,_bell___healthy",0.474604
plantwild/extracted/plantwild/images/tomato early blight/google_0157.jpg,Tomato___Early_blight,Cherry___healthy,0.725574
plantwild/extracted/plantwild/images/tomato early blight/google_0159.jpg,Tomato___Early_blight,Tomato___Septoria_leaf_spot,0.358409
plantwild/extracted/plantwild/images/tomato early blight/google_0160.jpg,Tomato___Early_blight,Tomato___Early_blight,0.886820
plantwild/extracted/plantwild/images/tomato early blight/google_0161.jpg,Tomato___Early_blight,Strawberry___Leaf_scorch,0.959792
plantwild/extracted/plantwild/images/tomato early blight/google_0163.jpg,Tomato___Early_blight,Tomato___Early_blight,0.617588
plantwild/extracted/plantwild/images/tomato early blight/google_0167.jpg,Tomato___Early_blight,"Pepper,_bell___healthy",0.835835
plantwild/extracted/plantwild/images/tomato early blight/google_0173.jpg,Tomato___Early_blight,"Pepper,_bell___healthy",0.376932
plantwild/extracted/plantwild/images/tomato early blight/google_0174.jpg,Tomato___Early_blight,Tomato___Late_blight,0.769570
plantwild/extracted/plantwild/images/tomato early blight/google_0177.jpg,Tomato___Early_blight,"Pepper,_bell___healthy",0.337059
plantwild/extracted/plantwild/images/tomato early blight/google_0178.jpg,Tomato___Early_blight,Potato___Late_blight,0.884600
plantwild/extracted/plantwild/images/tomato early blight/google_0179.jpg,Tomato___Early_blight,"Pepper,_bell___healthy",0.828593
plantwild/extracted/plantwild/images/tomato early blight/google_0181.jpg,Tomato___Early_blight,Strawberry___Leaf_scorch,0.623648
plantwild/extracted/plantwild/images/tomato early blight/google_0183.jpg,Tomato___Early_blight,"Pepper,_bell___healthy",0.926447
plantwild/extracted/plantwild/images/tomato early blight/google_0185.jpg,Tomato___Early_blight,Tomato___Early_blight,0.808101
plantwild/extracted/plantwild/images/tomato early blight/google_0187.jpg,Tomato___Early_blight,Cherry___healthy,0.915341
plantwild/extracted/plantwild/images/tomato early blight/google_0188.jpg,Tomato___Early_blight,"Pepper,_bell___healthy",0.893994
plantwild/extracted/plantwild/images/tomato early blight/google_0189.jpg,Tomato___Early_blight,Strawberry___Leaf_scorch,0.946763
plantwild/extracted/plantwild/images/tomato early blight/google_0192.jpg,Tomato___Early_blight,Tomato___Late_blight,0.967568
plantwild/extracted/plantwild/images/tomato early blight/google_0196.jpg,Tomato___Early_blight,Tomato___Late_blight,0.933599
plantwild/extracted/plantwild/images/tomato early blight/google_0198.jpg,Tomato___Early_blight,"Pepper,_bell___healthy",0.668878
plantwild/extracted/plantwild/images/tomato early blight/google_0200.jpg,Tomato___Early_blight,Tomato___Early_blight,0.307574
plantwild/extracted/plantwild/images/tomato early blight/google_0201.jpg,Tomato___Early_blight,"Pepper,_bell___healthy",0.763742
plantwild/extracted/plantwild/images/tomato early blight/google_0208.jpg,Tomato___Early_blight,Grape___Black_rot,0.909928
plantwild/extracted/plantwild/images/tomato early blight/google_0209.jpg,Tomato___Early_blight,Tomato___Late_blight,0.383250
plantwild/extracted/plantwild/images/tomato early blight/google_0210.jpg,Tomato___Early_blight,Tomato___Early_blight,0.957688
plantwild/extracted/plantwild/images/tomato early blight/google_0211.jpg,Tomato___Early_blight,"Pepper,_bell___healthy",0.453985
plantwild/extracted/plantwild/images/tomato early blight/google_0213.jpg,Tomato___Early_blight,"Pepper,_bell___healthy",0.923166
plantwild/extracted/plantwild/images/tomato early blight/google_0219.jpg,Tomato___Early_blight,Tomato___Early_blight,0.501496
plantwild/extracted/plantwild/images/tomato early blight/google_0220.jpg,Tomato___Early_blight,"Pepper,_bell___healthy",0.682478
plantwild/extracted/plantwild/images/tomato early blight/google_0221.jpg,Tomato___Early_blight,Potato___Early_blight,0.269344
plantwild/extracted/plantwild/images/tomato early blight/google_0223.jpg,Tomato___Early_blight,"Pepper,_bell___healthy",0.907694
plantwild/extracted/plantwild/images/tomato early blight/google_0224.jpg,Tomato___Early_blight,Tomato___Early_blight,0.492857
plantwild/extracted/plantwild/images/tomato early blight/google_0225.jpg,Tomato___Early_blight,Tomato___Early_blight,0.423297
plantwild/extracted/plantwild/images/tomato early blight/google_0226.jpg,Tomato___Early_blight,Tomato___Early_blight,0.812673
plantwild/extracted/plantwild/images/tomato early blight/google_0227.jpg,Tomato___Early_blight,"Pepper,_bell___healthy",0.603251
plantwild/extracted/plantwild/images/tomato early blight/google_0230.jpg,Tomato___Early_blight,Tomato___Early_blight,0.564066
plantwild/extracted/plantwild/images/tomato early blight/google_0233.jpg,Tomato___Early_blight,"Pepper,_bell___healthy",0.605802
plantwild/extracted/plantwild/images/tomato early blight/google_0235.jpg,Tomato___Early_blight,Tomato___Early_blight,0.625823
plantwild/extracted/plantwild/images/tomato early blight/google_0246.jpg,Tomato___Early_blight,"Pepper,_bell___healthy",0.722447
plantwild/extracted/plantwild/images/tomato early blight/google_0247.jpg,Tomato___Early_blight,"Pepper,_bell___healthy",0.744277
plantwild/extracted/plantwild/images/tomato early blight/google_0249.jpg,Tomato___Early_blight,Tomato___Early_blight,0.914677
plantwild/extracted/plantwild/images/tomato early blight/google_0250.jpg,Tomato___Early_blight,Tomato___Early_blight,0.964634
plantwild/extracted/plantwild/images/tomato early blight/google_0256.jpg,Tomato___Early_blight,Strawberry___Leaf_scorch,0.666003
plantwild/extracted/plantwild/images/tomato early blight/google_0258.jpg,Tomato___Early_blight,Strawberry___Leaf_scorch,0.624332
plantwild/extracted/plantwild/images/tomato early blight/google_0259.jpg,Tomato___Early_blight,Tomato___Late_blight,0.945210
plantwild/extracted/plantwild/images/tomato early blight/google_0260.jpg,Tomato___Early_blight,Tomato___Early_blight,0.966358
plantwild/extracted/plantwild/images/tomato early blight/google_0261.jpg,Tomato___Early_blight,Tomato___Early_blight,0.905954
plantwild/extracted/plantwild/images/tomato early blight/google_0264.jpg,Tomato___Early_blight,"Pepper,_bell___Bacterial_spot",0.969425
plantwild/extracted/plantwild/images/tomato early blight/google_0265.jpg,Tomato___Early_blight,"Pepper,_bell___healthy",0.581574
plantwild/extracted/plantwild/images/tomato early blight/google_0267.jpg,Tomato___Early_blight,Corn___Northern_Leaf_Blight,0.743189
plantwild/extracted/plantwild/images/tomato early blight/google_0268.jpg,Tomato___Early_blight,Strawberry___Leaf_scorch,0.949693
plantwild/extracted/plantwild/images/tomato early blight/google_0269.jpg,Tomato___Early_blight,Strawberry___Leaf_scorch,0.443777
plantwild/extracted/plantwild/images/tomato early blight/google_0270.jpg,Tomato___Early_blight,"Pepper,_bell___healthy",0.672494
plantwild/extracted/plantwild/images/tomato early blight/google_0271.jpg,Tomato___Early_blight,Tomato___Early_blight,0.961327
plantwild/extracted/plantwild/images/tomato early blight/google_0272.jpg,Tomato___Early_blight,"Pepper,_bell___healthy",0.965353
plantwild/extracted/plantwild/images/tomato early blight/google_0273.jpg,Tomato___Early_blight,Tomato___Early_blight,0.886410
plantwild/extracted/plantwild/images/tomato early blight/google_0274.jpg,Tomato___Early_blight,Strawberry___Leaf_scorch,0.764404
plantwild/extracted/plantwild/images/tomato early blight/google_0280.jpg,Tomato___Early_blight,Potato___Early_blight,0.399915
plantwild/extracted/plantwild/images/tomato early blight/google_0282.jpg,Tomato___Early_blight,Blueberry___healthy,0.318661
plantwild/extracted/plantwild/images/tomato early blight/google_0283.jpg,Tomato___Early_blight,Cherry___healthy,0.886733
plantwild/extracted/plantwild/images/tomato early blight/google_0284.jpg,Tomato___Early_blight,"Pepper,_bell___healthy",0.948361
plantwild/extracted/plantwild/images/tomato early blight/google_0287.jpg,Tomato___Early_blight,"Pepper,_bell___healthy",0.420012
plantwild/extracted/plantwild/images/tomato early blight/google_0288.jpg,Tomato___Early_blight,"Pepper,_bell___healthy",0.699433
plantwild/extracted/plantwild/images/tomato early blight/google_0290.jpg,Tomato___Early_blight,Cherry___healthy,0.725236
plantwild/extracted/plantwild/images/tomato early blight/google_0291.jpg,Tomato___Early_blight,Potato___Early_blight,0.524746
plantwild/extracted/plantwild/images/tomato early blight/google_0292.jpg,Tomato___Early_blight,"Pepper,_bell___healthy",0.763670
plantwild/extracted/plantwild/images/tomato early blight/google_0295.jpg,Tomato___Early_blight,Tomato___Late_blight,0.525159
plantwild/extracted/plantwild/images/tomato early blight/google_0298.jpg,Tomato___Early_blight,Tomato___Late_blight,0.971707
plantwild/extracted/plantwild/images/tomato early blight/google_0305.jpg,Tomato___Early_blight,Potato___Early_blight,0.509298
plantwild/extracted/plantwild/images/tomato early blight/google_0307.jpg,Tomato___Early_blight,Strawberry___Leaf_scorch,0.554766
plantwild/extracted/plantwild/images/tomato early blight/google_0309.jpg,Tomato___Early_blight,Tomato___Early_blight,0.552034
plantwild/extracted/plantwild/images/tomato early blight/google_0310.jpg,Tomato___Early_blight,Tomato___Early_blight,0.697948
plantwild/extracted/plantwild/images/tomato early blight/google_0315.jpg,Tomato___Early_blight,"Pepper,_bell___healthy",0.247898
plantwild/extracted/plantwild/images/tomato early blight/google_0317.jpg,Tomato___Early_blight,"Pepper,_bell___healthy",0.883160
plantwild/extracted/plantwild/images/tomato early blight/google_0319.jpg,Tomato___Early_blight,Corn___healthy,0.195891
plantwild/extracted/plantwild/images/tomato early blight/google_0322.jpg,Tomato___Early_blight,Tomato___Early_blight,0.253252
plantwild/extracted/plantwild/images/tomato early blight/google_0326.jpg,Tomato___Early_blight,Tomato___Late_blight,0.606988
plantwild/extracted/plantwild/images/tomato early blight/google_0328.jpg,Tomato___Early_blight,"Pepper,_bell___healthy",0.963600
plantwild/extracted/plantwild/images/tomato early blight/google_0332.jpg,Tomato___Early_blight,"Pepper,_bell___healthy",0.834636
plantwild/extracted/plantwild/images/tomato early blight/google_0334.jpg,Tomato___Early_blight,Tomato___Late_blight,0.970684
plantwild/extracted/plantwild/images/tomato early blight/google_0340.jpg,Tomato___Early_blight,"Pepper,_bell___healthy",0.766278
plantwild/extracted/plantwild/images/tomato early blight/google_0341.jpg,Tomato___Early_blight,Cherry___healthy,0.381351
plantwild/extracted/plantwild/images/tomato early blight/google_0343.jpg,Tomato___Early_blight,"Pepper,_bell___Bacterial_spot",0.935376
plantwild/extracted/plantwild/images/tomato early blight/google_0344.jpg,Tomato___Early_blight,"Pepper,_bell___healthy",0.503133
plantwild/extracted/plantwild/images/tomato early blight/google_0345.jpg,Tomato___Early_blight,Corn___Northern_Leaf_Blight,0.857469
plantwild/extracted/plantwild/images/tomato early blight/google_0347.jpg,Tomato___Early_blight,Tomato___Early_blight,0.966534
plantwild/extracted/plantwild/images/tomato early blight/google_0349.jpg,Tomato___Early_blight,Potato___Early_blight,0.844227
plantwild/extracted/plantwild/images/tomato early blight/google_0350.jpg,Tomato___Early_blight,"Pepper,_bell___healthy",0.906690
plantwild/extracted/plantwild/images/tomato early blight/google_0353.jpg,Tomato___Early_blight,Corn___Northern_Leaf_Blight,0.522354
plantwild/extracted/plantwild/images/tomato early blight/google_0354.jpg,Tomato___Early_blight,Tomato___Early_blight,0.966858
plantwild/extracted/plantwild/images/tomato early blight/google_0355.jpg,Tomato___Early_blight,Strawberry___Leaf_scorch,0.650190
plantwild/extracted/plantwild/images/tomato early blight/google_0356.jpg,Tomato___Early_blight,Cherry___healthy,0.400878
plantwild/extracted/plantwild/images/tomato early blight/google_0357.jpg,Tomato___Early_blight,Tomato___Leaf_Mold,0.969173
plantwild/extracted/plantwild/images/tomato early blight/google_0358.jpg,Tomato___Early_blight,Tomato___Early_blight,0.176883
plantwild/extracted/plantwild/images/tomato early blight/google_0362.jpg,Tomato___Early_blight,Potato___Early_blight,0.448633
plantwild/extracted/plantwild/images/tomato early blight/google_0366.jpg,Tomato___Early_blight,"Pepper,_bell___healthy",0.600006
plantwild/extracted/plantwild/images/tomato early blight/google_0372.jpg,Tomato___Early_blight,Tomato___Late_blight,0.435530
plantwild/extracted/plantwild/images/tomato early blight/google_0373.jpg,Tomato___Early_blight,"Pepper,_bell___healthy",0.960279
plantwild/extracted/plantwild/images/tomato early blight/google_0374.jpg,Tomato___Early_blight,Tomato___Early_blight,0.937824
plantwild/extracted/plantwild/images/tomato early blight/google_0383.jpg,Tomato___Early_blight,"Pepper,_bell___healthy",0.367682
plantwild/extracted/plantwild/images/tomato early blight/google_0386.jpg,Tomato___Early_blight,Tomato___Early_blight,0.963185
plantwild/extracted/plantwild/images/tomato early blight/google_0387.jpg,Tomato___Early_blight,Tomato___Late_blight,0.463890
plantwild/extracted/plantwild/images/tomato early blight/google_0390.jpg,Tomato___Early_blight,Tomato___Early_blight,0.643231
plantwild/extracted/plantwild/images/tomato early blight/google_0393.jpg,Tomato___Early_blight,Tomato___Early_blight,0.625594
plantwild/extracted/plantwild/images/tomato early blight/google_0394.jpg,Tomato___Early_blight,Tomato___Late_blight,0.962698
plantwild/extracted/plantwild/images/tomato early blight/google_0397.jpg,Tomato___Early_blight,Tomato___Early_blight,0.884605
plantwild/extracted/plantwild/images/tomato early blight/google_0400.jpg,Tomato___Early_blight,"Pepper,_bell___healthy",0.543827
plantwild/extracted/plantwild/images/tomato early blight/google_0404.jpg,Tomato___Early_blight,Tomato___Late_blight,0.951382
plantwild/extracted/plantwild/images/tomato early blight/google_0406.jpg,Tomato___Early_blight,Squash___Powdery_mildew,0.446151
plantwild/extracted/plantwild/images/tomato early blight/google_0411.jpg,Tomato___Early_blight,Tomato___Early_blight,0.968370
plantwild/extracted/plantwild/images/tomato early blight/google_0414.jpg,Tomato___Early_blight,"Pepper,_bell___healthy",0.527732
plantwild/extracted/plantwild/images/tomato early blight/google_0422.jpg,Tomato___Early_blight,Tomato___Early_blight,0.969766
plantwild/extracted/plantwild/images/tomato early blight/google_0427.jpg,Tomato___Early_blight,Cherry___healthy,0.732995
plantwild/extracted/plantwild/images/tomato early blight/google_0432.jpg,Tomato___Early_blight,Tomato___Late_blight,0.929928
plantwild/extracted/plantwild/images/tomato late blight/10.jpg,Tomato___Late_blight,"Pepper,_bell___healthy",0.903002
plantwild/extracted/plantwild/images/tomato late blight/100.jpg,Tomato___Late_blight,Tomato___Late_blight,0.806363
plantwild/extracted/plantwild/images/tomato late blight/101.jpg,Tomato___Late_blight,Strawberry___Leaf_scorch,0.696576
plantwild/extracted/plantwild/images/tomato late blight/102.jpg,Tomato___Late_blight,Tomato___Early_blight,0.938642
plantwild/extracted/plantwild/images/tomato late blight/103.jpg,Tomato___Late_blight,Tomato___Late_blight,0.367280
plantwild/extracted/plantwild/images/tomato late blight/104.jpg,Tomato___Late_blight,Tomato___Late_blight,0.963303
plantwild/extracted/plantwild/images/tomato late blight/107.jpg,Tomato___Late_blight,Tomato___Late_blight,0.569416
plantwild/extracted/plantwild/images/tomato late blight/108.jpg,Tomato___Late_blight,Strawberry___Leaf_scorch,0.429506
plantwild/extracted/plantwild/images/tomato late blight/109.jpg,Tomato___Late_blight,Corn___healthy,0.520783
plantwild/extracted/plantwild/images/tomato late blight/11.jpg,Tomato___Late_blight,Corn___Northern_Leaf_Blight,0.819632
plantwild/extracted/plantwild/images/tomato late blight/113.jpg,Tomato___Late_blight,Tomato___Late_blight,0.954708
plantwild/extracted/plantwild/images/tomato late blight/12.jpg,Tomato___Late_blight,"Pepper,_bell___healthy",0.898198
plantwild/extracted/plantwild/images/tomato late blight/120.jpg,Tomato___Late_blight,"Pepper,_bell___healthy",0.753829
plantwild/extracted/plantwild/images/tomato late blight/121.jpg,Tomato___Late_blight,Tomato___Early_blight,0.934252
plantwild/extracted/plantwild/images/tomato late blight/122.jpg,Tomato___Late_blight,Tomato___Late_blight,0.375156
plantwild/extracted/plantwild/images/tomato late blight/127.jpg,Tomato___Late_blight,Tomato___Early_blight,0.494253
plantwild/extracted/plantwild/images/tomato late blight/13.jpg,Tomato___Late_blight,Strawberry___Leaf_scorch,0.925019
plantwild/extracted/plantwild/images/tomato late blight/130 - Copy (2).jpg,Tomato___Late_blight,Strawberry___Leaf_scorch,0.626633
plantwild/extracted/plantwild/images/tomato late blight/130 - Copy.jpg,Tomato___Late_blight,Tomato___Late_blight,0.967582
plantwild/extracted/plantwild/images/tomato late blight/130.jpg,Tomato___Late_blight,"Pepper,_bell___healthy",0.650898
plantwild/extracted/plantwild/images/tomato late blight/134.jpg,Tomato___Late_blight,Tomato___Late_blight,0.953264
plantwild/extracted/plantwild/images/tomato late blight/135.jpg,Tomato___Late_blight,Tomato___Late_blight,0.944494
plantwild/extracted/plantwild/images/tomato late blight/136.jpg,Tomato___Late_blight,Cherry___healthy,0.290863
plantwild/extracted/plantwild/images/tomato late blight/137.jpg,Tomato___Late_blight,Tomato___Late_blight,0.969534
plantwild/extracted/plantwild/images/tomato late blight/14.jpg,Tomato___Late_blight,Cherry___healthy,0.524938
plantwild/extracted/plantwild/images/tomato late blight/142.jpg,Tomato___Late_blight,Strawberry___Leaf_scorch,0.964362
plantwild/extracted/plantwild/images/tomato late blight/143.jpg,Tomato___Late_blight,"Pepper,_bell___healthy",0.705232
plantwild/extracted/plantwild/images/tomato late blight/147.jpg,Tomato___Late_blight,Cherry___healthy,0.716687
plantwild/extracted/plantwild/images/tomato late blight/149.jpg,Tomato___Late_blight,Strawberry___Leaf_scorch,0.935654
plantwild/extracted/plantwild/images/tomato late blight/159.jpg,Tomato___Late_blight,Corn___Cercospora_leaf_spot Gray_leaf_spot,0.892785
plantwild/extracted/plantwild/images/tomato late blight/16.jpg,Tomato___Late_blight,Tomato___Late_blight,0.760131
plantwild/extracted/plantwild/images/tomato late blight/160.jpg,Tomato___Late_blight,Cherry___healthy,0.874994
plantwild/extracted/plantwild/images/tomato late blight/162.jpg,Tomato___Late_blight,Tomato___Late_blight,0.926433
plantwild/extracted/plantwild/images/tomato late blight/163.jpg,Tomato___Late_blight,Tomato___Late_blight,0.677284
plantwild/extracted/plantwild/images/tomato late blight/166.jpg,Tomato___Late_blight,Tomato___Late_blight,0.916075
plantwild/extracted/plantwild/images/tomato late blight/167.jpg,Tomato___Late_blight,Tomato___Late_blight,0.962954
plantwild/extracted/plantwild/images/tomato late blight/168.jpg,Tomato___Late_blight,"Pepper,_bell___healthy",0.375432
plantwild/extracted/plantwild/images/tomato late blight/17.jpg,Tomato___Late_blight,Cherry___healthy,0.880167
plantwild/extracted/plantwild/images/tomato late blight/170.jpg,Tomato___Late_blight,Tomato___Early_blight,0.792320
plantwild/extracted/plantwild/images/tomato late blight/171.jpg,Tomato___Late_blight,Tomato___Early_blight,0.644703
plantwild/extracted/plantwild/images/tomato late blight/172.jpg,Tomato___Late_blight,Cherry___healthy,0.393806
plantwild/extracted/plantwild/images/tomato late blight/173.jpg,Tomato___Late_blight,Corn___healthy,0.939506
plantwild/extracted/plantwild/images/tomato late blight/175.jpg,Tomato___Late_blight,Tomato___Late_blight,0.962644
plantwild/extracted/plantwild/images/tomato late blight/177.jpg,Tomato___Late_blight,Tomato___Early_blight,0.300126
plantwild/extracted/plantwild/images/tomato late blight/179.jpg,Tomato___Late_blight,Tomato___Late_blight,0.961745
plantwild/extracted/plantwild/images/tomato late blight/18.jpg,Tomato___Late_blight,"Pepper,_bell___healthy",0.739950
plantwild/extracted/plantwild/images/tomato late blight/180.jpg,Tomato___Late_blight,Tomato___Early_blight,0.590543
plantwild/extracted/plantwild/images/tomato late blight/181.jpg,Tomato___Late_blight,Strawberry___Leaf_scorch,0.666613
plantwild/extracted/plantwild/images/tomato late blight/182.jpg,Tomato___Late_blight,Strawberry___Leaf_scorch,0.431006
plantwild/extracted/plantwild/images/tomato late blight/185 - Copy.jpg,Tomato___Late_blight,Tomato___Late_blight,0.966532
plantwild/extracted/plantwild/images/tomato late blight/185.jpg,Tomato___Late_blight,Potato___Late_blight,0.840742
plantwild/extracted/plantwild/images/tomato late blight/186.jpg,Tomato___Late_blight,Strawberry___Leaf_scorch,0.767217
plantwild/extracted/plantwild/images/tomato late blight/189.jpg,Tomato___Late_blight,Tomato___Early_blight,0.854608
plantwild/extracted/plantwild/images/tomato late blight/19.jpg,Tomato___Late_blight,Tomato___Late_blight,0.960192
plantwild/extracted/plantwild/images/tomato late blight/190.jpg,Tomato___Late_blight,Tomato___Late_blight,0.380930
plantwild/extracted/plantwild/images/tomato late blight/192.jpg,Tomato___Late_blight,"Pepper,_bell___healthy",0.232602
plantwild/extracted/plantwild/images/tomato late blight/196.jpg,Tomato___Late_blight,Tomato___Late_blight,0.926933
plantwild/extracted/plantwild/images/tomato late blight/197.jpg,Tomato___Late_blight,Tomato___Early_blight,0.473960
plantwild/extracted/plantwild/images/tomato late blight/198.jpg,Tomato___Late_blight,Tomato___Late_blight,0.510941
plantwild/extracted/plantwild/images/tomato late blight/199.jpg,Tomato___Late_blight,Tomato___Late_blight,0.493916
plantwild/extracted/plantwild/images/tomato late blight/200.jpg,Tomato___Late_blight,"Pepper,_bell___healthy",0.441531
plantwild/extracted/plantwild/images/tomato late blight/201.jpg,Tomato___Late_blight,Tomato___Early_blight,0.494239
plantwild/extracted/plantwild/images/tomato late blight/203.jpg,Tomato___Late_blight,Grape___Black_rot,0.387442
plantwild/extracted/plantwild/images/tomato late blight/204.jpg,Tomato___Late_blight,Tomato___Late_blight,0.819472
plantwild/extracted/plantwild/images/tomato late blight/205.jpg,Tomato___Late_blight,Tomato___Early_blight,0.843206
plantwild/extracted/plantwild/images/tomato late blight/207.jpg,Tomato___Late_blight,Corn___Northern_Leaf_Blight,0.805598
plantwild/extracted/plantwild/images/tomato late blight/209.jpg,Tomato___Late_blight,Squash___Powdery_mildew,0.358578
plantwild/extracted/plantwild/images/tomato late blight/212.jpg,Tomato___Late_blight,Tomato___Late_blight,0.857578
plantwild/extracted/plantwild/images/tomato late blight/216.jpg,Tomato___Late_blight,"Pepper,_bell___healthy",0.765433
plantwild/extracted/plantwild/images/tomato late blight/217.jpg,Tomato___Late_blight,Tomato___Late_blight,0.953996
plantwild/extracted/plantwild/images/tomato late blight/22.jpg,Tomato___Late_blight,Tomato___Early_blight,0.923049
plantwild/extracted/plantwild/images/tomato late blight/220.jpg,Tomato___Late_blight,Strawberry___Leaf_scorch,0.261991
plantwild/extracted/plantwild/images/tomato late blight/223.jpg,Tomato___Late_blight,Tomato___Late_blight,0.966757
plantwild/extracted/plantwild/images/tomato late blight/224.jpg,Tomato___Late_blight,Tomato___Late_blight,0.964345
plantwild/extracted/plantwild/images/tomato late blight/226 - Copy (2).jpg,Tomato___Late_blight,Corn___Northern_Leaf_Blight,0.904066
plantwild/extracted/plantwild/images/tomato late blight/226 - Copy (3).jpg,Tomato___Late_blight,Tomato___Late_blight,0.780971
plantwild/extracted/plantwild/images/tomato late blight/226 - Copy.jpg,Tomato___Late_blight,Strawberry___Leaf_scorch,0.828232
plantwild/extracted/plantwild/images/tomato late blight/226.jpg,Tomato___Late_blight,Blueberry___healthy,0.784983
plantwild/extracted/plantwild/images/tomato late blight/228.jpg,Tomato___Late_blight,Strawberry___Leaf_scorch,0.957800
plantwild/extracted/plantwild/images/tomato late blight/233.jpg,Tomato___Late_blight,Tomato___Late_blight,0.548401
plantwild/extracted/plantwild/images/tomato late blight/234.jpg,Tomato___Late_blight,Tomato___Late_blight,0.965100
plantwild/extracted/plantwild/images/tomato late blight/238.jpg,Tomato___Late_blight,Corn___healthy,0.286890
plantwild/extracted/plantwild/images/tomato late blight/24.jpg,Tomato___Late_blight,Tomato___Late_blight,0.966932
plantwild/extracted/plantwild/images/tomato late blight/246.jpg,Tomato___Late_blight,Tomato___Late_blight,0.964313
plantwild/extracted/plantwild/images/tomato late blight/25.jpg,Tomato___Late_blight,Tomato___Late_blight,0.968591
plantwild/extracted/plantwild/images/tomato late blight/3.jpg,Tomato___Late_blight,Tomato___Late_blight,0.787236
plantwild/extracted/plantwild/images/tomato late blight/30.jpg,Tomato___Late_blight,Strawberry___Leaf_scorch,0.707773
plantwild/extracted/plantwild/images/tomato late blight/31.jpg,Tomato___Late_blight,Strawberry___Leaf_scorch,0.571648
plantwild/extracted/plantwild/images/tomato late blight/32.jpg,Tomato___Late_blight,Cherry___healthy,0.956963
plantwild/extracted/plantwild/images/tomato late blight/33.jpg,Tomato___Late_blight,Tomato___Late_blight,0.863750
plantwild/extracted/plantwild/images/tomato late blight/35.jpg,Tomato___Late_blight,Tomato___Late_blight,0.947795
plantwild/extracted/plantwild/images/tomato late blight/36.jpg,Tomato___Late_blight,Tomato___Late_blight,0.969251
plantwild/extracted/plantwild/images/tomato late blight/39.jpg,Tomato___Late_blight,Tomato___Late_blight,0.560427
plantwild/extracted/plantwild/images/tomato late blight/4.jpg,Tomato___Late_blight,Tomato___Early_blight,0.812449
plantwild/extracted/plantwild/images/tomato late blight/40.jpg,Tomato___Late_blight,Tomato___Late_blight,0.351524
plantwild/extracted/plantwild/images/tomato late blight/41.jpg,Tomato___Late_blight,"Pepper,_bell___healthy",0.781931
plantwild/extracted/plantwild/images/tomato late blight/42.jpg,Tomato___Late_blight,"Pepper,_bell___healthy",0.375286
plantwild/extracted/plantwild/images/tomato late blight/44.jpg,Tomato___Late_blight,Tomato___Late_blight,0.947662
plantwild/extracted/plantwild/images/tomato late blight/47.jpg,Tomato___Late_blight,"Pepper,_bell___healthy",0.963281
plantwild/extracted/plantwild/images/tomato late blight/48.jpg,Tomato___Late_blight,Strawberry___Leaf_scorch,0.646143
plantwild/extracted/plantwild/images/tomato late blight/5.jpg,Tomato___Late_blight,Strawberry___Leaf_scorch,0.916539
plantwild/extracted/plantwild/images/tomato late blight/50.jpg,Tomato___Late_blight,Tomato___Late_blight,0.652149
plantwild/extracted/plantwild/images/tomato late blight/51.jpg,Tomato___Late_blight,Tomato___Late_blight,0.968376
plantwild/extracted/plantwild/images/tomato late blight/54.jpg,Tomato___Late_blight,Cherry___healthy,0.931690
plantwild/extracted/plantwild/images/tomato late blight/56.jpg,Tomato___Late_blight,"Pepper,_bell___healthy",0.435405
plantwild/extracted/plantwild/images/tomato late blight/57.jpg,Tomato___Late_blight,Tomato___Late_blight,0.970037
plantwild/extracted/plantwild/images/tomato late blight/58.jpg,Tomato___Late_blight,"Pepper,_bell___healthy",0.318303
plantwild/extracted/plantwild/images/tomato late blight/6.jpg,Tomato___Late_blight,Strawberry___Leaf_scorch,0.875056
plantwild/extracted/plantwild/images/tomato late blight/60.jpg,Tomato___Late_blight,Strawberry___Leaf_scorch,0.785434
plantwild/extracted/plantwild/images/tomato late blight/61.jpg,Tomato___Late_blight,Tomato___Late_blight,0.951418
plantwild/extracted/plantwild/images/tomato late blight/65 - Copy.jpg,Tomato___Late_blight,Tomato___Late_blight,0.961103
plantwild/extracted/plantwild/images/tomato late blight/65.jpg,Tomato___Late_blight,Tomato___Late_blight,0.968894
plantwild/extracted/plantwild/images/tomato late blight/66.jpg,Tomato___Late_blight,Tomato___Late_blight,0.958457
plantwild/extracted/plantwild/images/tomato late blight/67 - Copy.jpg,Tomato___Late_blight,Tomato___Late_blight,0.744335
plantwild/extracted/plantwild/images/tomato late blight/68.jpg,Tomato___Late_blight,Tomato___Late_blight,0.964160
plantwild/extracted/plantwild/images/tomato late blight/69.jpg,Tomato___Late_blight,Tomato___Early_blight,0.936880
plantwild/extracted/plantwild/images/tomato late blight/7.jpg,Tomato___Late_blight,Tomato___Late_blight,0.959967
plantwild/extracted/plantwild/images/tomato late blight/70.jpg,Tomato___Late_blight,Strawberry___Leaf_scorch,0.894031
plantwild/extracted/plantwild/images/tomato late blight/73.jpg,Tomato___Late_blight,Tomato___Early_blight,0.875794
plantwild/extracted/plantwild/images/tomato late blight/74.jpg,Tomato___Late_blight,Cherry___healthy,0.494909
plantwild/extracted/plantwild/images/tomato late blight/75.jpg,Tomato___Late_blight,Tomato___Late_blight,0.963979
plantwild/extracted/plantwild/images/tomato late blight/76.jpg,Tomato___Late_blight,Tomato___Late_blight,0.917048
plantwild/extracted/plantwild/images/tomato late blight/77.jpg,Tomato___Late_blight,Strawberry___Leaf_scorch,0.948821
plantwild/extracted/plantwild/images/tomato late blight/78.jpg,Tomato___Late_blight,Strawberry___Leaf_scorch,0.855566
plantwild/extracted/plantwild/images/tomato late blight/79.jpg,Tomato___Late_blight,Squash___Powdery_mildew,0.372699
plantwild/extracted/plantwild/images/tomato late blight/8.jpg,Tomato___Late_blight,"Pepper,_bell___healthy",0.682692
plantwild/extracted/plantwild/images/tomato late blight/81.jpg,Tomato___Late_blight,Corn___healthy,0.701322
plantwild/extracted/plantwild/images/tomato late blight/83.jpg,Tomato___Late_blight,"Pepper,_bell___healthy",0.825653
plantwild/extracted/plantwild/images/tomato late blight/84.jpg,Tomato___Late_blight,Tomato___Late_blight,0.965990
plantwild/extracted/plantwild/images/tomato late blight/85.jpg,Tomato___Late_blight,Strawberry___Leaf_scorch,0.553726
plantwild/extracted/plantwild/images/tomato late blight/86 - Copy.jpg,Tomato___Late_blight,Blueberry___healthy,0.302611
plantwild/extracted/plantwild/images/tomato late blight/86.jpg,Tomato___Late_blight,Corn___healthy,0.259161
plantwild/extracted/plantwild/images/tomato late blight/89.jpg,Tomato___Late_blight,Strawberry___Leaf_scorch,0.666427
plantwild/extracted/plantwild/images/tomato late blight/9.jpg,Tomato___Late_blight,"Pepper,_bell___healthy",0.361425
plantwild/extracted/plantwild/images/tomato late blight/90.jpg,Tomato___Late_blight,Tomato___Early_blight,0.933874
plantwild/extracted/plantwild/images/tomato late blight/96.jpg,Tomato___Late_blight,Strawberry___Leaf_scorch,0.962873
plantwild/extracted/plantwild/images/tomato late blight/98.jpg,Tomato___Late_blight,Strawberry___Leaf_scorch,0.951702
plantwild/extracted/plantwild/images/tomato late blight/99.jpg,Tomato___Late_blight,Tomato___Late_blight,0.730553
plantwild/extracted/plantwild/images/tomato late blight/add (1).jpg,Tomato___Late_blight,Tomato___Late_blight,0.967745
plantwild/extracted/plantwild/images/tomato late blight/add (12).jpg,Tomato___Late_blight,Tomato___Late_blight,0.677284
plantwild/extracted/plantwild/images/tomato late blight/add (13).jpg,Tomato___Late_blight,Tomato___Late_blight,0.489134
plantwild/extracted/plantwild/images/tomato late blight/add (14).jpg,Tomato___Late_blight,Strawberry___Leaf_scorch,0.261991
plantwild/extracted/plantwild/images/tomato late blight/add (15).jpg,Tomato___Late_blight,"Pepper,_bell___healthy",0.353314
plantwild/extracted/plantwild/images/tomato late blight/add (2).jpg,Tomato___Late_blight,Tomato___Early_blight,0.934252
plantwild/extracted/plantwild/images/tomato late blight/add (3).jpg,Tomato___Late_blight,Potato___Early_blight,0.200584
plantwild/extracted/plantwild/images/tomato late blight/add (4).jpg,Tomato___Late_blight,Tomato___Late_blight,0.926433
plantwild/extracted/plantwild/images/tomato late blight/add (5).jpg,Tomato___Late_blight,Tomato___Late_blight,0.945124
plantwild/extracted/plantwild/images/tomato late blight/add (6).jpg,Tomato___Late_blight,Tomato___Early_blight,0.848902
plantwild/extracted/plantwild/images/tomato late blight/add (8).jpg,Tomato___Late_blight,Squash___Powdery_mildew,0.430613
plantwild/extracted/plantwild/images/tomato late blight/add (9).jpg,Tomato___Late_blight,Tomato___Late_blight,0.569416
plantwild/extracted/plantwild/images/tomato late blight/google_0000.jpg,Tomato___Late_blight,"Pepper,_bell___healthy",0.623549
plantwild/extracted/plantwild/images/tomato late blight/google_0001.jpg,Tomato___Late_blight,"Pepper,_bell___healthy",0.954367
plantwild/extracted/plantwild/images/tomato late blight/google_0005.jpg,Tomato___Late_blight,Tomato___Early_blight,0.686173
plantwild/extracted/plantwild/images/tomato late blight/google_0007.jpg,Tomato___Late_blight,"Pepper,_bell___healthy",0.959057
plantwild/extracted/plantwild/images/tomato late blight/google_0008.jpg,Tomato___Late_blight,"Pepper,_bell___healthy",0.855717
plantwild/extracted/plantwild/images/tomato late blight/google_0009.jpg,Tomato___Late_blight,Tomato___Late_blight,0.947455
plantwild/extracted/plantwild/images/tomato late blight/google_0012.jpg,Tomato___Late_blight,Corn___Common_rust,0.562729
plantwild/extracted/plantwild/images/tomato late blight/google_0013.jpg,Tomato___Late_blight,Tomato___Early_blight,0.882781
plantwild/extracted/plantwild/images/tomato late blight/google_0015.jpg,Tomato___Late_blight,"Pepper,_bell___healthy",0.486134
plantwild/extracted/plantwild/images/tomato late blight/google_0016.jpg,Tomato___Late_blight,Tomato___Late_blight,0.945183
plantwild/extracted/plantwild/images/tomato late blight/google_0018.jpg,Tomato___Late_blight,Tomato___Late_blight,0.967495
plantwild/extracted/plantwild/images/tomato late blight/google_0021.jpg,Tomato___Late_blight,"Pepper,_bell___healthy",0.942928
plantwild/extracted/plantwild/images/tomato late blight/google_0022.jpg,Tomato___Late_blight,"Pepper,_bell___healthy",0.888585
plantwild/extracted/plantwild/images/tomato late blight/google_0023.jpg,Tomato___Late_blight,"Pepper,_bell___healthy",0.780778
plantwild/extracted/plantwild/images/tomato late blight/google_0024.jpg,Tomato___Late_blight,Tomato___Early_blight,0.687715
plantwild/extracted/plantwild/images/tomato late blight/google_0031.jpg,Tomato___Late_blight,"Pepper,_bell___healthy",0.939105
plantwild/extracted/plantwild/images/tomato late blight/google_0032.jpg,Tomato___Late_blight,Tomato___Late_blight,0.970448
plantwild/extracted/plantwild/images/tomato late blight/google_0035.jpg,Tomato___Late_blight,"Pepper,_bell___healthy",0.914881
plantwild/extracted/plantwild/images/tomato late blight/google_0041.jpg,Tomato___Late_blight,"Pepper,_bell___healthy",0.579975
plantwild/extracted/plantwild/images/tomato late blight/google_0043.jpg,Tomato___Late_blight,Tomato___Late_blight,0.960634
plantwild/extracted/plantwild/images/tomato late blight/google_0044.jpg,Tomato___Late_blight,Strawberry___Leaf_scorch,0.794895
plantwild/extracted/plantwild/images/tomato late blight/google_0045.jpg,Tomato___Late_blight,"Pepper,_bell___healthy",0.826512
plantwild/extracted/plantwild/images/tomato late blight/google_0048.jpg,Tomato___Late_blight,"Pepper,_bell___Bacterial_spot",0.315032
plantwild/extracted/plantwild/images/tomato late blight/google_0050.jpg,Tomato___Late_blight,"Pepper,_bell___healthy",0.549030
plantwild/extracted/plantwild/images/tomato late blight/google_0056.jpg,Tomato___Late_blight,Tomato___Late_blight,0.435530
plantwild/extracted/plantwild/images/tomato late blight/google_0057.jpg,Tomato___Late_blight,Strawberry___Leaf_scorch,0.503655
plantwild/extracted/plantwild/images/tomato late blight/google_0058.jpg,Tomato___Late_blight,"Pepper,_bell___healthy",0.773374
plantwild/extracted/plantwild/images/tomato late blight/google_0059.jpg,Tomato___Late_blight,"Pepper,_bell___healthy",0.218402
plantwild/extracted/plantwild/images/tomato late blight/google_0062.jpg,Tomato___Late_blight,"Pepper,_bell___healthy",0.746614
plantwild/extracted/plantwild/images/tomato late blight/google_0063.jpg,Tomato___Late_blight,Cherry___healthy,0.900497
plantwild/extracted/plantwild/images/tomato late blight/google_0065 - Copy.jpg,Tomato___Late_blight,Tomato___Late_blight,0.963778
plantwild/extracted/plantwild/images/tomato late blight/google_0065.jpg,Tomato___Late_blight,Tomato___Late_blight,0.967441
plantwild/extracted/plantwild/images/tomato late blight/google_0066.jpg,Tomato___Late_blight,"Pepper,_bell___healthy",0.964657
plantwild/extracted/plantwild/images/tomato late blight/google_0067.jpg,Tomato___Late_blight,Tomato___Early_blight,0.817300
plantwild/extracted/plantwild/images/tomato late blight/google_0068.jpg,Tomato___Late_blight,"Pepper,_bell___healthy",0.381367
plantwild/extracted/plantwild/images/tomato late blight/google_0072.jpg,Tomato___Late_blight,Tomato___Late_blight,0.961248
plantwild/extracted/plantwild/images/tomato late blight/google_0073.jpg,Tomato___Late_blight,"Pepper,_bell___healthy",0.838006
plantwild/extracted/plantwild/images/tomato late blight/google_0074.jpg,Tomato___Late_blight,"Pepper,_bell___healthy",0.512040
plantwild/extracted/plantwild/images/tomato late blight/google_0077.jpg,Tomato___Late_blight,Cherry___healthy,0.462727
plantwild/extracted/plantwild/images/tomato late blight/google_0080.jpg,Tomato___Late_blight,Strawberry___Leaf_scorch,0.835032
plantwild/extracted/plantwild/images/tomato late blight/google_0081.jpg,Tomato___Late_blight,Strawberry___Leaf_scorch,0.706121
plantwild/extracted/plantwild/images/tomato late blight/google_0082.jpg,Tomato___Late_blight,"Pepper,_bell___healthy",0.353987
plantwild/extracted/plantwild/images/tomato late blight/google_0083.jpg,Tomato___Late_blight,"Pepper,_bell___healthy",0.652115
plantwild/extracted/plantwild/images/tomato late blight/google_0084.jpg,Tomato___Late_blight,"Pepper,_bell___healthy",0.821012
plantwild/extracted/plantwild/images/tomato late blight/google_0085.jpg,Tomato___Late_blight,Tomato___Late_blight,0.666429
plantwild/extracted/plantwild/images/tomato late blight/google_0086.jpg,Tomato___Late_blight,Strawberry___Leaf_scorch,0.938419
plantwild/extracted/plantwild/images/tomato late blight/google_0087.jpg,Tomato___Late_blight,Strawberry___Leaf_scorch,0.659884
plantwild/extracted/plantwild/images/tomato late blight/google_0088.jpg,Tomato___Late_blight,Cherry___healthy,0.699519
plantwild/extracted/plantwild/images/tomato late blight/google_0089.jpg,Tomato___Late_blight,Strawberry___Leaf_scorch,0.462467
plantwild/extracted/plantwild/images/tomato late blight/google_0091.jpg,Tomato___Late_blight,"Pepper,_bell___healthy",0.822619
plantwild/extracted/plantwild/images/tomato late blight/google_0092.jpg,Tomato___Late_blight,Corn___healthy,0.284513
plantwild/extracted/plantwild/images/tomato late blight/google_0094.jpg,Tomato___Late_blight,"Pepper,_bell___healthy",0.584118
plantwild/extracted/plantwild/images/tomato late blight/google_0095.jpg,Tomato___Late_blight,Tomato___Late_blight,0.959644
plantwild/extracted/plantwild/images/tomato late blight/google_0096.jpg,Tomato___Late_blight,Tomato___Late_blight,0.963458
plantwild/extracted/plantwild/images/tomato late blight/google_0097.jpg,Tomato___Late_blight,Cherry___healthy,0.619938
plantwild/extracted/plantwild/images/tomato late blight/google_0098.jpg,Tomato___Late_blight,Blueberry___healthy,0.901360
plantwild/extracted/plantwild/images/tomato late blight/google_0100.jpg,Tomato___Late_blight,"Pepper,_bell___healthy",0.333679
plantwild/extracted/plantwild/images/tomato late blight/google_0101.jpg,Tomato___Late_blight,"Pepper,_bell___healthy",0.888154
plantwild/extracted/plantwild/images/tomato late blight/google_0102.jpg,Tomato___Late_blight,Tomato___Early_blight,0.959558
plantwild/extracted/plantwild/images/tomato late blight/google_0104.jpg,Tomato___Late_blight,Strawberry___Leaf_scorch,0.645297
plantwild/extracted/plantwild/images/tomato late blight/google_0105.jpg,Tomato___Late_blight,Strawberry___Leaf_scorch,0.472208
plantwild/extracted/plantwild/images/tomato late blight/google_0107.jpg,Tomato___Late_blight,Potato___Late_blight,0.966718
plantwild/extracted/plantwild/images/tomato late blight/google_0108.jpg,Tomato___Late_blight,"Pepper,_bell___healthy",0.805268
plantwild/extracted/plantwild/images/tomato late blight/google_0110.jpg,Tomato___Late_blight,"Pepper,_bell___healthy",0.536524
plantwild/extracted/plantwild/images/tomato late blight/google_0116.jpg,Tomato___Late_blight,Strawberry___Leaf_scorch,0.954358
plantwild/extracted/plantwild/images/tomato late blight/google_0117.jpg,Tomato___Late_blight,Tomato___Late_blight,0.780605
plantwild/extracted/plantwild/images/tomato late blight/google_0118.jpg,Tomato___Late_blight,Strawberry___Leaf_scorch,0.951354
plantwild/extracted/plantwild/images/tomato late blight/google_0119.jpg,Tomato___Late_blight,Tomato___Early_blight,0.887055
plantwild/extracted/plantwild/images/tomato late blight/google_0120.jpg,Tomato___Late_blight,Strawberry___Leaf_scorch,0.963348
plantwild/extracted/plantwild/images/tomato late blight/google_0123.jpg,Tomato___Late_blight,"Pepper,_bell___healthy",0.813179
plantwild/extracted/plantwild/images/tomato late blight/google_0124.jpg,Tomato___Late_blight,Strawberry___Leaf_scorch,0.847980
plantwild/extracted/plantwild/images/tomato late blight/google_0126.jpg,Tomato___Late_blight,Tomato___Late_blight,0.968469
plantwild/extracted/plantwild/images/tomato late blight/google_0128.jpg,Tomato___Late_blight,"Pepper,_bell___healthy",0.438294
plantwild/extracted/plantwild/images/tomato late blight/google_0133.jpg,Tomato___Late_blight,Tomato___Early_blight,0.965769
plantwild/extracted/plantwild/images/tomato late blight/google_0134.jpg,Tomato___Late_blight,Strawberry___Leaf_scorch,0.554766
plantwild/extracted/plantwild/images/tomato late blight/google_0135.jpg,Tomato___Late_blight,Cherry___healthy,0.620933
plantwild/extracted/plantwild/images/tomato late blight/google_0136.jpg,Tomato___Late_blight,Potato___Early_blight,0.919063
plantwild/extracted/plantwild/images/tomato late blight/google_0137.jpg,Tomato___Late_blight,Corn___healthy,0.461898
plantwild/extracted/plantwild/images/tomato late blight/google_0138.jpg,Tomato___Late_blight,Tomato___Late_blight,0.932536
plantwild/extracted/plantwild/images/tomato late blight/google_0140.jpg,Tomato___Late_blight,"Pepper,_bell___healthy",0.544294
plantwild/extracted/plantwild/images/tomato late blight/google_0142.jpg,Tomato___Late_blight,Strawberry___Leaf_scorch,0.384814
plantwild/extracted/plantwild/images/tomato late blight/google_0143.jpg,Tomato___Late_blight,Cherry___healthy,0.309076
plantwild/extracted/plantwild/images/tomato late blight/google_0146.jpg,Tomato___Late_blight,"Pepper,_bell___healthy",0.715442
plantwild/extracted/plantwild/images/tomato late blight/google_0147.jpg,Tomato___Late_blight,Cherry___healthy,0.431008
plantwild/extracted/plantwild/images/tomato late blight/google_0148.jpg,Tomato___Late_blight,"Pepper,_bell___Bacterial_spot",0.956953
plantwild/extracted/plantwild/images/tomato late blight/google_0149.jpg,Tomato___Late_blight,Tomato___Late_blight,0.493960
plantwild/extracted/plantwild/images/tomato late blight/google_0150.jpg,Tomato___Late_blight,Tomato___Late_blight,0.967195
plantwild/extracted/plantwild/images/tomato late blight/google_0151.jpg,Tomato___Late_blight,"Pepper,_bell___healthy",0.896021
plantwild/extracted/plantwild/images/tomato late blight/google_0155.jpg,Tomato___Late_blight,Tomato___Late_blight,0.895156
plantwild/extracted/plantwild/images/tomato late blight/google_0156.jpg,Tomato___Late_blight,Strawberry___Leaf_scorch,0.755032
plantwild/extracted/plantwild/images/tomato late blight/google_0157.jpg,Tomato___Late_blight,"Pepper,_bell___healthy",0.751638
plantwild/extracted/plantwild/images/tomato late blight/google_0158.jpg,Tomato___Late_blight,"Pepper,_bell___healthy",0.746313
plantwild/extracted/plantwild/images/tomato late blight/google_0159.jpg,Tomato___Late_blight,Tomato___Early_blight,0.967371
plantwild/extracted/plantwild/images/tomato late blight/google_0161.jpg,Tomato___Late_blight,"Pepper,_bell___healthy",0.970269
plantwild/extracted/plantwild/images/tomato late blight/google_0162.jpg,Tomato___Late_blight,"Pepper,_bell___healthy",0.950594
plantwild/extracted/plantwild/images/tomato late blight/google_0163.jpg,Tomato___Late_blight,Tomato___Late_blight,0.961632
plantwild/extracted/plantwild/images/tomato late blight/google_0169.jpg,Tomato___Late_blight,Tomato___Late_blight,0.970790
plantwild/extracted/plantwild/images/tomato late blight/google_0173.jpg,Tomato___Late_blight,Cherry___healthy,0.723610
plantwild/extracted/plantwild/images/tomato late blight/google_0175.jpg,Tomato___Late_blight,Strawberry___Leaf_scorch,0.633388
plantwild/extracted/plantwild/images/tomato late blight/google_0176.jpg,Tomato___Late_blight,"Pepper,_bell___healthy",0.969867
plantwild/extracted/plantwild/images/tomato late blight/google_0181.jpg,Tomato___Late_blight,Tomato___Late_blight,0.673695
plantwild/extracted/plantwild/images/tomato late blight/google_0184.jpg,Tomato___Late_blight,Strawberry___Leaf_scorch,0.957660
plantwild/extracted/plantwild/images/tomato late blight/google_0188.jpg,Tomato___Late_blight,Tomato___Early_blight,0.595135
plantwild/extracted/plantwild/images/tomato late blight/google_0189.jpg,Tomato___Late_blight,Tomato___Late_blight,0.969037
plantwild/extracted/plantwild/images/tomato late blight/google_0192.jpg,Tomato___Late_blight,Tomato___Late_blight,0.517212
plantwild/extracted/plantwild/images/tomato late blight/google_0194.jpg,Tomato___Late_blight,Tomato___Late_blight,0.971000
plantwild/extracted/plantwild/images/tomato late blight/google_0195.jpg,Tomato___Late_blight,Tomato___Late_blight,0.925909
plantwild/extracted/plantwild/images/tomato late blight/google_0197.jpg,Tomato___Late_blight,"Pepper,_bell___healthy",0.310882
plantwild/extracted/plantwild/images/tomato late blight/google_0200.jpg,Tomato___Late_blight,Tomato___Early_blight,0.253252
plantwild/extracted/plantwild/images/tomato late blight/google_0202.jpg,Tomato___Late_blight,"Pepper,_bell___healthy",0.745061
plantwild/extracted/plantwild/images/tomato late blight/google_0204.jpg,Tomato___Late_blight,Corn___healthy,0.942784
plantwild/extracted/plantwild/images/tomato late blight/google_0205.jpg,Tomato___Late_blight,Strawberry___Leaf_scorch,0.826638
plantwild/extracted/plantwild/images/tomato late blight/google_0206.jpg,Tomato___Late_blight,"Pepper,_bell___healthy",0.859480
plantwild/extracted/plantwild/images/tomato late blight/google_0207.jpg,Tomato___Late_blight,Strawberry___Leaf_scorch,0.765870
plantwild/extracted/plantwild/images/tomato late blight/google_0212.jpg,Tomato___Late_blight,Apple___healthy,0.143158
plantwild/extracted/plantwild/images/tomato late blight/google_0213.jpg,Tomato___Late_blight,Strawberry___Leaf_scorch,0.663508
plantwild/extracted/plantwild/images/tomato late blight/google_0214.jpg,Tomato___Late_blight,Corn___Northern_Leaf_Blight,0.784098
plantwild/extracted/plantwild/images/tomato late blight/google_0216.jpg,Tomato___Late_blight,"Pepper,_bell___healthy",0.850804
plantwild/extracted/plantwild/images/tomato late blight/google_0217.jpg,Tomato___Late_blight,"Pepper,_bell___healthy",0.395002
plantwild/extracted/plantwild/images/tomato late blight/google_0219.jpg,Tomato___Late_blight,Tomato___Early_blight,0.559410
plantwild/extracted/plantwild/images/tomato late blight/google_0220.jpg,Tomato___Late_blight,Tomato___Early_blight,0.651671
plantwild/extracted/plantwild/images/tomato late blight/google_0221.jpg,Tomato___Late_blight,Strawberry___Leaf_scorch,0.669078
plantwild/extracted/plantwild/images/tomato late blight/google_0222.jpg,Tomato___Late_blight,"Pepper,_bell___healthy",0.541339
plantwild/extracted/plantwild/images/tomato late blight/google_0224.jpg,Tomato___Late_blight,"Pepper,_bell___healthy",0.857571
plantwild/extracted/plantwild/images/tomato late blight/google_0225.jpg,Tomato___Late_blight,Cherry___healthy,0.700052
plantwild/extracted/plantwild/images/tomato late blight/google_0226.jpg,Tomato___Late_blight,Strawberry___Leaf_scorch,0.244212
plantwild/extracted/plantwild/images/tomato late blight/google_0235.jpg,Tomato___Late_blight,"Pepper,_bell___healthy",0.847092
plantwild/extracted/plantwild/images/tomato late blight/google_0238.jpg,Tomato___Late_blight,"Pepper,_bell___healthy",0.845229
plantwild/extracted/plantwild/images/tomato late blight/google_0239.jpg,Tomato___Late_blight,Strawberry___Leaf_scorch,0.849339
plantwild/extracted/plantwild/images/tomato late blight/google_0240.jpg,Tomato___Late_blight,Tomato___Late_blight,0.969121
plantwild/extracted/plantwild/images/tomato late blight/google_0243.jpg,Tomato___Late_blight,"Pepper,_bell___healthy",0.898400
plantwild/extracted/plantwild/images/tomato late blight/google_0244.jpg,Tomato___Late_blight,"Pepper,_bell___healthy",0.474225
plantwild/extracted/plantwild/images/tomato late blight/google_0246.jpg,Tomato___Late_blight,Strawberry___Leaf_scorch,0.930437
plantwild/extracted/plantwild/images/tomato late blight/google_0250.jpg,Tomato___Late_blight,Tomato___Late_blight,0.337618
plantwild/extracted/plantwild/images/tomato late blight/google_0254.jpg,Tomato___Late_blight,"Pepper,_bell___healthy",0.624134
plantwild/extracted/plantwild/images/tomato late blight/google_0256.jpg,Tomato___Late_blight,"Pepper,_bell___healthy",0.745367
plantwild/extracted/plantwild/images/tomato late blight/google_0258.jpg,Tomato___Late_blight,Blueberry___healthy,0.374688
plantwild/extracted/plantwild/images/tomato late blight/google_0259.jpg,Tomato___Late_blight,"Pepper,_bell___healthy",0.944345
plantwild/extracted/plantwild/images/tomato late blight/google_0260.jpg,Tomato___Late_blight,"Pepper,_bell___healthy",0.937408
plantwild/extracted/plantwild/images/tomato late blight/google_0262.jpg,Tomato___Late_blight,Tomato___Late_blight,0.938764
plantwild/extracted/plantwild/images/tomato late blight/google_0263.jpg,Tomato___Late_blight,Tomato___Late_blight,0.880285
plantwild/extracted/plantwild/images/tomato late blight/google_0264.jpg,Tomato___Late_blight,"Pepper,_bell___healthy",0.779361
plantwild/extracted/plantwild/images/tomato late blight/google_0268.jpg,Tomato___Late_blight,"Pepper,_bell___healthy",0.582208
plantwild/extracted/plantwild/images/tomato late blight/google_0269.jpg,Tomato___Late_blight,Tomato___Late_blight,0.952112
plantwild/extracted/plantwild/images/tomato late blight/google_0271.jpg,Tomato___Late_blight,Tomato___Late_blight,0.361758
plantwild/extracted/plantwild/images/tomato leaf/1.jpg,Tomato___healthy,Cherry___healthy,0.831320
plantwild/extracted/plantwild/images/tomato leaf/10.jpg,Tomato___healthy,Cherry___healthy,0.656404
plantwild/extracted/plantwild/images/tomato leaf/104.jpg,Tomato___healthy,"Pepper,_bell___healthy",0.666509
plantwild/extracted/plantwild/images/tomato leaf/105.jpg,Tomato___healthy,"Pepper,_bell___healthy",0.956191
plantwild/extracted/plantwild/images/tomato leaf/106.jpg,Tomato___healthy,Tomato___Tomato_Yellow_Leaf_Curl_Virus,0.676667
plantwild/extracted/plantwild/images/tomato leaf/108.jpg,Tomato___healthy,"Pepper,_bell___healthy",0.506748
plantwild/extracted/plantwild/images/tomato leaf/110.jpg,Tomato___healthy,Cherry___healthy,0.944095
plantwild/extracted/plantwild/images/tomato leaf/12.jpg,Tomato___healthy,Blueberry___healthy,0.915288
plantwild/extracted/plantwild/images/tomato leaf/13.jpg,Tomato___healthy,Squash___Powdery_mildew,0.946271
plantwild/extracted/plantwild/images/tomato leaf/135.jpg,Tomato___healthy,"Pepper,_bell___healthy",0.398355
plantwild/extracted/plantwild/images/tomato leaf/136.jpg,Tomato___healthy,"Pepper,_bell___healthy",0.609698
plantwild/extracted/plantwild/images/tomato leaf/137.jpg,Tomato___healthy,"Pepper,_bell___healthy",0.459835
plantwild/extracted/plantwild/images/tomato leaf/138.jpg,Tomato___healthy,Tomato___Early_blight,0.691519
plantwild/extracted/plantwild/images/tomato leaf/14.jpg,Tomato___healthy,Strawberry___Leaf_scorch,0.912153
plantwild/extracted/plantwild/images/tomato leaf/140.jpg,Tomato___healthy,"Pepper,_bell___healthy",0.967259
plantwild/extracted/plantwild/images/tomato leaf/141.jpg,Tomato___healthy,Strawberry___Leaf_scorch,0.824107
plantwild/extracted/plantwild/images/tomato leaf/142.jpg,Tomato___healthy,"Pepper,_bell___healthy",0.428026
plantwild/extracted/plantwild/images/tomato leaf/143.jpg,Tomato___healthy,Tomato___Early_blight,0.687976
plantwild/extracted/plantwild/images/tomato leaf/144.jpg,Tomato___healthy,Strawberry___Leaf_scorch,0.573712
plantwild/extracted/plantwild/images/tomato leaf/145.jpg,Tomato___healthy,Strawberry___Leaf_scorch,0.551973
plantwild/extracted/plantwild/images/tomato leaf/146.jpg,Tomato___healthy,"Pepper,_bell___healthy",0.748566
plantwild/extracted/plantwild/images/tomato leaf/147.jpg,Tomato___healthy,Tomato___Tomato_Yellow_Leaf_Curl_Virus,0.960152
plantwild/extracted/plantwild/images/tomato leaf/148.jpg,Tomato___healthy,Cherry___healthy,0.819900
plantwild/extracted/plantwild/images/tomato leaf/15.jpg,Tomato___healthy,Tomato___Leaf_Mold,0.722167
plantwild/extracted/plantwild/images/tomato leaf/150.jpg,Tomato___healthy,"Pepper,_bell___healthy",0.910359
plantwild/extracted/plantwild/images/tomato leaf/151.jpg,Tomato___healthy,Tomato___Early_blight,0.297379
plantwild/extracted/plantwild/images/tomato leaf/152.jpg,Tomato___healthy,"Pepper,_bell___healthy",0.948928
plantwild/extracted/plantwild/images/tomato leaf/16.jpg,Tomato___healthy,"Pepper,_bell___healthy",0.805426
plantwild/extracted/plantwild/images/tomato leaf/17.jpg,Tomato___healthy,"Pepper,_bell___healthy",0.926815
plantwild/extracted/plantwild/images/tomato leaf/18.jpg,Tomato___healthy,Blueberry___healthy,0.678149
plantwild/extracted/plantwild/images/tomato leaf/19.jpg,Tomato___healthy,Cherry___healthy,0.404359
plantwild/extracted/plantwild/images/tomato leaf/2.jpg,Tomato___healthy,Blueberry___healthy,0.549880
plantwild/extracted/plantwild/images/tomato leaf/20.jpg,Tomato___healthy,Blueberry___healthy,0.899038
plantwild/extracted/plantwild/images/tomato leaf/21.jpg,Tomato___healthy,Blueberry___healthy,0.579420
plantwild/extracted/plantwild/images/tomato leaf/22.jpg,Tomato___healthy,Tomato___Early_blight,0.742198
plantwild/extracted/plantwild/images/tomato leaf/23.jpg,Tomato___healthy,"Pepper,_bell___healthy",0.694448
plantwild/extracted/plantwild/images/tomato leaf/24.jpg,Tomato___healthy,Blueberry___healthy,0.581881
plantwild/extracted/plantwild/images/tomato leaf/25.jpg,Tomato___healthy,Blueberry___healthy,0.874611
plantwild/extracted/plantwild/images/tomato leaf/26.jpg,Tomato___healthy,Blueberry___healthy,0.505925
plantwild/extracted/plantwild/images/tomato leaf/27.jpg,Tomato___healthy,"Pepper,_bell___healthy",0.132175
plantwild/extracted/plantwild/images/tomato leaf/28.jpg,Tomato___healthy,Blueberry___healthy,0.692684
plantwild/extracted/plantwild/images/tomato leaf/29.jpg,Tomato___healthy,"Pepper,_bell___healthy",0.907721
plantwild/extracted/plantwild/images/tomato leaf/3.jpg,Tomato___healthy,Tomato___Late_blight,0.798521
plantwild/extracted/plantwild/images/tomato leaf/30.jpg,Tomato___healthy,Tomato___Late_blight,0.922644
plantwild/extracted/plantwild/images/tomato leaf/31.jpg,Tomato___healthy,Blueberry___healthy,0.911145
plantwild/extracted/plantwild/images/tomato leaf/32.jpg,Tomato___healthy,Cherry___healthy,0.845131
plantwild/extracted/plantwild/images/tomato leaf/33.jpg,Tomato___healthy,Tomato___Late_blight,0.970945
plantwild/extracted/plantwild/images/tomato leaf/34.jpg,Tomato___healthy,"Pepper,_bell___healthy",0.465079
plantwild/extracted/plantwild/images/tomato leaf/35.jpg,Tomato___healthy,Blueberry___healthy,0.900843
plantwild/extracted/plantwild/images/tomato leaf/36.jpg,Tomato___healthy,Corn___healthy,0.308915
plantwild/extracted/plantwild/images/tomato leaf/37.jpg,Tomato___healthy,Tomato___Late_blight,0.960114
plantwild/extracted/plantwild/images/tomato leaf/38.jpg,Tomato___healthy,Blueberry___healthy,0.856729
plantwild/extracted/plantwild/images/tomato leaf/39.jpg,Tomato___healthy,Blueberry___healthy,0.934094
plantwild/extracted/plantwild/images/tomato leaf/4.jpg,Tomato___healthy,Strawberry___Leaf_scorch,0.524706
plantwild/extracted/plantwild/images/tomato leaf/40.jpg,Tomato___healthy,"Pepper,_bell___healthy",0.933112
plantwild/extracted/plantwild/images/tomato leaf/41.jpg,Tomato___healthy,Blueberry___healthy,0.928895
plantwild/extracted/plantwild/images/tomato leaf/43.jpg,Tomato___healthy,Squash___Powdery_mildew,0.956294
plantwild/extracted/plantwild/images/tomato leaf/44.jpg,Tomato___healthy,"Pepper,_bell___healthy",0.346837
plantwild/extracted/plantwild/images/tomato leaf/45.jpg,Tomato___healthy,"Pepper,_bell___healthy",0.349239
plantwild/extracted/plantwild/images/tomato leaf/46.jpg,Tomato___healthy,Tomato___Tomato_Yellow_Leaf_Curl_Virus,0.549017
plantwild/extracted/plantwild/images/tomato leaf/47.jpg,Tomato___healthy,Blueberry___healthy,0.456493
plantwild/extracted/plantwild/images/tomato leaf/48.jpg,Tomato___healthy,"Pepper,_bell___healthy",0.903759
plantwild/extracted/plantwild/images/tomato leaf/49.jpg,Tomato___healthy,"Pepper,_bell___healthy",0.911878
plantwild/extracted/plantwild/images/tomato leaf/5.jpg,Tomato___healthy,Cherry___healthy,0.931885
plantwild/extracted/plantwild/images/tomato leaf/50.jpg,Tomato___healthy,Blueberry___healthy,0.676128
plantwild/extracted/plantwild/images/tomato leaf/51.jpg,Tomato___healthy,Blueberry___healthy,0.905253
plantwild/extracted/plantwild/images/tomato leaf/52.jpg,Tomato___healthy,Corn___healthy,0.405228
plantwild/extracted/plantwild/images/tomato leaf/53.jpg,Tomato___healthy,Blueberry___healthy,0.885251
plantwild/extracted/plantwild/images/tomato leaf/54.jpg,Tomato___healthy,Cherry___healthy,0.875619
plantwild/extracted/plantwild/images/tomato leaf/55.jpg,Tomato___healthy,Corn___healthy,0.736670
plantwild/extracted/plantwild/images/tomato leaf/56.jpg,Tomato___healthy,Tomato___Early_blight,0.399275
plantwild/extracted/plantwild/images/tomato leaf/57.jpg,Tomato___healthy,Blueberry___healthy,0.604716
plantwild/extracted/plantwild/images/tomato leaf/59.jpg,Tomato___healthy,Blueberry___healthy,0.604716
plantwild/extracted/plantwild/images/tomato leaf/6.jpg,Tomato___healthy,Blueberry___healthy,0.771245
plantwild/extracted/plantwild/images/tomato leaf/60.jpg,Tomato___healthy,Blueberry___healthy,0.945691
plantwild/extracted/plantwild/images/tomato leaf/61.jpg,Tomato___healthy,Blueberry___healthy,0.908708
plantwild/extracted/plantwild/images/tomato leaf/62.jpg,Tomato___healthy,Blueberry___healthy,0.954233
plantwild/extracted/plantwild/images/tomato leaf/63.jpg,Tomato___healthy,"Pepper,_bell___healthy",0.573866
plantwild/extracted/plantwild/images/tomato leaf/64.jpg,Tomato___healthy,Blueberry___healthy,0.943783
plantwild/extracted/plantwild/images/tomato leaf/65.jpg,Tomato___healthy,"Pepper,_bell___healthy",0.490234
plantwild/extracted/plantwild/images/tomato leaf/67.jpg,Tomato___healthy,Blueberry___healthy,0.842162
plantwild/extracted/plantwild/images/tomato leaf/68.jpg,Tomato___healthy,Cherry___healthy,0.691884
plantwild/extracted/plantwild/images/tomato leaf/69.jpg,Tomato___healthy,Tomato___Late_blight,0.938155
plantwild/extracted/plantwild/images/tomato leaf/7.jpg,Tomato___healthy,"Pepper,_bell___healthy",0.388736
plantwild/extracted/plantwild/images/tomato leaf/72.jpg,Tomato___healthy,"Pepper,_bell___healthy",0.958535
plantwild/extracted/plantwild/images/tomato leaf/73.jpg,Tomato___healthy,"Pepper,_bell___healthy",0.917315
plantwild/extracted/plantwild/images/tomato leaf/75.jpg,Tomato___healthy,"Pepper,_bell___healthy",0.916290
plantwild/extracted/plantwild/images/tomato leaf/76.jpg,Tomato___healthy,Tomato___Late_blight,0.873661
plantwild/extracted/plantwild/images/tomato leaf/77.jpg,Tomato___healthy,Corn___healthy,0.587945
plantwild/extracted/plantwild/images/tomato leaf/79.jpg,Tomato___healthy,Corn___healthy,0.223250
plantwild/extracted/plantwild/images/tomato leaf/8.jpg,Tomato___healthy,Blueberry___healthy,0.932578
plantwild/extracted/plantwild/images/tomato leaf/80.jpg,Tomato___healthy,"Pepper,_bell___healthy",0.498178
plantwild/extracted/plantwild/images/tomato leaf/82.jpg,Tomato___healthy,Squash___Powdery_mildew,0.967585
plantwild/extracted/plantwild/images/tomato leaf/85.jpg,Tomato___healthy,Cherry___healthy,0.882654
plantwild/extracted/plantwild/images/tomato leaf/86.jpg,Tomato___healthy,Tomato___Late_blight,0.829827
plantwild/extracted/plantwild/images/tomato leaf/88.jpg,Tomato___healthy,Tomato___Early_blight,0.753093
plantwild/extracted/plantwild/images/tomato leaf/9.jpg,Tomato___healthy,"Pepper,_bell___healthy",0.509400
plantwild/extracted/plantwild/images/tomato leaf/90.jpg,Tomato___healthy,Tomato___Tomato_Yellow_Leaf_Curl_Virus,0.898346
plantwild/extracted/plantwild/images/tomato leaf/91.jpg,Tomato___healthy,Tomato___Late_blight,0.911409
plantwild/extracted/plantwild/images/tomato leaf/92.jpg,Tomato___healthy,"Pepper,_bell___healthy",0.740233
plantwild/extracted/plantwild/images/tomato leaf/93.jpg,Tomato___healthy,Strawberry___Leaf_scorch,0.809787
plantwild/extracted/plantwild/images/tomato leaf/96.jpg,Tomato___healthy,"Pepper,_bell___healthy",0.677722
plantwild/extracted/plantwild/images/tomato leaf/97.jpg,Tomato___healthy,Tomato___Late_blight,0.971104
plantwild/extracted/plantwild/images/tomato leaf/98.jpg,Tomato___healthy,"Pepper,_bell___healthy",0.700667
plantwild/extracted/plantwild/images/tomato leaf/google_0000.jpg,Tomato___healthy,Tomato___Leaf_Mold,0.522306
plantwild/extracted/plantwild/images/tomato leaf/google_0001.jpg,Tomato___healthy,"Pepper,_bell___healthy",0.759697
plantwild/extracted/plantwild/images/tomato leaf/google_0002.jpg,Tomato___healthy,Squash___Powdery_mildew,0.852083
plantwild/extracted/plantwild/images/tomato leaf/google_0003.jpg,Tomato___healthy,"Pepper,_bell___healthy",0.537377
plantwild/extracted/plantwild/images/tomato leaf/google_0004.jpg,Tomato___healthy,"Pepper,_bell___healthy",0.467731
plantwild/extracted/plantwild/images/tomato leaf/google_0005.jpg,Tomato___healthy,Cherry___healthy,0.444220
plantwild/extracted/plantwild/images/tomato leaf/google_0006.jpg,Tomato___healthy,Cherry___healthy,0.430611
plantwild/extracted/plantwild/images/tomato leaf/google_0007.jpg,Tomato___healthy,Corn___healthy,0.958873
plantwild/extracted/plantwild/images/tomato leaf/google_0008.jpg,Tomato___healthy,Blueberry___healthy,0.563900
plantwild/extracted/plantwild/images/tomato leaf/google_0009.jpg,Tomato___healthy,Blueberry___healthy,0.902597
plantwild/extracted/plantwild/images/tomato leaf/google_0013.jpg,Tomato___healthy,Blueberry___healthy,0.842110
plantwild/extracted/plantwild/images/tomato leaf/google_0014.jpg,Tomato___healthy,Cherry___healthy,0.846917
plantwild/extracted/plantwild/images/tomato leaf/google_0015.jpg,Tomato___healthy,"Pepper,_bell___healthy",0.716811
plantwild/extracted/plantwild/images/tomato leaf/google_0017.jpg,Tomato___healthy,"Pepper,_bell___healthy",0.951605
plantwild/extracted/plantwild/images/tomato leaf/google_0019.jpg,Tomato___healthy,"Pepper,_bell___healthy",0.437463
plantwild/extracted/plantwild/images/tomato leaf/google_0021.jpg,Tomato___healthy,Blueberry___healthy,0.385476
plantwild/extracted/plantwild/images/tomato leaf/google_0022.jpg,Tomato___healthy,Corn___healthy,0.396438
plantwild/extracted/plantwild/images/tomato leaf/google_0025.jpg,Tomato___healthy,"Pepper,_bell___healthy",0.544817
plantwild/extracted/plantwild/images/tomato leaf/google_0029.jpg,Tomato___healthy,"Pepper,_bell___healthy",0.465518
plantwild/extracted/plantwild/images/tomato leaf/google_0049.jpg,Tomato___healthy,Blueberry___healthy,0.375261
plantwild/extracted/plantwild/images/tomato leaf/google_0056.jpg,Tomato___healthy,Tomato___Late_blight,0.945110
plantwild/extracted/plantwild/images/tomato leaf/google_0063.jpg,Tomato___healthy,Blueberry___healthy,0.873769
plantwild/extracted/plantwild/images/tomato leaf/google_0071.jpg,Tomato___healthy,Tomato___Late_blight,0.395828
plantwild/extracted/plantwild/images/tomato leaf/google_0086.jpg,Tomato___healthy,Tomato___Late_blight,0.470220
plantwild/extracted/plantwild/images/tomato leaf/google_0095.jpg,Tomato___healthy,"Pepper,_bell___healthy",0.495667
plantwild/extracted/plantwild/images/tomato leaf/google_0104.jpg,Tomato___healthy,"Pepper,_bell___healthy",0.958520
plantwild/extracted/plantwild/images/tomato leaf/google_0105.jpg,Tomato___healthy,Tomato___Early_blight,0.613267
plantwild/extracted/plantwild/images/tomato leaf/google_0106.jpg,Tomato___healthy,"Pepper,_bell___healthy",0.728228
plantwild/extracted/plantwild/images/tomato leaf/google_0116.jpg,Tomato___healthy,"Pepper,_bell___healthy",0.794155
plantwild/extracted/plantwild/images/tomato leaf/google_0124.jpg,Tomato___healthy,Blueberry___healthy,0.898143
plantwild/extracted/plantwild/images/tomato leaf/google_0127.jpg,Tomato___healthy,Tomato___Leaf_Mold,0.315160
plantwild/extracted/plantwild/images/tomato leaf/google_0137.jpg,Tomato___healthy,"Pepper,_bell___healthy",0.966251
plantwild/extracted/plantwild/images/tomato leaf/google_0152.jpg,Tomato___healthy,"Pepper,_bell___healthy",0.957065
plantwild/extracted/plantwild/images/tomato leaf/google_0155.jpg,Tomato___healthy,"Pepper,_bell___healthy",0.439331
plantwild/extracted/plantwild/images/tomato leaf/google_0183.jpg,Tomato___healthy,Strawberry___Leaf_scorch,0.925566
plantwild/extracted/plantwild/images/tomato leaf/google_0190.jpg,Tomato___healthy,Blueberry___healthy,0.791658
plantwild/extracted/plantwild/images/tomato leaf/google_0201.jpg,Tomato___healthy,"Pepper,_bell___healthy",0.417153
plantwild/extracted/plantwild/images/tomato leaf/google_0202.jpg,Tomato___healthy,"Pepper,_bell___healthy",0.881243
plantwild/extracted/plantwild/images/tomato leaf/google_0204.jpg,Tomato___healthy,"Pepper,_bell___healthy",0.948389
plantwild/extracted/plantwild/images/tomato leaf/google_0207.jpg,Tomato___healthy,"Pepper,_bell___healthy",0.812853
plantwild/extracted/plantwild/images/tomato leaf/google_0208.jpg,Tomato___healthy,"Pepper,_bell___healthy",0.950853
plantwild/extracted/plantwild/images/tomato leaf/google_0214.jpg,Tomato___healthy,"Pepper,_bell___healthy",0.874737
plantwild/extracted/plantwild/images/tomato leaf/google_0215.jpg,Tomato___healthy,Cherry___healthy,0.679684
plantwild/extracted/plantwild/images/tomato leaf/google_0222.jpg,Tomato___healthy,"Pepper,_bell___healthy",0.964866
plantwild/extracted/plantwild/images/tomato leaf/google_0230.jpg,Tomato___healthy,Cherry___healthy,0.924092
plantwild/extracted/plantwild/images/tomato leaf/google_0239.jpg,Tomato___healthy,"Pepper,_bell___healthy",0.907968
plantwild/extracted/plantwild/images/tomato leaf/google_0240.jpg,Tomato___healthy,"Pepper,_bell___healthy",0.924186
plantwild/extracted/plantwild/images/tomato leaf/google_0253.jpg,Tomato___healthy,Cherry___healthy,0.630761
plantwild/extracted/plantwild/images/tomato leaf/google_0258.jpg,Tomato___healthy,"Pepper,_bell___healthy",0.935818
plantwild/extracted/plantwild/images/tomato leaf/google_0260.jpg,Tomato___healthy,"Pepper,_bell___healthy",0.970272
plantwild/extracted/plantwild/images/tomato leaf/google_0262.jpg,Tomato___healthy,Cherry___healthy,0.413356
plantwild/extracted/plantwild/images/tomato leaf/google_0266.jpg,Tomato___healthy,"Pepper,_bell___healthy",0.963640
plantwild/extracted/plantwild/images/tomato leaf/google_0269.jpg,Tomato___healthy,"Pepper,_bell___healthy",0.730596
plantwild/extracted/plantwild/images/tomato leaf/google_0275.jpg,Tomato___healthy,"Pepper,_bell___healthy",0.908153
plantwild/extracted/plantwild/images/tomato leaf/google_0279.jpg,Tomato___healthy,"Pepper,_bell___healthy",0.851292
plantwild/extracted/plantwild/images/tomato leaf/google_0284.jpg,Tomato___healthy,"Pepper,_bell___healthy",0.965498
plantwild/extracted/plantwild/images/tomato leaf/google_0289.jpg,Tomato___healthy,"Pepper,_bell___healthy",0.899814
plantwild/extracted/plantwild/images/tomato leaf/google_0290.jpg,Tomato___healthy,Blueberry___healthy,0.711098
plantwild/extracted/plantwild/images/tomato leaf/google_0297.jpg,Tomato___healthy,Cherry___healthy,0.525705
plantwild/extracted/plantwild/images/tomato leaf/google_0302.jpg,Tomato___healthy,"Pepper,_bell___healthy",0.907680
plantwild/extracted/plantwild/images/tomato leaf/google_0307.jpg,Tomato___healthy,Strawberry___Leaf_scorch,0.923824
plantwild/extracted/plantwild/images/tomato leaf/google_0309.jpg,Tomato___healthy,"Pepper,_bell___healthy",0.941943
plantwild/extracted/plantwild/images/tomato leaf/google_0310.jpg,Tomato___healthy,"Pepper,_bell___healthy",0.937068
plantwild/extracted/plantwild/images/tomato leaf/google_0320.jpg,Tomato___healthy,"Pepper,_bell___healthy",0.727775
plantwild/extracted/plantwild/images/tomato leaf/google_0330.jpg,Tomato___healthy,"Pepper,_bell___healthy",0.915550
plantwild/extracted/plantwild/images/tomato leaf/google_0333.jpg,Tomato___healthy,"Pepper,_bell___healthy",0.965476
plantwild/extracted/plantwild/images/tomato leaf/google_0335.jpg,Tomato___healthy,"Pepper,_bell___healthy",0.914357
plantwild/extracted/plantwild/images/tomato leaf/google_0340.jpg,Tomato___healthy,Cherry___healthy,0.956417
plantwild/extracted/plantwild/images/tomato leaf/google_0346.jpg,Tomato___healthy,"Pepper,_bell___healthy",0.264666
plantwild/extracted/plantwild/images/tomato leaf/google_0349.jpg,Tomato___healthy,"Pepper,_bell___healthy",0.914732
plantwild/extracted/plantwild/images/tomato leaf/google_0354.jpg,Tomato___healthy,Corn___healthy,0.395192
plantwild/extracted/plantwild/images/tomato leaf/google_0355.jpg,Tomato___healthy,Squash___Powdery_mildew,0.328213
plantwild/extracted/plantwild/images/tomato leaf/google_0358.jpg,Tomato___healthy,"Pepper,_bell___healthy",0.961790
plantwild/extracted/plantwild/images/tomato leaf/google_0364.jpg,Tomato___healthy,"Pepper,_bell___healthy",0.480860
plantwild/extracted/plantwild/images/tomato leaf/google_0366.jpg,Tomato___healthy,"Pepper,_bell___healthy",0.953670
plantwild/extracted/plantwild/images/tomato leaf/google_0380.jpg,Tomato___healthy,"Pepper,_bell___healthy",0.894005
plantwild/extracted/plantwild/images/tomato leaf/google_0383.jpg,Tomato___healthy,Cherry___healthy,0.951902
plantwild/extracted/plantwild/images/tomato leaf/google_0405.jpg,Tomato___healthy,"Pepper,_bell___healthy",0.958504
plantwild/extracted/plantwild/images/tomato leaf/google_0417.jpg,Tomato___healthy,"Pepper,_bell___healthy",0.962546
plantwild/extracted/plantwild/images/tomato leaf/google_0421.jpg,Tomato___healthy,Corn___healthy,0.615168
plantwild/extracted/plantwild/images/tomato leaf/google_0427.jpg,Tomato___healthy,"Pepper,_bell___healthy",0.968643
plantwild/extracted/plantwild/images/tomato leaf/google_0428.jpg,Tomato___healthy,"Pepper,_bell___healthy",0.778646
plantwild/extracted/plantwild/images/tomato leaf/google_0431.jpg,Tomato___healthy,Cherry___healthy,0.513125
plantwild/extracted/plantwild/images/tomato leaf/google_0434.jpg,Tomato___healthy,Tomato___Tomato_Yellow_Leaf_Curl_Virus,0.766627
plantwild/extracted/plantwild/images/tomato leaf/google_0435.jpg,Tomato___healthy,Cherry___healthy,0.483570
plantwild/extracted/plantwild/images/tomato leaf/google_0438.jpg,Tomato___healthy,Cherry___healthy,0.428868
plantwild/extracted/plantwild/images/tomato leaf/google_0443.jpg,Tomato___healthy,"Pepper,_bell___healthy",0.915880
plantwild/extracted/plantwild/images/tomato leaf/google_0445.jpg,Tomato___healthy,"Pepper,_bell___healthy",0.651219
plantwild/extracted/plantwild/images/tomato leaf/google_0448.jpg,Tomato___healthy,"Pepper,_bell___healthy",0.732760
plantwild/extracted/plantwild/images/tomato leaf/google_0450.jpg,Tomato___healthy,"Pepper,_bell___healthy",0.936660
plantwild/extracted/plantwild/images/tomato leaf/google_0452.jpg,Tomato___healthy,Cherry___healthy,0.787287
plantwild/extracted/plantwild/images/tomato leaf/google_0460.jpg,Tomato___healthy,Strawberry___Leaf_scorch,0.804079
plantwild/extracted/plantwild/images/tomato leaf/google_0461.jpg,Tomato___healthy,Squash___Powdery_mildew,0.361530
plantwild/extracted/plantwild/images/tomato leaf/google_0468.jpg,Tomato___healthy,"Pepper,_bell___healthy",0.839069
plantwild/extracted/plantwild/images/tomato leaf/google_0469.jpg,Tomato___healthy,"Pepper,_bell___healthy",0.949985
plantwild/extracted/plantwild/images/tomato leaf/google_0471.jpg,Tomato___healthy,Cherry___healthy,0.448113
plantwild/extracted/plantwild/images/tomato leaf/google_0477.jpg,Tomato___healthy,Corn___healthy,0.761539
plantwild/extracted/plantwild/images/tomato leaf/google_0478.jpg,Tomato___healthy,"Pepper,_bell___healthy",0.661938
plantwild/extracted/plantwild/images/tomato leaf/google_0481.jpg,Tomato___healthy,"Pepper,_bell___healthy",0.285280
plantwild/extracted/plantwild/images/tomato leaf/google_0482.jpg,Tomato___healthy,"Pepper,_bell___healthy",0.956646
plantwild/extracted/plantwild/images/tomato leaf/google_0490.jpg,Tomato___healthy,"Pepper,_bell___healthy",0.825818
plantwild/extracted/plantwild/images/tomato leaf/google_0503.jpg,Tomato___healthy,"Pepper,_bell___healthy",0.803574
plantwild/extracted/plantwild/images/tomato leaf/google_0519.jpg,Tomato___healthy,"Pepper,_bell___healthy",0.841611
plantwild/extracted/plantwild/images/tomato leaf/google_0521.jpg,Tomato___healthy,"Pepper,_bell___healthy",0.932522
plantwild/extracted/plantwild/images/tomato leaf/google_0526.jpg,Tomato___healthy,Blueberry___healthy,0.719298
plantwild/extracted/plantwild/images/tomato leaf/google_0530.jpg,Tomato___healthy,Cherry___healthy,0.290133
plantwild/extracted/plantwild/images/tomato leaf/google_0542.jpg,Tomato___healthy,Squash___Powdery_mildew,0.847044
plantwild/extracted/plantwild/images/tomato leaf/google_0550.jpg,Tomato___healthy,"Pepper,_bell___healthy",0.918254
plantwild/extracted/plantwild/images/tomato leaf/google_0564.jpg,Tomato___healthy,Cherry___healthy,0.828164
plantwild/extracted/plantwild/images/tomato leaf/google_0571.jpg,Tomato___healthy,"Pepper,_bell___healthy",0.940850
plantwild/extracted/plantwild/images/tomato leaf/google_0575.jpg,Tomato___healthy,"Pepper,_bell___healthy",0.649682
plantwild/extracted/plantwild/images/tomato leaf/google_0577.jpg,Tomato___healthy,"Pepper,_bell___healthy",0.908952
plantwild/extracted/plantwild/images/tomato leaf/google_0584.jpg,Tomato___healthy,"Pepper,_bell___healthy",0.933319
plantwild/extracted/plantwild/images/tomato leaf/google_0589.jpg,Tomato___healthy,"Pepper,_bell___healthy",0.961943
plantwild/extracted/plantwild/images/tomato leaf/google_0593.jpg,Tomato___healthy,"Pepper,_bell___healthy",0.949870
plantwild/extracted/plantwild/images/tomato leaf/google_0594.jpg,Tomato___healthy,"Pepper,_bell___healthy",0.601708
plantwild/extracted/plantwild/images/tomato leaf/google_0598.jpg,Tomato___healthy,Corn___healthy,0.793929
plantwild/extracted/plantwild/images/tomato leaf/google_0607.jpg,Tomato___healthy,"Pepper,_bell___healthy",0.814426
plantwild/extracted/plantwild/images/tomato leaf/google_0612.jpg,Tomato___healthy,Tomato___Early_blight,0.504567
plantwild/extracted/plantwild/images/tomato leaf/google_0629.jpg,Tomato___healthy,"Pepper,_bell___healthy",0.886866
plantwild/extracted/plantwild/images/tomato leaf/google_0631.jpg,Tomato___healthy,"Pepper,_bell___healthy",0.348702
plantwild/extracted/plantwild/images/tomato leaf/google_0635.jpg,Tomato___healthy,Blueberry___healthy,0.547239
plantwild/extracted/plantwild/images/tomato leaf mold/1.jpg,Tomato___Leaf_Mold,Tomato___Early_blight,0.203638
plantwild/extracted/plantwild/images/tomato leaf mold/10.jpg,Tomato___Leaf_Mold,Strawberry___Leaf_scorch,0.662014
plantwild/extracted/plantwild/images/tomato leaf mold/108.jpg,Tomato___Leaf_Mold,"Pepper,_bell___healthy",0.467619
plantwild/extracted/plantwild/images/tomato leaf mold/12.jpg,Tomato___Leaf_Mold,"Pepper,_bell___healthy",0.280285
plantwild/extracted/plantwild/images/tomato leaf mold/13.jpg,Tomato___Leaf_Mold,Potato___Early_blight,0.611328
plantwild/extracted/plantwild/images/tomato leaf mold/136.jpg,Tomato___Leaf_Mold,Tomato___Late_blight,0.959782
plantwild/extracted/plantwild/images/tomato leaf mold/137.jpg,Tomato___Leaf_Mold,Tomato___Late_blight,0.503142
plantwild/extracted/plantwild/images/tomato leaf mold/14.jpg,Tomato___Leaf_Mold,Tomato___Late_blight,0.962208
plantwild/extracted/plantwild/images/tomato leaf mold/140.jpg,Tomato___Leaf_Mold,Tomato___Late_blight,0.916469
plantwild/extracted/plantwild/images/tomato leaf mold/141.jpg,Tomato___Leaf_Mold,Strawberry___Leaf_scorch,0.843635
plantwild/extracted/plantwild/images/tomato leaf mold/142.jpg,Tomato___Leaf_Mold,Potato___Early_blight,0.350547
plantwild/extracted/plantwild/images/tomato leaf mold/143.jpg,Tomato___Leaf_Mold,Corn___Northern_Leaf_Blight,0.484867
plantwild/extracted/plantwild/images/tomato leaf mold/144.jpg,Tomato___Leaf_Mold,Tomato___Late_blight,0.946066
plantwild/extracted/plantwild/images/tomato leaf mold/148.jpg,Tomato___Leaf_Mold,Tomato___Late_blight,0.215419
plantwild/extracted/plantwild/images/tomato leaf mold/149.jpg,Tomato___Leaf_Mold,Tomato___Late_blight,0.388140
plantwild/extracted/plantwild/images/tomato leaf mold/150.jpg,Tomato___Leaf_Mold,Tomato___Late_blight,0.965166
plantwild/extracted/plantwild/images/tomato leaf mold/151.jpg,Tomato___Leaf_Mold,Tomato___Late_blight,0.934070
plantwild/extracted/plantwild/images/tomato leaf mold/152.jpg,Tomato___Leaf_Mold,Tomato___Late_blight,0.295342
plantwild/extracted/plantwild/images/tomato leaf mold/154.jpg,Tomato___Leaf_Mold,Tomato___Late_blight,0.953048
plantwild/extracted/plantwild/images/tomato leaf mold/155.jpg,Tomato___Leaf_Mold,Tomato___Late_blight,0.962289
plantwild/extracted/plantwild/images/tomato leaf mold/16.jpg,Tomato___Leaf_Mold,"Pepper,_bell___healthy",0.740233
plantwild/extracted/plantwild/images/tomato leaf mold/160.jpg,Tomato___Leaf_Mold,Tomato___Late_blight,0.945368
plantwild/extracted/plantwild/images/tomato leaf mold/161.jpg,Tomato___Leaf_Mold,Strawberry___Leaf_scorch,0.514310
plantwild/extracted/plantwild/images/tomato leaf mold/163.jpg,Tomato___Leaf_Mold,Tomato___Late_blight,0.966393
plantwild/extracted/plantwild/images/tomato leaf mold/164.jpg,Tomato___Leaf_Mold,"Pepper,_bell___healthy",0.845700
plantwild/extracted/plantwild/images/tomato leaf mold/166.jpg,Tomato___Leaf_Mold,Potato___Early_blight,0.942263
plantwild/extracted/plantwild/images/tomato leaf mold/167.jpg,Tomato___Leaf_Mold,Strawberry___Leaf_scorch,0.286340
plantwild/extracted/plantwild/images/tomato leaf mold/169.jpg,Tomato___Leaf_Mold,Tomato___Early_blight,0.611775
plantwild/extracted/plantwild/images/tomato leaf mold/17.jpg,Tomato___Leaf_Mold,Cherry___healthy,0.424083
plantwild/extracted/plantwild/images/tomato leaf mold/170.jpg,Tomato___Leaf_Mold,Tomato___Late_blight,0.936341
plantwild/extracted/plantwild/images/tomato leaf mold/171.jpg,Tomato___Leaf_Mold,Tomato___Late_blight,0.970347
plantwild/extracted/plantwild/images/tomato leaf mold/172.jpg,Tomato___Leaf_Mold,Tomato___Late_blight,0.799872
plantwild/extracted/plantwild/images/tomato leaf mold/173.jpg,Tomato___Leaf_Mold,Tomato___Late_blight,0.958500
plantwild/extracted/plantwild/images/tomato leaf mold/174.jpg,Tomato___Leaf_Mold,"Pepper,_bell___healthy",0.927810
plantwild/extracted/plantwild/images/tomato leaf mold/175.jpg,Tomato___Leaf_Mold,Tomato___Late_blight,0.584960
plantwild/extracted/plantwild/images/tomato leaf mold/178.jpg,Tomato___Leaf_Mold,"Pepper,_bell___healthy",0.840873
plantwild/extracted/plantwild/images/tomato leaf mold/18.jpg,Tomato___Leaf_Mold,Potato___Early_blight,0.609992
plantwild/extracted/plantwild/images/tomato leaf mold/180.jpg,Tomato___Leaf_Mold,"Pepper,_bell___healthy",0.360924
plantwild/extracted/plantwild/images/tomato leaf mold/181.jpg,Tomato___Leaf_Mold,Cherry___healthy,0.423240
plantwild/extracted/plantwild/images/tomato leaf mold/182.jpg,Tomato___Leaf_Mold,Tomato___Late_blight,0.425877
plantwild/extracted/plantwild/images/tomato leaf mold/183.jpg,Tomato___Leaf_Mold,Tomato___Late_blight,0.961657
plantwild/extracted/plantwild/images/tomato leaf mold/184.jpg,Tomato___Leaf_Mold,Tomato___Late_blight,0.945639
plantwild/extracted/plantwild/images/tomato leaf mold/186.jpg,Tomato___Leaf_Mold,Tomato___Late_blight,0.654387
plantwild/extracted/plantwild/images/tomato leaf mold/189.jpg,Tomato___Leaf_Mold,Tomato___Late_blight,0.619990
plantwild/extracted/plantwild/images/tomato leaf mold/19.jpg,Tomato___Leaf_Mold,Tomato___Late_blight,0.659537
plantwild/extracted/plantwild/images/tomato leaf mold/190.jpg,Tomato___Leaf_Mold,Tomato___Late_blight,0.855570
plantwild/extracted/plantwild/images/tomato leaf mold/195.jpg,Tomato___Leaf_Mold,Tomato___Late_blight,0.950476
plantwild/extracted/plantwild/images/tomato leaf mold/196.jpg,Tomato___Leaf_Mold,"Pepper,_bell___healthy",0.927249
plantwild/extracted/plantwild/images/tomato leaf mold/197.jpg,Tomato___Leaf_Mold,Cherry___healthy,0.633685
plantwild/extracted/plantwild/images/tomato leaf mold/198.jpg,Tomato___Leaf_Mold,Tomato___Late_blight,0.967945
plantwild/extracted/plantwild/images/tomato leaf mold/20.jpg,Tomato___Leaf_Mold,Tomato___Late_blight,0.904069
plantwild/extracted/plantwild/images/tomato leaf mold/200.jpg,Tomato___Leaf_Mold,Cherry___healthy,0.408110
plantwild/extracted/plantwild/images/tomato leaf mold/202.jpg,Tomato___Leaf_Mold,Tomato___Late_blight,0.858011
plantwild/extracted/plantwild/images/tomato leaf mold/203.jpg,Tomato___Leaf_Mold,Tomato___Late_blight,0.963238
plantwild/extracted/plantwild/images/tomato leaf mold/204.jpg,Tomato___Leaf_Mold,Corn___healthy,0.965485
plantwild/extracted/plantwild/images/tomato leaf mold/205.jpg,Tomato___Leaf_Mold,Squash___Powdery_mildew,0.944209
plantwild/extracted/plantwild/images/tomato leaf mold/207.jpg,Tomato___Leaf_Mold,Tomato___Late_blight,0.969902
plantwild/extracted/plantwild/images/tomato leaf mold/208.jpg,Tomato___Leaf_Mold,Tomato___Late_blight,0.810402
plantwild/extracted/plantwild/images/tomato leaf mold/209.jpg,Tomato___Leaf_Mold,Corn___Northern_Leaf_Blight,0.306574
plantwild/extracted/plantwild/images/tomato leaf mold/21.jpg,Tomato___Leaf_Mold,Strawberry___Leaf_scorch,0.258750
plantwild/extracted/plantwild/images/tomato leaf mold/210.jpg,Tomato___Leaf_Mold,Tomato___Late_blight,0.960731
plantwild/extracted/plantwild/images/tomato leaf mold/211.jpg,Tomato___Leaf_Mold,Tomato___Late_blight,0.970837
plantwild/extracted/plantwild/images/tomato leaf mold/215.jpg,Tomato___Leaf_Mold,Tomato___Late_blight,0.503228
plantwild/extracted/plantwild/images/tomato leaf mold/216.jpg,Tomato___Leaf_Mold,Tomato___Late_blight,0.861282
plantwild/extracted/plantwild/images/tomato leaf mold/217.jpg,Tomato___Leaf_Mold,Tomato___Late_blight,0.925559
plantwild/extracted/plantwild/images/tomato leaf mold/219.jpg,Tomato___Leaf_Mold,Potato___Early_blight,0.463171
plantwild/extracted/plantwild/images/tomato leaf mold/22.jpg,Tomato___Leaf_Mold,Tomato___Late_blight,0.883950
plantwild/extracted/plantwild/images/tomato leaf mold/224.jpg,Tomato___Leaf_Mold,Tomato___Late_blight,0.966999
plantwild/extracted/plantwild/images/tomato leaf mold/225.jpg,Tomato___Leaf_Mold,Tomato___Late_blight,0.968935
plantwild/extracted/plantwild/images/tomato leaf mold/226.jpg,Tomato___Leaf_Mold,Tomato___Late_blight,0.941380
plantwild/extracted/plantwild/images/tomato leaf mold/227.jpg,Tomato___Leaf_Mold,Tomato___Late_blight,0.964984
plantwild/extracted/plantwild/images/tomato leaf mold/23.jpg,Tomato___Leaf_Mold,"Pepper,_bell___healthy",0.284363
plantwild/extracted/plantwild/images/tomato leaf mold/230.jpg,Tomato___Leaf_Mold,Tomato___Late_blight,0.958735
plantwild/extracted/plantwild/images/tomato leaf mold/232.jpg,Tomato___Leaf_Mold,Tomato___Late_blight,0.898828
plantwild/extracted/plantwild/images/tomato leaf mold/233.jpg,Tomato___Leaf_Mold,Tomato___Late_blight,0.960886
plantwild/extracted/plantwild/images/tomato leaf mold/235.jpg,Tomato___Leaf_Mold,Tomato___Late_blight,0.945591
plantwild/extracted/plantwild/images/tomato leaf mold/236.jpg,Tomato___Leaf_Mold,Tomato___Late_blight,0.961430
plantwild/extracted/plantwild/images/tomato leaf mold/239.jpg,Tomato___Leaf_Mold,Tomato___Late_blight,0.913579
plantwild/extracted/plantwild/images/tomato leaf mold/24.jpg,Tomato___Leaf_Mold,Tomato___Late_blight,0.964539
plantwild/extracted/plantwild/images/tomato leaf mold/240.jpg,Tomato___Leaf_Mold,Tomato___Late_blight,0.971541
plantwild/extracted/plantwild/images/tomato leaf mold/241.jpg,Tomato___Leaf_Mold,Tomato___Late_blight,0.966288
plantwild/extracted/plantwild/images/tomato leaf mold/243.jpg,Tomato___Leaf_Mold,Squash___Powdery_mildew,0.553448
plantwild/extracted/plantwild/images/tomato leaf mold/245.jpg,Tomato___Leaf_Mold,Tomato___Late_blight,0.847241
plantwild/extracted/plantwild/images/tomato leaf mold/247.jpg,Tomato___Leaf_Mold,Strawberry___Leaf_scorch,0.590817
plantwild/extracted/plantwild/images/tomato leaf mold/248.jpg,Tomato___Leaf_Mold,Tomato___Late_blight,0.934053
plantwild/extracted/plantwild/images/tomato leaf mold/25.jpg,Tomato___Leaf_Mold,Tomato___Late_blight,0.967265
plantwild/extracted/plantwild/images/tomato leaf mold/254.jpg,Tomato___Leaf_Mold,Tomato___Late_blight,0.967057
plantwild/extracted/plantwild/images/tomato leaf mold/259.jpg,Tomato___Leaf_Mold,Tomato___Late_blight,0.947058
plantwild/extracted/plantwild/images/tomato leaf mold/262.jpg,Tomato___Leaf_Mold,Tomato___Late_blight,0.889505
plantwild/extracted/plantwild/images/tomato leaf mold/264.jpg,Tomato___Leaf_Mold,Grape___Esca_(Black_Measles),0.166725
plantwild/extracted/plantwild/images/tomato leaf mold/265.jpg,Tomato___Leaf_Mold,Tomato___Late_blight,0.956824
plantwild/extracted/plantwild/images/tomato leaf mold/266.jpg,Tomato___Leaf_Mold,Tomato___Late_blight,0.921498
plantwild/extracted/plantwild/images/tomato leaf mold/267.jpg,Tomato___Leaf_Mold,Tomato___Late_blight,0.967099
plantwild/extracted/plantwild/images/tomato leaf mold/268.jpg,Tomato___Leaf_Mold,Cherry___healthy,0.290227
plantwild/extracted/plantwild/images/tomato leaf mold/269.jpg,Tomato___Leaf_Mold,Tomato___Early_blight,0.926725
plantwild/extracted/plantwild/images/tomato leaf mold/271.jpg,Tomato___Leaf_Mold,Tomato___Late_blight,0.970317
plantwild/extracted/plantwild/images/tomato leaf mold/272 - Copy.jpg,Tomato___Leaf_Mold,Tomato___Late_blight,0.961960
plantwild/extracted/plantwild/images/tomato leaf mold/272.jpg,Tomato___Leaf_Mold,Corn___healthy,0.650889
plantwild/extracted/plantwild/images/tomato leaf mold/274.jpg,Tomato___Leaf_Mold,Tomato___Late_blight,0.889345
plantwild/extracted/plantwild/images/tomato leaf mold/275.jpg,Tomato___Leaf_Mold,Tomato___Late_blight,0.914258
plantwild/extracted/plantwild/images/tomato leaf mold/277.jpg,Tomato___Leaf_Mold,Tomato___Late_blight,0.545122
plantwild/extracted/plantwild/images/tomato leaf mold/278.jpg,Tomato___Leaf_Mold,Tomato___Early_blight,0.809118
plantwild/extracted/plantwild/images/tomato leaf mold/279.jpg,Tomato___Leaf_Mold,Tomato___Late_blight,0.813715
plantwild/extracted/plantwild/images/tomato leaf mold/28.jpg,Tomato___Leaf_Mold,Tomato___Late_blight,0.957987
plantwild/extracted/plantwild/images/tomato leaf mold/281.jpg,Tomato___Leaf_Mold,Strawberry___Leaf_scorch,0.922444
plantwild/extracted/plantwild/images/tomato leaf mold/282.jpg,Tomato___Leaf_Mold,Tomato___Late_blight,0.691288
plantwild/extracted/plantwild/images/tomato leaf mold/3.jpg,Tomato___Leaf_Mold,"Pepper,_bell___healthy",0.238720
plantwild/extracted/plantwild/images/tomato leaf mold/30.jpg,Tomato___Leaf_Mold,"Pepper,_bell___healthy",0.815781
plantwild/extracted/plantwild/images/tomato leaf mold/31.jpg,Tomato___Leaf_Mold,Squash___Powdery_mildew,0.899270
plantwild/extracted/plantwild/images/tomato leaf mold/32.jpg,Tomato___Leaf_Mold,Tomato___Late_blight,0.950652
plantwild/extracted/plantwild/images/tomato leaf mold/33.jpg,Tomato___Leaf_Mold,Strawberry___Leaf_scorch,0.916539
plantwild/extracted/plantwild/images/tomato leaf mold/34.jpg,Tomato___Leaf_Mold,Tomato___Late_blight,0.958985
plantwild/extracted/plantwild/images/tomato leaf mold/35.jpg,Tomato___Leaf_Mold,Corn___Northern_Leaf_Blight,0.500111
plantwild/extracted/plantwild/images/tomato leaf mold/38.jpg,Tomato___Leaf_Mold,Tomato___Late_blight,0.967368
plantwild/extracted/plantwild/images/tomato leaf mold/39.jpg,Tomato___Leaf_Mold,Cherry___healthy,0.541257
plantwild/extracted/plantwild/images/tomato leaf mold/40.jpg,Tomato___Leaf_Mold,"Pepper,_bell___healthy",0.671764
plantwild/extracted/plantwild/images/tomato leaf mold/41.jpg,Tomato___Leaf_Mold,Cherry___healthy,0.253951
plantwild/extracted/plantwild/images/tomato leaf mold/45.jpg,Tomato___Leaf_Mold,Tomato___Late_blight,0.814181
plantwild/extracted/plantwild/images/tomato leaf mold/46.jpg,Tomato___Leaf_Mold,"Pepper,_bell___healthy",0.383649
plantwild/extracted/plantwild/images/tomato leaf mold/47.jpg,Tomato___Leaf_Mold,Strawberry___Leaf_scorch,0.483321
plantwild/extracted/plantwild/images/tomato leaf mold/48.jpg,Tomato___Leaf_Mold,Tomato___Late_blight,0.964386
plantwild/extracted/plantwild/images/tomato leaf mold/5.jpg,Tomato___Leaf_Mold,Tomato___Late_blight,0.937593
plantwild/extracted/plantwild/images/tomato leaf mold/50.jpg,Tomato___Leaf_Mold,"Pepper,_bell___healthy",0.948928
plantwild/extracted/plantwild/images/tomato leaf mold/58 - Copy.jpg,Tomato___Leaf_Mold,Tomato___Early_blight,0.589555
plantwild/extracted/plantwild/images/tomato leaf mold/58.jpg,Tomato___Leaf_Mold,Tomato___Late_blight,0.347692
plantwild/extracted/plantwild/images/tomato leaf mold/59.jpg,Tomato___Leaf_Mold,Tomato___Late_blight,0.968055
plantwild/extracted/plantwild/images/tomato leaf mold/60.jpg,Tomato___Leaf_Mold,Corn___healthy,0.928566
plantwild/extracted/plantwild/images/tomato leaf mold/62.jpg,Tomato___Leaf_Mold,"Pepper,_bell___healthy",0.700667
plantwild/extracted/plantwild/images/tomato leaf mold/63.jpg,Tomato___Leaf_Mold,Tomato___Late_blight,0.964996
plantwild/extracted/plantwild/images/tomato leaf mold/64.jpg,Tomato___Leaf_Mold,"Pepper,_bell___healthy",0.306718
plantwild/extracted/plantwild/images/tomato leaf mold/65.jpg,Tomato___Leaf_Mold,Tomato___Late_blight,0.394048
plantwild/extracted/plantwild/images/tomato leaf mold/66.jpg,Tomato___Leaf_Mold,Squash___Powdery_mildew,0.813133
plantwild/extracted/plantwild/images/tomato leaf mold/69 - Copy (2).jpg,Tomato___Leaf_Mold,Corn___healthy,0.801515
plantwild/extracted/plantwild/images/tomato leaf mold/69 - Copy (3).jpg,Tomato___Leaf_Mold,Tomato___Late_blight,0.970270
plantwild/extracted/plantwild/images/tomato leaf mold/69 - Copy.jpg,Tomato___Leaf_Mold,Tomato___Late_blight,0.952587
plantwild/extracted/plantwild/images/tomato leaf mold/69.jpg,Tomato___Leaf_Mold,Potato___Late_blight,0.871656
plantwild/extracted/plantwild/images/tomato leaf mold/7.jpg,Tomato___Leaf_Mold,Tomato___Late_blight,0.727335
plantwild/extracted/plantwild/images/tomato leaf mold/71.jpg,Tomato___Leaf_Mold,Potato___Early_blight,0.788024
plantwild/extracted/plantwild/images/tomato leaf mold/74.jpg,Tomato___Leaf_Mold,Corn___healthy,0.463587
plantwild/extracted/plantwild/images/tomato leaf mold/77.jpg,Tomato___Leaf_Mold,Strawberry___Leaf_scorch,0.619612
plantwild/extracted/plantwild/images/tomato leaf mold/80.jpg,Tomato___Leaf_Mold,Cherry___healthy,0.882654
plantwild/extracted/plantwild/images/tomato leaf mold/83.jpg,Tomato___Leaf_Mold,Cherry___healthy,0.639956
plantwild/extracted/plantwild/images/tomato leaf mold/86.jpg,Tomato___Leaf_Mold,Cherry___healthy,0.657090
plantwild/extracted/plantwild/images/tomato leaf mold/87.jpg,Tomato___Leaf_Mold,Tomato___Late_blight,0.492736
plantwild/extracted/plantwild/images/tomato leaf mold/88.jpg,Tomato___Leaf_Mold,Tomato___Late_blight,0.956816
plantwild/extracted/plantwild/images/tomato leaf mold/89.jpg,Tomato___Leaf_Mold,Tomato___Late_blight,0.941353
plantwild/extracted/plantwild/images/tomato leaf mold/9.jpg,Tomato___Leaf_Mold,Cherry___healthy,0.772483
plantwild/extracted/plantwild/images/tomato leaf mold/91.jpg,Tomato___Leaf_Mold,Cherry___Powdery_mildew,0.295692
plantwild/extracted/plantwild/images/tomato leaf mold/92.jpg,Tomato___Leaf_Mold,Strawberry___Leaf_scorch,0.787789
plantwild/extracted/plantwild/images/tomato leaf mold/94.jpg,Tomato___Leaf_Mold,Tomato___Late_blight,0.967002
plantwild/extracted/plantwild/images/tomato leaf mold/99.jpg,Tomato___Leaf_Mold,"Pepper,_bell___healthy",0.752057
plantwild/extracted/plantwild/images/tomato leaf mold/google_0001.jpg,Tomato___Leaf_Mold,Tomato___Late_blight,0.968674
plantwild/extracted/plantwild/images/tomato leaf mold/google_0002.jpg,Tomato___Leaf_Mold,Squash___Powdery_mildew,0.773018
plantwild/extracted/plantwild/images/tomato leaf mold/google_0006.jpg,Tomato___Leaf_Mold,Corn___healthy,0.918120
plantwild/extracted/plantwild/images/tomato leaf mold/google_0007 - Copy.jpg,Tomato___Leaf_Mold,Tomato___Late_blight,0.941708
plantwild/extracted/plantwild/images/tomato leaf mold/google_0007.jpg,Tomato___Leaf_Mold,Tomato___Late_blight,0.792542
plantwild/extracted/plantwild/images/tomato leaf mold/google_0008.jpg,Tomato___Leaf_Mold,Corn___Cercospora_leaf_spot Gray_leaf_spot,0.486238
plantwild/extracted/plantwild/images/tomato leaf mold/google_0009.jpg,Tomato___Leaf_Mold,Tomato___Leaf_Mold,0.968946
plantwild/extracted/plantwild/images/tomato leaf mold/google_0012.jpg,Tomato___Leaf_Mold,"Pepper,_bell___healthy",0.907694
plantwild/extracted/plantwild/images/tomato leaf mold/google_0013.jpg,Tomato___Leaf_Mold,Tomato___Late_blight,0.968369
plantwild/extracted/plantwild/images/tomato leaf mold/google_0016.jpg,Tomato___Leaf_Mold,Tomato___Late_blight,0.811355
plantwild/extracted/plantwild/images/tomato leaf mold/google_0017.jpg,Tomato___Leaf_Mold,Tomato___Late_blight,0.936607
plantwild/extracted/plantwild/images/tomato leaf mold/google_0019 - Copy.jpg,Tomato___Leaf_Mold,Strawberry___Leaf_scorch,0.498921
plantwild/extracted/plantwild/images/tomato leaf mold/google_0019.jpg,Tomato___Leaf_Mold,Tomato___Late_blight,0.969000
plantwild/extracted/plantwild/images/tomato leaf mold/google_0020.jpg,Tomato___Leaf_Mold,"Pepper,_bell___healthy",0.913928
plantwild/extracted/plantwild/images/tomato leaf mold/google_0022.jpg,Tomato___Leaf_Mold,Cherry___healthy,0.407573
plantwild/extracted/plantwild/images/tomato leaf mold/google_0024.jpg,Tomato___Leaf_Mold,Corn___healthy,0.450245
plantwild/extracted/plantwild/images/tomato leaf mold/google_0028.jpg,Tomato___Leaf_Mold,Tomato___Leaf_Mold,0.936593
plantwild/extracted/plantwild/images/tomato leaf mold/google_0030.jpg,Tomato___Leaf_Mold,Tomato___Late_blight,0.957266
plantwild/extracted/plantwild/images/tomato leaf mold/google_0032.jpg,Tomato___Leaf_Mold,Tomato___Late_blight,0.421950
plantwild/extracted/plantwild/images/tomato leaf mold/google_0036.jpg,Tomato___Leaf_Mold,Tomato___Leaf_Mold,0.968069
plantwild/extracted/plantwild/images/tomato leaf mold/google_0038.jpg,Tomato___Leaf_Mold,Tomato___Late_blight,0.971206
plantwild/extracted/plantwild/images/tomato leaf mold/google_0042.jpg,Tomato___Leaf_Mold,Tomato___Leaf_Mold,0.962055
plantwild/extracted/plantwild/images/tomato leaf mold/google_0045.jpg,Tomato___Leaf_Mold,Tomato___Late_blight,0.804582
plantwild/extracted/plantwild/images/tomato leaf mold/google_0048.jpg,Tomato___Leaf_Mold,Corn___Northern_Leaf_Blight,0.428302
plantwild/extracted/plantwild/images/tomato leaf mold/google_0049.jpg,Tomato___Leaf_Mold,"Pepper,_bell___healthy",0.786251
plantwild/extracted/plantwild/images/tomato leaf mold/google_0051.jpg,Tomato___Leaf_Mold,Tomato___Late_blight,0.955270
plantwild/extracted/plantwild/images/tomato leaf mold/google_0054.jpg,Tomato___Leaf_Mold,Tomato___Leaf_Mold,0.395917
plantwild/extracted/plantwild/images/tomato leaf mold/google_0055.jpg,Tomato___Leaf_Mold,Tomato___Late_blight,0.452763
plantwild/extracted/plantwild/images/tomato leaf mold/google_0056.jpg,Tomato___Leaf_Mold,Strawberry___Leaf_scorch,0.634802
plantwild/extracted/plantwild/images/tomato leaf mold/google_0061.jpg,Tomato___Leaf_Mold,Strawberry___Leaf_scorch,0.729472
plantwild/extracted/plantwild/images/tomato leaf mold/google_0063 - Copy.jpg,Tomato___Leaf_Mold,Tomato___Late_blight,0.825608
plantwild/extracted/plantwild/images/tomato leaf mold/google_0063.jpg,Tomato___Leaf_Mold,Tomato___Late_blight,0.969732
plantwild/extracted/plantwild/images/tomato leaf mold/google_0067.jpg,Tomato___Leaf_Mold,Tomato___Late_blight,0.965154
plantwild/extracted/plantwild/images/tomato leaf mold/google_0070.jpg,Tomato___Leaf_Mold,"Pepper,_bell___healthy",0.746891
plantwild/extracted/plantwild/images/tomato leaf mold/google_0072.jpg,Tomato___Leaf_Mold,"Pepper,_bell___healthy",0.474604
plantwild/extracted/plantwild/images/tomato leaf mold/google_0083.jpg,Tomato___Leaf_Mold,Tomato___Late_blight,0.943944
plantwild/extracted/plantwild/images/tomato leaf mold/google_0101.jpg,Tomato___Leaf_Mold,Tomato___Tomato_mosaic_virus,0.968459
plantwild/extracted/plantwild/images/tomato leaf mold/google_0104 - Copy.jpg,Tomato___Leaf_Mold,Tomato___Late_blight,0.964788
plantwild/extracted/plantwild/images/tomato leaf mold/google_0104.jpg,Tomato___Leaf_Mold,Tomato___Late_blight,0.965216
plantwild/extracted/plantwild/images/tomato leaf mold/google_0105.jpg,Tomato___Leaf_Mold,"Pepper,_bell___healthy",0.446406
plantwild/extracted/plantwild/images/tomato leaf mold/google_0110.jpg,Tomato___Leaf_Mold,Tomato___Leaf_Mold,0.968379
plantwild/extracted/plantwild/images/tomato leaf mold/google_0111.jpg,Tomato___Leaf_Mold,Tomato___Tomato_Yellow_Leaf_Curl_Virus,0.482609
plantwild/extracted/plantwild/images/tomato leaf mold/google_0116 - Copy.jpg,Tomato___Leaf_Mold,Tomato___Leaf_Mold,0.966078
plantwild/extracted/plantwild/images/tomato leaf mold/google_0116.jpg,Tomato___Leaf_Mold,Tomato___Leaf_Mold,0.968454
plantwild/extracted/plantwild/images/tomato leaf mold/google_0122.jpg,Tomato___Leaf_Mold,Tomato___Late_blight,0.966892
plantwild/extracted/plantwild/images/tomato leaf mold/google_0123.jpg,Tomato___Leaf_Mold,Potato___Early_blight,0.317131
plantwild/extracted/plantwild/images/tomato leaf mold/google_0125.jpg,Tomato___Leaf_Mold,Strawberry___Leaf_scorch,0.745677
plantwild/extracted/plantwild/images/tomato leaf mold/google_0127.jpg,Tomato___Leaf_Mold,"Pepper,_bell___healthy",0.896614
plantwild/extracted/plantwild/images/tomato leaf mold/google_0129.jpg,Tomato___Leaf_Mold,Tomato___Late_blight,0.970979
plantwild/extracted/plantwild/images/tomato leaf mold/google_0131 - Copy (2).jpg,Tomato___Leaf_Mold,Tomato___Leaf_Mold,0.968671
plantwild/extracted/plantwild/images/tomato leaf mold/google_0131 - Copy.jpg,Tomato___Leaf_Mold,Tomato___Leaf_Mold,0.969229
plantwild/extracted/plantwild/images/tomato leaf mold/google_0131.jpg,Tomato___Leaf_Mold,Tomato___Leaf_Mold,0.968223
plantwild/extracted/plantwild/images/tomato leaf mold/google_0135.jpg,Tomato___Leaf_Mold,Tomato___Late_blight,0.820259
plantwild/extracted/plantwild/images/tomato leaf mold/google_0142.jpg,Tomato___Leaf_Mold,Tomato___Leaf_Mold,0.966782
plantwild/extracted/plantwild/images/tomato leaf mold/google_0152.jpg,Tomato___Leaf_Mold,"Pepper,_bell___healthy",0.471237
plantwild/extracted/plantwild/images/tomato leaf mold/google_0153.jpg,Tomato___Leaf_Mold,Tomato___Late_blight,0.899674
plantwild/extracted/plantwild/images/tomato leaf mold/google_0174 - Copy.jpg,Tomato___Leaf_Mold,Corn___healthy,0.874733
plantwild/extracted/plantwild/images/tomato leaf mold/google_0174.jpg,Tomato___Leaf_Mold,Tomato___Late_blight,0.734119
plantwild/extracted/plantwild/images/tomato leaf mold/google_0175.jpg,Tomato___Leaf_Mold,Tomato___Leaf_Mold,0.968297
plantwild/extracted/plantwild/images/tomato leaf mold/google_0176.jpg,Tomato___Leaf_Mold,Tomato___Late_blight,0.776220
plantwild/extracted/plantwild/images/tomato leaf mold/google_0177.jpg,Tomato___Leaf_Mold,Strawberry___Leaf_scorch,0.652755
plantwild/extracted/plantwild/images/tomato leaf mold/google_0178.jpg,Tomato___Leaf_Mold,Tomato___Leaf_Mold,0.961150
plantwild/extracted/plantwild/images/tomato leaf mold/google_0185 - Copy (2).jpg,Tomato___Leaf_Mold,Tomato___Leaf_Mold,0.960631
plantwild/extracted/plantwild/images/tomato leaf mold/google_0185 - Copy (3).jpg,Tomato___Leaf_Mold,Tomato___Tomato_Yellow_Leaf_Curl_Virus,0.887410
plantwild/extracted/plantwild/images/tomato leaf mold/google_0185 - Copy.jpg,Tomato___Leaf_Mold,Tomato___Leaf_Mold,0.969128
plantwild/extracted/plantwild/images/tomato leaf mold/google_0185.jpg,Tomato___Leaf_Mold,Tomato___Leaf_Mold,0.968710
plantwild/extracted/plantwild/images/tomato leaf mold/google_0216.jpg,Tomato___Leaf_Mold,Tomato___Late_blight,0.964525
plantwild/extracted/plantwild/images/tomato leaf mold/google_0220.jpg,Tomato___Leaf_Mold,Tomato___Late_blight,0.953561
plantwild/extracted/plantwild/images/tomato leaf mold/google_0222.jpg,Tomato___Leaf_Mold,Tomato___Leaf_Mold,0.950755
plantwild/extracted/plantwild/images/tomato leaf mold/google_0226.jpg,Tomato___Leaf_Mold,Tomato___Leaf_Mold,0.968427
plantwild/extracted/plantwild/images/tomato leaf mold/google_0246.jpg,Tomato___Leaf_Mold,Tomato___Late_blight,0.969266
plantwild/extracted/plantwild/images/tomato leaf mold/google_0254.jpg,Tomato___Leaf_Mold,Tomato___Leaf_Mold,0.969558
plantwild/extracted/plantwild/images/tomato leaf mold/google_0257.jpg,Tomato___Leaf_Mold,"Pepper,_bell___healthy",0.577021
plantwild/extracted/plantwild/images/tomato leaf mold/google_0260.jpg,Tomato___Leaf_Mold,Tomato___Late_blight,0.964615
plantwild/extracted/plantwild/images/tomato leaf mold/google_0261.jpg,Tomato___Leaf_Mold,Tomato___Late_blight,0.767301
plantwild/extracted/plantwild/images/tomato leaf mold/google_0262.jpg,Tomato___Leaf_Mold,"Pepper,_bell___healthy",0.315571
plantwild/extracted/plantwild/images/tomato leaf mold/google_0267.jpg,Tomato___Leaf_Mold,Tomato___Early_blight,0.926968
plantwild/extracted/plantwild/images/tomato leaf mold/google_0277.jpg,Tomato___Leaf_Mold,Tomato___Late_blight,0.386996
plantwild/extracted/plantwild/images/tomato leaf mold/google_0282.jpg,Tomato___Leaf_Mold,Potato___Early_blight,0.680226
plantwild/extracted/plantwild/images/tomato leaf mold/google_0283.jpg,Tomato___Leaf_Mold,Tomato___Tomato_Yellow_Leaf_Curl_Virus,0.924371
plantwild/extracted/plantwild/images/tomato leaf mold/google_0284.jpg,Tomato___Leaf_Mold,Tomato___Leaf_Mold,0.969177
plantwild/extracted/plantwild/images/tomato leaf mold/google_0286.jpg,Tomato___Leaf_Mold,"Pepper,_bell___healthy",0.680163
plantwild/extracted/plantwild/images/tomato leaf mold/google_0293.jpg,Tomato___Leaf_Mold,Tomato___Late_blight,0.962861
plantwild/extracted/plantwild/images/tomato leaf mold/google_0304.jpg,Tomato___Leaf_Mold,Potato___Early_blight,0.557785
plantwild/extracted/plantwild/images/tomato leaf mold/google_0306.jpg,Tomato___Leaf_Mold,Tomato___Late_blight,0.945110
plantwild/extracted/plantwild/images/tomato leaf mold/google_0308 - Copy (2).jpg,Tomato___Leaf_Mold,Tomato___Late_blight,0.943660
plantwild/extracted/plantwild/images/tomato leaf mold/google_0308 - Copy.jpg,Tomato___Leaf_Mold,"Pepper,_bell___healthy",0.705216
plantwild/extracted/plantwild/images/tomato leaf mold/google_0308.jpg,Tomato___Leaf_Mold,"Pepper,_bell___healthy",0.616913
plantwild/extracted/plantwild/images/tomato mosaic virus/1.jpg,Tomato___Tomato_mosaic_virus,Cherry___healthy,0.538303
plantwild/extracted/plantwild/images/tomato mosaic virus/10.jpg,Tomato___Tomato_mosaic_virus,Cherry___healthy,0.896867
plantwild/extracted/plantwild/images/tomato mosaic virus/11.jpg,Tomato___Tomato_mosaic_virus,Tomato___Early_blight,0.825189
plantwild/extracted/plantwild/images/tomato mosaic virus/112.jpg,Tomato___Tomato_mosaic_virus,Tomato___Tomato_Yellow_Leaf_Curl_Virus,0.324794
plantwild/extracted/plantwild/images/tomato mosaic virus/117.jpg,Tomato___Tomato_mosaic_virus,Squash___Powdery_mildew,0.541847
plantwild/extracted/plantwild/images/tomato mosaic virus/118.jpg,Tomato___Tomato_mosaic_virus,Cherry___healthy,0.902480
plantwild/extracted/plantwild/images/tomato mosaic virus/119.jpg,Tomato___Tomato_mosaic_virus,"Pepper,_bell___healthy",0.801222
plantwild/extracted/plantwild/images/tomato mosaic virus/125.jpg,Tomato___Tomato_mosaic_virus,Cherry___healthy,0.875833
plantwild/extracted/plantwild/images/tomato mosaic virus/127.jpg,Tomato___Tomato_mosaic_virus,Strawberry___Leaf_scorch,0.905115
plantwild/extracted/plantwild/images/tomato mosaic virus/129.jpg,Tomato___Tomato_mosaic_virus,"Pepper,_bell___healthy",0.869102
plantwild/extracted/plantwild/images/tomato mosaic virus/13.jpg,Tomato___Tomato_mosaic_virus,Cherry___healthy,0.381190
plantwild/extracted/plantwild/images/tomato mosaic virus/132.jpg,Tomato___Tomato_mosaic_virus,Squash___Powdery_mildew,0.542187
plantwild/extracted/plantwild/images/tomato mosaic virus/135.jpg,Tomato___Tomato_mosaic_virus,Strawberry___Leaf_scorch,0.505704
plantwild/extracted/plantwild/images/tomato mosaic virus/138.jpg,Tomato___Tomato_mosaic_virus,Cherry___healthy,0.775595
plantwild/extracted/plantwild/images/tomato mosaic virus/139.jpg,Tomato___Tomato_mosaic_virus,"Pepper,_bell___healthy",0.898036
plantwild/extracted/plantwild/images/tomato mosaic virus/14.jpg,Tomato___Tomato_mosaic_virus,Cherry___healthy,0.915368
plantwild/extracted/plantwild/images/tomato mosaic virus/140.jpg,Tomato___Tomato_mosaic_virus,"Pepper,_bell___healthy",0.904634
plantwild/extracted/plantwild/images/tomato mosaic virus/143.jpg,Tomato___Tomato_mosaic_virus,Tomato___Early_blight,0.755683
plantwild/extracted/plantwild/images/tomato mosaic virus/147.jpg,Tomato___Tomato_mosaic_virus,Cherry___healthy,0.896254
plantwild/extracted/plantwild/images/tomato mosaic virus/15.jpg,Tomato___Tomato_mosaic_virus,"Pepper,_bell___healthy",0.407089
plantwild/extracted/plantwild/images/tomato mosaic virus/151.jpg,Tomato___Tomato_mosaic_virus,Strawberry___Leaf_scorch,0.534492
plantwild/extracted/plantwild/images/tomato mosaic virus/152.jpg,Tomato___Tomato_mosaic_virus,Tomato___Tomato_Yellow_Leaf_Curl_Virus,0.365718
plantwild/extracted/plantwild/images/tomato mosaic virus/153.jpg,Tomato___Tomato_mosaic_virus,Cherry___healthy,0.376511
plantwild/extracted/plantwild/images/tomato mosaic virus/154.jpg,Tomato___Tomato_mosaic_virus,Tomato___Early_blight,0.839650
plantwild/extracted/plantwild/images/tomato mosaic virus/155.jpg,Tomato___Tomato_mosaic_virus,Corn___healthy,0.424570
plantwild/extracted/plantwild/images/tomato mosaic virus/158.jpg,Tomato___Tomato_mosaic_virus,Cherry___healthy,0.827220
plantwild/extracted/plantwild/images/tomato mosaic virus/16.jpg,Tomato___Tomato_mosaic_virus,Strawberry___Leaf_scorch,0.938346
plantwild/extracted/plantwild/images/tomato mosaic virus/162.jpg,Tomato___Tomato_mosaic_virus,Strawberry___Leaf_scorch,0.239565
plantwild/extracted/plantwild/images/tomato mosaic virus/167.jpg,Tomato___Tomato_mosaic_virus,Grape___Leaf_blight_(Isariopsis_Leaf_Spot),0.658447
plantwild/extracted/plantwild/images/tomato mosaic virus/168.jpg,Tomato___Tomato_mosaic_virus,Cherry___healthy,0.597585
plantwild/extracted/plantwild/images/tomato mosaic virus/169.jpg,Tomato___Tomato_mosaic_virus,"Pepper,_bell___healthy",0.402322
plantwild/extracted/plantwild/images/tomato mosaic virus/17.jpg,Tomato___Tomato_mosaic_virus,"Pepper,_bell___healthy",0.859806
plantwild/extracted/plantwild/images/tomato mosaic virus/170.jpg,Tomato___Tomato_mosaic_virus,"Pepper,_bell___healthy",0.840450
plantwild/extracted/plantwild/images/tomato mosaic virus/171.jpg,Tomato___Tomato_mosaic_virus,Cherry___healthy,0.838316
plantwild/extracted/plantwild/images/tomato mosaic virus/173.jpg,Tomato___Tomato_mosaic_virus,Tomato___Tomato_Yellow_Leaf_Curl_Virus,0.918390
plantwild/extracted/plantwild/images/tomato mosaic virus/176.jpg,Tomato___Tomato_mosaic_virus,"Pepper,_bell___healthy",0.177597
plantwild/extracted/plantwild/images/tomato mosaic virus/177.jpg,Tomato___Tomato_mosaic_virus,Cherry___healthy,0.820051
plantwild/extracted/plantwild/images/tomato mosaic virus/179.jpg,Tomato___Tomato_mosaic_virus,Tomato___Tomato_Yellow_Leaf_Curl_Virus,0.723323
plantwild/extracted/plantwild/images/tomato mosaic virus/18.jpg,Tomato___Tomato_mosaic_virus,Cherry___healthy,0.944263
plantwild/extracted/plantwild/images/tomato mosaic virus/182.jpg,Tomato___Tomato_mosaic_virus,Cherry___healthy,0.272328
plantwild/extracted/plantwild/images/tomato mosaic virus/184.jpg,Tomato___Tomato_mosaic_virus,"Pepper,_bell___healthy",0.838388
plantwild/extracted/plantwild/images/tomato mosaic virus/188.jpg,Tomato___Tomato_mosaic_virus,Cherry___healthy,0.852295
plantwild/extracted/plantwild/images/tomato mosaic virus/19.jpg,Tomato___Tomato_mosaic_virus,Cherry___healthy,0.943946
plantwild/extracted/plantwild/images/tomato mosaic virus/192.jpg,Tomato___Tomato_mosaic_virus,Cherry___healthy,0.834990
plantwild/extracted/plantwild/images/tomato mosaic virus/194.jpg,Tomato___Tomato_mosaic_virus,Strawberry___Leaf_scorch,0.835894
plantwild/extracted/plantwild/images/tomato mosaic virus/196.jpg,Tomato___Tomato_mosaic_virus,Cherry___healthy,0.947221
plantwild/extracted/plantwild/images/tomato mosaic virus/197.jpg,Tomato___Tomato_mosaic_virus,Strawberry___Leaf_scorch,0.923814
plantwild/extracted/plantwild/images/tomato mosaic virus/199.jpg,Tomato___Tomato_mosaic_virus,Tomato___Late_blight,0.963968
plantwild/extracted/plantwild/images/tomato mosaic virus/2.jpg,Tomato___Tomato_mosaic_virus,Cherry___healthy,0.959748
plantwild/extracted/plantwild/images/tomato mosaic virus/200.jpg,Tomato___Tomato_mosaic_virus,Cherry___healthy,0.937935
plantwild/extracted/plantwild/images/tomato mosaic virus/202.jpg,Tomato___Tomato_mosaic_virus,Cherry___healthy,0.960138
plantwild/extracted/plantwild/images/tomato mosaic virus/205.jpg,Tomato___Tomato_mosaic_virus,"Pepper,_bell___healthy",0.846108
plantwild/extracted/plantwild/images/tomato mosaic virus/206.jpg,Tomato___Tomato_mosaic_virus,Cherry___healthy,0.610275
plantwild/extracted/plantwild/images/tomato mosaic virus/209.jpg,Tomato___Tomato_mosaic_virus,Strawberry___Leaf_scorch,0.944313
plantwild/extracted/plantwild/images/tomato mosaic virus/21.jpg,Tomato___Tomato_mosaic_virus,Tomato___Early_blight,0.440974
plantwild/extracted/plantwild/images/tomato mosaic virus/212 - Copy.jpg,Tomato___Tomato_mosaic_virus,Cherry___healthy,0.890063
plantwild/extracted/plantwild/images/tomato mosaic virus/212.jpg,Tomato___Tomato_mosaic_virus,Squash___Powdery_mildew,0.322211
plantwild/extracted/plantwild/images/tomato mosaic virus/217.jpg,Tomato___Tomato_mosaic_virus,Squash___Powdery_mildew,0.914632
plantwild/extracted/plantwild/images/tomato mosaic virus/218.jpg,Tomato___Tomato_mosaic_virus,Cherry___healthy,0.922220
plantwild/extracted/plantwild/images/tomato mosaic virus/22.jpg,Tomato___Tomato_mosaic_virus,Tomato___Early_blight,0.402762
plantwild/extracted/plantwild/images/tomato mosaic virus/228.jpg,Tomato___Tomato_mosaic_virus,Strawberry___Leaf_scorch,0.744913
plantwild/extracted/plantwild/images/tomato mosaic virus/23.jpg,Tomato___Tomato_mosaic_virus,Squash___Powdery_mildew,0.349157
plantwild/extracted/plantwild/images/tomato mosaic virus/230.jpg,Tomato___Tomato_mosaic_virus,Corn___healthy,0.967310
plantwild/extracted/plantwild/images/tomato mosaic virus/233.jpg,Tomato___Tomato_mosaic_virus,"Pepper,_bell___healthy",0.938888
plantwild/extracted/plantwild/images/tomato mosaic virus/236.jpg,Tomato___Tomato_mosaic_virus,Cherry___healthy,0.943793
plantwild/extracted/plantwild/images/tomato mosaic virus/237.jpg,Tomato___Tomato_mosaic_virus,Tomato___Tomato_Yellow_Leaf_Curl_Virus,0.850254
plantwild/extracted/plantwild/images/tomato mosaic virus/24.jpg,Tomato___Tomato_mosaic_virus,Cherry___healthy,0.487707
plantwild/extracted/plantwild/images/tomato mosaic virus/245.jpg,Tomato___Tomato_mosaic_virus,Corn___healthy,0.493383
plantwild/extracted/plantwild/images/tomato mosaic virus/249.jpg,Tomato___Tomato_mosaic_virus,"Pepper,_bell___healthy",0.809076
plantwild/extracted/plantwild/images/tomato mosaic virus/25.jpg,Tomato___Tomato_mosaic_virus,Cherry___healthy,0.761529
plantwild/extracted/plantwild/images/tomato mosaic virus/251.jpg,Tomato___Tomato_mosaic_virus,Cherry___healthy,0.296335
plantwild/extracted/plantwild/images/tomato mosaic virus/259.jpg,Tomato___Tomato_mosaic_virus,Squash___Powdery_mildew,0.726042
plantwild/extracted/plantwild/images/tomato mosaic virus/264.jpg,Tomato___Tomato_mosaic_virus,Strawberry___Leaf_scorch,0.694028
plantwild/extracted/plantwild/images/tomato mosaic virus/28.jpg,Tomato___Tomato_mosaic_virus,Corn___healthy,0.299616
plantwild/extracted/plantwild/images/tomato mosaic virus/29.jpg,Tomato___Tomato_mosaic_virus,Cherry___healthy,0.359382
plantwild/extracted/plantwild/images/tomato mosaic virus/3.jpg,Tomato___Tomato_mosaic_virus,"Pepper,_bell___healthy",0.465512
plantwild/extracted/plantwild/images/tomato mosaic virus/30.jpg,Tomato___Tomato_mosaic_virus,Cherry___healthy,0.359382
plantwild/extracted/plantwild/images/tomato mosaic virus/32.jpg,Tomato___Tomato_mosaic_virus,Cherry___healthy,0.765013
plantwild/extracted/plantwild/images/tomato mosaic virus/33.jpg,Tomato___Tomato_mosaic_virus,Corn___healthy,0.954447
plantwild/extracted/plantwild/images/tomato mosaic virus/35.jpg,Tomato___Tomato_mosaic_virus,Squash___Powdery_mildew,0.500715
plantwild/extracted/plantwild/images/tomato mosaic virus/38.jpg,Tomato___Tomato_mosaic_virus,Cherry___healthy,0.944011
plantwild/extracted/plantwild/images/tomato mosaic virus/4.jpg,Tomato___Tomato_mosaic_virus,Cherry___healthy,0.929355
plantwild/extracted/plantwild/images/tomato mosaic virus/41.jpg,Tomato___Tomato_mosaic_virus,Cherry___healthy,0.919508
plantwild/extracted/plantwild/images/tomato mosaic virus/43.jpg,Tomato___Tomato_mosaic_virus,Cherry___healthy,0.630182
plantwild/extracted/plantwild/images/tomato mosaic virus/44.jpg,Tomato___Tomato_mosaic_virus,Cherry___healthy,0.963235
plantwild/extracted/plantwild/images/tomato mosaic virus/5.jpg,Tomato___Tomato_mosaic_virus,Cherry___healthy,0.861274
plantwild/extracted/plantwild/images/tomato mosaic virus/55.jpg,Tomato___Tomato_mosaic_virus,Cherry___healthy,0.747536
plantwild/extracted/plantwild/images/tomato mosaic virus/58.jpg,Tomato___Tomato_mosaic_virus,Tomato___Late_blight,0.541717
plantwild/extracted/plantwild/images/tomato mosaic virus/59.jpg,Tomato___Tomato_mosaic_virus,Cherry___healthy,0.917870
plantwild/extracted/plantwild/images/tomato mosaic virus/6.jpg,Tomato___Tomato_mosaic_virus,Strawberry___Leaf_scorch,0.737979
plantwild/extracted/plantwild/images/tomato mosaic virus/7.jpg,Tomato___Tomato_mosaic_virus,Cherry___healthy,0.958362
plantwild/extracted/plantwild/images/tomato mosaic virus/70.jpg,Tomato___Tomato_mosaic_virus,Squash___Powdery_mildew,0.874631
plantwild/extracted/plantwild/images/tomato mosaic virus/79.jpg,Tomato___Tomato_mosaic_virus,Cherry___healthy,0.383073
plantwild/extracted/plantwild/images/tomato mosaic virus/9.jpg,Tomato___Tomato_mosaic_virus,Cherry___healthy,0.951878
plantwild/extracted/plantwild/images/tomato mosaic virus/google_0001 - Copy (2).jpg,Tomato___Tomato_mosaic_virus,Tomato___Late_blight,0.962803
plantwild/extracted/plantwild/images/tomato mosaic virus/google_0001 - Copy (3).jpg,Tomato___Tomato_mosaic_virus,Tomato___Late_blight,0.958919
plantwild/extracted/plantwild/images/tomato mosaic virus/google_0001 - Copy.jpg,Tomato___Tomato_mosaic_virus,Tomato___Late_blight,0.968417
plantwild/extracted/plantwild/images/tomato mosaic virus/google_0001.jpg,Tomato___Tomato_mosaic_virus,Tomato___Late_blight,0.608201
plantwild/extracted/plantwild/images/tomato mosaic virus/google_0004.jpg,Tomato___Tomato_mosaic_virus,Cherry___healthy,0.827093
plantwild/extracted/plantwild/images/tomato mosaic virus/google_0005.jpg,Tomato___Tomato_mosaic_virus,Cherry___healthy,0.815548
plantwild/extracted/plantwild/images/tomato mosaic virus/google_0007.jpg,Tomato___Tomato_mosaic_virus,Blueberry___healthy,0.853306
plantwild/extracted/plantwild/images/tomato mosaic virus/google_0008 - Copy.jpg,Tomato___Tomato_mosaic_virus,Tomato___Late_blight,0.969910
plantwild/extracted/plantwild/images/tomato mosaic virus/google_0008.jpg,Tomato___Tomato_mosaic_virus,Tomato___Late_blight,0.967574
plantwild/extracted/plantwild/images/tomato mosaic virus/google_0009.jpg,Tomato___Tomato_mosaic_virus,Cherry___healthy,0.504724
plantwild/extracted/plantwild/images/tomato mosaic virus/google_0011.jpg,Tomato___Tomato_mosaic_virus,Blueberry___healthy,0.281348
plantwild/extracted/plantwild/images/tomato mosaic virus/google_0016.jpg,Tomato___Tomato_mosaic_virus,"Pepper,_bell___healthy",0.922615
plantwild/extracted/plantwild/images/tomato mosaic virus/google_0017.jpg,Tomato___Tomato_mosaic_virus,"Pepper,_bell___healthy",0.646851
plantwild/extracted/plantwild/images/tomato mosaic virus/google_0018 - Copy (2).jpg,Tomato___Tomato_mosaic_virus,Tomato___Tomato_Yellow_Leaf_Curl_Virus,0.661949
plantwild/extracted/plantwild/images/tomato mosaic virus/google_0018 - Copy.jpg,Tomato___Tomato_mosaic_virus,Tomato___Late_blight,0.958514
plantwild/extracted/plantwild/images/tomato mosaic virus/google_0018.jpg,Tomato___Tomato_mosaic_virus,"Pepper,_bell___healthy",0.828714
plantwild/extracted/plantwild/images/tomato mosaic virus/google_0019 - Copy.jpg,Tomato___Tomato_mosaic_virus,Squash___Powdery_mildew,0.946367
plantwild/extracted/plantwild/images/tomato mosaic virus/google_0019.jpg,Tomato___Tomato_mosaic_virus,Squash___Powdery_mildew,0.934904
plantwild/extracted/plantwild/images/tomato mosaic virus/google_0020.jpg,Tomato___Tomato_mosaic_virus,Tomato___Late_blight,0.216611
plantwild/extracted/plantwild/images/tomato mosaic virus/google_0021 - Copy (2).jpg,Tomato___Tomato_mosaic_virus,Tomato___Late_blight,0.630618
plantwild/extracted/plantwild/images/tomato mosaic virus/google_0021 - Copy (3).jpg,Tomato___Tomato_mosaic_virus,Corn___healthy,0.830925
plantwild/extracted/plantwild/images/tomato mosaic virus/google_0021 - Copy.jpg,Tomato___Tomato_mosaic_virus,Tomato___Late_blight,0.958818
plantwild/extracted/plantwild/images/tomato mosaic virus/google_0021.jpg,Tomato___Tomato_mosaic_virus,Corn___healthy,0.959206
plantwild/extracted/plantwild/images/tomato mosaic virus/google_0022.jpg,Tomato___Tomato_mosaic_virus,"Pepper,_bell___healthy",0.287400
plantwild/extracted/plantwild/images/tomato mosaic virus/google_0024.jpg,Tomato___Tomato_mosaic_virus,"Pepper,_bell___healthy",0.819669
plantwild/extracted/plantwild/images/tomato mosaic virus/google_0026.jpg,Tomato___Tomato_mosaic_virus,Blueberry___healthy,0.724544
plantwild/extracted/plantwild/images/tomato mosaic virus/google_0027.jpg,Tomato___Tomato_mosaic_virus,Cherry___healthy,0.248059
plantwild/extracted/plantwild/images/tomato mosaic virus/google_0031.jpg,Tomato___Tomato_mosaic_virus,Squash___Powdery_mildew,0.736496
plantwild/extracted/plantwild/images/tomato mosaic virus/google_0034.jpg,Tomato___Tomato_mosaic_virus,Blueberry___healthy,0.868526
plantwild/extracted/plantwild/images/tomato mosaic virus/google_0037 - Copy.jpg,Tomato___Tomato_mosaic_virus,Squash___Powdery_mildew,0.301063
plantwild/extracted/plantwild/images/tomato mosaic virus/google_0037.jpg,Tomato___Tomato_mosaic_virus,Squash___Powdery_mildew,0.662910
plantwild/extracted/plantwild/images/tomato mosaic virus/google_0042.jpg,Tomato___Tomato_mosaic_virus,Cherry___healthy,0.886246
plantwild/extracted/plantwild/images/tomato mosaic virus/google_0044.jpg,Tomato___Tomato_mosaic_virus,Blueberry___healthy,0.896403
plantwild/extracted/plantwild/images/tomato mosaic virus/google_0045.jpg,Tomato___Tomato_mosaic_virus,Corn___healthy,0.849086
plantwild/extracted/plantwild/images/tomato mosaic virus/google_0046.jpg,Tomato___Tomato_mosaic_virus,"Pepper,_bell___healthy",0.843657
plantwild/extracted/plantwild/images/tomato mosaic virus/google_0049.jpg,Tomato___Tomato_mosaic_virus,Tomato___Tomato_Yellow_Leaf_Curl_Virus,0.396035
plantwild/extracted/plantwild/images/tomato mosaic virus/google_0050.jpg,Tomato___Tomato_mosaic_virus,Cherry___healthy,0.818785
plantwild/extracted/plantwild/images/tomato mosaic virus/google_0051.jpg,Tomato___Tomato_mosaic_virus,Strawberry___Leaf_scorch,0.775707
plantwild/extracted/plantwild/images/tomato mosaic virus/google_0052.jpg,Tomato___Tomato_mosaic_virus,Tomato___Spider_mites Two-spotted_spider_mite,0.729049
plantwild/extracted/plantwild/images/tomato mosaic virus/google_0053 - Copy (2).jpg,Tomato___Tomato_mosaic_virus,Tomato___Late_blight,0.715642
plantwild/extracted/plantwild/images/tomato mosaic virus/google_0053 - Copy.jpg,Tomato___Tomato_mosaic_virus,Cherry___healthy,0.612974
plantwild/extracted/plantwild/images/tomato mosaic virus/google_0053.jpg,Tomato___Tomato_mosaic_virus,Cherry___healthy,0.743965
plantwild/extracted/plantwild/images/tomato mosaic virus/google_0054.jpg,Tomato___Tomato_mosaic_virus,Tomato___Late_blight,0.969884
plantwild/extracted/plantwild/images/tomato mosaic virus/google_0057.jpg,Tomato___Tomato_mosaic_virus,"Pepper,_bell___healthy",0.923502
plantwild/extracted/plantwild/images/tomato mosaic virus/google_0059.jpg,Tomato___Tomato_mosaic_virus,Tomato___Early_blight,0.330776
plantwild/extracted/plantwild/images/tomato mosaic virus/google_0063.jpg,Tomato___Tomato_mosaic_virus,Cherry___healthy,0.635330
plantwild/extracted/plantwild/images/tomato mosaic virus/google_0066 - Copy.jpg,Tomato___Tomato_mosaic_virus,Cherry___healthy,0.816226
plantwild/extracted/plantwild/images/tomato mosaic virus/google_0066.jpg,Tomato___Tomato_mosaic_virus,Squash___Powdery_mildew,0.624653
plantwild/extracted/plantwild/images/tomato mosaic virus/google_0070.jpg,Tomato___Tomato_mosaic_virus,Strawberry___Leaf_scorch,0.695470
plantwild/extracted/plantwild/images/tomato mosaic virus/google_0073.jpg,Tomato___Tomato_mosaic_virus,Cherry___healthy,0.861907
plantwild/extracted/plantwild/images/tomato mosaic virus/google_0076.jpg,Tomato___Tomato_mosaic_virus,"Pepper,_bell___healthy",0.955583
plantwild/extracted/plantwild/images/tomato mosaic virus/google_0077.jpg,Tomato___Tomato_mosaic_virus,"Pepper,_bell___healthy",0.954738
plantwild/extracted/plantwild/images/tomato mosaic virus/google_0079.jpg,Tomato___Tomato_mosaic_virus,Tomato___Tomato_Yellow_Leaf_Curl_Virus,0.596467
plantwild/extracted/plantwild/images/tomato mosaic virus/google_0083.jpg,Tomato___Tomato_mosaic_virus,"Pepper,_bell___healthy",0.967256
plantwild/extracted/plantwild/images/tomato mosaic virus/google_0084.jpg,Tomato___Tomato_mosaic_virus,Cherry___healthy,0.733334
plantwild/extracted/plantwild/images/tomato mosaic virus/google_0085.jpg,Tomato___Tomato_mosaic_virus,Squash___Powdery_mildew,0.965035
plantwild/extracted/plantwild/images/tomato mosaic virus/google_0089.jpg,Tomato___Tomato_mosaic_virus,"Pepper,_bell___healthy",0.484616
plantwild/extracted/plantwild/images/tomato mosaic virus/google_0091.jpg,Tomato___Tomato_mosaic_virus,Tomato___Tomato_mosaic_virus,0.628016
plantwild/extracted/plantwild/images/tomato mosaic virus/google_0092.jpg,Tomato___Tomato_mosaic_virus,Tomato___Early_blight,0.915500
plantwild/extracted/plantwild/images/tomato mosaic virus/google_0093.jpg,Tomato___Tomato_mosaic_virus,Cherry___healthy,0.573949
plantwild/extracted/plantwild/images/tomato mosaic virus/google_0095.jpg,Tomato___Tomato_mosaic_virus,Cherry___healthy,0.956163
plantwild/extracted/plantwild/images/tomato mosaic virus/google_0098.jpg,Tomato___Tomato_mosaic_virus,Squash___Powdery_mildew,0.852933
plantwild/extracted/plantwild/images/tomato mosaic virus/google_0101.jpg,Tomato___Tomato_mosaic_virus,Cherry___healthy,0.753895
plantwild/extracted/plantwild/images/tomato mosaic virus/google_0103.jpg,Tomato___Tomato_mosaic_virus,Cherry___healthy,0.902913
plantwild/extracted/plantwild/images/tomato mosaic virus/google_0105.jpg,Tomato___Tomato_mosaic_virus,Cherry___healthy,0.885952
plantwild/extracted/plantwild/images/tomato mosaic virus/google_0106.jpg,Tomato___Tomato_mosaic_virus,Tomato___Early_blight,0.848800
plantwild/extracted/plantwild/images/tomato mosaic virus/google_0107.jpg,Tomato___Tomato_mosaic_virus,"Pepper,_bell___healthy",0.817823
plantwild/extracted/plantwild/images/tomato mosaic virus/google_0113.jpg,Tomato___Tomato_mosaic_virus,Tomato___Tomato_mosaic_virus,0.965150
plantwild/extracted/plantwild/images/tomato mosaic virus/google_0116.jpg,Tomato___Tomato_mosaic_virus,Squash___Powdery_mildew,0.964316
plantwild/extracted/plantwild/images/tomato mosaic virus/google_0117.jpg,Tomato___Tomato_mosaic_virus,Blueberry___healthy,0.396984
plantwild/extracted/plantwild/images/tomato mosaic virus/google_0126.jpg,Tomato___Tomato_mosaic_virus,"Pepper,_bell___healthy",0.942875
plantwild/extracted/plantwild/images/tomato mosaic virus/google_0131.jpg,Tomato___Tomato_mosaic_virus,Tomato___Tomato_mosaic_virus,0.966880
plantwild/extracted/plantwild/images/tomato mosaic virus/google_0132.jpg,Tomato___Tomato_mosaic_virus,Tomato___Tomato_Yellow_Leaf_Curl_Virus,0.333213
plantwild/extracted/plantwild/images/tomato mosaic virus/google_0133.jpg,Tomato___Tomato_mosaic_virus,Strawberry___Leaf_scorch,0.910110
plantwild/extracted/plantwild/images/tomato mosaic virus/google_0136.jpg,Tomato___Tomato_mosaic_virus,Tomato___Late_blight,0.271165
plantwild/extracted/plantwild/images/tomato mosaic virus/google_0140.jpg,Tomato___Tomato_mosaic_virus,Potato___Late_blight,0.178561
plantwild/extracted/plantwild/images/tomato mosaic virus/google_0142.jpg,Tomato___Tomato_mosaic_virus,Tomato___Leaf_Mold,0.950999
plantwild/extracted/plantwild/images/tomato mosaic virus/google_0155.jpg,Tomato___Tomato_mosaic_virus,Cherry___healthy,0.950347
plantwild/extracted/plantwild/images/tomato mosaic virus/google_0156.jpg,Tomato___Tomato_mosaic_virus,"Pepper,_bell___healthy",0.627335
plantwild/extracted/plantwild/images/tomato mosaic virus/google_0157.jpg,Tomato___Tomato_mosaic_virus,"Pepper,_bell___healthy",0.533660
plantwild/extracted/plantwild/images/tomato mosaic virus/google_0164.jpg,Tomato___Tomato_mosaic_virus,Strawberry___Leaf_scorch,0.734617
plantwild/extracted/plantwild/images/tomato mosaic virus/google_0165.jpg,Tomato___Tomato_mosaic_virus,"Pepper,_bell___healthy",0.667579
plantwild/extracted/plantwild/images/tomato mosaic virus/google_0170.jpg,Tomato___Tomato_mosaic_virus,Corn___healthy,0.471048
plantwild/extracted/plantwild/images/tomato mosaic virus/google_0190.jpg,Tomato___Tomato_mosaic_virus,Tomato___Tomato_mosaic_virus,0.960873
plantwild/extracted/plantwild/images/tomato mosaic virus/google_0193.jpg,Tomato___Tomato_mosaic_virus,Tomato___Late_blight,0.761333
plantwild/extracted/plantwild/images/tomato mosaic virus/google_0194.jpg,Tomato___Tomato_mosaic_virus,Corn___healthy,0.607887
plantwild/extracted/plantwild/images/tomato mosaic virus/google_0199.jpg,Tomato___Tomato_mosaic_virus,Strawberry___Leaf_scorch,0.382625
plantwild/extracted/plantwild/images/tomato mosaic virus/google_0200 - Copy (2).jpg,Tomato___Tomato_mosaic_virus,Tomato___Tomato_Yellow_Leaf_Curl_Virus,0.923477
plantwild/extracted/plantwild/images/tomato mosaic virus/google_0200 - Copy.jpg,Tomato___Tomato_mosaic_virus,Cherry___healthy,0.799203
plantwild/extracted/plantwild/images/tomato mosaic virus/google_0200.jpg,Tomato___Tomato_mosaic_virus,Strawberry___Leaf_scorch,0.334074
plantwild/extracted/plantwild/images/tomato mosaic virus/google_0204.jpg,Tomato___Tomato_mosaic_virus,"Pepper,_bell___healthy",0.477739
plantwild/extracted/plantwild/images/tomato mosaic virus/google_0205.jpg,Tomato___Tomato_mosaic_virus,Corn___healthy,0.957358
plantwild/extracted/plantwild/images/tomato mosaic virus/google_0206.jpg,Tomato___Tomato_mosaic_virus,Cherry___healthy,0.731685
plantwild/extracted/plantwild/images/tomato mosaic virus/google_0228.jpg,Tomato___Tomato_mosaic_virus,"Pepper,_bell___healthy",0.345612
plantwild/extracted/plantwild/images/tomato mosaic virus/google_0238.jpg,Tomato___Tomato_mosaic_virus,Tomato___Tomato_Yellow_Leaf_Curl_Virus,0.308762
plantwild/extracted/plantwild/images/tomato septoria leaf spot/1.jpg,Tomato___Septoria_leaf_spot,"Pepper,_bell___healthy",0.677152
plantwild/extracted/plantwild/images/tomato septoria leaf spot/10.jpg,Tomato___Septoria_leaf_spot,Tomato___Septoria_leaf_spot,0.928417
plantwild/extracted/plantwild/images/tomato septoria leaf spot/107.jpg,Tomato___Septoria_leaf_spot,"Pepper,_bell___healthy",0.960649
plantwild/extracted/plantwild/images/tomato septoria leaf spot/13.jpg,Tomato___Septoria_leaf_spot,Tomato___Early_blight,0.574277
plantwild/extracted/plantwild/images/tomato septoria leaf spot/148.jpg,Tomato___Septoria_leaf_spot,Tomato___Septoria_leaf_spot,0.573518
plantwild/extracted/plantwild/images/tomato septoria leaf spot/155.jpg,Tomato___Septoria_leaf_spot,Squash___Powdery_mildew,0.712530
plantwild/extracted/plantwild/images/tomato septoria leaf spot/16.jpg,Tomato___Septoria_leaf_spot,Strawberry___Leaf_scorch,0.556843
plantwild/extracted/plantwild/images/tomato septoria leaf spot/162.jpg,Tomato___Septoria_leaf_spot,Tomato___Septoria_leaf_spot,0.915141
plantwild/extracted/plantwild/images/tomato septoria leaf spot/17.jpg,Tomato___Septoria_leaf_spot,Grape___Black_rot,0.689082
plantwild/extracted/plantwild/images/tomato septoria leaf spot/174.jpg,Tomato___Septoria_leaf_spot,Strawberry___Leaf_scorch,0.950181
plantwild/extracted/plantwild/images/tomato septoria leaf spot/18.jpg,Tomato___Septoria_leaf_spot,Tomato___Target_Spot,0.700008
plantwild/extracted/plantwild/images/tomato septoria leaf spot/19.jpg,Tomato___Septoria_leaf_spot,Cherry___healthy,0.626452
plantwild/extracted/plantwild/images/tomato septoria leaf spot/195.jpg,Tomato___Septoria_leaf_spot,Tomato___Septoria_leaf_spot,0.965626
plantwild/extracted/plantwild/images/tomato septoria leaf spot/196.jpg,Tomato___Septoria_leaf_spot,Tomato___Early_blight,0.967571
plantwild/extracted/plantwild/images/tomato septoria leaf spot/2 - Copy (2).jpg,Tomato___Septoria_leaf_spot,Tomato___Late_blight,0.238184
plantwild/extracted/plantwild/images/tomato septoria leaf spot/2 - Copy.jpg,Tomato___Septoria_leaf_spot,Tomato___Late_blight,0.969099
plantwild/extracted/plantwild/images/tomato septoria leaf spot/2.jpg,Tomato___Septoria_leaf_spot,Tomato___Late_blight,0.920788
plantwild/extracted/plantwild/images/tomato septoria leaf spot/20.jpg,Tomato___Septoria_leaf_spot,Tomato___Septoria_leaf_spot,0.759818
plantwild/extracted/plantwild/images/tomato septoria leaf spot/205.jpg,Tomato___Septoria_leaf_spot,Tomato___Early_blight,0.466869
plantwild/extracted/plantwild/images/tomato septoria leaf spot/209.jpg,Tomato___Septoria_leaf_spot,Tomato___Late_blight,0.871371
plantwild/extracted/plantwild/images/tomato septoria leaf spot/218.jpg,Tomato___Septoria_leaf_spot,Tomato___Early_blight,0.838838
plantwild/extracted/plantwild/images/tomato septoria leaf spot/221.jpg,Tomato___Septoria_leaf_spot,Tomato___Late_blight,0.944801
plantwild/extracted/plantwild/images/tomato septoria leaf spot/225.jpg,Tomato___Septoria_leaf_spot,Tomato___Early_blight,0.967752
plantwild/extracted/plantwild/images/tomato septoria leaf spot/23 - Copy.jpg,Tomato___Septoria_leaf_spot,Tomato___Late_blight,0.961918
plantwild/extracted/plantwild/images/tomato septoria leaf spot/23.jpg,Tomato___Septoria_leaf_spot,Strawberry___Leaf_scorch,0.334690
plantwild/extracted/plantwild/images/tomato septoria leaf spot/24.jpg,Tomato___Septoria_leaf_spot,"Pepper,_bell___healthy",0.511281
plantwild/extracted/plantwild/images/tomato septoria leaf spot/241.jpg,Tomato___Septoria_leaf_spot,Tomato___Early_blight,0.968884
plantwild/extracted/plantwild/images/tomato septoria leaf spot/243.jpg,Tomato___Septoria_leaf_spot,Grape___Black_rot,0.402302
plantwild/extracted/plantwild/images/tomato septoria leaf spot/25.jpg,Tomato___Septoria_leaf_spot,"Pepper,_bell___healthy",0.721265
plantwild/extracted/plantwild/images/tomato septoria leaf spot/26.jpg,Tomato___Septoria_leaf_spot,Tomato___Septoria_leaf_spot,0.537461
plantwild/extracted/plantwild/images/tomato septoria leaf spot/28.jpg,Tomato___Septoria_leaf_spot,Tomato___Septoria_leaf_spot,0.952944
plantwild/extracted/plantwild/images/tomato septoria leaf spot/32.jpg,Tomato___Septoria_leaf_spot,"Pepper,_bell___healthy",0.698257
plantwild/extracted/plantwild/images/tomato septoria leaf spot/34.jpg,Tomato___Septoria_leaf_spot,Strawberry___Leaf_scorch,0.843635
plantwild/extracted/plantwild/images/tomato septoria leaf spot/37.jpg,Tomato___Septoria_leaf_spot,Strawberry___Leaf_scorch,0.473169
plantwild/extracted/plantwild/images/tomato septoria leaf spot/4.jpg,Tomato___Septoria_leaf_spot,Tomato___Late_blight,0.832211
plantwild/extracted/plantwild/images/tomato septoria leaf spot/49.jpg,Tomato___Septoria_leaf_spot,Corn___Common_rust,0.490915
plantwild/extracted/plantwild/images/tomato septoria leaf spot/5.jpg,Tomato___Septoria_leaf_spot,Tomato___Late_blight,0.783191
plantwild/extracted/plantwild/images/tomato septoria leaf spot/6.jpg,Tomato___Septoria_leaf_spot,Tomato___Septoria_leaf_spot,0.971413
plantwild/extracted/plantwild/images/tomato septoria leaf spot/61.jpg,Tomato___Septoria_leaf_spot,"Pepper,_bell___healthy",0.578863
plantwild/extracted/plantwild/images/tomato septoria leaf spot/63.jpg,Tomato___Septoria_leaf_spot,Strawberry___Leaf_scorch,0.413954
plantwild/extracted/plantwild/images/tomato septoria leaf spot/64.jpg,Tomato___Septoria_leaf_spot,Tomato___Septoria_leaf_spot,0.754789
plantwild/extracted/plantwild/images/tomato septoria leaf spot/66.jpg,Tomato___Septoria_leaf_spot,Tomato___Early_blight,0.889519
plantwild/extracted/plantwild/images/tomato septoria leaf spot/7.jpg,Tomato___Septoria_leaf_spot,Potato___Early_blight,0.781093
plantwild/extracted/plantwild/images/tomato septoria leaf spot/77.jpg,Tomato___Septoria_leaf_spot,Tomato___Early_blight,0.894187
plantwild/extracted/plantwild/images/tomato septoria leaf spot/80.jpg,Tomato___Septoria_leaf_spot,Potato___Early_blight,0.829011
plantwild/extracted/plantwild/images/tomato septoria leaf spot/83.jpg,Tomato___Septoria_leaf_spot,Tomato___Early_blight,0.926153
plantwild/extracted/plantwild/images/tomato septoria leaf spot/88.jpg,Tomato___Septoria_leaf_spot,"Pepper,_bell___healthy",0.702931
plantwild/extracted/plantwild/images/tomato septoria leaf spot/91.jpg,Tomato___Septoria_leaf_spot,Tomato___Late_blight,0.897800
plantwild/extracted/plantwild/images/tomato septoria leaf spot/93.jpg,Tomato___Septoria_leaf_spot,Strawberry___Leaf_scorch,0.859638
plantwild/extracted/plantwild/images/tomato septoria leaf spot/96.jpg,Tomato___Septoria_leaf_spot,"Pepper,_bell___healthy",0.747102
plantwild/extracted/plantwild/images/tomato septoria leaf spot/google_0000.jpg,Tomato___Septoria_leaf_spot,Tomato___Septoria_leaf_spot,0.966278
plantwild/extracted/plantwild/images/tomato septoria leaf spot/google_0001.jpg,Tomato___Septoria_leaf_spot,"Pepper,_bell___healthy",0.247394
plantwild/extracted/plantwild/images/tomato septoria leaf spot/google_0002 - Copy.jpg,Tomato___Septoria_leaf_spot,Squash___Powdery_mildew,0.852217
plantwild/extracted/plantwild/images/tomato septoria leaf spot/google_0002.jpg,Tomato___Septoria_leaf_spot,Tomato___Early_blight,0.752957
plantwild/extracted/plantwild/images/tomato septoria leaf spot/google_0003.jpg,Tomato___Septoria_leaf_spot,"Pepper,_bell___healthy",0.746891
plantwild/extracted/plantwild/images/tomato septoria leaf spot/google_0004.jpg,Tomato___Septoria_leaf_spot,Tomato___Early_blight,0.968343
plantwild/extracted/plantwild/images/tomato septoria leaf spot/google_0005.jpg,Tomato___Septoria_leaf_spot,"Pepper,_bell___healthy",0.769991
plantwild/extracted/plantwild/images/tomato septoria leaf spot/google_0007.jpg,Tomato___Septoria_leaf_spot,Tomato___Late_blight,0.446767
plantwild/extracted/plantwild/images/tomato septoria leaf spot/google_0009.jpg,Tomato___Septoria_leaf_spot,Corn___healthy,0.532948
plantwild/extracted/plantwild/images/tomato septoria leaf spot/google_0010.jpg,Tomato___Septoria_leaf_spot,Tomato___Early_blight,0.870291
plantwild/extracted/plantwild/images/tomato septoria leaf spot/google_0012.jpg,Tomato___Septoria_leaf_spot,Tomato___Early_blight,0.569995
plantwild/extracted/plantwild/images/tomato septoria leaf spot/google_0013.jpg,Tomato___Septoria_leaf_spot,"Pepper,_bell___healthy",0.434801
plantwild/extracted/plantwild/images/tomato septoria leaf spot/google_0014.jpg,Tomato___Septoria_leaf_spot,Potato___Early_blight,0.920111
plantwild/extracted/plantwild/images/tomato septoria leaf spot/google_0015.jpg,Tomato___Septoria_leaf_spot,"Pepper,_bell___healthy",0.539051
plantwild/extracted/plantwild/images/tomato septoria leaf spot/google_0016.jpg,Tomato___Septoria_leaf_spot,Tomato___Early_blight,0.543387
plantwild/extracted/plantwild/images/tomato septoria leaf spot/google_0017.jpg,Tomato___Septoria_leaf_spot,Tomato___Leaf_Mold,0.909766
plantwild/extracted/plantwild/images/tomato septoria leaf spot/google_0018 - Copy.jpg,Tomato___Septoria_leaf_spot,Tomato___Early_blight,0.694818
plantwild/extracted/plantwild/images/tomato septoria leaf spot/google_0018.jpg,Tomato___Septoria_leaf_spot,Tomato___Early_blight,0.967936
plantwild/extracted/plantwild/images/tomato septoria leaf spot/google_0020.jpg,Tomato___Septoria_leaf_spot,Tomato___Early_blight,0.860734
plantwild/extracted/plantwild/images/tomato septoria leaf spot/google_0021.jpg,Tomato___Septoria_leaf_spot,Potato___Early_blight,0.185322
plantwild/extracted/plantwild/images/tomato septoria leaf spot/google_0022.jpg,Tomato___Septoria_leaf_spot,Strawberry___Leaf_scorch,0.924799
plantwild/extracted/plantwild/images/tomato septoria leaf spot/google_0023.jpg,Tomato___Septoria_leaf_spot,Tomato___Late_blight,0.962006
plantwild/extracted/plantwild/images/tomato septoria leaf spot/google_0024.jpg,Tomato___Septoria_leaf_spot,"Pepper,_bell___healthy",0.238117
plantwild/extracted/plantwild/images/tomato septoria leaf spot/google_0025.jpg,Tomato___Septoria_leaf_spot,"Pepper,_bell___healthy",0.888115
plantwild/extracted/plantwild/images/tomato septoria leaf spot/google_0026.jpg,Tomato___Septoria_leaf_spot,Tomato___Septoria_leaf_spot,0.962299
plantwild/extracted/plantwild/images/tomato septoria leaf spot/google_0027.jpg,Tomato___Septoria_leaf_spot,Tomato___Early_blight,0.915972
plantwild/extracted/plantwild/images/tomato septoria leaf spot/google_0029.jpg,Tomato___Septoria_leaf_spot,Cherry___healthy,0.939627
plantwild/extracted/plantwild/images/tomato septoria leaf spot/google_0030.jpg,Tomato___Septoria_leaf_spot,"Pepper,_bell___healthy",0.611959
plantwild/extracted/plantwild/images/tomato septoria leaf spot/google_0032.jpg,Tomato___Septoria_leaf_spot,Tomato___Early_blight,0.959082
plantwild/extracted/plantwild/images/tomato septoria leaf spot/google_0033.jpg,Tomato___Septoria_leaf_spot,Tomato___Early_blight,0.700658
plantwild/extracted/plantwild/images/tomato septoria leaf spot/google_0035.jpg,Tomato___Septoria_leaf_spot,Strawberry___Leaf_scorch,0.299571
plantwild/extracted/plantwild/images/tomato septoria leaf spot/google_0036.jpg,Tomato___Septoria_leaf_spot,Tomato___Early_blight,0.882356
plantwild/extracted/plantwild/images/tomato septoria leaf spot/google_0037.jpg,Tomato___Septoria_leaf_spot,Tomato___Early_blight,0.750148
plantwild/extracted/plantwild/images/tomato septoria leaf spot/google_0038.jpg,Tomato___Septoria_leaf_spot,Peach___Bacterial_spot,0.890112
plantwild/extracted/plantwild/images/tomato septoria leaf spot/google_0039.jpg,Tomato___Septoria_leaf_spot,"Pepper,_bell___Bacterial_spot",0.967556
plantwild/extracted/plantwild/images/tomato septoria leaf spot/google_0040.jpg,Tomato___Septoria_leaf_spot,Potato___Early_blight,0.367103
plantwild/extracted/plantwild/images/tomato septoria leaf spot/google_0041.jpg,Tomato___Septoria_leaf_spot,Cherry___healthy,0.480252
plantwild/extracted/plantwild/images/tomato septoria leaf spot/google_0042.jpg,Tomato___Septoria_leaf_spot,Corn___Common_rust,0.601226
plantwild/extracted/plantwild/images/tomato septoria leaf spot/google_0043.jpg,Tomato___Septoria_leaf_spot,Tomato___Early_blight,0.908118
plantwild/extracted/plantwild/images/tomato septoria leaf spot/google_0044.jpg,Tomato___Septoria_leaf_spot,Tomato___Early_blight,0.964326
plantwild/extracted/plantwild/images/tomato septoria leaf spot/google_0045.jpg,Tomato___Septoria_leaf_spot,"Pepper,_bell___healthy",0.652251
plantwild/extracted/plantwild/images/tomato septoria leaf spot/google_0048.jpg,Tomato___Septoria_leaf_spot,Tomato___Bacterial_spot,0.650571
plantwild/extracted/plantwild/images/tomato septoria leaf spot/google_0050.jpg,Tomato___Septoria_leaf_spot,Cherry___healthy,0.450672
plantwild/extracted/plantwild/images/tomato septoria leaf spot/google_0051.jpg,Tomato___Septoria_leaf_spot,Tomato___Septoria_leaf_spot,0.966825
plantwild/extracted/plantwild/images/tomato septoria leaf spot/google_0052.jpg,Tomato___Septoria_leaf_spot,"Pepper,_bell___healthy",0.964804
plantwild/extracted/plantwild/images/tomato septoria leaf spot/google_0053.jpg,Tomato___Septoria_leaf_spot,Tomato___Early_blight,0.948661
plantwild/extracted/plantwild/images/tomato septoria leaf spot/google_0056.jpg,Tomato___Septoria_leaf_spot,"Pepper,_bell___healthy",0.528853
plantwild/extracted/plantwild/images/tomato septoria leaf spot/google_0058.jpg,Tomato___Septoria_leaf_spot,Cherry___healthy,0.568310
plantwild/extracted/plantwild/images/tomato septoria leaf spot/google_0059.jpg,Tomato___Septoria_leaf_spot,Tomato___Early_blight,0.941408
plantwild/extracted/plantwild/images/tomato septoria leaf spot/google_0060.jpg,Tomato___Septoria_leaf_spot,Tomato___Septoria_leaf_spot,0.948138
plantwild/extracted/plantwild/images/tomato septoria leaf spot/google_0061.jpg,Tomato___Septoria_leaf_spot,Corn___Common_rust,0.458890
plantwild/extracted/plantwild/images/tomato septoria leaf spot/google_0062.jpg,Tomato___Septoria_leaf_spot,Tomato___Leaf_Mold,0.262979
plantwild/extracted/plantwild/images/tomato septoria leaf spot/google_0063.jpg,Tomato___Septoria_leaf_spot,"Pepper,_bell___healthy",0.635497
plantwild/extracted/plantwild/images/tomato septoria leaf spot/google_0064 - Copy (2).jpg,Tomato___Septoria_leaf_spot,Tomato___Septoria_leaf_spot,0.818296
plantwild/extracted/plantwild/images/tomato septoria leaf spot/google_0065.jpg,Tomato___Septoria_leaf_spot,"Pepper,_bell___healthy",0.947297
plantwild/extracted/plantwild/images/tomato septoria leaf spot/google_0068.jpg,Tomato___Septoria_leaf_spot,"Pepper,_bell___healthy",0.455329
plantwild/extracted/plantwild/images/tomato septoria leaf spot/google_0069.jpg,Tomato___Septoria_leaf_spot,"Pepper,_bell___healthy",0.629382
plantwild/extracted/plantwild/images/tomato septoria leaf spot/google_0070.jpg,Tomato___Septoria_leaf_spot,Tomato___Early_blight,0.917055
plantwild/extracted/plantwild/images/tomato septoria leaf spot/google_0072.jpg,Tomato___Septoria_leaf_spot,"Pepper,_bell___healthy",0.852371
plantwild/extracted/plantwild/images/tomato septoria leaf spot/google_0073.jpg,Tomato___Septoria_leaf_spot,Grape___Black_rot,0.827737
plantwild/extracted/plantwild/images/tomato septoria leaf spot/google_0074.jpg,Tomato___Septoria_leaf_spot,Cherry___healthy,0.477684
plantwild/extracted/plantwild/images/tomato septoria leaf spot/google_0077.jpg,Tomato___Septoria_leaf_spot,Strawberry___Leaf_scorch,0.452132
plantwild/extracted/plantwild/images/tomato septoria leaf spot/google_0078.jpg,Tomato___Septoria_leaf_spot,Corn___Common_rust,0.470822
plantwild/extracted/plantwild/images/tomato septoria leaf spot/google_0081.jpg,Tomato___Septoria_leaf_spot,"Pepper,_bell___healthy",0.337059
plantwild/extracted/plantwild/images/tomato septoria leaf spot/google_0084.jpg,Tomato___Septoria_leaf_spot,"Pepper,_bell___healthy",0.470546
plantwild/extracted/plantwild/images/tomato septoria leaf spot/google_0086 - Copy (2).jpg,Tomato___Septoria_leaf_spot,Potato___Early_blight,0.910754
plantwild/extracted/plantwild/images/tomato septoria leaf spot/google_0086 - Copy.jpg,Tomato___Septoria_leaf_spot,Strawberry___Leaf_scorch,0.379652
plantwild/extracted/plantwild/images/tomato septoria leaf spot/google_0086.jpg,Tomato___Septoria_leaf_spot,Tomato___Late_blight,0.903660
plantwild/extracted/plantwild/images/tomato septoria leaf spot/google_0089.jpg,Tomato___Septoria_leaf_spot,Cherry___healthy,0.797750
plantwild/extracted/plantwild/images/tomato septoria leaf spot/google_0091.jpg,Tomato___Septoria_leaf_spot,Potato___Early_blight,0.843895
plantwild/extracted/plantwild/images/tomato septoria leaf spot/google_0093.jpg,Tomato___Septoria_leaf_spot,Tomato___Early_blight,0.854921
plantwild/extracted/plantwild/images/tomato septoria leaf spot/google_0094.jpg,Tomato___Septoria_leaf_spot,Squash___Powdery_mildew,0.753220
plantwild/extracted/plantwild/images/tomato septoria leaf spot/google_0097 - Copy.jpg,Tomato___Septoria_leaf_spot,Tomato___Leaf_Mold,0.964875
plantwild/extracted/plantwild/images/tomato septoria leaf spot/google_0097.jpg,Tomato___Septoria_leaf_spot,Corn___Common_rust,0.794153
plantwild/extracted/plantwild/images/tomato septoria leaf spot/google_0098.jpg,Tomato___Septoria_leaf_spot,Tomato___Early_blight,0.963346
plantwild/extracted/plantwild/images/tomato septoria leaf spot/google_0103.jpg,Tomato___Septoria_leaf_spot,"Pepper,_bell___healthy",0.748219
plantwild/extracted/plantwild/images/tomato septoria leaf spot/google_0110.jpg,Tomato___Septoria_leaf_spot,"Pepper,_bell___healthy",0.431162
plantwild/extracted/plantwild/images/tomato septoria leaf spot/google_0113.jpg,Tomato___Septoria_leaf_spot,"Pepper,_bell___healthy",0.789396
plantwild/extracted/plantwild/images/tomato septoria leaf spot/google_0115.jpg,Tomato___Septoria_leaf_spot,Tomato___Late_blight,0.942269
plantwild/extracted/plantwild/images/tomato septoria leaf spot/google_0119.jpg,Tomato___Septoria_leaf_spot,"Pepper,_bell___healthy",0.301091
plantwild/extracted/plantwild/images/tomato septoria leaf spot/google_0120.jpg,Tomato___Septoria_leaf_spot,Corn___Common_rust,0.890147
plantwild/extracted/plantwild/images/tomato septoria leaf spot/google_0121.jpg,Tomato___Septoria_leaf_spot,Tomato___Early_blight,0.964592
plantwild/extracted/plantwild/images/tomato septoria leaf spot/google_0122.jpg,Tomato___Septoria_leaf_spot,Peach___Bacterial_spot,0.913998
plantwild/extracted/plantwild/images/tomato septoria leaf spot/google_0127.jpg,Tomato___Septoria_leaf_spot,Corn___Common_rust,0.887634
plantwild/extracted/plantwild/images/tomato septoria leaf spot/google_0128.jpg,Tomato___Septoria_leaf_spot,Tomato___Late_blight,0.453780
plantwild/extracted/plantwild/images/tomato septoria leaf spot/google_0130.jpg,Tomato___Septoria_leaf_spot,Blueberry___healthy,0.862324
plantwild/extracted/plantwild/images/tomato septoria leaf spot/google_0131.jpg,Tomato___Septoria_leaf_spot,Tomato___Late_blight,0.514067
plantwild/extracted/plantwild/images/tomato septoria leaf spot/google_0132.jpg,Tomato___Septoria_leaf_spot,Corn___Northern_Leaf_Blight,0.802674
plantwild/extracted/plantwild/images/tomato septoria leaf spot/google_0133.jpg,Tomato___Septoria_leaf_spot,Tomato___Early_blight,0.966858
plantwild/extracted/plantwild/images/tomato septoria leaf spot/google_0134.jpg,Tomato___Septoria_leaf_spot,Tomato___Late_blight,0.781045
plantwild/extracted/plantwild/images/tomato septoria leaf spot/google_0135.jpg,Tomato___Septoria_leaf_spot,Tomato___Septoria_leaf_spot,0.968665
plantwild/extracted/plantwild/images/tomato septoria leaf spot/google_0137.jpg,Tomato___Septoria_leaf_spot,Tomato___Early_blight,0.961510
plantwild/extracted/plantwild/images/tomato septoria leaf spot/google_0139 - Copy (2).jpg,Tomato___Septoria_leaf_spot,Tomato___Late_blight,0.927934
plantwild/extracted/plantwild/images/tomato septoria leaf spot/google_0139 - Copy.jpg,Tomato___Septoria_leaf_spot,Tomato___Late_blight,0.967693
plantwild/extracted/plantwild/images/tomato septoria leaf spot/google_0139.jpg,Tomato___Septoria_leaf_spot,Corn___Northern_Leaf_Blight,0.874131
plantwild/extracted/plantwild/images/tomato septoria leaf spot/google_0140 - Copy (2).jpg,Tomato___Septoria_leaf_spot,"Pepper,_bell___healthy",0.509539
plantwild/extracted/plantwild/images/tomato septoria leaf spot/google_0140 - Copy.jpg,Tomato___Septoria_leaf_spot,Tomato___Early_blight,0.960430
plantwild/extracted/plantwild/images/tomato septoria leaf spot/google_0140.jpg,Tomato___Septoria_leaf_spot,Tomato___Early_blight,0.963770
plantwild/extracted/plantwild/images/tomato septoria leaf spot/google_0141.jpg,Tomato___Septoria_leaf_spot,Strawberry___Leaf_scorch,0.390922
plantwild/extracted/plantwild/images/tomato septoria leaf spot/google_0143.jpg,Tomato___Septoria_leaf_spot,Tomato___Late_blight,0.938890
plantwild/extracted/plantwild/images/tomato septoria leaf spot/google_0147.jpg,Tomato___Septoria_leaf_spot,Blueberry___healthy,0.718256
plantwild/extracted/plantwild/images/tomato septoria leaf spot/google_0148.jpg,Tomato___Septoria_leaf_spot,Tomato___Septoria_leaf_spot,0.969478
plantwild/extracted/plantwild/images/tomato septoria leaf spot/google_0149.jpg,Tomato___Septoria_leaf_spot,Tomato___Early_blight,0.961654
plantwild/extracted/plantwild/images/tomato septoria leaf spot/google_0151.jpg,Tomato___Septoria_leaf_spot,"Pepper,_bell___healthy",0.377218
plantwild/extracted/plantwild/images/tomato septoria leaf spot/google_0153.jpg,Tomato___Septoria_leaf_spot,Strawberry___Leaf_scorch,0.302592
plantwild/extracted/plantwild/images/tomato septoria leaf spot/google_0155.jpg,Tomato___Septoria_leaf_spot,Tomato___Early_blight,0.364880
plantwild/extracted/plantwild/images/tomato septoria leaf spot/google_0156.jpg,Tomato___Septoria_leaf_spot,Tomato___Late_blight,0.917146
plantwild/extracted/plantwild/images/tomato septoria leaf spot/google_0157.jpg,Tomato___Septoria_leaf_spot,"Pepper,_bell___healthy",0.777621
plantwild/extracted/plantwild/images/tomato septoria leaf spot/google_0158.jpg,Tomato___Septoria_leaf_spot,"Pepper,_bell___healthy",0.875999
plantwild/extracted/plantwild/images/tomato septoria leaf spot/google_0160.jpg,Tomato___Septoria_leaf_spot,"Pepper,_bell___healthy",0.497001
plantwild/extracted/plantwild/images/tomato septoria leaf spot/google_0162.jpg,Tomato___Septoria_leaf_spot,Tomato___Late_blight,0.935495
plantwild/extracted/plantwild/images/tomato septoria leaf spot/google_0164.jpg,Tomato___Septoria_leaf_spot,Corn___Common_rust,0.427672
plantwild/extracted/plantwild/images/tomato septoria leaf spot/google_0170.jpg,Tomato___Septoria_leaf_spot,Tomato___Late_blight,0.558741
plantwild/extracted/plantwild/images/tomato septoria leaf spot/google_0172.jpg,Tomato___Septoria_leaf_spot,Corn___Northern_Leaf_Blight,0.968110
plantwild/extracted/plantwild/images/tomato septoria leaf spot/google_0175.jpg,Tomato___Septoria_leaf_spot,Tomato___Early_blight,0.950768
plantwild/extracted/plantwild/images/tomato septoria leaf spot/google_0178.jpg,Tomato___Septoria_leaf_spot,Strawberry___Leaf_scorch,0.779493
plantwild/extracted/plantwild/images/tomato septoria leaf spot/google_0181.jpg,Tomato___Septoria_leaf_spot,"Pepper,_bell___healthy",0.434806
plantwild/extracted/plantwild/images/tomato septoria leaf spot/google_0187 - Copy (2).jpg,Tomato___Septoria_leaf_spot,Corn___healthy,0.862411
plantwild/extracted/plantwild/images/tomato septoria leaf spot/google_0187 - Copy.jpg,Tomato___Septoria_leaf_spot,Tomato___Late_blight,0.883715
plantwild/extracted/plantwild/images/tomato septoria leaf spot/google_0187.jpg,Tomato___Septoria_leaf_spot,Corn___healthy,0.883700
plantwild/extracted/plantwild/images/tomato septoria leaf spot/google_0188.jpg,Tomato___Septoria_leaf_spot,Tomato___Early_blight,0.933569
plantwild/extracted/plantwild/images/tomato septoria leaf spot/google_0189.jpg,Tomato___Septoria_leaf_spot,Squash___Powdery_mildew,0.363209
plantwild/extracted/plantwild/images/tomato septoria leaf spot/google_0191.jpg,Tomato___Septoria_leaf_spot,Tomato___Septoria_leaf_spot,0.508730
plantwild/extracted/plantwild/images/tomato septoria leaf spot/google_0194.jpg,Tomato___Septoria_leaf_spot,Tomato___Septoria_leaf_spot,0.863853
plantwild/extracted/plantwild/images/tomato septoria leaf spot/google_0195.jpg,Tomato___Septoria_leaf_spot,Cherry___healthy,0.700265
plantwild/extracted/plantwild/images/tomato septoria leaf spot/google_0197.jpg,Tomato___Septoria_leaf_spot,Squash___Powdery_mildew,0.555035
plantwild/extracted/plantwild/images/tomato septoria leaf spot/google_0201.jpg,Tomato___Septoria_leaf_spot,"Pepper,_bell___healthy",0.460068
plantwild/extracted/plantwild/images/tomato septoria leaf spot/google_0202.jpg,Tomato___Septoria_leaf_spot,Cherry___healthy,0.783625
plantwild/extracted/plantwild/images/tomato septoria leaf spot/google_0204.jpg,Tomato___Septoria_leaf_spot,Cherry___healthy,0.842655
plantwild/extracted/plantwild/images/tomato septoria leaf spot/google_0205.jpg,Tomato___Septoria_leaf_spot,Tomato___Early_blight,0.966358
plantwild/extracted/plantwild/images/tomato septoria leaf spot/google_0208.jpg,Tomato___Septoria_leaf_spot,Tomato___Early_blight,0.412750
plantwild/extracted/plantwild/images/tomato septoria leaf spot/google_0217 - Copy.jpg,Tomato___Septoria_leaf_spot,Cherry___healthy,0.378652
plantwild/extracted/plantwild/images/tomato septoria leaf spot/google_0217.jpg,Tomato___Septoria_leaf_spot,Tomato___Late_blight,0.925776
plantwild/extracted/plantwild/images/tomato septoria leaf spot/google_0219.jpg,Tomato___Septoria_leaf_spot,Tomato___Late_blight,0.966366
plantwild/extracted/plantwild/images/tomato septoria leaf spot/google_0220.jpg,Tomato___Septoria_leaf_spot,Tomato___Septoria_leaf_spot,0.370091
plantwild/extracted/plantwild/images/tomato septoria leaf spot/google_0222 - Copy.jpg,Tomato___Septoria_leaf_spot,Tomato___Late_blight,0.968040
plantwild/extracted/plantwild/images/tomato septoria leaf spot/google_0223.jpg,Tomato___Septoria_leaf_spot,Tomato___Leaf_Mold,0.967382
plantwild/extracted/plantwild/images/tomato septoria leaf spot/google_0224 - Copy.jpg,Tomato___Septoria_leaf_spot,Tomato___Leaf_Mold,0.936714
plantwild/extracted/plantwild/images/tomato septoria leaf spot/google_0224.jpg,Tomato___Septoria_leaf_spot,Potato___Early_blight,0.571599
plantwild/extracted/plantwild/images/tomato septoria leaf spot/google_0226.jpg,Tomato___Septoria_leaf_spot,"Pepper,_bell___Bacterial_spot",0.573768
plantwild/extracted/plantwild/images/tomato septoria leaf spot/google_0230.jpg,Tomato___Septoria_leaf_spot,Tomato___Early_blight,0.967579
plantwild/extracted/plantwild/images/tomato septoria leaf spot/google_0231.jpg,Tomato___Septoria_leaf_spot,Cherry___healthy,0.626647
plantwild/extracted/plantwild/images/tomato septoria leaf spot/google_0233.jpg,Tomato___Septoria_leaf_spot,Corn___Common_rust,0.611074
plantwild/extracted/plantwild/images/tomato septoria leaf spot/google_0234.jpg,Tomato___Septoria_leaf_spot,Grape___Black_rot,0.693629
plantwild/extracted/plantwild/images/tomato septoria leaf spot/google_0235.jpg,Tomato___Septoria_leaf_spot,Strawberry___Leaf_scorch,0.677464
plantwild/extracted/plantwild/images/tomato septoria leaf spot/google_0237.jpg,Tomato___Septoria_leaf_spot,Tomato___Early_blight,0.955153
plantwild/extracted/plantwild/images/tomato septoria leaf spot/google_0238.jpg,Tomato___Septoria_leaf_spot,Corn___Common_rust,0.560016
plantwild/extracted/plantwild/images/tomato septoria leaf spot/google_0241.jpg,Tomato___Septoria_leaf_spot,"Pepper,_bell___healthy",0.951764
plantwild/extracted/plantwild/images/tomato septoria leaf spot/google_0242.jpg,Tomato___Septoria_leaf_spot,Cherry___healthy,0.763709
plantwild/extracted/plantwild/images/tomato septoria leaf spot/google_0243.jpg,Tomato___Septoria_leaf_spot,"Pepper,_bell___healthy",0.966410
plantwild/extracted/plantwild/images/tomato septoria leaf spot/google_0250.jpg,Tomato___Septoria_leaf_spot,Cherry___healthy,0.844015
plantwild/extracted/plantwild/images/tomato septoria leaf spot/google_0253.jpg,Tomato___Septoria_leaf_spot,Tomato___Septoria_leaf_spot,0.925075
plantwild/extracted/plantwild/images/tomato septoria leaf spot/google_0254.jpg,Tomato___Septoria_leaf_spot,Tomato___Leaf_Mold,0.680450
plantwild/extracted/plantwild/images/tomato septoria leaf spot/google_0255.jpg,Tomato___Septoria_leaf_spot,Tomato___Septoria_leaf_spot,0.474204
plantwild/extracted/plantwild/images/tomato septoria leaf spot/google_0257 - Copy.jpg,Tomato___Septoria_leaf_spot,Tomato___Septoria_leaf_spot,0.913545
plantwild/extracted/plantwild/images/tomato septoria leaf spot/google_0257.jpg,Tomato___Septoria_leaf_spot,Tomato___Septoria_leaf_spot,0.968297
plantwild/extracted/plantwild/images/tomato septoria leaf spot/google_0258.jpg,Tomato___Septoria_leaf_spot,Corn___Common_rust,0.929532
plantwild/extracted/plantwild/images/tomato septoria leaf spot/google_0261.jpg,Tomato___Septoria_leaf_spot,Corn___healthy,0.762347
plantwild/extracted/plantwild/images/tomato septoria leaf spot/google_0266 - Copy.jpg,Tomato___Septoria_leaf_spot,Tomato___Early_blight,0.965702
plantwild/extracted/plantwild/images/tomato septoria leaf spot/google_0266.jpg,Tomato___Septoria_leaf_spot,Tomato___Late_blight,0.919297
plantwild/extracted/plantwild/images/tomato septoria leaf spot/google_0270 - Copy (2).jpg,Tomato___Septoria_leaf_spot,Tomato___Septoria_leaf_spot,0.787840
plantwild/extracted/plantwild/images/tomato septoria leaf spot/google_0270 - Copy (3).jpg,Tomato___Septoria_leaf_spot,Tomato___Leaf_Mold,0.957291
plantwild/extracted/plantwild/images/tomato septoria leaf spot/google_0270 - Copy.jpg,Tomato___Septoria_leaf_spot,Tomato___Leaf_Mold,0.967348
plantwild/extracted/plantwild/images/tomato septoria leaf spot/google_0270.jpg,Tomato___Septoria_leaf_spot,Tomato___Late_blight,0.944045
plantwild/extracted/plantwild/images/tomato septoria leaf spot/google_0272.jpg,Tomato___Septoria_leaf_spot,Corn___Common_rust,0.963939
plantwild/extracted/plantwild/images/tomato septoria leaf spot/google_0273 - Copy (2).jpg,Tomato___Septoria_leaf_spot,Corn___Northern_Leaf_Blight,0.872188
plantwild/extracted/plantwild/images/tomato septoria leaf spot/google_0273 - Copy.jpg,Tomato___Septoria_leaf_spot,Tomato___Tomato_Yellow_Leaf_Curl_Virus,0.654186
plantwild/extracted/plantwild/images/tomato septoria leaf spot/google_0273.jpg,Tomato___Septoria_leaf_spot,Tomato___Late_blight,0.963148
plantwild/extracted/plantwild/images/tomato septoria leaf spot/google_0276.jpg,Tomato___Septoria_leaf_spot,Potato___Late_blight,0.939566
plantwild/extracted/plantwild/images/tomato septoria leaf spot/google_0283.jpg,Tomato___Septoria_leaf_spot,Strawberry___Leaf_scorch,0.953467
plantwild/extracted/plantwild/images/tomato yellow leaf curl virus/1.jpg,Tomato___Tomato_Yellow_Leaf_Curl_Virus,Cherry___healthy,0.959748
plantwild/extracted/plantwild/images/tomato yellow leaf curl virus/10.jpg,Tomato___Tomato_Yellow_Leaf_Curl_Virus,Cherry___healthy,0.941868
plantwild/extracted/plantwild/images/tomato yellow leaf curl virus/101.jpg,Tomato___Tomato_Yellow_Leaf_Curl_Virus,Cherry___healthy,0.332158
plantwild/extracted/plantwild/images/tomato yellow leaf curl virus/11.jpg,Tomato___Tomato_Yellow_Leaf_Curl_Virus,Cherry___healthy,0.538303
plantwild/extracted/plantwild/images/tomato yellow leaf curl virus/115.jpg,Tomato___Tomato_Yellow_Leaf_Curl_Virus,Cherry___healthy,0.560825
plantwild/extracted/plantwild/images/tomato yellow leaf curl virus/12.jpg,Tomato___Tomato_Yellow_Leaf_Curl_Virus,Cherry___healthy,0.359382
plantwild/extracted/plantwild/images/tomato yellow leaf curl virus/13.jpg,Tomato___Tomato_Yellow_Leaf_Curl_Virus,Strawberry___Leaf_scorch,0.876430
plantwild/extracted/plantwild/images/tomato yellow leaf curl virus/14.jpg,Tomato___Tomato_Yellow_Leaf_Curl_Virus,Cherry___healthy,0.591492
plantwild/extracted/plantwild/images/tomato yellow leaf curl virus/149.jpg,Tomato___Tomato_Yellow_Leaf_Curl_Virus,Tomato___Late_blight,0.963968
plantwild/extracted/plantwild/images/tomato yellow leaf curl virus/15.jpg,Tomato___Tomato_Yellow_Leaf_Curl_Virus,Strawberry___Leaf_scorch,0.944313
plantwild/extracted/plantwild/images/tomato yellow leaf curl virus/151.jpg,Tomato___Tomato_Yellow_Leaf_Curl_Virus,Cherry___healthy,0.820051
plantwild/extracted/plantwild/images/tomato yellow leaf curl virus/152.jpg,Tomato___Tomato_Yellow_Leaf_Curl_Virus,Cherry___healthy,0.955373
plantwild/extracted/plantwild/images/tomato yellow leaf curl virus/162.jpg,Tomato___Tomato_Yellow_Leaf_Curl_Virus,Cherry___healthy,0.951153
plantwild/extracted/plantwild/images/tomato yellow leaf curl virus/165.jpg,Tomato___Tomato_Yellow_Leaf_Curl_Virus,"Pepper,_bell___healthy",0.819390
plantwild/extracted/plantwild/images/tomato yellow leaf curl virus/166.jpg,Tomato___Tomato_Yellow_Leaf_Curl_Virus,Strawberry___Leaf_scorch,0.608673
plantwild/extracted/plantwild/images/tomato yellow leaf curl virus/167.jpg,Tomato___Tomato_Yellow_Leaf_Curl_Virus,Cherry___healthy,0.857548
plantwild/extracted/plantwild/images/tomato yellow leaf curl virus/17.jpg,Tomato___Tomato_Yellow_Leaf_Curl_Virus,Cherry___healthy,0.522240
plantwild/extracted/plantwild/images/tomato yellow leaf curl virus/18.jpg,Tomato___Tomato_Yellow_Leaf_Curl_Virus,Cherry___healthy,0.503425
plantwild/extracted/plantwild/images/tomato yellow leaf curl virus/19.jpg,Tomato___Tomato_Yellow_Leaf_Curl_Virus,Cherry___healthy,0.949024
plantwild/extracted/plantwild/images/tomato yellow leaf curl virus/2.jpg,Tomato___Tomato_Yellow_Leaf_Curl_Virus,Cherry___healthy,0.954584
plantwild/extracted/plantwild/images/tomato yellow leaf curl virus/20.jpg,Tomato___Tomato_Yellow_Leaf_Curl_Virus,Cherry___healthy,0.886809
plantwild/extracted/plantwild/images/tomato yellow leaf curl virus/21.jpg,Tomato___Tomato_Yellow_Leaf_Curl_Virus,Cherry___healthy,0.330769
plantwild/extracted/plantwild/images/tomato yellow leaf curl virus/22.jpg,Tomato___Tomato_Yellow_Leaf_Curl_Virus,Cherry___healthy,0.681068
plantwild/extracted/plantwild/images/tomato yellow leaf curl virus/227.jpg,Tomato___Tomato_Yellow_Leaf_Curl_Virus,Tomato___Tomato_Yellow_Leaf_Curl_Virus,0.951373
plantwild/extracted/plantwild/images/tomato yellow leaf curl virus/23.jpg,Tomato___Tomato_Yellow_Leaf_Curl_Virus,Cherry___healthy,0.946092
plantwild/extracted/plantwild/images/tomato yellow leaf curl virus/24.jpg,Tomato___Tomato_Yellow_Leaf_Curl_Virus,Cherry___healthy,0.728739
plantwild/extracted/plantwild/images/tomato yellow leaf curl virus/25.jpg,Tomato___Tomato_Yellow_Leaf_Curl_Virus,Corn___healthy,0.280979
plantwild/extracted/plantwild/images/tomato yellow leaf curl virus/27.jpg,Tomato___Tomato_Yellow_Leaf_Curl_Virus,Cherry___healthy,0.675103
plantwild/extracted/plantwild/images/tomato yellow leaf curl virus/28.jpg,Tomato___Tomato_Yellow_Leaf_Curl_Virus,Cherry___healthy,0.958391
plantwild/extracted/plantwild/images/tomato yellow leaf curl virus/29.jpg,Tomato___Tomato_Yellow_Leaf_Curl_Virus,Strawberry___Leaf_scorch,0.463722
plantwild/extracted/plantwild/images/tomato yellow leaf curl virus/3.jpg,Tomato___Tomato_Yellow_Leaf_Curl_Virus,Cherry___healthy,0.960972
plantwild/extracted/plantwild/images/tomato yellow leaf curl virus/31.jpg,Tomato___Tomato_Yellow_Leaf_Curl_Virus,Cherry___healthy,0.784575
plantwild/extracted/plantwild/images/tomato yellow leaf curl virus/32.jpg,Tomato___Tomato_Yellow_Leaf_Curl_Virus,Tomato___Tomato_Yellow_Leaf_Curl_Virus,0.474430
plantwild/extracted/plantwild/images/tomato yellow leaf curl virus/35.jpg,Tomato___Tomato_Yellow_Leaf_Curl_Virus,Cherry___healthy,0.943793
plantwild/extracted/plantwild/images/tomato yellow leaf curl virus/36.jpg,Tomato___Tomato_Yellow_Leaf_Curl_Virus,Corn___healthy,0.514932
plantwild/extracted/plantwild/images/tomato yellow leaf curl virus/37.jpg,Tomato___Tomato_Yellow_Leaf_Curl_Virus,Cherry___healthy,0.886270
plantwild/extracted/plantwild/images/tomato yellow leaf curl virus/38.jpg,Tomato___Tomato_Yellow_Leaf_Curl_Virus,Strawberry___Leaf_scorch,0.372482
plantwild/extracted/plantwild/images/tomato yellow leaf curl virus/4.jpg,Tomato___Tomato_Yellow_Leaf_Curl_Virus,Cherry___healthy,0.381190
plantwild/extracted/plantwild/images/tomato yellow leaf curl virus/40.jpg,Tomato___Tomato_Yellow_Leaf_Curl_Virus,Tomato___Early_blight,0.755683
plantwild/extracted/plantwild/images/tomato yellow leaf curl virus/41.jpg,Tomato___Tomato_Yellow_Leaf_Curl_Virus,Tomato___Early_blight,0.856299
plantwild/extracted/plantwild/images/tomato yellow leaf curl virus/42.jpg,Tomato___Tomato_Yellow_Leaf_Curl_Virus,Cherry___healthy,0.761529
plantwild/extracted/plantwild/images/tomato yellow leaf curl virus/43 - Copy (2).jpg,Tomato___Tomato_Yellow_Leaf_Curl_Virus,Tomato___Tomato_Yellow_Leaf_Curl_Virus,0.926966
plantwild/extracted/plantwild/images/tomato yellow leaf curl virus/43 - Copy.jpg,Tomato___Tomato_Yellow_Leaf_Curl_Virus,Corn___healthy,0.631333
plantwild/extracted/plantwild/images/tomato yellow leaf curl virus/43.jpg,Tomato___Tomato_Yellow_Leaf_Curl_Virus,Corn___healthy,0.848237
plantwild/extracted/plantwild/images/tomato yellow leaf curl virus/44.jpg,Tomato___Tomato_Yellow_Leaf_Curl_Virus,Strawberry___Leaf_scorch,0.864805
plantwild/extracted/plantwild/images/tomato yellow leaf curl virus/45.jpg,Tomato___Tomato_Yellow_Leaf_Curl_Virus,Strawberry___Leaf_scorch,0.952634
plantwild/extracted/plantwild/images/tomato yellow leaf curl virus/47.jpg,Tomato___Tomato_Yellow_Leaf_Curl_Virus,Cherry___healthy,0.531023
plantwild/extracted/plantwild/images/tomato yellow leaf curl virus/49.jpg,Tomato___Tomato_Yellow_Leaf_Curl_Virus,Cherry___healthy,0.939744
plantwild/extracted/plantwild/images/tomato yellow leaf curl virus/5.jpg,Tomato___Tomato_Yellow_Leaf_Curl_Virus,Strawberry___Leaf_scorch,0.767271
plantwild/extracted/plantwild/images/tomato yellow leaf curl virus/50.jpg,Tomato___Tomato_Yellow_Leaf_Curl_Virus,Cherry___healthy,0.950218
plantwild/extracted/plantwild/images/tomato yellow leaf curl virus/51.jpg,Tomato___Tomato_Yellow_Leaf_Curl_Virus,Cherry___healthy,0.862194
plantwild/extracted/plantwild/images/tomato yellow leaf curl virus/59.jpg,Tomato___Tomato_Yellow_Leaf_Curl_Virus,Cherry___healthy,0.879779
plantwild/extracted/plantwild/images/tomato yellow leaf curl virus/6.jpg,Tomato___Tomato_Yellow_Leaf_Curl_Virus,Cherry___healthy,0.963556
plantwild/extracted/plantwild/images/tomato yellow leaf curl virus/62.jpg,Tomato___Tomato_Yellow_Leaf_Curl_Virus,Strawberry___Leaf_scorch,0.943655
plantwild/extracted/plantwild/images/tomato yellow leaf curl virus/64.jpg,Tomato___Tomato_Yellow_Leaf_Curl_Virus,Squash___Powdery_mildew,0.725298
plantwild/extracted/plantwild/images/tomato yellow leaf curl virus/68.jpg,Tomato___Tomato_Yellow_Leaf_Curl_Virus,Cherry___healthy,0.907585
plantwild/extracted/plantwild/images/tomato yellow leaf curl virus/69.jpg,Tomato___Tomato_Yellow_Leaf_Curl_Virus,Potato___Early_blight,0.214268
plantwild/extracted/plantwild/images/tomato yellow leaf curl virus/7 - Copy.jpg,Tomato___Tomato_Yellow_Leaf_Curl_Virus,Cherry___healthy,0.239951
plantwild/extracted/plantwild/images/tomato yellow leaf curl virus/7.jpg,Tomato___Tomato_Yellow_Leaf_Curl_Virus,Grape___Leaf_blight_(Isariopsis_Leaf_Spot),0.278061
plantwild/extracted/plantwild/images/tomato yellow leaf curl virus/72.jpg,Tomato___Tomato_Yellow_Leaf_Curl_Virus,Cherry___healthy,0.867323
plantwild/extracted/plantwild/images/tomato yellow leaf curl virus/77.jpg,Tomato___Tomato_Yellow_Leaf_Curl_Virus,Cherry___healthy,0.514540
plantwild/extracted/plantwild/images/tomato yellow leaf curl virus/78.jpg,Tomato___Tomato_Yellow_Leaf_Curl_Virus,Cherry___healthy,0.881717
plantwild/extracted/plantwild/images/tomato yellow leaf curl virus/79.jpg,Tomato___Tomato_Yellow_Leaf_Curl_Virus,Cherry___healthy,0.416150
plantwild/extracted/plantwild/images/tomato yellow leaf curl virus/8.jpg,Tomato___Tomato_Yellow_Leaf_Curl_Virus,Cherry___healthy,0.816033
plantwild/extracted/plantwild/images/tomato yellow leaf curl virus/80.jpg,Tomato___Tomato_Yellow_Leaf_Curl_Virus,Cherry___healthy,0.931824
plantwild/extracted/plantwild/images/tomato yellow leaf curl virus/85.jpg,Tomato___Tomato_Yellow_Leaf_Curl_Virus,Cherry___healthy,0.729061
plantwild/extracted/plantwild/images/tomato yellow leaf curl virus/9.jpg,Tomato___Tomato_Yellow_Leaf_Curl_Virus,Strawberry___Leaf_scorch,0.945401
plantwild/extracted/plantwild/images/tomato yellow leaf curl virus/99.jpg,Tomato___Tomato_Yellow_Leaf_Curl_Virus,Strawberry___Leaf_scorch,0.915202
plantwild/extracted/plantwild/images/tomato yellow leaf curl virus/google_0000.jpg,Tomato___Tomato_Yellow_Leaf_Curl_Virus,Strawberry___Leaf_scorch,0.726887
plantwild/extracted/plantwild/images/tomato yellow leaf curl virus/google_0001.jpg,Tomato___Tomato_Yellow_Leaf_Curl_Virus,Cherry___healthy,0.961277
plantwild/extracted/plantwild/images/tomato yellow leaf curl virus/google_0004.jpg,Tomato___Tomato_Yellow_Leaf_Curl_Virus,Tomato___Tomato_Yellow_Leaf_Curl_Virus,0.959881
plantwild/extracted/plantwild/images/tomato yellow leaf curl virus/google_0005.jpg,Tomato___Tomato_Yellow_Leaf_Curl_Virus,Tomato___Tomato_Yellow_Leaf_Curl_Virus,0.952729
plantwild/extracted/plantwild/images/tomato yellow leaf curl virus/google_0007.jpg,Tomato___Tomato_Yellow_Leaf_Curl_Virus,Cherry___healthy,0.935714
plantwild/extracted/plantwild/images/tomato yellow leaf curl virus/google_0008.jpg,Tomato___Tomato_Yellow_Leaf_Curl_Virus,Cherry___healthy,0.824093
plantwild/extracted/plantwild/images/tomato yellow leaf curl virus/google_0009.jpg,Tomato___Tomato_Yellow_Leaf_Curl_Virus,"Pepper,_bell___healthy",0.674961
plantwild/extracted/plantwild/images/tomato yellow leaf curl virus/google_0010.jpg,Tomato___Tomato_Yellow_Leaf_Curl_Virus,Tomato___Tomato_Yellow_Leaf_Curl_Virus,0.285527
plantwild/extracted/plantwild/images/tomato yellow leaf curl virus/google_0012.jpg,Tomato___Tomato_Yellow_Leaf_Curl_Virus,Cherry___healthy,0.849023
plantwild/extracted/plantwild/images/tomato yellow leaf curl virus/google_0013.jpg,Tomato___Tomato_Yellow_Leaf_Curl_Virus,Cherry___healthy,0.446395
plantwild/extracted/plantwild/images/tomato yellow leaf curl virus/google_0015.jpg,Tomato___Tomato_Yellow_Leaf_Curl_Virus,Strawberry___Leaf_scorch,0.767866
plantwild/extracted/plantwild/images/tomato yellow leaf curl virus/google_0016.jpg,Tomato___Tomato_Yellow_Leaf_Curl_Virus,Corn___Common_rust,0.218948
plantwild/extracted/plantwild/images/tomato yellow leaf curl virus/google_0018.jpg,Tomato___Tomato_Yellow_Leaf_Curl_Virus,"Pepper,_bell___healthy",0.476354
plantwild/extracted/plantwild/images/tomato yellow leaf curl virus/google_0021.jpg,Tomato___Tomato_Yellow_Leaf_Curl_Virus,Tomato___Tomato_Yellow_Leaf_Curl_Virus,0.546007
plantwild/extracted/plantwild/images/tomato yellow leaf curl virus/google_0023.jpg,Tomato___Tomato_Yellow_Leaf_Curl_Virus,Cherry___healthy,0.349167
plantwild/extracted/plantwild/images/tomato yellow leaf curl virus/google_0024.jpg,Tomato___Tomato_Yellow_Leaf_Curl_Virus,Cherry___healthy,0.396825
plantwild/extracted/plantwild/images/tomato yellow leaf curl virus/google_0027.jpg,Tomato___Tomato_Yellow_Leaf_Curl_Virus,Tomato___Early_blight,0.627104
plantwild/extracted/plantwild/images/tomato yellow leaf curl virus/google_0028.jpg,Tomato___Tomato_Yellow_Leaf_Curl_Virus,Blueberry___healthy,0.802200
plantwild/extracted/plantwild/images/tomato yellow leaf curl virus/google_0029.jpg,Tomato___Tomato_Yellow_Leaf_Curl_Virus,"Pepper,_bell___healthy",0.403321
plantwild/extracted/plantwild/images/tomato yellow leaf curl virus/google_0031.jpg,Tomato___Tomato_Yellow_Leaf_Curl_Virus,Tomato___Tomato_Yellow_Leaf_Curl_Virus,0.836444
plantwild/extracted/plantwild/images/tomato yellow leaf curl virus/google_0032.jpg,Tomato___Tomato_Yellow_Leaf_Curl_Virus,Cherry___healthy,0.377549
plantwild/extracted/plantwild/images/tomato yellow leaf curl virus/google_0033.jpg,Tomato___Tomato_Yellow_Leaf_Curl_Virus,Cherry___healthy,0.964867
plantwild/extracted/plantwild/images/tomato yellow leaf curl virus/google_0034 - Copy (2).jpg,Tomato___Tomato_Yellow_Leaf_Curl_Virus,Tomato___Late_blight,0.968254
plantwild/extracted/plantwild/images/tomato yellow leaf curl virus/google_0034 - Copy (3).jpg,Tomato___Tomato_Yellow_Leaf_Curl_Virus,Tomato___Leaf_Mold,0.643576
plantwild/extracted/plantwild/images/tomato yellow leaf curl virus/google_0034 - Copy.jpg,Tomato___Tomato_Yellow_Leaf_Curl_Virus,Tomato___Late_blight,0.969237
plantwild/extracted/plantwild/images/tomato yellow leaf curl virus/google_0034.jpg,Tomato___Tomato_Yellow_Leaf_Curl_Virus,Tomato___Late_blight,0.967794
plantwild/extracted/plantwild/images/tomato yellow leaf curl virus/google_0037.jpg,Tomato___Tomato_Yellow_Leaf_Curl_Virus,Tomato___Tomato_Yellow_Leaf_Curl_Virus,0.954264
plantwild/extracted/plantwild/images/tomato yellow leaf curl virus/google_0046.jpg,Tomato___Tomato_Yellow_Leaf_Curl_Virus,"Pepper,_bell___healthy",0.859523
plantwild/extracted/plantwild/images/tomato yellow leaf curl virus/google_0047.jpg,Tomato___Tomato_Yellow_Leaf_Curl_Virus,Cherry___healthy,0.957046
plantwild/extracted/plantwild/images/tomato yellow leaf curl virus/google_0048.jpg,Tomato___Tomato_Yellow_Leaf_Curl_Virus,Cherry___healthy,0.924390
plantwild/extracted/plantwild/images/tomato yellow leaf curl virus/google_0049.jpg,Tomato___Tomato_Yellow_Leaf_Curl_Virus,Cherry___healthy,0.382284
plantwild/extracted/plantwild/images/tomato yellow leaf curl virus/google_0051.jpg,Tomato___Tomato_Yellow_Leaf_Curl_Virus,"Pepper,_bell___healthy",0.795243
plantwild/extracted/plantwild/images/tomato yellow leaf curl virus/google_0052 - Copy (2).jpg,Tomato___Tomato_Yellow_Leaf_Curl_Virus,"Pepper,_bell___healthy",0.460760
plantwild/extracted/plantwild/images/tomato yellow leaf curl virus/google_0052 - Copy (3).jpg,Tomato___Tomato_Yellow_Leaf_Curl_Virus,Strawberry___Leaf_scorch,0.611602
plantwild/extracted/plantwild/images/tomato yellow leaf curl virus/google_0052 - Copy.jpg,Tomato___Tomato_Yellow_Leaf_Curl_Virus,Tomato___Leaf_Mold,0.913560
plantwild/extracted/plantwild/images/tomato yellow leaf curl virus/google_0053.jpg,Tomato___Tomato_Yellow_Leaf_Curl_Virus,Cherry___healthy,0.940708
plantwild/extracted/plantwild/images/tomato yellow leaf curl virus/google_0054.jpg,Tomato___Tomato_Yellow_Leaf_Curl_Virus,"Pepper,_bell___healthy",0.450622
plantwild/extracted/plantwild/images/tomato yellow leaf curl virus/google_0055.jpg,Tomato___Tomato_Yellow_Leaf_Curl_Virus,Strawberry___Leaf_scorch,0.420379
plantwild/extracted/plantwild/images/tomato yellow leaf curl virus/google_0056.jpg,Tomato___Tomato_Yellow_Leaf_Curl_Virus,Cherry___healthy,0.803816
plantwild/extracted/plantwild/images/tomato yellow leaf curl virus/google_0058.jpg,Tomato___Tomato_Yellow_Leaf_Curl_Virus,Tomato___Tomato_Yellow_Leaf_Curl_Virus,0.965255
plantwild/extracted/plantwild/images/tomato yellow leaf curl virus/google_0060.jpg,Tomato___Tomato_Yellow_Leaf_Curl_Virus,Cherry___healthy,0.458632
plantwild/extracted/plantwild/images/tomato yellow leaf curl virus/google_0061.jpg,Tomato___Tomato_Yellow_Leaf_Curl_Virus,Cherry___healthy,0.950479
plantwild/extracted/plantwild/images/tomato yellow leaf curl virus/google_0062.jpg,Tomato___Tomato_Yellow_Leaf_Curl_Virus,Cherry___healthy,0.724877
plantwild/extracted/plantwild/images/tomato yellow leaf curl virus/google_0063.jpg,Tomato___Tomato_Yellow_Leaf_Curl_Virus,Strawberry___Leaf_scorch,0.782667
plantwild/extracted/plantwild/images/tomato yellow leaf curl virus/google_0064.jpg,Tomato___Tomato_Yellow_Leaf_Curl_Virus,"Pepper,_bell___healthy",0.959757
plantwild/extracted/plantwild/images/tomato yellow leaf curl virus/google_0065.jpg,Tomato___Tomato_Yellow_Leaf_Curl_Virus,Cherry___healthy,0.955648
plantwild/extracted/plantwild/images/tomato yellow leaf curl virus/google_0066.jpg,Tomato___Tomato_Yellow_Leaf_Curl_Virus,Cherry___healthy,0.938553
plantwild/extracted/plantwild/images/tomato yellow leaf curl virus/google_0067.jpg,Tomato___Tomato_Yellow_Leaf_Curl_Virus,Cherry___healthy,0.610726
plantwild/extracted/plantwild/images/tomato yellow leaf curl virus/google_0068.jpg,Tomato___Tomato_Yellow_Leaf_Curl_Virus,Cherry___healthy,0.762377
plantwild/extracted/plantwild/images/tomato yellow leaf curl virus/google_0070.jpg,Tomato___Tomato_Yellow_Leaf_Curl_Virus,Strawberry___Leaf_scorch,0.598069
plantwild/extracted/plantwild/images/tomato yellow leaf curl virus/google_0072 - Copy.jpg,Tomato___Tomato_Yellow_Leaf_Curl_Virus,Tomato___Tomato_Yellow_Leaf_Curl_Virus,0.946972
plantwild/extracted/plantwild/images/tomato yellow leaf curl virus/google_0072.jpg,Tomato___Tomato_Yellow_Leaf_Curl_Virus,Cherry___healthy,0.887657
plantwild/extracted/plantwild/images/tomato yellow leaf curl virus/google_0074 - Copy.jpg,Tomato___Tomato_Yellow_Leaf_Curl_Virus,Cherry___healthy,0.252601
plantwild/extracted/plantwild/images/tomato yellow leaf curl virus/google_0074.jpg,Tomato___Tomato_Yellow_Leaf_Curl_Virus,Tomato___Tomato_Yellow_Leaf_Curl_Virus,0.956780
plantwild/extracted/plantwild/images/tomato yellow leaf curl virus/google_0075.jpg,Tomato___Tomato_Yellow_Leaf_Curl_Virus,"Pepper,_bell___healthy",0.856688
plantwild/extracted/plantwild/images/tomato yellow leaf curl virus/google_0076.jpg,Tomato___Tomato_Yellow_Leaf_Curl_Virus,Cherry___healthy,0.799957
plantwild/extracted/plantwild/images/tomato yellow leaf curl virus/google_0077.jpg,Tomato___Tomato_Yellow_Leaf_Curl_Virus,Cherry___healthy,0.941251
plantwild/extracted/plantwild/images/tomato yellow leaf curl virus/google_0078.jpg,Tomato___Tomato_Yellow_Leaf_Curl_Virus,Tomato___Tomato_Yellow_Leaf_Curl_Virus,0.623898
plantwild/extracted/plantwild/images/tomato yellow leaf curl virus/google_0080.jpg,Tomato___Tomato_Yellow_Leaf_Curl_Virus,Tomato___Tomato_Yellow_Leaf_Curl_Virus,0.297174
plantwild/extracted/plantwild/images/tomato yellow leaf curl virus/google_0085.jpg,Tomato___Tomato_Yellow_Leaf_Curl_Virus,Cherry___healthy,0.684446
plantwild/extracted/plantwild/images/tomato yellow leaf curl virus/google_0087.jpg,Tomato___Tomato_Yellow_Leaf_Curl_Virus,Tomato___Late_blight,0.772790
plantwild/extracted/plantwild/images/tomato yellow leaf curl virus/google_0089.jpg,Tomato___Tomato_Yellow_Leaf_Curl_Virus,Cherry___healthy,0.958327
plantwild/extracted/plantwild/images/tomato yellow leaf curl virus/google_0092.jpg,Tomato___Tomato_Yellow_Leaf_Curl_Virus,"Pepper,_bell___healthy",0.864005
plantwild/extracted/plantwild/images/tomato yellow leaf curl virus/google_0094.jpg,Tomato___Tomato_Yellow_Leaf_Curl_Virus,Cherry___healthy,0.965526
plantwild/extracted/plantwild/images/tomato yellow leaf curl virus/google_0095.jpg,Tomato___Tomato_Yellow_Leaf_Curl_Virus,Cherry___healthy,0.547822
plantwild/extracted/plantwild/images/tomato yellow leaf curl virus/google_0096.jpg,Tomato___Tomato_Yellow_Leaf_Curl_Virus,Cherry___healthy,0.530716
plantwild/extracted/plantwild/images/tomato yellow leaf curl virus/google_0098.jpg,Tomato___Tomato_Yellow_Leaf_Curl_Virus,Cherry___healthy,0.725574
plantwild/extracted/plantwild/images/tomato yellow leaf curl virus/google_0100.jpg,Tomato___Tomato_Yellow_Leaf_Curl_Virus,Tomato___Tomato_Yellow_Leaf_Curl_Virus,0.637577
plantwild/extracted/plantwild/images/tomato yellow leaf curl virus/google_0102.jpg,Tomato___Tomato_Yellow_Leaf_Curl_Virus,"Pepper,_bell___healthy",0.941815
plantwild/extracted/plantwild/images/tomato yellow leaf curl virus/google_0103.jpg,Tomato___Tomato_Yellow_Leaf_Curl_Virus,Tomato___Late_blight,0.946917
plantwild/extracted/plantwild/images/tomato yellow leaf curl virus/google_0105.jpg,Tomato___Tomato_Yellow_Leaf_Curl_Virus,Squash___Powdery_mildew,0.348288
plantwild/extracted/plantwild/images/tomato yellow leaf curl virus/google_0106.jpg,Tomato___Tomato_Yellow_Leaf_Curl_Virus,Cherry___healthy,0.956121
plantwild/extracted/plantwild/images/tomato yellow leaf curl virus/google_0109.jpg,Tomato___Tomato_Yellow_Leaf_Curl_Virus,Cherry___healthy,0.958634
plantwild/extracted/plantwild/images/tomato yellow leaf curl virus/google_0110.jpg,Tomato___Tomato_Yellow_Leaf_Curl_Virus,Strawberry___Leaf_scorch,0.440465
plantwild/extracted/plantwild/images/tomato yellow leaf curl virus/google_0111.jpg,Tomato___Tomato_Yellow_Leaf_Curl_Virus,Corn___healthy,0.388793
plantwild/extracted/plantwild/images/tomato yellow leaf curl virus/google_0112.jpg,Tomato___Tomato_Yellow_Leaf_Curl_Virus,Cherry___healthy,0.964991
plantwild/extracted/plantwild/images/tomato yellow leaf curl virus/google_0114.jpg,Tomato___Tomato_Yellow_Leaf_Curl_Virus,Cherry___healthy,0.882633
plantwild/extracted/plantwild/images/tomato yellow leaf curl virus/google_0115.jpg,Tomato___Tomato_Yellow_Leaf_Curl_Virus,Cherry___healthy,0.547133
plantwild/extracted/plantwild/images/tomato yellow leaf curl virus/google_0118.jpg,Tomato___Tomato_Yellow_Leaf_Curl_Virus,"Pepper,_bell___healthy",0.508352
plantwild/extracted/plantwild/images/tomato yellow leaf curl virus/google_0120.jpg,Tomato___Tomato_Yellow_Leaf_Curl_Virus,Tomato___Tomato_Yellow_Leaf_Curl_Virus,0.756224
plantwild/extracted/plantwild/images/tomato yellow leaf curl virus/google_0121 - Copy.jpg,Tomato___Tomato_Yellow_Leaf_Curl_Virus,Tomato___Late_blight,0.317733
plantwild/extracted/plantwild/images/tomato yellow leaf curl virus/google_0121.jpg,Tomato___Tomato_Yellow_Leaf_Curl_Virus,Tomato___Tomato_Yellow_Leaf_Curl_Virus,0.602344
plantwild/extracted/plantwild/images/tomato yellow leaf curl virus/google_0122.jpg,Tomato___Tomato_Yellow_Leaf_Curl_Virus,Cherry___healthy,0.818843
plantwild/extracted/plantwild/images/tomato yellow leaf curl virus/google_0124.jpg,Tomato___Tomato_Yellow_Leaf_Curl_Virus,Tomato___Tomato_Yellow_Leaf_Curl_Virus,0.250976
plantwild/extracted/plantwild/images/tomato yellow leaf curl virus/google_0127.jpg,Tomato___Tomato_Yellow_Leaf_Curl_Virus,"Pepper,_bell___healthy",0.716675
plantwild/extracted/plantwild/images/tomato yellow leaf curl virus/google_0135.jpg,Tomato___Tomato_Yellow_Leaf_Curl_Virus,"Pepper,_bell___healthy",0.943657
plantwild/extracted/plantwild/images/tomato yellow leaf curl virus/google_0138.jpg,Tomato___Tomato_Yellow_Leaf_Curl_Virus,Cherry___healthy,0.924848
plantwild/extracted/plantwild/images/tomato yellow leaf curl virus/google_0139.jpg,Tomato___Tomato_Yellow_Leaf_Curl_Virus,Cherry___healthy,0.947291
plantwild/extracted/plantwild/images/tomato yellow leaf curl virus/google_0140.jpg,Tomato___Tomato_Yellow_Leaf_Curl_Virus,Cherry___healthy,0.937096
plantwild/extracted/plantwild/images/tomato yellow leaf curl virus/google_0141.jpg,Tomato___Tomato_Yellow_Leaf_Curl_Virus,Cherry___healthy,0.960625
plantwild/extracted/plantwild/images/tomato yellow leaf curl virus/google_0146.jpg,Tomato___Tomato_Yellow_Leaf_Curl_Virus,Cherry___healthy,0.661192
plantwild/extracted/plantwild/images/tomato yellow leaf curl virus/google_0147.jpg,Tomato___Tomato_Yellow_Leaf_Curl_Virus,Tomato___Tomato_Yellow_Leaf_Curl_Virus,0.927330
plantwild/extracted/plantwild/images/tomato yellow leaf curl virus/google_0148 - Copy.jpg,Tomato___Tomato_Yellow_Leaf_Curl_Virus,Strawberry___Leaf_scorch,0.869727
plantwild/extracted/plantwild/images/tomato yellow leaf curl virus/google_0148.jpg,Tomato___Tomato_Yellow_Leaf_Curl_Virus,Squash___Powdery_mildew,0.600649
plantwild/extracted/plantwild/images/tomato yellow leaf curl virus/google_0150.jpg,Tomato___Tomato_Yellow_Leaf_Curl_Virus,Tomato___Tomato_Yellow_Leaf_Curl_Virus,0.950252
plantwild/extracted/plantwild/images/tomato yellow leaf curl virus/google_0151.jpg,Tomato___Tomato_Yellow_Leaf_Curl_Virus,Tomato___Tomato_Yellow_Leaf_Curl_Virus,0.896445
plantwild/extracted/plantwild/images/tomato yellow leaf curl virus/google_0155.jpg,Tomato___Tomato_Yellow_Leaf_Curl_Virus,Cherry___healthy,0.854024
plantwild/extracted/plantwild/images/tomato yellow leaf curl virus/google_0162.jpg,Tomato___Tomato_Yellow_Leaf_Curl_Virus,Corn___healthy,0.441076
plantwild/extracted/plantwild/images/tomato yellow leaf curl virus/google_0163.jpg,Tomato___Tomato_Yellow_Leaf_Curl_Virus,Cherry___healthy,0.949059
plantwild/extracted/plantwild/images/tomato yellow leaf curl virus/google_0171.jpg,Tomato___Tomato_Yellow_Leaf_Curl_Virus,Strawberry___Leaf_scorch,0.759787
plantwild/extracted/plantwild/images/tomato yellow leaf curl virus/google_0172.jpg,Tomato___Tomato_Yellow_Leaf_Curl_Virus,Squash___Powdery_mildew,0.928657
plantwild/extracted/plantwild/images/tomato yellow leaf curl virus/google_0173.jpg,Tomato___Tomato_Yellow_Leaf_Curl_Virus,Tomato___Early_blight,0.317387
plantwild/extracted/plantwild/images/tomato yellow leaf curl virus/google_0174.jpg,Tomato___Tomato_Yellow_Leaf_Curl_Virus,Strawberry___Leaf_scorch,0.763074
