path,true,pred,top1_prob
plantwild/extracted/plantwild/images/apple black rot/1.jpg,Apple___Black_rot,"Pepper,_bell___healthy",0.904946
plantwild/extracted/plantwild/images/apple black rot/10.jpg,Apple___Black_rot,Strawberry___Leaf_scorch,0.895635
plantwild/extracted/plantwild/images/apple black rot/100.jpg,Apple___Black_rot,Strawberry___Leaf_scorch,0.341689
plantwild/extracted/plantwild/images/apple black rot/109.jpg,Apple___Black_rot,Orange___Haunglongbing_(Citrus_greening),0.895494
plantwild/extracted/plantwild/images/apple black rot/11.jpg,Apple___Black_rot,"Pepper,_bell___healthy",0.754118
plantwild/extracted/plantwild/images/apple black rot/111.jpg,Apple___Black_rot,Cherry___healthy,0.529009
plantwild/extracted/plantwild/images/apple black rot/12.jpg,Apple___Black_rot,"Pepper,_bell___healthy",0.949623
plantwild/extracted/plantwild/images/apple black rot/14.jpg,Apple___Black_rot,Tomato___Late_blight,0.303643
plantwild/extracted/plantwild/images/apple black rot/143.jpg,Apple___Black_rot,"Pepper,_bell___Bacterial_spot",0.667336
plantwild/extracted/plantwild/images/apple black rot/144.jpg,Apple___Black_rot,Strawberry___Leaf_scorch,0.949473
plantwild/extracted/plantwild/images/apple black rot/145.jpg,Apple___Black_rot,Strawberry___Leaf_scorch,0.896991
plantwild/extracted/plantwild/images/apple black rot/147.jpg,Apple___Black_rot,Strawberry___Leaf_scorch,0.864758
plantwild/extracted/plantwild/images/apple black rot/148.jpg,Apple___Black_rot,Strawberry___Leaf_scorch,0.685906
plantwild/extracted/plantwild/images/apple black rot/149.jpg,Apple___Black_rot,"Pepper,_bell___healthy",0.693435
plantwild/extracted/plantwild/images/apple black rot/15.jpg,Apple___Black_rot,"Pepper,_bell___healthy",0.815914
plantwild/extracted/plantwild/images/apple black rot/150.jpg,Apple___Black_rot,Tomato___Early_blight,0.257999
plantwild/extracted/plantwild/images/apple black rot/151.jpg,Apple___Black_rot,Apple___healthy,0.256771
plantwild/extracted/plantwild/images/apple black rot/152.jpg,Apple___Black_rot,"Pepper,_bell___healthy",0.610978
plantwild/extracted/plantwild/images/apple black rot/155.jpg,Apple___Black_rot,Strawberry___Leaf_scorch,0.918510
plantwild/extracted/plantwild/images/apple black rot/156.jpg,Apple___Black_rot,Grape___Black_rot,0.951108
plantwild/extracted/plantwild/images/apple black rot/16.jpg,Apple___Black_rot,Strawberry___Leaf_scorch,0.830967
plantwild/extracted/plantwild/images/apple black rot/164.jpg,Apple___Black_rot,Grape___Esca_(Black_Measles),0.663273
plantwild/extracted/plantwild/images/apple black rot/167.jpg,Apple___Black_rot,"Pepper,_bell___healthy",0.890951
plantwild/extracted/plantwild/images/apple black rot/168.jpg,Apple___Black_rot,Corn___Common_rust,0.194699
plantwild/extracted/plantwild/images/apple black rot/17.jpg,Apple___Black_rot,Tomato___Early_blight,0.402086
plantwild/extracted/plantwild/images/apple black rot/171.jpg,Apple___Black_rot,Strawberry___Leaf_scorch,0.877377
plantwild/extracted/plantwild/images/apple black rot/175.jpg,Apple___Black_rot,Corn___healthy,0.246455
plantwild/extracted/plantwild/images/apple black rot/18.jpg,Apple___Black_rot,"Pepper,_bell___healthy",0.965570
plantwild/extracted/plantwild/images/apple black rot/187.jpg,Apple___Black_rot,Tomato___healthy,0.227379
plantwild/extracted/plantwild/images/apple black rot/19.jpg,Apple___Black_rot,Strawberry___Leaf_scorch,0.952063
plantwild/extracted/plantwild/images/apple black rot/2.jpg,Apple___Black_rot,"Pepper,_bell___healthy",0.912863
plantwild/extracted/plantwild/images/apple black rot/20.jpg,Apple___Black_rot,Strawberry___Leaf_scorch,0.239077
plantwild/extracted/plantwild/images/apple black rot/21.jpg,Apple___Black_rot,Strawberry___Leaf_scorch,0.943246
plantwild/extracted/plantwild/images/apple black rot/211.jpg,Apple___Black_rot,Strawberry___Leaf_scorch,0.965697
plantwild/extracted/plantwild/images/apple black rot/28.jpg,Apple___Black_rot,Grape___Black_rot,0.935722
plantwild/extracted/plantwild/images/apple black rot/3.jpg,Apple___Black_rot,"Pepper,_bell___healthy",0.957136
plantwild/extracted/plantwild/images/apple black rot/32.jpg,Apple___Black_rot,Strawberry___Leaf_scorch,0.955895
plantwild/extracted/plantwild/images/apple black rot/33.jpg,Apple___Black_rot,Strawberry___Leaf_scorch,0.530089
plantwild/extracted/plantwild/images/apple black rot/34.jpg,Apple___Black_rot,"Pepper,_bell___healthy",0.961515
plantwild/extracted/plantwild/images/apple black rot/35.jpg,Apple___Black_rot,Potato___Early_blight,0.215772
plantwild/extracted/plantwild/images/apple black rot/37.jpg,Apple___Black_rot,Grape___Esca_(Black_Measles),0.364361
plantwild/extracted/plantwild/images/apple black rot/38 - Copy (2).jpg,Apple___Black_rot,"Pepper,_bell___healthy",0.876371
plantwild/extracted/plantwild/images/apple black rot/38 - Copy.jpg,Apple___Black_rot,Tomato___Late_blight,0.847370
plantwild/extracted/plantwild/images/apple black rot/38.jpg,Apple___Black_rot,"Pepper,_bell___healthy",0.301557
plantwild/extracted/plantwild/images/apple black rot/39.jpg,Apple___Black_rot,Strawberry___Leaf_scorch,0.500842
plantwild/extracted/plantwild/images/apple black rot/4.jpg,Apple___Black_rot,"Pepper,_bell___healthy",0.941946
plantwild/extracted/plantwild/images/apple black rot/44.jpg,Apple___Black_rot,"Pepper,_bell___Bacterial_spot",0.401569
plantwild/extracted/plantwild/images/apple black rot/46.jpg,Apple___Black_rot,"Pepper,_bell___healthy",0.962245
plantwild/extracted/plantwild/images/apple black rot/47.jpg,Apple___Black_rot,Tomato___healthy,0.629342
plantwild/extracted/plantwild/images/apple black rot/48.jpg,Apple___Black_rot,"Pepper,_bell___healthy",0.713488
plantwild/extracted/plantwild/images/apple black rot/5.jpg,Apple___Black_rot,Orange___Haunglongbing_(Citrus_greening),0.796392
plantwild/extracted/plantwild/images/apple black rot/52.jpg,Apple___Black_rot,Corn___Northern_Leaf_Blight,0.375283
plantwild/extracted/plantwild/images/apple black rot/53.jpg,Apple___Black_rot,"Pepper,_bell___healthy",0.686227
plantwild/extracted/plantwild/images/apple black rot/58.jpg,Apple___Black_rot,Strawberry___Leaf_scorch,0.858808
plantwild/extracted/plantwild/images/apple black rot/59.jpg,Apple___Black_rot,Corn___Cercospora_leaf_spot Gray_leaf_spot,0.480727
plantwild/extracted/plantwild/images/apple black rot/6.jpg,Apple___Black_rot,Strawberry___Leaf_scorch,0.956000
plantwild/extracted/plantwild/images/apple black rot/60.jpg,Apple___Black_rot,"Pepper,_bell___healthy",0.577529
plantwild/extracted/plantwild/images/apple black rot/61.jpg,Apple___Black_rot,Corn___Cercospora_leaf_spot Gray_leaf_spot,0.888728
plantwild/extracted/plantwild/images/apple black rot/62.jpg,Apple___Black_rot,Tomato___Septoria_leaf_spot,0.794645
plantwild/extracted/plantwild/images/apple black rot/66.jpg,Apple___Black_rot,Corn___Northern_Leaf_Blight,0.582335
plantwild/extracted/plantwild/images/apple black rot/67.jpg,Apple___Black_rot,"Pepper,_bell___healthy",0.491800
plantwild/extracted/plantwild/images/apple black rot/68.jpg,Apple___Black_rot,"Pepper,_bell___healthy",0.930241
plantwild/extracted/plantwild/images/apple black rot/69.jpg,Apple___Black_rot,Corn___healthy,0.420246
plantwild/extracted/plantwild/images/apple black rot/7.jpg,Apple___Black_rot,"Pepper,_bell___healthy",0.958527
plantwild/extracted/plantwild/images/apple black rot/70.jpg,Apple___Black_rot,"Pepper,_bell___healthy",0.941109
plantwild/extracted/plantwild/images/apple black rot/72.jpg,Apple___Black_rot,Strawberry___Leaf_scorch,0.780294
plantwild/extracted/plantwild/images/apple black rot/73.jpg,Apple___Black_rot,Tomato___Early_blight,0.381242
plantwild/extracted/plantwild/images/apple black rot/74.jpg,Apple___Black_rot,"Pepper,_bell___healthy",0.524816
plantwild/extracted/plantwild/images/apple black rot/78.jpg,Apple___Black_rot,"Pepper,_bell___healthy",0.328505
plantwild/extracted/plantwild/images/apple black rot/8.jpg,Apple___Black_rot,"Pepper,_bell___healthy",0.594844
plantwild/extracted/plantwild/images/apple black rot/80.jpg,Apple___Black_rot,"Pepper,_bell___healthy",0.897990
plantwild/extracted/plantwild/images/apple black rot/86.jpg,Apple___Black_rot,Squash___Powdery_mildew,0.383426
plantwild/extracted/plantwild/images/apple black rot/9.jpg,Apple___Black_rot,Strawberry___Leaf_scorch,0.890915
plantwild/extracted/plantwild/images/apple black rot/97.jpg,Apple___Black_rot,Corn___Northern_Leaf_Blight,0.552411
plantwild/extracted/plantwild/images/apple black rot/google_0000.jpg,Apple___Black_rot,Apple___Black_rot,0.791273
plantwild/extracted/plantwild/images/apple black rot/google_0001.jpg,Apple___Black_rot,"Pepper,_bell___healthy",0.825929
plantwild/extracted/plantwild/images/apple black rot/google_0002.jpg,Apple___Black_rot,Apple___Black_rot,0.876758
plantwild/extracted/plantwild/images/apple black rot/google_0003.jpg,Apple___Black_rot,Blueberry___healthy,0.464211
plantwild/extracted/plantwild/images/apple black rot/google_0005.jpg,Apple___Black_rot,Corn___Common_rust,0.539117
plantwild/extracted/plantwild/images/apple black rot/google_0006.jpg,Apple___Black_rot,Grape___Black_rot,0.594612
plantwild/extracted/plantwild/images/apple black rot/google_0008.jpg,Apple___Black_rot,"Pepper,_bell___healthy",0.558424
plantwild/extracted/plantwild/images/apple black rot/google_0010.jpg,Apple___Black_rot,Cherry___healthy,0.783293
plantwild/extracted/plantwild/images/apple black rot/google_0011.jpg,Apple___Black_rot,Cherry___healthy,0.883334
plantwild/extracted/plantwild/images/apple black rot/google_0012.jpg,Apple___Black_rot,Strawberry___Leaf_scorch,0.730203
plantwild/extracted/plantwild/images/apple black rot/google_0013.jpg,Apple___Black_rot,"Pepper,_bell___healthy",0.410590
plantwild/extracted/plantwild/images/apple black rot/google_0014.jpg,Apple___Black_rot,"Pepper,_bell___healthy",0.967114
plantwild/extracted/plantwild/images/apple black rot/google_0015.jpg,Apple___Black_rot,Orange___Haunglongbing_(Citrus_greening),0.477326
plantwild/extracted/plantwild/images/apple black rot/google_0016.jpg,Apple___Black_rot,"Pepper,_bell___healthy",0.947695
plantwild/extracted/plantwild/images/apple black rot/google_0018.jpg,Apple___Black_rot,"Pepper,_bell___healthy",0.865080
plantwild/extracted/plantwild/images/apple black rot/google_0021.jpg,Apple___Black_rot,"Pepper,_bell___healthy",0.669982
plantwild/extracted/plantwild/images/apple black rot/google_0022.jpg,Apple___Black_rot,"Pepper,_bell___healthy",0.335486
plantwild/extracted/plantwild/images/apple black rot/google_0023.jpg,Apple___Black_rot,"Pepper,_bell___healthy",0.722182
plantwild/extracted/plantwild/images/apple black rot/google_0024.jpg,Apple___Black_rot,"Pepper,_bell___healthy",0.848362
plantwild/extracted/plantwild/images/apple black rot/google_0025.jpg,Apple___Black_rot,"Pepper,_bell___healthy",0.955849
plantwild/extracted/plantwild/images/apple black rot/google_0026.jpg,Apple___Black_rot,"Pepper,_bell___healthy",0.971879
plantwild/extracted/plantwild/images/apple black rot/google_0027.jpg,Apple___Black_rot,"Pepper,_bell___healthy",0.475473
plantwild/extracted/plantwild/images/apple black rot/google_0028.jpg,Apple___Black_rot,Tomato___Early_blight,0.937321
plantwild/extracted/plantwild/images/apple black rot/google_0029.jpg,Apple___Black_rot,Strawberry___Leaf_scorch,0.407750
plantwild/extracted/plantwild/images/apple black rot/google_0031.jpg,Apple___Black_rot,Strawberry___Leaf_scorch,0.644591
plantwild/extracted/plantwild/images/apple black rot/google_0033.jpg,Apple___Black_rot,"Pepper,_bell___healthy",0.896902
plantwild/extracted/plantwild/images/apple black rot/google_0037.jpg,Apple___Black_rot,Tomato___Tomato_Yellow_Leaf_Curl_Virus,0.918431
plantwild/extracted/plantwild/images/apple black rot/google_0039.jpg,Apple___Black_rot,"Pepper,_bell___healthy",0.853101
plantwild/extracted/plantwild/images/apple black rot/google_0041.jpg,Apple___Black_rot,"Pepper,_bell___healthy",0.916613
plantwild/extracted/plantwild/images/apple black rot/google_0043.jpg,Apple___Black_rot,Strawberry___Leaf_scorch,0.948363
plantwild/extracted/plantwild/images/apple black rot/google_0045.jpg,Apple___Black_rot,"Pepper,_bell___healthy",0.360803
plantwild/extracted/plantwild/images/apple black rot/google_0046.jpg,Apple___Black_rot,"Pepper,_bell___healthy",0.917060
plantwild/extracted/plantwild/images/apple black rot/google_0048.jpg,Apple___Black_rot,"Pepper,_bell___healthy",0.953196
plantwild/extracted/plantwild/images/apple black rot/google_0049.jpg,Apple___Black_rot,"Pepper,_bell___healthy",0.958329
plantwild/extracted/plantwild/images/apple black rot/google_0050.jpg,Apple___Black_rot,Strawberry___Leaf_scorch,0.414828
plantwild/extracted/plantwild/images/apple black rot/google_0051.jpg,Apple___Black_rot,"Pepper,_bell___healthy",0.951890
plantwild/extracted/plantwild/images/apple black rot/google_0052.jpg,Apple___Black_rot,Strawberry___Leaf_scorch,0.923636
plantwild/extracted/plantwild/images/apple black rot/google_0053.jpg,Apple___Black_rot,"Pepper,_bell___healthy",0.739919
plantwild/extracted/plantwild/images/apple black rot/google_0055.jpg,Apple___Black_rot,Strawberry___Leaf_scorch,0.963871
plantwild/extracted/plantwild/images/apple black rot/google_0056.jpg,Apple___Black_rot,"Pepper,_bell___healthy",0.963638
plantwild/extracted/plantwild/images/apple black rot/google_0058.jpg,Apple___Black_rot,"Pepper,_bell___healthy",0.824033
plantwild/extracted/plantwild/images/apple black rot/google_0062.jpg,Apple___Black_rot,Apple___Black_rot,0.967848
plantwild/extracted/plantwild/images/apple black rot/google_0063.jpg,Apple___Black_rot,Strawberry___Leaf_scorch,0.189850
plantwild/extracted/plantwild/images/apple black rot/google_0064.jpg,Apple___Black_rot,Tomato___Late_blight,0.379798
plantwild/extracted/plantwild/images/apple black rot/google_0065.jpg,Apple___Black_rot,Corn___healthy,0.757876
plantwild/extracted/plantwild/images/apple black rot/google_0066.jpg,Apple___Black_rot,"Pepper,_bell___healthy",0.950711
plantwild/extracted/plantwild/images/apple black rot/google_0067.jpg,Apple___Black_rot,"Pepper,_bell___healthy",0.686520
plantwild/extracted/plantwild/images/apple black rot/google_0070.jpg,Apple___Black_rot,Strawberry___Leaf_scorch,0.915289
plantwild/extracted/plantwild/images/apple black rot/google_0071.jpg,Apple___Black_rot,Grape___Esca_(Black_Measles),0.487672
plantwild/extracted/plantwild/images/apple black rot/google_0072.jpg,Apple___Black_rot,"Pepper,_bell___healthy",0.909193
plantwild/extracted/plantwild/images/apple black rot/google_0073.jpg,Apple___Black_rot,"Pepper,_bell___healthy",0.173857
plantwild/extracted/plantwild/images/apple black rot/google_0074.jpg,Apple___Black_rot,"Pepper,_bell___healthy",0.829861
plantwild/extracted/plantwild/images/apple black rot/google_0077.jpg,Apple___Black_rot,"Pepper,_bell___healthy",0.922474
plantwild/extracted/plantwild/images/apple black rot/google_0078.jpg,Apple___Black_rot,"Pepper,_bell___healthy",0.457577
plantwild/extracted/plantwild/images/apple black rot/google_0080.jpg,Apple___Black_rot,Tomato___Tomato_Yellow_Leaf_Curl_Virus,0.928870
plantwild/extracted/plantwild/images/apple black rot/google_0082.jpg,Apple___Black_rot,Strawberry___Leaf_scorch,0.954906
plantwild/extracted/plantwild/images/apple black rot/google_0083.jpg,Apple___Black_rot,Tomato___Bacterial_spot,0.298791
plantwild/extracted/plantwild/images/apple black rot/google_0085.jpg,Apple___Black_rot,Tomato___Early_blight,0.919120
plantwild/extracted/plantwild/images/apple black rot/google_0090.jpg,Apple___Black_rot,"Pepper,_bell___healthy",0.952789
plantwild/extracted/plantwild/images/apple black rot/google_0092.jpg,Apple___Black_rot,Cherry___healthy,0.470934
plantwild/extracted/plantwild/images/apple black rot/google_0093.jpg,Apple___Black_rot,"Pepper,_bell___healthy",0.947076
plantwild/extracted/plantwild/images/apple black rot/google_0096.jpg,Apple___Black_rot,"Pepper,_bell___healthy",0.543685
plantwild/extracted/plantwild/images/apple black rot/google_0097.jpg,Apple___Black_rot,Strawberry___Leaf_scorch,0.956620
plantwild/extracted/plantwild/images/apple black rot/google_0099.jpg,Apple___Black_rot,Strawberry___Leaf_scorch,0.424939
plantwild/extracted/plantwild/images/apple black rot/google_0101.jpg,Apple___Black_rot,Strawberry___Leaf_scorch,0.666328
plantwild/extracted/plantwild/images/apple black rot/google_0104.jpg,Apple___Black_rot,"Pepper,_bell___healthy",0.930266
plantwild/extracted/plantwild/images/apple black rot/google_0112.jpg,Apple___Black_rot,Orange___Haunglongbing_(Citrus_greening),0.290042
plantwild/extracted/plantwild/images/apple black rot/google_0113.jpg,Apple___Black_rot,Apple___Black_rot,0.969153
plantwild/extracted/plantwild/images/apple black rot/google_0115.jpg,Apple___Black_rot,Strawberry___Leaf_scorch,0.479559
plantwild/extracted/plantwild/images/apple black rot/google_0118.jpg,Apple___Black_rot,Orange___Haunglongbing_(Citrus_greening),0.512897
plantwild/extracted/plantwild/images/apple black rot/google_0121.jpg,Apple___Black_rot,"Pepper,_bell___healthy",0.939060
plantwild/extracted/plantwild/images/apple black rot/google_0122.jpg,Apple___Black_rot,"Pepper,_bell___healthy",0.837106
plantwild/extracted/plantwild/images/apple black rot/google_0131.jpg,Apple___Black_rot,"Pepper,_bell___healthy",0.887683
plantwild/extracted/plantwild/images/apple black rot/google_0133.jpg,Apple___Black_rot,"Pepper,_bell___healthy",0.178698
plantwild/extracted/plantwild/images/apple black rot/google_0135.jpg,Apple___Black_rot,"Pepper,_bell___healthy",0.429647
plantwild/extracted/plantwild/images/apple black rot/google_0136.jpg,Apple___Black_rot,Strawberry___Leaf_scorch,0.962718
plantwild/extracted/plantwild/images/apple black rot/google_0137.jpg,Apple___Black_rot,Grape___Esca_(Black_Measles),0.942555
plantwild/extracted/plantwild/images/apple black rot/google_0145.jpg,Apple___Black_rot,Corn___Northern_Leaf_Blight,0.560108
plantwild/extracted/plantwild/images/apple black rot/google_0146.jpg,Apple___Black_rot,"Pepper,_bell___healthy",0.832521
plantwild/extracted/plantwild/images/apple black rot/google_0147.jpg,Apple___Black_rot,Tomato___Tomato_Yellow_Leaf_Curl_Virus,0.583515
plantwild/extracted/plantwild/images/apple black rot/google_0148.jpg,Apple___Black_rot,Tomato___Early_blight,0.675801
plantwild/extracted/plantwild/images/apple black rot/google_0150.jpg,Apple___Black_rot,Strawberry___Leaf_scorch,0.915538
plantwild/extracted/plantwild/images/apple black rot/google_0154.jpg,Apple___Black_rot,Apple___Black_rot,0.968826
plantwild/extracted/plantwild/images/apple black rot/google_0155.jpg,Apple___Black_rot,Apple___Black_rot,0.461343
plantwild/extracted/plantwild/images/apple black rot/google_0156.jpg,Apple___Black_rot,Apple___Black_rot,0.970707
plantwild/extracted/plantwild/images/apple black rot/google_0157.jpg,Apple___Black_rot,Strawberry___Leaf_scorch,0.941703
plantwild/extracted/plantwild/images/apple black rot/google_0158.jpg,Apple___Black_rot,"Pepper,_bell___healthy",0.870983
plantwild/extracted/plantwild/images/apple black rot/google_0160.jpg,Apple___Black_rot,Corn___Cercospora_leaf_spot Gray_leaf_spot,0.489149
plantwild/extracted/plantwild/images/apple black rot/google_0166.jpg,Apple___Black_rot,"Pepper,_bell___healthy",0.470084
plantwild/extracted/plantwild/images/apple black rot/google_0174.jpg,Apple___Black_rot,Corn___Northern_Leaf_Blight,0.287490
plantwild/extracted/plantwild/images/apple black rot/google_0175.jpg,Apple___Black_rot,Strawberry___Leaf_scorch,0.941070
plantwild/extracted/plantwild/images/apple black rot/google_0177.jpg,Apple___Black_rot,Apple___Black_rot,0.968639
plantwild/extracted/plantwild/images/apple black rot/google_0178.jpg,Apple___Black_rot,Tomato___Early_blight,0.531629
plantwild/extracted/plantwild/images/apple black rot/google_0181.jpg,Apple___Black_rot,"Pepper,_bell___healthy",0.905159
plantwild/extracted/plantwild/images/apple black rot/google_0182.jpg,Apple___Black_rot,Tomato___Septoria_leaf_spot,0.569755
plantwild/extracted/plantwild/images/apple black rot/google_0186.jpg,Apple___Black_rot,Strawberry___Leaf_scorch,0.385482
plantwild/extracted/plantwild/images/apple black rot/google_0188.jpg,Apple___Black_rot,Strawberry___Leaf_scorch,0.329209
plantwild/extracted/plantwild/images/apple black rot/google_0190.jpg,Apple___Black_rot,Strawberry___Leaf_scorch,0.915699
plantwild/extracted/plantwild/images/apple black rot/google_0221.jpg,Apple___Black_rot,Apple___Black_rot,0.968841
plantwild/extracted/plantwild/images/apple leaf/1.jpg,Apple___healthy,Tomato___Tomato_Yellow_Leaf_Curl_Virus,0.499555
plantwild/extracted/plantwild/images/apple leaf/10.jpg,Apple___healthy,Tomato___Tomato_Yellow_Leaf_Curl_Virus,0.365236
plantwild/extracted/plantwild/images/apple leaf/100.jpg,Apple___healthy,"Pepper,_bell___healthy",0.189791
plantwild/extracted/plantwild/images/apple leaf/103.jpg,Apple___healthy,"Pepper,_bell___healthy",0.962089
plantwild/extracted/plantwild/images/apple leaf/105.jpg,Apple___healthy,Tomato___Tomato_Yellow_Leaf_Curl_Virus,0.874447
plantwild/extracted/plantwild/images/apple leaf/106.jpg,Apple___healthy,"Pepper,_bell___healthy",0.568147
plantwild/extracted/plantwild/images/apple leaf/107.jpg,Apple___healthy,Apple___Black_rot,0.396610
plantwild/extracted/plantwild/images/apple leaf/109.jpg,Apple___healthy,Tomato___Leaf_Mold,0.507817
plantwild/extracted/plantwild/images/apple leaf/11.jpg,Apple___healthy,Blueberry___healthy,0.924185
plantwild/extracted/plantwild/images/apple leaf/110.jpg,Apple___healthy,Strawberry___Leaf_scorch,0.690900
plantwild/extracted/plantwild/images/apple leaf/111.jpg,Apple___healthy,"Pepper,_bell___healthy",0.892846
plantwild/extracted/plantwild/images/apple leaf/112.jpg,Apple___healthy,"Pepper,_bell___healthy",0.921201
plantwild/extracted/plantwild/images/apple leaf/113.jpg,Apple___healthy,"Pepper,_bell___healthy",0.955575
plantwild/extracted/plantwild/images/apple leaf/114.jpg,Apple___healthy,"Pepper,_bell___healthy",0.279470
plantwild/extracted/plantwild/images/apple leaf/115.jpg,Apple___healthy,Tomato___Leaf_Mold,0.299482
plantwild/extracted/plantwild/images/apple leaf/117.jpg,Apple___healthy,"Pepper,_bell___healthy",0.766169
plantwild/extracted/plantwild/images/apple leaf/119.jpg,Apple___healthy,Tomato___Tomato_Yellow_Leaf_Curl_Virus,0.843952
plantwild/extracted/plantwild/images/apple leaf/12.jpg,Apple___healthy,Tomato___Late_blight,0.329465
plantwild/extracted/plantwild/images/apple leaf/121.jpg,Apple___healthy,Strawberry___Leaf_scorch,0.927495
plantwild/extracted/plantwild/images/apple leaf/124.jpg,Apple___healthy,Grape___Black_rot,0.487535
plantwild/extracted/plantwild/images/apple leaf/125.jpg,Apple___healthy,Corn___Cercospora_leaf_spot Gray_leaf_spot,0.166195
plantwild/extracted/plantwild/images/apple leaf/126.jpg,Apple___healthy,"Pepper,_bell___healthy",0.501899
plantwild/extracted/plantwild/images/apple leaf/127.jpg,Apple___healthy,Apple___healthy,0.586375
plantwild/extracted/plantwild/images/apple leaf/128.jpg,Apple___healthy,"Pepper,_bell___healthy",0.856111
plantwild/extracted/plantwild/images/apple leaf/129.jpg,Apple___healthy,Corn___healthy,0.149529
plantwild/extracted/plantwild/images/apple leaf/13.jpg,Apple___healthy,Strawberry___Leaf_scorch,0.924614
plantwild/extracted/plantwild/images/apple leaf/130.jpg,Apple___healthy,"Pepper,_bell___healthy",0.961645
plantwild/extracted/plantwild/images/apple leaf/131.jpg,Apple___healthy,Grape___Esca_(Black_Measles),0.231200
plantwild/extracted/plantwild/images/apple leaf/132.jpg,Apple___healthy,"Pepper,_bell___healthy",0.962797
plantwild/extracted/plantwild/images/apple leaf/133.jpg,Apple___healthy,"Pepper,_bell___healthy",0.965168
plantwild/extracted/plantwild/images/apple leaf/134.jpg,Apple___healthy,"Pepper,_bell___healthy",0.828387
plantwild/extracted/plantwild/images/apple leaf/135.jpg,Apple___healthy,Tomato___Tomato_Yellow_Leaf_Curl_Virus,0.408450
plantwild/extracted/plantwild/images/apple leaf/136.jpg,Apple___healthy,Cherry___healthy,0.817764
plantwild/extracted/plantwild/images/apple leaf/137.jpg,Apple___healthy,"Pepper,_bell___healthy",0.883675
plantwild/extracted/plantwild/images/apple leaf/138.jpg,Apple___healthy,"Pepper,_bell___healthy",0.659885
plantwild/extracted/plantwild/images/apple leaf/139.jpg,Apple___healthy,"Pepper,_bell___healthy",0.349658
plantwild/extracted/plantwild/images/apple leaf/14.jpg,Apple___healthy,"Pepper,_bell___healthy",0.581863
plantwild/extracted/plantwild/images/apple leaf/140.jpg,Apple___healthy,Tomato___Tomato_Yellow_Leaf_Curl_Virus,0.416032
plantwild/extracted/plantwild/images/apple leaf/141.jpg,Apple___healthy,Strawberry___Leaf_scorch,0.301648
plantwild/extracted/plantwild/images/apple leaf/142.jpg,Apple___healthy,Strawberry___Leaf_scorch,0.472371
plantwild/extracted/plantwild/images/apple leaf/143.jpg,Apple___healthy,"Pepper,_bell___healthy",0.940453
plantwild/extracted/plantwild/images/apple leaf/144.jpg,Apple___healthy,Tomato___Tomato_Yellow_Leaf_Curl_Virus,0.731655
plantwild/extracted/plantwild/images/apple leaf/145.jpg,Apple___healthy,Cherry___healthy,0.395390
plantwild/extracted/plantwild/images/apple leaf/146.jpg,Apple___healthy,Tomato___healthy,0.353687
plantwild/extracted/plantwild/images/apple leaf/147.jpg,Apple___healthy,Blueberry___healthy,0.369869
plantwild/extracted/plantwild/images/apple leaf/149.jpg,Apple___healthy,Grape___Esca_(Black_Measles),0.256632
plantwild/extracted/plantwild/images/apple leaf/15.jpg,Apple___healthy,Tomato___healthy,0.391147
plantwild/extracted/plantwild/images/apple leaf/150.jpg,Apple___healthy,"Pepper,_bell___healthy",0.948048
plantwild/extracted/plantwild/images/apple leaf/151.jpg,Apple___healthy,Cherry___healthy,0.531754
plantwild/extracted/plantwild/images/apple leaf/152.jpg,Apple___healthy,"Pepper,_bell___healthy",0.955413
plantwild/extracted/plantwild/images/apple leaf/153.jpg,Apple___healthy,Tomato___Tomato_Yellow_Leaf_Curl_Virus,0.716060
plantwild/extracted/plantwild/images/apple leaf/154.jpg,Apple___healthy,"Pepper,_bell___healthy",0.875040
plantwild/extracted/plantwild/images/apple leaf/155.jpg,Apple___healthy,"Pepper,_bell___healthy",0.789937
plantwild/extracted/plantwild/images/apple leaf/157.jpg,Apple___healthy,Tomato___Tomato_Yellow_Leaf_Curl_Virus,0.783858
plantwild/extracted/plantwild/images/apple leaf/158.jpg,Apple___healthy,"Pepper,_bell___healthy",0.395147
plantwild/extracted/plantwild/images/apple leaf/159.jpg,Apple___healthy,"Pepper,_bell___healthy",0.972017
plantwild/extracted/plantwild/images/apple leaf/16.jpg,Apple___healthy,"Pepper,_bell___healthy",0.678182
plantwild/extracted/plantwild/images/apple leaf/160.jpg,Apple___healthy,Peach___Bacterial_spot,0.548201
plantwild/extracted/plantwild/images/apple leaf/161.jpg,Apple___healthy,Tomato___healthy,0.141695
plantwild/extracted/plantwild/images/apple leaf/162.jpg,Apple___healthy,Tomato___Tomato_Yellow_Leaf_Curl_Virus,0.725306
plantwild/extracted/plantwild/images/apple leaf/163.jpg,Apple___healthy,"Pepper,_bell___healthy",0.968320
plantwild/extracted/plantwild/images/apple leaf/164.jpg,Apple___healthy,"Pepper,_bell___healthy",0.685487
plantwild/extracted/plantwild/images/apple leaf/165.jpg,Apple___healthy,Corn___healthy,0.692039
plantwild/extracted/plantwild/images/apple leaf/166.jpg,Apple___healthy,"Pepper,_bell___healthy",0.151650
plantwild/extracted/plantwild/images/apple leaf/167.jpg,Apple___healthy,"Pepper,_bell___healthy",0.958861
plantwild/extracted/plantwild/images/apple leaf/168.jpg,Apple___healthy,Cherry___healthy,0.636378
plantwild/extracted/plantwild/images/apple leaf/17.jpg,Apple___healthy,"Pepper,_bell___healthy",0.491852
plantwild/extracted/plantwild/images/apple leaf/170.jpg,Apple___healthy,Tomato___healthy,0.501741
plantwild/extracted/plantwild/images/apple leaf/171.jpg,Apple___healthy,Strawberry___Leaf_scorch,0.877482
plantwild/extracted/plantwild/images/apple leaf/172.jpg,Apple___healthy,Tomato___Tomato_Yellow_Leaf_Curl_Virus,0.433438
plantwild/extracted/plantwild/images/apple leaf/174.jpg,Apple___healthy,Corn___Cercospora_leaf_spot Gray_leaf_spot,0.491151
plantwild/extracted/plantwild/images/apple leaf/175.jpg,Apple___healthy,"Pepper,_bell___healthy",0.949509
plantwild/extracted/plantwild/images/apple leaf/177.jpg,Apple___healthy,Grape___Esca_(Black_Measles),0.390042
plantwild/extracted/plantwild/images/apple leaf/178.jpg,Apple___healthy,Tomato___Tomato_Yellow_Leaf_Curl_Virus,0.958424
plantwild/extracted/plantwild/images/apple leaf/179.jpg,Apple___healthy,"Pepper,_bell___healthy",0.624868
plantwild/extracted/plantwild/images/apple leaf/18.jpg,Apple___healthy,Cherry___healthy,0.816023
plantwild/extracted/plantwild/images/apple leaf/180.jpg,Apple___healthy,Strawberry___Leaf_scorch,0.913186
plantwild/extracted/plantwild/images/apple leaf/181.jpg,Apple___healthy,Cherry___healthy,0.503438
plantwild/extracted/plantwild/images/apple leaf/182.jpg,Apple___healthy,"Pepper,_bell___healthy",0.962965
plantwild/extracted/plantwild/images/apple leaf/183.jpg,Apple___healthy,"Pepper,_bell___healthy",0.438871
plantwild/extracted/plantwild/images/apple leaf/184.jpg,Apple___healthy,Tomato___healthy,0.380096
plantwild/extracted/plantwild/images/apple leaf/185.jpg,Apple___healthy,"Pepper,_bell___healthy",0.945843
plantwild/extracted/plantwild/images/apple leaf/186.jpg,Apple___healthy,"Pepper,_bell___healthy",0.478163
plantwild/extracted/plantwild/images/apple leaf/187.jpg,Apple___healthy,Orange___Haunglongbing_(Citrus_greening),0.331185
plantwild/extracted/plantwild/images/apple leaf/188.jpg,Apple___healthy,"Pepper,_bell___healthy",0.939443
plantwild/extracted/plantwild/images/apple leaf/189.jpg,Apple___healthy,Tomato___Tomato_Yellow_Leaf_Curl_Virus,0.865292
plantwild/extracted/plantwild/images/apple leaf/190.jpg,Apple___healthy,"Pepper,_bell___healthy",0.954183
plantwild/extracted/plantwild/images/apple leaf/191.jpg,Apple___healthy,"Pepper,_bell___healthy",0.947347
plantwild/extracted/plantwild/images/apple leaf/192.jpg,Apple___healthy,Tomato___Tomato_Yellow_Leaf_Curl_Virus,0.804928
plantwild/extracted/plantwild/images/apple leaf/193.jpg,Apple___healthy,Cherry___healthy,0.807025
plantwild/extracted/plantwild/images/apple leaf/194.jpg,Apple___healthy,Orange___Haunglongbing_(Citrus_greening),0.940824
plantwild/extracted/plantwild/images/apple leaf/195.jpg,Apple___healthy,Apple___healthy,0.239179
plantwild/extracted/plantwild/images/apple leaf/196.jpg,Apple___healthy,"Pepper,_bell___healthy",0.965042
plantwild/extracted/plantwild/images/apple leaf/198.jpg,Apple___healthy,Peach___healthy,0.794280
plantwild/extracted/plantwild/images/apple leaf/2.jpg,Apple___healthy,Raspberry___healthy,0.310423
plantwild/extracted/plantwild/images/apple leaf/20.jpg,Apple___healthy,Strawberry___Leaf_scorch,0.696093
plantwild/extracted/plantwild/images/apple leaf/200.jpg,Apple___healthy,Grape___Black_rot,0.404704
plantwild/extracted/plantwild/images/apple leaf/201.jpg,Apple___healthy,"Pepper,_bell___healthy",0.354715
plantwild/extracted/plantwild/images/apple leaf/202.jpg,Apple___healthy,"Pepper,_bell___healthy",0.885033
plantwild/extracted/plantwild/images/apple leaf/204.jpg,Apple___healthy,Strawberry___Leaf_scorch,0.883629
plantwild/extracted/plantwild/images/apple leaf/205.jpg,Apple___healthy,Cherry___healthy,0.612274
plantwild/extracted/plantwild/images/apple leaf/206.jpg,Apple___healthy,Tomato___healthy,0.243401
plantwild/extracted/plantwild/images/apple leaf/207.jpg,Apple___healthy,Strawberry___Leaf_scorch,0.940475
plantwild/extracted/plantwild/images/apple leaf/208.jpg,Apple___healthy,Cherry___healthy,0.535811
plantwild/extracted/plantwild/images/apple leaf/209.jpg,Apple___healthy,Tomato___healthy,0.112944
plantwild/extracted/plantwild/images/apple leaf/21.jpg,Apple___healthy,Cherry___healthy,0.652502
plantwild/extracted/plantwild/images/apple leaf/210.jpg,Apple___healthy,"Pepper,_bell___healthy",0.898080
plantwild/extracted/plantwild/images/apple leaf/211.jpg,Apple___healthy,Tomato___Septoria_leaf_spot,0.769741
plantwild/extracted/plantwild/images/apple leaf/213.jpg,Apple___healthy,Tomato___healthy,0.231385
plantwild/extracted/plantwild/images/apple leaf/214.jpg,Apple___healthy,"Pepper,_bell___healthy",0.595313
plantwild/extracted/plantwild/images/apple leaf/215.jpg,Apple___healthy,Cherry___healthy,0.822252
plantwild/extracted/plantwild/images/apple leaf/216.jpg,Apple___healthy,"Pepper,_bell___healthy",0.345818
plantwild/extracted/plantwild/images/apple leaf/217.jpg,Apple___healthy,"Pepper,_bell___healthy",0.800792
plantwild/extracted/plantwild/images/apple leaf/219.jpg,Apple___healthy,Tomato___Tomato_mosaic_virus,0.633107
plantwild/extracted/plantwild/images/apple leaf/22.jpg,Apple___healthy,Cherry___healthy,0.772517
plantwild/extracted/plantwild/images/apple leaf/220.jpg,Apple___healthy,Orange___Haunglongbing_(Citrus_greening),0.736921
plantwild/extracted/plantwild/images/apple leaf/221.jpg,Apple___healthy,Tomato___Early_blight,0.968363
plantwild/extracted/plantwild/images/apple leaf/222.jpg,Apple___healthy,"Pepper,_bell___healthy",0.650754
plantwild/extracted/plantwild/images/apple leaf/223.jpg,Apple___healthy,Tomato___healthy,0.300968
plantwild/extracted/plantwild/images/apple leaf/224.jpg,Apple___healthy,Tomato___Tomato_Yellow_Leaf_Curl_Virus,0.870212
plantwild/extracted/plantwild/images/apple leaf/225.jpg,Apple___healthy,Orange___Haunglongbing_(Citrus_greening),0.880794
plantwild/extracted/plantwild/images/apple leaf/226.jpg,Apple___healthy,Tomato___Tomato_Yellow_Leaf_Curl_Virus,0.743484
plantwild/extracted/plantwild/images/apple leaf/227.jpg,Apple___healthy,"Pepper,_bell___healthy",0.257402
plantwild/extracted/plantwild/images/apple leaf/228.jpg,Apple___healthy,"Pepper,_bell___healthy",0.733464
plantwild/extracted/plantwild/images/apple leaf/229.jpg,Apple___healthy,"Pepper,_bell___healthy",0.265993
plantwild/extracted/plantwild/images/apple leaf/23.jpg,Apple___healthy,"Pepper,_bell___healthy",0.954125
plantwild/extracted/plantwild/images/apple leaf/230.jpg,Apple___healthy,"Pepper,_bell___healthy",0.693314
plantwild/extracted/plantwild/images/apple leaf/232.jpg,Apple___healthy,Strawberry___Leaf_scorch,0.731150
plantwild/extracted/plantwild/images/apple leaf/233.jpg,Apple___healthy,"Pepper,_bell___healthy",0.929663
plantwild/extracted/plantwild/images/apple leaf/234.jpg,Apple___healthy,Orange___Haunglongbing_(Citrus_greening),0.137410
plantwild/extracted/plantwild/images/apple leaf/237.jpg,Apple___healthy,Tomato___Early_blight,0.917732
plantwild/extracted/plantwild/images/apple leaf/238.jpg,Apple___healthy,Peach___Bacterial_spot,0.948546
plantwild/extracted/plantwild/images/apple leaf/239.jpg,Apple___healthy,Strawberry___Leaf_scorch,0.556303
plantwild/extracted/plantwild/images/apple leaf/24.jpg,Apple___healthy,Tomato___healthy,0.388452
plantwild/extracted/plantwild/images/apple leaf/240.jpg,Apple___healthy,"Pepper,_bell___healthy",0.811483
plantwild/extracted/plantwild/images/apple leaf/241.jpg,Apple___healthy,Corn___healthy,0.468262
plantwild/extracted/plantwild/images/apple leaf/242.jpg,Apple___healthy,"Pepper,_bell___healthy",0.954817
plantwild/extracted/plantwild/images/apple leaf/243.jpg,Apple___healthy,"Pepper,_bell___healthy",0.864760
plantwild/extracted/plantwild/images/apple leaf/244.jpg,Apple___healthy,"Pepper,_bell___healthy",0.973668
plantwild/extracted/plantwild/images/apple leaf/245.jpg,Apple___healthy,Corn___healthy,0.772763
plantwild/extracted/plantwild/images/apple leaf/246.jpg,Apple___healthy,Tomato___healthy,0.323333
plantwild/extracted/plantwild/images/apple leaf/247.jpg,Apple___healthy,Apple___Apple_scab,0.846542
plantwild/extracted/plantwild/images/apple leaf/248.jpg,Apple___healthy,"Pepper,_bell___healthy",0.942033
plantwild/extracted/plantwild/images/apple leaf/25.jpg,Apple___healthy,"Pepper,_bell___healthy",0.258650
plantwild/extracted/plantwild/images/apple leaf/250.jpg,Apple___healthy,Tomato___Late_blight,0.169855
plantwild/extracted/plantwild/images/apple leaf/251.jpg,Apple___healthy,"Pepper,_bell___healthy",0.393511
plantwild/extracted/plantwild/images/apple leaf/252.jpg,Apple___healthy,Tomato___Septoria_leaf_spot,0.379026
plantwild/extracted/plantwild/images/apple leaf/253.jpg,Apple___healthy,"Pepper,_bell___healthy",0.923012
plantwild/extracted/plantwild/images/apple leaf/254.jpg,Apple___healthy,"Pepper,_bell___healthy",0.158489
plantwild/extracted/plantwild/images/apple leaf/256.jpg,Apple___healthy,Corn___healthy,0.545304
plantwild/extracted/plantwild/images/apple leaf/257.jpg,Apple___healthy,"Pepper,_bell___healthy",0.964057
plantwild/extracted/plantwild/images/apple leaf/258.jpg,Apple___healthy,"Pepper,_bell___healthy",0.898324
plantwild/extracted/plantwild/images/apple leaf/26.jpg,Apple___healthy,"Pepper,_bell___healthy",0.923283
plantwild/extracted/plantwild/images/apple leaf/260.jpg,Apple___healthy,Tomato___Late_blight,0.221382
plantwild/extracted/plantwild/images/apple leaf/261.jpg,Apple___healthy,Orange___Haunglongbing_(Citrus_greening),0.924069
plantwild/extracted/plantwild/images/apple leaf/262.jpg,Apple___healthy,Orange___Haunglongbing_(Citrus_greening),0.923966
plantwild/extracted/plantwild/images/apple leaf/263.jpg,Apple___healthy,Tomato___Septoria_leaf_spot,0.198257
plantwild/extracted/plantwild/images/apple leaf/264.jpg,Apple___healthy,Orange___Haunglongbing_(Citrus_greening),0.612628
plantwild/extracted/plantwild/images/apple leaf/265.jpg,Apple___healthy,Orange___Haunglongbing_(Citrus_greening),0.593538
plantwild/extracted/plantwild/images/apple leaf/266.jpg,Apple___healthy,"Pepper,_bell___healthy",0.938649
plantwild/extracted/plantwild/images/apple leaf/267.jpg,Apple___healthy,Strawberry___Leaf_scorch,0.691520
plantwild/extracted/plantwild/images/apple leaf/268.jpg,Apple___healthy,"Pepper,_bell___healthy",0.438510
plantwild/extracted/plantwild/images/apple leaf/269.jpg,Apple___healthy,Tomato___Tomato_Yellow_Leaf_Curl_Virus,0.793728
plantwild/extracted/plantwild/images/apple leaf/27.jpg,Apple___healthy,"Pepper,_bell___healthy",0.689398
plantwild/extracted/plantwild/images/apple leaf/270.jpg,Apple___healthy,"Pepper,_bell___healthy",0.702135
plantwild/extracted/plantwild/images/apple leaf/271.jpg,Apple___healthy,Tomato___Late_blight,0.176900
plantwild/extracted/plantwild/images/apple leaf/272.jpg,Apple___healthy,"Pepper,_bell___healthy",0.860714
plantwild/extracted/plantwild/images/apple leaf/273.jpg,Apple___healthy,"Pepper,_bell___healthy",0.774856
plantwild/extracted/plantwild/images/apple leaf/274.jpg,Apple___healthy,Strawberry___Leaf_scorch,0.177448
plantwild/extracted/plantwild/images/apple leaf/275.jpg,Apple___healthy,"Pepper,_bell___healthy",0.340670
plantwild/extracted/plantwild/images/apple leaf/276.jpg,Apple___healthy,"Pepper,_bell___healthy",0.713175
plantwild/extracted/plantwild/images/apple leaf/277.jpg,Apple___healthy,"Pepper,_bell___healthy",0.606178
plantwild/extracted/plantwild/images/apple leaf/278.jpg,Apple___healthy,Cherry___healthy,0.745868
plantwild/extracted/plantwild/images/apple leaf/28.jpg,Apple___healthy,"Pepper,_bell___healthy",0.922441
plantwild/extracted/plantwild/images/apple leaf/280.jpg,Apple___healthy,Tomato___Tomato_Yellow_Leaf_Curl_Virus,0.714533
plantwild/extracted/plantwild/images/apple leaf/281.jpg,Apple___healthy,Tomato___healthy,0.331273
plantwild/extracted/plantwild/images/apple leaf/282.jpg,Apple___healthy,"Pepper,_bell___healthy",0.507955
plantwild/extracted/plantwild/images/apple leaf/283.jpg,Apple___healthy,Strawberry___Leaf_scorch,0.601331
plantwild/extracted/plantwild/images/apple leaf/284.jpg,Apple___healthy,Cherry___healthy,0.540038
plantwild/extracted/plantwild/images/apple leaf/285.jpg,Apple___healthy,"Pepper,_bell___healthy",0.955358
plantwild/extracted/plantwild/images/apple leaf/287.jpg,Apple___healthy,Cherry___healthy,0.359226
plantwild/extracted/plantwild/images/apple leaf/288.jpg,Apple___healthy,Strawberry___Leaf_scorch,0.940546
plantwild/extracted/plantwild/images/apple leaf/289.jpg,Apple___healthy,Cherry___healthy,0.640755
plantwild/extracted/plantwild/images/apple leaf/29.jpg,Apple___healthy,Cherry___healthy,0.270286
plantwild/extracted/plantwild/images/apple leaf/290.jpg,Apple___healthy,"Pepper,_bell___healthy",0.916957
plantwild/extracted/plantwild/images/apple leaf/291.jpg,Apple___healthy,Apple___Black_rot,0.257669
plantwild/extracted/plantwild/images/apple leaf/292.jpg,Apple___healthy,"Pepper,_bell___healthy",0.815587
plantwild/extracted/plantwild/images/apple leaf/294.jpg,Apple___healthy,"Pepper,_bell___healthy",0.929028
plantwild/extracted/plantwild/images/apple leaf/295.jpg,Apple___healthy,Strawberry___Leaf_scorch,0.963958
plantwild/extracted/plantwild/images/apple leaf/296.jpg,Apple___healthy,Strawberry___Leaf_scorch,0.505241
plantwild/extracted/plantwild/images/apple leaf/297.jpg,Apple___healthy,"Pepper,_bell___healthy",0.928342
plantwild/extracted/plantwild/images/apple leaf/298.jpg,Apple___healthy,Grape___Esca_(Black_Measles),0.575317
plantwild/extracted/plantwild/images/apple leaf/299.jpg,Apple___healthy,Strawberry___Leaf_scorch,0.512306
plantwild/extracted/plantwild/images/apple leaf/3.jpg,Apple___healthy,Tomato___Tomato_Yellow_Leaf_Curl_Virus,0.386700
plantwild/extracted/plantwild/images/apple leaf/30.jpg,Apple___healthy,"Pepper,_bell___healthy",0.761558
plantwild/extracted/plantwild/images/apple leaf/300.jpg,Apple___healthy,"Pepper,_bell___healthy",0.770636
plantwild/extracted/plantwild/images/apple leaf/301.jpg,Apple___healthy,Grape___healthy,0.645535
plantwild/extracted/plantwild/images/apple leaf/302.jpg,Apple___healthy,Tomato___Tomato_Yellow_Leaf_Curl_Virus,0.559325
plantwild/extracted/plantwild/images/apple leaf/303.jpg,Apple___healthy,"Pepper,_bell___healthy",0.238370
plantwild/extracted/plantwild/images/apple leaf/305.jpg,Apple___healthy,"Pepper,_bell___healthy",0.437504
plantwild/extracted/plantwild/images/apple leaf/307.jpg,Apple___healthy,"Pepper,_bell___healthy",0.641691
plantwild/extracted/plantwild/images/apple leaf/308.jpg,Apple___healthy,Strawberry___Leaf_scorch,0.725624
plantwild/extracted/plantwild/images/apple leaf/309.jpg,Apple___healthy,Tomato___healthy,0.588221
plantwild/extracted/plantwild/images/apple leaf/31.jpg,Apple___healthy,"Pepper,_bell___healthy",0.777795
plantwild/extracted/plantwild/images/apple leaf/310.jpg,Apple___healthy,Cherry___healthy,0.716760
plantwild/extracted/plantwild/images/apple leaf/311.jpg,Apple___healthy,Tomato___Tomato_Yellow_Leaf_Curl_Virus,0.509238
plantwild/extracted/plantwild/images/apple leaf/312.jpg,Apple___healthy,"Pepper,_bell___healthy",0.959443
plantwild/extracted/plantwild/images/apple leaf/313.jpg,Apple___healthy,"Pepper,_bell___healthy",0.939662
plantwild/extracted/plantwild/images/apple leaf/314.jpg,Apple___healthy,Cherry___healthy,0.413579
plantwild/extracted/plantwild/images/apple leaf/315.jpg,Apple___healthy,"Pepper,_bell___healthy",0.279884
plantwild/extracted/plantwild/images/apple leaf/316.jpg,Apple___healthy,Cherry___healthy,0.746873
plantwild/extracted/plantwild/images/apple leaf/317.jpg,Apple___healthy,Strawberry___Leaf_scorch,0.290158
plantwild/extracted/plantwild/images/apple leaf/318.jpg,Apple___healthy,"Pepper,_bell___healthy",0.946536
plantwild/extracted/plantwild/images/apple leaf/32.jpg,Apple___healthy,Apple___healthy,0.927430
plantwild/extracted/plantwild/images/apple leaf/320.jpg,Apple___healthy,"Pepper,_bell___healthy",0.458536
plantwild/extracted/plantwild/images/apple leaf/321.jpg,Apple___healthy,Orange___Haunglongbing_(Citrus_greening),0.944161
plantwild/extracted/plantwild/images/apple leaf/322.jpg,Apple___healthy,Strawberry___Leaf_scorch,0.717162
plantwild/extracted/plantwild/images/apple leaf/323.jpg,Apple___healthy,"Pepper,_bell___healthy",0.588492
plantwild/extracted/plantwild/images/apple leaf/324.jpg,Apple___healthy,"Pepper,_bell___healthy",0.883576
plantwild/extracted/plantwild/images/apple leaf/325.jpg,Apple___healthy,"Pepper,_bell___healthy",0.869053
plantwild/extracted/plantwild/images/apple leaf/326.jpg,Apple___healthy,Cherry___healthy,0.447022
plantwild/extracted/plantwild/images/apple leaf/329.jpg,Apple___healthy,Strawberry___Leaf_scorch,0.926574
plantwild/extracted/plantwild/images/apple leaf/33.jpg,Apple___healthy,Raspberry___healthy,0.416970
plantwild/extracted/plantwild/images/apple leaf/330.jpg,Apple___healthy,Strawberry___Leaf_scorch,0.960787
plantwild/extracted/plantwild/images/apple leaf/332.jpg,Apple___healthy,Cherry___healthy,0.886796
plantwild/extracted/plantwild/images/apple leaf/333.jpg,Apple___healthy,"Pepper,_bell___healthy",0.508754
plantwild/extracted/plantwild/images/apple leaf/334.jpg,Apple___healthy,"Pepper,_bell___healthy",0.899274
plantwild/extracted/plantwild/images/apple leaf/335.jpg,Apple___healthy,Grape___Esca_(Black_Measles),0.489243
plantwild/extracted/plantwild/images/apple leaf/34.jpg,Apple___healthy,"Pepper,_bell___healthy",0.922441
plantwild/extracted/plantwild/images/apple leaf/35.jpg,Apple___healthy,Strawberry___Leaf_scorch,0.874492
plantwild/extracted/plantwild/images/apple leaf/36.jpg,Apple___healthy,"Pepper,_bell___healthy",0.648312
plantwild/extracted/plantwild/images/apple leaf/37.jpg,Apple___healthy,Cherry___healthy,0.802643
plantwild/extracted/plantwild/images/apple leaf/38.jpg,Apple___healthy,Tomato___Tomato_Yellow_Leaf_Curl_Virus,0.701775
plantwild/extracted/plantwild/images/apple leaf/39.jpg,Apple___healthy,"Pepper,_bell___healthy",0.950238
plantwild/extracted/plantwild/images/apple leaf/4.jpg,Apple___healthy,Blueberry___healthy,0.324748
plantwild/extracted/plantwild/images/apple leaf/40.jpg,Apple___healthy,Blueberry___healthy,0.693574
plantwild/extracted/plantwild/images/apple leaf/41.jpg,Apple___healthy,"Pepper,_bell___healthy",0.868876
plantwild/extracted/plantwild/images/apple leaf/42.jpg,Apple___healthy,"Pepper,_bell___healthy",0.691966
plantwild/extracted/plantwild/images/apple leaf/43.jpg,Apple___healthy,"Pepper,_bell___healthy",0.945534
plantwild/extracted/plantwild/images/apple leaf/44.jpg,Apple___healthy,Tomato___Tomato_Yellow_Leaf_Curl_Virus,0.922420
plantwild/extracted/plantwild/images/apple leaf/45.jpg,Apple___healthy,"Pepper,_bell___healthy",0.735471
plantwild/extracted/plantwild/images/apple leaf/46.jpg,Apple___healthy,"Pepper,_bell___healthy",0.731388
plantwild/extracted/plantwild/images/apple leaf/47.jpg,Apple___healthy,Tomato___Tomato_Yellow_Leaf_Curl_Virus,0.815623
plantwild/extracted/plantwild/images/apple leaf/48.jpg,Apple___healthy,Tomato___Tomato_Yellow_Leaf_Curl_Virus,0.854433
plantwild/extracted/plantwild/images/apple leaf/49.jpg,Apple___healthy,"Pepper,_bell___healthy",0.921676
plantwild/extracted/plantwild/images/apple leaf/5.jpg,Apple___healthy,Corn___healthy,0.825083
plantwild/extracted/plantwild/images/apple leaf/50.jpg,Apple___healthy,"Pepper,_bell___healthy",0.909570
plantwild/extracted/plantwild/images/apple leaf/51.jpg,Apple___healthy,"Pepper,_bell___healthy",0.760955
plantwild/extracted/plantwild/images/apple leaf/52.jpg,Apple___healthy,Cherry___healthy,0.131917
plantwild/extracted/plantwild/images/apple leaf/53.jpg,Apple___healthy,"Pepper,_bell___healthy",0.896152
plantwild/extracted/plantwild/images/apple leaf/54.jpg,Apple___healthy,"Pepper,_bell___healthy",0.943418
plantwild/extracted/plantwild/images/apple leaf/55.jpg,Apple___healthy,"Pepper,_bell___healthy",0.968415
plantwild/extracted/plantwild/images/apple leaf/58.jpg,Apple___healthy,"Pepper,_bell___healthy",0.847668
plantwild/extracted/plantwild/images/apple leaf/59.jpg,Apple___healthy,"Pepper,_bell___healthy",0.425057
plantwild/extracted/plantwild/images/apple leaf/6.jpg,Apple___healthy,"Pepper,_bell___healthy",0.911207
plantwild/extracted/plantwild/images/apple leaf/60.jpg,Apple___healthy,Corn___healthy,0.966458
plantwild/extracted/plantwild/images/apple leaf/61.jpg,Apple___healthy,"Pepper,_bell___healthy",0.915564
plantwild/extracted/plantwild/images/apple leaf/62.jpg,Apple___healthy,Strawberry___Leaf_scorch,0.935682
plantwild/extracted/plantwild/images/apple leaf/63.jpg,Apple___healthy,Blueberry___healthy,0.407042
plantwild/extracted/plantwild/images/apple leaf/64.jpg,Apple___healthy,Tomato___Late_blight,0.667510
plantwild/extracted/plantwild/images/apple leaf/65.jpg,Apple___healthy,Orange___Haunglongbing_(Citrus_greening),0.774168
plantwild/extracted/plantwild/images/apple leaf/66.jpg,Apple___healthy,Tomato___Tomato_Yellow_Leaf_Curl_Virus,0.889610
plantwild/extracted/plantwild/images/apple leaf/67.jpg,Apple___healthy,Cherry___healthy,0.905525
plantwild/extracted/plantwild/images/apple leaf/68.jpg,Apple___healthy,Tomato___Tomato_Yellow_Leaf_Curl_Virus,0.535580
plantwild/extracted/plantwild/images/apple leaf/69.jpg,Apple___healthy,Tomato___Tomato_Yellow_Leaf_Curl_Virus,0.550411
plantwild/extracted/plantwild/images/apple leaf/7.jpg,Apple___healthy,Tomato___Late_blight,0.886503
plantwild/extracted/plantwild/images/apple leaf/70.jpg,Apple___healthy,"Pepper,_bell___healthy",0.966095
plantwild/extracted/plantwild/images/apple leaf/71.jpg,Apple___healthy,"Pepper,_bell___healthy",0.491524
plantwild/extracted/plantwild/images/apple leaf/72.jpg,Apple___healthy,Tomato___Tomato_Yellow_Leaf_Curl_Virus,0.880589
plantwild/extracted/plantwild/images/apple leaf/74.jpg,Apple___healthy,"Pepper,_bell___healthy",0.887080
plantwild/extracted/plantwild/images/apple leaf/75.jpg,Apple___healthy,"Pepper,_bell___healthy",0.962211
plantwild/extracted/plantwild/images/apple leaf/77.jpg,Apple___healthy,Cherry___healthy,0.916369
plantwild/extracted/plantwild/images/apple leaf/78.jpg,Apple___healthy,Tomato___Tomato_Yellow_Leaf_Curl_Virus,0.307779
plantwild/extracted/plantwild/images/apple leaf/79.jpg,Apple___healthy,Tomato___Tomato_Yellow_Leaf_Curl_Virus,0.962236
plantwild/extracted/plantwild/images/apple leaf/8.jpg,Apple___healthy,"Pepper,_bell___healthy",0.468506
plantwild/extracted/plantwild/images/apple leaf/80.jpg,Apple___healthy,Corn___healthy,0.407003
plantwild/extracted/plantwild/images/apple leaf/81.jpg,Apple___healthy,"Pepper,_bell___healthy",0.960666
plantwild/extracted/plantwild/images/apple leaf/82.jpg,Apple___healthy,"Pepper,_bell___healthy",0.968294
plantwild/extracted/plantwild/images/apple leaf/83.jpg,Apple___healthy,Tomato___Tomato_Yellow_Leaf_Curl_Virus,0.935847
plantwild/extracted/plantwild/images/apple leaf/84.jpg,Apple___healthy,"Pepper,_bell___healthy",0.877623
plantwild/extracted/plantwild/images/apple leaf/85.jpg,Apple___healthy,Strawberry___Leaf_scorch,0.901271
plantwild/extracted/plantwild/images/apple leaf/86.jpg,Apple___healthy,"Pepper,_bell___healthy",0.819425
plantwild/extracted/plantwild/images/apple leaf/87.jpg,Apple___healthy,Corn___healthy,0.577654
plantwild/extracted/plantwild/images/apple leaf/88.jpg,Apple___healthy,Tomato___Tomato_Yellow_Leaf_Curl_Virus,0.552440
plantwild/extracted/plantwild/images/apple leaf/89.jpg,Apple___healthy,Tomato___Tomato_Yellow_Leaf_Curl_Virus,0.754137
plantwild/extracted/plantwild/images/apple leaf/9.jpg,Apple___healthy,"Pepper,_bell___healthy",0.962140
plantwild/extracted/plantwild/images/apple leaf/90.jpg,Apple___healthy,"Pepper,_bell___healthy",0.915783
plantwild/extracted/plantwild/images/apple leaf/91.jpg,Apple___healthy,Cherry___healthy,0.592141
plantwild/extracted/plantwild/images/apple leaf/92.jpg,Apple___healthy,"Pepper,_bell___healthy",0.518885
plantwild/extracted/plantwild/images/apple leaf/93.jpg,Apple___healthy,Tomato___Tomato_Yellow_Leaf_Curl_Virus,0.259746
plantwild/extracted/plantwild/images/apple leaf/94.jpg,Apple___healthy,Cherry___healthy,0.845058
plantwild/extracted/plantwild/images/apple leaf/95.jpg,Apple___healthy,Strawberry___Leaf_scorch,0.895012
plantwild/extracted/plantwild/images/apple leaf/96.jpg,Apple___healthy,"Pepper,_bell___healthy",0.343126
plantwild/extracted/plantwild/images/apple leaf/97.jpg,Apple___healthy,Tomato___Tomato_Yellow_Leaf_Curl_Virus,0.778861
plantwild/extracted/plantwild/images/apple leaf/98.jpg,Apple___healthy,Tomato___Tomato_Yellow_Leaf_Curl_Virus,0.881787
plantwild/extracted/plantwild/images/apple leaf/99.jpg,Apple___healthy,"Pepper,_bell___healthy",0.936876
plantwild/extracted/plantwild/images/apple leaf/google_0000.jpg,Apple___healthy,Cherry___healthy,0.763696
plantwild/extracted/plantwild/images/apple leaf/google_0001.jpg,Apple___healthy,"Pepper,_bell___healthy",0.956818
plantwild/extracted/plantwild/images/apple leaf/google_0002.jpg,Apple___healthy,Raspberry___healthy,0.398292
plantwild/extracted/plantwild/images/apple leaf/google_0003.jpg,Apple___healthy,Corn___healthy,0.270256
plantwild/extracted/plantwild/images/apple leaf/google_0004.jpg,Apple___healthy,Tomato___Tomato_Yellow_Leaf_Curl_Virus,0.585609
plantwild/extracted/plantwild/images/apple leaf/google_0006.jpg,Apple___healthy,Corn___healthy,0.964998
plantwild/extracted/plantwild/images/apple leaf/google_0007.jpg,Apple___healthy,"Pepper,_bell___healthy",0.926813
plantwild/extracted/plantwild/images/apple leaf/google_0008.jpg,Apple___healthy,"Pepper,_bell___healthy",0.959121
plantwild/extracted/plantwild/images/apple leaf/google_0010.jpg,Apple___healthy,"Pepper,_bell___healthy",0.431985
plantwild/extracted/plantwild/images/apple leaf/google_0011.jpg,Apple___healthy,Raspberry___healthy,0.344447
plantwild/extracted/plantwild/images/apple leaf/google_0012.jpg,Apple___healthy,Strawberry___Leaf_scorch,0.552805
plantwild/extracted/plantwild/images/apple leaf/google_0013.jpg,Apple___healthy,"Pepper,_bell___healthy",0.942537
plantwild/extracted/plantwild/images/apple leaf/google_0015.jpg,Apple___healthy,"Pepper,_bell___healthy",0.891128
plantwild/extracted/plantwild/images/apple leaf/google_0016.jpg,Apple___healthy,"Pepper,_bell___healthy",0.967185
plantwild/extracted/plantwild/images/apple leaf/google_0018.jpg,Apple___healthy,Tomato___healthy,0.548950
plantwild/extracted/plantwild/images/apple leaf/google_0019.jpg,Apple___healthy,Blueberry___healthy,0.617939
plantwild/extracted/plantwild/images/apple leaf/google_0021.jpg,Apple___healthy,Tomato___healthy,0.172001
plantwild/extracted/plantwild/images/apple leaf/google_0023.jpg,Apple___healthy,"Pepper,_bell___healthy",0.968067
plantwild/extracted/plantwild/images/apple leaf/google_0024.jpg,Apple___healthy,"Pepper,_bell___healthy",0.386021
plantwild/extracted/plantwild/images/apple leaf/google_0025.jpg,Apple___healthy,"Pepper,_bell___healthy",0.610323
plantwild/extracted/plantwild/images/apple leaf/google_0026.jpg,Apple___healthy,Corn___healthy,0.904256
plantwild/extracted/plantwild/images/apple leaf/google_0027.jpg,Apple___healthy,Tomato___healthy,0.381452
plantwild/extracted/plantwild/images/apple leaf/google_0029.jpg,Apple___healthy,Cherry___healthy,0.424015
plantwild/extracted/plantwild/images/apple leaf/google_0032.jpg,Apple___healthy,Tomato___healthy,0.498303
plantwild/extracted/plantwild/images/apple leaf/google_0036.jpg,Apple___healthy,"Pepper,_bell___healthy",0.949939
plantwild/extracted/plantwild/images/apple leaf/google_0038.jpg,Apple___healthy,Cherry___healthy,0.849861
plantwild/extracted/plantwild/images/apple leaf/google_0040.jpg,Apple___healthy,Tomato___Tomato_Yellow_Leaf_Curl_Virus,0.212796
plantwild/extracted/plantwild/images/apple leaf/google_0042.jpg,Apple___healthy,Tomato___Tomato_Yellow_Leaf_Curl_Virus,0.601943
plantwild/extracted/plantwild/images/apple leaf/google_0044.jpg,Apple___healthy,Tomato___healthy,0.313788
plantwild/extracted/plantwild/images/apple leaf/google_0047.jpg,Apple___healthy,"Pepper,_bell___healthy",0.804780
plantwild/extracted/plantwild/images/apple leaf/google_0052.jpg,Apple___healthy,Strawberry___Leaf_scorch,0.967206
plantwild/extracted/plantwild/images/apple leaf/google_0055.jpg,Apple___healthy,Tomato___Tomato_Yellow_Leaf_Curl_Virus,0.776127
plantwild/extracted/plantwild/images/apple leaf/google_0057.jpg,Apple___healthy,"Pepper,_bell___healthy",0.878418
plantwild/extracted/plantwild/images/apple leaf/google_0060.jpg,Apple___healthy,"Pepper,_bell___healthy",0.946193
plantwild/extracted/plantwild/images/apple leaf/google_0062.jpg,Apple___healthy,Corn___healthy,0.395281
plantwild/extracted/plantwild/images/apple leaf/google_0070.jpg,Apple___healthy,"Pepper,_bell___healthy",0.954640
plantwild/extracted/plantwild/images/apple leaf/google_0072.jpg,Apple___healthy,Soybean___healthy,0.715381
plantwild/extracted/plantwild/images/apple leaf/google_0073.jpg,Apple___healthy,"Pepper,_bell___healthy",0.294018
plantwild/extracted/plantwild/images/apple leaf/google_0075.jpg,Apple___healthy,Tomato___healthy,0.664844
plantwild/extracted/plantwild/images/apple leaf/google_0076.jpg,Apple___healthy,Cherry___healthy,0.382002
plantwild/extracted/plantwild/images/apple leaf/google_0078.jpg,Apple___healthy,Cherry___healthy,0.614590
plantwild/extracted/plantwild/images/apple leaf/google_0079.jpg,Apple___healthy,Orange___Haunglongbing_(Citrus_greening),0.295948
plantwild/extracted/plantwild/images/apple leaf/google_0081.jpg,Apple___healthy,"Pepper,_bell___healthy",0.957136
plantwild/extracted/plantwild/images/apple leaf/google_0092.jpg,Apple___healthy,Corn___healthy,0.406248
plantwild/extracted/plantwild/images/apple leaf/google_0094.jpg,Apple___healthy,Tomato___healthy,0.365092
plantwild/extracted/plantwild/images/apple leaf/google_0110.jpg,Apple___healthy,"Pepper,_bell___healthy",0.938231
plantwild/extracted/plantwild/images/apple leaf/google_0112.jpg,Apple___healthy,Strawberry___Leaf_scorch,0.245095
plantwild/extracted/plantwild/images/apple leaf/google_0118.jpg,Apple___healthy,Orange___Haunglongbing_(Citrus_greening),0.262330
plantwild/extracted/plantwild/images/apple leaf/google_0120.jpg,Apple___healthy,Corn___healthy,0.967204
plantwild/extracted/plantwild/images/apple leaf/google_0121.jpg,Apple___healthy,"Pepper,_bell___healthy",0.967985
plantwild/extracted/plantwild/images/apple leaf/google_0126.jpg,Apple___healthy,Blueberry___healthy,0.894632
plantwild/extracted/plantwild/images/apple leaf/google_0127.jpg,Apple___healthy,"Pepper,_bell___healthy",0.850385
plantwild/extracted/plantwild/images/apple leaf/google_0132.jpg,Apple___healthy,Raspberry___healthy,0.648874
plantwild/extracted/plantwild/images/apple leaf/google_0133.jpg,Apple___healthy,"Pepper,_bell___healthy",0.965961
plantwild/extracted/plantwild/images/apple leaf/google_0135.jpg,Apple___healthy,"Pepper,_bell___healthy",0.767397
plantwild/extracted/plantwild/images/apple leaf/google_0137.jpg,Apple___healthy,Corn___healthy,0.182570
plantwild/extracted/plantwild/images/apple leaf/google_0138.jpg,Apple___healthy,Corn___healthy,0.221614
plantwild/extracted/plantwild/images/apple leaf/google_0143.jpg,Apple___healthy,Corn___healthy,0.430245
plantwild/extracted/plantwild/images/apple leaf/google_0149.jpg,Apple___healthy,Strawberry___Leaf_scorch,0.661468
plantwild/extracted/plantwild/images/apple leaf/google_0151.jpg,Apple___healthy,"Pepper,_bell___healthy",0.862783
plantwild/extracted/plantwild/images/apple leaf/google_0158.jpg,Apple___healthy,Orange___Haunglongbing_(Citrus_greening),0.438018
plantwild/extracted/plantwild/images/apple leaf/google_0170.jpg,Apple___healthy,"Pepper,_bell___healthy",0.899796
plantwild/extracted/plantwild/images/apple leaf/google_0173.jpg,Apple___healthy,"Pepper,_bell___healthy",0.894977
plantwild/extracted/plantwild/images/apple leaf/google_0182.jpg,Apple___healthy,Corn___healthy,0.546924
plantwild/extracted/plantwild/images/apple leaf/google_0185.jpg,Apple___healthy,"Pepper,_bell___healthy",0.890228
plantwild/extracted/plantwild/images/apple leaf/google_0191.jpg,Apple___healthy,"Pepper,_bell___healthy",0.702598
plantwild/extracted/plantwild/images/apple leaf/google_0201.jpg,Apple___healthy,Corn___healthy,0.657394
plantwild/extracted/plantwild/images/apple leaf/google_0204.jpg,Apple___healthy,"Pepper,_bell___healthy",0.705409
plantwild/extracted/plantwild/images/apple leaf/google_0207.jpg,Apple___healthy,Orange___Haunglongbing_(Citrus_greening),0.411856
plantwild/extracted/plantwild/images/apple leaf/google_0210.jpg,Apple___healthy,"Pepper,_bell___healthy",0.956819
plantwild/extracted/plantwild/images/apple leaf/google_0213.jpg,Apple___healthy,Blueberry___healthy,0.277018
plantwild/extracted/plantwild/images/apple leaf/google_0216.jpg,Apple___healthy,Corn___healthy,0.569508
plantwild/extracted/plantwild/images/apple leaf/google_0224.jpg,Apple___healthy,"Pepper,_bell___healthy",0.816990
plantwild/extracted/plantwild/images/apple leaf/google_0237.jpg,Apple___healthy,"Pepper,_bell___healthy",0.966762
plantwild/extracted/plantwild/images/apple leaf/google_0239.jpg,Apple___healthy,"Pepper,_bell___healthy",0.972112
plantwild/extracted/plantwild/images/apple leaf/google_0244.jpg,Apple___healthy,"Pepper,_bell___healthy",0.951963
plantwild/extracted/plantwild/images/apple leaf/google_0250.jpg,Apple___healthy,"Pepper,_bell___healthy",0.966210
plantwild/extracted/plantwild/images/apple leaf/google_0259.jpg,Apple___healthy,"Pepper,_bell___healthy",0.873916
plantwild/extracted/plantwild/images/apple leaf/google_0262.jpg,Apple___healthy,"Pepper,_bell___healthy",0.902640
plantwild/extracted/plantwild/images/apple leaf/google_0265.jpg,Apple___healthy,Cherry___healthy,0.387237
plantwild/extracted/plantwild/images/apple leaf/google_0293.jpg,Apple___healthy,"Pepper,_bell___healthy",0.875188
plantwild/extracted/plantwild/images/apple leaf/google_0300.jpg,Apple___healthy,Blueberry___healthy,0.834755
plantwild/extracted/plantwild/images/apple leaf/google_0309.jpg,Apple___healthy,"Pepper,_bell___healthy",0.946700
plantwild/extracted/plantwild/images/apple leaf/google_0319.jpg,Apple___healthy,Strawberry___Leaf_scorch,0.322481
plantwild/extracted/plantwild/images/apple leaf/google_0322.jpg,Apple___healthy,"Pepper,_bell___healthy",0.944391
plantwild/extracted/plantwild/images/apple leaf/google_0327.jpg,Apple___healthy,Strawberry___Leaf_scorch,0.763917
plantwild/extracted/plantwild/images/apple leaf/google_0330.jpg,Apple___healthy,Blueberry___healthy,0.918456
plantwild/extracted/plantwild/images/apple leaf/google_0333.jpg,Apple___healthy,"Pepper,_bell___healthy",0.961213
plantwild/extracted/plantwild/images/apple leaf/google_0345.jpg,Apple___healthy,Tomato___Tomato_Yellow_Leaf_Curl_Virus,0.610035
plantwild/extracted/plantwild/images/apple leaf/google_0350.jpg,Apple___healthy,Apple___healthy,0.969514
plantwild/extracted/plantwild/images/apple leaf/google_0359.jpg,Apple___healthy,"Pepper,_bell___healthy",0.666438
plantwild/extracted/plantwild/images/apple leaf/google_0360.jpg,Apple___healthy,Cherry___healthy,0.876616
plantwild/extracted/plantwild/images/apple leaf/google_0374.jpg,Apple___healthy,"Pepper,_bell___healthy",0.962635
plantwild/extracted/plantwild/images/apple leaf/google_0376.jpg,Apple___healthy,"Pepper,_bell___healthy",0.834742
plantwild/extracted/plantwild/images/apple leaf/google_0377.jpg,Apple___healthy,Corn___healthy,0.967922
plantwild/extracted/plantwild/images/apple leaf/google_0385.jpg,Apple___healthy,Corn___healthy,0.341764
plantwild/extracted/plantwild/images/apple leaf/google_0386.jpg,Apple___healthy,Tomato___Tomato_Yellow_Leaf_Curl_Virus,0.791998
plantwild/extracted/plantwild/images/apple leaf/google_0390.jpg,Apple___healthy,Cherry___healthy,0.353380
plantwild/extracted/plantwild/images/apple leaf/google_0392.jpg,Apple___healthy,"Pepper,_bell___healthy",0.958073
plantwild/extracted/plantwild/images/apple leaf/google_0396.jpg,Apple___healthy,Orange___Haunglongbing_(Citrus_greening),0.516986
plantwild/extracted/plantwild/images/apple leaf/google_0403.jpg,Apple___healthy,"Pepper,_bell___healthy",0.685136
plantwild/extracted/plantwild/images/apple leaf/google_0405.jpg,Apple___healthy,Orange___Haunglongbing_(Citrus_greening),0.536317
plantwild/extracted/plantwild/images/apple leaf/google_0407.jpg,Apple___healthy,"Pepper,_bell___healthy",0.915992
plantwild/extracted/plantwild/images/apple leaf/google_0422.jpg,Apple___healthy,Cherry___healthy,0.347363
plantwild/extracted/plantwild/images/apple leaf/google_0423.jpg,Apple___healthy,"Pepper,_bell___healthy",0.919275
plantwild/extracted/plantwild/images/apple leaf/google_0425.jpg,Apple___healthy,"Pepper,_bell___healthy",0.321067
plantwild/extracted/plantwild/images/apple leaf/google_0426.jpg,Apple___healthy,Corn___healthy,0.967268
plantwild/extracted/plantwild/images/apple leaf/google_0427.jpg,Apple___healthy,Tomato___healthy,0.756640
plantwild/extracted/plantwild/images/apple leaf/google_0431.jpg,Apple___healthy,"Pepper,_bell___healthy",0.940968
plantwild/extracted/plantwild/images/apple leaf/google_0432.jpg,Apple___healthy,"Pepper,_bell___healthy",0.904733
plantwild/extracted/plantwild/images/apple leaf/google_0437.jpg,Apple___healthy,Tomato___Tomato_Yellow_Leaf_Curl_Virus,0.571290
plantwild/extracted/plantwild/images/apple leaf/google_0446.jpg,Apple___healthy,Strawberry___Leaf_scorch,0.900281
plantwild/extracted/plantwild/images/apple leaf/google_0463.jpg,Apple___healthy,Blueberry___healthy,0.550525
plantwild/extracted/plantwild/images/apple leaf/google_0466.jpg,Apple___healthy,Tomato___healthy,0.466987
plantwild/extracted/plantwild/images/apple leaf/google_0474.jpg,Apple___healthy,"Pepper,_bell___healthy",0.958639
plantwild/extracted/plantwild/images/apple leaf/google_0479.jpg,Apple___healthy,"Pepper,_bell___healthy",0.969185
plantwild/extracted/plantwild/images/apple leaf/google_0480.jpg,Apple___healthy,"Pepper,_bell___healthy",0.391343
plantwild/extracted/plantwild/images/apple leaf/google_0481.jpg,Apple___healthy,"Pepper,_bell___healthy",0.954350
plantwild/extracted/plantwild/images/apple leaf/google_0493.jpg,Apple___healthy,"Pepper,_bell___healthy",0.404529
plantwild/extracted/plantwild/images/apple leaf/google_0494.jpg,Apple___healthy,"Pepper,_bell___healthy",0.954959
plantwild/extracted/plantwild/images/apple leaf/google_0497.jpg,Apple___healthy,"Pepper,_bell___healthy",0.375148
plantwild/extracted/plantwild/images/apple leaf/google_0498.jpg,Apple___healthy,Apple___Black_rot,0.223084
plantwild/extracted/plantwild/images/apple leaf/google_0503.jpg,Apple___healthy,"Pepper,_bell___healthy",0.773712
plantwild/extracted/plantwild/images/apple leaf/google_0505.jpg,Apple___healthy,"Pepper,_bell___healthy",0.942239
plantwild/extracted/plantwild/images/apple leaf/google_0506.jpg,Apple___healthy,Tomato___Tomato_Yellow_Leaf_Curl_Virus,0.486237
plantwild/extracted/plantwild/images/apple leaf/google_0509.jpg,Apple___healthy,"Pepper,_bell___healthy",0.491670
plantwild/extracted/plantwild/images/apple leaf/google_0514.jpg,Apple___healthy,"Pepper,_bell___healthy",0.816170
plantwild/extracted/plantwild/images/apple leaf/google_0518.jpg,Apple___healthy,"Pepper,_bell___healthy",0.673904
plantwild/extracted/plantwild/images/apple leaf/google_0521.jpg,Apple___healthy,"Pepper,_bell___healthy",0.932540
plantwild/extracted/plantwild/images/apple leaf/google_0522.jpg,Apple___healthy,Corn___healthy,0.452679
plantwild/extracted/plantwild/images/apple leaf/google_0527.jpg,Apple___healthy,Corn___healthy,0.622442
plantwild/extracted/plantwild/images/apple leaf/google_0529.jpg,Apple___healthy,"Pepper,_bell___healthy",0.943829
plantwild/extracted/plantwild/images/apple leaf/google_0530.jpg,Apple___healthy,"Pepper,_bell___healthy",0.937867
plantwild/extracted/plantwild/images/apple leaf/google_0535.jpg,Apple___healthy,"Pepper,_bell___healthy",0.804071
plantwild/extracted/plantwild/images/apple leaf/google_0548.jpg,Apple___healthy,"Pepper,_bell___healthy",0.942974
plantwild/extracted/plantwild/images/apple leaf/google_0550.jpg,Apple___healthy,Cherry___healthy,0.342935
plantwild/extracted/plantwild/images/apple leaf/google_0552.jpg,Apple___healthy,"Pepper,_bell___healthy",0.971990
plantwild/extracted/plantwild/images/apple leaf/google_0554.jpg,Apple___healthy,Tomato___healthy,0.465874
plantwild/extracted/plantwild/images/apple leaf/google_0557.jpg,Apple___healthy,"Pepper,_bell___healthy",0.296277
plantwild/extracted/plantwild/images/apple leaf/google_0558.jpg,Apple___healthy,Tomato___healthy,0.422458
plantwild/extracted/plantwild/images/apple leaf/google_0566.jpg,Apple___healthy,"Pepper,_bell___healthy",0.822022
plantwild/extracted/plantwild/images/apple leaf/google_0570.jpg,Apple___healthy,"Pepper,_bell___healthy",0.720677
plantwild/extracted/plantwild/images/apple leaf/google_0571.jpg,Apple___healthy,Tomato___Late_blight,0.639962
plantwild/extracted/plantwild/images/apple leaf/google_0573.jpg,Apple___healthy,"Pepper,_bell___healthy",0.937448
plantwild/extracted/plantwild/images/apple leaf/google_0576.jpg,Apple___healthy,"Pepper,_bell___healthy",0.966799
plantwild/extracted/plantwild/images/apple leaf/google_0581.jpg,Apple___healthy,"Pepper,_bell___healthy",0.529928
plantwild/extracted/plantwild/images/apple leaf/google_0582.jpg,Apple___healthy,"Pepper,_bell___healthy",0.414337
plantwild/extracted/plantwild/images/apple leaf/google_0585.jpg,Apple___healthy,Corn___healthy,0.834555
plantwild/extracted/plantwild/images/apple rust/1.jpg,Apple___Cedar_apple_rust,"Pepper,_bell___healthy",0.931585
plantwild/extracted/plantwild/images/apple rust/10.jpg,Apple___Cedar_apple_rust,"Pepper,_bell___healthy",0.797784
plantwild/extracted/plantwild/images/apple rust/100.jpg,Apple___Cedar_apple_rust,"Pepper,_bell___healthy",0.626049
plantwild/extracted/plantwild/images/apple rust/102.jpg,Apple___Cedar_apple_rust,"Pepper,_bell___healthy",0.729277
plantwild/extracted/plantwild/images/apple rust/104.jpg,Apple___Cedar_apple_rust,Strawberry___Leaf_scorch,0.824560
plantwild/extracted/plantwild/images/apple rust/106.jpg,Apple___Cedar_apple_rust,"Pepper,_bell___healthy",0.935339
plantwild/extracted/plantwild/images/apple rust/107.jpg,Apple___Cedar_apple_rust,Corn___Cercospora_leaf_spot Gray_leaf_spot,0.520654
plantwild/extracted/plantwild/images/apple rust/108 - Copy (2).jpg,Apple___Cedar_apple_rust,Corn___healthy,0.826434
plantwild/extracted/plantwild/images/apple rust/108 - Copy.jpg,Apple___Cedar_apple_rust,"Pepper,_bell___healthy",0.871161
plantwild/extracted/plantwild/images/apple rust/11.jpg,Apple___Cedar_apple_rust,Strawberry___Leaf_scorch,0.810608
plantwild/extracted/plantwild/images/apple rust/113.jpg,Apple___Cedar_apple_rust,"Pepper,_bell___healthy",0.226726
plantwild/extracted/plantwild/images/apple rust/114.jpg,Apple___Cedar_apple_rust,"Pepper,_bell___healthy",0.954361
plantwild/extracted/plantwild/images/apple rust/12.jpg,Apple___Cedar_apple_rust,Apple___healthy,0.968627
plantwild/extracted/plantwild/images/apple rust/124.jpg,Apple___Cedar_apple_rust,"Pepper,_bell___healthy",0.887982
plantwild/extracted/plantwild/images/apple rust/125.jpg,Apple___Cedar_apple_rust,"Pepper,_bell___healthy",0.952750
plantwild/extracted/plantwild/images/apple rust/129.jpg,Apple___Cedar_apple_rust,Strawberry___Leaf_scorch,0.770844
plantwild/extracted/plantwild/images/apple rust/13.jpg,Apple___Cedar_apple_rust,Apple___healthy,0.948780
plantwild/extracted/plantwild/images/apple rust/130.jpg,Apple___Cedar_apple_rust,"Pepper,_bell___healthy",0.949566
plantwild/extracted/plantwild/images/apple rust/131.jpg,Apple___Cedar_apple_rust,"Pepper,_bell___healthy",0.759906
plantwild/extracted/plantwild/images/apple rust/134.jpg,Apple___Cedar_apple_rust,"Pepper,_bell___healthy",0.952588
plantwild/extracted/plantwild/images/apple rust/136.jpg,Apple___Cedar_apple_rust,Strawberry___Leaf_scorch,0.730699
plantwild/extracted/plantwild/images/apple rust/137.jpg,Apple___Cedar_apple_rust,"Pepper,_bell___healthy",0.918902
plantwild/extracted/plantwild/images/apple rust/138.jpg,Apple___Cedar_apple_rust,Strawberry___Leaf_scorch,0.229617
plantwild/extracted/plantwild/images/apple rust/14 - Copy.jpg,Apple___Cedar_apple_rust,"Pepper,_bell___healthy",0.480813
plantwild/extracted/plantwild/images/apple rust/14.jpg,Apple___Cedar_apple_rust,"Pepper,_bell___healthy",0.333719
plantwild/extracted/plantwild/images/apple rust/143 - Copy.jpg,Apple___Cedar_apple_rust,"Pepper,_bell___healthy",0.355502
plantwild/extracted/plantwild/images/apple rust/143.jpg,Apple___Cedar_apple_rust,"Pepper,_bell___healthy",0.654413
plantwild/extracted/plantwild/images/apple rust/147.jpg,Apple___Cedar_apple_rust,Apple___Black_rot,0.836068
plantwild/extracted/plantwild/images/apple rust/148 - Copy.jpg,Apple___Cedar_apple_rust,Tomato___Early_blight,0.482684
plantwild/extracted/plantwild/images/apple rust/148.jpg,Apple___Cedar_apple_rust,"Pepper,_bell___healthy",0.877731
plantwild/extracted/plantwild/images/apple rust/149.jpg,Apple___Cedar_apple_rust,Strawberry___Leaf_scorch,0.502993
plantwild/extracted/plantwild/images/apple rust/150.jpg,Apple___Cedar_apple_rust,Corn___healthy,0.661891
plantwild/extracted/plantwild/images/apple rust/151.jpg,Apple___Cedar_apple_rust,Strawberry___Leaf_scorch,0.738982
plantwild/extracted/plantwild/images/apple rust/152.jpg,Apple___Cedar_apple_rust,"Pepper,_bell___healthy",0.439224
plantwild/extracted/plantwild/images/apple rust/153.jpg,Apple___Cedar_apple_rust,Tomato___Late_blight,0.693204
plantwild/extracted/plantwild/images/apple rust/154.jpg,Apple___Cedar_apple_rust,"Pepper,_bell___healthy",0.935369
plantwild/extracted/plantwild/images/apple rust/155.jpg,Apple___Cedar_apple_rust,Corn___healthy,0.504192
plantwild/extracted/plantwild/images/apple rust/156.jpg,Apple___Cedar_apple_rust,Strawberry___Leaf_scorch,0.527860
plantwild/extracted/plantwild/images/apple rust/157.jpg,Apple___Cedar_apple_rust,Corn___Northern_Leaf_Blight,0.490443
plantwild/extracted/plantwild/images/apple rust/158.jpg,Apple___Cedar_apple_rust,"Pepper,_bell___healthy",0.889264
plantwild/extracted/plantwild/images/apple rust/159.jpg,Apple___Cedar_apple_rust,Strawberry___Leaf_scorch,0.565256
plantwild/extracted/plantwild/images/apple rust/16.jpg,Apple___Cedar_apple_rust,"Pepper,_bell___healthy",0.959609
plantwild/extracted/plantwild/images/apple rust/162.jpg,Apple___Cedar_apple_rust,Strawberry___Leaf_scorch,0.962196
plantwild/extracted/plantwild/images/apple rust/17.jpg,Apple___Cedar_apple_rust,Cherry___healthy,0.560696
plantwild/extracted/plantwild/images/apple rust/173.jpg,Apple___Cedar_apple_rust,"Pepper,_bell___healthy",0.440570
plantwild/extracted/plantwild/images/apple rust/174.jpg,Apple___Cedar_apple_rust,"Pepper,_bell___healthy",0.779854
plantwild/extracted/plantwild/images/apple rust/177.jpg,Apple___Cedar_apple_rust,Grape___Esca_(Black_Measles),0.387207
plantwild/extracted/plantwild/images/apple rust/178.jpg,Apple___Cedar_apple_rust,"Pepper,_bell___healthy",0.955996
plantwild/extracted/plantwild/images/apple rust/18.jpg,Apple___Cedar_apple_rust,"Pepper,_bell___healthy",0.626078
plantwild/extracted/plantwild/images/apple rust/181.jpg,Apple___Cedar_apple_rust,"Pepper,_bell___healthy",0.962868
plantwild/extracted/plantwild/images/apple rust/182.jpg,Apple___Cedar_apple_rust,"Pepper,_bell___healthy",0.197278
plantwild/extracted/plantwild/images/apple rust/187.jpg,Apple___Cedar_apple_rust,Strawberry___Leaf_scorch,0.939954
plantwild/extracted/plantwild/images/apple rust/19.jpg,Apple___Cedar_apple_rust,"Pepper,_bell___healthy",0.840448
plantwild/extracted/plantwild/images/apple rust/199.jpg,Apple___Cedar_apple_rust,Cherry___healthy,0.494375
plantwild/extracted/plantwild/images/apple rust/2.jpg,Apple___Cedar_apple_rust,"Pepper,_bell___healthy",0.394129
plantwild/extracted/plantwild/images/apple rust/20.jpg,Apple___Cedar_apple_rust,Strawberry___Leaf_scorch,0.917157
plantwild/extracted/plantwild/images/apple rust/208.jpg,Apple___Cedar_apple_rust,"Pepper,_bell___healthy",0.970307
plantwild/extracted/plantwild/images/apple rust/21.jpg,Apple___Cedar_apple_rust,"Pepper,_bell___healthy",0.902857
plantwild/extracted/plantwild/images/apple rust/22.jpg,Apple___Cedar_apple_rust,"Pepper,_bell___healthy",0.345818
plantwild/extracted/plantwild/images/apple rust/23.jpg,Apple___Cedar_apple_rust,Orange___Haunglongbing_(Citrus_greening),0.863819
plantwild/extracted/plantwild/images/apple rust/24.jpg,Apple___Cedar_apple_rust,"Pepper,_bell___healthy",0.662484
plantwild/extracted/plantwild/images/apple rust/26 - Copy (2).jpg,Apple___Cedar_apple_rust,Grape___Esca_(Black_Measles),0.415519
plantwild/extracted/plantwild/images/apple rust/26 - Copy (3).jpg,Apple___Cedar_apple_rust,Tomato___Early_blight,0.635284
plantwild/extracted/plantwild/images/apple rust/26 - Copy.jpg,Apple___Cedar_apple_rust,Strawberry___Leaf_scorch,0.681940
plantwild/extracted/plantwild/images/apple rust/27.jpg,Apple___Cedar_apple_rust,Strawberry___Leaf_scorch,0.902508
plantwild/extracted/plantwild/images/apple rust/28.jpg,Apple___Cedar_apple_rust,Strawberry___Leaf_scorch,0.667718
plantwild/extracted/plantwild/images/apple rust/286.jpg,Apple___Cedar_apple_rust,Apple___healthy,0.957809
plantwild/extracted/plantwild/images/apple rust/3.jpg,Apple___Cedar_apple_rust,Strawberry___Leaf_scorch,0.935857
plantwild/extracted/plantwild/images/apple rust/30.jpg,Apple___Cedar_apple_rust,Strawberry___Leaf_scorch,0.844327
plantwild/extracted/plantwild/images/apple rust/31.jpg,Apple___Cedar_apple_rust,"Pepper,_bell___healthy",0.472205
plantwild/extracted/plantwild/images/apple rust/33.jpg,Apple___Cedar_apple_rust,"Pepper,_bell___healthy",0.883634
plantwild/extracted/plantwild/images/apple rust/34.jpg,Apple___Cedar_apple_rust,Apple___Black_rot,0.640084
plantwild/extracted/plantwild/images/apple rust/35.jpg,Apple___Cedar_apple_rust,Strawberry___Leaf_scorch,0.407871
plantwild/extracted/plantwild/images/apple rust/36.jpg,Apple___Cedar_apple_rust,"Pepper,_bell___healthy",0.312432
plantwild/extracted/plantwild/images/apple rust/4.jpg,Apple___Cedar_apple_rust,"Pepper,_bell___healthy",0.383004
plantwild/extracted/plantwild/images/apple rust/40.jpg,Apple___Cedar_apple_rust,Strawberry___Leaf_scorch,0.585365
plantwild/extracted/plantwild/images/apple rust/41.jpg,Apple___Cedar_apple_rust,Cherry___healthy,0.507801
plantwild/extracted/plantwild/images/apple rust/42.jpg,Apple___Cedar_apple_rust,Grape___Esca_(Black_Measles),0.848320
plantwild/extracted/plantwild/images/apple rust/43.jpg,Apple___Cedar_apple_rust,"Pepper,_bell___healthy",0.741637
plantwild/extracted/plantwild/images/apple rust/44.jpg,Apple___Cedar_apple_rust,Strawberry___Leaf_scorch,0.965369
plantwild/extracted/plantwild/images/apple rust/45.jpg,Apple___Cedar_apple_rust,Tomato___Late_blight,0.582966
plantwild/extracted/plantwild/images/apple rust/46.jpg,Apple___Cedar_apple_rust,"Pepper,_bell___healthy",0.771326
plantwild/extracted/plantwild/images/apple rust/47.jpg,Apple___Cedar_apple_rust,Apple___Apple_scab,0.493030
plantwild/extracted/plantwild/images/apple rust/48.jpg,Apple___Cedar_apple_rust,Apple___Black_rot,0.894161
plantwild/extracted/plantwild/images/apple rust/49.jpg,Apple___Cedar_apple_rust,Strawberry___Leaf_scorch,0.645834
plantwild/extracted/plantwild/images/apple rust/5.jpg,Apple___Cedar_apple_rust,"Pepper,_bell___healthy",0.433282
plantwild/extracted/plantwild/images/apple rust/50.jpg,Apple___Cedar_apple_rust,Apple___healthy,0.758608
plantwild/extracted/plantwild/images/apple rust/51 - Copy.jpg,Apple___Cedar_apple_rust,Apple___healthy,0.899538
plantwild/extracted/plantwild/images/apple rust/51.jpg,Apple___Cedar_apple_rust,Orange___Haunglongbing_(Citrus_greening),0.481635
plantwild/extracted/plantwild/images/apple rust/52.jpg,Apple___Cedar_apple_rust,Strawberry___Leaf_scorch,0.830799
plantwild/extracted/plantwild/images/apple rust/54.jpg,Apple___Cedar_apple_rust,Strawberry___Leaf_scorch,0.479386
plantwild/extracted/plantwild/images/apple rust/55.jpg,Apple___Cedar_apple_rust,Apple___Black_rot,0.192989
plantwild/extracted/plantwild/images/apple rust/56.jpg,Apple___Cedar_apple_rust,Apple___Cedar_apple_rust,0.952382
plantwild/extracted/plantwild/images/apple rust/6.jpg,Apple___Cedar_apple_rust,"Pepper,_bell___healthy",0.875049
plantwild/extracted/plantwild/images/apple rust/60.jpg,Apple___Cedar_apple_rust,Apple___Apple_scab,0.443938
plantwild/extracted/plantwild/images/apple rust/61.jpg,Apple___Cedar_apple_rust,"Pepper,_bell___healthy",0.899403
plantwild/extracted/plantwild/images/apple rust/63.jpg,Apple___Cedar_apple_rust,Cherry___healthy,0.558854
plantwild/extracted/plantwild/images/apple rust/64.jpg,Apple___Cedar_apple_rust,Apple___healthy,0.899829
plantwild/extracted/plantwild/images/apple rust/65.jpg,Apple___Cedar_apple_rust,"Pepper,_bell___healthy",0.698507
plantwild/extracted/plantwild/images/apple rust/66.jpg,Apple___Cedar_apple_rust,Grape___Black_rot,0.925418
plantwild/extracted/plantwild/images/apple rust/67.jpg,Apple___Cedar_apple_rust,"Pepper,_bell___healthy",0.896846
plantwild/extracted/plantwild/images/apple rust/68.jpg,Apple___Cedar_apple_rust,"Pepper,_bell___healthy",0.432116
plantwild/extracted/plantwild/images/apple rust/69.jpg,Apple___Cedar_apple_rust,Strawberry___Leaf_scorch,0.942178
plantwild/extracted/plantwild/images/apple rust/7.jpg,Apple___Cedar_apple_rust,"Pepper,_bell___healthy",0.777009
plantwild/extracted/plantwild/images/apple rust/71.jpg,Apple___Cedar_apple_rust,"Pepper,_bell___healthy",0.553789
plantwild/extracted/plantwild/images/apple rust/73.jpg,Apple___Cedar_apple_rust,Strawberry___Leaf_scorch,0.725693
plantwild/extracted/plantwild/images/apple rust/74.jpg,Apple___Cedar_apple_rust,Tomato___Leaf_Mold,0.732552
plantwild/extracted/plantwild/images/apple rust/76.jpg,Apple___Cedar_apple_rust,Strawberry___Leaf_scorch,0.963391
plantwild/extracted/plantwild/images/apple rust/77.jpg,Apple___Cedar_apple_rust,Strawberry___Leaf_scorch,0.926818
plantwild/extracted/plantwild/images/apple rust/78.jpg,Apple___Cedar_apple_rust,Apple___Cedar_apple_rust,0.949414
plantwild/extracted/plantwild/images/apple rust/79.jpg,Apple___Cedar_apple_rust,Tomato___healthy,0.517555
plantwild/extracted/plantwild/images/apple rust/8.jpg,Apple___Cedar_apple_rust,Apple___Black_rot,0.469324
plantwild/extracted/plantwild/images/apple rust/80.jpg,Apple___Cedar_apple_rust,Strawberry___Leaf_scorch,0.580772
plantwild/extracted/plantwild/images/apple rust/84.jpg,Apple___Cedar_apple_rust,Cherry___healthy,0.314474
plantwild/extracted/plantwild/images/apple rust/87.jpg,Apple___Cedar_apple_rust,Cherry___healthy,0.696570
plantwild/extracted/plantwild/images/apple rust/9.jpg,Apple___Cedar_apple_rust,Strawberry___Leaf_scorch,0.213831
plantwild/extracted/plantwild/images/apple rust/92.jpg,Apple___Cedar_apple_rust,Tomato___Late_blight,0.927809
plantwild/extracted/plantwild/images/apple rust/93.jpg,Apple___Cedar_apple_rust,Grape___Esca_(Black_Measles),0.888289
plantwild/extracted/plantwild/images/apple rust/94.jpg,Apple___Cedar_apple_rust,Grape___Esca_(Black_Measles),0.225869
plantwild/extracted/plantwild/images/apple rust/95.jpg,Apple___Cedar_apple_rust,Corn___Northern_Leaf_Blight,0.716427
plantwild/extracted/plantwild/images/apple rust/96.jpg,Apple___Cedar_apple_rust,"Pepper,_bell___healthy",0.961166
plantwild/extracted/plantwild/images/apple rust/98.jpg,Apple___Cedar_apple_rust,Apple___healthy,0.957809
plantwild/extracted/plantwild/images/apple rust/google_0000.jpg,Apple___Cedar_apple_rust,Strawberry___Leaf_scorch,0.546204
plantwild/extracted/plantwild/images/apple rust/google_0001.jpg,Apple___Cedar_apple_rust,Strawberry___Leaf_scorch,0.578724
plantwild/extracted/plantwild/images/apple rust/google_0002.jpg,Apple___Cedar_apple_rust,Strawberry___Leaf_scorch,0.939571
plantwild/extracted/plantwild/images/apple rust/google_0003.jpg,Apple___Cedar_apple_rust,Strawberry___Leaf_scorch,0.878671
plantwild/extracted/plantwild/images/apple rust/google_0005.jpg,Apple___Cedar_apple_rust,Cherry___healthy,0.322674
plantwild/extracted/plantwild/images/apple rust/google_0006.jpg,Apple___Cedar_apple_rust,"Pepper,_bell___healthy",0.717711
plantwild/extracted/plantwild/images/apple rust/google_0007.jpg,Apple___Cedar_apple_rust,Corn___Cercospora_leaf_spot Gray_leaf_spot,0.870985
plantwild/extracted/plantwild/images/apple rust/google_0008.jpg,Apple___Cedar_apple_rust,Cherry___healthy,0.253925
plantwild/extracted/plantwild/images/apple rust/google_0009.jpg,Apple___Cedar_apple_rust,"Pepper,_bell___healthy",0.831870
plantwild/extracted/plantwild/images/apple rust/google_0010.jpg,Apple___Cedar_apple_rust,Strawberry___Leaf_scorch,0.589684
plantwild/extracted/plantwild/images/apple rust/google_0011.jpg,Apple___Cedar_apple_rust,"Pepper,_bell___healthy",0.911245
plantwild/extracted/plantwild/images/apple rust/google_0013.jpg,Apple___Cedar_apple_rust,"Pepper,_bell___healthy",0.625205
plantwild/extracted/plantwild/images/apple rust/google_0015.jpg,Apple___Cedar_apple_rust,"Pepper,_bell___healthy",0.791924
plantwild/extracted/plantwild/images/apple rust/google_0017.jpg,Apple___Cedar_apple_rust,"Pepper,_bell___healthy",0.910084
plantwild/extracted/plantwild/images/apple rust/google_0018.jpg,Apple___Cedar_apple_rust,"Pepper,_bell___healthy",0.516469
plantwild/extracted/plantwild/images/apple rust/google_0019.jpg,Apple___Cedar_apple_rust,"Pepper,_bell___healthy",0.748422
plantwild/extracted/plantwild/images/apple rust/google_0021.jpg,Apple___Cedar_apple_rust,Strawberry___Leaf_scorch,0.339608
plantwild/extracted/plantwild/images/apple rust/google_0022.jpg,Apple___Cedar_apple_rust,Strawberry___Leaf_scorch,0.744735
plantwild/extracted/plantwild/images/apple rust/google_0023.jpg,Apple___Cedar_apple_rust,Strawberry___Leaf_scorch,0.941621
plantwild/extracted/plantwild/images/apple rust/google_0026.jpg,Apple___Cedar_apple_rust,"Pepper,_bell___healthy",0.847807
plantwild/extracted/plantwild/images/apple rust/google_0027.jpg,Apple___Cedar_apple_rust,Strawberry___Leaf_scorch,0.688055
plantwild/extracted/plantwild/images/apple rust/google_0028.jpg,Apple___Cedar_apple_rust,"Pepper,_bell___healthy",0.966337
plantwild/extracted/plantwild/images/apple rust/google_0030.jpg,Apple___Cedar_apple_rust,Corn___Northern_Leaf_Blight,0.756994
plantwild/extracted/plantwild/images/apple rust/google_0031.jpg,Apple___Cedar_apple_rust,"Pepper,_bell___healthy",0.941296
plantwild/extracted/plantwild/images/apple rust/google_0032.jpg,Apple___Cedar_apple_rust,Strawberry___Leaf_scorch,0.683087
plantwild/extracted/plantwild/images/apple rust/google_0033.jpg,Apple___Cedar_apple_rust,Strawberry___Leaf_scorch,0.765256
plantwild/extracted/plantwild/images/apple rust/google_0034.jpg,Apple___Cedar_apple_rust,Cherry___healthy,0.327989
plantwild/extracted/plantwild/images/apple rust/google_0035.jpg,Apple___Cedar_apple_rust,"Pepper,_bell___healthy",0.865080
plantwild/extracted/plantwild/images/apple rust/google_0036.jpg,Apple___Cedar_apple_rust,Strawberry___Leaf_scorch,0.838349
plantwild/extracted/plantwild/images/apple rust/google_0037.jpg,Apple___Cedar_apple_rust,"Pepper,_bell___healthy",0.932594
plantwild/extracted/plantwild/images/apple rust/google_0038.jpg,Apple___Cedar_apple_rust,"Pepper,_bell___healthy",0.905254
plantwild/extracted/plantwild/images/apple rust/google_0039.jpg,Apple___Cedar_apple_rust,"Pepper,_bell___healthy",0.782953
plantwild/extracted/plantwild/images/apple rust/google_0040.jpg,Apple___Cedar_apple_rust,Strawberry___Leaf_scorch,0.445303
plantwild/extracted/plantwild/images/apple rust/google_0041.jpg,Apple___Cedar_apple_rust,Strawberry___Leaf_scorch,0.946080
plantwild/extracted/plantwild/images/apple rust/google_0042.jpg,Apple___Cedar_apple_rust,"Pepper,_bell___healthy",0.623011
plantwild/extracted/plantwild/images/apple rust/google_0045.jpg,Apple___Cedar_apple_rust,Strawberry___Leaf_scorch,0.313993
plantwild/extracted/plantwild/images/apple rust/google_0046.jpg,Apple___Cedar_apple_rust,Cherry___healthy,0.301746
plantwild/extracted/plantwild/images/apple rust/google_0048.jpg,Apple___Cedar_apple_rust,"Pepper,_bell___healthy",0.771590
plantwild/extracted/plantwild/images/apple rust/google_0049.jpg,Apple___Cedar_apple_rust,Blueberry___healthy,0.529172
plantwild/extracted/plantwild/images/apple rust/google_0051.jpg,Apple___Cedar_apple_rust,Apple___Black_rot,0.137607
plantwild/extracted/plantwild/images/apple rust/google_0052.jpg,Apple___Cedar_apple_rust,"Pepper,_bell___healthy",0.651221
plantwild/extracted/plantwild/images/apple rust/google_0053.jpg,Apple___Cedar_apple_rust,Cherry___healthy,0.453357
plantwild/extracted/plantwild/images/apple rust/google_0054.jpg,Apple___Cedar_apple_rust,Peach___Bacterial_spot,0.161074
plantwild/extracted/plantwild/images/apple rust/google_0055.jpg,Apple___Cedar_apple_rust,Strawberry___Leaf_scorch,0.945392
plantwild/extracted/plantwild/images/apple rust/google_0056.jpg,Apple___Cedar_apple_rust,Strawberry___Leaf_scorch,0.952105
plantwild/extracted/plantwild/images/apple rust/google_0057.jpg,Apple___Cedar_apple_rust,Tomato___healthy,0.420439
plantwild/extracted/plantwild/images/apple rust/google_0058.jpg,Apple___Cedar_apple_rust,Peach___Bacterial_spot,0.529144
plantwild/extracted/plantwild/images/apple rust/google_0059.jpg,Apple___Cedar_apple_rust,Strawberry___Leaf_scorch,0.485665
plantwild/extracted/plantwild/images/apple rust/google_0060.jpg,Apple___Cedar_apple_rust,Strawberry___Leaf_scorch,0.340597
plantwild/extracted/plantwild/images/apple rust/google_0063.jpg,Apple___Cedar_apple_rust,Strawberry___Leaf_scorch,0.592452
plantwild/extracted/plantwild/images/apple rust/google_0064.jpg,Apple___Cedar_apple_rust,"Pepper,_bell___healthy",0.944407
plantwild/extracted/plantwild/images/apple rust/google_0065.jpg,Apple___Cedar_apple_rust,Apple___Apple_scab,0.157133
plantwild/extracted/plantwild/images/apple rust/google_0066.jpg,Apple___Cedar_apple_rust,Tomato___Late_blight,0.955778
plantwild/extracted/plantwild/images/apple rust/google_0067.jpg,Apple___Cedar_apple_rust,"Pepper,_bell___healthy",0.786946
plantwild/extracted/plantwild/images/apple rust/google_0068.jpg,Apple___Cedar_apple_rust,Strawberry___Leaf_scorch,0.334842
plantwild/extracted/plantwild/images/apple rust/google_0069.jpg,Apple___Cedar_apple_rust,Strawberry___Leaf_scorch,0.734669
plantwild/extracted/plantwild/images/apple rust/google_0071.jpg,Apple___Cedar_apple_rust,"Pepper,_bell___healthy",0.371396
plantwild/extracted/plantwild/images/apple rust/google_0072.jpg,Apple___Cedar_apple_rust,Strawberry___Leaf_scorch,0.684034
plantwild/extracted/plantwild/images/apple rust/google_0073.jpg,Apple___Cedar_apple_rust,"Pepper,_bell___healthy",0.879196
plantwild/extracted/plantwild/images/apple rust/google_0074.jpg,Apple___Cedar_apple_rust,"Pepper,_bell___healthy",0.922106
plantwild/extracted/plantwild/images/apple rust/google_0075.jpg,Apple___Cedar_apple_rust,Strawberry___Leaf_scorch,0.960631
plantwild/extracted/plantwild/images/apple rust/google_0078.jpg,Apple___Cedar_apple_rust,Strawberry___Leaf_scorch,0.663463
plantwild/extracted/plantwild/images/apple rust/google_0079.jpg,Apple___Cedar_apple_rust,Strawberry___Leaf_scorch,0.905553
plantwild/extracted/plantwild/images/apple rust/google_0080.jpg,Apple___Cedar_apple_rust,Cherry___healthy,0.693368
plantwild/extracted/plantwild/images/apple rust/google_0081.jpg,Apple___Cedar_apple_rust,Strawberry___Leaf_scorch,0.857355
plantwild/extracted/plantwild/images/apple rust/google_0082.jpg,Apple___Cedar_apple_rust,Cherry___healthy,0.902998
plantwild/extracted/plantwild/images/apple rust/google_0083.jpg,Apple___Cedar_apple_rust,Apple___Apple_scab,0.900536
plantwild/extracted/plantwild/images/apple rust/google_0084.jpg,Apple___Cedar_apple_rust,Corn___Cercospora_leaf_spot Gray_leaf_spot,0.409448
plantwild/extracted/plantwild/images/apple rust/google_0085.jpg,Apple___Cedar_apple_rust,"Pepper,_bell___healthy",0.828915
plantwild/extracted/plantwild/images/apple rust/google_0087.jpg,Apple___Cedar_apple_rust,Strawberry___Leaf_scorch,0.932919
plantwild/extracted/plantwild/images/apple rust/google_0088.jpg,Apple___Cedar_apple_rust,"Pepper,_bell___healthy",0.954126
plantwild/extracted/plantwild/images/apple rust/google_0089.jpg,Apple___Cedar_apple_rust,Strawberry___Leaf_scorch,0.724233
plantwild/extracted/plantwild/images/apple rust/google_0091.jpg,Apple___Cedar_apple_rust,"Pepper,_bell___healthy",0.865831
plantwild/extracted/plantwild/images/apple rust/google_0092.jpg,Apple___Cedar_apple_rust,Apple___Black_rot,0.954526
plantwild/extracted/plantwild/images/apple rust/google_0093.jpg,Apple___Cedar_apple_rust,Strawberry___Leaf_scorch,0.817437
plantwild/extracted/plantwild/images/apple rust/google_0094.jpg,Apple___Cedar_apple_rust,"Pepper,_bell___healthy",0.212070
plantwild/extracted/plantwild/images/apple rust/google_0095.jpg,Apple___Cedar_apple_rust,"Pepper,_bell___healthy",0.785738
plantwild/extracted/plantwild/images/apple rust/google_0096.jpg,Apple___Cedar_apple_rust,"Pepper,_bell___healthy",0.393164
plantwild/extracted/plantwild/images/apple rust/google_0097.jpg,Apple___Cedar_apple_rust,"Pepper,_bell___healthy",0.393257
plantwild/extracted/plantwild/images/apple rust/google_0098.jpg,Apple___Cedar_apple_rust,Strawberry___Leaf_scorch,0.483193
plantwild/extracted/plantwild/images/apple rust/google_0101.jpg,Apple___Cedar_apple_rust,Strawberry___Leaf_scorch,0.861027
plantwild/extracted/plantwild/images/apple rust/google_0103.jpg,Apple___Cedar_apple_rust,Cherry___healthy,0.619418
plantwild/extracted/plantwild/images/apple rust/google_0106.jpg,Apple___Cedar_apple_rust,Strawberry___Leaf_scorch,0.488464
plantwild/extracted/plantwild/images/apple rust/google_0107.jpg,Apple___Cedar_apple_rust,Grape___Esca_(Black_Measles),0.737752
plantwild/extracted/plantwild/images/apple rust/google_0111.jpg,Apple___Cedar_apple_rust,"Pepper,_bell___healthy",0.690452
plantwild/extracted/plantwild/images/apple rust/google_0112.jpg,Apple___Cedar_apple_rust,Strawberry___Leaf_scorch,0.965447
plantwild/extracted/plantwild/images/apple rust/google_0113.jpg,Apple___Cedar_apple_rust,Strawberry___Leaf_scorch,0.566497
plantwild/extracted/plantwild/images/apple rust/google_0114.jpg,Apple___Cedar_apple_rust,Strawberry___Leaf_scorch,0.249630
plantwild/extracted/plantwild/images/apple rust/google_0115.jpg,Apple___Cedar_apple_rust,Strawberry___Leaf_scorch,0.915205
plantwild/extracted/plantwild/images/apple rust/google_0117.jpg,Apple___Cedar_apple_rust,"Pepper,_bell___healthy",0.365739
plantwild/extracted/plantwild/images/apple rust/google_0118.jpg,Apple___Cedar_apple_rust,Strawberry___Leaf_scorch,0.652988
plantwild/extracted/plantwild/images/apple rust/google_0119.jpg,Apple___Cedar_apple_rust,Grape___Esca_(Black_Measles),0.473666
plantwild/extracted/plantwild/images/apple rust/google_0120.jpg,Apple___Cedar_apple_rust,Strawberry___Leaf_scorch,0.961607
plantwild/extracted/plantwild/images/apple rust/google_0121.jpg,Apple___Cedar_apple_rust,"Pepper,_bell___healthy",0.950072
plantwild/extracted/plantwild/images/apple rust/google_0122.jpg,Apple___Cedar_apple_rust,Cherry___healthy,0.439833
plantwild/extracted/plantwild/images/apple rust/google_0123.jpg,Apple___Cedar_apple_rust,"Pepper,_bell___healthy",0.944453
plantwild/extracted/plantwild/images/apple rust/google_0124.jpg,Apple___Cedar_apple_rust,"Pepper,_bell___healthy",0.812419
plantwild/extracted/plantwild/images/apple rust/google_0125.jpg,Apple___Cedar_apple_rust,"Pepper,_bell___healthy",0.916362
plantwild/extracted/plantwild/images/apple rust/google_0126.jpg,Apple___Cedar_apple_rust,Strawberry___Leaf_scorch,0.825546
plantwild/extracted/plantwild/images/apple rust/google_0127.jpg,Apple___Cedar_apple_rust,Strawberry___Leaf_scorch,0.419011
plantwild/extracted/plantwild/images/apple rust/google_0128.jpg,Apple___Cedar_apple_rust,Strawberry___Leaf_scorch,0.437525
plantwild/extracted/plantwild/images/apple rust/google_0129.jpg,Apple___Cedar_apple_rust,"Pepper,_bell___healthy",0.852729
plantwild/extracted/plantwild/images/apple rust/google_0131.jpg,Apple___Cedar_apple_rust,Strawberry___Leaf_scorch,0.528579
plantwild/extracted/plantwild/images/apple rust/google_0132.jpg,Apple___Cedar_apple_rust,Strawberry___Leaf_scorch,0.702747
plantwild/extracted/plantwild/images/apple rust/google_0134.jpg,Apple___Cedar_apple_rust,Cherry___healthy,0.453385
plantwild/extracted/plantwild/images/apple rust/google_0135.jpg,Apple___Cedar_apple_rust,Apple___Cedar_apple_rust,0.741783
plantwild/extracted/plantwild/images/apple rust/google_0136.jpg,Apple___Cedar_apple_rust,Corn___Cercospora_leaf_spot Gray_leaf_spot,0.966651
plantwild/extracted/plantwild/images/apple rust/google_0137.jpg,Apple___Cedar_apple_rust,Strawberry___Leaf_scorch,0.884928
plantwild/extracted/plantwild/images/apple rust/google_0138.jpg,Apple___Cedar_apple_rust,Strawberry___Leaf_scorch,0.791307
plantwild/extracted/plantwild/images/apple rust/google_0139.jpg,Apple___Cedar_apple_rust,Grape___Esca_(Black_Measles),0.893876
plantwild/extracted/plantwild/images/apple rust/google_0140.jpg,Apple___Cedar_apple_rust,Strawberry___Leaf_scorch,0.662972
plantwild/extracted/plantwild/images/apple rust/google_0141.jpg,Apple___Cedar_apple_rust,"Pepper,_bell___healthy",0.801829
plantwild/extracted/plantwild/images/apple rust/google_0142.jpg,Apple___Cedar_apple_rust,Strawberry___Leaf_scorch,0.949753
plantwild/extracted/plantwild/images/apple rust/google_0143.jpg,Apple___Cedar_apple_rust,Strawberry___Leaf_scorch,0.751855
plantwild/extracted/plantwild/images/apple rust/google_0145.jpg,Apple___Cedar_apple_rust,Strawberry___Leaf_scorch,0.957817
plantwild/extracted/plantwild/images/apple rust/google_0146.jpg,Apple___Cedar_apple_rust,Strawberry___Leaf_scorch,0.866269
plantwild/extracted/plantwild/images/apple rust/google_0147.jpg,Apple___Cedar_apple_rust,Strawberry___Leaf_scorch,0.958757
plantwild/extracted/plantwild/images/apple rust/google_0149.jpg,Apple___Cedar_apple_rust,Strawberry___Leaf_scorch,0.952230
plantwild/extracted/plantwild/images/apple rust/google_0151.jpg,Apple___Cedar_apple_rust,"Pepper,_bell___healthy",0.474487
plantwild/extracted/plantwild/images/apple rust/google_0152.jpg,Apple___Cedar_apple_rust,"Pepper,_bell___healthy",0.549215
plantwild/extracted/plantwild/images/apple rust/google_0153.jpg,Apple___Cedar_apple_rust,Strawberry___Leaf_scorch,0.923688
plantwild/extracted/plantwild/images/apple rust/google_0155.jpg,Apple___Cedar_apple_rust,Strawberry___Leaf_scorch,0.239274
plantwild/extracted/plantwild/images/apple rust/google_0157.jpg,Apple___Cedar_apple_rust,Strawberry___Leaf_scorch,0.885788
plantwild/extracted/plantwild/images/apple rust/google_0158.jpg,Apple___Cedar_apple_rust,Strawberry___Leaf_scorch,0.708829
plantwild/extracted/plantwild/images/apple rust/google_0159.jpg,Apple___Cedar_apple_rust,Cherry___healthy,0.642607
plantwild/extracted/plantwild/images/apple rust/google_0160.jpg,Apple___Cedar_apple_rust,"Pepper,_bell___healthy",0.940887
plantwild/extracted/plantwild/images/apple rust/google_0165.jpg,Apple___Cedar_apple_rust,Apple___Cedar_apple_rust,0.968675
plantwild/extracted/plantwild/images/apple rust/google_0167.jpg,Apple___Cedar_apple_rust,"Pepper,_bell___healthy",0.922624
plantwild/extracted/plantwild/images/apple rust/google_0168.jpg,Apple___Cedar_apple_rust,Apple___Black_rot,0.940473
plantwild/extracted/plantwild/images/apple rust/google_0169.jpg,Apple___Cedar_apple_rust,"Pepper,_bell___healthy",0.528295
plantwild/extracted/plantwild/images/apple rust/google_0171.jpg,Apple___Cedar_apple_rust,"Pepper,_bell___healthy",0.820636
plantwild/extracted/plantwild/images/apple rust/google_0172.jpg,Apple___Cedar_apple_rust,Corn___healthy,0.678500
plantwild/extracted/plantwild/images/apple rust/google_0173.jpg,Apple___Cedar_apple_rust,"Pepper,_bell___healthy",0.896379
plantwild/extracted/plantwild/images/apple rust/google_0175.jpg,Apple___Cedar_apple_rust,"Pepper,_bell___healthy",0.832824
plantwild/extracted/plantwild/images/apple rust/google_0176.jpg,Apple___Cedar_apple_rust,"Pepper,_bell___healthy",0.846246
plantwild/extracted/plantwild/images/apple rust/google_0177.jpg,Apple___Cedar_apple_rust,Strawberry___Leaf_scorch,0.515885
plantwild/extracted/plantwild/images/apple rust/google_0180.jpg,Apple___Cedar_apple_rust,"Pepper,_bell___healthy",0.923830
plantwild/extracted/plantwild/images/apple rust/google_0181.jpg,Apple___Cedar_apple_rust,Strawberry___Leaf_scorch,0.571069
plantwild/extracted/plantwild/images/apple rust/google_0182.jpg,Apple___Cedar_apple_rust,Tomato___Late_blight,0.826211
plantwild/extracted/plantwild/images/apple rust/google_0183.jpg,Apple___Cedar_apple_rust,Strawberry___Leaf_scorch,0.564556
plantwild/extracted/plantwild/images/apple rust/google_0184.jpg,Apple___Cedar_apple_rust,Blueberry___healthy,0.810164
plantwild/extracted/plantwild/images/apple rust/google_0185.jpg,Apple___Cedar_apple_rust,Strawberry___Leaf_scorch,0.873707
plantwild/extracted/plantwild/images/apple rust/google_0186.jpg,Apple___Cedar_apple_rust,Strawberry___Leaf_scorch,0.943614
plantwild/extracted/plantwild/images/apple rust/google_0187.jpg,Apple___Cedar_apple_rust,Tomato___Tomato_mosaic_virus,0.900278
plantwild/extracted/plantwild/images/apple rust/google_0190.jpg,Apple___Cedar_apple_rust,Potato___Late_blight,0.832874
plantwild/extracted/plantwild/images/apple rust/google_0191.jpg,Apple___Cedar_apple_rust,Strawberry___Leaf_scorch,0.449727
plantwild/extracted/plantwild/images/apple rust/google_0193.jpg,Apple___Cedar_apple_rust,Corn___Northern_Leaf_Blight,0.469858
plantwild/extracted/plantwild/images/apple rust/google_0194.jpg,Apple___Cedar_apple_rust,Strawberry___Leaf_scorch,0.786355
plantwild/extracted/plantwild/images/apple rust/google_0195.jpg,Apple___Cedar_apple_rust,Apple___Apple_scab,0.754417
plantwild/extracted/plantwild/images/apple rust/google_0196.jpg,Apple___Cedar_apple_rust,Strawberry___Leaf_scorch,0.365015
plantwild/extracted/plantwild/images/apple rust/google_0197.jpg,Apple___Cedar_apple_rust,Strawberry___Leaf_scorch,0.563247
plantwild/extracted/plantwild/images/apple rust/google_0198.jpg,Apple___Cedar_apple_rust,Cherry___healthy,0.817386
plantwild/extracted/plantwild/images/apple rust/google_0200.jpg,Apple___Cedar_apple_rust,Strawberry___Leaf_scorch,0.964452
plantwild/extracted/plantwild/images/apple rust/google_0201.jpg,Apple___Cedar_apple_rust,Corn___healthy,0.901365
plantwild/extracted/plantwild/images/apple rust/google_0202.jpg,Apple___Cedar_apple_rust,Strawberry___Leaf_scorch,0.387475
plantwild/extracted/plantwild/images/apple rust/google_0203.jpg,Apple___Cedar_apple_rust,Corn___Northern_Leaf_Blight,0.428733
plantwild/extracted/plantwild/images/apple rust/google_0205.jpg,Apple___Cedar_apple_rust,Grape___Esca_(Black_Measles),0.368492
plantwild/extracted/plantwild/images/apple rust/google_0206.jpg,Apple___Cedar_apple_rust,Corn___Common_rust,0.954077
plantwild/extracted/plantwild/images/apple rust/google_0207.jpg,Apple___Cedar_apple_rust,Strawberry___Leaf_scorch,0.630025
plantwild/extracted/plantwild/images/apple rust/google_0209.jpg,Apple___Cedar_apple_rust,Tomato___Tomato_Yellow_Leaf_Curl_Virus,0.896678
plantwild/extracted/plantwild/images/apple rust/google_0210.jpg,Apple___Cedar_apple_rust,Strawberry___Leaf_scorch,0.792512
plantwild/extracted/plantwild/images/apple rust/google_0211.jpg,Apple___Cedar_apple_rust,Cherry___healthy,0.442272
plantwild/extracted/plantwild/images/apple rust/google_0212.jpg,Apple___Cedar_apple_rust,"Pepper,_bell___healthy",0.822112
plantwild/extracted/plantwild/images/apple rust/google_0213.jpg,Apple___Cedar_apple_rust,Strawberry___Leaf_scorch,0.897832
plantwild/extracted/plantwild/images/apple rust/google_0214.jpg,Apple___Cedar_apple_rust,"Pepper,_bell___healthy",0.659191
plantwild/extracted/plantwild/images/apple rust/google_0215.jpg,Apple___Cedar_apple_rust,Tomato___Septoria_leaf_spot,0.266449
plantwild/extracted/plantwild/images/apple rust/google_0217.jpg,Apple___Cedar_apple_rust,Cherry___healthy,0.690781
plantwild/extracted/plantwild/images/apple rust/google_0218.jpg,Apple___Cedar_apple_rust,Soybean___healthy,0.668860
plantwild/extracted/plantwild/images/apple rust/google_0219.jpg,Apple___Cedar_apple_rust,Peach___Bacterial_spot,0.225823
plantwild/extracted/plantwild/images/apple rust/google_0220.jpg,Apple___Cedar_apple_rust,Corn___Common_rust,0.839239
plantwild/extracted/plantwild/images/apple rust/google_0221.jpg,Apple___Cedar_apple_rust,"Pepper,_bell___healthy",0.246182
plantwild/extracted/plantwild/images/apple rust/google_0222.jpg,Apple___Cedar_apple_rust,"Pepper,_bell___healthy",0.316085
plantwild/extracted/plantwild/images/apple rust/google_0226.jpg,Apple___Cedar_apple_rust,Strawberry___Leaf_scorch,0.945939
plantwild/extracted/plantwild/images/apple rust/google_0227.jpg,Apple___Cedar_apple_rust,"Pepper,_bell___healthy",0.249423
plantwild/extracted/plantwild/images/apple rust/google_0228.jpg,Apple___Cedar_apple_rust,Strawberry___Leaf_scorch,0.472568
plantwild/extracted/plantwild/images/apple rust/google_0229.jpg,Apple___Cedar_apple_rust,Cherry___healthy,0.553036
plantwild/extracted/plantwild/images/apple rust/google_0230.jpg,Apple___Cedar_apple_rust,Corn___Northern_Leaf_Blight,0.277878
plantwild/extracted/plantwild/images/apple rust/google_0233.jpg,Apple___Cedar_apple_rust,Corn___Common_rust,0.787564
plantwild/extracted/plantwild/images/apple rust/google_0235.jpg,Apple___Cedar_apple_rust,Apple___Apple_scab,0.918410
plantwild/extracted/plantwild/images/apple rust/google_0236.jpg,Apple___Cedar_apple_rust,Tomato___Tomato_Yellow_Leaf_Curl_Virus,0.573062
plantwild/extracted/plantwild/images/apple rust/google_0237.jpg,Apple___Cedar_apple_rust,Strawberry___Leaf_scorch,0.690230
plantwild/extracted/plantwild/images/apple rust/google_0238.jpg,Apple___Cedar_apple_rust,"Pepper,_bell___healthy",0.880756
plantwild/extracted/plantwild/images/apple rust/google_0240.jpg,Apple___Cedar_apple_rust,Strawberry___Leaf_scorch,0.916496
plantwild/extracted/plantwild/images/apple rust/google_0243.jpg,Apple___Cedar_apple_rust,Strawberry___Leaf_scorch,0.881072
plantwild/extracted/plantwild/images/apple rust/google_0244.jpg,Apple___Cedar_apple_rust,"Pepper,_bell___healthy",0.749834
plantwild/extracted/plantwild/images/apple rust/google_0245.jpg,Apple___Cedar_apple_rust,"Pepper,_bell___healthy",0.902844
plantwild/extracted/plantwild/images/apple scab/1.jpg,Apple___Apple_scab,"Pepper,_bell___healthy",0.943554
plantwild/extracted/plantwild/images/apple scab/10.jpg,Apple___Apple_scab,Apple___healthy,0.968220
plantwild/extracted/plantwild/images/apple scab/11.jpg,Apple___Apple_scab,"Pepper,_bell___healthy",0.907491
plantwild/extracted/plantwild/images/apple scab/118.jpg,Apple___Apple_scab,"Pepper,_bell___healthy",0.342267
plantwild/extracted/plantwild/images/apple scab/12.jpg,Apple___Apple_scab,"Pepper,_bell___healthy",0.912863
plantwild/extracted/plantwild/images/apple scab/13.jpg,Apple___Apple_scab,Peach___Bacterial_spot,0.695094
plantwild/extracted/plantwild/images/apple scab/14.jpg,Apple___Apple_scab,Strawberry___Leaf_scorch,0.866343
plantwild/extracted/plantwild/images/apple scab/15.jpg,Apple___Apple_scab,Tomato___Early_blight,0.461046
plantwild/extracted/plantwild/images/apple scab/16.jpg,Apple___Apple_scab,Cherry___healthy,0.815452
plantwild/extracted/plantwild/images/apple scab/17.jpg,Apple___Apple_scab,Cherry___healthy,0.317723
plantwild/extracted/plantwild/images/apple scab/18.jpg,Apple___Apple_scab,"Pepper,_bell___healthy",0.788187
plantwild/extracted/plantwild/images/apple scab/19.jpg,Apple___Apple_scab,Apple___healthy,0.960389
plantwild/extracted/plantwild/images/apple scab/2.jpg,Apple___Apple_scab,Strawberry___Leaf_scorch,0.461331
plantwild/extracted/plantwild/images/apple scab/20.jpg,Apple___Apple_scab,Tomato___Late_blight,0.880297
plantwild/extracted/plantwild/images/apple scab/21.jpg,Apple___Apple_scab,"Pepper,_bell___healthy",0.844906
plantwild/extracted/plantwild/images/apple scab/22.jpg,Apple___Apple_scab,"Pepper,_bell___healthy",0.862547
plantwild/extracted/plantwild/images/apple scab/23.jpg,Apple___Apple_scab,Tomato___Late_blight,0.932754
plantwild/extracted/plantwild/images/apple scab/24.jpg,Apple___Apple_scab,Tomato___Late_blight,0.708460
plantwild/extracted/plantwild/images/apple scab/25.jpg,Apple___Apple_scab,"Pepper,_bell___healthy",0.701846
plantwild/extracted/plantwild/images/apple scab/26.jpg,Apple___Apple_scab,Strawberry___Leaf_scorch,0.319598
plantwild/extracted/plantwild/images/apple scab/27.jpg,Apple___Apple_scab,Tomato___Late_blight,0.812554
plantwild/extracted/plantwild/images/apple scab/29.jpg,Apple___Apple_scab,Tomato___Tomato_Yellow_Leaf_Curl_Virus,0.609668
plantwild/extracted/plantwild/images/apple scab/3.jpg,Apple___Apple_scab,Strawberry___Leaf_scorch,0.809721
plantwild/extracted/plantwild/images/apple scab/30.jpg,Apple___Apple_scab,Strawberry___Leaf_scorch,0.505411
plantwild/extracted/plantwild/images/apple scab/31.jpg,Apple___Apple_scab,Strawberry___Leaf_scorch,0.850795
plantwild/extracted/plantwild/images/apple scab/32.jpg,Apple___Apple_scab,"Pepper,_bell___healthy",0.356780
plantwild/extracted/plantwild/images/apple scab/33.jpg,Apple___Apple_scab,Strawberry___Leaf_scorch,0.837647
plantwild/extracted/plantwild/images/apple scab/34.jpg,Apple___Apple_scab,Tomato___Early_blight,0.855187
plantwild/extracted/plantwild/images/apple scab/35.jpg,Apple___Apple_scab,Strawberry___Leaf_scorch,0.401648
plantwild/extracted/plantwild/images/apple scab/37.jpg,Apple___Apple_scab,Strawberry___Leaf_scorch,0.926818
plantwild/extracted/plantwild/images/apple scab/38.jpg,Apple___Apple_scab,Tomato___Late_blight,0.961017
plantwild/extracted/plantwild/images/apple scab/39.jpg,Apple___Apple_scab,"Pepper,_bell___healthy",0.749621
plantwild/extracted/plantwild/images/apple scab/4.jpg,Apple___Apple_scab,Strawberry___Leaf_scorch,0.670913
plantwild/extracted/plantwild/images/apple scab/40.jpg,Apple___Apple_scab,"Pepper,_bell___healthy",0.910265
plantwild/extracted/plantwild/images/apple scab/43 - Copy (2).jpg,Apple___Apple_scab,Potato___Late_blight,0.953287
plantwild/extracted/plantwild/images/apple scab/43 - Copy.jpg,Apple___Apple_scab,Tomato___Early_blight,0.910265
plantwild/extracted/plantwild/images/apple scab/43.jpg,Apple___Apple_scab,Strawberry___Leaf_scorch,0.767433
plantwild/extracted/plantwild/images/apple scab/44.jpg,Apple___Apple_scab,"Pepper,_bell___healthy",0.508777
plantwild/extracted/plantwild/images/apple scab/45.jpg,Apple___Apple_scab,Strawberry___Leaf_scorch,0.623719
plantwild/extracted/plantwild/images/apple scab/46 - Copy.jpg,Apple___Apple_scab,Tomato___Late_blight,0.848319
plantwild/extracted/plantwild/images/apple scab/46.jpg,Apple___Apple_scab,"Pepper,_bell___healthy",0.687624
plantwild/extracted/plantwild/images/apple scab/47.jpg,Apple___Apple_scab,"Pepper,_bell___healthy",0.802418
plantwild/extracted/plantwild/images/apple scab/48.jpg,Apple___Apple_scab,"Pepper,_bell___healthy",0.567136
plantwild/extracted/plantwild/images/apple scab/49.jpg,Apple___Apple_scab,Apple___Apple_scab,0.903122
plantwild/extracted/plantwild/images/apple scab/5.jpg,Apple___Apple_scab,Strawberry___Leaf_scorch,0.510534
plantwild/extracted/plantwild/images/apple scab/50.jpg,Apple___Apple_scab,Peach___Bacterial_spot,0.431164
plantwild/extracted/plantwild/images/apple scab/51.jpg,Apple___Apple_scab,Strawberry___Leaf_scorch,0.776048
plantwild/extracted/plantwild/images/apple scab/52.jpg,Apple___Apple_scab,Tomato___Septoria_leaf_spot,0.327208
plantwild/extracted/plantwild/images/apple scab/53.jpg,Apple___Apple_scab,Grape___Black_rot,0.536797
plantwild/extracted/plantwild/images/apple scab/54.jpg,Apple___Apple_scab,Strawberry___Leaf_scorch,0.794656
plantwild/extracted/plantwild/images/apple scab/56.jpg,Apple___Apple_scab,Apple___healthy,0.897280
plantwild/extracted/plantwild/images/apple scab/57 - Copy.jpg,Apple___Apple_scab,Strawberry___Leaf_scorch,0.399813
plantwild/extracted/plantwild/images/apple scab/57.jpg,Apple___Apple_scab,Strawberry___Leaf_scorch,0.956768
plantwild/extracted/plantwild/images/apple scab/59.jpg,Apple___Apple_scab,Apple___healthy,0.967670
plantwild/extracted/plantwild/images/apple scab/6.jpg,Apple___Apple_scab,"Pepper,_bell___healthy",0.524174
plantwild/extracted/plantwild/images/apple scab/60.jpg,Apple___Apple_scab,Cherry___healthy,0.474255
plantwild/extracted/plantwild/images/apple scab/61.jpg,Apple___Apple_scab,Tomato___Late_blight,0.723559
plantwild/extracted/plantwild/images/apple scab/62.jpg,Apple___Apple_scab,Apple___healthy,0.899829
plantwild/extracted/plantwild/images/apple scab/63.jpg,Apple___Apple_scab,Apple___Apple_scab,0.924509
plantwild/extracted/plantwild/images/apple scab/64.jpg,Apple___Apple_scab,Strawberry___Leaf_scorch,0.885334
plantwild/extracted/plantwild/images/apple scab/65.jpg,Apple___Apple_scab,Apple___Cedar_apple_rust,0.949414
plantwild/extracted/plantwild/images/apple scab/66.jpg,Apple___Apple_scab,"Pepper,_bell___healthy",0.909029
plantwild/extracted/plantwild/images/apple scab/67.jpg,Apple___Apple_scab,Strawberry___Leaf_scorch,0.345397
plantwild/extracted/plantwild/images/apple scab/68 - Copy (2).jpg,Apple___Apple_scab,"Pepper,_bell___healthy",0.765902
plantwild/extracted/plantwild/images/apple scab/68 - Copy.jpg,Apple___Apple_scab,"Pepper,_bell___healthy",0.664439
plantwild/extracted/plantwild/images/apple scab/68.jpg,Apple___Apple_scab,"Pepper,_bell___healthy",0.740843
plantwild/extracted/plantwild/images/apple scab/69.jpg,Apple___Apple_scab,Apple___Black_rot,0.642511
plantwild/extracted/plantwild/images/apple scab/71.jpg,Apple___Apple_scab,Tomato___Early_blight,0.847314
plantwild/extracted/plantwild/images/apple scab/72.jpg,Apple___Apple_scab,Peach___Bacterial_spot,0.445504
plantwild/extracted/plantwild/images/apple scab/73.jpg,Apple___Apple_scab,Tomato___Early_blight,0.918914
plantwild/extracted/plantwild/images/apple scab/74.jpg,Apple___Apple_scab,Strawberry___Leaf_scorch,0.963670
plantwild/extracted/plantwild/images/apple scab/76.jpg,Apple___Apple_scab,Strawberry___Leaf_scorch,0.962196
plantwild/extracted/plantwild/images/apple scab/77.jpg,Apple___Apple_scab,Potato___Late_blight,0.733183
plantwild/extracted/plantwild/images/apple scab/8.jpg,Apple___Apple_scab,Grape___Black_rot,0.911549
plantwild/extracted/plantwild/images/apple scab/80.jpg,Apple___Apple_scab,Cherry___healthy,0.357662
plantwild/extracted/plantwild/images/apple scab/82.jpg,Apple___Apple_scab,"Pepper,_bell___healthy",0.906895
plantwild/extracted/plantwild/images/apple scab/85.jpg,Apple___Apple_scab,Strawberry___Leaf_scorch,0.748824
plantwild/extracted/plantwild/images/apple scab/86.jpg,Apple___Apple_scab,Potato___Early_blight,0.493800
plantwild/extracted/plantwild/images/apple scab/9.jpg,Apple___Apple_scab,"Pepper,_bell___healthy",0.685434
plantwild/extracted/plantwild/images/apple scab/92.jpg,Apple___Apple_scab,"Pepper,_bell___healthy",0.961484
plantwild/extracted/plantwild/images/apple scab/95.jpg,Apple___Apple_scab,"Pepper,_bell___healthy",0.920346
plantwild/extracted/plantwild/images/apple scab/96.jpg,Apple___Apple_scab,"Pepper,_bell___healthy",0.816006
plantwild/extracted/plantwild/images/apple scab/97.jpg,Apple___Apple_scab,Potato___Early_blight,0.497593
plantwild/extracted/plantwild/images/apple scab/google_0000.jpg,Apple___Apple_scab,"Pepper,_bell___healthy",0.900379
plantwild/extracted/plantwild/images/apple scab/google_0001.jpg,Apple___Apple_scab,"Pepper,_bell___healthy",0.917626
plantwild/extracted/plantwild/images/apple scab/google_0002.jpg,Apple___Apple_scab,Tomato___Tomato_Yellow_Leaf_Curl_Virus,0.726503
plantwild/extracted/plantwild/images/apple scab/google_0006.jpg,Apple___Apple_scab,Apple___Apple_scab,0.823862
plantwild/extracted/plantwild/images/apple scab/google_0007.jpg,Apple___Apple_scab,Strawberry___Leaf_scorch,0.336004
plantwild/extracted/plantwild/images/apple scab/google_0008.jpg,Apple___Apple_scab,Strawberry___Leaf_scorch,0.670288
plantwild/extracted/plantwild/images/apple scab/google_0009.jpg,Apple___Apple_scab,Strawberry___Leaf_scorch,0.884580
plantwild/extracted/plantwild/images/apple scab/google_0011.jpg,Apple___Apple_scab,Cherry___healthy,0.291336
plantwild/extracted/plantwild/images/apple scab/google_0012.jpg,Apple___Apple_scab,Strawberry___Leaf_scorch,0.566172
plantwild/extracted/plantwild/images/apple scab/google_0013.jpg,Apple___Apple_scab,"Pepper,_bell___healthy",0.932669
plantwild/extracted/plantwild/images/apple scab/google_0014.jpg,Apple___Apple_scab,Tomato___Late_blight,0.631829
plantwild/extracted/plantwild/images/apple scab/google_0015.jpg,Apple___Apple_scab,Strawberry___Leaf_scorch,0.670422
plantwild/extracted/plantwild/images/apple scab/google_0016.jpg,Apple___Apple_scab,"Pepper,_bell___healthy",0.455921
plantwild/extracted/plantwild/images/apple scab/google_0017.jpg,Apple___Apple_scab,Strawberry___Leaf_scorch,0.932812
plantwild/extracted/plantwild/images/apple scab/google_0018.jpg,Apple___Apple_scab,Orange___Haunglongbing_(Citrus_greening),0.941481
plantwild/extracted/plantwild/images/apple scab/google_0019.jpg,Apple___Apple_scab,"Pepper,_bell___healthy",0.955313
plantwild/extracted/plantwild/images/apple scab/google_0020.jpg,Apple___Apple_scab,Tomato___Early_blight,0.946566
plantwild/extracted/plantwild/images/apple scab/google_0021.jpg,Apple___Apple_scab,Strawberry___Leaf_scorch,0.730996
plantwild/extracted/plantwild/images/apple scab/google_0023.jpg,Apple___Apple_scab,Apple___Apple_scab,0.965794
plantwild/extracted/plantwild/images/apple scab/google_0024.jpg,Apple___Apple_scab,"Pepper,_bell___healthy",0.959080
plantwild/extracted/plantwild/images/apple scab/google_0025.jpg,Apple___Apple_scab,Strawberry___Leaf_scorch,0.775638
plantwild/extracted/plantwild/images/apple scab/google_0028.jpg,Apple___Apple_scab,"Pepper,_bell___healthy",0.959828
plantwild/extracted/plantwild/images/apple scab/google_0029.jpg,Apple___Apple_scab,"Pepper,_bell___healthy",0.577490
plantwild/extracted/plantwild/images/apple scab/google_0030.jpg,Apple___Apple_scab,Tomato___Septoria_leaf_spot,0.858657
plantwild/extracted/plantwild/images/apple scab/google_0031.jpg,Apple___Apple_scab,"Pepper,_bell___healthy",0.486148
plantwild/extracted/plantwild/images/apple scab/google_0032.jpg,Apple___Apple_scab,"Pepper,_bell___healthy",0.755771
plantwild/extracted/plantwild/images/apple scab/google_0034.jpg,Apple___Apple_scab,"Pepper,_bell___healthy",0.813372
plantwild/extracted/plantwild/images/apple scab/google_0035.jpg,Apple___Apple_scab,Strawberry___Leaf_scorch,0.913534
plantwild/extracted/plantwild/images/apple scab/google_0036.jpg,Apple___Apple_scab,"Pepper,_bell___healthy",0.931779
plantwild/extracted/plantwild/images/apple scab/google_0037.jpg,Apple___Apple_scab,Potato___Late_blight,0.949080
plantwild/extracted/plantwild/images/apple scab/google_0038.jpg,Apple___Apple_scab,"Pepper,_bell___healthy",0.405657
plantwild/extracted/plantwild/images/apple scab/google_0039.jpg,Apple___Apple_scab,"Pepper,_bell___healthy",0.971515
plantwild/extracted/plantwild/images/apple scab/google_0041.jpg,Apple___Apple_scab,"Pepper,_bell___healthy",0.398892
plantwild/extracted/plantwild/images/apple scab/google_0042.jpg,Apple___Apple_scab,"Pepper,_bell___healthy",0.458952
plantwild/extracted/plantwild/images/apple scab/google_0043.jpg,Apple___Apple_scab,Tomato___Septoria_leaf_spot,0.268727
plantwild/extracted/plantwild/images/apple scab/google_0045.jpg,Apple___Apple_scab,"Pepper,_bell___healthy",0.845722
plantwild/extracted/plantwild/images/apple scab/google_0046.jpg,Apple___Apple_scab,Tomato___Tomato_Yellow_Leaf_Curl_Virus,0.267078
plantwild/extracted/plantwild/images/apple scab/google_0049.jpg,Apple___Apple_scab,"Pepper,_bell___healthy",0.617270
plantwild/extracted/plantwild/images/apple scab/google_0050.jpg,Apple___Apple_scab,"Pepper,_bell___healthy",0.547217
plantwild/extracted/plantwild/images/apple scab/google_0053.jpg,Apple___Apple_scab,"Pepper,_bell___healthy",0.964297
plantwild/extracted/plantwild/images/apple scab/google_0055.jpg,Apple___Apple_scab,Strawberry___Leaf_scorch,0.935455
plantwild/extracted/plantwild/images/apple scab/google_0057.jpg,Apple___Apple_scab,Strawberry___Leaf_scorch,0.390820
plantwild/extracted/plantwild/images/apple scab/google_0058 - Copy.jpg,Apple___Apple_scab,"Pepper,_bell___healthy",0.872422
plantwild/extracted/plantwild/images/apple scab/google_0058.jpg,Apple___Apple_scab,"Pepper,_bell___healthy",0.579871
plantwild/extracted/plantwild/images/apple scab/google_0059.jpg,Apple___Apple_scab,Strawberry___Leaf_scorch,0.867740
plantwild/extracted/plantwild/images/apple scab/google_0060.jpg,Apple___Apple_scab,Strawberry___Leaf_scorch,0.319608
plantwild/extracted/plantwild/images/apple scab/google_0062.jpg,Apple___Apple_scab,"Pepper,_bell___healthy",0.927666
plantwild/extracted/plantwild/images/apple scab/google_0064.jpg,Apple___Apple_scab,Grape___Black_rot,0.281141
plantwild/extracted/plantwild/images/apple scab/google_0065.jpg,Apple___Apple_scab,Strawberry___Leaf_scorch,0.856520
plantwild/extracted/plantwild/images/apple scab/google_0067.jpg,Apple___Apple_scab,"Pepper,_bell___healthy",0.833414
plantwild/extracted/plantwild/images/apple scab/google_0068.jpg,Apple___Apple_scab,"Pepper,_bell___healthy",0.837065
plantwild/extracted/plantwild/images/apple scab/google_0069.jpg,Apple___Apple_scab,Grape___Black_rot,0.613010
plantwild/extracted/plantwild/images/apple scab/google_0071.jpg,Apple___Apple_scab,Strawberry___Leaf_scorch,0.285475
plantwild/extracted/plantwild/images/apple scab/google_0072.jpg,Apple___Apple_scab,Strawberry___Leaf_scorch,0.587883
plantwild/extracted/plantwild/images/apple scab/google_0073.jpg,Apple___Apple_scab,Strawberry___Leaf_scorch,0.928310
plantwild/extracted/plantwild/images/apple scab/google_0074.jpg,Apple___Apple_scab,"Pepper,_bell___healthy",0.928497
plantwild/extracted/plantwild/images/apple scab/google_0075.jpg,Apple___Apple_scab,"Pepper,_bell___healthy",0.768933
plantwild/extracted/plantwild/images/apple scab/google_0078.jpg,Apple___Apple_scab,Grape___Esca_(Black_Measles),0.959759
plantwild/extracted/plantwild/images/apple scab/google_0080.jpg,Apple___Apple_scab,"Pepper,_bell___healthy",0.929136
plantwild/extracted/plantwild/images/apple scab/google_0082.jpg,Apple___Apple_scab,Strawberry___Leaf_scorch,0.910187
plantwild/extracted/plantwild/images/apple scab/google_0084.jpg,Apple___Apple_scab,"Pepper,_bell___healthy",0.917519
plantwild/extracted/plantwild/images/apple scab/google_0086.jpg,Apple___Apple_scab,"Pepper,_bell___healthy",0.768466
plantwild/extracted/plantwild/images/apple scab/google_0091.jpg,Apple___Apple_scab,Strawberry___Leaf_scorch,0.955230
plantwild/extracted/plantwild/images/apple scab/google_0092.jpg,Apple___Apple_scab,"Pepper,_bell___healthy",0.919472
plantwild/extracted/plantwild/images/apple scab/google_0093.jpg,Apple___Apple_scab,"Pepper,_bell___healthy",0.963226
plantwild/extracted/plantwild/images/apple scab/google_0095.jpg,Apple___Apple_scab,"Pepper,_bell___healthy",0.513304
plantwild/extracted/plantwild/images/apple scab/google_0097.jpg,Apple___Apple_scab,"Pepper,_bell___healthy",0.850976
plantwild/extracted/plantwild/images/apple scab/google_0098.jpg,Apple___Apple_scab,"Pepper,_bell___healthy",0.912981
plantwild/extracted/plantwild/images/apple scab/google_0099.jpg,Apple___Apple_scab,Apple___Apple_scab,0.931538
plantwild/extracted/plantwild/images/apple scab/google_0103.jpg,Apple___Apple_scab,Cherry___healthy,0.397258
plantwild/extracted/plantwild/images/apple scab/google_0104.jpg,Apple___Apple_scab,"Pepper,_bell___healthy",0.416349
plantwild/extracted/plantwild/images/apple scab/google_0105.jpg,Apple___Apple_scab,Strawberry___Leaf_scorch,0.866588
plantwild/extracted/plantwild/images/apple scab/google_0106.jpg,Apple___Apple_scab,"Pepper,_bell___healthy",0.952814
plantwild/extracted/plantwild/images/apple scab/google_0107.jpg,Apple___Apple_scab,Strawberry___Leaf_scorch,0.961670
plantwild/extracted/plantwild/images/apple scab/google_0108.jpg,Apple___Apple_scab,Strawberry___Leaf_scorch,0.673051
plantwild/extracted/plantwild/images/apple scab/google_0109.jpg,Apple___Apple_scab,Strawberry___Leaf_scorch,0.517208
plantwild/extracted/plantwild/images/apple scab/google_0110.jpg,Apple___Apple_scab,"Pepper,_bell___healthy",0.766652
plantwild/extracted/plantwild/images/apple scab/google_0111.jpg,Apple___Apple_scab,Strawberry___Leaf_scorch,0.935661
plantwild/extracted/plantwild/images/apple scab/google_0113.jpg,Apple___Apple_scab,"Pepper,_bell___healthy",0.955861
plantwild/extracted/plantwild/images/apple scab/google_0114.jpg,Apple___Apple_scab,"Pepper,_bell___healthy",0.801082
plantwild/extracted/plantwild/images/apple scab/google_0115.jpg,Apple___Apple_scab,Strawberry___Leaf_scorch,0.543192
plantwild/extracted/plantwild/images/apple scab/google_0117.jpg,Apple___Apple_scab,Strawberry___Leaf_scorch,0.390698
plantwild/extracted/plantwild/images/apple scab/google_0118.jpg,Apple___Apple_scab,"Pepper,_bell___healthy",0.895056
plantwild/extracted/plantwild/images/apple scab/google_0119.jpg,Apple___Apple_scab,Peach___Bacterial_spot,0.567665
plantwild/extracted/plantwild/images/apple scab/google_0121.jpg,Apple___Apple_scab,"Pepper,_bell___healthy",0.921870
plantwild/extracted/plantwild/images/apple scab/google_0122.jpg,Apple___Apple_scab,"Pepper,_bell___healthy",0.761903
plantwild/extracted/plantwild/images/apple scab/google_0123.jpg,Apple___Apple_scab,"Pepper,_bell___healthy",0.941154
plantwild/extracted/plantwild/images/apple scab/google_0124.jpg,Apple___Apple_scab,"Pepper,_bell___healthy",0.645399
plantwild/extracted/plantwild/images/apple scab/google_0125.jpg,Apple___Apple_scab,"Pepper,_bell___healthy",0.961706
plantwild/extracted/plantwild/images/apple scab/google_0129.jpg,Apple___Apple_scab,Cherry___healthy,0.303456
plantwild/extracted/plantwild/images/apple scab/google_0130.jpg,Apple___Apple_scab,"Pepper,_bell___healthy",0.904197
plantwild/extracted/plantwild/images/apple scab/google_0132.jpg,Apple___Apple_scab,Strawberry___Leaf_scorch,0.535473
plantwild/extracted/plantwild/images/apple scab/google_0133.jpg,Apple___Apple_scab,"Pepper,_bell___healthy",0.958586
plantwild/extracted/plantwild/images/apple scab/google_0134.jpg,Apple___Apple_scab,Grape___Black_rot,0.352341
plantwild/extracted/plantwild/images/apple scab/google_0135.jpg,Apple___Apple_scab,"Pepper,_bell___healthy",0.956195
plantwild/extracted/plantwild/images/apple scab/google_0136.jpg,Apple___Apple_scab,"Pepper,_bell___healthy",0.941323
plantwild/extracted/plantwild/images/apple scab/google_0137.jpg,Apple___Apple_scab,Cherry___healthy,0.324571
plantwild/extracted/plantwild/images/apple scab/google_0138.jpg,Apple___Apple_scab,Strawberry___Leaf_scorch,0.948364
plantwild/extracted/plantwild/images/apple scab/google_0139.jpg,Apple___Apple_scab,Apple___Apple_scab,0.831159
plantwild/extracted/plantwild/images/apple scab/google_0140.jpg,Apple___Apple_scab,"Pepper,_bell___healthy",0.655529
plantwild/extracted/plantwild/images/apple scab/google_0142.jpg,Apple___Apple_scab,"Pepper,_bell___healthy",0.742612
plantwild/extracted/plantwild/images/apple scab/google_0143.jpg,Apple___Apple_scab,Strawberry___Leaf_scorch,0.953266
plantwild/extracted/plantwild/images/apple scab/google_0144.jpg,Apple___Apple_scab,"Pepper,_bell___healthy",0.852973
plantwild/extracted/plantwild/images/apple scab/google_0146.jpg,Apple___Apple_scab,"Pepper,_bell___healthy",0.954660
plantwild/extracted/plantwild/images/apple scab/google_0147.jpg,Apple___Apple_scab,Strawberry___Leaf_scorch,0.508362
plantwild/extracted/plantwild/images/apple scab/google_0148.jpg,Apple___Apple_scab,"Pepper,_bell___healthy",0.720349
plantwild/extracted/plantwild/images/apple scab/google_0152.jpg,Apple___Apple_scab,Strawberry___Leaf_scorch,0.765872
plantwild/extracted/plantwild/images/apple scab/google_0153.jpg,Apple___Apple_scab,"Pepper,_bell___healthy",0.786346
plantwild/extracted/plantwild/images/apple scab/google_0154.jpg,Apple___Apple_scab,Cherry___healthy,0.447080
plantwild/extracted/plantwild/images/apple scab/google_0155.jpg,Apple___Apple_scab,"Pepper,_bell___healthy",0.877141
plantwild/extracted/plantwild/images/apple scab/google_0156.jpg,Apple___Apple_scab,Cherry___healthy,0.331905
plantwild/extracted/plantwild/images/apple scab/google_0157.jpg,Apple___Apple_scab,Strawberry___Leaf_scorch,0.702271
plantwild/extracted/plantwild/images/apple scab/google_0158.jpg,Apple___Apple_scab,Strawberry___Leaf_scorch,0.912680
plantwild/extracted/plantwild/images/apple scab/google_0163.jpg,Apple___Apple_scab,Corn___Northern_Leaf_Blight,0.560108
plantwild/extracted/plantwild/images/apple scab/google_0165.jpg,Apple___Apple_scab,"Pepper,_bell___healthy",0.960729
plantwild/extracted/plantwild/images/apple scab/google_0167.jpg,Apple___Apple_scab,Strawberry___Leaf_scorch,0.453066
plantwild/extracted/plantwild/images/apple scab/google_0168.jpg,Apple___Apple_scab,Cherry___healthy,0.863774
plantwild/extracted/plantwild/images/apple scab/google_0169.jpg,Apple___Apple_scab,Corn___Cercospora_leaf_spot Gray_leaf_spot,0.354191
plantwild/extracted/plantwild/images/apple scab/google_0174.jpg,Apple___Apple_scab,Strawberry___Leaf_scorch,0.928982
plantwild/extracted/plantwild/images/apple scab/google_0177.jpg,Apple___Apple_scab,"Pepper,_bell___healthy",0.508690
plantwild/extracted/plantwild/images/apple scab/google_0178.jpg,Apple___Apple_scab,Cherry___healthy,0.805791
plantwild/extracted/plantwild/images/apple scab/google_0183.jpg,Apple___Apple_scab,Strawberry___Leaf_scorch,0.961319
plantwild/extracted/plantwild/images/apple scab/google_0184.jpg,Apple___Apple_scab,"Pepper,_bell___healthy",0.455424
plantwild/extracted/plantwild/images/apple scab/google_0187.jpg,Apple___Apple_scab,Strawberry___Leaf_scorch,0.601328
plantwild/extracted/plantwild/images/apple scab/google_0188.jpg,Apple___Apple_scab,"Pepper,_bell___healthy",0.595772
plantwild/extracted/plantwild/images/apple scab/google_0189.jpg,Apple___Apple_scab,Tomato___Late_blight,0.338117
plantwild/extracted/plantwild/images/apple scab/google_0190.jpg,Apple___Apple_scab,Strawberry___Leaf_scorch,0.934208
plantwild/extracted/plantwild/images/apple scab/google_0191.jpg,Apple___Apple_scab,"Pepper,_bell___healthy",0.696779
plantwild/extracted/plantwild/images/apple scab/google_0192.jpg,Apple___Apple_scab,Strawberry___Leaf_scorch,0.509200
plantwild/extracted/plantwild/images/apple scab/google_0193.jpg,Apple___Apple_scab,"Pepper,_bell___healthy",0.926806
plantwild/extracted/plantwild/images/apple scab/google_0194.jpg,Apple___Apple_scab,"Pepper,_bell___healthy",0.928365
plantwild/extracted/plantwild/images/apple scab/google_0195.jpg,Apple___Apple_scab,Corn___healthy,0.364121
plantwild/extracted/plantwild/images/apple scab/google_0196.jpg,Apple___Apple_scab,Strawberry___Leaf_scorch,0.897714
plantwild/extracted/plantwild/images/apple scab/google_0199.jpg,Apple___Apple_scab,"Pepper,_bell___healthy",0.740696
plantwild/extracted/plantwild/images/apple scab/google_0200.jpg,Apple___Apple_scab,"Pepper,_bell___healthy",0.949753
plantwild/extracted/plantwild/images/apple scab/google_0201.jpg,Apple___Apple_scab,Strawberry___Leaf_scorch,0.657732
plantwild/extracted/plantwild/images/apple scab/google_0203.jpg,Apple___Apple_scab,Tomato___Early_blight,0.857059
plantwild/extracted/plantwild/images/apple scab/google_0204.jpg,Apple___Apple_scab,"Pepper,_bell___healthy",0.967695
plantwild/extracted/plantwild/images/apple scab/google_0205.jpg,Apple___Apple_scab,Cherry___healthy,0.765785
plantwild/extracted/plantwild/images/apple scab/google_0206.jpg,Apple___Apple_scab,"Pepper,_bell___healthy",0.539249
plantwild/extracted/plantwild/images/apple scab/google_0207.jpg,Apple___Apple_scab,Strawberry___Leaf_scorch,0.940069
plantwild/extracted/plantwild/images/apple scab/google_0208.jpg,Apple___Apple_scab,"Pepper,_bell___healthy",0.899620
plantwild/extracted/plantwild/images/apple scab/google_0209.jpg,Apple___Apple_scab,"Pepper,_bell___healthy",0.933411
plantwild/extracted/plantwild/images/apple scab/google_0210.jpg,Apple___Apple_scab,"Pepper,_bell___healthy",0.963607
plantwild/extracted/plantwild/images/apple scab/google_0212.jpg,Apple___Apple_scab,"Pepper,_bell___healthy",0.776435
plantwild/extracted/plantwild/images/apple scab/google_0216.jpg,Apple___Apple_scab,"Pepper,_bell___healthy",0.956316
plantwild/extracted/plantwild/images/apple scab/google_0218.jpg,Apple___Apple_scab,Cherry___healthy,0.500530
plantwild/extracted/plantwild/images/apple scab/google_0219.jpg,Apple___Apple_scab,Tomato___Early_blight,0.930267
plantwild/extracted/plantwild/images/apple scab/google_0222.jpg,Apple___Apple_scab,Strawberry___Leaf_scorch,0.315425
plantwild/extracted/plantwild/images/apple scab/google_0223.jpg,Apple___Apple_scab,"Pepper,_bell___healthy",0.585789
plantwild/extracted/plantwild/images/apple scab/google_0224.jpg,Apple___Apple_scab,Tomato___Early_blight,0.636291
plantwild/extracted/plantwild/images/apple scab/google_0226.jpg,Apple___Apple_scab,"Pepper,_bell___healthy",0.926967
plantwild/extracted/plantwild/images/apple scab/google_0230.jpg,Apple___Apple_scab,Tomato___Tomato_Yellow_Leaf_Curl_Virus,0.826526
plantwild/extracted/plantwild/images/apple scab/google_0232.jpg,Apple___Apple_scab,Strawberry___Leaf_scorch,0.524410
plantwild/extracted/plantwild/images/apple scab/google_0233.jpg,Apple___Apple_scab,"Pepper,_bell___healthy",0.955296
plantwild/extracted/plantwild/images/apple scab/google_0236.jpg,Apple___Apple_scab,"Pepper,_bell___healthy",0.237802
plantwild/extracted/plantwild/images/apple scab/google_0238.jpg,Apple___Apple_scab,Tomato___Septoria_leaf_spot,0.485303
plantwild/extracted/plantwild/images/apple scab/google_0240.jpg,Apple___Apple_scab,"Pepper,_bell___healthy",0.741576
plantwild/extracted/plantwild/images/apple scab/google_0244.jpg,Apple___Apple_scab,Corn___Cercospora_leaf_spot Gray_leaf_spot,0.449464
plantwild/extracted/plantwild/images/apple scab/google_0245.jpg,Apple___Apple_scab,"Pepper,_bell___healthy",0.700485
plantwild/extracted/plantwild/images/apple scab/google_0247.jpg,Apple___Apple_scab,"Pepper,_bell___healthy",0.853824
plantwild/extracted/plantwild/images/apple scab/google_0249.jpg,Apple___Apple_scab,"Pepper,_bell___healthy",0.505495
plantwild/extracted/plantwild/images/apple scab/google_0251.jpg,Apple___Apple_scab,Cherry___healthy,0.138755
plantwild/extracted/plantwild/images/apple scab/google_0253.jpg,Apple___Apple_scab,"Pepper,_bell___healthy",0.792630
plantwild/extracted/plantwild/images/apple scab/google_0254.jpg,Apple___Apple_scab,"Pepper,_bell___healthy",0.526458
plantwild/extracted/plantwild/images/apple scab/google_0256.jpg,Apple___Apple_scab,Strawberry___Leaf_scorch,0.690742
plantwild/extracted/plantwild/images/apple scab/google_0259.jpg,Apple___Apple_scab,"Pepper,_bell___healthy",0.957219
plantwild/extracted/plantwild/images/apple scab/google_0260.jpg,Apple___Apple_scab,"Pepper,_bell___healthy",0.685755
plantwild/extracted/plantwild/images/apple scab/google_0262.jpg,Apple___Apple_scab,"Pepper,_bell___healthy",0.597857
plantwild/extracted/plantwild/images/apple scab/google_0264.jpg,Apple___Apple_scab,Cherry___healthy,0.493562
plantwild/extracted/plantwild/images/apple scab/google_0268.jpg,Apple___Apple_scab,"Pepper,_bell___healthy",0.816126
plantwild/extracted/plantwild/images/apple scab/google_0270.jpg,Apple___Apple_scab,Tomato___Bacterial_spot,0.379997
plantwild/extracted/plantwild/images/apple scab/google_0272.jpg,Apple___Apple_scab,Grape___Leaf_blight_(Isariopsis_Leaf_Spot),0.845247
plantwild/extracted/plantwild/images/apple scab/google_0273.jpg,Apple___Apple_scab,"Pepper,_bell___healthy",0.963294
plantwild/extracted/plantwild/images/apple scab/google_0274.jpg,Apple___Apple_scab,"Pepper,_bell___healthy",0.853510
plantwild/extracted/plantwild/images/apple scab/google_0281.jpg,Apple___Apple_scab,"Pepper,_bell___healthy",0.225149
plantwild/extracted/plantwild/images/apple scab/google_0283.jpg,Apple___Apple_scab,"Pepper,_bell___healthy",0.615976
plantwild/extracted/plantwild/images/apple scab/google_0284.jpg,Apple___Apple_scab,"Pepper,_bell___healthy",0.606528
plantwild/extracted/plantwild/images/apple scab/google_0285.jpg,Apple___Apple_scab,Strawberry___Leaf_scorch,0.940596
plantwild/extracted/plantwild/images/apple scab/google_0287.jpg,Apple___Apple_scab,"Pepper,_bell___healthy",0.769904
plantwild/extracted/plantwild/images/apple scab/google_0288.jpg,Apple___Apple_scab,Strawberry___Leaf_scorch,0.495525
plantwild/extracted/plantwild/images/apple scab/google_0289.jpg,Apple___Apple_scab,Strawberry___Leaf_scorch,0.143186
plantwild/extracted/plantwild/images/apple scab/google_0291.jpg,Apple___Apple_scab,"Pepper,_bell___healthy",0.719813
plantwild/extracted/plantwild/images/apple scab/google_0294.jpg,Apple___Apple_scab,"Pepper,_bell___healthy",0.879937
plantwild/extracted/plantwild/images/apple scab/google_0295.jpg,Apple___Apple_scab,Apple___Apple_scab,0.929629
plantwild/extracted/plantwild/images/apple scab/google_0296.jpg,Apple___Apple_scab,"Pepper,_bell___healthy",0.765475
plantwild/extracted/plantwild/images/apple scab/google_0297.jpg,Apple___Apple_scab,"Pepper,_bell___healthy",0.951091
plantwild/extracted/plantwild/images/apple scab/google_0298.jpg,Apple___Apple_scab,"Pepper,_bell___healthy",0.826099
plantwild/extracted/plantwild/images/apple scab/google_0300.jpg,Apple___Apple_scab,"Pepper,_bell___Bacterial_spot",0.835824
plantwild/extracted/plantwild/images/apple scab/google_0301.jpg,Apple___Apple_scab,"Pepper,_bell___healthy",0.938785
plantwild/extracted/plantwild/images/apple scab/google_0302.jpg,Apple___Apple_scab,Strawberry___Leaf_scorch,0.371327
plantwild/extracted/plantwild/images/apple scab/google_0304.jpg,Apple___Apple_scab,Corn___Cercospora_leaf_spot Gray_leaf_spot,0.671856
plantwild/extracted/plantwild/images/apple scab/google_0305.jpg,Apple___Apple_scab,Peach___Bacterial_spot,0.573091
plantwild/extracted/plantwild/images/apple scab/google_0306.jpg,Apple___Apple_scab,"Pepper,_bell___healthy",0.431520
plantwild/extracted/plantwild/images/apple scab/google_0310.jpg,Apple___Apple_scab,"Pepper,_bell___healthy",0.630032
plantwild/extracted/plantwild/images/apple scab/google_0312.jpg,Apple___Apple_scab,Orange___Haunglongbing_(Citrus_greening),0.509928
plantwild/extracted/plantwild/images/apple scab/google_0315.jpg,Apple___Apple_scab,Corn___Common_rust,0.959455
plantwild/extracted/plantwild/images/apple scab/google_0316.jpg,Apple___Apple_scab,"Pepper,_bell___healthy",0.698537
plantwild/extracted/plantwild/images/apple scab/google_0317.jpg,Apple___Apple_scab,"Pepper,_bell___healthy",0.842974
plantwild/extracted/plantwild/images/apple scab/google_0318.jpg,Apple___Apple_scab,Tomato___Tomato_Yellow_Leaf_Curl_Virus,0.670392
plantwild/extracted/plantwild/images/apple scab/google_0319.jpg,Apple___Apple_scab,Strawberry___Leaf_scorch,0.556246
plantwild/extracted/plantwild/images/apple scab/google_0320.jpg,Apple___Apple_scab,Tomato___Tomato_Yellow_Leaf_Curl_Virus,0.532629
plantwild/extracted/plantwild/images/apple scab/google_0323.jpg,Apple___Apple_scab,"Pepper,_bell___healthy",0.869533
plantwild/extracted/plantwild/images/apple scab/google_0325.jpg,Apple___Apple_scab,"Pepper,_bell___healthy",0.943151
plantwild/extracted/plantwild/images/apple scab/google_0330.jpg,Apple___Apple_scab,"Pepper,_bell___healthy",0.952950
plantwild/extracted/plantwild/images/apple scab/google_0331.jpg,Apple___Apple_scab,"Pepper,_bell___healthy",0.191296
plantwild/extracted/plantwild/images/apple scab/google_0332.jpg,Apple___Apple_scab,Tomato___Early_blight,0.961391
plantwild/extracted/plantwild/images/apple scab/google_0333.jpg,Apple___Apple_scab,"Pepper,_bell___healthy",0.956337
plantwild/extracted/plantwild/images/apple scab/google_0334.jpg,Apple___Apple_scab,"Pepper,_bell___healthy",0.965309
plantwild/extracted/plantwild/images/bell pepper leaf/1.jpg,"Pepper,_bell___healthy",Tomato___Tomato_Yellow_Leaf_Curl_Virus,0.719349
plantwild/extracted/plantwild/images/bell pepper leaf/10.jpg,"Pepper,_bell___healthy","Pepper,_bell___healthy",0.495309
plantwild/extracted/plantwild/images/bell pepper leaf/101.jpg,"Pepper,_bell___healthy",Tomato___Tomato_Yellow_Leaf_Curl_Virus,0.959472
plantwild/extracted/plantwild/images/bell pepper leaf/105.jpg,"Pepper,_bell___healthy",Tomato___Tomato_Yellow_Leaf_Curl_Virus,0.479395
plantwild/extracted/plantwild/images/bell pepper leaf/108.jpg,"Pepper,_bell___healthy",Tomato___Tomato_Yellow_Leaf_Curl_Virus,0.876911
plantwild/extracted/plantwild/images/bell pepper leaf/109.jpg,"Pepper,_bell___healthy",Tomato___Tomato_Yellow_Leaf_Curl_Virus,0.387113
plantwild/extracted/plantwild/images/bell pepper leaf/11.jpg,"Pepper,_bell___healthy",Cherry___healthy,0.824907
plantwild/extracted/plantwild/images/bell pepper leaf/110.jpg,"Pepper,_bell___healthy","Pepper,_bell___healthy",0.963316
plantwild/extracted/plantwild/images/bell pepper leaf/12.jpg,"Pepper,_bell___healthy",Potato___healthy,0.370742
plantwild/extracted/plantwild/images/bell pepper leaf/123.jpg,"Pepper,_bell___healthy","Pepper,_bell___healthy",0.859814
plantwild/extracted/plantwild/images/bell pepper leaf/125.jpg,"Pepper,_bell___healthy",Cherry___healthy,0.819849
plantwild/extracted/plantwild/images/bell pepper leaf/13.jpg,"Pepper,_bell___healthy","Pepper,_bell___healthy",0.961117
plantwild/extracted/plantwild/images/bell pepper leaf/14.jpg,"Pepper,_bell___healthy","Pepper,_bell___healthy",0.497588
plantwild/extracted/plantwild/images/bell pepper leaf/143.jpg,"Pepper,_bell___healthy","Pepper,_bell___healthy",0.915439
plantwild/extracted/plantwild/images/bell pepper leaf/15.jpg,"Pepper,_bell___healthy","Pepper,_bell___healthy",0.679541
plantwild/extracted/plantwild/images/bell pepper leaf/152.jpg,"Pepper,_bell___healthy","Pepper,_bell___healthy",0.738913
plantwild/extracted/plantwild/images/bell pepper leaf/153.jpg,"Pepper,_bell___healthy",Tomato___Tomato_Yellow_Leaf_Curl_Virus,0.902677
plantwild/extracted/plantwild/images/bell pepper leaf/154.jpg,"Pepper,_bell___healthy",Strawberry___Leaf_scorch,0.518238
plantwild/extracted/plantwild/images/bell pepper leaf/155.jpg,"Pepper,_bell___healthy",Strawberry___Leaf_scorch,0.547270
plantwild/extracted/plantwild/images/bell pepper leaf/156.jpg,"Pepper,_bell___healthy","Pepper,_bell___healthy",0.410575
plantwild/extracted/plantwild/images/bell pepper leaf/157.jpg,"Pepper,_bell___healthy",Cherry___healthy,0.855770
plantwild/extracted/plantwild/images/bell pepper leaf/158.jpg,"Pepper,_bell___healthy","Pepper,_bell___Bacterial_spot",0.151237
plantwild/extracted/plantwild/images/bell pepper leaf/159.jpg,"Pepper,_bell___healthy","Pepper,_bell___healthy",0.566678
plantwild/extracted/plantwild/images/bell pepper leaf/16.jpg,"Pepper,_bell___healthy",Tomato___Tomato_Yellow_Leaf_Curl_Virus,0.559308
plantwild/extracted/plantwild/images/bell pepper leaf/160.jpg,"Pepper,_bell___healthy","Pepper,_bell___healthy",0.470343
plantwild/extracted/plantwild/images/bell pepper leaf/161.jpg,"Pepper,_bell___healthy","Pepper,_bell___healthy",0.901952
plantwild/extracted/plantwild/images/bell pepper leaf/162.jpg,"Pepper,_bell___healthy",Tomato___Tomato_Yellow_Leaf_Curl_Virus,0.883848
plantwild/extracted/plantwild/images/bell pepper leaf/163.jpg,"Pepper,_bell___healthy",Strawberry___Leaf_scorch,0.797076
plantwild/extracted/plantwild/images/bell pepper leaf/167.jpg,"Pepper,_bell___healthy","Pepper,_bell___healthy",0.504830
plantwild/extracted/plantwild/images/bell pepper leaf/168.jpg,"Pepper,_bell___healthy","Pepper,_bell___healthy",0.961944
plantwild/extracted/plantwild/images/bell pepper leaf/17.jpg,"Pepper,_bell___healthy","Pepper,_bell___healthy",0.966161
plantwild/extracted/plantwild/images/bell pepper leaf/170.jpg,"Pepper,_bell___healthy","Pepper,_bell___healthy",0.670547
plantwild/extracted/plantwild/images/bell pepper leaf/171.jpg,"Pepper,_bell___healthy","Pepper,_bell___healthy",0.847445
plantwild/extracted/plantwild/images/bell pepper leaf/173.jpg,"Pepper,_bell___healthy",Strawberry___Leaf_scorch,0.291419
plantwild/extracted/plantwild/images/bell pepper leaf/174.jpg,"Pepper,_bell___healthy","Pepper,_bell___healthy",0.319934
plantwild/extracted/plantwild/images/bell pepper leaf/175.jpg,"Pepper,_bell___healthy","Pepper,_bell___healthy",0.308310
plantwild/extracted/plantwild/images/bell pepper leaf/177.jpg,"Pepper,_bell___healthy",Strawberry___Leaf_scorch,0.382359
plantwild/extracted/plantwild/images/bell pepper leaf/179.jpg,"Pepper,_bell___healthy","Pepper,_bell___healthy",0.953414
plantwild/extracted/plantwild/images/bell pepper leaf/18.jpg,"Pepper,_bell___healthy","Pepper,_bell___healthy",0.883461
plantwild/extracted/plantwild/images/bell pepper leaf/180.jpg,"Pepper,_bell___healthy",Corn___healthy,0.946550
plantwild/extracted/plantwild/images/bell pepper leaf/185.jpg,"Pepper,_bell___healthy","Pepper,_bell___healthy",0.944990
plantwild/extracted/plantwild/images/bell pepper leaf/186.jpg,"Pepper,_bell___healthy","Pepper,_bell___healthy",0.925420
plantwild/extracted/plantwild/images/bell pepper leaf/189.jpg,"Pepper,_bell___healthy","Pepper,_bell___healthy",0.914351
plantwild/extracted/plantwild/images/bell pepper leaf/19.jpg,"Pepper,_bell___healthy","Pepper,_bell___healthy",0.965600
plantwild/extracted/plantwild/images/bell pepper leaf/190.jpg,"Pepper,_bell___healthy","Pepper,_bell___healthy",0.919686
plantwild/extracted/plantwild/images/bell pepper leaf/197.jpg,"Pepper,_bell___healthy","Pepper,_bell___healthy",0.949315
plantwild/extracted/plantwild/images/bell pepper leaf/198.jpg,"Pepper,_bell___healthy","Pepper,_bell___healthy",0.947916
plantwild/extracted/plantwild/images/bell pepper leaf/2.jpg,"Pepper,_bell___healthy","Pepper,_bell___healthy",0.686018
plantwild/extracted/plantwild/images/bell pepper leaf/20.jpg,"Pepper,_bell___healthy",Tomato___healthy,0.471752
plantwild/extracted/plantwild/images/bell pepper leaf/205.jpg,"Pepper,_bell___healthy","Pepper,_bell___healthy",0.736620
plantwild/extracted/plantwild/images/bell pepper leaf/206.jpg,"Pepper,_bell___healthy","Pepper,_bell___healthy",0.797041
plantwild/extracted/plantwild/images/bell pepper leaf/207.jpg,"Pepper,_bell___healthy",Tomato___healthy,0.466145
plantwild/extracted/plantwild/images/bell pepper leaf/208.jpg,"Pepper,_bell___healthy","Pepper,_bell___healthy",0.961691
plantwild/extracted/plantwild/images/bell pepper leaf/21.jpg,"Pepper,_bell___healthy","Pepper,_bell___healthy",0.769476
plantwild/extracted/plantwild/images/bell pepper leaf/210.jpg,"Pepper,_bell___healthy","Pepper,_bell___healthy",0.731142
plantwild/extracted/plantwild/images/bell pepper leaf/212.jpg,"Pepper,_bell___healthy","Pepper,_bell___healthy",0.693027
plantwild/extracted/plantwild/images/bell pepper leaf/213.jpg,"Pepper,_bell___healthy","Pepper,_bell___healthy",0.944422
plantwild/extracted/plantwild/images/bell pepper leaf/214.jpg,"Pepper,_bell___healthy","Pepper,_bell___healthy",0.958911
plantwild/extracted/plantwild/images/bell pepper leaf/216.jpg,"Pepper,_bell___healthy","Pepper,_bell___healthy",0.930585
plantwild/extracted/plantwild/images/bell pepper leaf/219.jpg,"Pepper,_bell___healthy","Pepper,_bell___healthy",0.909749
plantwild/extracted/plantwild/images/bell pepper leaf/22.jpg,"Pepper,_bell___healthy","Pepper,_bell___healthy",0.945562
plantwild/extracted/plantwild/images/bell pepper leaf/222.jpg,"Pepper,_bell___healthy","Pepper,_bell___healthy",0.344528
plantwild/extracted/plantwild/images/bell pepper leaf/227.jpg,"Pepper,_bell___healthy","Pepper,_bell___healthy",0.943956
plantwild/extracted/plantwild/images/bell pepper leaf/228.jpg,"Pepper,_bell___healthy","Pepper,_bell___healthy",0.917055
plantwild/extracted/plantwild/images/bell pepper leaf/23.jpg,"Pepper,_bell___healthy","Pepper,_bell___healthy",0.387092
plantwild/extracted/plantwild/images/bell pepper leaf/230.jpg,"Pepper,_bell___healthy","Pepper,_bell___healthy",0.968683
plantwild/extracted/plantwild/images/bell pepper leaf/233.jpg,"Pepper,_bell___healthy","Pepper,_bell___healthy",0.962984
plantwild/extracted/plantwild/images/bell pepper leaf/235.jpg,"Pepper,_bell___healthy","Pepper,_bell___healthy",0.603988
plantwild/extracted/plantwild/images/bell pepper leaf/237.jpg,"Pepper,_bell___healthy","Pepper,_bell___healthy",0.962277
plantwild/extracted/plantwild/images/bell pepper leaf/24.jpg,"Pepper,_bell___healthy","Pepper,_bell___healthy",0.956800
plantwild/extracted/plantwild/images/bell pepper leaf/241.jpg,"Pepper,_bell___healthy","Pepper,_bell___healthy",0.946625
plantwild/extracted/plantwild/images/bell pepper leaf/242.jpg,"Pepper,_bell___healthy","Pepper,_bell___healthy",0.872532
plantwild/extracted/plantwild/images/bell pepper leaf/243.jpg,"Pepper,_bell___healthy","Pepper,_bell___healthy",0.616429
plantwild/extracted/plantwild/images/bell pepper leaf/244.jpg,"Pepper,_bell___healthy","Pepper,_bell___healthy",0.951720
plantwild/extracted/plantwild/images/bell pepper leaf/245.jpg,"Pepper,_bell___healthy","Pepper,_bell___healthy",0.899860
plantwild/extracted/plantwild/images/bell pepper leaf/248.jpg,"Pepper,_bell___healthy","Pepper,_bell___healthy",0.952723
plantwild/extracted/plantwild/images/bell pepper leaf/25.jpg,"Pepper,_bell___healthy",Strawberry___Leaf_scorch,0.464885
plantwild/extracted/plantwild/images/bell pepper leaf/253.jpg,"Pepper,_bell___healthy","Pepper,_bell___healthy",0.970777
plantwild/extracted/plantwild/images/bell pepper leaf/257.jpg,"Pepper,_bell___healthy",Strawberry___Leaf_scorch,0.836276
plantwild/extracted/plantwild/images/bell pepper leaf/258.jpg,"Pepper,_bell___healthy","Pepper,_bell___healthy",0.928153
plantwild/extracted/plantwild/images/bell pepper leaf/259.jpg,"Pepper,_bell___healthy",Tomato___Tomato_Yellow_Leaf_Curl_Virus,0.351116
plantwild/extracted/plantwild/images/bell pepper leaf/26.jpg,"Pepper,_bell___healthy","Pepper,_bell___healthy",0.909151
plantwild/extracted/plantwild/images/bell pepper leaf/260.jpg,"Pepper,_bell___healthy","Pepper,_bell___healthy",0.856097
plantwild/extracted/plantwild/images/bell pepper leaf/262.jpg,"Pepper,_bell___healthy","Pepper,_bell___healthy",0.941461
plantwild/extracted/plantwild/images/bell pepper leaf/266.jpg,"Pepper,_bell___healthy","Pepper,_bell___healthy",0.848416
plantwild/extracted/plantwild/images/bell pepper leaf/267.jpg,"Pepper,_bell___healthy",Tomato___Tomato_Yellow_Leaf_Curl_Virus,0.957710
plantwild/extracted/plantwild/images/bell pepper leaf/27.jpg,"Pepper,_bell___healthy","Pepper,_bell___healthy",0.575940
plantwild/extracted/plantwild/images/bell pepper leaf/271.jpg,"Pepper,_bell___healthy",Strawberry___Leaf_scorch,0.804215
plantwild/extracted/plantwild/images/bell pepper leaf/272.jpg,"Pepper,_bell___healthy",Strawberry___Leaf_scorch,0.462664
plantwild/extracted/plantwild/images/bell pepper leaf/273.jpg,"Pepper,_bell___healthy","Pepper,_bell___healthy",0.943352
plantwild/extracted/plantwild/images/bell pepper leaf/275.jpg,"Pepper,_bell___healthy","Pepper,_bell___healthy",0.556843
plantwild/extracted/plantwild/images/bell pepper leaf/277.jpg,"Pepper,_bell___healthy","Pepper,_bell___healthy",0.372829
plantwild/extracted/plantwild/images/bell pepper leaf/278.jpg,"Pepper,_bell___healthy","Pepper,_bell___healthy",0.965537
plantwild/extracted/plantwild/images/bell pepper leaf/29.jpg,"Pepper,_bell___healthy","Pepper,_bell___healthy",0.745877
plantwild/extracted/plantwild/images/bell pepper leaf/3.jpg,"Pepper,_bell___healthy","Pepper,_bell___healthy",0.926673
plantwild/extracted/plantwild/images/bell pepper leaf/31.jpg,"Pepper,_bell___healthy","Pepper,_bell___healthy",0.652369
plantwild/extracted/plantwild/images/bell pepper leaf/32.jpg,"Pepper,_bell___healthy","Pepper,_bell___healthy",0.876633
plantwild/extracted/plantwild/images/bell pepper leaf/33.jpg,"Pepper,_bell___healthy","Pepper,_bell___healthy",0.714101
plantwild/extracted/plantwild/images/bell pepper leaf/34.jpg,"Pepper,_bell___healthy","Pepper,_bell___healthy",0.924362
plantwild/extracted/plantwild/images/bell pepper leaf/35.jpg,"Pepper,_bell___healthy","Pepper,_bell___healthy",0.687806
plantwild/extracted/plantwild/images/bell pepper leaf/36.jpg,"Pepper,_bell___healthy","Pepper,_bell___healthy",0.740149
plantwild/extracted/plantwild/images/bell pepper leaf/37.jpg,"Pepper,_bell___healthy","Pepper,_bell___healthy",0.587946
plantwild/extracted/plantwild/images/bell pepper leaf/38.jpg,"Pepper,_bell___healthy","Pepper,_bell___healthy",0.667765
plantwild/extracted/plantwild/images/bell pepper leaf/39.jpg,"Pepper,_bell___healthy",Cherry___healthy,0.775473
plantwild/extracted/plantwild/images/bell pepper leaf/4.jpg,"Pepper,_bell___healthy",Cherry___healthy,0.872661
plantwild/extracted/plantwild/images/bell pepper leaf/40 - Copy (2).jpg,"Pepper,_bell___healthy","Pepper,_bell___healthy",0.502722
plantwild/extracted/plantwild/images/bell pepper leaf/40 - Copy (3).jpg,"Pepper,_bell___healthy",Cherry___healthy,0.341331
plantwild/extracted/plantwild/images/bell pepper leaf/40 - Copy.jpg,"Pepper,_bell___healthy",Strawberry___Leaf_scorch,0.644418
plantwild/extracted/plantwild/images/bell pepper leaf/40.jpg,"Pepper,_bell___healthy",Strawberry___Leaf_scorch,0.362729
plantwild/extracted/plantwild/images/bell pepper leaf/41.jpg,"Pepper,_bell___healthy","Pepper,_bell___healthy",0.799653
plantwild/extracted/plantwild/images/bell pepper leaf/42.jpg,"Pepper,_bell___healthy","Pepper,_bell___healthy",0.557236
plantwild/extracted/plantwild/images/bell pepper leaf/44.jpg,"Pepper,_bell___healthy",Apple___Black_rot,0.206521
plantwild/extracted/plantwild/images/bell pepper leaf/45.jpg,"Pepper,_bell___healthy","Pepper,_bell___healthy",0.939097
plantwild/extracted/plantwild/images/bell pepper leaf/46.jpg,"Pepper,_bell___healthy",Strawberry___Leaf_scorch,0.626377
plantwild/extracted/plantwild/images/bell pepper leaf/47.jpg,"Pepper,_bell___healthy",Strawberry___Leaf_scorch,0.599494
plantwild/extracted/plantwild/images/bell pepper leaf/49.jpg,"Pepper,_bell___healthy","Pepper,_bell___healthy",0.956225
plantwild/extracted/plantwild/images/bell pepper leaf/5.jpg,"Pepper,_bell___healthy","Pepper,_bell___healthy",0.952558
plantwild/extracted/plantwild/images/bell pepper leaf/50.jpg,"Pepper,_bell___healthy",Tomato___healthy,0.652398
plantwild/extracted/plantwild/images/bell pepper leaf/51.jpg,"Pepper,_bell___healthy","Pepper,_bell___healthy",0.462798
plantwild/extracted/plantwild/images/bell pepper leaf/52.jpg,"Pepper,_bell___healthy",Tomato___healthy,0.564107
plantwild/extracted/plantwild/images/bell pepper leaf/53.jpg,"Pepper,_bell___healthy","Pepper,_bell___healthy",0.560980
plantwild/extracted/plantwild/images/bell pepper leaf/54.jpg,"Pepper,_bell___healthy",Tomato___healthy,0.627868
plantwild/extracted/plantwild/images/bell pepper leaf/56.jpg,"Pepper,_bell___healthy",Tomato___healthy,0.470446
plantwild/extracted/plantwild/images/bell pepper leaf/58.jpg,"Pepper,_bell___healthy","Pepper,_bell___healthy",0.531387
plantwild/extracted/plantwild/images/bell pepper leaf/6.jpg,"Pepper,_bell___healthy","Pepper,_bell___healthy",0.767305
plantwild/extracted/plantwild/images/bell pepper leaf/60.jpg,"Pepper,_bell___healthy",Tomato___Tomato_Yellow_Leaf_Curl_Virus,0.817073
plantwild/extracted/plantwild/images/bell pepper leaf/61.jpg,"Pepper,_bell___healthy","Pepper,_bell___healthy",0.561057
plantwild/extracted/plantwild/images/bell pepper leaf/63.jpg,"Pepper,_bell___healthy",Blueberry___healthy,0.454535
plantwild/extracted/plantwild/images/bell pepper leaf/65.jpg,"Pepper,_bell___healthy","Pepper,_bell___healthy",0.447027
plantwild/extracted/plantwild/images/bell pepper leaf/66.jpg,"Pepper,_bell___healthy","Pepper,_bell___healthy",0.925536
plantwild/extracted/plantwild/images/bell pepper leaf/68.jpg,"Pepper,_bell___healthy","Pepper,_bell___healthy",0.946149
plantwild/extracted/plantwild/images/bell pepper leaf/69.jpg,"Pepper,_bell___healthy","Pepper,_bell___healthy",0.677474
plantwild/extracted/plantwild/images/bell pepper leaf/7.jpg,"Pepper,_bell___healthy","Pepper,_bell___healthy",0.883616
plantwild/extracted/plantwild/images/bell pepper leaf/70 - Copy (2).jpg,"Pepper,_bell___healthy",Tomato___Late_blight,0.953082
plantwild/extracted/plantwild/images/bell pepper leaf/70 - Copy (3).jpg,"Pepper,_bell___healthy",Tomato___Late_blight,0.839911
plantwild/extracted/plantwild/images/bell pepper leaf/70 - Copy.jpg,"Pepper,_bell___healthy",Tomato___Late_blight,0.300560
plantwild/extracted/plantwild/images/bell pepper leaf/70.jpg,"Pepper,_bell___healthy",Tomato___Late_blight,0.947535
plantwild/extracted/plantwild/images/bell pepper leaf/72.jpg,"Pepper,_bell___healthy","Pepper,_bell___healthy",0.966758
plantwild/extracted/plantwild/images/bell pepper leaf/73.jpg,"Pepper,_bell___healthy","Pepper,_bell___healthy",0.911004
plantwild/extracted/plantwild/images/bell pepper leaf/75.jpg,"Pepper,_bell___healthy",Tomato___healthy,0.520215
plantwild/extracted/plantwild/images/bell pepper leaf/78.jpg,"Pepper,_bell___healthy","Pepper,_bell___healthy",0.754145
plantwild/extracted/plantwild/images/bell pepper leaf/79.jpg,"Pepper,_bell___healthy",Cherry___healthy,0.889092
plantwild/extracted/plantwild/images/bell pepper leaf/8.jpg,"Pepper,_bell___healthy","Pepper,_bell___healthy",0.502811
plantwild/extracted/plantwild/images/bell pepper leaf/81.jpg,"Pepper,_bell___healthy","Pepper,_bell___healthy",0.533675
plantwild/extracted/plantwild/images/bell pepper leaf/82.jpg,"Pepper,_bell___healthy","Pepper,_bell___healthy",0.707641
plantwild/extracted/plantwild/images/bell pepper leaf/83.jpg,"Pepper,_bell___healthy","Pepper,_bell___healthy",0.785289
plantwild/extracted/plantwild/images/bell pepper leaf/84.jpg,"Pepper,_bell___healthy","Pepper,_bell___healthy",0.818182
plantwild/extracted/plantwild/images/bell pepper leaf/85.jpg,"Pepper,_bell___healthy","Pepper,_bell___healthy",0.942700
plantwild/extracted/plantwild/images/bell pepper leaf/9.jpg,"Pepper,_bell___healthy","Pepper,_bell___healthy",0.958989
plantwild/extracted/plantwild/images/bell pepper leaf/90.jpg,"Pepper,_bell___healthy",Tomato___Tomato_Yellow_Leaf_Curl_Virus,0.948485
plantwild/extracted/plantwild/images/bell pepper leaf/91.jpg,"Pepper,_bell___healthy","Pepper,_bell___healthy",0.963083
plantwild/extracted/plantwild/images/bell pepper leaf/93.jpg,"Pepper,_bell___healthy",Tomato___Tomato_Yellow_Leaf_Curl_Virus,0.378711
plantwild/extracted/plantwild/images/bell pepper leaf/96.jpg,"Pepper,_bell___healthy","Pepper,_bell___healthy",0.966374
plantwild/extracted/plantwild/images/bell pepper leaf/97.jpg,"Pepper,_bell___healthy",Tomato___Tomato_Yellow_Leaf_Curl_Virus,0.473216
plantwild/extracted/plantwild/images/bell pepper leaf/99.jpg,"Pepper,_bell___healthy","Pepper,_bell___healthy",0.827949
plantwild/extracted/plantwild/images/bell pepper leaf/google_0000.jpg,"Pepper,_bell___healthy",Blueberry___healthy,0.271623
plantwild/extracted/plantwild/images/bell pepper leaf/google_0001.jpg,"Pepper,_bell___healthy","Pepper,_bell___healthy",0.820915
plantwild/extracted/plantwild/images/bell pepper leaf/google_0002.jpg,"Pepper,_bell___healthy",Strawberry___Leaf_scorch,0.541798
plantwild/extracted/plantwild/images/bell pepper leaf/google_0003.jpg,"Pepper,_bell___healthy","Pepper,_bell___healthy",0.472705
plantwild/extracted/plantwild/images/bell pepper leaf/google_0004.jpg,"Pepper,_bell___healthy","Pepper,_bell___healthy",0.623768
plantwild/extracted/plantwild/images/bell pepper leaf/google_0006.jpg,"Pepper,_bell___healthy","Pepper,_bell___healthy",0.968693
plantwild/extracted/plantwild/images/bell pepper leaf/google_0007.jpg,"Pepper,_bell___healthy","Pepper,_bell___healthy",0.970725
plantwild/extracted/plantwild/images/bell pepper leaf/google_0012.jpg,"Pepper,_bell___healthy","Pepper,_bell___healthy",0.966643
plantwild/extracted/plantwild/images/bell pepper leaf/google_0013.jpg,"Pepper,_bell___healthy","Pepper,_bell___healthy",0.965020
plantwild/extracted/plantwild/images/bell pepper leaf/google_0014.jpg,"Pepper,_bell___healthy","Pepper,_bell___healthy",0.914572
plantwild/extracted/plantwild/images/bell pepper leaf/google_0015.jpg,"Pepper,_bell___healthy","Pepper,_bell___healthy",0.965367
plantwild/extracted/plantwild/images/bell pepper leaf/google_0016.jpg,"Pepper,_bell___healthy","Pepper,_bell___healthy",0.960271
plantwild/extracted/plantwild/images/bell pepper leaf/google_0017.jpg,"Pepper,_bell___healthy",Tomato___Tomato_Yellow_Leaf_Curl_Virus,0.427873
plantwild/extracted/plantwild/images/bell pepper leaf/google_0024.jpg,"Pepper,_bell___healthy",Strawberry___Leaf_scorch,0.959207
plantwild/extracted/plantwild/images/bell pepper leaf/google_0026.jpg,"Pepper,_bell___healthy","Pepper,_bell___healthy",0.309083
plantwild/extracted/plantwild/images/bell pepper leaf/google_0027.jpg,"Pepper,_bell___healthy","Pepper,_bell___healthy",0.521493
plantwild/extracted/plantwild/images/bell pepper leaf/google_0032.jpg,"Pepper,_bell___healthy","Pepper,_bell___healthy",0.965830
plantwild/extracted/plantwild/images/bell pepper leaf/google_0044.jpg,"Pepper,_bell___healthy","Pepper,_bell___healthy",0.971280
plantwild/extracted/plantwild/images/bell pepper leaf/google_0053.jpg,"Pepper,_bell___healthy","Pepper,_bell___healthy",0.965965
plantwild/extracted/plantwild/images/bell pepper leaf/google_0055.jpg,"Pepper,_bell___healthy","Pepper,_bell___healthy",0.934727
plantwild/extracted/plantwild/images/bell pepper leaf/google_0057.jpg,"Pepper,_bell___healthy","Pepper,_bell___healthy",0.853376
plantwild/extracted/plantwild/images/bell pepper leaf/google_0059.jpg,"Pepper,_bell___healthy","Pepper,_bell___healthy",0.446736
plantwild/extracted/plantwild/images/bell pepper leaf/google_0064.jpg,"Pepper,_bell___healthy","Pepper,_bell___healthy",0.942448
plantwild/extracted/plantwild/images/bell pepper leaf/google_0066.jpg,"Pepper,_bell___healthy","Pepper,_bell___healthy",0.962408
plantwild/extracted/plantwild/images/bell pepper leaf/google_0067.jpg,"Pepper,_bell___healthy","Pepper,_bell___healthy",0.959213
plantwild/extracted/plantwild/images/bell pepper leaf/google_0068.jpg,"Pepper,_bell___healthy",Corn___healthy,0.592890
plantwild/extracted/plantwild/images/bell pepper leaf/google_0070.jpg,"Pepper,_bell___healthy","Pepper,_bell___healthy",0.745238
plantwild/extracted/plantwild/images/bell pepper leaf/google_0072.jpg,"Pepper,_bell___healthy","Pepper,_bell___healthy",0.674854
plantwild/extracted/plantwild/images/bell pepper leaf/google_0075.jpg,"Pepper,_bell___healthy","Pepper,_bell___healthy",0.692387
plantwild/extracted/plantwild/images/bell pepper leaf/google_0081.jpg,"Pepper,_bell___healthy","Pepper,_bell___healthy",0.866125
plantwild/extracted/plantwild/images/bell pepper leaf/google_0083.jpg,"Pepper,_bell___healthy",Tomato___Tomato_Yellow_Leaf_Curl_Virus,0.934509
plantwild/extracted/plantwild/images/bell pepper leaf/google_0084.jpg,"Pepper,_bell___healthy","Pepper,_bell___healthy",0.945836
plantwild/extracted/plantwild/images/bell pepper leaf/google_0085.jpg,"Pepper,_bell___healthy",Cherry___healthy,0.355885
plantwild/extracted/plantwild/images/bell pepper leaf/google_0088.jpg,"Pepper,_bell___healthy","Pepper,_bell___healthy",0.950736
plantwild/extracted/plantwild/images/bell pepper leaf/google_0091.jpg,"Pepper,_bell___healthy","Pepper,_bell___healthy",0.970576
plantwild/extracted/plantwild/images/bell pepper leaf/google_0094.jpg,"Pepper,_bell___healthy","Pepper,_bell___healthy",0.791632
plantwild/extracted/plantwild/images/bell pepper leaf/google_0096.jpg,"Pepper,_bell___healthy","Pepper,_bell___healthy",0.682127
plantwild/extracted/plantwild/images/bell pepper leaf/google_0097.jpg,"Pepper,_bell___healthy","Pepper,_bell___healthy",0.959976
plantwild/extracted/plantwild/images/bell pepper leaf/google_0098.jpg,"Pepper,_bell___healthy",Tomato___Tomato_Yellow_Leaf_Curl_Virus,0.418425
plantwild/extracted/plantwild/images/bell pepper leaf/google_0099.jpg,"Pepper,_bell___healthy","Pepper,_bell___healthy",0.824240
plantwild/extracted/plantwild/images/bell pepper leaf/google_0101.jpg,"Pepper,_bell___healthy","Pepper,_bell___healthy",0.974489
plantwild/extracted/plantwild/images/bell pepper leaf/google_0102.jpg,"Pepper,_bell___healthy","Pepper,_bell___healthy",0.952400
plantwild/extracted/plantwild/images/bell pepper leaf/google_0104.jpg,"Pepper,_bell___healthy",Strawberry___Leaf_scorch,0.928908
plantwild/extracted/plantwild/images/bell pepper leaf/google_0105.jpg,"Pepper,_bell___healthy","Pepper,_bell___healthy",0.876248
plantwild/extracted/plantwild/images/bell pepper leaf/google_0108.jpg,"Pepper,_bell___healthy","Pepper,_bell___healthy",0.890544
plantwild/extracted/plantwild/images/bell pepper leaf/google_0110.jpg,"Pepper,_bell___healthy","Pepper,_bell___healthy",0.888085
plantwild/extracted/plantwild/images/bell pepper leaf/google_0112.jpg,"Pepper,_bell___healthy",Tomato___Tomato_Yellow_Leaf_Curl_Virus,0.334925
plantwild/extracted/plantwild/images/bell pepper leaf/google_0115.jpg,"Pepper,_bell___healthy",Corn___healthy,0.959036
plantwild/extracted/plantwild/images/bell pepper leaf/google_0117.jpg,"Pepper,_bell___healthy",Strawberry___Leaf_scorch,0.948796
plantwild/extracted/plantwild/images/bell pepper leaf/google_0119.jpg,"Pepper,_bell___healthy",Strawberry___Leaf_scorch,0.944018
plantwild/extracted/plantwild/images/bell pepper leaf/google_0131.jpg,"Pepper,_bell___healthy","Pepper,_bell___healthy",0.927760
plantwild/extracted/plantwild/images/bell pepper leaf/google_0133.jpg,"Pepper,_bell___healthy","Pepper,_bell___healthy",0.875156
plantwild/extracted/plantwild/images/bell pepper leaf/google_0135.jpg,"Pepper,_bell___healthy","Pepper,_bell___healthy",0.949779
plantwild/extracted/plantwild/images/bell pepper leaf/google_0140.jpg,"Pepper,_bell___healthy","Pepper,_bell___healthy",0.906749
plantwild/extracted/plantwild/images/bell pepper leaf/google_0141.jpg,"Pepper,_bell___healthy","Pepper,_bell___healthy",0.960874
plantwild/extracted/plantwild/images/bell pepper leaf/google_0156.jpg,"Pepper,_bell___healthy","Pepper,_bell___healthy",0.818770
plantwild/extracted/plantwild/images/bell pepper leaf/google_0157.jpg,"Pepper,_bell___healthy",Cherry___healthy,0.546268
plantwild/extracted/plantwild/images/bell pepper leaf/google_0159.jpg,"Pepper,_bell___healthy","Pepper,_bell___healthy",0.966061
plantwild/extracted/plantwild/images/bell pepper leaf/google_0161.jpg,"Pepper,_bell___healthy",Strawberry___Leaf_scorch,0.701580
plantwild/extracted/plantwild/images/bell pepper leaf/google_0172.jpg,"Pepper,_bell___healthy","Pepper,_bell___healthy",0.963588
plantwild/extracted/plantwild/images/bell pepper leaf/google_0174.jpg,"Pepper,_bell___healthy","Pepper,_bell___healthy",0.964730
plantwild/extracted/plantwild/images/bell pepper leaf/google_0177.jpg,"Pepper,_bell___healthy","Pepper,_bell___healthy",0.961579
plantwild/extracted/plantwild/images/bell pepper leaf/google_0186.jpg,"Pepper,_bell___healthy","Pepper,_bell___healthy",0.943185
plantwild/extracted/plantwild/images/bell pepper leaf/google_0187.jpg,"Pepper,_bell___healthy",Blueberry___healthy,0.766651
plantwild/extracted/plantwild/images/bell pepper leaf/google_0192.jpg,"Pepper,_bell___healthy","Pepper,_bell___healthy",0.701134
plantwild/extracted/plantwild/images/bell pepper leaf/google_0195.jpg,"Pepper,_bell___healthy","Pepper,_bell___healthy",0.948678
plantwild/extracted/plantwild/images/bell pepper leaf/google_0198.jpg,"Pepper,_bell___healthy","Pepper,_bell___healthy",0.788955
plantwild/extracted/plantwild/images/bell pepper leaf/google_0201.jpg,"Pepper,_bell___healthy","Pepper,_bell___healthy",0.943618
plantwild/extracted/plantwild/images/bell pepper leaf/google_0208.jpg,"Pepper,_bell___healthy","Pepper,_bell___healthy",0.972223
plantwild/extracted/plantwild/images/bell pepper leaf/google_0210.jpg,"Pepper,_bell___healthy","Pepper,_bell___healthy",0.912982
plantwild/extracted/plantwild/images/bell pepper leaf/google_0212.jpg,"Pepper,_bell___healthy","Pepper,_bell___healthy",0.969827
plantwild/extracted/plantwild/images/bell pepper leaf/google_0213.jpg,"Pepper,_bell___healthy","Pepper,_bell___healthy",0.447443
plantwild/extracted/plantwild/images/bell pepper leaf/google_0214.jpg,"Pepper,_bell___healthy","Pepper,_bell___healthy",0.893078
plantwild/extracted/plantwild/images/bell pepper leaf/google_0229.jpg,"Pepper,_bell___healthy","Pepper,_bell___healthy",0.944127
plantwild/extracted/plantwild/images/bell pepper leaf/google_0231.jpg,"Pepper,_bell___healthy",Strawberry___Leaf_scorch,0.324933
plantwild/extracted/plantwild/images/bell pepper leaf/google_0237.jpg,"Pepper,_bell___healthy",Cherry___healthy,0.597093
plantwild/extracted/plantwild/images/bell pepper leaf/google_0243.jpg,"Pepper,_bell___healthy","Pepper,_bell___healthy",0.945065
plantwild/extracted/plantwild/images/bell pepper leaf/google_0251.jpg,"Pepper,_bell___healthy",Strawberry___Leaf_scorch,0.452751
plantwild/extracted/plantwild/images/bell pepper leaf/google_0253.jpg,"Pepper,_bell___healthy","Pepper,_bell___healthy",0.883382
plantwild/extracted/plantwild/images/bell pepper leaf/google_0260.jpg,"Pepper,_bell___healthy",Tomato___healthy,0.381308
plantwild/extracted/plantwild/images/bell pepper leaf/google_0264.jpg,"Pepper,_bell___healthy","Pepper,_bell___healthy",0.516451
plantwild/extracted/plantwild/images/bell pepper leaf/google_0265.jpg,"Pepper,_bell___healthy",Strawberry___Leaf_scorch,0.789743
plantwild/extracted/plantwild/images/bell pepper leaf/google_0267.jpg,"Pepper,_bell___healthy",Tomato___Early_blight,0.453034
plantwild/extracted/plantwild/images/bell pepper leaf/google_0273.jpg,"Pepper,_bell___healthy","Pepper,_bell___healthy",0.965684
plantwild/extracted/plantwild/images/bell pepper leaf/google_0275.jpg,"Pepper,_bell___healthy","Pepper,_bell___healthy",0.917662
plantwild/extracted/plantwild/images/bell pepper leaf spot/1.jpg,"Pepper,_bell___Bacterial_spot","Pepper,_bell___healthy",0.940543
plantwild/extracted/plantwild/images/bell pepper leaf spot/10.jpg,"Pepper,_bell___Bacterial_spot","Pepper,_bell___healthy",0.954755
plantwild/extracted/plantwild/images/bell pepper leaf spot/11.jpg,"Pepper,_bell___Bacterial_spot",Corn___Common_rust,0.721889
plantwild/extracted/plantwild/images/bell pepper leaf spot/12.jpg,"Pepper,_bell___Bacterial_spot",Blueberry___healthy,0.454535
plantwild/extracted/plantwild/images/bell pepper leaf spot/13.jpg,"Pepper,_bell___Bacterial_spot",Tomato___Late_blight,0.798392
plantwild/extracted/plantwild/images/bell pepper leaf spot/16.jpg,"Pepper,_bell___Bacterial_spot","Pepper,_bell___healthy",0.893063
plantwild/extracted/plantwild/images/bell pepper leaf spot/17.jpg,"Pepper,_bell___Bacterial_spot","Pepper,_bell___healthy",0.831526
plantwild/extracted/plantwild/images/bell pepper leaf spot/18.jpg,"Pepper,_bell___Bacterial_spot",Cherry___healthy,0.745452
plantwild/extracted/plantwild/images/bell pepper leaf spot/19.jpg,"Pepper,_bell___Bacterial_spot","Pepper,_bell___healthy",0.916051
plantwild/extracted/plantwild/images/bell pepper leaf spot/2.jpg,"Pepper,_bell___Bacterial_spot","Pepper,_bell___healthy",0.972665
plantwild/extracted/plantwild/images/bell pepper leaf spot/20.jpg,"Pepper,_bell___Bacterial_spot",Strawberry___Leaf_scorch,0.937048
plantwild/extracted/plantwild/images/bell pepper leaf spot/21.jpg,"Pepper,_bell___Bacterial_spot","Pepper,_bell___Bacterial_spot",0.621892
plantwild/extracted/plantwild/images/bell pepper leaf spot/22.jpg,"Pepper,_bell___Bacterial_spot","Pepper,_bell___healthy",0.348151
plantwild/extracted/plantwild/images/bell pepper leaf spot/29 - Copy (2).jpg,"Pepper,_bell___Bacterial_spot","Pepper,_bell___healthy",0.545834
plantwild/extracted/plantwild/images/bell pepper leaf spot/29 - Copy (3).jpg,"Pepper,_bell___Bacterial_spot",Corn___Cercospora_leaf_spot Gray_leaf_spot,0.644058
plantwild/extracted/plantwild/images/bell pepper leaf spot/3.jpg,"Pepper,_bell___Bacterial_spot","Pepper,_bell___healthy",0.704656
plantwild/extracted/plantwild/images/bell pepper leaf spot/33.jpg,"Pepper,_bell___Bacterial_spot","Pepper,_bell___healthy",0.922819
plantwild/extracted/plantwild/images/bell pepper leaf spot/37.jpg,"Pepper,_bell___Bacterial_spot","Pepper,_bell___healthy",0.405795
plantwild/extracted/plantwild/images/bell pepper leaf spot/39.jpg,"Pepper,_bell___Bacterial_spot",Cherry___healthy,0.331129
plantwild/extracted/plantwild/images/bell pepper leaf spot/4.jpg,"Pepper,_bell___Bacterial_spot",Cherry___healthy,0.507202
plantwild/extracted/plantwild/images/bell pepper leaf spot/41.jpg,"Pepper,_bell___Bacterial_spot",Cherry___healthy,0.902542
plantwild/extracted/plantwild/images/bell pepper leaf spot/44 - Copy (2).jpg,"Pepper,_bell___Bacterial_spot","Pepper,_bell___Bacterial_spot",0.963291
plantwild/extracted/plantwild/images/bell pepper leaf spot/44 - Copy.jpg,"Pepper,_bell___Bacterial_spot",Corn___healthy,0.626114
plantwild/extracted/plantwild/images/bell pepper leaf spot/44.jpg,"Pepper,_bell___Bacterial_spot",Corn___healthy,0.517381
plantwild/extracted/plantwild/images/bell pepper leaf spot/5.jpg,"Pepper,_bell___Bacterial_spot",Cherry___healthy,0.720953
plantwild/extracted/plantwild/images/bell pepper leaf spot/51.jpg,"Pepper,_bell___Bacterial_spot","Pepper,_bell___healthy",0.689662
plantwild/extracted/plantwild/images/bell pepper leaf spot/7.jpg,"Pepper,_bell___Bacterial_spot","Pepper,_bell___healthy",0.907279
plantwild/extracted/plantwild/images/bell pepper leaf spot/8.jpg,"Pepper,_bell___Bacterial_spot",Strawberry___Leaf_scorch,0.967593
plantwild/extracted/plantwild/images/bell pepper leaf spot/google_0000.jpg,"Pepper,_bell___Bacterial_spot","Pepper,_bell___healthy",0.934932
plantwild/extracted/plantwild/images/bell pepper leaf spot/google_0001.jpg,"Pepper,_bell___Bacterial_spot",Strawberry___Leaf_scorch,0.937640
plantwild/extracted/plantwild/images/bell pepper leaf spot/google_0003.jpg,"Pepper,_bell___Bacterial_spot","Pepper,_bell___healthy",0.938313
plantwild/extracted/plantwild/images/bell pepper leaf spot/google_0004.jpg,"Pepper,_bell___Bacterial_spot","Pepper,_bell___Bacterial_spot",0.962579
plantwild/extracted/plantwild/images/bell pepper leaf spot/google_0006.jpg,"Pepper,_bell___Bacterial_spot",Cherry___healthy,0.420442
plantwild/extracted/plantwild/images/bell pepper leaf spot/google_0007.jpg,"Pepper,_bell___Bacterial_spot","Pepper,_bell___healthy",0.787459
plantwild/extracted/plantwild/images/bell pepper leaf spot/google_0009.jpg,"Pepper,_bell___Bacterial_spot","Pepper,_bell___healthy",0.964068
plantwild/extracted/plantwild/images/bell pepper leaf spot/google_0011.jpg,"Pepper,_bell___Bacterial_spot","Pepper,_bell___healthy",0.421832
plantwild/extracted/plantwild/images/bell pepper leaf spot/google_0012.jpg,"Pepper,_bell___Bacterial_spot",Tomato___Early_blight,0.521529
plantwild/extracted/plantwild/images/bell pepper leaf spot/google_0014.jpg,"Pepper,_bell___Bacterial_spot","Pepper,_bell___healthy",0.411748
plantwild/extracted/plantwild/images/bell pepper leaf spot/google_0015.jpg,"Pepper,_bell___Bacterial_spot","Pepper,_bell___healthy",0.619647
plantwild/extracted/plantwild/images/bell pepper leaf spot/google_0016.jpg,"Pepper,_bell___Bacterial_spot","Pepper,_bell___healthy",0.815948
plantwild/extracted/plantwild/images/bell pepper leaf spot/google_0020.jpg,"Pepper,_bell___Bacterial_spot","Pepper,_bell___healthy",0.701610
plantwild/extracted/plantwild/images/bell pepper leaf spot/google_0022.jpg,"Pepper,_bell___Bacterial_spot",Cherry___healthy,0.359256
plantwild/extracted/plantwild/images/bell pepper leaf spot/google_0023.jpg,"Pepper,_bell___Bacterial_spot","Pepper,_bell___healthy",0.961294
plantwild/extracted/plantwild/images/bell pepper leaf spot/google_0024.jpg,"Pepper,_bell___Bacterial_spot","Pepper,_bell___healthy",0.526806
plantwild/extracted/plantwild/images/bell pepper leaf spot/google_0026.jpg,"Pepper,_bell___Bacterial_spot","Pepper,_bell___healthy",0.952524
plantwild/extracted/plantwild/images/bell pepper leaf spot/google_0027.jpg,"Pepper,_bell___Bacterial_spot","Pepper,_bell___healthy",0.807666
plantwild/extracted/plantwild/images/bell pepper leaf spot/google_0031.jpg,"Pepper,_bell___Bacterial_spot","Pepper,_bell___healthy",0.964527
plantwild/extracted/plantwild/images/bell pepper leaf spot/google_0034.jpg,"Pepper,_bell___Bacterial_spot","Pepper,_bell___healthy",0.969253
plantwild/extracted/plantwild/images/bell pepper leaf spot/google_0035.jpg,"Pepper,_bell___Bacterial_spot","Pepper,_bell___Bacterial_spot",0.894613
plantwild/extracted/plantwild/images/bell pepper leaf spot/google_0036.jpg,"Pepper,_bell___Bacterial_spot","Pepper,_bell___healthy",0.958807
plantwild/extracted/plantwild/images/bell pepper leaf spot/google_0037.jpg,"Pepper,_bell___Bacterial_spot",Tomato___Early_blight,0.347030
plantwild/extracted/plantwild/images/bell pepper leaf spot/google_0040.jpg,"Pepper,_bell___Bacterial_spot",Tomato___Tomato_Yellow_Leaf_Curl_Virus,0.188315
plantwild/extracted/plantwild/images/bell pepper leaf spot/google_0047.jpg,"Pepper,_bell___Bacterial_spot","Pepper,_bell___Bacterial_spot",0.967334
plantwild/extracted/plantwild/images/bell pepper leaf spot/google_0048.jpg,"Pepper,_bell___Bacterial_spot","Pepper,_bell___healthy",0.680833
plantwild/extracted/plantwild/images/bell pepper leaf spot/google_0050.jpg,"Pepper,_bell___Bacterial_spot",Cherry___healthy,0.685273
plantwild/extracted/plantwild/images/bell pepper leaf spot/google_0053.jpg,"Pepper,_bell___Bacterial_spot","Pepper,_bell___Bacterial_spot",0.956306
plantwild/extracted/plantwild/images/bell pepper leaf spot/google_0055.jpg,"Pepper,_bell___Bacterial_spot",Tomato___Early_blight,0.636156
plantwild/extracted/plantwild/images/bell pepper leaf spot/google_0057.jpg,"Pepper,_bell___Bacterial_spot",Strawberry___Leaf_scorch,0.789432
plantwild/extracted/plantwild/images/bell pepper leaf spot/google_0062.jpg,"Pepper,_bell___Bacterial_spot","Pepper,_bell___healthy",0.964674
plantwild/extracted/plantwild/images/bell pepper leaf spot/google_0064.jpg,"Pepper,_bell___Bacterial_spot","Pepper,_bell___healthy",0.925830
plantwild/extracted/plantwild/images/bell pepper leaf spot/google_0065.jpg,"Pepper,_bell___Bacterial_spot",Tomato___healthy,0.216525
plantwild/extracted/plantwild/images/bell pepper leaf spot/google_0066.jpg,"Pepper,_bell___Bacterial_spot",Tomato___Early_blight,0.913312
plantwild/extracted/plantwild/images/bell pepper leaf spot/google_0069.jpg,"Pepper,_bell___Bacterial_spot",Tomato___Septoria_leaf_spot,0.319731
plantwild/extracted/plantwild/images/bell pepper leaf spot/google_0071.jpg,"Pepper,_bell___Bacterial_spot","Pepper,_bell___Bacterial_spot",0.961748
plantwild/extracted/plantwild/images/bell pepper leaf spot/google_0073.jpg,"Pepper,_bell___Bacterial_spot","Pepper,_bell___healthy",0.898412
plantwild/extracted/plantwild/images/bell pepper leaf spot/google_0083.jpg,"Pepper,_bell___Bacterial_spot",Tomato___Septoria_leaf_spot,0.834590
plantwild/extracted/plantwild/images/bell pepper leaf spot/google_0084.jpg,"Pepper,_bell___Bacterial_spot","Pepper,_bell___healthy",0.271250
plantwild/extracted/plantwild/images/bell pepper leaf spot/google_0085.jpg,"Pepper,_bell___Bacterial_spot","Pepper,_bell___healthy",0.702733
plantwild/extracted/plantwild/images/bell pepper leaf spot/google_0089.jpg,"Pepper,_bell___Bacterial_spot","Pepper,_bell___healthy",0.424715
plantwild/extracted/plantwild/images/bell pepper leaf spot/google_0090.jpg,"Pepper,_bell___Bacterial_spot",Strawberry___Leaf_scorch,0.954184
plantwild/extracted/plantwild/images/bell pepper leaf spot/google_0091.jpg,"Pepper,_bell___Bacterial_spot","Pepper,_bell___Bacterial_spot",0.891198
plantwild/extracted/plantwild/images/bell pepper leaf spot/google_0092.jpg,"Pepper,_bell___Bacterial_spot","Pepper,_bell___healthy",0.930563
plantwild/extracted/plantwild/images/bell pepper leaf spot/google_0095.jpg,"Pepper,_bell___Bacterial_spot","Pepper,_bell___healthy",0.915555
plantwild/extracted/plantwild/images/bell pepper leaf spot/google_0096.jpg,"Pepper,_bell___Bacterial_spot","Pepper,_bell___healthy",0.843935
plantwild/extracted/plantwild/images/bell pepper leaf spot/google_0097.jpg,"Pepper,_bell___Bacterial_spot","Pepper,_bell___healthy",0.944936
plantwild/extracted/plantwild/images/bell pepper leaf spot/google_0101.jpg,"Pepper,_bell___Bacterial_spot",Tomato___Late_blight,0.934988
plantwild/extracted/plantwild/images/bell pepper leaf spot/google_0102.jpg,"Pepper,_bell___Bacterial_spot",Strawberry___Leaf_scorch,0.385024
plantwild/extracted/plantwild/images/bell pepper leaf spot/google_0103.jpg,"Pepper,_bell___Bacterial_spot","Pepper,_bell___healthy",0.968675
plantwild/extracted/plantwild/images/bell pepper leaf spot/google_0118.jpg,"Pepper,_bell___Bacterial_spot",Corn___Common_rust,0.931967
plantwild/extracted/plantwild/images/bell pepper leaf spot/google_0122.jpg,"Pepper,_bell___Bacterial_spot","Pepper,_bell___healthy",0.460653
plantwild/extracted/plantwild/images/bell pepper leaf spot/google_0126.jpg,"Pepper,_bell___Bacterial_spot",Corn___Cercospora_leaf_spot Gray_leaf_spot,0.961904
plantwild/extracted/plantwild/images/bell pepper leaf spot/google_0136.jpg,"Pepper,_bell___Bacterial_spot","Pepper,_bell___healthy",0.532974
plantwild/extracted/plantwild/images/bell pepper leaf spot/google_0137.jpg,"Pepper,_bell___Bacterial_spot",Orange___Haunglongbing_(Citrus_greening),0.805340
plantwild/extracted/plantwild/images/bell pepper leaf spot/google_0144.jpg,"Pepper,_bell___Bacterial_spot",Corn___Northern_Leaf_Blight,0.576908
plantwild/extracted/plantwild/images/bell pepper leaf spot/google_0147.jpg,"Pepper,_bell___Bacterial_spot",Grape___Black_rot,0.928357
plantwild/extracted/plantwild/images/bell pepper leaf spot/google_0151.jpg,"Pepper,_bell___Bacterial_spot",Grape___Esca_(Black_Measles),0.265979
plantwild/extracted/plantwild/images/bell pepper leaf spot/google_0153.jpg,"Pepper,_bell___Bacterial_spot","Pepper,_bell___healthy",0.906259
plantwild/extracted/plantwild/images/bell pepper leaf spot/google_0160.jpg,"Pepper,_bell___Bacterial_spot",Strawberry___Leaf_scorch,0.954684
plantwild/extracted/plantwild/images/bell pepper leaf spot/google_0162.jpg,"Pepper,_bell___Bacterial_spot","Pepper,_bell___healthy",0.791098
plantwild/extracted/plantwild/images/bell pepper leaf spot/google_0165.jpg,"Pepper,_bell___Bacterial_spot",Strawberry___Leaf_scorch,0.506533
plantwild/extracted/plantwild/images/bell pepper leaf spot/google_0166.jpg,"Pepper,_bell___Bacterial_spot","Pepper,_bell___healthy",0.608942
plantwild/extracted/plantwild/images/bell pepper leaf spot/google_0172.jpg,"Pepper,_bell___Bacterial_spot",Grape___Black_rot,0.960454
plantwild/extracted/plantwild/images/bell pepper leaf spot/google_0178.jpg,"Pepper,_bell___Bacterial_spot","Pepper,_bell___healthy",0.942987
plantwild/extracted/plantwild/images/bell pepper leaf spot/google_0179.jpg,"Pepper,_bell___Bacterial_spot",Strawberry___Leaf_scorch,0.429885
plantwild/extracted/plantwild/images/bell pepper leaf spot/google_0182.jpg,"Pepper,_bell___Bacterial_spot",Tomato___Tomato_Yellow_Leaf_Curl_Virus,0.633322
plantwild/extracted/plantwild/images/bell pepper leaf spot/google_0184.jpg,"Pepper,_bell___Bacterial_spot","Pepper,_bell___Bacterial_spot",0.966670
plantwild/extracted/plantwild/images/bell pepper leaf spot/google_0191.jpg,"Pepper,_bell___Bacterial_spot","Pepper,_bell___Bacterial_spot",0.256490
plantwild/extracted/plantwild/images/bell pepper leaf spot/google_0195.jpg,"Pepper,_bell___Bacterial_spot",Strawberry___Leaf_scorch,0.558748
plantwild/extracted/plantwild/images/bell pepper leaf spot/google_0196.jpg,"Pepper,_bell___Bacterial_spot",Strawberry___Leaf_scorch,0.924487
plantwild/extracted/plantwild/images/bell pepper leaf spot/google_0206.jpg,"Pepper,_bell___Bacterial_spot","Pepper,_bell___healthy",0.963678
plantwild/extracted/plantwild/images/bell pepper leaf spot/google_0208.jpg,"Pepper,_bell___Bacterial_spot","Pepper,_bell___healthy",0.657957
plantwild/extracted/plantwild/images/bell pepper leaf spot/google_0213.jpg,"Pepper,_bell___Bacterial_spot","Pepper,_bell___healthy",0.290288
plantwild/extracted/plantwild/images/bell pepper leaf spot/google_0214.jpg,"Pepper,_bell___Bacterial_spot","Pepper,_bell___healthy",0.966854
plantwild/extracted/plantwild/images/bell pepper leaf spot/google_0216.jpg,"Pepper,_bell___Bacterial_spot",Strawberry___Leaf_scorch,0.202008
plantwild/extracted/plantwild/images/bell pepper leaf spot/google_0222.jpg,"Pepper,_bell___Bacterial_spot","Pepper,_bell___healthy",0.260958
plantwild/extracted/plantwild/images/bell pepper leaf spot/google_0225.jpg,"Pepper,_bell___Bacterial_spot",Corn___healthy,0.354925
plantwild/extracted/plantwild/images/bell pepper leaf spot/google_0238.jpg,"Pepper,_bell___Bacterial_spot","Pepper,_bell___Bacterial_spot",0.963376
plantwild/extracted/plantwild/images/bell pepper leaf spot/google_0251.jpg,"Pepper,_bell___Bacterial_spot",Strawberry___Leaf_scorch,0.824721
plantwild/extracted/plantwild/images/bell pepper leaf spot/google_0280.jpg,"Pepper,_bell___Bacterial_spot",Strawberry___Leaf_scorch,0.912008
plantwild/extracted/plantwild/images/bell pepper leaf spot/google_0282.jpg,"Pepper,_bell___Bacterial_spot",Strawberry___Leaf_scorch,0.962711
plantwild/extracted/plantwild/images/bell pepper leaf spot/google_0297.jpg,"Pepper,_bell___Bacterial_spot",Cherry___healthy,0.214371
plantwild/extracted/plantwild/images/bell pepper leaf spot/google_0307.jpg,"Pepper,_bell___Bacterial_spot",Corn___healthy,0.957590
plantwild/extracted/plantwild/images/bell pepper leaf spot/google_0314.jpg,"Pepper,_bell___Bacterial_spot","Pepper,_bell___healthy",0.798532
plantwild/extracted/plantwild/images/bell pepper leaf spot/google_0337.jpg,"Pepper,_bell___Bacterial_spot",Strawberry___Leaf_scorch,0.796364
plantwild/extracted/plantwild/images/bell pepper leaf spot/google_0341.jpg,"Pepper,_bell___Bacterial_spot","Pepper,_bell___healthy",0.933397
plantwild/extracted/plantwild/images/bell pepper leaf spot/google_0346.jpg,"Pepper,_bell___Bacterial_spot","Pepper,_bell___healthy",0.796947
plantwild/extracted/plantwild/images/bell pepper leaf spot/google_0361.jpg,"Pepper,_bell___Bacterial_spot","Pepper,_bell___healthy",0.831228
plantwild/extracted/plantwild/images/blueberry leaf/1.jpg,Blueberry___healthy,"Pepper,_bell___healthy",0.933139
plantwild/extracted/plantwild/images/blueberry leaf/10.jpg,Blueberry___healthy,Grape___Black_rot,0.481071
plantwild/extracted/plantwild/images/blueberry leaf/100.jpg,Blueberry___healthy,"Pepper,_bell___healthy",0.456872
plantwild/extracted/plantwild/images/blueberry leaf/101.jpg,Blueberry___healthy,Cherry___healthy,0.724810
plantwild/extracted/plantwild/images/blueberry leaf/102.jpg,Blueberry___healthy,Blueberry___healthy,0.941729
plantwild/extracted/plantwild/images/blueberry leaf/103.jpg,Blueberry___healthy,"Pepper,_bell___healthy",0.880760
plantwild/extracted/plantwild/images/blueberry leaf/104.jpg,Blueberry___healthy,Cherry___healthy,0.671098
plantwild/extracted/plantwild/images/blueberry leaf/105.jpg,Blueberry___healthy,Strawberry___Leaf_scorch,0.647540
plantwild/extracted/plantwild/images/blueberry leaf/106.jpg,Blueberry___healthy,"Pepper,_bell___healthy",0.907356
plantwild/extracted/plantwild/images/blueberry leaf/107.jpg,Blueberry___healthy,"Pepper,_bell___healthy",0.526957
plantwild/extracted/plantwild/images/blueberry leaf/108.jpg,Blueberry___healthy,"Pepper,_bell___healthy",0.837701
plantwild/extracted/plantwild/images/blueberry leaf/109.jpg,Blueberry___healthy,Tomato___Tomato_Yellow_Leaf_Curl_Virus,0.872407
plantwild/extracted/plantwild/images/blueberry leaf/11.jpg,Blueberry___healthy,Tomato___Tomato_Yellow_Leaf_Curl_Virus,0.352941
plantwild/extracted/plantwild/images/blueberry leaf/110.jpg,Blueberry___healthy,Tomato___Tomato_Yellow_Leaf_Curl_Virus,0.906250
plantwild/extracted/plantwild/images/blueberry leaf/112.jpg,Blueberry___healthy,"Pepper,_bell___healthy",0.757435
plantwild/extracted/plantwild/images/blueberry leaf/113.jpg,Blueberry___healthy,Tomato___Early_blight,0.769854
plantwild/extracted/plantwild/images/blueberry leaf/114.jpg,Blueberry___healthy,"Pepper,_bell___healthy",0.312294
plantwild/extracted/plantwild/images/blueberry leaf/115.jpg,Blueberry___healthy,Strawberry___Leaf_scorch,0.934643
plantwild/extracted/plantwild/images/blueberry leaf/116.jpg,Blueberry___healthy,"Pepper,_bell___healthy",0.704512
plantwild/extracted/plantwild/images/blueberry leaf/117.jpg,Blueberry___healthy,"Pepper,_bell___healthy",0.324992
plantwild/extracted/plantwild/images/blueberry leaf/118.jpg,Blueberry___healthy,Cherry___healthy,0.605165
plantwild/extracted/plantwild/images/blueberry leaf/119.jpg,Blueberry___healthy,Tomato___healthy,0.389991
plantwild/extracted/plantwild/images/blueberry leaf/12.jpg,Blueberry___healthy,Tomato___Septoria_leaf_spot,0.370559
plantwild/extracted/plantwild/images/blueberry leaf/120.jpg,Blueberry___healthy,Strawberry___Leaf_scorch,0.641330
plantwild/extracted/plantwild/images/blueberry leaf/121.jpg,Blueberry___healthy,"Pepper,_bell___healthy",0.502862
plantwild/extracted/plantwild/images/blueberry leaf/122.jpg,Blueberry___healthy,Tomato___Tomato_Yellow_Leaf_Curl_Virus,0.502072
plantwild/extracted/plantwild/images/blueberry leaf/123.jpg,Blueberry___healthy,Strawberry___Leaf_scorch,0.929541
plantwild/extracted/plantwild/images/blueberry leaf/124.jpg,Blueberry___healthy,Corn___healthy,0.759431
plantwild/extracted/plantwild/images/blueberry leaf/127.jpg,Blueberry___healthy,Apple___Black_rot,0.468965
plantwild/extracted/plantwild/images/blueberry leaf/128.jpg,Blueberry___healthy,"Pepper,_bell___healthy",0.805221
plantwild/extracted/plantwild/images/blueberry leaf/13.jpg,Blueberry___healthy,Cherry___healthy,0.740522
plantwild/extracted/plantwild/images/blueberry leaf/130.jpg,Blueberry___healthy,"Pepper,_bell___healthy",0.635446
plantwild/extracted/plantwild/images/blueberry leaf/131.jpg,Blueberry___healthy,"Pepper,_bell___healthy",0.759596
plantwild/extracted/plantwild/images/blueberry leaf/132.jpg,Blueberry___healthy,"Pepper,_bell___healthy",0.905281
plantwild/extracted/plantwild/images/blueberry leaf/133.jpg,Blueberry___healthy,Tomato___Tomato_Yellow_Leaf_Curl_Virus,0.838680
plantwild/extracted/plantwild/images/blueberry leaf/135.jpg,Blueberry___healthy,Strawberry___Leaf_scorch,0.344457
plantwild/extracted/plantwild/images/blueberry leaf/137.jpg,Blueberry___healthy,"Pepper,_bell___healthy",0.560404
plantwild/extracted/plantwild/images/blueberry leaf/138.jpg,Blueberry___healthy,Tomato___Tomato_Yellow_Leaf_Curl_Virus,0.899570
plantwild/extracted/plantwild/images/blueberry leaf/14.jpg,Blueberry___healthy,"Pepper,_bell___healthy",0.880879
plantwild/extracted/plantwild/images/blueberry leaf/140.jpg,Blueberry___healthy,"Pepper,_bell___healthy",0.933273
plantwild/extracted/plantwild/images/blueberry leaf/141.jpg,Blueberry___healthy,Tomato___Tomato_Yellow_Leaf_Curl_Virus,0.720870
plantwild/extracted/plantwild/images/blueberry leaf/143.jpg,Blueberry___healthy,"Pepper,_bell___healthy",0.933472
plantwild/extracted/plantwild/images/blueberry leaf/144.jpg,Blueberry___healthy,Tomato___healthy,0.225358
plantwild/extracted/plantwild/images/blueberry leaf/146.jpg,Blueberry___healthy,Strawberry___Leaf_scorch,0.933011
plantwild/extracted/plantwild/images/blueberry leaf/147.jpg,Blueberry___healthy,Tomato___Late_blight,0.760495
plantwild/extracted/plantwild/images/blueberry leaf/15.jpg,Blueberry___healthy,Tomato___Late_blight,0.623613
plantwild/extracted/plantwild/images/blueberry leaf/151.jpg,Blueberry___healthy,Cherry___healthy,0.529194
plantwild/extracted/plantwild/images/blueberry leaf/154.jpg,Blueberry___healthy,Corn___Cercospora_leaf_spot Gray_leaf_spot,0.581069
plantwild/extracted/plantwild/images/blueberry leaf/156.jpg,Blueberry___healthy,"Pepper,_bell___healthy",0.548538
plantwild/extracted/plantwild/images/blueberry leaf/158.jpg,Blueberry___healthy,Cherry___healthy,0.454509
plantwild/extracted/plantwild/images/blueberry leaf/159.jpg,Blueberry___healthy,Cherry___healthy,0.491864
plantwild/extracted/plantwild/images/blueberry leaf/16.jpg,Blueberry___healthy,Blueberry___healthy,0.517134
plantwild/extracted/plantwild/images/blueberry leaf/169.jpg,Blueberry___healthy,Blueberry___healthy,0.423730
plantwild/extracted/plantwild/images/blueberry leaf/17.jpg,Blueberry___healthy,Blueberry___healthy,0.878168
plantwild/extracted/plantwild/images/blueberry leaf/170.jpg,Blueberry___healthy,Tomato___Tomato_Yellow_Leaf_Curl_Virus,0.944089
plantwild/extracted/plantwild/images/blueberry leaf/171.jpg,Blueberry___healthy,Tomato___Late_blight,0.726149
plantwild/extracted/plantwild/images/blueberry leaf/172.jpg,Blueberry___healthy,"Pepper,_bell___healthy",0.918263
plantwild/extracted/plantwild/images/blueberry leaf/173.jpg,Blueberry___healthy,Corn___healthy,0.626450
plantwild/extracted/plantwild/images/blueberry leaf/174.jpg,Blueberry___healthy,"Pepper,_bell___healthy",0.644134
plantwild/extracted/plantwild/images/blueberry leaf/175.jpg,Blueberry___healthy,"Pepper,_bell___healthy",0.926118
plantwild/extracted/plantwild/images/blueberry leaf/177.jpg,Blueberry___healthy,Cherry___healthy,0.892696
plantwild/extracted/plantwild/images/blueberry leaf/178.jpg,Blueberry___healthy,"Pepper,_bell___healthy",0.923953
plantwild/extracted/plantwild/images/blueberry leaf/179.jpg,Blueberry___healthy,"Pepper,_bell___healthy",0.737504
plantwild/extracted/plantwild/images/blueberry leaf/18.jpg,Blueberry___healthy,"Pepper,_bell___healthy",0.542276
plantwild/extracted/plantwild/images/blueberry leaf/180.jpg,Blueberry___healthy,Cherry___healthy,0.615180
plantwild/extracted/plantwild/images/blueberry leaf/181.jpg,Blueberry___healthy,"Pepper,_bell___healthy",0.950121
plantwild/extracted/plantwild/images/blueberry leaf/182.jpg,Blueberry___healthy,Corn___healthy,0.216422
plantwild/extracted/plantwild/images/blueberry leaf/183.jpg,Blueberry___healthy,Strawberry___Leaf_scorch,0.839587
plantwild/extracted/plantwild/images/blueberry leaf/184.jpg,Blueberry___healthy,Strawberry___Leaf_scorch,0.384094
plantwild/extracted/plantwild/images/blueberry leaf/185.jpg,Blueberry___healthy,Strawberry___Leaf_scorch,0.916823
plantwild/extracted/plantwild/images/blueberry leaf/186.jpg,Blueberry___healthy,"Pepper,_bell___healthy",0.735254
plantwild/extracted/plantwild/images/blueberry leaf/187.jpg,Blueberry___healthy,Strawberry___Leaf_scorch,0.738030
plantwild/extracted/plantwild/images/blueberry leaf/188.jpg,Blueberry___healthy,Strawberry___Leaf_scorch,0.315672
plantwild/extracted/plantwild/images/blueberry leaf/189.jpg,Blueberry___healthy,Tomato___Tomato_Yellow_Leaf_Curl_Virus,0.682571
plantwild/extracted/plantwild/images/blueberry leaf/19.jpg,Blueberry___healthy,Blueberry___healthy,0.730818
plantwild/extracted/plantwild/images/blueberry leaf/190.jpg,Blueberry___healthy,Corn___Northern_Leaf_Blight,0.480824
plantwild/extracted/plantwild/images/blueberry leaf/191.jpg,Blueberry___healthy,"Pepper,_bell___healthy",0.386138
plantwild/extracted/plantwild/images/blueberry leaf/194.jpg,Blueberry___healthy,Cherry___healthy,0.487851
plantwild/extracted/plantwild/images/blueberry leaf/195.jpg,Blueberry___healthy,"Pepper,_bell___healthy",0.918512
plantwild/extracted/plantwild/images/blueberry leaf/196.jpg,Blueberry___healthy,"Pepper,_bell___healthy",0.430662
plantwild/extracted/plantwild/images/blueberry leaf/197.jpg,Blueberry___healthy,"Pepper,_bell___healthy",0.474252
plantwild/extracted/plantwild/images/blueberry leaf/199.jpg,Blueberry___healthy,"Pepper,_bell___healthy",0.469374
plantwild/extracted/plantwild/images/blueberry leaf/2.jpg,Blueberry___healthy,"Pepper,_bell___healthy",0.857018
plantwild/extracted/plantwild/images/blueberry leaf/20.jpg,Blueberry___healthy,"Pepper,_bell___healthy",0.367381
plantwild/extracted/plantwild/images/blueberry leaf/200.jpg,Blueberry___healthy,Tomato___Tomato_Yellow_Leaf_Curl_Virus,0.846601
plantwild/extracted/plantwild/images/blueberry leaf/204.jpg,Blueberry___healthy,Corn___Common_rust,0.144165
plantwild/extracted/plantwild/images/blueberry leaf/205.jpg,Blueberry___healthy,"Pepper,_bell___healthy",0.649032
plantwild/extracted/plantwild/images/blueberry leaf/207.jpg,Blueberry___healthy,"Pepper,_bell___healthy",0.703372
plantwild/extracted/plantwild/images/blueberry leaf/208.jpg,Blueberry___healthy,Tomato___Tomato_Yellow_Leaf_Curl_Virus,0.558293
plantwild/extracted/plantwild/images/blueberry leaf/209.jpg,Blueberry___healthy,Strawberry___Leaf_scorch,0.930303
plantwild/extracted/plantwild/images/blueberry leaf/21.jpg,Blueberry___healthy,Blueberry___healthy,0.943275
plantwild/extracted/plantwild/images/blueberry leaf/210.jpg,Blueberry___healthy,Strawberry___Leaf_scorch,0.966230
plantwild/extracted/plantwild/images/blueberry leaf/211.jpg,Blueberry___healthy,Strawberry___Leaf_scorch,0.773526
plantwild/extracted/plantwild/images/blueberry leaf/213.jpg,Blueberry___healthy,"Pepper,_bell___healthy",0.939114
plantwild/extracted/plantwild/images/blueberry leaf/214.jpg,Blueberry___healthy,"Pepper,_bell___healthy",0.465134
plantwild/extracted/plantwild/images/blueberry leaf/215.jpg,Blueberry___healthy,"Pepper,_bell___healthy",0.902894
plantwild/extracted/plantwild/images/blueberry leaf/216.jpg,Blueberry___healthy,"Pepper,_bell___healthy",0.394576
plantwild/extracted/plantwild/images/blueberry leaf/217.jpg,Blueberry___healthy,Tomato___Tomato_Yellow_Leaf_Curl_Virus,0.267443
plantwild/extracted/plantwild/images/blueberry leaf/218.jpg,Blueberry___healthy,Cherry___healthy,0.392131
plantwild/extracted/plantwild/images/blueberry leaf/219.jpg,Blueberry___healthy,Strawberry___Leaf_scorch,0.439178
plantwild/extracted/plantwild/images/blueberry leaf/22.jpg,Blueberry___healthy,Tomato___Tomato_Yellow_Leaf_Curl_Virus,0.884259
plantwild/extracted/plantwild/images/blueberry leaf/220.jpg,Blueberry___healthy,Cherry___healthy,0.500898
plantwild/extracted/plantwild/images/blueberry leaf/222.jpg,Blueberry___healthy,"Pepper,_bell___healthy",0.874433
plantwild/extracted/plantwild/images/blueberry leaf/23.jpg,Blueberry___healthy,Blueberry___healthy,0.808481
plantwild/extracted/plantwild/images/blueberry leaf/24.jpg,Blueberry___healthy,"Pepper,_bell___healthy",0.781361
plantwild/extracted/plantwild/images/blueberry leaf/25.jpg,Blueberry___healthy,"Pepper,_bell___healthy",0.777060
plantwild/extracted/plantwild/images/blueberry leaf/26.jpg,Blueberry___healthy,"Pepper,_bell___healthy",0.744376
plantwild/extracted/plantwild/images/blueberry leaf/27.jpg,Blueberry___healthy,Blueberry___healthy,0.761593
plantwild/extracted/plantwild/images/blueberry leaf/28.jpg,Blueberry___healthy,Tomato___Early_blight,0.951429
plantwild/extracted/plantwild/images/blueberry leaf/29.jpg,Blueberry___healthy,Cherry___healthy,0.397460
plantwild/extracted/plantwild/images/blueberry leaf/3.jpg,Blueberry___healthy,"Pepper,_bell___healthy",0.957125
plantwild/extracted/plantwild/images/blueberry leaf/30.jpg,Blueberry___healthy,Blueberry___healthy,0.899665
plantwild/extracted/plantwild/images/blueberry leaf/31.jpg,Blueberry___healthy,Strawberry___Leaf_scorch,0.692896
plantwild/extracted/plantwild/images/blueberry leaf/32.jpg,Blueberry___healthy,Tomato___Septoria_leaf_spot,0.619486
plantwild/extracted/plantwild/images/blueberry leaf/33.jpg,Blueberry___healthy,Tomato___Tomato_mosaic_virus,0.214381
plantwild/extracted/plantwild/images/blueberry leaf/34.jpg,Blueberry___healthy,Tomato___Tomato_Yellow_Leaf_Curl_Virus,0.934007
plantwild/extracted/plantwild/images/blueberry leaf/35.jpg,Blueberry___healthy,Tomato___Tomato_Yellow_Leaf_Curl_Virus,0.863862
plantwild/extracted/plantwild/images/blueberry leaf/36.jpg,Blueberry___healthy,"Pepper,_bell___healthy",0.667597
plantwild/extracted/plantwild/images/blueberry leaf/37.jpg,Blueberry___healthy,Blueberry___healthy,0.864501
plantwild/extracted/plantwild/images/blueberry leaf/38.jpg,Blueberry___healthy,Tomato___Tomato_Yellow_Leaf_Curl_Virus,0.470315
plantwild/extracted/plantwild/images/blueberry leaf/39.jpg,Blueberry___healthy,"Pepper,_bell___healthy",0.428425
plantwild/extracted/plantwild/images/blueberry leaf/4.jpg,Blueberry___healthy,Tomato___Tomato_Yellow_Leaf_Curl_Virus,0.324250
plantwild/extracted/plantwild/images/blueberry leaf/40.jpg,Blueberry___healthy,Blueberry___healthy,0.785000
plantwild/extracted/plantwild/images/blueberry leaf/41.jpg,Blueberry___healthy,Blueberry___healthy,0.801039
plantwild/extracted/plantwild/images/blueberry leaf/42.jpg,Blueberry___healthy,Tomato___Tomato_mosaic_virus,0.271756
plantwild/extracted/plantwild/images/blueberry leaf/43.jpg,Blueberry___healthy,Tomato___Tomato_Yellow_Leaf_Curl_Virus,0.380198
plantwild/extracted/plantwild/images/blueberry leaf/44.jpg,Blueberry___healthy,Tomato___Tomato_Yellow_Leaf_Curl_Virus,0.604245
plantwild/extracted/plantwild/images/blueberry leaf/45.jpg,Blueberry___healthy,Blueberry___healthy,0.911905
plantwild/extracted/plantwild/images/blueberry leaf/47.jpg,Blueberry___healthy,Tomato___Tomato_Yellow_Leaf_Curl_Virus,0.801836
plantwild/extracted/plantwild/images/blueberry leaf/48.jpg,Blueberry___healthy,Blueberry___healthy,0.219242
plantwild/extracted/plantwild/images/blueberry leaf/49.jpg,Blueberry___healthy,"Pepper,_bell___healthy",0.367000
plantwild/extracted/plantwild/images/blueberry leaf/5.jpg,Blueberry___healthy,Tomato___Tomato_Yellow_Leaf_Curl_Virus,0.475528
plantwild/extracted/plantwild/images/blueberry leaf/50.jpg,Blueberry___healthy,"Pepper,_bell___healthy",0.715984
plantwild/extracted/plantwild/images/blueberry leaf/51.jpg,Blueberry___healthy,Blueberry___healthy,0.633615
plantwild/extracted/plantwild/images/blueberry leaf/52.jpg,Blueberry___healthy,Grape___Esca_(Black_Measles),0.663600
plantwild/extracted/plantwild/images/blueberry leaf/53.jpg,Blueberry___healthy,"Pepper,_bell___healthy",0.479861
plantwild/extracted/plantwild/images/blueberry leaf/54.jpg,Blueberry___healthy,Blueberry___healthy,0.946014
plantwild/extracted/plantwild/images/blueberry leaf/56.jpg,Blueberry___healthy,Soybean___healthy,0.860825
plantwild/extracted/plantwild/images/blueberry leaf/57.jpg,Blueberry___healthy,"Pepper,_bell___healthy",0.933800
plantwild/extracted/plantwild/images/blueberry leaf/58.jpg,Blueberry___healthy,"Pepper,_bell___healthy",0.860228
plantwild/extracted/plantwild/images/blueberry leaf/59.jpg,Blueberry___healthy,Soybean___healthy,0.158120
plantwild/extracted/plantwild/images/blueberry leaf/6.jpg,Blueberry___healthy,Blueberry___healthy,0.966093
plantwild/extracted/plantwild/images/blueberry leaf/60.jpg,Blueberry___healthy,Tomato___Early_blight,0.678119
plantwild/extracted/plantwild/images/blueberry leaf/61.jpg,Blueberry___healthy,Strawberry___Leaf_scorch,0.965642
plantwild/extracted/plantwild/images/blueberry leaf/62.jpg,Blueberry___healthy,Tomato___Tomato_Yellow_Leaf_Curl_Virus,0.876734
plantwild/extracted/plantwild/images/blueberry leaf/63.jpg,Blueberry___healthy,Blueberry___healthy,0.966732
plantwild/extracted/plantwild/images/blueberry leaf/65.jpg,Blueberry___healthy,Blueberry___healthy,0.956464
plantwild/extracted/plantwild/images/blueberry leaf/66.jpg,Blueberry___healthy,Strawberry___Leaf_scorch,0.452918
plantwild/extracted/plantwild/images/blueberry leaf/67.jpg,Blueberry___healthy,Blueberry___healthy,0.803125
plantwild/extracted/plantwild/images/blueberry leaf/7.jpg,Blueberry___healthy,"Pepper,_bell___healthy",0.631076
plantwild/extracted/plantwild/images/blueberry leaf/70.jpg,Blueberry___healthy,Strawberry___Leaf_scorch,0.526537
plantwild/extracted/plantwild/images/blueberry leaf/71.jpg,Blueberry___healthy,Blueberry___healthy,0.933923
plantwild/extracted/plantwild/images/blueberry leaf/72.jpg,Blueberry___healthy,"Pepper,_bell___healthy",0.891785
plantwild/extracted/plantwild/images/blueberry leaf/73.jpg,Blueberry___healthy,Strawberry___Leaf_scorch,0.419955
plantwild/extracted/plantwild/images/blueberry leaf/74.jpg,Blueberry___healthy,"Pepper,_bell___healthy",0.486760
plantwild/extracted/plantwild/images/blueberry leaf/75.jpg,Blueberry___healthy,Blueberry___healthy,0.956390
plantwild/extracted/plantwild/images/blueberry leaf/77.jpg,Blueberry___healthy,Strawberry___Leaf_scorch,0.371285
plantwild/extracted/plantwild/images/blueberry leaf/78.jpg,Blueberry___healthy,Tomato___Tomato_Yellow_Leaf_Curl_Virus,0.809462
plantwild/extracted/plantwild/images/blueberry leaf/79.jpg,Blueberry___healthy,Strawberry___Leaf_scorch,0.927897
plantwild/extracted/plantwild/images/blueberry leaf/8.jpg,Blueberry___healthy,"Pepper,_bell___healthy",0.191263
plantwild/extracted/plantwild/images/blueberry leaf/80.jpg,Blueberry___healthy,Cherry___healthy,0.824614
plantwild/extracted/plantwild/images/blueberry leaf/81.jpg,Blueberry___healthy,Raspberry___healthy,0.791376
plantwild/extracted/plantwild/images/blueberry leaf/82.jpg,Blueberry___healthy,"Pepper,_bell___healthy",0.912778
plantwild/extracted/plantwild/images/blueberry leaf/83.jpg,Blueberry___healthy,Blueberry___healthy,0.965897
plantwild/extracted/plantwild/images/blueberry leaf/86.jpg,Blueberry___healthy,"Pepper,_bell___healthy",0.518485
plantwild/extracted/plantwild/images/blueberry leaf/87.jpg,Blueberry___healthy,Blueberry___healthy,0.944165
plantwild/extracted/plantwild/images/blueberry leaf/88.jpg,Blueberry___healthy,Cherry___healthy,0.605360
plantwild/extracted/plantwild/images/blueberry leaf/89.jpg,Blueberry___healthy,Tomato___Tomato_Yellow_Leaf_Curl_Virus,0.850641
plantwild/extracted/plantwild/images/blueberry leaf/9.jpg,Blueberry___healthy,Cherry___healthy,0.655039
plantwild/extracted/plantwild/images/blueberry leaf/90.jpg,Blueberry___healthy,"Pepper,_bell___healthy",0.577269
plantwild/extracted/plantwild/images/blueberry leaf/91.jpg,Blueberry___healthy,"Pepper,_bell___healthy",0.788632
plantwild/extracted/plantwild/images/blueberry leaf/92.jpg,Blueberry___healthy,"Pepper,_bell___healthy",0.659940
plantwild/extracted/plantwild/images/blueberry leaf/93.jpg,Blueberry___healthy,Blueberry___healthy,0.962845
plantwild/extracted/plantwild/images/blueberry leaf/94.jpg,Blueberry___healthy,Corn___healthy,0.890958
plantwild/extracted/plantwild/images/blueberry leaf/96.jpg,Blueberry___healthy,Tomato___Early_blight,0.473083
plantwild/extracted/plantwild/images/blueberry leaf/97.jpg,Blueberry___healthy,Tomato___Early_blight,0.194343
plantwild/extracted/plantwild/images/blueberry leaf/98.jpg,Blueberry___healthy,Strawberry___Leaf_scorch,0.460293
plantwild/extracted/plantwild/images/blueberry leaf/99.jpg,Blueberry___healthy,"Pepper,_bell___healthy",0.455304
plantwild/extracted/plantwild/images/blueberry leaf/google_0001.jpg,Blueberry___healthy,"Pepper,_bell___healthy",0.940709
plantwild/extracted/plantwild/images/blueberry leaf/google_0004.jpg,Blueberry___healthy,Blueberry___healthy,0.961197
plantwild/extracted/plantwild/images/blueberry leaf/google_0005.jpg,Blueberry___healthy,Blueberry___healthy,0.952564
plantwild/extracted/plantwild/images/blueberry leaf/google_0006.jpg,Blueberry___healthy,Blueberry___healthy,0.953208
plantwild/extracted/plantwild/images/blueberry leaf/google_0008.jpg,Blueberry___healthy,"Pepper,_bell___healthy",0.957204
plantwild/extracted/plantwild/images/blueberry leaf/google_0009.jpg,Blueberry___healthy,"Pepper,_bell___healthy",0.890312
plantwild/extracted/plantwild/images/blueberry leaf/google_0011.jpg,Blueberry___healthy,Cherry___healthy,0.450371
plantwild/extracted/plantwild/images/blueberry leaf/google_0012.jpg,Blueberry___healthy,"Pepper,_bell___healthy",0.762971
plantwild/extracted/plantwild/images/blueberry leaf/google_0013.jpg,Blueberry___healthy,Blueberry___healthy,0.959043
plantwild/extracted/plantwild/images/blueberry leaf/google_0014.jpg,Blueberry___healthy,Cherry___healthy,0.417975
plantwild/extracted/plantwild/images/blueberry leaf/google_0015.jpg,Blueberry___healthy,Blueberry___healthy,0.928916
plantwild/extracted/plantwild/images/blueberry leaf/google_0016.jpg,Blueberry___healthy,"Pepper,_bell___healthy",0.956270
plantwild/extracted/plantwild/images/blueberry leaf/google_0019.jpg,Blueberry___healthy,Blueberry___healthy,0.797429
plantwild/extracted/plantwild/images/blueberry leaf/google_0020.jpg,Blueberry___healthy,"Pepper,_bell___healthy",0.363775
plantwild/extracted/plantwild/images/blueberry leaf/google_0021.jpg,Blueberry___healthy,Blueberry___healthy,0.961593
plantwild/extracted/plantwild/images/blueberry leaf/google_0022.jpg,Blueberry___healthy,"Pepper,_bell___healthy",0.922362
plantwild/extracted/plantwild/images/blueberry leaf/google_0023.jpg,Blueberry___healthy,Blueberry___healthy,0.952421
plantwild/extracted/plantwild/images/blueberry leaf/google_0024.jpg,Blueberry___healthy,"Pepper,_bell___healthy",0.894845
plantwild/extracted/plantwild/images/blueberry leaf/google_0026.jpg,Blueberry___healthy,"Pepper,_bell___healthy",0.730363
plantwild/extracted/plantwild/images/blueberry leaf/google_0028.jpg,Blueberry___healthy,"Pepper,_bell___healthy",0.627198
plantwild/extracted/plantwild/images/blueberry leaf/google_0031.jpg,Blueberry___healthy,Blueberry___healthy,0.963000
plantwild/extracted/plantwild/images/blueberry leaf/google_0036.jpg,Blueberry___healthy,"Pepper,_bell___healthy",0.469071
plantwild/extracted/plantwild/images/blueberry leaf/google_0038.jpg,Blueberry___healthy,Blueberry___healthy,0.853437
plantwild/extracted/plantwild/images/blueberry leaf/google_0041.jpg,Blueberry___healthy,"Pepper,_bell___healthy",0.921649
plantwild/extracted/plantwild/images/blueberry leaf/google_0046.jpg,Blueberry___healthy,"Pepper,_bell___healthy",0.401571
plantwild/extracted/plantwild/images/blueberry leaf/google_0047.jpg,Blueberry___healthy,Strawberry___Leaf_scorch,0.701328
plantwild/extracted/plantwild/images/blueberry leaf/google_0058.jpg,Blueberry___healthy,"Pepper,_bell___healthy",0.596984
plantwild/extracted/plantwild/images/blueberry leaf/google_0059.jpg,Blueberry___healthy,Blueberry___healthy,0.956963
plantwild/extracted/plantwild/images/blueberry leaf/google_0066.jpg,Blueberry___healthy,Blueberry___healthy,0.852570
plantwild/extracted/plantwild/images/blueberry leaf/google_0068.jpg,Blueberry___healthy,Tomato___Tomato_Yellow_Leaf_Curl_Virus,0.355049
plantwild/extracted/plantwild/images/blueberry leaf/google_0073.jpg,Blueberry___healthy,Cherry___healthy,0.756522
plantwild/extracted/plantwild/images/blueberry leaf/google_0086.jpg,Blueberry___healthy,"Pepper,_bell___healthy",0.584647
plantwild/extracted/plantwild/images/blueberry leaf/google_0087.jpg,Blueberry___healthy,Blueberry___healthy,0.954100
plantwild/extracted/plantwild/images/blueberry leaf/google_0099.jpg,Blueberry___healthy,Strawberry___Leaf_scorch,0.942199
plantwild/extracted/plantwild/images/blueberry leaf/google_0103.jpg,Blueberry___healthy,Tomato___Tomato_Yellow_Leaf_Curl_Virus,0.274531
plantwild/extracted/plantwild/images/blueberry leaf/google_0105.jpg,Blueberry___healthy,"Pepper,_bell___healthy",0.161995
plantwild/extracted/plantwild/images/blueberry leaf/google_0109.jpg,Blueberry___healthy,Tomato___Tomato_Yellow_Leaf_Curl_Virus,0.260020
plantwild/extracted/plantwild/images/blueberry leaf/google_0115.jpg,Blueberry___healthy,"Pepper,_bell___healthy",0.807666
plantwild/extracted/plantwild/images/blueberry leaf/google_0116.jpg,Blueberry___healthy,Corn___healthy,0.921360
plantwild/extracted/plantwild/images/blueberry leaf/google_0121.jpg,Blueberry___healthy,Tomato___Tomato_Yellow_Leaf_Curl_Virus,0.944651
plantwild/extracted/plantwild/images/blueberry leaf/google_0127.jpg,Blueberry___healthy,"Pepper,_bell___healthy",0.840235
plantwild/extracted/plantwild/images/blueberry leaf/google_0132.jpg,Blueberry___healthy,"Pepper,_bell___healthy",0.958624
plantwild/extracted/plantwild/images/blueberry leaf/google_0133.jpg,Blueberry___healthy,"Pepper,_bell___healthy",0.903000
plantwild/extracted/plantwild/images/blueberry leaf/google_0135.jpg,Blueberry___healthy,Cherry___healthy,0.558807
plantwild/extracted/plantwild/images/blueberry leaf/google_0137.jpg,Blueberry___healthy,Soybean___healthy,0.465513
plantwild/extracted/plantwild/images/blueberry leaf/google_0140.jpg,Blueberry___healthy,Tomato___Tomato_Yellow_Leaf_Curl_Virus,0.573168
plantwild/extracted/plantwild/images/blueberry leaf/google_0143.jpg,Blueberry___healthy,"Pepper,_bell___healthy",0.412507
plantwild/extracted/plantwild/images/blueberry leaf/google_0144.jpg,Blueberry___healthy,"Pepper,_bell___healthy",0.939191
plantwild/extracted/plantwild/images/blueberry leaf/google_0145.jpg,Blueberry___healthy,Cherry___healthy,0.822372
plantwild/extracted/plantwild/images/blueberry leaf/google_0165.jpg,Blueberry___healthy,Soybean___healthy,0.826096
plantwild/extracted/plantwild/images/blueberry leaf/google_0169.jpg,Blueberry___healthy,Blueberry___healthy,0.942272
plantwild/extracted/plantwild/images/blueberry leaf/google_0171.jpg,Blueberry___healthy,Cherry___healthy,0.938404
plantwild/extracted/plantwild/images/blueberry leaf/google_0181.jpg,Blueberry___healthy,Blueberry___healthy,0.843690
plantwild/extracted/plantwild/images/blueberry leaf/google_0185.jpg,Blueberry___healthy,"Pepper,_bell___healthy",0.957673
plantwild/extracted/plantwild/images/blueberry leaf/google_0190.jpg,Blueberry___healthy,Cherry___healthy,0.782313
plantwild/extracted/plantwild/images/blueberry leaf/google_0195.jpg,Blueberry___healthy,Blueberry___healthy,0.966137
plantwild/extracted/plantwild/images/blueberry leaf/google_0196.jpg,Blueberry___healthy,Tomato___Tomato_Yellow_Leaf_Curl_Virus,0.806133
plantwild/extracted/plantwild/images/blueberry leaf/google_0199.jpg,Blueberry___healthy,"Pepper,_bell___healthy",0.950233
plantwild/extracted/plantwild/images/blueberry leaf/google_0206.jpg,Blueberry___healthy,"Pepper,_bell___healthy",0.966873
plantwild/extracted/plantwild/images/blueberry leaf/google_0210.jpg,Blueberry___healthy,Cherry___healthy,0.927250
plantwild/extracted/plantwild/images/blueberry leaf/google_0219.jpg,Blueberry___healthy,Tomato___Tomato_Yellow_Leaf_Curl_Virus,0.250847
plantwild/extracted/plantwild/images/blueberry leaf/google_0226.jpg,Blueberry___healthy,"Pepper,_bell___healthy",0.943451
plantwild/extracted/plantwild/images/blueberry leaf/google_0239.jpg,Blueberry___healthy,"Pepper,_bell___healthy",0.897188
plantwild/extracted/plantwild/images/blueberry leaf/google_0240.jpg,Blueberry___healthy,"Pepper,_bell___healthy",0.718127
plantwild/extracted/plantwild/images/blueberry leaf/google_0243.jpg,Blueberry___healthy,Tomato___Tomato_mosaic_virus,0.536739
plantwild/extracted/plantwild/images/blueberry leaf/google_0246.jpg,Blueberry___healthy,"Pepper,_bell___healthy",0.803260
plantwild/extracted/plantwild/images/blueberry leaf/google_0253.jpg,Blueberry___healthy,"Pepper,_bell___healthy",0.474352
plantwild/extracted/plantwild/images/blueberry leaf/google_0279.jpg,Blueberry___healthy,Cherry___healthy,0.409591
plantwild/extracted/plantwild/images/blueberry leaf/google_0283.jpg,Blueberry___healthy,Cherry___healthy,0.279263
plantwild/extracted/plantwild/images/blueberry leaf/google_0287.jpg,Blueberry___healthy,Cherry___healthy,0.863893
plantwild/extracted/plantwild/images/blueberry leaf/google_0290.jpg,Blueberry___healthy,"Pepper,_bell___healthy",0.818994
plantwild/extracted/plantwild/images/blueberry leaf/google_0291.jpg,Blueberry___healthy,Soybean___healthy,0.346233
plantwild/extracted/plantwild/images/blueberry leaf/google_0292.jpg,Blueberry___healthy,"Pepper,_bell___healthy",0.594296
plantwild/extracted/plantwild/images/blueberry leaf/google_0308.jpg,Blueberry___healthy,"Pepper,_bell___healthy",0.945394
plantwild/extracted/plantwild/images/blueberry leaf/google_0309.jpg,Blueberry___healthy,Corn___healthy,0.851768
plantwild/extracted/plantwild/images/blueberry leaf/google_0315.jpg,Blueberry___healthy,"Pepper,_bell___healthy",0.973902
plantwild/extracted/plantwild/images/blueberry leaf/google_0316.jpg,Blueberry___healthy,"Pepper,_bell___healthy",0.914266
plantwild/extracted/plantwild/images/blueberry leaf/google_0319.jpg,Blueberry___healthy,"Pepper,_bell___healthy",0.628972
plantwild/extracted/plantwild/images/blueberry leaf/google_0331.jpg,Blueberry___healthy,"Pepper,_bell___healthy",0.870763
plantwild/extracted/plantwild/images/blueberry leaf/google_0336.jpg,Blueberry___healthy,Strawberry___Leaf_scorch,0.938477
plantwild/extracted/plantwild/images/blueberry leaf/google_0355.jpg,Blueberry___healthy,"Pepper,_bell___healthy",0.824288
plantwild/extracted/plantwild/images/blueberry leaf/google_0360.jpg,Blueberry___healthy,Grape___healthy,0.208841
plantwild/extracted/plantwild/images/blueberry leaf/google_0374.jpg,Blueberry___healthy,"Pepper,_bell___healthy",0.922449
plantwild/extracted/plantwild/images/blueberry leaf/google_0381.jpg,Blueberry___healthy,"Pepper,_bell___healthy",0.897617
plantwild/extracted/plantwild/images/blueberry leaf/google_0398.jpg,Blueberry___healthy,Tomato___Tomato_Yellow_Leaf_Curl_Virus,0.678450
plantwild/extracted/plantwild/images/blueberry leaf/google_0399.jpg,Blueberry___healthy,Blueberry___healthy,0.620754
plantwild/extracted/plantwild/images/blueberry leaf/google_0402.jpg,Blueberry___healthy,"Pepper,_bell___healthy",0.958460
plantwild/extracted/plantwild/images/blueberry leaf/google_0414.jpg,Blueberry___healthy,"Pepper,_bell___healthy",0.573731
plantwild/extracted/plantwild/images/blueberry leaf/google_0419.jpg,Blueberry___healthy,Cherry___healthy,0.735455
plantwild/extracted/plantwild/images/blueberry leaf/google_0431.jpg,Blueberry___healthy,"Pepper,_bell___healthy",0.671449
plantwild/extracted/plantwild/images/blueberry leaf/google_0441.jpg,Blueberry___healthy,Tomato___Tomato_Yellow_Leaf_Curl_Virus,0.682960
plantwild/extracted/plantwild/images/blueberry leaf/google_0454.jpg,Blueberry___healthy,Tomato___Tomato_Yellow_Leaf_Curl_Virus,0.854038
plantwild/extracted/plantwild/images/blueberry leaf/google_0455.jpg,Blueberry___healthy,"Pepper,_bell___healthy",0.967974
plantwild/extracted/plantwild/images/blueberry leaf/google_0481.jpg,Blueberry___healthy,Cherry___healthy,0.871177
plantwild/extracted/plantwild/images/blueberry leaf/google_0482.jpg,Blueberry___healthy,"Pepper,_bell___healthy",0.842793
plantwild/extracted/plantwild/images/blueberry leaf/google_0496.jpg,Blueberry___healthy,"Pepper,_bell___healthy",0.774211
plantwild/extracted/plantwild/images/blueberry leaf/google_0497.jpg,Blueberry___healthy,Cherry___healthy,0.506028
plantwild/extracted/plantwild/images/blueberry leaf/google_0498.jpg,Blueberry___healthy,Cherry___healthy,0.949480
plantwild/extracted/plantwild/images/blueberry leaf/google_0500.jpg,Blueberry___healthy,"Pepper,_bell___healthy",0.727991
plantwild/extracted/plantwild/images/blueberry leaf/google_0501.jpg,Blueberry___healthy,"Pepper,_bell___healthy",0.690704
plantwild/extracted/plantwild/images/blueberry leaf/google_0502.jpg,Blueberry___healthy,Tomato___Late_blight,0.277369
plantwild/extracted/plantwild/images/blueberry leaf/google_0503.jpg,Blueberry___healthy,"Pepper,_bell___healthy",0.882099
plantwild/extracted/plantwild/images/blueberry leaf/google_0504.jpg,Blueberry___healthy,Tomato___Tomato_Yellow_Leaf_Curl_Virus,0.767392
plantwild/extracted/plantwild/images/cherry leaf/1.jpg,Cherry___healthy,Blueberry___healthy,0.837331
plantwild/extracted/plantwild/images/cherry leaf/10.jpg,Cherry___healthy,Raspberry___healthy,0.454947
plantwild/extracted/plantwild/images/cherry leaf/100.jpg,Cherry___healthy,"Pepper,_bell___healthy",0.838986
plantwild/extracted/plantwild/images/cherry leaf/101.jpg,Cherry___healthy,"Pepper,_bell___healthy",0.686571
plantwild/extracted/plantwild/images/cherry leaf/102.jpg,Cherry___healthy,"Pepper,_bell___healthy",0.425800
plantwild/extracted/plantwild/images/cherry leaf/103.jpg,Cherry___healthy,Grape___Esca_(Black_Measles),0.938285
plantwild/extracted/plantwild/images/cherry leaf/104.jpg,Cherry___healthy,Grape___Esca_(Black_Measles),0.785929
plantwild/extracted/plantwild/images/cherry leaf/105.jpg,Cherry___healthy,"Pepper,_bell___healthy",0.970213
plantwild/extracted/plantwild/images/cherry leaf/106.jpg,Cherry___healthy,"Pepper,_bell___healthy",0.376528
plantwild/extracted/plantwild/images/cherry leaf/107.jpg,Cherry___healthy,"Pepper,_bell___healthy",0.957564
plantwild/extracted/plantwild/images/cherry leaf/108.jpg,Cherry___healthy,Corn___healthy,0.515388
plantwild/extracted/plantwild/images/cherry leaf/109.jpg,Cherry___healthy,Raspberry___healthy,0.678616
plantwild/extracted/plantwild/images/cherry leaf/11.jpg,Cherry___healthy,Corn___healthy,0.316398
plantwild/extracted/plantwild/images/cherry leaf/110.jpg,Cherry___healthy,"Pepper,_bell___healthy",0.811911
plantwild/extracted/plantwild/images/cherry leaf/111.jpg,Cherry___healthy,"Pepper,_bell___healthy",0.943093
plantwild/extracted/plantwild/images/cherry leaf/112.jpg,Cherry___healthy,"Pepper,_bell___healthy",0.312751
plantwild/extracted/plantwild/images/cherry leaf/114.jpg,Cherry___healthy,"Pepper,_bell___healthy",0.970912
plantwild/extracted/plantwild/images/cherry leaf/115.jpg,Cherry___healthy,"Pepper,_bell___healthy",0.867043
plantwild/extracted/plantwild/images/cherry leaf/116.jpg,Cherry___healthy,"Pepper,_bell___healthy",0.951876
plantwild/extracted/plantwild/images/cherry leaf/117.jpg,Cherry___healthy,"Pepper,_bell___healthy",0.157192
plantwild/extracted/plantwild/images/cherry leaf/118.jpg,Cherry___healthy,"Pepper,_bell___healthy",0.399367
plantwild/extracted/plantwild/images/cherry leaf/119.jpg,Cherry___healthy,"Pepper,_bell___healthy",0.952264
plantwild/extracted/plantwild/images/cherry leaf/12.jpg,Cherry___healthy,Tomato___Tomato_Yellow_Leaf_Curl_Virus,0.719777
plantwild/extracted/plantwild/images/cherry leaf/120.jpg,Cherry___healthy,"Pepper,_bell___healthy",0.675295
plantwild/extracted/plantwild/images/cherry leaf/121.jpg,Cherry___healthy,"Pepper,_bell___healthy",0.430819
plantwild/extracted/plantwild/images/cherry leaf/122.jpg,Cherry___healthy,"Pepper,_bell___healthy",0.894938
plantwild/extracted/plantwild/images/cherry leaf/123.jpg,Cherry___healthy,"Pepper,_bell___healthy",0.932718
plantwild/extracted/plantwild/images/cherry leaf/124.jpg,Cherry___healthy,"Pepper,_bell___healthy",0.889350
plantwild/extracted/plantwild/images/cherry leaf/125.jpg,Cherry___healthy,Apple___Black_rot,0.612405
plantwild/extracted/plantwild/images/cherry leaf/126.jpg,Cherry___healthy,"Pepper,_bell___healthy",0.682761
plantwild/extracted/plantwild/images/cherry leaf/127.jpg,Cherry___healthy,"Pepper,_bell___healthy",0.937527
plantwild/extracted/plantwild/images/cherry leaf/128.jpg,Cherry___healthy,"Pepper,_bell___healthy",0.959587
plantwild/extracted/plantwild/images/cherry leaf/129.jpg,Cherry___healthy,"Pepper,_bell___healthy",0.728323
plantwild/extracted/plantwild/images/cherry leaf/13.jpg,Cherry___healthy,"Pepper,_bell___healthy",0.629704
plantwild/extracted/plantwild/images/cherry leaf/130.jpg,Cherry___healthy,"Pepper,_bell___healthy",0.434876
plantwild/extracted/plantwild/images/cherry leaf/131.jpg,Cherry___healthy,"Pepper,_bell___healthy",0.932506
plantwild/extracted/plantwild/images/cherry leaf/132.jpg,Cherry___healthy,Grape___Esca_(Black_Measles),0.638383
plantwild/extracted/plantwild/images/cherry leaf/133.jpg,Cherry___healthy,"Pepper,_bell___healthy",0.433545
plantwild/extracted/plantwild/images/cherry leaf/134.jpg,Cherry___healthy,"Pepper,_bell___healthy",0.611986
plantwild/extracted/plantwild/images/cherry leaf/135.jpg,Cherry___healthy,"Pepper,_bell___healthy",0.918952
plantwild/extracted/plantwild/images/cherry leaf/136.jpg,Cherry___healthy,"Pepper,_bell___healthy",0.606161
plantwild/extracted/plantwild/images/cherry leaf/137.jpg,Cherry___healthy,"Pepper,_bell___healthy",0.823899
plantwild/extracted/plantwild/images/cherry leaf/138.jpg,Cherry___healthy,"Pepper,_bell___healthy",0.952236
plantwild/extracted/plantwild/images/cherry leaf/139.jpg,Cherry___healthy,"Pepper,_bell___healthy",0.950728
plantwild/extracted/plantwild/images/cherry leaf/14.jpg,Cherry___healthy,"Pepper,_bell___healthy",0.965342
plantwild/extracted/plantwild/images/cherry leaf/140.jpg,Cherry___healthy,Grape___Esca_(Black_Measles),0.892806
plantwild/extracted/plantwild/images/cherry leaf/141.jpg,Cherry___healthy,"Pepper,_bell___healthy",0.789184
plantwild/extracted/plantwild/images/cherry leaf/143.jpg,Cherry___healthy,"Pepper,_bell___healthy",0.843146
plantwild/extracted/plantwild/images/cherry leaf/144.jpg,Cherry___healthy,Corn___Northern_Leaf_Blight,0.674742
plantwild/extracted/plantwild/images/cherry leaf/145.jpg,Cherry___healthy,Cherry___healthy,0.581081
plantwild/extracted/plantwild/images/cherry leaf/146.jpg,Cherry___healthy,Corn___Cercospora_leaf_spot Gray_leaf_spot,0.145496
plantwild/extracted/plantwild/images/cherry leaf/15.jpg,Cherry___healthy,"Pepper,_bell___healthy",0.897163
plantwild/extracted/plantwild/images/cherry leaf/157.jpg,Cherry___healthy,"Pepper,_bell___healthy",0.622266
plantwild/extracted/plantwild/images/cherry leaf/16.jpg,Cherry___healthy,Orange___Haunglongbing_(Citrus_greening),0.223252
plantwild/extracted/plantwild/images/cherry leaf/161.jpg,Cherry___healthy,Tomato___Tomato_Yellow_Leaf_Curl_Virus,0.670749
plantwild/extracted/plantwild/images/cherry leaf/165.jpg,Cherry___healthy,"Pepper,_bell___healthy",0.920115
plantwild/extracted/plantwild/images/cherry leaf/166.jpg,Cherry___healthy,"Pepper,_bell___healthy",0.709392
plantwild/extracted/plantwild/images/cherry leaf/167.jpg,Cherry___healthy,Grape___Esca_(Black_Measles),0.534767
plantwild/extracted/plantwild/images/cherry leaf/168.jpg,Cherry___healthy,"Pepper,_bell___healthy",0.785321
plantwild/extracted/plantwild/images/cherry leaf/17.jpg,Cherry___healthy,"Pepper,_bell___healthy",0.468875
plantwild/extracted/plantwild/images/cherry leaf/170.jpg,Cherry___healthy,Grape___Esca_(Black_Measles),0.534767
plantwild/extracted/plantwild/images/cherry leaf/171.jpg,Cherry___healthy,"Pepper,_bell___healthy",0.785321
plantwild/extracted/plantwild/images/cherry leaf/172.jpg,Cherry___healthy,Tomato___Tomato_Yellow_Leaf_Curl_Virus,0.416494
plantwild/extracted/plantwild/images/cherry leaf/173.jpg,Cherry___healthy,Cherry___healthy,0.512289
plantwild/extracted/plantwild/images/cherry leaf/174.jpg,Cherry___healthy,"Pepper,_bell___healthy",0.764236
plantwild/extracted/plantwild/images/cherry leaf/175.jpg,Cherry___healthy,"Pepper,_bell___healthy",0.719021
plantwild/extracted/plantwild/images/cherry leaf/176.jpg,Cherry___healthy,Grape___Esca_(Black_Measles),0.115959
plantwild/extracted/plantwild/images/cherry leaf/177.jpg,Cherry___healthy,Tomato___healthy,0.570362
plantwild/extracted/plantwild/images/cherry leaf/178.jpg,Cherry___healthy,"Pepper,_bell___healthy",0.279864
plantwild/extracted/plantwild/images/cherry leaf/18.jpg,Cherry___healthy,Tomato___Tomato_Yellow_Leaf_Curl_Virus,0.488714
plantwild/extracted/plantwild/images/cherry leaf/180.jpg,Cherry___healthy,Tomato___Tomato_Yellow_Leaf_Curl_Virus,0.834742
plantwild/extracted/plantwild/images/cherry leaf/181.jpg,Cherry___healthy,"Pepper,_bell___healthy",0.954693
plantwild/extracted/plantwild/images/cherry leaf/182.jpg,Cherry___healthy,Tomato___healthy,0.292594
plantwild/extracted/plantwild/images/cherry leaf/183.jpg,Cherry___healthy,Tomato___healthy,0.357075
plantwild/extracted/plantwild/images/cherry leaf/184.jpg,Cherry___healthy,Orange___Haunglongbing_(Citrus_greening),0.202256
plantwild/extracted/plantwild/images/cherry leaf/185.jpg,Cherry___healthy,"Pepper,_bell___healthy",0.543821
plantwild/extracted/plantwild/images/cherry leaf/186.jpg,Cherry___healthy,"Pepper,_bell___healthy",0.342144
plantwild/extracted/plantwild/images/cherry leaf/187.jpg,Cherry___healthy,Tomato___healthy,0.286767
plantwild/extracted/plantwild/images/cherry leaf/188.jpg,Cherry___healthy,Strawberry___Leaf_scorch,0.363430
plantwild/extracted/plantwild/images/cherry leaf/19.jpg,Cherry___healthy,"Pepper,_bell___healthy",0.940433
plantwild/extracted/plantwild/images/cherry leaf/191.jpg,Cherry___healthy,"Pepper,_bell___healthy",0.910254
plantwild/extracted/plantwild/images/cherry leaf/192.jpg,Cherry___healthy,Orange___Haunglongbing_(Citrus_greening),0.401186
plantwild/extracted/plantwild/images/cherry leaf/193.jpg,Cherry___healthy,"Pepper,_bell___healthy",0.536179
plantwild/extracted/plantwild/images/cherry leaf/194.jpg,Cherry___healthy,Strawberry___Leaf_scorch,0.387243
plantwild/extracted/plantwild/images/cherry leaf/195.jpg,Cherry___healthy,"Pepper,_bell___healthy",0.614328
plantwild/extracted/plantwild/images/cherry leaf/2.jpg,Cherry___healthy,"Pepper,_bell___healthy",0.698519
plantwild/extracted/plantwild/images/cherry leaf/20.jpg,Cherry___healthy,Tomato___Tomato_Yellow_Leaf_Curl_Virus,0.335245
plantwild/extracted/plantwild/images/cherry leaf/21.jpg,Cherry___healthy,Raspberry___healthy,0.494413
plantwild/extracted/plantwild/images/cherry leaf/22.jpg,Cherry___healthy,Raspberry___healthy,0.697479
plantwild/extracted/plantwild/images/cherry leaf/23.jpg,Cherry___healthy,Tomato___Tomato_Yellow_Leaf_Curl_Virus,0.883089
plantwild/extracted/plantwild/images/cherry leaf/24.jpg,Cherry___healthy,"Pepper,_bell___healthy",0.968689
plantwild/extracted/plantwild/images/cherry leaf/25.jpg,Cherry___healthy,"Pepper,_bell___healthy",0.907780
plantwild/extracted/plantwild/images/cherry leaf/26.jpg,Cherry___healthy,Tomato___healthy,0.581117
plantwild/extracted/plantwild/images/cherry leaf/27.jpg,Cherry___healthy,"Pepper,_bell___healthy",0.749956
plantwild/extracted/plantwild/images/cherry leaf/28.jpg,Cherry___healthy,Tomato___healthy,0.484827
plantwild/extracted/plantwild/images/cherry leaf/29.jpg,Cherry___healthy,"Pepper,_bell___healthy",0.853370
plantwild/extracted/plantwild/images/cherry leaf/3.jpg,Cherry___healthy,"Pepper,_bell___healthy",0.867437
plantwild/extracted/plantwild/images/cherry leaf/30.jpg,Cherry___healthy,Strawberry___Leaf_scorch,0.528420
plantwild/extracted/plantwild/images/cherry leaf/31.jpg,Cherry___healthy,"Pepper,_bell___healthy",0.620940
plantwild/extracted/plantwild/images/cherry leaf/32.jpg,Cherry___healthy,"Pepper,_bell___healthy",0.884695
plantwild/extracted/plantwild/images/cherry leaf/33.jpg,Cherry___healthy,"Pepper,_bell___healthy",0.830183
plantwild/extracted/plantwild/images/cherry leaf/34.jpg,Cherry___healthy,"Pepper,_bell___healthy",0.833094
plantwild/extracted/plantwild/images/cherry leaf/35.jpg,Cherry___healthy,"Pepper,_bell___healthy",0.958472
plantwild/extracted/plantwild/images/cherry leaf/36.jpg,Cherry___healthy,Tomato___healthy,0.549901
plantwild/extracted/plantwild/images/cherry leaf/37.jpg,Cherry___healthy,"Pepper,_bell___healthy",0.304323
plantwild/extracted/plantwild/images/cherry leaf/38.jpg,Cherry___healthy,"Pepper,_bell___healthy",0.913194
plantwild/extracted/plantwild/images/cherry leaf/39.jpg,Cherry___healthy,"Pepper,_bell___healthy",0.769555
plantwild/extracted/plantwild/images/cherry leaf/4.jpg,Cherry___healthy,Tomato___Tomato_Yellow_Leaf_Curl_Virus,0.278158
plantwild/extracted/plantwild/images/cherry leaf/40.jpg,Cherry___healthy,Blueberry___healthy,0.856377
plantwild/extracted/plantwild/images/cherry leaf/41.jpg,Cherry___healthy,"Pepper,_bell___healthy",0.700067
plantwild/extracted/plantwild/images/cherry leaf/42.jpg,Cherry___healthy,Tomato___Tomato_Yellow_Leaf_Curl_Virus,0.864686
plantwild/extracted/plantwild/images/cherry leaf/44.jpg,Cherry___healthy,Tomato___healthy,0.523972
plantwild/extracted/plantwild/images/cherry leaf/45.jpg,Cherry___healthy,Tomato___Bacterial_spot,0.120847
plantwild/extracted/plantwild/images/cherry leaf/46.jpg,Cherry___healthy,"Pepper,_bell___healthy",0.167975
plantwild/extracted/plantwild/images/cherry leaf/47.jpg,Cherry___healthy,Tomato___Tomato_Yellow_Leaf_Curl_Virus,0.429844
plantwild/extracted/plantwild/images/cherry leaf/48.jpg,Cherry___healthy,Grape___Esca_(Black_Measles),0.230884
plantwild/extracted/plantwild/images/cherry leaf/49.jpg,Cherry___healthy,"Pepper,_bell___healthy",0.892556
plantwild/extracted/plantwild/images/cherry leaf/5.jpg,Cherry___healthy,Tomato___Tomato_Yellow_Leaf_Curl_Virus,0.773603
plantwild/extracted/plantwild/images/cherry leaf/50.jpg,Cherry___healthy,"Pepper,_bell___healthy",0.645082
plantwild/extracted/plantwild/images/cherry leaf/51.jpg,Cherry___healthy,Grape___Esca_(Black_Measles),0.763737
plantwild/extracted/plantwild/images/cherry leaf/52.jpg,Cherry___healthy,"Pepper,_bell___healthy",0.861655
plantwild/extracted/plantwild/images/cherry leaf/53.jpg,Cherry___healthy,"Pepper,_bell___healthy",0.856017
plantwild/extracted/plantwild/images/cherry leaf/54.jpg,Cherry___healthy,"Pepper,_bell___healthy",0.525047
plantwild/extracted/plantwild/images/cherry leaf/55.jpg,Cherry___healthy,Tomato___Tomato_Yellow_Leaf_Curl_Virus,0.359744
plantwild/extracted/plantwild/images/cherry leaf/56.jpg,Cherry___healthy,"Pepper,_bell___healthy",0.299313
plantwild/extracted/plantwild/images/cherry leaf/57.jpg,Cherry___healthy,Blueberry___healthy,0.206028
plantwild/extracted/plantwild/images/cherry leaf/58.jpg,Cherry___healthy,Orange___Haunglongbing_(Citrus_greening),0.938234
plantwild/extracted/plantwild/images/cherry leaf/59.jpg,Cherry___healthy,Cherry___healthy,0.860483
plantwild/extracted/plantwild/images/cherry leaf/6.jpg,Cherry___healthy,Raspberry___healthy,0.431055
plantwild/extracted/plantwild/images/cherry leaf/60.jpg,Cherry___healthy,"Pepper,_bell___healthy",0.930799
plantwild/extracted/plantwild/images/cherry leaf/61.jpg,Cherry___healthy,"Pepper,_bell___healthy",0.458732
plantwild/extracted/plantwild/images/cherry leaf/62.jpg,Cherry___healthy,"Pepper,_bell___healthy",0.863828
plantwild/extracted/plantwild/images/cherry leaf/63.jpg,Cherry___healthy,"Pepper,_bell___healthy",0.398565
plantwild/extracted/plantwild/images/cherry leaf/64.jpg,Cherry___healthy,"Pepper,_bell___healthy",0.958595
plantwild/extracted/plantwild/images/cherry leaf/65.jpg,Cherry___healthy,"Pepper,_bell___healthy",0.643128
plantwild/extracted/plantwild/images/cherry leaf/66.jpg,Cherry___healthy,"Pepper,_bell___healthy",0.967059
plantwild/extracted/plantwild/images/cherry leaf/67.jpg,Cherry___healthy,Grape___Black_rot,0.520803
plantwild/extracted/plantwild/images/cherry leaf/68.jpg,Cherry___healthy,Orange___Haunglongbing_(Citrus_greening),0.839833
plantwild/extracted/plantwild/images/cherry leaf/69.jpg,Cherry___healthy,"Pepper,_bell___healthy",0.939578
plantwild/extracted/plantwild/images/cherry leaf/7.jpg,Cherry___healthy,"Pepper,_bell___healthy",0.967875
plantwild/extracted/plantwild/images/cherry leaf/70.jpg,Cherry___healthy,Tomato___Tomato_Yellow_Leaf_Curl_Virus,0.355968
plantwild/extracted/plantwild/images/cherry leaf/71.jpg,Cherry___healthy,"Pepper,_bell___healthy",0.962930
plantwild/extracted/plantwild/images/cherry leaf/72.jpg,Cherry___healthy,"Pepper,_bell___healthy",0.764013
plantwild/extracted/plantwild/images/cherry leaf/73.jpg,Cherry___healthy,Orange___Haunglongbing_(Citrus_greening),0.180286
plantwild/extracted/plantwild/images/cherry leaf/74.jpg,Cherry___healthy,"Pepper,_bell___healthy",0.825832
plantwild/extracted/plantwild/images/cherry leaf/75.jpg,Cherry___healthy,"Pepper,_bell___healthy",0.950141
plantwild/extracted/plantwild/images/cherry leaf/76.jpg,Cherry___healthy,Corn___healthy,0.308751
plantwild/extracted/plantwild/images/cherry leaf/77.jpg,Cherry___healthy,"Pepper,_bell___healthy",0.971012
plantwild/extracted/plantwild/images/cherry leaf/78.jpg,Cherry___healthy,"Pepper,_bell___healthy",0.943357
plantwild/extracted/plantwild/images/cherry leaf/79.jpg,Cherry___healthy,"Pepper,_bell___healthy",0.913501
plantwild/extracted/plantwild/images/cherry leaf/8.jpg,Cherry___healthy,"Pepper,_bell___healthy",0.881258
plantwild/extracted/plantwild/images/cherry leaf/80.jpg,Cherry___healthy,"Pepper,_bell___healthy",0.652394
plantwild/extracted/plantwild/images/cherry leaf/81.jpg,Cherry___healthy,Tomato___Tomato_Yellow_Leaf_Curl_Virus,0.862723
plantwild/extracted/plantwild/images/cherry leaf/82.jpg,Cherry___healthy,"Pepper,_bell___healthy",0.919871
plantwild/extracted/plantwild/images/cherry leaf/83.jpg,Cherry___healthy,"Pepper,_bell___healthy",0.644444
plantwild/extracted/plantwild/images/cherry leaf/84.jpg,Cherry___healthy,"Pepper,_bell___healthy",0.963072
plantwild/extracted/plantwild/images/cherry leaf/85.jpg,Cherry___healthy,"Pepper,_bell___healthy",0.493939
plantwild/extracted/plantwild/images/cherry leaf/86.jpg,Cherry___healthy,Blueberry___healthy,0.496274
plantwild/extracted/plantwild/images/cherry leaf/87.jpg,Cherry___healthy,"Pepper,_bell___healthy",0.747010
plantwild/extracted/plantwild/images/cherry leaf/88.jpg,Cherry___healthy,"Pepper,_bell___healthy",0.957303
plantwild/extracted/plantwild/images/cherry leaf/89.jpg,Cherry___healthy,"Pepper,_bell___healthy",0.964931
plantwild/extracted/plantwild/images/cherry leaf/9.jpg,Cherry___healthy,"Pepper,_bell___healthy",0.790800
plantwild/extracted/plantwild/images/cherry leaf/90.jpg,Cherry___healthy,Tomato___Tomato_Yellow_Leaf_Curl_Virus,0.711808
plantwild/extracted/plantwild/images/cherry leaf/91.jpg,Cherry___healthy,"Pepper,_bell___healthy",0.629090
plantwild/extracted/plantwild/images/cherry leaf/92.jpg,Cherry___healthy,"Pepper,_bell___healthy",0.937776
plantwild/extracted/plantwild/images/cherry leaf/93.jpg,Cherry___healthy,"Pepper,_bell___healthy",0.597633
plantwild/extracted/plantwild/images/cherry leaf/94.jpg,Cherry___healthy,"Pepper,_bell___healthy",0.920654
plantwild/extracted/plantwild/images/cherry leaf/95.jpg,Cherry___healthy,"Pepper,_bell___healthy",0.911831
plantwild/extracted/plantwild/images/cherry leaf/96.jpg,Cherry___healthy,"Pepper,_bell___healthy",0.841501
plantwild/extracted/plantwild/images/cherry leaf/97.jpg,Cherry___healthy,"Pepper,_bell___healthy",0.921553
plantwild/extracted/plantwild/images/cherry leaf/98.jpg,Cherry___healthy,"Pepper,_bell___healthy",0.934153
plantwild/extracted/plantwild/images/cherry leaf/99.jpg,Cherry___healthy,"Pepper,_bell___healthy",0.912451
plantwild/extracted/plantwild/images/cherry leaf/google_0000.jpg,Cherry___healthy,Cherry___healthy,0.500913
plantwild/extracted/plantwild/images/cherry leaf/google_0001.jpg,Cherry___healthy,"Pepper,_bell___healthy",0.881180
plantwild/extracted/plantwild/images/cherry leaf/google_0002.jpg,Cherry___healthy,"Pepper,_bell___healthy",0.700785
plantwild/extracted/plantwild/images/cherry leaf/google_0004.jpg,Cherry___healthy,Corn___healthy,0.787587
plantwild/extracted/plantwild/images/cherry leaf/google_0005.jpg,Cherry___healthy,"Pepper,_bell___healthy",0.933875
plantwild/extracted/plantwild/images/cherry leaf/google_0006.jpg,Cherry___healthy,"Pepper,_bell___healthy",0.848576
plantwild/extracted/plantwild/images/cherry leaf/google_0007.jpg,Cherry___healthy,"Pepper,_bell___healthy",0.596933
plantwild/extracted/plantwild/images/cherry leaf/google_0008.jpg,Cherry___healthy,"Pepper,_bell___healthy",0.897308
plantwild/extracted/plantwild/images/cherry leaf/google_0009.jpg,Cherry___healthy,Orange___Haunglongbing_(Citrus_greening),0.132711
plantwild/extracted/plantwild/images/cherry leaf/google_0011.jpg,Cherry___healthy,"Pepper,_bell___healthy",0.767162
plantwild/extracted/plantwild/images/cherry leaf/google_0012.jpg,Cherry___healthy,Strawberry___Leaf_scorch,0.657250
plantwild/extracted/plantwild/images/cherry leaf/google_0014.jpg,Cherry___healthy,Orange___Haunglongbing_(Citrus_greening),0.426738
plantwild/extracted/plantwild/images/cherry leaf/google_0015.jpg,Cherry___healthy,Blueberry___healthy,0.326970
plantwild/extracted/plantwild/images/cherry leaf/google_0016.jpg,Cherry___healthy,"Pepper,_bell___healthy",0.480005
plantwild/extracted/plantwild/images/cherry leaf/google_0017.jpg,Cherry___healthy,"Pepper,_bell___healthy",0.762400
plantwild/extracted/plantwild/images/cherry leaf/google_0018.jpg,Cherry___healthy,Corn___healthy,0.957409
plantwild/extracted/plantwild/images/cherry leaf/google_0026.jpg,Cherry___healthy,"Pepper,_bell___healthy",0.952862
plantwild/extracted/plantwild/images/cherry leaf/google_0031.jpg,Cherry___healthy,"Pepper,_bell___healthy",0.741079
plantwild/extracted/plantwild/images/cherry leaf/google_0033.jpg,Cherry___healthy,Tomato___Tomato_Yellow_Leaf_Curl_Virus,0.780368
plantwild/extracted/plantwild/images/cherry leaf/google_0036.jpg,Cherry___healthy,"Pepper,_bell___healthy",0.898604
plantwild/extracted/plantwild/images/cherry leaf/google_0041.jpg,Cherry___healthy,"Pepper,_bell___healthy",0.909628
plantwild/extracted/plantwild/images/cherry leaf/google_0042.jpg,Cherry___healthy,Cherry___healthy,0.508565
plantwild/extracted/plantwild/images/cherry leaf/google_0043.jpg,Cherry___healthy,"Pepper,_bell___healthy",0.593910
plantwild/extracted/plantwild/images/cherry leaf/google_0045.jpg,Cherry___healthy,"Pepper,_bell___healthy",0.625135
plantwild/extracted/plantwild/images/cherry leaf/google_0048.jpg,Cherry___healthy,"Pepper,_bell___healthy",0.485084
plantwild/extracted/plantwild/images/cherry leaf/google_0054.jpg,Cherry___healthy,Tomato___healthy,0.482806
plantwild/extracted/plantwild/images/cherry leaf/google_0055.jpg,Cherry___healthy,"Pepper,_bell___healthy",0.724080
plantwild/extracted/plantwild/images/cherry leaf/google_0056.jpg,Cherry___healthy,Raspberry___healthy,0.941348
plantwild/extracted/plantwild/images/cherry leaf/google_0057.jpg,Cherry___healthy,Blueberry___healthy,0.211814
plantwild/extracted/plantwild/images/cherry leaf/google_0061.jpg,Cherry___healthy,"Pepper,_bell___healthy",0.870865
plantwild/extracted/plantwild/images/cherry leaf/google_0062.jpg,Cherry___healthy,Cherry___healthy,0.639544
plantwild/extracted/plantwild/images/cherry leaf/google_0063.jpg,Cherry___healthy,Corn___healthy,0.123815
plantwild/extracted/plantwild/images/cherry leaf/google_0068.jpg,Cherry___healthy,Corn___healthy,0.905159
plantwild/extracted/plantwild/images/cherry leaf/google_0069.jpg,Cherry___healthy,"Pepper,_bell___healthy",0.867805
plantwild/extracted/plantwild/images/cherry leaf/google_0071.jpg,Cherry___healthy,"Pepper,_bell___healthy",0.953615
plantwild/extracted/plantwild/images/cherry leaf/google_0078.jpg,Cherry___healthy,"Pepper,_bell___healthy",0.824852
plantwild/extracted/plantwild/images/cherry leaf/google_0079.jpg,Cherry___healthy,"Pepper,_bell___healthy",0.965064
plantwild/extracted/plantwild/images/cherry leaf/google_0084.jpg,Cherry___healthy,"Pepper,_bell___healthy",0.423441
plantwild/extracted/plantwild/images/cherry leaf/google_0087.jpg,Cherry___healthy,Corn___healthy,0.335962
plantwild/extracted/plantwild/images/cherry leaf/google_0090.jpg,Cherry___healthy,"Pepper,_bell___healthy",0.531712
plantwild/extracted/plantwild/images/cherry leaf/google_0091.jpg,Cherry___healthy,"Pepper,_bell___healthy",0.559236
plantwild/extracted/plantwild/images/cherry leaf/google_0106.jpg,Cherry___healthy,"Pepper,_bell___healthy",0.909513
plantwild/extracted/plantwild/images/cherry leaf/google_0107.jpg,Cherry___healthy,"Pepper,_bell___healthy",0.722745
plantwild/extracted/plantwild/images/cherry leaf/google_0111.jpg,Cherry___healthy,Blueberry___healthy,0.928133
plantwild/extracted/plantwild/images/cherry leaf/google_0120.jpg,Cherry___healthy,Corn___healthy,0.341208
plantwild/extracted/plantwild/images/cherry leaf/google_0121.jpg,Cherry___healthy,"Pepper,_bell___healthy",0.280420
plantwild/extracted/plantwild/images/cherry leaf/google_0123.jpg,Cherry___healthy,"Pepper,_bell___healthy",0.406562
plantwild/extracted/plantwild/images/cherry leaf/google_0124.jpg,Cherry___healthy,"Pepper,_bell___healthy",0.877233
plantwild/extracted/plantwild/images/cherry leaf/google_0128.jpg,Cherry___healthy,Corn___healthy,0.959066
plantwild/extracted/plantwild/images/cherry leaf/google_0129.jpg,Cherry___healthy,"Pepper,_bell___healthy",0.947811
plantwild/extracted/plantwild/images/cherry leaf/google_0147.jpg,Cherry___healthy,Strawberry___Leaf_scorch,0.514735
plantwild/extracted/plantwild/images/cherry leaf/google_0149.jpg,Cherry___healthy,Tomato___Tomato_Yellow_Leaf_Curl_Virus,0.844648
plantwild/extracted/plantwild/images/cherry leaf/google_0152.jpg,Cherry___healthy,"Pepper,_bell___healthy",0.471299
plantwild/extracted/plantwild/images/cherry leaf/google_0156.jpg,Cherry___healthy,"Pepper,_bell___healthy",0.944351
plantwild/extracted/plantwild/images/cherry leaf/google_0158.jpg,Cherry___healthy,Orange___Haunglongbing_(Citrus_greening),0.411856
plantwild/extracted/plantwild/images/cherry leaf/google_0162.jpg,Cherry___healthy,"Pepper,_bell___healthy",0.900340
plantwild/extracted/plantwild/images/cherry leaf/google_0163.jpg,Cherry___healthy,Cherry___healthy,0.925704
plantwild/extracted/plantwild/images/cherry leaf/google_0165.jpg,Cherry___healthy,Tomato___healthy,0.455331
plantwild/extracted/plantwild/images/cherry leaf/google_0166.jpg,Cherry___healthy,Cherry___healthy,0.764660
plantwild/extracted/plantwild/images/cherry leaf/google_0173.jpg,Cherry___healthy,"Pepper,_bell___healthy",0.476650
plantwild/extracted/plantwild/images/cherry leaf/google_0182.jpg,Cherry___healthy,"Pepper,_bell___healthy",0.953909
plantwild/extracted/plantwild/images/cherry leaf/google_0184.jpg,Cherry___healthy,Corn___healthy,0.912084
plantwild/extracted/plantwild/images/cherry leaf/google_0193.jpg,Cherry___healthy,"Pepper,_bell___healthy",0.965792
plantwild/extracted/plantwild/images/cherry leaf/google_0198.jpg,Cherry___healthy,Strawberry___Leaf_scorch,0.803238
plantwild/extracted/plantwild/images/cherry leaf/google_0204.jpg,Cherry___healthy,"Pepper,_bell___healthy",0.973948
plantwild/extracted/plantwild/images/cherry leaf/google_0205.jpg,Cherry___healthy,Blueberry___healthy,0.258181
plantwild/extracted/plantwild/images/cherry leaf/google_0209.jpg,Cherry___healthy,Strawberry___Leaf_scorch,0.777917
plantwild/extracted/plantwild/images/cherry leaf/google_0211.jpg,Cherry___healthy,"Pepper,_bell___healthy",0.537726
plantwild/extracted/plantwild/images/cherry leaf/google_0212.jpg,Cherry___healthy,"Pepper,_bell___healthy",0.359132
plantwild/extracted/plantwild/images/cherry leaf/google_0213.jpg,Cherry___healthy,"Pepper,_bell___healthy",0.940542
plantwild/extracted/plantwild/images/cherry leaf/google_0215.jpg,Cherry___healthy,Strawberry___Leaf_scorch,0.869671
plantwild/extracted/plantwild/images/cherry leaf/google_0220.jpg,Cherry___healthy,"Pepper,_bell___healthy",0.608667
plantwild/extracted/plantwild/images/cherry leaf/google_0224.jpg,Cherry___healthy,Tomato___healthy,0.244796
plantwild/extracted/plantwild/images/cherry leaf/google_0225.jpg,Cherry___healthy,"Pepper,_bell___healthy",0.519064
plantwild/extracted/plantwild/images/cherry leaf/google_0228.jpg,Cherry___healthy,"Pepper,_bell___healthy",0.860086
plantwild/extracted/plantwild/images/cherry leaf/google_0229.jpg,Cherry___healthy,"Pepper,_bell___healthy",0.965579
plantwild/extracted/plantwild/images/cherry leaf/google_0236.jpg,Cherry___healthy,"Pepper,_bell___healthy",0.945177
plantwild/extracted/plantwild/images/cherry leaf/google_0237.jpg,Cherry___healthy,Blueberry___healthy,0.490863
plantwild/extracted/plantwild/images/cherry leaf/google_0243.jpg,Cherry___healthy,"Pepper,_bell___healthy",0.955786
plantwild/extracted/plantwild/images/cherry leaf/google_0246.jpg,Cherry___healthy,"Pepper,_bell___healthy",0.573060
plantwild/extracted/plantwild/images/cherry leaf/google_0249.jpg,Cherry___healthy,Corn___healthy,0.891251
plantwild/extracted/plantwild/images/cherry leaf/google_0256.jpg,Cherry___healthy,Strawberry___Leaf_scorch,0.923843
plantwild/extracted/plantwild/images/cherry leaf/google_0258.jpg,Cherry___healthy,"Pepper,_bell___healthy",0.947613
plantwild/extracted/plantwild/images/cherry leaf/google_0263.jpg,Cherry___healthy,"Pepper,_bell___healthy",0.965586
plantwild/extracted/plantwild/images/cherry leaf/google_0282.jpg,Cherry___healthy,Corn___healthy,0.583299
plantwild/extracted/plantwild/images/cherry leaf/google_0285.jpg,Cherry___healthy,"Pepper,_bell___healthy",0.772820
plantwild/extracted/plantwild/images/cherry leaf/google_0286.jpg,Cherry___healthy,"Pepper,_bell___healthy",0.953712
plantwild/extracted/plantwild/images/cherry leaf/google_0321.jpg,Cherry___healthy,"Pepper,_bell___healthy",0.951783
plantwild/extracted/plantwild/images/cherry leaf/google_0322.jpg,Cherry___healthy,Cherry___Powdery_mildew,0.698348
plantwild/extracted/plantwild/images/cherry leaf/google_0323.jpg,Cherry___healthy,Orange___Haunglongbing_(Citrus_greening),0.302612
plantwild/extracted/plantwild/images/cherry leaf/google_0332.jpg,Cherry___healthy,"Pepper,_bell___healthy",0.644485
plantwild/extracted/plantwild/images/cherry leaf/google_0335.jpg,Cherry___healthy,"Pepper,_bell___healthy",0.951092
plantwild/extracted/plantwild/images/cherry leaf/google_0348.jpg,Cherry___healthy,Tomato___Tomato_Yellow_Leaf_Curl_Virus,0.437145
plantwild/extracted/plantwild/images/cherry leaf/google_0349.jpg,Cherry___healthy,Cherry___healthy,0.933551
plantwild/extracted/plantwild/images/cherry leaf/google_0350.jpg,Cherry___healthy,"Pepper,_bell___healthy",0.459540
plantwild/extracted/plantwild/images/cherry leaf/google_0358.jpg,Cherry___healthy,"Pepper,_bell___healthy",0.928448
plantwild/extracted/plantwild/images/cherry leaf/google_0369.jpg,Cherry___healthy,"Pepper,_bell___healthy",0.938231
plantwild/extracted/plantwild/images/cherry leaf/google_0371.jpg,Cherry___healthy,Apple___Black_rot,0.276270
plantwild/extracted/plantwild/images/cherry leaf/google_0382.jpg,Cherry___healthy,Blueberry___healthy,0.589336
plantwild/extracted/plantwild/images/cherry leaf/google_0386.jpg,Cherry___healthy,Corn___healthy,0.927328
plantwild/extracted/plantwild/images/cherry leaf/google_0399.jpg,Cherry___healthy,Corn___healthy,0.220503
plantwild/extracted/plantwild/images/cherry leaf/google_0406.jpg,Cherry___healthy,Cherry___healthy,0.719855
plantwild/extracted/plantwild/images/cherry leaf/google_0408.jpg,Cherry___healthy,"Pepper,_bell___healthy",0.915710
plantwild/extracted/plantwild/images/cherry leaf/google_0415.jpg,Cherry___healthy,"Pepper,_bell___healthy",0.894982
plantwild/extracted/plantwild/images/cherry leaf/google_0425.jpg,Cherry___healthy,Cherry___healthy,0.642030
plantwild/extracted/plantwild/images/cherry leaf/google_0438.jpg,Cherry___healthy,"Pepper,_bell___healthy",0.929675
plantwild/extracted/plantwild/images/cherry leaf/google_0443.jpg,Cherry___healthy,"Pepper,_bell___healthy",0.766902
plantwild/extracted/plantwild/images/cherry leaf/google_0453.jpg,Cherry___healthy,"Pepper,_bell___healthy",0.953347
plantwild/extracted/plantwild/images/cherry leaf/google_0455.jpg,Cherry___healthy,"Pepper,_bell___healthy",0.672350
plantwild/extracted/plantwild/images/cherry leaf/google_0456.jpg,Cherry___healthy,Blueberry___healthy,0.235891
plantwild/extracted/plantwild/images/cherry leaf/google_0461.jpg,Cherry___healthy,"Pepper,_bell___healthy",0.785676
plantwild/extracted/plantwild/images/cherry leaf/google_0463.jpg,Cherry___healthy,"Pepper,_bell___healthy",0.967385
plantwild/extracted/plantwild/images/cherry leaf/google_0467.jpg,Cherry___healthy,Orange___Haunglongbing_(Citrus_greening),0.813615
plantwild/extracted/plantwild/images/cherry leaf/google_0477.jpg,Cherry___healthy,"Pepper,_bell___healthy",0.953600
plantwild/extracted/plantwild/images/cherry powdery mildew/10.jpg,Cherry___Powdery_mildew,"Pepper,_bell___healthy",0.715779
plantwild/extracted/plantwild/images/cherry powdery mildew/102.jpg,Cherry___Powdery_mildew,"Pepper,_bell___healthy",0.539126
plantwild/extracted/plantwild/images/cherry powdery mildew/103.jpg,Cherry___Powdery_mildew,"Pepper,_bell___healthy",0.852656
plantwild/extracted/plantwild/images/cherry powdery mildew/106.jpg,Cherry___Powdery_mildew,"Pepper,_bell___healthy",0.688870
plantwild/extracted/plantwild/images/cherry powdery mildew/107.jpg,Cherry___Powdery_mildew,"Pepper,_bell___healthy",0.792465
plantwild/extracted/plantwild/images/cherry powdery mildew/108.jpg,Cherry___Powdery_mildew,Tomato___Early_blight,0.762211
plantwild/extracted/plantwild/images/cherry powdery mildew/109.jpg,Cherry___Powdery_mildew,"Pepper,_bell___healthy",0.375754
plantwild/extracted/plantwild/images/cherry powdery mildew/12.jpg,Cherry___Powdery_mildew,Strawberry___Leaf_scorch,0.795196
plantwild/extracted/plantwild/images/cherry powdery mildew/13.jpg,Cherry___Powdery_mildew,Cherry___healthy,0.711519
plantwild/extracted/plantwild/images/cherry powdery mildew/14.jpg,Cherry___Powdery_mildew,"Pepper,_bell___healthy",0.516527
plantwild/extracted/plantwild/images/cherry powdery mildew/141.jpg,Cherry___Powdery_mildew,Strawberry___healthy,0.316561
plantwild/extracted/plantwild/images/cherry powdery mildew/15.jpg,Cherry___Powdery_mildew,Strawberry___Leaf_scorch,0.913292
plantwild/extracted/plantwild/images/cherry powdery mildew/16.jpg,Cherry___Powdery_mildew,Cherry___healthy,0.438711
plantwild/extracted/plantwild/images/cherry powdery mildew/17.jpg,Cherry___Powdery_mildew,Corn___healthy,0.941114
plantwild/extracted/plantwild/images/cherry powdery mildew/18.jpg,Cherry___Powdery_mildew,"Pepper,_bell___healthy",0.611334
plantwild/extracted/plantwild/images/cherry powdery mildew/2.jpg,Cherry___Powdery_mildew,Strawberry___Leaf_scorch,0.374972
plantwild/extracted/plantwild/images/cherry powdery mildew/20.jpg,Cherry___Powdery_mildew,Cherry___healthy,0.833907
plantwild/extracted/plantwild/images/cherry powdery mildew/21.jpg,Cherry___Powdery_mildew,Tomato___healthy,0.461553
plantwild/extracted/plantwild/images/cherry powdery mildew/22.jpg,Cherry___Powdery_mildew,Strawberry___Leaf_scorch,0.934598
plantwild/extracted/plantwild/images/cherry powdery mildew/24.jpg,Cherry___Powdery_mildew,Tomato___Bacterial_spot,0.194940
plantwild/extracted/plantwild/images/cherry powdery mildew/25.jpg,Cherry___Powdery_mildew,"Pepper,_bell___healthy",0.922174
plantwild/extracted/plantwild/images/cherry powdery mildew/26.jpg,Cherry___Powdery_mildew,"Pepper,_bell___healthy",0.600386
plantwild/extracted/plantwild/images/cherry powdery mildew/27.jpg,Cherry___Powdery_mildew,Strawberry___Leaf_scorch,0.682669
plantwild/extracted/plantwild/images/cherry powdery mildew/28.jpg,Cherry___Powdery_mildew,Tomato___healthy,0.259694
plantwild/extracted/plantwild/images/cherry powdery mildew/29.jpg,Cherry___Powdery_mildew,Squash___Powdery_mildew,0.962010
plantwild/extracted/plantwild/images/cherry powdery mildew/31.jpg,Cherry___Powdery_mildew,Strawberry___Leaf_scorch,0.489083
plantwild/extracted/plantwild/images/cherry powdery mildew/32.jpg,Cherry___Powdery_mildew,"Pepper,_bell___healthy",0.839914
plantwild/extracted/plantwild/images/cherry powdery mildew/33.jpg,Cherry___Powdery_mildew,Cherry___healthy,0.888328
plantwild/extracted/plantwild/images/cherry powdery mildew/38.jpg,Cherry___Powdery_mildew,"Pepper,_bell___healthy",0.510671
plantwild/extracted/plantwild/images/cherry powdery mildew/40.jpg,Cherry___Powdery_mildew,Corn___healthy,0.833310
plantwild/extracted/plantwild/images/cherry powdery mildew/41.jpg,Cherry___Powdery_mildew,"Pepper,_bell___healthy",0.865773
plantwild/extracted/plantwild/images/cherry powdery mildew/43.jpg,Cherry___Powdery_mildew,"Pepper,_bell___healthy",0.815459
plantwild/extracted/plantwild/images/cherry powdery mildew/44.jpg,Cherry___Powdery_mildew,"Pepper,_bell___healthy",0.889939
plantwild/extracted/plantwild/images/cherry powdery mildew/45.jpg,Cherry___Powdery_mildew,"Pepper,_bell___healthy",0.422119
plantwild/extracted/plantwild/images/cherry powdery mildew/46.jpg,Cherry___Powdery_mildew,"Pepper,_bell___healthy",0.940868
plantwild/extracted/plantwild/images/cherry powdery mildew/5.jpg,Cherry___Powdery_mildew,Cherry___healthy,0.494349
plantwild/extracted/plantwild/images/cherry powdery mildew/51.jpg,Cherry___Powdery_mildew,"Pepper,_bell___healthy",0.771559
plantwild/extracted/plantwild/images/cherry powdery mildew/53.jpg,Cherry___Powdery_mildew,Strawberry___Leaf_scorch,0.609066
plantwild/extracted/plantwild/images/cherry powdery mildew/57.jpg,Cherry___Powdery_mildew,Corn___Cercospora_leaf_spot Gray_leaf_spot,0.496529
plantwild/extracted/plantwild/images/cherry powdery mildew/58.jpg,Cherry___Powdery_mildew,"Pepper,_bell___healthy",0.840597
plantwild/extracted/plantwild/images/cherry powdery mildew/59.jpg,Cherry___Powdery_mildew,"Pepper,_bell___healthy",0.911658
plantwild/extracted/plantwild/images/cherry powdery mildew/6.jpg,Cherry___Powdery_mildew,"Pepper,_bell___healthy",0.560842
plantwild/extracted/plantwild/images/cherry powdery mildew/60.jpg,Cherry___Powdery_mildew,"Pepper,_bell___healthy",0.907406
plantwild/extracted/plantwild/images/cherry powdery mildew/64.jpg,Cherry___Powdery_mildew,"Pepper,_bell___healthy",0.857840
plantwild/extracted/plantwild/images/cherry powdery mildew/65.jpg,Cherry___Powdery_mildew,Cherry___healthy,0.841967
plantwild/extracted/plantwild/images/cherry powdery mildew/67.jpg,Cherry___Powdery_mildew,Cherry___Powdery_mildew,0.568168
plantwild/extracted/plantwild/images/cherry powdery mildew/68.jpg,Cherry___Powdery_mildew,Strawberry___Leaf_scorch,0.263664
plantwild/extracted/plantwild/images/cherry powdery mildew/76.jpg,Cherry___Powdery_mildew,Strawberry___Leaf_scorch,0.334992
plantwild/extracted/plantwild/images/cherry powdery mildew/8.jpg,Cherry___Powdery_mildew,Strawberry___Leaf_scorch,0.824560
plantwild/extracted/plantwild/images/cherry powdery mildew/80.jpg,Cherry___Powdery_mildew,Squash___Powdery_mildew,0.531300
plantwild/extracted/plantwild/images/cherry powdery mildew/86.jpg,Cherry___Powdery_mildew,"Pepper,_bell___healthy",0.327197
plantwild/extracted/plantwild/images/cherry powdery mildew/88.jpg,Cherry___Powdery_mildew,Grape___Esca_(Black_Measles),0.878751
plantwild/extracted/plantwild/images/cherry powdery mildew/google_0003.jpg,Cherry___Powdery_mildew,Squash___Powdery_mildew,0.868592
plantwild/extracted/plantwild/images/cherry powdery mildew/google_0004.jpg,Cherry___Powdery_mildew,Strawberry___Leaf_scorch,0.865249
plantwild/extracted/plantwild/images/cherry powdery mildew/google_0006.jpg,Cherry___Powdery_mildew,Strawberry___Leaf_scorch,0.718372
plantwild/extracted/plantwild/images/cherry powdery mildew/google_0010.jpg,Cherry___Powdery_mildew,"Pepper,_bell___healthy",0.498858
plantwild/extracted/plantwild/images/cherry powdery mildew/google_0011.jpg,Cherry___Powdery_mildew,Cherry___healthy,0.192416
plantwild/extracted/plantwild/images/cherry powdery mildew/google_0012.jpg,Cherry___Powdery_mildew,"Pepper,_bell___healthy",0.570232
plantwild/extracted/plantwild/images/cherry powdery mildew/google_0013.jpg,Cherry___Powdery_mildew,"Pepper,_bell___healthy",0.760068
plantwild/extracted/plantwild/images/cherry powdery mildew/google_0018.jpg,Cherry___Powdery_mildew,Corn___healthy,0.966790
plantwild/extracted/plantwild/images/cherry powdery mildew/google_0019.jpg,Cherry___Powdery_mildew,Corn___healthy,0.817117
plantwild/extracted/plantwild/images/cherry powdery mildew/google_0021.jpg,Cherry___Powdery_mildew,"Pepper,_bell___healthy",0.931604
plantwild/extracted/plantwild/images/cherry powdery mildew/google_0022.jpg,Cherry___Powdery_mildew,Corn___healthy,0.342642
plantwild/extracted/plantwild/images/cherry powdery mildew/google_0023.jpg,Cherry___Powdery_mildew,"Pepper,_bell___healthy",0.955084
plantwild/extracted/plantwild/images/cherry powdery mildew/google_0024.jpg,Cherry___Powdery_mildew,"Pepper,_bell___healthy",0.671015
plantwild/extracted/plantwild/images/cherry powdery mildew/google_0028.jpg,Cherry___Powdery_mildew,Grape___Esca_(Black_Measles),0.371849
plantwild/extracted/plantwild/images/cherry powdery mildew/google_0029.jpg,Cherry___Powdery_mildew,Strawberry___Leaf_scorch,0.627338
plantwild/extracted/plantwild/images/cherry powdery mildew/google_0031.jpg,Cherry___Powdery_mildew,"Pepper,_bell___healthy",0.728347
plantwild/extracted/plantwild/images/cherry powdery mildew/google_0032.jpg,Cherry___Powdery_mildew,Grape___healthy,0.409115
plantwild/extracted/plantwild/images/cherry powdery mildew/google_0033.jpg,Cherry___Powdery_mildew,Strawberry___Leaf_scorch,0.218606
plantwild/extracted/plantwild/images/cherry powdery mildew/google_0035.jpg,Cherry___Powdery_mildew,Cherry___healthy,0.437621
plantwild/extracted/plantwild/images/cherry powdery mildew/google_0036.jpg,Cherry___Powdery_mildew,Tomato___Late_blight,0.272544
plantwild/extracted/plantwild/images/cherry powdery mildew/google_0038.jpg,Cherry___Powdery_mildew,Cherry___Powdery_mildew,0.966724
plantwild/extracted/plantwild/images/cherry powdery mildew/google_0047.jpg,Cherry___Powdery_mildew,"Pepper,_bell___healthy",0.940441
plantwild/extracted/plantwild/images/cherry powdery mildew/google_0055.jpg,Cherry___Powdery_mildew,"Pepper,_bell___healthy",0.949561
plantwild/extracted/plantwild/images/cherry powdery mildew/google_0056.jpg,Cherry___Powdery_mildew,Cherry___healthy,0.453372
plantwild/extracted/plantwild/images/cherry powdery mildew/google_0057.jpg,Cherry___Powdery_mildew,"Pepper,_bell___healthy",0.737170
plantwild/extracted/plantwild/images/cherry powdery mildew/google_0058.jpg,Cherry___Powdery_mildew,Tomato___Late_blight,0.910687
plantwild/extracted/plantwild/images/cherry powdery mildew/google_0060.jpg,Cherry___Powdery_mildew,Strawberry___Leaf_scorch,0.691424
plantwild/extracted/plantwild/images/cherry powdery mildew/google_0062.jpg,Cherry___Powdery_mildew,Cherry___Powdery_mildew,0.968453
plantwild/extracted/plantwild/images/cherry powdery mildew/google_0064.jpg,Cherry___Powdery_mildew,"Pepper,_bell___healthy",0.912838
plantwild/extracted/plantwild/images/cherry powdery mildew/google_0068.jpg,Cherry___Powdery_mildew,Strawberry___Leaf_scorch,0.755496
plantwild/extracted/plantwild/images/cherry powdery mildew/google_0070.jpg,Cherry___Powdery_mildew,Tomato___Late_blight,0.964036
plantwild/extracted/plantwild/images/cherry powdery mildew/google_0071.jpg,Cherry___Powdery_mildew,"Pepper,_bell___healthy",0.957866
plantwild/extracted/plantwild/images/cherry powdery mildew/google_0073.jpg,Cherry___Powdery_mildew,Cherry___healthy,0.579040
plantwild/extracted/plantwild/images/cherry powdery mildew/google_0074.jpg,Cherry___Powdery_mildew,Corn___healthy,0.843015
plantwild/extracted/plantwild/images/cherry powdery mildew/google_0075.jpg,Cherry___Powdery_mildew,Corn___healthy,0.513612
plantwild/extracted/plantwild/images/cherry powdery mildew/google_0077.jpg,Cherry___Powdery_mildew,Tomato___Early_blight,0.133995
plantwild/extracted/plantwild/images/cherry powdery mildew/google_0084.jpg,Cherry___Powdery_mildew,Cherry___healthy,0.856924
plantwild/extracted/plantwild/images/cherry powdery mildew/google_0093.jpg,Cherry___Powdery_mildew,Apple___healthy,0.333349
plantwild/extracted/plantwild/images/cherry powdery mildew/google_0094.jpg,Cherry___Powdery_mildew,Corn___healthy,0.458077
plantwild/extracted/plantwild/images/cherry powdery mildew/google_0096.jpg,Cherry___Powdery_mildew,Cherry___healthy,0.483823
plantwild/extracted/plantwild/images/cherry powdery mildew/google_0097.jpg,Cherry___Powdery_mildew,Corn___healthy,0.904045
plantwild/extracted/plantwild/images/cherry powdery mildew/google_0105.jpg,Cherry___Powdery_mildew,"Pepper,_bell___healthy",0.430569
plantwild/extracted/plantwild/images/cherry powdery mildew/google_0113.jpg,Cherry___Powdery_mildew,Tomato___Early_blight,0.307999
plantwild/extracted/plantwild/images/cherry powdery mildew/google_0115.jpg,Cherry___Powdery_mildew,"Pepper,_bell___healthy",0.796167
plantwild/extracted/plantwild/images/cherry powdery mildew/google_0119.jpg,Cherry___Powdery_mildew,Strawberry___Leaf_scorch,0.959174
plantwild/extracted/plantwild/images/cherry powdery mildew/google_0120.jpg,Cherry___Powdery_mildew,Cherry___healthy,0.279680
plantwild/extracted/plantwild/images/cherry powdery mildew/google_0121.jpg,Cherry___Powdery_mildew,Strawberry___Leaf_scorch,0.386490
plantwild/extracted/plantwild/images/cherry powdery mildew/google_0124.jpg,Cherry___Powdery_mildew,Strawberry___Leaf_scorch,0.957658
plantwild/extracted/plantwild/images/cherry powdery mildew/google_0126.jpg,Cherry___Powdery_mildew,Tomato___Late_blight,0.733144
plantwild/extracted/plantwild/images/cherry powdery mildew/google_0128.jpg,Cherry___Powdery_mildew,Tomato___healthy,0.318114
plantwild/extracted/plantwild/images/cherry powdery mildew/google_0130.jpg,Cherry___Powdery_mildew,Blueberry___healthy,0.399073
plantwild/extracted/plantwild/images/cherry powdery mildew/google_0131.jpg,Cherry___Powdery_mildew,Tomato___Early_blight,0.270697
plantwild/extracted/plantwild/images/cherry powdery mildew/google_0136.jpg,Cherry___Powdery_mildew,"Pepper,_bell___healthy",0.719532
plantwild/extracted/plantwild/images/cherry powdery mildew/google_0137.jpg,Cherry___Powdery_mildew,"Pepper,_bell___healthy",0.505127
plantwild/extracted/plantwild/images/cherry powdery mildew/google_0143.jpg,Cherry___Powdery_mildew,Cherry___Powdery_mildew,0.903158
plantwild/extracted/plantwild/images/cherry powdery mildew/google_0145.jpg,Cherry___Powdery_mildew,"Pepper,_bell___healthy",0.845125
plantwild/extracted/plantwild/images/cherry powdery mildew/google_0147.jpg,Cherry___Powdery_mildew,"Pepper,_bell___healthy",0.930517
plantwild/extracted/plantwild/images/cherry powdery mildew/google_0152.jpg,Cherry___Powdery_mildew,"Pepper,_bell___healthy",0.441374
plantwild/extracted/plantwild/images/cherry powdery mildew/google_0153.jpg,Cherry___Powdery_mildew,"Pepper,_bell___healthy",0.955419
plantwild/extracted/plantwild/images/cherry powdery mildew/google_0164.jpg,Cherry___Powdery_mildew,Corn___Cercospora_leaf_spot Gray_leaf_spot,0.259367
plantwild/extracted/plantwild/images/cherry powdery mildew/google_0169.jpg,Cherry___Powdery_mildew,"Pepper,_bell___healthy",0.778328
plantwild/extracted/plantwild/images/cherry powdery mildew/google_0172.jpg,Cherry___Powdery_mildew,Strawberry___Leaf_scorch,0.732995
plantwild/extracted/plantwild/images/citrus greening disease/10.jpg,Orange___Haunglongbing_(Citrus_greening),Cherry___healthy,0.670814
plantwild/extracted/plantwild/images/citrus greening disease/101.jpg,Orange___Haunglongbing_(Citrus_greening),"Pepper,_bell___healthy",0.971080
plantwild/extracted/plantwild/images/citrus greening disease/103.jpg,Orange___Haunglongbing_(Citrus_greening),"Pepper,_bell___healthy",0.773099
plantwild/extracted/plantwild/images/citrus greening disease/108.jpg,Orange___Haunglongbing_(Citrus_greening),"Pepper,_bell___healthy",0.916721
plantwild/extracted/plantwild/images/citrus greening disease/109.jpg,Orange___Haunglongbing_(Citrus_greening),"Pepper,_bell___healthy",0.957200
plantwild/extracted/plantwild/images/citrus greening disease/11.jpg,Orange___Haunglongbing_(Citrus_greening),Cherry___healthy,0.880262
plantwild/extracted/plantwild/images/citrus greening disease/113.jpg,Orange___Haunglongbing_(Citrus_greening),"Pepper,_bell___healthy",0.900677
plantwild/extracted/plantwild/images/citrus greening disease/12 - Copy.jpg,Orange___Haunglongbing_(Citrus_greening),"Pepper,_bell___healthy",0.873016
plantwild/extracted/plantwild/images/citrus greening disease/12.jpg,Orange___Haunglongbing_(Citrus_greening),"Pepper,_bell___healthy",0.942073
plantwild/extracted/plantwild/images/citrus greening disease/121.jpg,Orange___Haunglongbing_(Citrus_greening),"Pepper,_bell___healthy",0.638450
plantwild/extracted/plantwild/images/citrus greening disease/13.jpg,Orange___Haunglongbing_(Citrus_greening),"Pepper,_bell___healthy",0.965429
plantwild/extracted/plantwild/images/citrus greening disease/130.jpg,Orange___Haunglongbing_(Citrus_greening),Tomato___Early_blight,0.819095
plantwild/extracted/plantwild/images/citrus greening disease/14.jpg,Orange___Haunglongbing_(Citrus_greening),"Pepper,_bell___healthy",0.898827
plantwild/extracted/plantwild/images/citrus greening disease/15.jpg,Orange___Haunglongbing_(Citrus_greening),"Pepper,_bell___healthy",0.860350
plantwild/extracted/plantwild/images/citrus greening disease/16.jpg,Orange___Haunglongbing_(Citrus_greening),"Pepper,_bell___healthy",0.937636
plantwild/extracted/plantwild/images/citrus greening disease/17.jpg,Orange___Haunglongbing_(Citrus_greening),Strawberry___Leaf_scorch,0.895734
plantwild/extracted/plantwild/images/citrus greening disease/18.jpg,Orange___Haunglongbing_(Citrus_greening),"Pepper,_bell___healthy",0.847330
plantwild/extracted/plantwild/images/citrus greening disease/19.jpg,Orange___Haunglongbing_(Citrus_greening),"Pepper,_bell___healthy",0.943024
plantwild/extracted/plantwild/images/citrus greening disease/20.jpg,Orange___Haunglongbing_(Citrus_greening),"Pepper,_bell___healthy",0.963165
plantwild/extracted/plantwild/images/citrus greening disease/22.jpg,Orange___Haunglongbing_(Citrus_greening),"Pepper,_bell___healthy",0.795335
plantwild/extracted/plantwild/images/citrus greening disease/24.jpg,Orange___Haunglongbing_(Citrus_greening),"Pepper,_bell___healthy",0.971961
plantwild/extracted/plantwild/images/citrus greening disease/25 - Copy.jpg,Orange___Haunglongbing_(Citrus_greening),"Pepper,_bell___healthy",0.686932
plantwild/extracted/plantwild/images/citrus greening disease/25.jpg,Orange___Haunglongbing_(Citrus_greening),Strawberry___Leaf_scorch,0.939155
plantwild/extracted/plantwild/images/citrus greening disease/26 - Copy.jpg,Orange___Haunglongbing_(Citrus_greening),"Pepper,_bell___healthy",0.966733
plantwild/extracted/plantwild/images/citrus greening disease/26.jpg,Orange___Haunglongbing_(Citrus_greening),"Pepper,_bell___healthy",0.970204
plantwild/extracted/plantwild/images/citrus greening disease/27.jpg,Orange___Haunglongbing_(Citrus_greening),"Pepper,_bell___healthy",0.960725
plantwild/extracted/plantwild/images/citrus greening disease/28.jpg,Orange___Haunglongbing_(Citrus_greening),"Pepper,_bell___healthy",0.937959
plantwild/extracted/plantwild/images/citrus greening disease/29.jpg,Orange___Haunglongbing_(Citrus_greening),Strawberry___Leaf_scorch,0.838612
plantwild/extracted/plantwild/images/citrus greening disease/3.jpg,Orange___Haunglongbing_(Citrus_greening),"Pepper,_bell___healthy",0.971292
plantwild/extracted/plantwild/images/citrus greening disease/34.jpg,Orange___Haunglongbing_(Citrus_greening),"Pepper,_bell___healthy",0.926393
plantwild/extracted/plantwild/images/citrus greening disease/35.jpg,Orange___Haunglongbing_(Citrus_greening),Strawberry___Leaf_scorch,0.657185
plantwild/extracted/plantwild/images/citrus greening disease/39 - Copy (2).jpg,Orange___Haunglongbing_(Citrus_greening),Strawberry___Leaf_scorch,0.379655
plantwild/extracted/plantwild/images/citrus greening disease/39 - Copy.jpg,Orange___Haunglongbing_(Citrus_greening),Blueberry___healthy,0.133465
plantwild/extracted/plantwild/images/citrus greening disease/39.jpg,Orange___Haunglongbing_(Citrus_greening),"Pepper,_bell___healthy",0.864795
plantwild/extracted/plantwild/images/citrus greening disease/4.jpg,Orange___Haunglongbing_(Citrus_greening),"Pepper,_bell___healthy",0.955385
plantwild/extracted/plantwild/images/citrus greening disease/41.jpg,Orange___Haunglongbing_(Citrus_greening),Cherry___healthy,0.688369
plantwild/extracted/plantwild/images/citrus greening disease/42.jpg,Orange___Haunglongbing_(Citrus_greening),Strawberry___Leaf_scorch,0.404788
plantwild/extracted/plantwild/images/citrus greening disease/45.jpg,Orange___Haunglongbing_(Citrus_greening),"Pepper,_bell___healthy",0.893775
plantwild/extracted/plantwild/images/citrus greening disease/46.jpg,Orange___Haunglongbing_(Citrus_greening),"Pepper,_bell___healthy",0.577882
plantwild/extracted/plantwild/images/citrus greening disease/47.jpg,Orange___Haunglongbing_(Citrus_greening),"Pepper,_bell___healthy",0.939528
plantwild/extracted/plantwild/images/citrus greening disease/48.jpg,Orange___Haunglongbing_(Citrus_greening),"Pepper,_bell___healthy",0.751481
plantwild/extracted/plantwild/images/citrus greening disease/49.jpg,Orange___Haunglongbing_(Citrus_greening),"Pepper,_bell___healthy",0.935107
plantwild/extracted/plantwild/images/citrus greening disease/5.jpg,Orange___Haunglongbing_(Citrus_greening),"Pepper,_bell___healthy",0.957497
plantwild/extracted/plantwild/images/citrus greening disease/50.jpg,Orange___Haunglongbing_(Citrus_greening),Cherry___healthy,0.599881
plantwild/extracted/plantwild/images/citrus greening disease/51.jpg,Orange___Haunglongbing_(Citrus_greening),"Pepper,_bell___healthy",0.930742
plantwild/extracted/plantwild/images/citrus greening disease/52.jpg,Orange___Haunglongbing_(Citrus_greening),Cherry___healthy,0.580772
plantwild/extracted/plantwild/images/citrus greening disease/55.jpg,Orange___Haunglongbing_(Citrus_greening),Strawberry___Leaf_scorch,0.709417
plantwild/extracted/plantwild/images/citrus greening disease/56 - Copy (2).jpg,Orange___Haunglongbing_(Citrus_greening),"Pepper,_bell___healthy",0.434111
plantwild/extracted/plantwild/images/citrus greening disease/56 - Copy (3).jpg,Orange___Haunglongbing_(Citrus_greening),"Pepper,_bell___healthy",0.934752
plantwild/extracted/plantwild/images/citrus greening disease/56 - Copy.jpg,Orange___Haunglongbing_(Citrus_greening),Corn___healthy,0.408464
plantwild/extracted/plantwild/images/citrus greening disease/56.jpg,Orange___Haunglongbing_(Citrus_greening),"Pepper,_bell___healthy",0.865764
plantwild/extracted/plantwild/images/citrus greening disease/58.jpg,Orange___Haunglongbing_(Citrus_greening),"Pepper,_bell___healthy",0.933325
plantwild/extracted/plantwild/images/citrus greening disease/59.jpg,Orange___Haunglongbing_(Citrus_greening),"Pepper,_bell___healthy",0.953500
plantwild/extracted/plantwild/images/citrus greening disease/6.jpg,Orange___Haunglongbing_(Citrus_greening),Strawberry___Leaf_scorch,0.669720
plantwild/extracted/plantwild/images/citrus greening disease/60 - Copy (2).jpg,Orange___Haunglongbing_(Citrus_greening),Cherry___healthy,0.325985
plantwild/extracted/plantwild/images/citrus greening disease/60 - Copy.jpg,Orange___Haunglongbing_(Citrus_greening),"Pepper,_bell___healthy",0.781476
plantwild/extracted/plantwild/images/citrus greening disease/60.jpg,Orange___Haunglongbing_(Citrus_greening),Orange___Haunglongbing_(Citrus_greening),0.441536
plantwild/extracted/plantwild/images/citrus greening disease/61.jpg,Orange___Haunglongbing_(Citrus_greening),Blueberry___healthy,0.280997
plantwild/extracted/plantwild/images/citrus greening disease/65.jpg,Orange___Haunglongbing_(Citrus_greening),"Pepper,_bell___healthy",0.880615
plantwild/extracted/plantwild/images/citrus greening disease/67.jpg,Orange___Haunglongbing_(Citrus_greening),Cherry___healthy,0.728588
plantwild/extracted/plantwild/images/citrus greening disease/68.jpg,Orange___Haunglongbing_(Citrus_greening),"Pepper,_bell___healthy",0.746636
plantwild/extracted/plantwild/images/citrus greening disease/69.jpg,Orange___Haunglongbing_(Citrus_greening),Cherry___healthy,0.729228
plantwild/extracted/plantwild/images/citrus greening disease/7.jpg,Orange___Haunglongbing_(Citrus_greening),"Pepper,_bell___healthy",0.361475
plantwild/extracted/plantwild/images/citrus greening disease/70 - Copy.jpg,Orange___Haunglongbing_(Citrus_greening),Cherry___healthy,0.848895
plantwild/extracted/plantwild/images/citrus greening disease/70.jpg,Orange___Haunglongbing_(Citrus_greening),Tomato___Leaf_Mold,0.673201
plantwild/extracted/plantwild/images/citrus greening disease/71.jpg,Orange___Haunglongbing_(Citrus_greening),"Pepper,_bell___healthy",0.869354
plantwild/extracted/plantwild/images/citrus greening disease/74.jpg,Orange___Haunglongbing_(Citrus_greening),Strawberry___Leaf_scorch,0.826667
plantwild/extracted/plantwild/images/citrus greening disease/75.jpg,Orange___Haunglongbing_(Citrus_greening),"Pepper,_bell___healthy",0.920220
plantwild/extracted/plantwild/images/citrus greening disease/76.jpg,Orange___Haunglongbing_(Citrus_greening),"Pepper,_bell___healthy",0.963342
plantwild/extracted/plantwild/images/citrus greening disease/78 - Copy (2).jpg,Orange___Haunglongbing_(Citrus_greening),Orange___Haunglongbing_(Citrus_greening),0.920924
plantwild/extracted/plantwild/images/citrus greening disease/78 - Copy.jpg,Orange___Haunglongbing_(Citrus_greening),Tomato___healthy,0.479687
plantwild/extracted/plantwild/images/citrus greening disease/78.jpg,Orange___Haunglongbing_(Citrus_greening),Strawberry___Leaf_scorch,0.577012
plantwild/extracted/plantwild/images/citrus greening disease/8.jpg,Orange___Haunglongbing_(Citrus_greening),"Pepper,_bell___healthy",0.731409
plantwild/extracted/plantwild/images/citrus greening disease/83.jpg,Orange___Haunglongbing_(Citrus_greening),"Pepper,_bell___healthy",0.971466
plantwild/extracted/plantwild/images/citrus greening disease/84.jpg,Orange___Haunglongbing_(Citrus_greening),"Pepper,_bell___healthy",0.790051
plantwild/extracted/plantwild/images/citrus greening disease/85.jpg,Orange___Haunglongbing_(Citrus_greening),"Pepper,_bell___healthy",0.653024
plantwild/extracted/plantwild/images/citrus greening disease/88.jpg,Orange___Haunglongbing_(Citrus_greening),"Pepper,_bell___healthy",0.939160
plantwild/extracted/plantwild/images/citrus greening disease/92.jpg,Orange___Haunglongbing_(Citrus_greening),Cherry___healthy,0.502405
plantwild/extracted/plantwild/images/citrus greening disease/93.jpg,Orange___Haunglongbing_(Citrus_greening),"Pepper,_bell___healthy",0.970773
plantwild/extracted/plantwild/images/citrus greening disease/95.jpg,Orange___Haunglongbing_(Citrus_greening),"Pepper,_bell___healthy",0.694324
plantwild/extracted/plantwild/images/citrus greening disease/97.jpg,Orange___Haunglongbing_(Citrus_greening),"Pepper,_bell___healthy",0.973293
plantwild/extracted/plantwild/images/citrus greening disease/google_0000.jpg,Orange___Haunglongbing_(Citrus_greening),Strawberry___Leaf_scorch,0.917497
plantwild/extracted/plantwild/images/citrus greening disease/google_0001.jpg,Orange___Haunglongbing_(Citrus_greening),Tomato___Tomato_Yellow_Leaf_Curl_Virus,0.962627
plantwild/extracted/plantwild/images/citrus greening disease/google_0002.jpg,Orange___Haunglongbing_(Citrus_greening),Strawberry___Leaf_scorch,0.758390
plantwild/extracted/plantwild/images/citrus greening disease/google_0003.jpg,Orange___Haunglongbing_(Citrus_greening),Strawberry___Leaf_scorch,0.529381
plantwild/extracted/plantwild/images/citrus greening disease/google_0004.jpg,Orange___Haunglongbing_(Citrus_greening),Strawberry___Leaf_scorch,0.913765
plantwild/extracted/plantwild/images/citrus greening disease/google_0005.jpg,Orange___Haunglongbing_(Citrus_greening),"Pepper,_bell___healthy",0.932737
plantwild/extracted/plantwild/images/citrus greening disease/google_0008.jpg,Orange___Haunglongbing_(Citrus_greening),"Pepper,_bell___healthy",0.447954
plantwild/extracted/plantwild/images/citrus greening disease/google_0009.jpg,Orange___Haunglongbing_(Citrus_greening),"Pepper,_bell___healthy",0.854235
plantwild/extracted/plantwild/images/citrus greening disease/google_0010.jpg,Orange___Haunglongbing_(Citrus_greening),"Pepper,_bell___healthy",0.963761
plantwild/extracted/plantwild/images/citrus greening disease/google_0011 - Copy (2).jpg,Orange___Haunglongbing_(Citrus_greening),"Pepper,_bell___healthy",0.416614
plantwild/extracted/plantwild/images/citrus greening disease/google_0011 - Copy.jpg,Orange___Haunglongbing_(Citrus_greening),Tomato___Tomato_Yellow_Leaf_Curl_Virus,0.934492
plantwild/extracted/plantwild/images/citrus greening disease/google_0011.jpg,Orange___Haunglongbing_(Citrus_greening),Orange___Haunglongbing_(Citrus_greening),0.945134
plantwild/extracted/plantwild/images/citrus greening disease/google_0012.jpg,Orange___Haunglongbing_(Citrus_greening),"Pepper,_bell___healthy",0.913110
plantwild/extracted/plantwild/images/citrus greening disease/google_0013.jpg,Orange___Haunglongbing_(Citrus_greening),"Pepper,_bell___healthy",0.611863
plantwild/extracted/plantwild/images/citrus greening disease/google_0015.jpg,Orange___Haunglongbing_(Citrus_greening),Cherry___healthy,0.258050
plantwild/extracted/plantwild/images/citrus greening disease/google_0017.jpg,Orange___Haunglongbing_(Citrus_greening),"Pepper,_bell___healthy",0.595908
plantwild/extracted/plantwild/images/citrus greening disease/google_0018.jpg,Orange___Haunglongbing_(Citrus_greening),Strawberry___Leaf_scorch,0.658280
plantwild/extracted/plantwild/images/citrus greening disease/google_0019.jpg,Orange___Haunglongbing_(Citrus_greening),"Pepper,_bell___healthy",0.936758
plantwild/extracted/plantwild/images/citrus greening disease/google_0022.jpg,Orange___Haunglongbing_(Citrus_greening),"Pepper,_bell___healthy",0.480440
plantwild/extracted/plantwild/images/citrus greening disease/google_0023.jpg,Orange___Haunglongbing_(Citrus_greening),"Pepper,_bell___healthy",0.791501
plantwild/extracted/plantwild/images/citrus greening disease/google_0024.jpg,Orange___Haunglongbing_(Citrus_greening),Strawberry___Leaf_scorch,0.806483
plantwild/extracted/plantwild/images/citrus greening disease/google_0025.jpg,Orange___Haunglongbing_(Citrus_greening),Tomato___Tomato_Yellow_Leaf_Curl_Virus,0.465476
plantwild/extracted/plantwild/images/citrus greening disease/google_0026.jpg,Orange___Haunglongbing_(Citrus_greening),"Pepper,_bell___healthy",0.519004
plantwild/extracted/plantwild/images/citrus greening disease/google_0027.jpg,Orange___Haunglongbing_(Citrus_greening),"Pepper,_bell___healthy",0.553165
plantwild/extracted/plantwild/images/citrus greening disease/google_0028.jpg,Orange___Haunglongbing_(Citrus_greening),Blueberry___healthy,0.870722
plantwild/extracted/plantwild/images/citrus greening disease/google_0029.jpg,Orange___Haunglongbing_(Citrus_greening),Cherry___healthy,0.463818
plantwild/extracted/plantwild/images/citrus greening disease/google_0034.jpg,Orange___Haunglongbing_(Citrus_greening),Cherry___healthy,0.734646
plantwild/extracted/plantwild/images/citrus greening disease/google_0036.jpg,Orange___Haunglongbing_(Citrus_greening),"Pepper,_bell___healthy",0.931136
plantwild/extracted/plantwild/images/citrus greening disease/google_0037.jpg,Orange___Haunglongbing_(Citrus_greening),"Pepper,_bell___healthy",0.915545
plantwild/extracted/plantwild/images/citrus greening disease/google_0038.jpg,Orange___Haunglongbing_(Citrus_greening),"Pepper,_bell___healthy",0.961294
plantwild/extracted/plantwild/images/citrus greening disease/google_0039.jpg,Orange___Haunglongbing_(Citrus_greening),"Pepper,_bell___healthy",0.907090
plantwild/extracted/plantwild/images/citrus greening disease/google_0040.jpg,Orange___Haunglongbing_(Citrus_greening),"Pepper,_bell___healthy",0.961035
plantwild/extracted/plantwild/images/citrus greening disease/google_0041.jpg,Orange___Haunglongbing_(Citrus_greening),Strawberry___Leaf_scorch,0.764983
plantwild/extracted/plantwild/images/citrus greening disease/google_0042.jpg,Orange___Haunglongbing_(Citrus_greening),"Pepper,_bell___healthy",0.506506
plantwild/extracted/plantwild/images/citrus greening disease/google_0046.jpg,Orange___Haunglongbing_(Citrus_greening),"Pepper,_bell___healthy",0.933712
plantwild/extracted/plantwild/images/citrus greening disease/google_0047.jpg,Orange___Haunglongbing_(Citrus_greening),"Pepper,_bell___healthy",0.730438
plantwild/extracted/plantwild/images/citrus greening disease/google_0048.jpg,Orange___Haunglongbing_(Citrus_greening),Cherry___healthy,0.312770
plantwild/extracted/plantwild/images/citrus greening disease/google_0049.jpg,Orange___Haunglongbing_(Citrus_greening),Orange___Haunglongbing_(Citrus_greening),0.947728
plantwild/extracted/plantwild/images/citrus greening disease/google_0052.jpg,Orange___Haunglongbing_(Citrus_greening),"Pepper,_bell___healthy",0.173297
plantwild/extracted/plantwild/images/citrus greening disease/google_0053.jpg,Orange___Haunglongbing_(Citrus_greening),"Pepper,_bell___healthy",0.589357
plantwild/extracted/plantwild/images/citrus greening disease/google_0054.jpg,Orange___Haunglongbing_(Citrus_greening),Strawberry___Leaf_scorch,0.681752
plantwild/extracted/plantwild/images/citrus greening disease/google_0055.jpg,Orange___Haunglongbing_(Citrus_greening),"Pepper,_bell___healthy",0.948944
plantwild/extracted/plantwild/images/citrus greening disease/google_0058.jpg,Orange___Haunglongbing_(Citrus_greening),Cherry___healthy,0.905715
plantwild/extracted/plantwild/images/citrus greening disease/google_0060.jpg,Orange___Haunglongbing_(Citrus_greening),Strawberry___Leaf_scorch,0.909621
plantwild/extracted/plantwild/images/citrus greening disease/google_0061.jpg,Orange___Haunglongbing_(Citrus_greening),"Pepper,_bell___healthy",0.907362
plantwild/extracted/plantwild/images/citrus greening disease/google_0062.jpg,Orange___Haunglongbing_(Citrus_greening),"Pepper,_bell___healthy",0.930718
plantwild/extracted/plantwild/images/citrus greening disease/google_0063.jpg,Orange___Haunglongbing_(Citrus_greening),"Pepper,_bell___healthy",0.722022
plantwild/extracted/plantwild/images/citrus greening disease/google_0064.jpg,Orange___Haunglongbing_(Citrus_greening),"Pepper,_bell___healthy",0.961496
plantwild/extracted/plantwild/images/citrus greening disease/google_0066.jpg,Orange___Haunglongbing_(Citrus_greening),"Pepper,_bell___healthy",0.967155
plantwild/extracted/plantwild/images/citrus greening disease/google_0067.jpg,Orange___Haunglongbing_(Citrus_greening),"Pepper,_bell___healthy",0.325340
plantwild/extracted/plantwild/images/citrus greening disease/google_0068.jpg,Orange___Haunglongbing_(Citrus_greening),Orange___Haunglongbing_(Citrus_greening),0.275620
plantwild/extracted/plantwild/images/citrus greening disease/google_0069.jpg,Orange___Haunglongbing_(Citrus_greening),Peach___Bacterial_spot,0.870447
plantwild/extracted/plantwild/images/citrus greening disease/google_0070.jpg,Orange___Haunglongbing_(Citrus_greening),Cherry___healthy,0.879995
plantwild/extracted/plantwild/images/citrus greening disease/google_0071.jpg,Orange___Haunglongbing_(Citrus_greening),"Pepper,_bell___healthy",0.972178
plantwild/extracted/plantwild/images/citrus greening disease/google_0072.jpg,Orange___Haunglongbing_(Citrus_greening),"Pepper,_bell___healthy",0.795985
plantwild/extracted/plantwild/images/citrus greening disease/google_0073.jpg,Orange___Haunglongbing_(Citrus_greening),Orange___Haunglongbing_(Citrus_greening),0.843695
plantwild/extracted/plantwild/images/citrus greening disease/google_0074.jpg,Orange___Haunglongbing_(Citrus_greening),"Pepper,_bell___healthy",0.940320
plantwild/extracted/plantwild/images/citrus greening disease/google_0075.jpg,Orange___Haunglongbing_(Citrus_greening),"Pepper,_bell___healthy",0.819870
plantwild/extracted/plantwild/images/citrus greening disease/google_0077.jpg,Orange___Haunglongbing_(Citrus_greening),"Pepper,_bell___healthy",0.898689
plantwild/extracted/plantwild/images/citrus greening disease/google_0078.jpg,Orange___Haunglongbing_(Citrus_greening),"Pepper,_bell___healthy",0.879766
plantwild/extracted/plantwild/images/citrus greening disease/google_0079.jpg,Orange___Haunglongbing_(Citrus_greening),"Pepper,_bell___healthy",0.647628
plantwild/extracted/plantwild/images/citrus greening disease/google_0081.jpg,Orange___Haunglongbing_(Citrus_greening),"Pepper,_bell___healthy",0.960514
plantwild/extracted/plantwild/images/citrus greening disease/google_0083.jpg,Orange___Haunglongbing_(Citrus_greening),Tomato___Early_blight,0.660819
plantwild/extracted/plantwild/images/citrus greening disease/google_0084.jpg,Orange___Haunglongbing_(Citrus_greening),"Pepper,_bell___healthy",0.891492
plantwild/extracted/plantwild/images/citrus greening disease/google_0085.jpg,Orange___Haunglongbing_(Citrus_greening),"Pepper,_bell___healthy",0.967321
plantwild/extracted/plantwild/images/citrus greening disease/google_0086.jpg,Orange___Haunglongbing_(Citrus_greening),"Pepper,_bell___healthy",0.962675
plantwild/extracted/plantwild/images/citrus greening disease/google_0089.jpg,Orange___Haunglongbing_(Citrus_greening),"Pepper,_bell___healthy",0.450420
plantwild/extracted/plantwild/images/citrus greening disease/google_0091.jpg,Orange___Haunglongbing_(Citrus_greening),"Pepper,_bell___healthy",0.356276
plantwild/extracted/plantwild/images/citrus greening disease/google_0094.jpg,Orange___Haunglongbing_(Citrus_greening),Orange___Haunglongbing_(Citrus_greening),0.671912
plantwild/extracted/plantwild/images/citrus greening disease/google_0097.jpg,Orange___Haunglongbing_(Citrus_greening),"Pepper,_bell___healthy",0.521134
plantwild/extracted/plantwild/images/citrus greening disease/google_0098.jpg,Orange___Haunglongbing_(Citrus_greening),"Pepper,_bell___healthy",0.912764
plantwild/extracted/plantwild/images/citrus greening disease/google_0100.jpg,Orange___Haunglongbing_(Citrus_greening),Strawberry___Leaf_scorch,0.891658
plantwild/extracted/plantwild/images/citrus greening disease/google_0107.jpg,Orange___Haunglongbing_(Citrus_greening),Cherry___healthy,0.792478
plantwild/extracted/plantwild/images/citrus greening disease/google_0110.jpg,Orange___Haunglongbing_(Citrus_greening),"Pepper,_bell___healthy",0.640744
plantwild/extracted/plantwild/images/citrus greening disease/google_0117.jpg,Orange___Haunglongbing_(Citrus_greening),"Pepper,_bell___healthy",0.967517
plantwild/extracted/plantwild/images/citrus greening disease/google_0119.jpg,Orange___Haunglongbing_(Citrus_greening),"Pepper,_bell___healthy",0.934176
plantwild/extracted/plantwild/images/citrus greening disease/google_0120.jpg,Orange___Haunglongbing_(Citrus_greening),"Pepper,_bell___healthy",0.881045
plantwild/extracted/plantwild/images/citrus greening disease/google_0121.jpg,Orange___Haunglongbing_(Citrus_greening),"Pepper,_bell___healthy",0.959864
plantwild/extracted/plantwild/images/citrus greening disease/google_0125.jpg,Orange___Haunglongbing_(Citrus_greening),"Pepper,_bell___healthy",0.957887
plantwild/extracted/plantwild/images/citrus greening disease/google_0126.jpg,Orange___Haunglongbing_(Citrus_greening),"Pepper,_bell___healthy",0.766169
plantwild/extracted/plantwild/images/citrus greening disease/google_0127.jpg,Orange___Haunglongbing_(Citrus_greening),"Pepper,_bell___healthy",0.642880
plantwild/extracted/plantwild/images/citrus greening disease/google_0129.jpg,Orange___Haunglongbing_(Citrus_greening),"Pepper,_bell___healthy",0.809897
plantwild/extracted/plantwild/images/citrus greening disease/google_0131.jpg,Orange___Haunglongbing_(Citrus_greening),"Pepper,_bell___healthy",0.700867
plantwild/extracted/plantwild/images/citrus greening disease/google_0133.jpg,Orange___Haunglongbing_(Citrus_greening),"Pepper,_bell___healthy",0.728727
plantwild/extracted/plantwild/images/citrus greening disease/google_0134.jpg,Orange___Haunglongbing_(Citrus_greening),"Pepper,_bell___healthy",0.735573
plantwild/extracted/plantwild/images/citrus greening disease/google_0137.jpg,Orange___Haunglongbing_(Citrus_greening),"Pepper,_bell___healthy",0.935223
plantwild/extracted/plantwild/images/citrus greening disease/google_0140.jpg,Orange___Haunglongbing_(Citrus_greening),Corn___healthy,0.728727
plantwild/extracted/plantwild/images/citrus greening disease/google_0144.jpg,Orange___Haunglongbing_(Citrus_greening),"Pepper,_bell___healthy",0.429795
plantwild/extracted/plantwild/images/citrus greening disease/google_0145.jpg,Orange___Haunglongbing_(Citrus_greening),"Pepper,_bell___healthy",0.891253
plantwild/extracted/plantwild/images/citrus greening disease/google_0146.jpg,Orange___Haunglongbing_(Citrus_greening),"Pepper,_bell___healthy",0.963829
plantwild/extracted/plantwild/images/citrus greening disease/google_0147.jpg,Orange___Haunglongbing_(Citrus_greening),Cherry___healthy,0.659646
plantwild/extracted/plantwild/images/citrus greening disease/google_0149.jpg,Orange___Haunglongbing_(Citrus_greening),Orange___Haunglongbing_(Citrus_greening),0.671056
plantwild/extracted/plantwild/images/citrus greening disease/google_0150.jpg,Orange___Haunglongbing_(Citrus_greening),"Pepper,_bell___healthy",0.942763
plantwild/extracted/plantwild/images/citrus greening disease/google_0151.jpg,Orange___Haunglongbing_(Citrus_greening),Tomato___healthy,0.545980
plantwild/extracted/plantwild/images/citrus greening disease/google_0152.jpg,Orange___Haunglongbing_(Citrus_greening),Cherry___healthy,0.816669
plantwild/extracted/plantwild/images/citrus greening disease/google_0154.jpg,Orange___Haunglongbing_(Citrus_greening),Strawberry___Leaf_scorch,0.688861
plantwild/extracted/plantwild/images/citrus greening disease/google_0156.jpg,Orange___Haunglongbing_(Citrus_greening),"Pepper,_bell___healthy",0.787741
plantwild/extracted/plantwild/images/citrus greening disease/google_0157.jpg,Orange___Haunglongbing_(Citrus_greening),"Pepper,_bell___healthy",0.890562
plantwild/extracted/plantwild/images/citrus greening disease/google_0158.jpg,Orange___Haunglongbing_(Citrus_greening),Cherry___healthy,0.559837
plantwild/extracted/plantwild/images/citrus greening disease/google_0160.jpg,Orange___Haunglongbing_(Citrus_greening),Apple___Black_rot,0.374406
plantwild/extracted/plantwild/images/citrus greening disease/google_0162.jpg,Orange___Haunglongbing_(Citrus_greening),Cherry___healthy,0.915461
plantwild/extracted/plantwild/images/citrus greening disease/google_0164.jpg,Orange___Haunglongbing_(Citrus_greening),Corn___healthy,0.649277
plantwild/extracted/plantwild/images/citrus greening disease/google_0166.jpg,Orange___Haunglongbing_(Citrus_greening),Strawberry___Leaf_scorch,0.470112
plantwild/extracted/plantwild/images/citrus greening disease/google_0169.jpg,Orange___Haunglongbing_(Citrus_greening),"Pepper,_bell___healthy",0.932384
plantwild/extracted/plantwild/images/citrus greening disease/google_0172.jpg,Orange___Haunglongbing_(Citrus_greening),Strawberry___Leaf_scorch,0.968408
plantwild/extracted/plantwild/images/citrus greening disease/google_0174.jpg,Orange___Haunglongbing_(Citrus_greening),"Pepper,_bell___healthy",0.839966
plantwild/extracted/plantwild/images/citrus greening disease/google_0182.jpg,Orange___Haunglongbing_(Citrus_greening),"Pepper,_bell___healthy",0.961753
plantwild/extracted/plantwild/images/citrus greening disease/google_0183.jpg,Orange___Haunglongbing_(Citrus_greening),"Pepper,_bell___healthy",0.951813
plantwild/extracted/plantwild/images/citrus greening disease/google_0185.jpg,Orange___Haunglongbing_(Citrus_greening),Apple___Apple_scab,0.509039
plantwild/extracted/plantwild/images/citrus greening disease/google_0186.jpg,Orange___Haunglongbing_(Citrus_greening),Cherry___healthy,0.431287
plantwild/extracted/plantwild/images/citrus greening disease/google_0187.jpg,Orange___Haunglongbing_(Citrus_greening),Strawberry___Leaf_scorch,0.438704
plantwild/extracted/plantwild/images/citrus greening disease/google_0188.jpg,Orange___Haunglongbing_(Citrus_greening),Grape___Esca_(Black_Measles),0.563460
plantwild/extracted/plantwild/images/citrus greening disease/google_0189.jpg,Orange___Haunglongbing_(Citrus_greening),"Pepper,_bell___healthy",0.657359
plantwild/extracted/plantwild/images/citrus greening disease/google_0191.jpg,Orange___Haunglongbing_(Citrus_greening),"Pepper,_bell___healthy",0.765117
plantwild/extracted/plantwild/images/citrus greening disease/google_0193.jpg,Orange___Haunglongbing_(Citrus_greening),Orange___Haunglongbing_(Citrus_greening),0.813219
plantwild/extracted/plantwild/images/citrus greening disease/google_0195.jpg,Orange___Haunglongbing_(Citrus_greening),Cherry___healthy,0.424562
plantwild/extracted/plantwild/images/citrus greening disease/google_0199.jpg,Orange___Haunglongbing_(Citrus_greening),Cherry___healthy,0.380753
plantwild/extracted/plantwild/images/citrus greening disease/google_0204.jpg,Orange___Haunglongbing_(Citrus_greening),Strawberry___Leaf_scorch,0.460606
plantwild/extracted/plantwild/images/citrus greening disease/google_0207.jpg,Orange___Haunglongbing_(Citrus_greening),Strawberry___Leaf_scorch,0.878799
plantwild/extracted/plantwild/images/citrus greening disease/google_0208.jpg,Orange___Haunglongbing_(Citrus_greening),Tomato___Bacterial_spot,0.201566
plantwild/extracted/plantwild/images/citrus greening disease/google_0209.jpg,Orange___Haunglongbing_(Citrus_greening),Strawberry___Leaf_scorch,0.608600
plantwild/extracted/plantwild/images/citrus greening disease/google_0214.jpg,Orange___Haunglongbing_(Citrus_greening),"Pepper,_bell___healthy",0.904562
plantwild/extracted/plantwild/images/citrus greening disease/google_0216.jpg,Orange___Haunglongbing_(Citrus_greening),"Pepper,_bell___healthy",0.968679
plantwild/extracted/plantwild/images/citrus greening disease/google_0221.jpg,Orange___Haunglongbing_(Citrus_greening),"Pepper,_bell___healthy",0.972335
plantwild/extracted/plantwild/images/citrus greening disease/google_0222.jpg,Orange___Haunglongbing_(Citrus_greening),"Pepper,_bell___healthy",0.961498
plantwild/extracted/plantwild/images/citrus greening disease/google_0223.jpg,Orange___Haunglongbing_(Citrus_greening),"Pepper,_bell___healthy",0.356214
plantwild/extracted/plantwild/images/citrus greening disease/google_0226.jpg,Orange___Haunglongbing_(Citrus_greening),"Pepper,_bell___healthy",0.724883
plantwild/extracted/plantwild/images/citrus greening disease/google_0227.jpg,Orange___Haunglongbing_(Citrus_greening),Strawberry___Leaf_scorch,0.706372
plantwild/extracted/plantwild/images/citrus greening disease/google_0228.jpg,Orange___Haunglongbing_(Citrus_greening),Strawberry___Leaf_scorch,0.754796
plantwild/extracted/plantwild/images/citrus greening disease/google_0229.jpg,Orange___Haunglongbing_(Citrus_greening),Corn___healthy,0.718191
plantwild/extracted/plantwild/images/citrus greening disease/google_0231.jpg,Orange___Haunglongbing_(Citrus_greening),Corn___healthy,0.575038
plantwild/extracted/plantwild/images/citrus greening disease/google_0236.jpg,Orange___Haunglongbing_(Citrus_greening),"Pepper,_bell___healthy",0.821101
plantwild/extracted/plantwild/images/citrus greening disease/google_0237.jpg,Orange___Haunglongbing_(Citrus_greening),Cherry___healthy,0.542074
plantwild/extracted/plantwild/images/citrus greening disease/google_0251.jpg,Orange___Haunglongbing_(Citrus_greening),"Pepper,_bell___healthy",0.963773
plantwild/extracted/plantwild/images/citrus greening disease/google_0252.jpg,Orange___Haunglongbing_(Citrus_greening),"Pepper,_bell___healthy",0.440045
plantwild/extracted/plantwild/images/citrus greening disease/google_0253 - Copy (2).jpg,Orange___Haunglongbing_(Citrus_greening),"Pepper,_bell___healthy",0.823263
plantwild/extracted/plantwild/images/citrus greening disease/google_0253 - Copy.jpg,Orange___Haunglongbing_(Citrus_greening),Tomato___Late_blight,0.686186
plantwild/extracted/plantwild/images/citrus greening disease/google_0253.jpg,Orange___Haunglongbing_(Citrus_greening),"Pepper,_bell___healthy",0.875631
plantwild/extracted/plantwild/images/citrus greening disease/google_0283.jpg,Orange___Haunglongbing_(Citrus_greening),Cherry___healthy,0.609989
plantwild/extracted/plantwild/images/citrus greening disease/google_0296.jpg,Orange___Haunglongbing_(Citrus_greening),Cherry___healthy,0.864285
plantwild/extracted/plantwild/images/citrus greening disease/google_0297.jpg,Orange___Haunglongbing_(Citrus_greening),"Pepper,_bell___healthy",0.261233
plantwild/extracted/plantwild/images/citrus greening disease/google_0298.jpg,Orange___Haunglongbing_(Citrus_greening),"Pepper,_bell___healthy",0.902038
plantwild/extracted/plantwild/images/citrus greening disease/google_0305.jpg,Orange___Haunglongbing_(Citrus_greening),Strawberry___Leaf_scorch,0.964774
plantwild/extracted/plantwild/images/citrus greening disease/google_0306.jpg,Orange___Haunglongbing_(Citrus_greening),Strawberry___Leaf_scorch,0.330271
plantwild/extracted/plantwild/images/citrus greening disease/google_0309.jpg,Orange___Haunglongbing_(Citrus_greening),"Pepper,_bell___healthy",0.949479
plantwild/extracted/plantwild/images/citrus greening disease/google_0312.jpg,Orange___Haunglongbing_(Citrus_greening),"Pepper,_bell___healthy",0.939969
plantwild/extracted/plantwild/images/citrus greening disease/google_0314.jpg,Orange___Haunglongbing_(Citrus_greening),Tomato___Late_blight,0.188952
plantwild/extracted/plantwild/images/citrus greening disease/google_0316.jpg,Orange___Haunglongbing_(Citrus_greening),Strawberry___Leaf_scorch,0.353369
plantwild/extracted/plantwild/images/citrus greening disease/google_0328.jpg,Orange___Haunglongbing_(Citrus_greening),"Pepper,_bell___healthy",0.900154
plantwild/extracted/plantwild/images/citrus greening disease/google_0329.jpg,Orange___Haunglongbing_(Citrus_greening),Cherry___healthy,0.375838
plantwild/extracted/plantwild/images/citrus greening disease/google_0354.jpg,Orange___Haunglongbing_(Citrus_greening),"Pepper,_bell___healthy",0.834618
plantwild/extracted/plantwild/images/citrus greening disease/google_0355.jpg,Orange___Haunglongbing_(Citrus_greening),Strawberry___Leaf_scorch,0.926325
plantwild/extracted/plantwild/images/citrus greening disease/google_0356.jpg,Orange___Haunglongbing_(Citrus_greening),Tomato___Tomato_Yellow_Leaf_Curl_Virus,0.799430
plantwild/extracted/plantwild/images/citrus greening disease/google_0358.jpg,Orange___Haunglongbing_(Citrus_greening),"Pepper,_bell___healthy",0.844761
plantwild/extracted/plantwild/images/citrus greening disease/google_0361.jpg,Orange___Haunglongbing_(Citrus_greening),"Pepper,_bell___healthy",0.884061
plantwild/extracted/plantwild/images/citrus greening disease/google_0363.jpg,Orange___Haunglongbing_(Citrus_greening),Tomato___Early_blight,0.613365
plantwild/extracted/plantwild/images/corn gray leaf spot/1.jpg,Corn___Cercospora_leaf_spot Gray_leaf_spot,Corn___Cercospora_leaf_spot Gray_leaf_spot,0.967660
plantwild/extracted/plantwild/images/corn gray leaf spot/10.jpg,Corn___Cercospora_leaf_spot Gray_leaf_spot,Cherry___healthy,0.222188
plantwild/extracted/plantwild/images/corn gray leaf spot/100.jpg,Corn___Cercospora_leaf_spot Gray_leaf_spot,Cherry___healthy,0.630200
plantwild/extracted/plantwild/images/corn gray leaf spot/114.jpg,Corn___Cercospora_leaf_spot Gray_leaf_spot,Cherry___healthy,0.506402
plantwild/extracted/plantwild/images/corn gray leaf spot/12.jpg,Corn___Cercospora_leaf_spot Gray_leaf_spot,"Pepper,_bell___healthy",0.296241
plantwild/extracted/plantwild/images/corn gray leaf spot/13.jpg,Corn___Cercospora_leaf_spot Gray_leaf_spot,"Pepper,_bell___healthy",0.262291
plantwild/extracted/plantwild/images/corn gray leaf spot/14.jpg,Corn___Cercospora_leaf_spot Gray_leaf_spot,Corn___healthy,0.963367
plantwild/extracted/plantwild/images/corn gray leaf spot/15.jpg,Corn___Cercospora_leaf_spot Gray_leaf_spot,"Pepper,_bell___healthy",0.897863
plantwild/extracted/plantwild/images/corn gray leaf spot/17.jpg,Corn___Cercospora_leaf_spot Gray_leaf_spot,Corn___Cercospora_leaf_spot Gray_leaf_spot,0.966364
plantwild/extracted/plantwild/images/corn gray leaf spot/2 - Copy (3).jpg,Corn___Cercospora_leaf_spot Gray_leaf_spot,Tomato___Early_blight,0.962292
plantwild/extracted/plantwild/images/corn gray leaf spot/2 - Copy.jpg,Corn___Cercospora_leaf_spot Gray_leaf_spot,"Pepper,_bell___healthy",0.784563
plantwild/extracted/plantwild/images/corn gray leaf spot/20.jpg,Corn___Cercospora_leaf_spot Gray_leaf_spot,Corn___Northern_Leaf_Blight,0.870428
plantwild/extracted/plantwild/images/corn gray leaf spot/24.jpg,Corn___Cercospora_leaf_spot Gray_leaf_spot,Strawberry___Leaf_scorch,0.914904
plantwild/extracted/plantwild/images/corn gray leaf spot/26 - Copy (2).jpg,Corn___Cercospora_leaf_spot Gray_leaf_spot,Corn___Cercospora_leaf_spot Gray_leaf_spot,0.948497
plantwild/extracted/plantwild/images/corn gray leaf spot/26 - Copy (3).jpg,Corn___Cercospora_leaf_spot Gray_leaf_spot,Corn___Cercospora_leaf_spot Gray_leaf_spot,0.955083
plantwild/extracted/plantwild/images/corn gray leaf spot/26 - Copy.jpg,Corn___Cercospora_leaf_spot Gray_leaf_spot,Corn___healthy,0.963336
plantwild/extracted/plantwild/images/corn gray leaf spot/26.jpg,Corn___Cercospora_leaf_spot Gray_leaf_spot,Corn___Cercospora_leaf_spot Gray_leaf_spot,0.756777
plantwild/extracted/plantwild/images/corn gray leaf spot/3.jpg,Corn___Cercospora_leaf_spot Gray_leaf_spot,Corn___Northern_Leaf_Blight,0.960337
plantwild/extracted/plantwild/images/corn gray leaf spot/30.jpg,Corn___Cercospora_leaf_spot Gray_leaf_spot,Corn___Cercospora_leaf_spot Gray_leaf_spot,0.953562
plantwild/extracted/plantwild/images/corn gray leaf spot/31.jpg,Corn___Cercospora_leaf_spot Gray_leaf_spot,Tomato___Early_blight,0.616050
plantwild/extracted/plantwild/images/corn gray leaf spot/32.jpg,Corn___Cercospora_leaf_spot Gray_leaf_spot,"Pepper,_bell___healthy",0.479176
plantwild/extracted/plantwild/images/corn gray leaf spot/33.jpg,Corn___Cercospora_leaf_spot Gray_leaf_spot,Corn___Cercospora_leaf_spot Gray_leaf_spot,0.895134
plantwild/extracted/plantwild/images/corn gray leaf spot/34.jpg,Corn___Cercospora_leaf_spot Gray_leaf_spot,Corn___Cercospora_leaf_spot Gray_leaf_spot,0.969216
plantwild/extracted/plantwild/images/corn gray leaf spot/35.jpg,Corn___Cercospora_leaf_spot Gray_leaf_spot,Cherry___healthy,0.935784
plantwild/extracted/plantwild/images/corn gray leaf spot/38.jpg,Corn___Cercospora_leaf_spot Gray_leaf_spot,"Pepper,_bell___healthy",0.808564
plantwild/extracted/plantwild/images/corn gray leaf spot/39.jpg,Corn___Cercospora_leaf_spot Gray_leaf_spot,Cherry___healthy,0.356015
plantwild/extracted/plantwild/images/corn gray leaf spot/4 - Copy (2).jpg,Corn___Cercospora_leaf_spot Gray_leaf_spot,Cherry___healthy,0.926391
plantwild/extracted/plantwild/images/corn gray leaf spot/4 - Copy.jpg,Corn___Cercospora_leaf_spot Gray_leaf_spot,Tomato___Early_blight,0.951995
plantwild/extracted/plantwild/images/corn gray leaf spot/42.jpg,Corn___Cercospora_leaf_spot Gray_leaf_spot,Corn___Cercospora_leaf_spot Gray_leaf_spot,0.963728
plantwild/extracted/plantwild/images/corn gray leaf spot/44.jpg,Corn___Cercospora_leaf_spot Gray_leaf_spot,"Pepper,_bell___healthy",0.574617
plantwild/extracted/plantwild/images/corn gray leaf spot/45.jpg,Corn___Cercospora_leaf_spot Gray_leaf_spot,Strawberry___Leaf_scorch,0.442374
plantwild/extracted/plantwild/images/corn gray leaf spot/49.jpg,Corn___Cercospora_leaf_spot Gray_leaf_spot,Corn___Cercospora_leaf_spot Gray_leaf_spot,0.962322
plantwild/extracted/plantwild/images/corn gray leaf spot/5.jpg,Corn___Cercospora_leaf_spot Gray_leaf_spot,"Pepper,_bell___healthy",0.572284
plantwild/extracted/plantwild/images/corn gray leaf spot/51.jpg,Corn___Cercospora_leaf_spot Gray_leaf_spot,"Pepper,_bell___healthy",0.594995
plantwild/extracted/plantwild/images/corn gray leaf spot/6.jpg,Corn___Cercospora_leaf_spot Gray_leaf_spot,Corn___healthy,0.539126
plantwild/extracted/plantwild/images/corn gray leaf spot/61 - Copy (2).jpg,Corn___Cercospora_leaf_spot Gray_leaf_spot,Corn___Cercospora_leaf_spot Gray_leaf_spot,0.941566
plantwild/extracted/plantwild/images/corn gray leaf spot/61 - Copy.jpg,Corn___Cercospora_leaf_spot Gray_leaf_spot,Corn___healthy,0.523773
plantwild/extracted/plantwild/images/corn gray leaf spot/61.jpg,Corn___Cercospora_leaf_spot Gray_leaf_spot,Corn___Cercospora_leaf_spot Gray_leaf_spot,0.617909
plantwild/extracted/plantwild/images/corn gray leaf spot/65.jpg,Corn___Cercospora_leaf_spot Gray_leaf_spot,"Pepper,_bell___healthy",0.374111
plantwild/extracted/plantwild/images/corn gray leaf spot/68.jpg,Corn___Cercospora_leaf_spot Gray_leaf_spot,Tomato___Early_blight,0.930408
plantwild/extracted/plantwild/images/corn gray leaf spot/70 - Copy (2).jpg,Corn___Cercospora_leaf_spot Gray_leaf_spot,"Pepper,_bell___healthy",0.834561
plantwild/extracted/plantwild/images/corn gray leaf spot/74.jpg,Corn___Cercospora_leaf_spot Gray_leaf_spot,Corn___healthy,0.620607
plantwild/extracted/plantwild/images/corn gray leaf spot/99.jpg,Corn___Cercospora_leaf_spot Gray_leaf_spot,"Pepper,_bell___healthy",0.795664
plantwild/extracted/plantwild/images/corn gray leaf spot/add (1).jpg,Corn___Cercospora_leaf_spot Gray_leaf_spot,"Pepper,_bell___healthy",0.427181
plantwild/extracted/plantwild/images/corn gray leaf spot/add (2).jpg,Corn___Cercospora_leaf_spot Gray_leaf_spot,Tomato___Late_blight,0.446165
plantwild/extracted/plantwild/images/corn gray leaf spot/add (3).jpg,Corn___Cercospora_leaf_spot Gray_leaf_spot,Corn___Northern_Leaf_Blight,0.946089
plantwild/extracted/plantwild/images/corn gray leaf spot/add (4).jpg,Corn___Cercospora_leaf_spot Gray_leaf_spot,"Pepper,_bell___healthy",0.594394
plantwild/extracted/plantwild/images/corn gray leaf spot/add (5).jpg,Corn___Cercospora_leaf_spot Gray_leaf_spot,Corn___Cercospora_leaf_spot Gray_leaf_spot,0.936560
plantwild/extracted/plantwild/images/corn gray leaf spot/add (6).jpg,Corn___Cercospora_leaf_spot Gray_leaf_spot,Corn___Cercospora_leaf_spot Gray_leaf_spot,0.502358
plantwild/extracted/plantwild/images/corn gray leaf spot/add (7).jpg,Corn___Cercospora_leaf_spot Gray_leaf_spot,Corn___Cercospora_leaf_spot Gray_leaf_spot,0.953562
plantwild/extracted/plantwild/images/corn gray leaf spot/add (8).jpg,Corn___Cercospora_leaf_spot Gray_leaf_spot,Corn___Cercospora_leaf_spot Gray_leaf_spot,0.968582
plantwild/extracted/plantwild/images/corn gray leaf spot/add (9).jpg,Corn___Cercospora_leaf_spot Gray_leaf_spot,Corn___healthy,0.961486
plantwild/extracted/plantwild/images/corn gray leaf spot/google_0000.jpg,Corn___Cercospora_leaf_spot Gray_leaf_spot,"Pepper,_bell___healthy",0.329974
plantwild/extracted/plantwild/images/corn gray leaf spot/google_0001.jpg,Corn___Cercospora_leaf_spot Gray_leaf_spot,Corn___Cercospora_leaf_spot Gray_leaf_spot,0.969074
plantwild/extracted/plantwild/images/corn gray leaf spot/google_0002.jpg,Corn___Cercospora_leaf_spot Gray_leaf_spot,Corn___Common_rust,0.304524
plantwild/extracted/plantwild/images/corn gray leaf spot/google_0003.jpg,Corn___Cercospora_leaf_spot Gray_leaf_spot,Corn___Cercospora_leaf_spot Gray_leaf_spot,0.884210
plantwild/extracted/plantwild/images/corn gray leaf spot/google_0004.jpg,Corn___Cercospora_leaf_spot Gray_leaf_spot,Corn___Cercospora_leaf_spot Gray_leaf_spot,0.338968
plantwild/extracted/plantwild/images/corn gray leaf spot/google_0005.jpg,Corn___Cercospora_leaf_spot Gray_leaf_spot,"Pepper,_bell___healthy",0.837618
plantwild/extracted/plantwild/images/corn gray leaf spot/google_0006.jpg,Corn___Cercospora_leaf_spot Gray_leaf_spot,Corn___Cercospora_leaf_spot Gray_leaf_spot,0.969373
plantwild/extracted/plantwild/images/corn gray leaf spot/google_0007.jpg,Corn___Cercospora_leaf_spot Gray_leaf_spot,"Pepper,_bell___healthy",0.633090
plantwild/extracted/plantwild/images/corn gray leaf spot/google_0008.jpg,Corn___Cercospora_leaf_spot Gray_leaf_spot,Corn___Cercospora_leaf_spot Gray_leaf_spot,0.952887
plantwild/extracted/plantwild/images/corn gray leaf spot/google_0009.jpg,Corn___Cercospora_leaf_spot Gray_leaf_spot,Corn___healthy,0.850545
plantwild/extracted/plantwild/images/corn gray leaf spot/google_0010.jpg,Corn___Cercospora_leaf_spot Gray_leaf_spot,Cherry___healthy,0.301942
plantwild/extracted/plantwild/images/corn gray leaf spot/google_0011.jpg,Corn___Cercospora_leaf_spot Gray_leaf_spot,Corn___Cercospora_leaf_spot Gray_leaf_spot,0.782617
plantwild/extracted/plantwild/images/corn gray leaf spot/google_0014.jpg,Corn___Cercospora_leaf_spot Gray_leaf_spot,"Pepper,_bell___healthy",0.670396
plantwild/extracted/plantwild/images/corn gray leaf spot/google_0015.jpg,Corn___Cercospora_leaf_spot Gray_leaf_spot,Corn___Cercospora_leaf_spot Gray_leaf_spot,0.712066
plantwild/extracted/plantwild/images/corn gray leaf spot/google_0017.jpg,Corn___Cercospora_leaf_spot Gray_leaf_spot,"Pepper,_bell___healthy",0.948800
plantwild/extracted/plantwild/images/corn gray leaf spot/google_0018.jpg,Corn___Cercospora_leaf_spot Gray_leaf_spot,Corn___Cercospora_leaf_spot Gray_leaf_spot,0.651771
plantwild/extracted/plantwild/images/corn gray leaf spot/google_0020.jpg,Corn___Cercospora_leaf_spot Gray_leaf_spot,Corn___Cercospora_leaf_spot Gray_leaf_spot,0.968740
plantwild/extracted/plantwild/images/corn gray leaf spot/google_0021.jpg,Corn___Cercospora_leaf_spot Gray_leaf_spot,Corn___Cercospora_leaf_spot Gray_leaf_spot,0.364350
plantwild/extracted/plantwild/images/corn gray leaf spot/google_0023.jpg,Corn___Cercospora_leaf_spot Gray_leaf_spot,Corn___Cercospora_leaf_spot Gray_leaf_spot,0.953577
plantwild/extracted/plantwild/images/corn gray leaf spot/google_0024.jpg,Corn___Cercospora_leaf_spot Gray_leaf_spot,"Pepper,_bell___healthy",0.948915
plantwild/extracted/plantwild/images/corn gray leaf spot/google_0025.jpg,Corn___Cercospora_leaf_spot Gray_leaf_spot,Corn___Cercospora_leaf_spot Gray_leaf_spot,0.690897
plantwild/extracted/plantwild/images/corn gray leaf spot/google_0026.jpg,Corn___Cercospora_leaf_spot Gray_leaf_spot,"Pepper,_bell___healthy",0.722871
plantwild/extracted/plantwild/images/corn gray leaf spot/google_0028.jpg,Corn___Cercospora_leaf_spot Gray_leaf_spot,"Pepper,_bell___healthy",0.641235
plantwild/extracted/plantwild/images/corn gray leaf spot/google_0029.jpg,Corn___Cercospora_leaf_spot Gray_leaf_spot,"Pepper,_bell___healthy",0.866893
plantwild/extracted/plantwild/images/corn gray leaf spot/google_0033.jpg,Corn___Cercospora_leaf_spot Gray_leaf_spot,Corn___Cercospora_leaf_spot Gray_leaf_spot,0.970383
plantwild/extracted/plantwild/images/corn gray leaf spot/google_0034.jpg,Corn___Cercospora_leaf_spot Gray_leaf_spot,Corn___Cercospora_leaf_spot Gray_leaf_spot,0.948513
plantwild/extracted/plantwild/images/corn gray leaf spot/google_0035.jpg,Corn___Cercospora_leaf_spot Gray_leaf_spot,Corn___Cercospora_leaf_spot Gray_leaf_spot,0.961722
plantwild/extracted/plantwild/images/corn gray leaf spot/google_0036.jpg,Corn___Cercospora_leaf_spot Gray_leaf_spot,Corn___Northern_Leaf_Blight,0.957041
plantwild/extracted/plantwild/images/corn gray leaf spot/google_0038.jpg,Corn___Cercospora_leaf_spot Gray_leaf_spot,Tomato___Early_blight,0.543666
plantwild/extracted/plantwild/images/corn gray leaf spot/google_0040.jpg,Corn___Cercospora_leaf_spot Gray_leaf_spot,Corn___Cercospora_leaf_spot Gray_leaf_spot,0.934643
plantwild/extracted/plantwild/images/corn gray leaf spot/google_0041.jpg,Corn___Cercospora_leaf_spot Gray_leaf_spot,Cherry___healthy,0.652548
plantwild/extracted/plantwild/images/corn gray leaf spot/google_0044.jpg,Corn___Cercospora_leaf_spot Gray_leaf_spot,Cherry___healthy,0.479906
plantwild/extracted/plantwild/images/corn gray leaf spot/google_0045.jpg,Corn___Cercospora_leaf_spot Gray_leaf_spot,Corn___Northern_Leaf_Blight,0.423353
plantwild/extracted/plantwild/images/corn gray leaf spot/google_0046.jpg,Corn___Cercospora_leaf_spot Gray_leaf_spot,"Pepper,_bell___healthy",0.669652
plantwild/extracted/plantwild/images/corn gray leaf spot/google_0047.jpg,Corn___Cercospora_leaf_spot Gray_leaf_spot,Corn___Cercospora_leaf_spot Gray_leaf_spot,0.966296
plantwild/extracted/plantwild/images/corn gray leaf spot/google_0048.jpg,Corn___Cercospora_leaf_spot Gray_leaf_spot,Corn___Cercospora_leaf_spot Gray_leaf_spot,0.957454
plantwild/extracted/plantwild/images/corn gray leaf spot/google_0049.jpg,Corn___Cercospora_leaf_spot Gray_leaf_spot,Corn___Cercospora_leaf_spot Gray_leaf_spot,0.884371
plantwild/extracted/plantwild/images/corn gray leaf spot/google_0050.jpg,Corn___Cercospora_leaf_spot Gray_leaf_spot,Cherry___healthy,0.476846
plantwild/extracted/plantwild/images/corn gray leaf spot/google_0051.jpg,Corn___Cercospora_leaf_spot Gray_leaf_spot,Corn___Cercospora_leaf_spot Gray_leaf_spot,0.965873
plantwild/extracted/plantwild/images/corn gray leaf spot/google_0053.jpg,Corn___Cercospora_leaf_spot Gray_leaf_spot,"Pepper,_bell___healthy",0.784817
plantwild/extracted/plantwild/images/corn gray leaf spot/google_0054.jpg,Corn___Cercospora_leaf_spot Gray_leaf_spot,"Pepper,_bell___healthy",0.925296
plantwild/extracted/plantwild/images/corn gray leaf spot/google_0055.jpg,Corn___Cercospora_leaf_spot Gray_leaf_spot,Corn___Cercospora_leaf_spot Gray_leaf_spot,0.761610
plantwild/extracted/plantwild/images/corn gray leaf spot/google_0057.jpg,Corn___Cercospora_leaf_spot Gray_leaf_spot,"Pepper,_bell___healthy",0.961579
plantwild/extracted/plantwild/images/corn gray leaf spot/google_0059.jpg,Corn___Cercospora_leaf_spot Gray_leaf_spot,Grape___Black_rot,0.286005
plantwild/extracted/plantwild/images/corn gray leaf spot/google_0060.jpg,Corn___Cercospora_leaf_spot Gray_leaf_spot,Corn___Northern_Leaf_Blight,0.454952
plantwild/extracted/plantwild/images/corn gray leaf spot/google_0061.jpg,Corn___Cercospora_leaf_spot Gray_leaf_spot,Corn___Cercospora_leaf_spot Gray_leaf_spot,0.637777
plantwild/extracted/plantwild/images/corn gray leaf spot/google_0062.jpg,Corn___Cercospora_leaf_spot Gray_leaf_spot,"Pepper,_bell___healthy",0.536800
plantwild/extracted/plantwild/images/corn gray leaf spot/google_0063.jpg,Corn___Cercospora_leaf_spot Gray_leaf_spot,"Pepper,_bell___healthy",0.911995
plantwild/extracted/plantwild/images/corn gray leaf spot/google_0064.jpg,Corn___Cercospora_leaf_spot Gray_leaf_spot,"Pepper,_bell___healthy",0.770028
plantwild/extracted/plantwild/images/corn gray leaf spot/google_0066.jpg,Corn___Cercospora_leaf_spot Gray_leaf_spot,"Pepper,_bell___healthy",0.667620
plantwild/extracted/plantwild/images/corn gray leaf spot/google_0067.jpg,Corn___Cercospora_leaf_spot Gray_leaf_spot,Corn___Cercospora_leaf_spot Gray_leaf_spot,0.947472
plantwild/extracted/plantwild/images/corn gray leaf spot/google_0068.jpg,Corn___Cercospora_leaf_spot Gray_leaf_spot,Corn___Cercospora_leaf_spot Gray_leaf_spot,0.952219
plantwild/extracted/plantwild/images/corn gray leaf spot/google_0072.jpg,Corn___Cercospora_leaf_spot Gray_leaf_spot,Corn___Cercospora_leaf_spot Gray_leaf_spot,0.966440
plantwild/extracted/plantwild/images/corn gray leaf spot/google_0074.jpg,Corn___Cercospora_leaf_spot Gray_leaf_spot,Corn___Cercospora_leaf_spot Gray_leaf_spot,0.683655
plantwild/extracted/plantwild/images/corn gray leaf spot/google_0075.jpg,Corn___Cercospora_leaf_spot Gray_leaf_spot,Corn___healthy,0.739899
plantwild/extracted/plantwild/images/corn gray leaf spot/google_0076.jpg,Corn___Cercospora_leaf_spot Gray_leaf_spot,Corn___Cercospora_leaf_spot Gray_leaf_spot,0.965960
plantwild/extracted/plantwild/images/corn gray leaf spot/google_0077.jpg,Corn___Cercospora_leaf_spot Gray_leaf_spot,"Pepper,_bell___healthy",0.851760
plantwild/extracted/plantwild/images/corn gray leaf spot/google_0079.jpg,Corn___Cercospora_leaf_spot Gray_leaf_spot,Corn___healthy,0.730019
plantwild/extracted/plantwild/images/corn gray leaf spot/google_0081.jpg,Corn___Cercospora_leaf_spot Gray_leaf_spot,Corn___Cercospora_leaf_spot Gray_leaf_spot,0.964866
plantwild/extracted/plantwild/images/corn gray leaf spot/google_0083.jpg,Corn___Cercospora_leaf_spot Gray_leaf_spot,Corn___Northern_Leaf_Blight,0.590759
plantwild/extracted/plantwild/images/corn gray leaf spot/google_0084.jpg,Corn___Cercospora_leaf_spot Gray_leaf_spot,Corn___healthy,0.672969
plantwild/extracted/plantwild/images/corn gray leaf spot/google_0086.jpg,Corn___Cercospora_leaf_spot Gray_leaf_spot,Corn___Cercospora_leaf_spot Gray_leaf_spot,0.964005
plantwild/extracted/plantwild/images/corn gray leaf spot/google_0087.jpg,Corn___Cercospora_leaf_spot Gray_leaf_spot,Corn___Cercospora_leaf_spot Gray_leaf_spot,0.955173
plantwild/extracted/plantwild/images/corn gray leaf spot/google_0088.jpg,Corn___Cercospora_leaf_spot Gray_leaf_spot,Corn___healthy,0.877878
plantwild/extracted/plantwild/images/corn gray leaf spot/google_0089.jpg,Corn___Cercospora_leaf_spot Gray_leaf_spot,"Pepper,_bell___healthy",0.566307
plantwild/extracted/plantwild/images/corn gray leaf spot/google_0090.jpg,Corn___Cercospora_leaf_spot Gray_leaf_spot,"Pepper,_bell___healthy",0.949904
plantwild/extracted/plantwild/images/corn gray leaf spot/google_0094.jpg,Corn___Cercospora_leaf_spot Gray_leaf_spot,Corn___Cercospora_leaf_spot Gray_leaf_spot,0.955850
plantwild/extracted/plantwild/images/corn gray leaf spot/google_0095.jpg,Corn___Cercospora_leaf_spot Gray_leaf_spot,Corn___Cercospora_leaf_spot Gray_leaf_spot,0.958735
plantwild/extracted/plantwild/images/corn gray leaf spot/google_0096.jpg,Corn___Cercospora_leaf_spot Gray_leaf_spot,Corn___Cercospora_leaf_spot Gray_leaf_spot,0.968843
plantwild/extracted/plantwild/images/corn gray leaf spot/google_0097.jpg,Corn___Cercospora_leaf_spot Gray_leaf_spot,Tomato___Early_blight,0.959390
plantwild/extracted/plantwild/images/corn gray leaf spot/google_0100.jpg,Corn___Cercospora_leaf_spot Gray_leaf_spot,Corn___Common_rust,0.376224
plantwild/extracted/plantwild/images/corn gray leaf spot/google_0101.jpg,Corn___Cercospora_leaf_spot Gray_leaf_spot,Corn___Cercospora_leaf_spot Gray_leaf_spot,0.963634
plantwild/extracted/plantwild/images/corn gray leaf spot/google_0102.jpg,Corn___Cercospora_leaf_spot Gray_leaf_spot,"Pepper,_bell___healthy",0.493798
plantwild/extracted/plantwild/images/corn gray leaf spot/google_0104.jpg,Corn___Cercospora_leaf_spot Gray_leaf_spot,"Pepper,_bell___healthy",0.460215
plantwild/extracted/plantwild/images/corn gray leaf spot/google_0105.jpg,Corn___Cercospora_leaf_spot Gray_leaf_spot,"Pepper,_bell___healthy",0.271966
plantwild/extracted/plantwild/images/corn gray leaf spot/google_0106.jpg,Corn___Cercospora_leaf_spot Gray_leaf_spot,Corn___Northern_Leaf_Blight,0.617337
plantwild/extracted/plantwild/images/corn gray leaf spot/google_0107.jpg,Corn___Cercospora_leaf_spot Gray_leaf_spot,Corn___Northern_Leaf_Blight,0.907522
plantwild/extracted/plantwild/images/corn gray leaf spot/google_0108.jpg,Corn___Cercospora_leaf_spot Gray_leaf_spot,Corn___Cercospora_leaf_spot Gray_leaf_spot,0.970576
plantwild/extracted/plantwild/images/corn gray leaf spot/google_0109.jpg,Corn___Cercospora_leaf_spot Gray_leaf_spot,Corn___healthy,0.594765
plantwild/extracted/plantwild/images/corn gray leaf spot/google_0115.jpg,Corn___Cercospora_leaf_spot Gray_leaf_spot,Strawberry___Leaf_scorch,0.241458
plantwild/extracted/plantwild/images/corn gray leaf spot/google_0117.jpg,Corn___Cercospora_leaf_spot Gray_leaf_spot,"Pepper,_bell___healthy",0.755632
plantwild/extracted/plantwild/images/corn gray leaf spot/google_0118.jpg,Corn___Cercospora_leaf_spot Gray_leaf_spot,Corn___healthy,0.464228
plantwild/extracted/plantwild/images/corn gray leaf spot/google_0119.jpg,Corn___Cercospora_leaf_spot Gray_leaf_spot,Corn___Cercospora_leaf_spot Gray_leaf_spot,0.916500
plantwild/extracted/plantwild/images/corn gray leaf spot/google_0122.jpg,Corn___Cercospora_leaf_spot Gray_leaf_spot,Corn___Cercospora_leaf_spot Gray_leaf_spot,0.968142
plantwild/extracted/plantwild/images/corn gray leaf spot/google_0123.jpg,Corn___Cercospora_leaf_spot Gray_leaf_spot,"Pepper,_bell___healthy",0.463622
plantwild/extracted/plantwild/images/corn gray leaf spot/google_0124.jpg,Corn___Cercospora_leaf_spot Gray_leaf_spot,"Pepper,_bell___healthy",0.702707
plantwild/extracted/plantwild/images/corn gray leaf spot/google_0127.jpg,Corn___Cercospora_leaf_spot Gray_leaf_spot,Corn___Northern_Leaf_Blight,0.959411
plantwild/extracted/plantwild/images/corn gray leaf spot/google_0128.jpg,Corn___Cercospora_leaf_spot Gray_leaf_spot,"Pepper,_bell___healthy",0.914378
plantwild/extracted/plantwild/images/corn gray leaf spot/google_0129.jpg,Corn___Cercospora_leaf_spot Gray_leaf_spot,"Pepper,_bell___healthy",0.933284
plantwild/extracted/plantwild/images/corn gray leaf spot/google_0133.jpg,Corn___Cercospora_leaf_spot Gray_leaf_spot,Corn___Northern_Leaf_Blight,0.817528
plantwild/extracted/plantwild/images/corn gray leaf spot/google_0134.jpg,Corn___Cercospora_leaf_spot Gray_leaf_spot,"Pepper,_bell___healthy",0.330545
plantwild/extracted/plantwild/images/corn gray leaf spot/google_0136.jpg,Corn___Cercospora_leaf_spot Gray_leaf_spot,Tomato___Early_blight,0.945488
plantwild/extracted/plantwild/images/corn gray leaf spot/google_0138.jpg,Corn___Cercospora_leaf_spot Gray_leaf_spot,"Pepper,_bell___healthy",0.880760
plantwild/extracted/plantwild/images/corn gray leaf spot/google_0139.jpg,Corn___Cercospora_leaf_spot Gray_leaf_spot,Corn___healthy,0.965458
plantwild/extracted/plantwild/images/corn gray leaf spot/google_0140.jpg,Corn___Cercospora_leaf_spot Gray_leaf_spot,Corn___Cercospora_leaf_spot Gray_leaf_spot,0.938638
plantwild/extracted/plantwild/images/corn gray leaf spot/google_0141.jpg,Corn___Cercospora_leaf_spot Gray_leaf_spot,"Pepper,_bell___healthy",0.957888
plantwild/extracted/plantwild/images/corn gray leaf spot/google_0142.jpg,Corn___Cercospora_leaf_spot Gray_leaf_spot,Corn___Cercospora_leaf_spot Gray_leaf_spot,0.940464
plantwild/extracted/plantwild/images/corn gray leaf spot/google_0143.jpg,Corn___Cercospora_leaf_spot Gray_leaf_spot,Strawberry___Leaf_scorch,0.959113
plantwild/extracted/plantwild/images/corn gray leaf spot/google_0144.jpg,Corn___Cercospora_leaf_spot Gray_leaf_spot,Cherry___healthy,0.284880
plantwild/extracted/plantwild/images/corn gray leaf spot/google_0145.jpg,Corn___Cercospora_leaf_spot Gray_leaf_spot,Corn___Cercospora_leaf_spot Gray_leaf_spot,0.865914
plantwild/extracted/plantwild/images/corn gray leaf spot/google_0147.jpg,Corn___Cercospora_leaf_spot Gray_leaf_spot,Corn___Cercospora_leaf_spot Gray_leaf_spot,0.910916
plantwild/extracted/plantwild/images/corn gray leaf spot/google_0149.jpg,Corn___Cercospora_leaf_spot Gray_leaf_spot,Corn___Cercospora_leaf_spot Gray_leaf_spot,0.963553
plantwild/extracted/plantwild/images/corn gray leaf spot/google_0150.jpg,Corn___Cercospora_leaf_spot Gray_leaf_spot,Corn___Northern_Leaf_Blight,0.942169
plantwild/extracted/plantwild/images/corn gray leaf spot/google_0151.jpg,Corn___Cercospora_leaf_spot Gray_leaf_spot,Corn___Cercospora_leaf_spot Gray_leaf_spot,0.964955
plantwild/extracted/plantwild/images/corn gray leaf spot/google_0152.jpg,Corn___Cercospora_leaf_spot Gray_leaf_spot,Corn___Cercospora_leaf_spot Gray_leaf_spot,0.969324
plantwild/extracted/plantwild/images/corn gray leaf spot/google_0153.jpg,Corn___Cercospora_leaf_spot Gray_leaf_spot,Corn___healthy,0.951728
plantwild/extracted/plantwild/images/corn gray leaf spot/google_0155.jpg,Corn___Cercospora_leaf_spot Gray_leaf_spot,"Pepper,_bell___healthy",0.797210
plantwild/extracted/plantwild/images/corn gray leaf spot/google_0157.jpg,Corn___Cercospora_leaf_spot Gray_leaf_spot,"Pepper,_bell___healthy",0.852948
plantwild/extracted/plantwild/images/corn gray leaf spot/google_0159.jpg,Corn___Cercospora_leaf_spot Gray_leaf_spot,Corn___healthy,0.704257
plantwild/extracted/plantwild/images/corn gray leaf spot/google_0160.jpg,Corn___Cercospora_leaf_spot Gray_leaf_spot,Tomato___Early_blight,0.956614
plantwild/extracted/plantwild/images/corn gray leaf spot/google_0161.jpg,Corn___Cercospora_leaf_spot Gray_leaf_spot,Corn___Cercospora_leaf_spot Gray_leaf_spot,0.968767
plantwild/extracted/plantwild/images/corn gray leaf spot/google_0162.jpg,Corn___Cercospora_leaf_spot Gray_leaf_spot,Corn___Common_rust,0.335549
plantwild/extracted/plantwild/images/corn gray leaf spot/google_0165.jpg,Corn___Cercospora_leaf_spot Gray_leaf_spot,Corn___Cercospora_leaf_spot Gray_leaf_spot,0.967629
plantwild/extracted/plantwild/images/corn gray leaf spot/google_0166.jpg,Corn___Cercospora_leaf_spot Gray_leaf_spot,Corn___Cercospora_leaf_spot Gray_leaf_spot,0.720305
plantwild/extracted/plantwild/images/corn gray leaf spot/google_0168.jpg,Corn___Cercospora_leaf_spot Gray_leaf_spot,Corn___Cercospora_leaf_spot Gray_leaf_spot,0.968819
plantwild/extracted/plantwild/images/corn gray leaf spot/google_0169.jpg,Corn___Cercospora_leaf_spot Gray_leaf_spot,Corn___Cercospora_leaf_spot Gray_leaf_spot,0.938998
plantwild/extracted/plantwild/images/corn gray leaf spot/google_0172.jpg,Corn___Cercospora_leaf_spot Gray_leaf_spot,Corn___healthy,0.472965
plantwild/extracted/plantwild/images/corn gray leaf spot/google_0173.jpg,Corn___Cercospora_leaf_spot Gray_leaf_spot,Peach___healthy,0.609615
plantwild/extracted/plantwild/images/corn gray leaf spot/google_0174.jpg,Corn___Cercospora_leaf_spot Gray_leaf_spot,Corn___healthy,0.403008
plantwild/extracted/plantwild/images/corn gray leaf spot/google_0175.jpg,Corn___Cercospora_leaf_spot Gray_leaf_spot,Corn___healthy,0.277386
plantwild/extracted/plantwild/images/corn gray leaf spot/google_0176.jpg,Corn___Cercospora_leaf_spot Gray_leaf_spot,"Pepper,_bell___healthy",0.844818
plantwild/extracted/plantwild/images/corn gray leaf spot/google_0179.jpg,Corn___Cercospora_leaf_spot Gray_leaf_spot,"Pepper,_bell___healthy",0.930354
plantwild/extracted/plantwild/images/corn gray leaf spot/google_0180.jpg,Corn___Cercospora_leaf_spot Gray_leaf_spot,Tomato___Early_blight,0.935115
plantwild/extracted/plantwild/images/corn gray leaf spot/google_0182.jpg,Corn___Cercospora_leaf_spot Gray_leaf_spot,Corn___Common_rust,0.646540
plantwild/extracted/plantwild/images/corn gray leaf spot/google_0186.jpg,Corn___Cercospora_leaf_spot Gray_leaf_spot,Corn___Cercospora_leaf_spot Gray_leaf_spot,0.533207
plantwild/extracted/plantwild/images/corn gray leaf spot/google_0187.jpg,Corn___Cercospora_leaf_spot Gray_leaf_spot,Corn___Cercospora_leaf_spot Gray_leaf_spot,0.910211
plantwild/extracted/plantwild/images/corn gray leaf spot/google_0188.jpg,Corn___Cercospora_leaf_spot Gray_leaf_spot,Corn___Cercospora_leaf_spot Gray_leaf_spot,0.966729
plantwild/extracted/plantwild/images/corn gray leaf spot/google_0189.jpg,Corn___Cercospora_leaf_spot Gray_leaf_spot,"Pepper,_bell___healthy",0.680641
plantwild/extracted/plantwild/images/corn gray leaf spot/google_0190.jpg,Corn___Cercospora_leaf_spot Gray_leaf_spot,Corn___healthy,0.828574
plantwild/extracted/plantwild/images/corn gray leaf spot/google_0192.jpg,Corn___Cercospora_leaf_spot Gray_leaf_spot,Corn___Cercospora_leaf_spot Gray_leaf_spot,0.925867
plantwild/extracted/plantwild/images/corn gray leaf spot/google_0194.jpg,Corn___Cercospora_leaf_spot Gray_leaf_spot,Corn___Common_rust,0.359426
plantwild/extracted/plantwild/images/corn gray leaf spot/google_0195.jpg,Corn___Cercospora_leaf_spot Gray_leaf_spot,Corn___Cercospora_leaf_spot Gray_leaf_spot,0.962445
plantwild/extracted/plantwild/images/corn gray leaf spot/google_0196.jpg,Corn___Cercospora_leaf_spot Gray_leaf_spot,Tomato___Septoria_leaf_spot,0.277488
plantwild/extracted/plantwild/images/corn gray leaf spot/google_0197.jpg,Corn___Cercospora_leaf_spot Gray_leaf_spot,Corn___Cercospora_leaf_spot Gray_leaf_spot,0.511751
plantwild/extracted/plantwild/images/corn gray leaf spot/google_0198.jpg,Corn___Cercospora_leaf_spot Gray_leaf_spot,Tomato___Early_blight,0.792539
plantwild/extracted/plantwild/images/corn gray leaf spot/google_0199.jpg,Corn___Cercospora_leaf_spot Gray_leaf_spot,"Pepper,_bell___healthy",0.527852
plantwild/extracted/plantwild/images/corn gray leaf spot/google_0203.jpg,Corn___Cercospora_leaf_spot Gray_leaf_spot,"Pepper,_bell___healthy",0.893095
plantwild/extracted/plantwild/images/corn gray leaf spot/google_0206.jpg,Corn___Cercospora_leaf_spot Gray_leaf_spot,Corn___Cercospora_leaf_spot Gray_leaf_spot,0.232040
plantwild/extracted/plantwild/images/corn gray leaf spot/google_0207.jpg,Corn___Cercospora_leaf_spot Gray_leaf_spot,Corn___Cercospora_leaf_spot Gray_leaf_spot,0.970335
plantwild/extracted/plantwild/images/corn gray leaf spot/google_0209.jpg,Corn___Cercospora_leaf_spot Gray_leaf_spot,"Pepper,_bell___healthy",0.903789
plantwild/extracted/plantwild/images/corn gray leaf spot/google_0211.jpg,Corn___Cercospora_leaf_spot Gray_leaf_spot,Corn___Cercospora_leaf_spot Gray_leaf_spot,0.966347
plantwild/extracted/plantwild/images/corn gray leaf spot/google_0214.jpg,Corn___Cercospora_leaf_spot Gray_leaf_spot,"Pepper,_bell___healthy",0.761481
plantwild/extracted/plantwild/images/corn gray leaf spot/google_0216.jpg,Corn___Cercospora_leaf_spot Gray_leaf_spot,Corn___Cercospora_leaf_spot Gray_leaf_spot,0.969305
plantwild/extracted/plantwild/images/corn gray leaf spot/google_0230.jpg,Corn___Cercospora_leaf_spot Gray_leaf_spot,Corn___Cercospora_leaf_spot Gray_leaf_spot,0.919492
plantwild/extracted/plantwild/images/corn gray leaf spot/google_0233.jpg,Corn___Cercospora_leaf_spot Gray_leaf_spot,Corn___Cercospora_leaf_spot Gray_leaf_spot,0.951567
plantwild/extracted/plantwild/images/corn gray leaf spot/google_0236.jpg,Corn___Cercospora_leaf_spot Gray_leaf_spot,Strawberry___Leaf_scorch,0.697009
plantwild/extracted/plantwild/images/corn gray leaf spot/google_0244.jpg,Corn___Cercospora_leaf_spot Gray_leaf_spot,"Pepper,_bell___healthy",0.782120
plantwild/extracted/plantwild/images/corn gray leaf spot/google_0245.jpg,Corn___Cercospora_leaf_spot Gray_leaf_spot,"Pepper,_bell___healthy",0.789114
plantwild/extracted/plantwild/images/corn gray leaf spot/google_0246.jpg,Corn___Cercospora_leaf_spot Gray_leaf_spot,Tomato___Early_blight,0.428600
plantwild/extracted/plantwild/images/corn gray leaf spot/google_0257.jpg,Corn___Cercospora_leaf_spot Gray_leaf_spot,Corn___Cercospora_leaf_spot Gray_leaf_spot,0.918831
plantwild/extracted/plantwild/images/corn gray leaf spot/google_0258.jpg,Corn___Cercospora_leaf_spot Gray_leaf_spot,Corn___Cercospora_leaf_spot Gray_leaf_spot,0.494947
plantwild/extracted/plantwild/images/corn gray leaf spot/google_0270.jpg,Corn___Cercospora_leaf_spot Gray_leaf_spot,"Pepper,_bell___healthy",0.944161
plantwild/extracted/plantwild/images/corn gray leaf spot/google_0274.jpg,Corn___Cercospora_leaf_spot Gray_leaf_spot,Corn___Cercospora_leaf_spot Gray_leaf_spot,0.970872
plantwild/extracted/plantwild/images/corn gray leaf spot/google_0286.jpg,Corn___Cercospora_leaf_spot Gray_leaf_spot,"Pepper,_bell___healthy",0.843507
plantwild/extracted/plantwild/images/corn gray leaf spot/google_0293.jpg,Corn___Cercospora_leaf_spot Gray_leaf_spot,Corn___Cercospora_leaf_spot Gray_leaf_spot,0.967664
plantwild/extracted/plantwild/images/corn gray leaf spot/google_0296.jpg,Corn___Cercospora_leaf_spot Gray_leaf_spot,Tomato___Tomato_Yellow_Leaf_Curl_Virus,0.203346
plantwild/extracted/plantwild/images/corn gray leaf spot/google_0298.jpg,Corn___Cercospora_leaf_spot Gray_leaf_spot,Corn___Cercospora_leaf_spot Gray_leaf_spot,0.850348
plantwild/extracted/plantwild/images/corn gray leaf spot/google_0300.jpg,Corn___Cercospora_leaf_spot Gray_leaf_spot,Tomato___Early_blight,0.759258
plantwild/extracted/plantwild/images/corn gray leaf spot/google_0301.jpg,Corn___Cercospora_leaf_spot Gray_leaf_spot,"Pepper,_bell___healthy",0.938422
plantwild/extracted/plantwild/images/corn gray leaf spot/google_0313.jpg,Corn___Cercospora_leaf_spot Gray_leaf_spot,Tomato___Early_blight,0.330388
plantwild/extracted/plantwild/images/corn gray leaf spot/google_0327.jpg,Corn___Cercospora_leaf_spot Gray_leaf_spot,Corn___Cercospora_leaf_spot Gray_leaf_spot,0.969457
plantwild/extracted/plantwild/images/corn gray leaf spot/google_0337.jpg,Corn___Cercospora_leaf_spot Gray_leaf_spot,Corn___Cercospora_leaf_spot Gray_leaf_spot,0.959057
plantwild/extracted/plantwild/images/corn gray leaf spot/google_0373.jpg,Corn___Cercospora_leaf_spot Gray_leaf_spot,"Pepper,_bell___healthy",0.544382
plantwild/extracted/plantwild/images/corn gray leaf spot/google_0385.jpg,Corn___Cercospora_leaf_spot Gray_leaf_spot,Corn___Cercospora_leaf_spot Gray_leaf_spot,0.957464
plantwild/extracted/plantwild/images/corn leaf/1.jpg,Corn___healthy,Corn___healthy,0.670184
plantwild/extracted/plantwild/images/corn leaf/10.jpg,Corn___healthy,Corn___healthy,0.937390
plantwild/extracted/plantwild/images/corn leaf/11.jpg,Corn___healthy,Corn___healthy,0.531900
plantwild/extracted/plantwild/images/corn leaf/12.jpg,Corn___healthy,"Pepper,_bell___healthy",0.899891
plantwild/extracted/plantwild/images/corn leaf/13.jpg,Corn___healthy,Cherry___healthy,0.720637
plantwild/extracted/plantwild/images/corn leaf/14.jpg,Corn___healthy,Corn___healthy,0.969031
plantwild/extracted/plantwild/images/corn leaf/15.jpg,Corn___healthy,Corn___healthy,0.958456
plantwild/extracted/plantwild/images/corn leaf/16.jpg,Corn___healthy,Corn___healthy,0.907683
plantwild/extracted/plantwild/images/corn leaf/17.jpg,Corn___healthy,Corn___healthy,0.624926
plantwild/extracted/plantwild/images/corn leaf/18.jpg,Corn___healthy,"Pepper,_bell___healthy",0.808065
plantwild/extracted/plantwild/images/corn leaf/19.jpg,Corn___healthy,"Pepper,_bell___healthy",0.614487
plantwild/extracted/plantwild/images/corn leaf/2.jpg,Corn___healthy,Corn___healthy,0.730737
plantwild/extracted/plantwild/images/corn leaf/20.jpg,Corn___healthy,"Pepper,_bell___healthy",0.796570
plantwild/extracted/plantwild/images/corn leaf/21.jpg,Corn___healthy,Cherry___healthy,0.783888
plantwild/extracted/plantwild/images/corn leaf/22.jpg,Corn___healthy,Tomato___healthy,0.403773
plantwild/extracted/plantwild/images/corn leaf/23.jpg,Corn___healthy,Corn___healthy,0.967730
plantwild/extracted/plantwild/images/corn leaf/24.jpg,Corn___healthy,Cherry___healthy,0.883669
plantwild/extracted/plantwild/images/corn leaf/27.jpg,Corn___healthy,Orange___Haunglongbing_(Citrus_greening),0.651054
plantwild/extracted/plantwild/images/corn leaf/28.jpg,Corn___healthy,Corn___healthy,0.493483
plantwild/extracted/plantwild/images/corn leaf/29.jpg,Corn___healthy,Tomato___Tomato_Yellow_Leaf_Curl_Virus,0.777510
plantwild/extracted/plantwild/images/corn leaf/3.jpg,Corn___healthy,Corn___healthy,0.777955
plantwild/extracted/plantwild/images/corn leaf/30.jpg,Corn___healthy,"Pepper,_bell___healthy",0.712568
plantwild/extracted/plantwild/images/corn leaf/31.jpg,Corn___healthy,"Pepper,_bell___healthy",0.651260
plantwild/extracted/plantwild/images/corn leaf/32.jpg,Corn___healthy,"Pepper,_bell___healthy",0.955706
plantwild/extracted/plantwild/images/corn leaf/33.jpg,Corn___healthy,Corn___healthy,0.967171
plantwild/extracted/plantwild/images/corn leaf/34 - Copy (2).jpg,Corn___healthy,"Pepper,_bell___healthy",0.920850
plantwild/extracted/plantwild/images/corn leaf/34 - Copy (3).jpg,Corn___healthy,Corn___healthy,0.947496
plantwild/extracted/plantwild/images/corn leaf/34 - Copy.jpg,Corn___healthy,Corn___healthy,0.955329
plantwild/extracted/plantwild/images/corn leaf/34.jpg,Corn___healthy,Corn___healthy,0.961380
plantwild/extracted/plantwild/images/corn leaf/35.jpg,Corn___healthy,Tomato___Tomato_Yellow_Leaf_Curl_Virus,0.920301
plantwild/extracted/plantwild/images/corn leaf/36.jpg,Corn___healthy,Tomato___Tomato_Yellow_Leaf_Curl_Virus,0.498555
plantwild/extracted/plantwild/images/corn leaf/37.jpg,Corn___healthy,Corn___healthy,0.952013
plantwild/extracted/plantwild/images/corn leaf/38.jpg,Corn___healthy,"Pepper,_bell___healthy",0.837822
plantwild/extracted/plantwild/images/corn leaf/39.jpg,Corn___healthy,Corn___healthy,0.628946
plantwild/extracted/plantwild/images/corn leaf/4.jpg,Corn___healthy,"Pepper,_bell___healthy",0.559358
plantwild/extracted/plantwild/images/corn leaf/40.jpg,Corn___healthy,Corn___healthy,0.967845
plantwild/extracted/plantwild/images/corn leaf/41.jpg,Corn___healthy,"Pepper,_bell___healthy",0.697574
plantwild/extracted/plantwild/images/corn leaf/42.jpg,Corn___healthy,Corn___healthy,0.462139
plantwild/extracted/plantwild/images/corn leaf/43.jpg,Corn___healthy,Corn___healthy,0.965315
plantwild/extracted/plantwild/images/corn leaf/44.jpg,Corn___healthy,Corn___healthy,0.948679
plantwild/extracted/plantwild/images/corn leaf/45.jpg,Corn___healthy,"Pepper,_bell___healthy",0.447936
plantwild/extracted/plantwild/images/corn leaf/46.jpg,Corn___healthy,"Pepper,_bell___healthy",0.946800
plantwild/extracted/plantwild/images/corn leaf/47.jpg,Corn___healthy,Corn___healthy,0.846299
plantwild/extracted/plantwild/images/corn leaf/48.jpg,Corn___healthy,"Pepper,_bell___healthy",0.745426
plantwild/extracted/plantwild/images/corn leaf/49.jpg,Corn___healthy,Corn___healthy,0.967471
plantwild/extracted/plantwild/images/corn leaf/5.jpg,Corn___healthy,Corn___healthy,0.401421
plantwild/extracted/plantwild/images/corn leaf/50.jpg,Corn___healthy,Corn___healthy,0.958174
plantwild/extracted/plantwild/images/corn leaf/51.jpg,Corn___healthy,Tomato___Early_blight,0.839226
plantwild/extracted/plantwild/images/corn leaf/54.jpg,Corn___healthy,"Pepper,_bell___healthy",0.926876
plantwild/extracted/plantwild/images/corn leaf/56.jpg,Corn___healthy,Corn___healthy,0.959793
plantwild/extracted/plantwild/images/corn leaf/57.jpg,Corn___healthy,Corn___healthy,0.914865
plantwild/extracted/plantwild/images/corn leaf/59.jpg,Corn___healthy,Corn___healthy,0.913562
plantwild/extracted/plantwild/images/corn leaf/6.jpg,Corn___healthy,"Pepper,_bell___healthy",0.932573
plantwild/extracted/plantwild/images/corn leaf/60.jpg,Corn___healthy,"Pepper,_bell___healthy",0.778198
plantwild/extracted/plantwild/images/corn leaf/62.jpg,Corn___healthy,"Pepper,_bell___healthy",0.629059
plantwild/extracted/plantwild/images/corn leaf/63.jpg,Corn___healthy,Tomato___Septoria_leaf_spot,0.187906
plantwild/extracted/plantwild/images/corn leaf/64.jpg,Corn___healthy,Cherry___healthy,0.399396
plantwild/extracted/plantwild/images/corn leaf/65.jpg,Corn___healthy,"Pepper,_bell___healthy",0.870541
plantwild/extracted/plantwild/images/corn leaf/66.jpg,Corn___healthy,"Pepper,_bell___healthy",0.555723
plantwild/extracted/plantwild/images/corn leaf/69.jpg,Corn___healthy,"Pepper,_bell___healthy",0.950351
plantwild/extracted/plantwild/images/corn leaf/7.jpg,Corn___healthy,"Pepper,_bell___healthy",0.471168
plantwild/extracted/plantwild/images/corn leaf/70.jpg,Corn___healthy,Corn___healthy,0.921715
plantwild/extracted/plantwild/images/corn leaf/72.jpg,Corn___healthy,"Pepper,_bell___healthy",0.935379
plantwild/extracted/plantwild/images/corn leaf/74.jpg,Corn___healthy,Corn___healthy,0.968818
plantwild/extracted/plantwild/images/corn leaf/75.jpg,Corn___healthy,Corn___healthy,0.709690
plantwild/extracted/plantwild/images/corn leaf/77.jpg,Corn___healthy,"Pepper,_bell___healthy",0.688958
plantwild/extracted/plantwild/images/corn leaf/78.jpg,Corn___healthy,"Pepper,_bell___healthy",0.838866
plantwild/extracted/plantwild/images/corn leaf/8.jpg,Corn___healthy,Cherry___healthy,0.520317
plantwild/extracted/plantwild/images/corn leaf/9.jpg,Corn___healthy,"Pepper,_bell___healthy",0.255684
plantwild/extracted/plantwild/images/corn leaf/google_0000.jpg,Corn___healthy,Corn___healthy,0.961914
plantwild/extracted/plantwild/images/corn leaf/google_0001.jpg,Corn___healthy,"Pepper,_bell___healthy",0.919668
plantwild/extracted/plantwild/images/corn leaf/google_0002.jpg,Corn___healthy,Corn___healthy,0.766869
plantwild/extracted/plantwild/images/corn leaf/google_0003.jpg,Corn___healthy,Strawberry___Leaf_scorch,0.936288
plantwild/extracted/plantwild/images/corn leaf/google_0004.jpg,Corn___healthy,Corn___healthy,0.441658
plantwild/extracted/plantwild/images/corn leaf/google_0006.jpg,Corn___healthy,Corn___healthy,0.839737
plantwild/extracted/plantwild/images/corn leaf/google_0007.jpg,Corn___healthy,Corn___healthy,0.968437
plantwild/extracted/plantwild/images/corn leaf/google_0008.jpg,Corn___healthy,"Pepper,_bell___healthy",0.898872
plantwild/extracted/plantwild/images/corn leaf/google_0010.jpg,Corn___healthy,Tomato___Tomato_Yellow_Leaf_Curl_Virus,0.899571
plantwild/extracted/plantwild/images/corn leaf/google_0011.jpg,Corn___healthy,Cherry___healthy,0.771639
plantwild/extracted/plantwild/images/corn leaf/google_0012.jpg,Corn___healthy,Corn___healthy,0.896902
plantwild/extracted/plantwild/images/corn leaf/google_0013.jpg,Corn___healthy,Corn___healthy,0.880628
plantwild/extracted/plantwild/images/corn leaf/google_0014.jpg,Corn___healthy,Cherry___healthy,0.459515
plantwild/extracted/plantwild/images/corn leaf/google_0019.jpg,Corn___healthy,"Pepper,_bell___healthy",0.916521
plantwild/extracted/plantwild/images/corn leaf/google_0030.jpg,Corn___healthy,Corn___healthy,0.767108
plantwild/extracted/plantwild/images/corn leaf/google_0033.jpg,Corn___healthy,"Pepper,_bell___healthy",0.707124
plantwild/extracted/plantwild/images/corn leaf/google_0053.jpg,Corn___healthy,"Pepper,_bell___healthy",0.955527
plantwild/extracted/plantwild/images/corn leaf/google_0055.jpg,Corn___healthy,Tomato___Tomato_Yellow_Leaf_Curl_Virus,0.196581
plantwild/extracted/plantwild/images/corn leaf/google_0063.jpg,Corn___healthy,Corn___healthy,0.968625
plantwild/extracted/plantwild/images/corn leaf/google_0074.jpg,Corn___healthy,"Pepper,_bell___healthy",0.919921
plantwild/extracted/plantwild/images/corn leaf/google_0076.jpg,Corn___healthy,"Pepper,_bell___healthy",0.812227
plantwild/extracted/plantwild/images/corn leaf/google_0079.jpg,Corn___healthy,Corn___healthy,0.969116
plantwild/extracted/plantwild/images/corn leaf/google_0085.jpg,Corn___healthy,Corn___healthy,0.921300
plantwild/extracted/plantwild/images/corn leaf/google_0092.jpg,Corn___healthy,Corn___healthy,0.957917
plantwild/extracted/plantwild/images/corn leaf/google_0093.jpg,Corn___healthy,"Pepper,_bell___healthy",0.955254
plantwild/extracted/plantwild/images/corn leaf/google_0098.jpg,Corn___healthy,"Pepper,_bell___healthy",0.941786
plantwild/extracted/plantwild/images/corn leaf/google_0099.jpg,Corn___healthy,Corn___healthy,0.966220
plantwild/extracted/plantwild/images/corn leaf/google_0111.jpg,Corn___healthy,"Pepper,_bell___healthy",0.475993
plantwild/extracted/plantwild/images/corn leaf/google_0113.jpg,Corn___healthy,"Pepper,_bell___healthy",0.694620
plantwild/extracted/plantwild/images/corn leaf/google_0115.jpg,Corn___healthy,Tomato___Tomato_Yellow_Leaf_Curl_Virus,0.832578
plantwild/extracted/plantwild/images/corn leaf/google_0119.jpg,Corn___healthy,Corn___healthy,0.968345
plantwild/extracted/plantwild/images/corn leaf/google_0124.jpg,Corn___healthy,"Pepper,_bell___healthy",0.801568
plantwild/extracted/plantwild/images/corn leaf/google_0133.jpg,Corn___healthy,Corn___healthy,0.907907
plantwild/extracted/plantwild/images/corn leaf/google_0134.jpg,Corn___healthy,"Pepper,_bell___healthy",0.902892
plantwild/extracted/plantwild/images/corn leaf/google_0144.jpg,Corn___healthy,"Pepper,_bell___healthy",0.933137
plantwild/extracted/plantwild/images/corn leaf/google_0148.jpg,Corn___healthy,"Pepper,_bell___healthy",0.957286
plantwild/extracted/plantwild/images/corn leaf/google_0150.jpg,Corn___healthy,"Pepper,_bell___healthy",0.821571
plantwild/extracted/plantwild/images/corn leaf/google_0161.jpg,Corn___healthy,"Pepper,_bell___healthy",0.909485
plantwild/extracted/plantwild/images/corn leaf/google_0168.jpg,Corn___healthy,Cherry___healthy,0.873433
plantwild/extracted/plantwild/images/corn leaf/google_0169.jpg,Corn___healthy,"Pepper,_bell___healthy",0.954512
plantwild/extracted/plantwild/images/corn leaf/google_0185.jpg,Corn___healthy,"Pepper,_bell___healthy",0.906613
plantwild/extracted/plantwild/images/corn leaf/google_0188.jpg,Corn___healthy,"Pepper,_bell___healthy",0.910466
plantwild/extracted/plantwild/images/corn leaf/google_0190.jpg,Corn___healthy,Corn___healthy,0.963008
plantwild/extracted/plantwild/images/corn leaf/google_0191.jpg,Corn___healthy,Corn___Common_rust,0.202114
plantwild/extracted/plantwild/images/corn leaf/google_0198.jpg,Corn___healthy,Corn___healthy,0.967946
plantwild/extracted/plantwild/images/corn leaf/google_0223.jpg,Corn___healthy,"Pepper,_bell___healthy",0.851457
plantwild/extracted/plantwild/images/corn leaf/google_0225.jpg,Corn___healthy,"Pepper,_bell___healthy",0.957494
plantwild/extracted/plantwild/images/corn leaf/google_0242.jpg,Corn___healthy,Corn___healthy,0.967660
plantwild/extracted/plantwild/images/corn leaf/google_0244.jpg,Corn___healthy,Tomato___Tomato_Yellow_Leaf_Curl_Virus,0.598149
plantwild/extracted/plantwild/images/corn leaf/google_0247.jpg,Corn___healthy,"Pepper,_bell___healthy",0.907604
plantwild/extracted/plantwild/images/corn leaf/google_0260.jpg,Corn___healthy,Corn___healthy,0.966735
plantwild/extracted/plantwild/images/corn leaf/google_0266.jpg,Corn___healthy,Corn___healthy,0.967785
plantwild/extracted/plantwild/images/corn leaf/google_0269.jpg,Corn___healthy,"Pepper,_bell___healthy",0.915982
plantwild/extracted/plantwild/images/corn leaf/google_0275.jpg,Corn___healthy,Tomato___Tomato_Yellow_Leaf_Curl_Virus,0.815528
plantwild/extracted/plantwild/images/corn leaf/google_0279.jpg,Corn___healthy,"Pepper,_bell___healthy",0.631305
plantwild/extracted/plantwild/images/corn leaf/google_0293.jpg,Corn___healthy,"Pepper,_bell___healthy",0.465919
plantwild/extracted/plantwild/images/corn leaf/google_0299.jpg,Corn___healthy,Corn___healthy,0.460132
plantwild/extracted/plantwild/images/corn leaf/google_0308.jpg,Corn___healthy,Corn___healthy,0.854705
plantwild/extracted/plantwild/images/corn leaf/google_0316.jpg,Corn___healthy,Corn___healthy,0.949251
plantwild/extracted/plantwild/images/corn leaf/google_0322.jpg,Corn___healthy,"Pepper,_bell___healthy",0.909223
plantwild/extracted/plantwild/images/corn leaf/google_0331.jpg,Corn___healthy,"Pepper,_bell___healthy",0.968131
plantwild/extracted/plantwild/images/corn leaf/google_0366.jpg,Corn___healthy,Corn___healthy,0.889933
plantwild/extracted/plantwild/images/corn leaf/google_0370.jpg,Corn___healthy,"Pepper,_bell___healthy",0.868180
plantwild/extracted/plantwild/images/corn leaf/google_0380.jpg,Corn___healthy,Cherry___healthy,0.472883
plantwild/extracted/plantwild/images/corn leaf/google_0389.jpg,Corn___healthy,Corn___healthy,0.950369
plantwild/extracted/plantwild/images/corn leaf/google_0395.jpg,Corn___healthy,"Pepper,_bell___healthy",0.912090
plantwild/extracted/plantwild/images/corn leaf/google_0411.jpg,Corn___healthy,Corn___healthy,0.540306
plantwild/extracted/plantwild/images/corn leaf/google_0423.jpg,Corn___healthy,"Pepper,_bell___healthy",0.620302
plantwild/extracted/plantwild/images/corn leaf/google_0431.jpg,Corn___healthy,Orange___Haunglongbing_(Citrus_greening),0.161041
plantwild/extracted/plantwild/images/corn leaf/google_0432.jpg,Corn___healthy,Corn___healthy,0.826305
plantwild/extracted/plantwild/images/corn leaf/google_0459.jpg,Corn___healthy,"Pepper,_bell___healthy",0.726714
plantwild/extracted/plantwild/images/corn leaf/google_0483.jpg,Corn___healthy,"Pepper,_bell___healthy",0.731887
plantwild/extracted/plantwild/images/corn leaf/google_0537.jpg,Corn___healthy,Tomato___Tomato_Yellow_Leaf_Curl_Virus,0.954805
plantwild/extracted/plantwild/images/corn leaf/google_0538.jpg,Corn___healthy,Corn___healthy,0.780711
plantwild/extracted/plantwild/images/corn leaf/google_0543.jpg,Corn___healthy,Orange___Haunglongbing_(Citrus_greening),0.570375
plantwild/extracted/plantwild/images/corn leaf/google_0558.jpg,Corn___healthy,Apple___Black_rot,0.860659
plantwild/extracted/plantwild/images/corn leaf/google_0564.jpg,Corn___healthy,"Pepper,_bell___healthy",0.340275
plantwild/extracted/plantwild/images/corn leaf/google_0571.jpg,Corn___healthy,"Pepper,_bell___healthy",0.773303
plantwild/extracted/plantwild/images/corn leaf/google_0579.jpg,Corn___healthy,"Pepper,_bell___healthy",0.544276
plantwild/extracted/plantwild/images/corn leaf/google_0589.jpg,Corn___healthy,Corn___healthy,0.471226
plantwild/extracted/plantwild/images/corn leaf/google_0595.jpg,Corn___healthy,"Pepper,_bell___healthy",0.971276
plantwild/extracted/plantwild/images/corn leaf/google_0602.jpg,Corn___healthy,Corn___healthy,0.856004
plantwild/extracted/plantwild/images/corn leaf/google_0610.jpg,Corn___healthy,"Pepper,_bell___healthy",0.650917
plantwild/extracted/plantwild/images/corn leaf/google_0618.jpg,Corn___healthy,"Pepper,_bell___healthy",0.450905
plantwild/extracted/plantwild/images/corn leaf/google_0623.jpg,Corn___healthy,"Pepper,_bell___healthy",0.895582
plantwild/extracted/plantwild/images/corn leaf/google_0628.jpg,Corn___healthy,"Pepper,_bell___healthy",0.783399
plantwild/extracted/plantwild/images/corn leaf/google_0629.jpg,Corn___healthy,Cherry___healthy,0.338528
plantwild/extracted/plantwild/images/corn northern leaf blight/1 - Copy (2).jpg,Corn___Northern_Leaf_Blight,"Pepper,_bell___healthy",0.592888
plantwild/extracted/plantwild/images/corn northern leaf blight/1 - Copy (3).jpg,Corn___Northern_Leaf_Blight,"Pepper,_bell___healthy",0.806539
plantwild/extracted/plantwild/images/corn northern leaf blight/1 - Copy.jpg,Corn___Northern_Leaf_Blight,Corn___Cercospora_leaf_spot Gray_leaf_spot,0.968323
plantwild/extracted/plantwild/images/corn northern leaf blight/1.jpg,Corn___Northern_Leaf_Blight,Tomato___Early_blight,0.958297
plantwild/extracted/plantwild/images/corn northern leaf blight/10.jpg,Corn___Northern_Leaf_Blight,Corn___healthy,0.840641
plantwild/extracted/plantwild/images/corn northern leaf blight/101.jpg,Corn___Northern_Leaf_Blight,Corn___healthy,0.891733
plantwild/extracted/plantwild/images/corn northern leaf blight/103.jpg,Corn___Northern_Leaf_Blight,Corn___Common_rust,0.248752
plantwild/extracted/plantwild/images/corn northern leaf blight/104.jpg,Corn___Northern_Leaf_Blight,Corn___healthy,0.925731
plantwild/extracted/plantwild/images/corn northern leaf blight/105.jpg,Corn___Northern_Leaf_Blight,Cherry___healthy,0.716729
plantwild/extracted/plantwild/images/corn northern leaf blight/11.jpg,Corn___Northern_Leaf_Blight,"Pepper,_bell___healthy",0.296241
plantwild/extracted/plantwild/images/corn northern leaf blight/12.jpg,Corn___Northern_Leaf_Blight,Corn___healthy,0.889503
plantwild/extracted/plantwild/images/corn northern leaf blight/13.jpg,Corn___Northern_Leaf_Blight,Corn___Northern_Leaf_Blight,0.870428
plantwild/extracted/plantwild/images/corn northern leaf blight/14.jpg,Corn___Northern_Leaf_Blight,"Pepper,_bell___healthy",0.570685
plantwild/extracted/plantwild/images/corn northern leaf blight/16.jpg,Corn___Northern_Leaf_Blight,Corn___Northern_Leaf_Blight,0.894632
plantwild/extracted/plantwild/images/corn northern leaf blight/17.jpg,Corn___Northern_Leaf_Blight,"Pepper,_bell___healthy",0.535695
plantwild/extracted/plantwild/images/corn northern leaf blight/19.jpg,Corn___Northern_Leaf_Blight,Strawberry___Leaf_scorch,0.773348
plantwild/extracted/plantwild/images/corn northern leaf blight/2 - Copy (2).jpg,Corn___Northern_Leaf_Blight,"Pepper,_bell___healthy",0.873626
plantwild/extracted/plantwild/images/corn northern leaf blight/2 - Copy (3).jpg,Corn___Northern_Leaf_Blight,Cherry___healthy,0.885976
plantwild/extracted/plantwild/images/corn northern leaf blight/2 - Copy.jpg,Corn___Northern_Leaf_Blight,Tomato___Early_blight,0.961411
plantwild/extracted/plantwild/images/corn northern leaf blight/2.jpg,Corn___Northern_Leaf_Blight,Cherry___healthy,0.463552
plantwild/extracted/plantwild/images/corn northern leaf blight/20.jpg,Corn___Northern_Leaf_Blight,"Pepper,_bell___healthy",0.900653
plantwild/extracted/plantwild/images/corn northern leaf blight/22.jpg,Corn___Northern_Leaf_Blight,Cherry___healthy,0.516747
plantwild/extracted/plantwild/images/corn northern leaf blight/23.jpg,Corn___Northern_Leaf_Blight,Corn___Northern_Leaf_Blight,0.959045
plantwild/extracted/plantwild/images/corn northern leaf blight/24.jpg,Corn___Northern_Leaf_Blight,Strawberry___Leaf_scorch,0.486767
plantwild/extracted/plantwild/images/corn northern leaf blight/27.jpg,Corn___Northern_Leaf_Blight,Corn___Northern_Leaf_Blight,0.749325
plantwild/extracted/plantwild/images/corn northern leaf blight/28.jpg,Corn___Northern_Leaf_Blight,"Pepper,_bell___healthy",0.927693
plantwild/extracted/plantwild/images/corn northern leaf blight/29.jpg,Corn___Northern_Leaf_Blight,"Pepper,_bell___healthy",0.614246
plantwild/extracted/plantwild/images/corn northern leaf blight/3.jpg,Corn___Northern_Leaf_Blight,"Pepper,_bell___healthy",0.265281
plantwild/extracted/plantwild/images/corn northern leaf blight/30.jpg,Corn___Northern_Leaf_Blight,"Pepper,_bell___healthy",0.694601
plantwild/extracted/plantwild/images/corn northern leaf blight/31.jpg,Corn___Northern_Leaf_Blight,Cherry___healthy,0.830381
plantwild/extracted/plantwild/images/corn northern leaf blight/32.jpg,Corn___Northern_Leaf_Blight,"Pepper,_bell___healthy",0.894524
plantwild/extracted/plantwild/images/corn northern leaf blight/33.jpg,Corn___Northern_Leaf_Blight,"Pepper,_bell___healthy",0.269795
plantwild/extracted/plantwild/images/corn northern leaf blight/35.jpg,Corn___Northern_Leaf_Blight,"Pepper,_bell___healthy",0.946658
plantwild/extracted/plantwild/images/corn northern leaf blight/36.jpg,Corn___Northern_Leaf_Blight,Corn___Northern_Leaf_Blight,0.594968
plantwild/extracted/plantwild/images/corn northern leaf blight/37.jpg,Corn___Northern_Leaf_Blight,"Pepper,_bell___healthy",0.808564
plantwild/extracted/plantwild/images/corn northern leaf blight/38.jpg,Corn___Northern_Leaf_Blight,Corn___healthy,0.494082
plantwild/extracted/plantwild/images/corn northern leaf blight/4.jpg,Corn___Northern_Leaf_Blight,"Pepper,_bell___healthy",0.835507
plantwild/extracted/plantwild/images/corn northern leaf blight/40.jpg,Corn___Northern_Leaf_Blight,Corn___Cercospora_leaf_spot Gray_leaf_spot,0.951332
plantwild/extracted/plantwild/images/corn northern leaf blight/41.jpg,Corn___Northern_Leaf_Blight,"Pepper,_bell___healthy",0.718919
plantwild/extracted/plantwild/images/corn northern leaf blight/42.jpg,Corn___Northern_Leaf_Blight,"Pepper,_bell___healthy",0.677887
plantwild/extracted/plantwild/images/corn northern leaf blight/43.jpg,Corn___Northern_Leaf_Blight,Corn___Northern_Leaf_Blight,0.877168
plantwild/extracted/plantwild/images/corn northern leaf blight/45.jpg,Corn___Northern_Leaf_Blight,"Pepper,_bell___healthy",0.814296
plantwild/extracted/plantwild/images/corn northern leaf blight/46.jpg,Corn___Northern_Leaf_Blight,"Pepper,_bell___healthy",0.851977
plantwild/extracted/plantwild/images/corn northern leaf blight/47.jpg,Corn___Northern_Leaf_Blight,Corn___Northern_Leaf_Blight,0.281356
plantwild/extracted/plantwild/images/corn northern leaf blight/48.jpg,Corn___Northern_Leaf_Blight,Strawberry___Leaf_scorch,0.434106
plantwild/extracted/plantwild/images/corn northern leaf blight/49.jpg,Corn___Northern_Leaf_Blight,Corn___healthy,0.953334
plantwild/extracted/plantwild/images/corn northern leaf blight/5.jpg,Corn___Northern_Leaf_Blight,"Pepper,_bell___healthy",0.813141
plantwild/extracted/plantwild/images/corn northern leaf blight/50.jpg,Corn___Northern_Leaf_Blight,Corn___healthy,0.576375
plantwild/extracted/plantwild/images/corn northern leaf blight/51.jpg,Corn___Northern_Leaf_Blight,"Pepper,_bell___healthy",0.617540
plantwild/extracted/plantwild/images/corn northern leaf blight/53.jpg,Corn___Northern_Leaf_Blight,Corn___Northern_Leaf_Blight,0.758262
plantwild/extracted/plantwild/images/corn northern leaf blight/54.jpg,Corn___Northern_Leaf_Blight,"Pepper,_bell___healthy",0.586902
plantwild/extracted/plantwild/images/corn northern leaf blight/55.jpg,Corn___Northern_Leaf_Blight,"Pepper,_bell___healthy",0.802148
plantwild/extracted/plantwild/images/corn northern leaf blight/56.jpg,Corn___Northern_Leaf_Blight,Corn___Cercospora_leaf_spot Gray_leaf_spot,0.267391
plantwild/extracted/plantwild/images/corn northern leaf blight/57.jpg,Corn___Northern_Leaf_Blight,"Pepper,_bell___healthy",0.492790
plantwild/extracted/plantwild/images/corn northern leaf blight/58.jpg,Corn___Northern_Leaf_Blight,Corn___Northern_Leaf_Blight,0.394183
plantwild/extracted/plantwild/images/corn northern leaf blight/59.jpg,Corn___Northern_Leaf_Blight,Cherry___healthy,0.630699
plantwild/extracted/plantwild/images/corn northern leaf blight/6.jpg,Corn___Northern_Leaf_Blight,"Pepper,_bell___healthy",0.811794
plantwild/extracted/plantwild/images/corn northern leaf blight/61.jpg,Corn___Northern_Leaf_Blight,"Pepper,_bell___healthy",0.796471
plantwild/extracted/plantwild/images/corn northern leaf blight/62.jpg,Corn___Northern_Leaf_Blight,Cherry___healthy,0.423178
plantwild/extracted/plantwild/images/corn northern leaf blight/64.jpg,Corn___Northern_Leaf_Blight,Corn___Northern_Leaf_Blight,0.903682
plantwild/extracted/plantwild/images/corn northern leaf blight/66.jpg,Corn___Northern_Leaf_Blight,Corn___healthy,0.258055
plantwild/extracted/plantwild/images/corn northern leaf blight/68.jpg,Corn___Northern_Leaf_Blight,"Pepper,_bell___healthy",0.811432
plantwild/extracted/plantwild/images/corn northern leaf blight/69.jpg,Corn___Northern_Leaf_Blight,Strawberry___Leaf_scorch,0.672913
plantwild/extracted/plantwild/images/corn northern leaf blight/7.jpg,Corn___Northern_Leaf_Blight,"Pepper,_bell___healthy",0.860907
plantwild/extracted/plantwild/images/corn northern leaf blight/70 - Copy (3).jpg,Corn___Northern_Leaf_Blight,Corn___Northern_Leaf_Blight,0.952931
plantwild/extracted/plantwild/images/corn northern leaf blight/70 - Copy.jpg,Corn___Northern_Leaf_Blight,Corn___Cercospora_leaf_spot Gray_leaf_spot,0.652847
plantwild/extracted/plantwild/images/corn northern leaf blight/71.jpg,Corn___Northern_Leaf_Blight,Cherry___healthy,0.825550
plantwild/extracted/plantwild/images/corn northern leaf blight/72.jpg,Corn___Northern_Leaf_Blight,Cherry___healthy,0.897197
plantwild/extracted/plantwild/images/corn northern leaf blight/73.jpg,Corn___Northern_Leaf_Blight,Cherry___healthy,0.587490
plantwild/extracted/plantwild/images/corn northern leaf blight/76.jpg,Corn___Northern_Leaf_Blight,Corn___Cercospora_leaf_spot Gray_leaf_spot,0.878432
plantwild/extracted/plantwild/images/corn northern leaf blight/78.jpg,Corn___Northern_Leaf_Blight,"Pepper,_bell___healthy",0.813385
plantwild/extracted/plantwild/images/corn northern leaf blight/8.jpg,Corn___Northern_Leaf_Blight,Corn___Northern_Leaf_Blight,0.728573
plantwild/extracted/plantwild/images/corn northern leaf blight/80.jpg,Corn___Northern_Leaf_Blight,Strawberry___Leaf_scorch,0.478011
plantwild/extracted/plantwild/images/corn northern leaf blight/81.jpg,Corn___Northern_Leaf_Blight,Cherry___healthy,0.935700
plantwild/extracted/plantwild/images/corn northern leaf blight/82.jpg,Corn___Northern_Leaf_Blight,Tomato___Early_blight,0.418370
plantwild/extracted/plantwild/images/corn northern leaf blight/86 - Copy (2).jpg,Corn___Northern_Leaf_Blight,Corn___Northern_Leaf_Blight,0.962077
plantwild/extracted/plantwild/images/corn northern leaf blight/86 - Copy.jpg,Corn___Northern_Leaf_Blight,Corn___Northern_Leaf_Blight,0.959686
plantwild/extracted/plantwild/images/corn northern leaf blight/87.jpg,Corn___Northern_Leaf_Blight,Corn___healthy,0.676981
plantwild/extracted/plantwild/images/corn northern leaf blight/88.jpg,Corn___Northern_Leaf_Blight,"Pepper,_bell___healthy",0.276400
plantwild/extracted/plantwild/images/corn northern leaf blight/90 - Copy.jpg,Corn___Northern_Leaf_Blight,Corn___Cercospora_leaf_spot Gray_leaf_spot,0.785220
plantwild/extracted/plantwild/images/corn northern leaf blight/90.jpg,Corn___Northern_Leaf_Blight,Corn___Cercospora_leaf_spot Gray_leaf_spot,0.967550
plantwild/extracted/plantwild/images/corn northern leaf blight/91.jpg,Corn___Northern_Leaf_Blight,"Pepper,_bell___healthy",0.594174
plantwild/extracted/plantwild/images/corn northern leaf blight/92.jpg,Corn___Northern_Leaf_Blight,Corn___healthy,0.964739
plantwild/extracted/plantwild/images/corn northern leaf blight/93.jpg,Corn___Northern_Leaf_Blight,"Pepper,_bell___healthy",0.750636
plantwild/extracted/plantwild/images/corn northern leaf blight/95.jpg,Corn___Northern_Leaf_Blight,Corn___Cercospora_leaf_spot Gray_leaf_spot,0.784000
plantwild/extracted/plantwild/images/corn northern leaf blight/96.jpg,Corn___Northern_Leaf_Blight,Strawberry___Leaf_scorch,0.888979
plantwild/extracted/plantwild/images/corn northern leaf blight/97 - Copy.jpg,Corn___Northern_Leaf_Blight,"Pepper,_bell___healthy",0.840914
plantwild/extracted/plantwild/images/corn northern leaf blight/99.jpg,Corn___Northern_Leaf_Blight,Cherry___healthy,0.288227
plantwild/extracted/plantwild/images/corn northern leaf blight/add (10).jpg,Corn___Northern_Leaf_Blight,Corn___Cercospora_leaf_spot Gray_leaf_spot,0.869473
plantwild/extracted/plantwild/images/corn northern leaf blight/add (11).jpg,Corn___Northern_Leaf_Blight,Corn___Cercospora_leaf_spot Gray_leaf_spot,0.970163
plantwild/extracted/plantwild/images/corn northern leaf blight/add (12).jpg,Corn___Northern_Leaf_Blight,"Pepper,_bell___healthy",0.422594
plantwild/extracted/plantwild/images/corn northern leaf blight/add (13).jpg,Corn___Northern_Leaf_Blight,Cherry___healthy,0.825580
plantwild/extracted/plantwild/images/corn northern leaf blight/add (14).jpg,Corn___Northern_Leaf_Blight,Strawberry___Leaf_scorch,0.624590
plantwild/extracted/plantwild/images/corn northern leaf blight/add (15).jpg,Corn___Northern_Leaf_Blight,"Pepper,_bell___healthy",0.800466
plantwild/extracted/plantwild/images/corn northern leaf blight/add (17).jpg,Corn___Northern_Leaf_Blight,Corn___healthy,0.576375
plantwild/extracted/plantwild/images/corn northern leaf blight/add (18).jpg,Corn___Northern_Leaf_Blight,"Pepper,_bell___healthy",0.851169
plantwild/extracted/plantwild/images/corn northern leaf blight/add (19).jpg,Corn___Northern_Leaf_Blight,Cherry___healthy,0.659057
plantwild/extracted/plantwild/images/corn northern leaf blight/add (2).jpg,Corn___Northern_Leaf_Blight,"Pepper,_bell___healthy",0.853176
plantwild/extracted/plantwild/images/corn northern leaf blight/add (20).jpg,Corn___Northern_Leaf_Blight,"Pepper,_bell___healthy",0.946775
plantwild/extracted/plantwild/images/corn northern leaf blight/add (21).jpg,Corn___Northern_Leaf_Blight,Corn___Northern_Leaf_Blight,0.968192
plantwild/extracted/plantwild/images/corn northern leaf blight/add (22).jpg,Corn___Northern_Leaf_Blight,"Pepper,_bell___healthy",0.610803
plantwild/extracted/plantwild/images/corn northern leaf blight/add (23).jpg,Corn___Northern_Leaf_Blight,Cherry___healthy,0.392966
plantwild/extracted/plantwild/images/corn northern leaf blight/add (24).jpg,Corn___Northern_Leaf_Blight,Strawberry___Leaf_scorch,0.804820
plantwild/extracted/plantwild/images/corn northern leaf blight/add (25).jpg,Corn___Northern_Leaf_Blight,"Pepper,_bell___healthy",0.864870
plantwild/extracted/plantwild/images/corn northern leaf blight/add (26).jpg,Corn___Northern_Leaf_Blight,Cherry___healthy,0.414901
plantwild/extracted/plantwild/images/corn northern leaf blight/add (27).jpg,Corn___Northern_Leaf_Blight,"Pepper,_bell___healthy",0.842568
plantwild/extracted/plantwild/images/corn northern leaf blight/add (28).jpg,Corn___Northern_Leaf_Blight,Corn___Northern_Leaf_Blight,0.888929
plantwild/extracted/plantwild/images/corn northern leaf blight/add (29).jpg,Corn___Northern_Leaf_Blight,Corn___Northern_Leaf_Blight,0.572713
plantwild/extracted/plantwild/images/corn northern leaf blight/add (3).jpg,Corn___Northern_Leaf_Blight,Strawberry___Leaf_scorch,0.718003
plantwild/extracted/plantwild/images/corn northern leaf blight/add (30).jpg,Corn___Northern_Leaf_Blight,Corn___healthy,0.925731
plantwild/extracted/plantwild/images/corn northern leaf blight/add (4).jpg,Corn___Northern_Leaf_Blight,Corn___Cercospora_leaf_spot Gray_leaf_spot,0.968474
plantwild/extracted/plantwild/images/corn northern leaf blight/add (5).jpg,Corn___Northern_Leaf_Blight,Cherry___healthy,0.401755
plantwild/extracted/plantwild/images/corn northern leaf blight/add (6).jpg,Corn___Northern_Leaf_Blight,"Pepper,_bell___healthy",0.813141
plantwild/extracted/plantwild/images/corn northern leaf blight/add (7).jpg,Corn___Northern_Leaf_Blight,"Pepper,_bell___healthy",0.819931
plantwild/extracted/plantwild/images/corn northern leaf blight/add (8).jpg,Corn___Northern_Leaf_Blight,Corn___healthy,0.889503
plantwild/extracted/plantwild/images/corn northern leaf blight/add (9).jpg,Corn___Northern_Leaf_Blight,Cherry___healthy,0.253799
plantwild/extracted/plantwild/images/corn northern leaf blight/google_0000.jpg,Corn___Northern_Leaf_Blight,Corn___Northern_Leaf_Blight,0.346191
plantwild/extracted/plantwild/images/corn northern leaf blight/google_0001.jpg,Corn___Northern_Leaf_Blight,"Pepper,_bell___healthy",0.830692
plantwild/extracted/plantwild/images/corn northern leaf blight/google_0002.jpg,Corn___Northern_Leaf_Blight,Corn___Cercospora_leaf_spot Gray_leaf_spot,0.462867
plantwild/extracted/plantwild/images/corn northern leaf blight/google_0003.jpg,Corn___Northern_Leaf_Blight,Corn___Northern_Leaf_Blight,0.959411
plantwild/extracted/plantwild/images/corn northern leaf blight/google_0005.jpg,Corn___Northern_Leaf_Blight,Corn___Cercospora_leaf_spot Gray_leaf_spot,0.957733
plantwild/extracted/plantwild/images/corn northern leaf blight/google_0006.jpg,Corn___Northern_Leaf_Blight,Cherry___healthy,0.598121
plantwild/extracted/plantwild/images/corn northern leaf blight/google_0007.jpg,Corn___Northern_Leaf_Blight,"Pepper,_bell___healthy",0.438072
plantwild/extracted/plantwild/images/corn northern leaf blight/google_0008.jpg,Corn___Northern_Leaf_Blight,Tomato___Early_blight,0.508505
plantwild/extracted/plantwild/images/corn northern leaf blight/google_0009.jpg,Corn___Northern_Leaf_Blight,"Pepper,_bell___healthy",0.864717
plantwild/extracted/plantwild/images/corn northern leaf blight/google_0010.jpg,Corn___Northern_Leaf_Blight,"Pepper,_bell___healthy",0.827729
plantwild/extracted/plantwild/images/corn northern leaf blight/google_0011.jpg,Corn___Northern_Leaf_Blight,Corn___Common_rust,0.468462
plantwild/extracted/plantwild/images/corn northern leaf blight/google_0012.jpg,Corn___Northern_Leaf_Blight,Strawberry___Leaf_scorch,0.921339
plantwild/extracted/plantwild/images/corn northern leaf blight/google_0013.jpg,Corn___Northern_Leaf_Blight,"Pepper,_bell___healthy",0.758001
plantwild/extracted/plantwild/images/corn northern leaf blight/google_0014.jpg,Corn___Northern_Leaf_Blight,Corn___healthy,0.405303
plantwild/extracted/plantwild/images/corn northern leaf blight/google_0015.jpg,Corn___Northern_Leaf_Blight,"Pepper,_bell___healthy",0.869177
plantwild/extracted/plantwild/images/corn northern leaf blight/google_0016.jpg,Corn___Northern_Leaf_Blight,"Pepper,_bell___healthy",0.549008
plantwild/extracted/plantwild/images/corn northern leaf blight/google_0017.jpg,Corn___Northern_Leaf_Blight,Corn___Cercospora_leaf_spot Gray_leaf_spot,0.854058
plantwild/extracted/plantwild/images/corn northern leaf blight/google_0018.jpg,Corn___Northern_Leaf_Blight,Corn___Northern_Leaf_Blight,0.866396
plantwild/extracted/plantwild/images/corn northern leaf blight/google_0019.jpg,Corn___Northern_Leaf_Blight,Corn___Northern_Leaf_Blight,0.961921
plantwild/extracted/plantwild/images/corn northern leaf blight/google_0020.jpg,Corn___Northern_Leaf_Blight,"Pepper,_bell___healthy",0.815467
plantwild/extracted/plantwild/images/corn northern leaf blight/google_0021.jpg,Corn___Northern_Leaf_Blight,Cherry___healthy,0.576918
plantwild/extracted/plantwild/images/corn northern leaf blight/google_0022.jpg,Corn___Northern_Leaf_Blight,"Pepper,_bell___healthy",0.645030
plantwild/extracted/plantwild/images/corn northern leaf blight/google_0023.jpg,Corn___Northern_Leaf_Blight,Corn___Northern_Leaf_Blight,0.957041
plantwild/extracted/plantwild/images/corn northern leaf blight/google_0024.jpg,Corn___Northern_Leaf_Blight,Corn___Northern_Leaf_Blight,0.617337
plantwild/extracted/plantwild/images/corn northern leaf blight/google_0027.jpg,Corn___Northern_Leaf_Blight,Corn___Cercospora_leaf_spot Gray_leaf_spot,0.931890
plantwild/extracted/plantwild/images/corn northern leaf blight/google_0029.jpg,Corn___Northern_Leaf_Blight,Tomato___Early_blight,0.949863
plantwild/extracted/plantwild/images/corn northern leaf blight/google_0031.jpg,Corn___Northern_Leaf_Blight,"Pepper,_bell___healthy",0.641235
plantwild/extracted/plantwild/images/corn northern leaf blight/google_0032.jpg,Corn___Northern_Leaf_Blight,"Pepper,_bell___healthy",0.877166
plantwild/extracted/plantwild/images/corn northern leaf blight/google_0033.jpg,Corn___Northern_Leaf_Blight,Cherry___healthy,0.527399
plantwild/extracted/plantwild/images/corn northern leaf blight/google_0034.jpg,Corn___Northern_Leaf_Blight,"Pepper,_bell___healthy",0.418810
plantwild/extracted/plantwild/images/corn northern leaf blight/google_0036.jpg,Corn___Northern_Leaf_Blight,"Pepper,_bell___healthy",0.949383
plantwild/extracted/plantwild/images/corn northern leaf blight/google_0037.jpg,Corn___Northern_Leaf_Blight,Corn___Cercospora_leaf_spot Gray_leaf_spot,0.922812
plantwild/extracted/plantwild/images/corn northern leaf blight/google_0038.jpg,Corn___Northern_Leaf_Blight,"Pepper,_bell___healthy",0.458900
plantwild/extracted/plantwild/images/corn northern leaf blight/google_0039.jpg,Corn___Northern_Leaf_Blight,"Pepper,_bell___healthy",0.778947
plantwild/extracted/plantwild/images/corn northern leaf blight/google_0040.jpg,Corn___Northern_Leaf_Blight,Corn___healthy,0.730019
plantwild/extracted/plantwild/images/corn northern leaf blight/google_0041.jpg,Corn___Northern_Leaf_Blight,Tomato___Late_blight,0.410909
plantwild/extracted/plantwild/images/corn northern leaf blight/google_0042.jpg,Corn___Northern_Leaf_Blight,Corn___Northern_Leaf_Blight,0.553242
plantwild/extracted/plantwild/images/corn northern leaf blight/google_0043.jpg,Corn___Northern_Leaf_Blight,Corn___Cercospora_leaf_spot Gray_leaf_spot,0.797886
plantwild/extracted/plantwild/images/corn northern leaf blight/google_0044.jpg,Corn___Northern_Leaf_Blight,Corn___Cercospora_leaf_spot Gray_leaf_spot,0.952255
plantwild/extracted/plantwild/images/corn northern leaf blight/google_0045.jpg,Corn___Northern_Leaf_Blight,"Pepper,_bell___healthy",0.581990
plantwild/extracted/plantwild/images/corn northern leaf blight/google_0047.jpg,Corn___Northern_Leaf_Blight,Corn___Common_rust,0.359426
plantwild/extracted/plantwild/images/corn northern leaf blight/google_0048.jpg,Corn___Northern_Leaf_Blight,"Pepper,_bell___healthy",0.217303
plantwild/extracted/plantwild/images/corn northern leaf blight/google_0049.jpg,Corn___Northern_Leaf_Blight,Corn___Northern_Leaf_Blight,0.450097
plantwild/extracted/plantwild/images/corn northern leaf blight/google_0050.jpg,Corn___Northern_Leaf_Blight,Corn___healthy,0.460241
plantwild/extracted/plantwild/images/corn northern leaf blight/google_0051.jpg,Corn___Northern_Leaf_Blight,"Pepper,_bell___healthy",0.869144
plantwild/extracted/plantwild/images/corn northern leaf blight/google_0053.jpg,Corn___Northern_Leaf_Blight,Corn___Cercospora_leaf_spot Gray_leaf_spot,0.710092
plantwild/extracted/plantwild/images/corn northern leaf blight/google_0055.jpg,Corn___Northern_Leaf_Blight,Corn___Cercospora_leaf_spot Gray_leaf_spot,0.784295
plantwild/extracted/plantwild/images/corn northern leaf blight/google_0056.jpg,Corn___Northern_Leaf_Blight,"Pepper,_bell___healthy",0.550049
plantwild/extracted/plantwild/images/corn northern leaf blight/google_0057.jpg,Corn___Northern_Leaf_Blight,Cherry___healthy,0.465865
plantwild/extracted/plantwild/images/corn northern leaf blight/google_0059.jpg,Corn___Northern_Leaf_Blight,"Pepper,_bell___healthy",0.560008
plantwild/extracted/plantwild/images/corn northern leaf blight/google_0060.jpg,Corn___Northern_Leaf_Blight,"Pepper,_bell___healthy",0.724857
plantwild/extracted/plantwild/images/corn northern leaf blight/google_0063.jpg,Corn___Northern_Leaf_Blight,Tomato___Early_blight,0.861419
plantwild/extracted/plantwild/images/corn northern leaf blight/google_0064.jpg,Corn___Northern_Leaf_Blight,Corn___healthy,0.717565
plantwild/extracted/plantwild/images/corn northern leaf blight/google_0065.jpg,Corn___Northern_Leaf_Blight,Cherry___healthy,0.412006
plantwild/extracted/plantwild/images/corn northern leaf blight/google_0067.jpg,Corn___Northern_Leaf_Blight,"Pepper,_bell___healthy",0.531759
plantwild/extracted/plantwild/images/corn northern leaf blight/google_0068.jpg,Corn___Northern_Leaf_Blight,"Pepper,_bell___healthy",0.722871
plantwild/extracted/plantwild/images/corn northern leaf blight/google_0069.jpg,Corn___Northern_Leaf_Blight,Corn___Common_rust,0.298292
plantwild/extracted/plantwild/images/corn northern leaf blight/google_0071.jpg,Corn___Northern_Leaf_Blight,Cherry___healthy,0.864059
plantwild/extracted/plantwild/images/corn northern leaf blight/google_0072.jpg,Corn___Northern_Leaf_Blight,"Pepper,_bell___healthy",0.844818
plantwild/extracted/plantwild/images/corn northern leaf blight/google_0073.jpg,Corn___Northern_Leaf_Blight,"Pepper,_bell___healthy",0.678058
plantwild/extracted/plantwild/images/corn northern leaf blight/google_0074.jpg,Corn___Northern_Leaf_Blight,"Pepper,_bell___healthy",0.963667
plantwild/extracted/plantwild/images/corn northern leaf blight/google_0075.jpg,Corn___Northern_Leaf_Blight,Corn___healthy,0.828555
plantwild/extracted/plantwild/images/corn northern leaf blight/google_0076.jpg,Corn___Northern_Leaf_Blight,"Pepper,_bell___healthy",0.282328
plantwild/extracted/plantwild/images/corn northern leaf blight/google_0077.jpg,Corn___Northern_Leaf_Blight,Tomato___Early_blight,0.719956
plantwild/extracted/plantwild/images/corn northern leaf blight/google_0078.jpg,Corn___Northern_Leaf_Blight,Corn___Northern_Leaf_Blight,0.543129
plantwild/extracted/plantwild/images/corn northern leaf blight/google_0079.jpg,Corn___Northern_Leaf_Blight,"Pepper,_bell___healthy",0.900075
plantwild/extracted/plantwild/images/corn northern leaf blight/google_0080.jpg,Corn___Northern_Leaf_Blight,"Pepper,_bell___healthy",0.302108
plantwild/extracted/plantwild/images/corn northern leaf blight/google_0083.jpg,Corn___Northern_Leaf_Blight,Corn___healthy,0.961208
plantwild/extracted/plantwild/images/corn northern leaf blight/google_0085.jpg,Corn___Northern_Leaf_Blight,"Pepper,_bell___healthy",0.347205
plantwild/extracted/plantwild/images/corn northern leaf blight/google_0086.jpg,Corn___Northern_Leaf_Blight,Corn___Northern_Leaf_Blight,0.969001
plantwild/extracted/plantwild/images/corn northern leaf blight/google_0088.jpg,Corn___Northern_Leaf_Blight,Corn___Northern_Leaf_Blight,0.967036
plantwild/extracted/plantwild/images/corn northern leaf blight/google_0090.jpg,Corn___Northern_Leaf_Blight,"Pepper,_bell___healthy",0.807965
plantwild/extracted/plantwild/images/corn northern leaf blight/google_0094.jpg,Corn___Northern_Leaf_Blight,Corn___Cercospora_leaf_spot Gray_leaf_spot,0.493376
plantwild/extracted/plantwild/images/corn northern leaf blight/google_0095.jpg,Corn___Northern_Leaf_Blight,Cherry___healthy,0.914676
plantwild/extracted/plantwild/images/corn northern leaf blight/google_0097.jpg,Corn___Northern_Leaf_Blight,Corn___healthy,0.775662
plantwild/extracted/plantwild/images/corn northern leaf blight/google_0098.jpg,Corn___Northern_Leaf_Blight,"Pepper,_bell___healthy",0.749716
plantwild/extracted/plantwild/images/corn northern leaf blight/google_0099.jpg,Corn___Northern_Leaf_Blight,Cherry___healthy,0.824622
plantwild/extracted/plantwild/images/corn northern leaf blight/google_0101.jpg,Corn___Northern_Leaf_Blight,Corn___healthy,0.939072
plantwild/extracted/plantwild/images/corn northern leaf blight/google_0104.jpg,Corn___Northern_Leaf_Blight,"Pepper,_bell___healthy",0.829102
plantwild/extracted/plantwild/images/corn northern leaf blight/google_0105.jpg,Corn___Northern_Leaf_Blight,Corn___healthy,0.938689
plantwild/extracted/plantwild/images/corn northern leaf blight/google_0106.jpg,Corn___Northern_Leaf_Blight,Corn___Cercospora_leaf_spot Gray_leaf_spot,0.815074
plantwild/extracted/plantwild/images/corn northern leaf blight/google_0107.jpg,Corn___Northern_Leaf_Blight,"Pepper,_bell___healthy",0.388859
plantwild/extracted/plantwild/images/corn northern leaf blight/google_0109.jpg,Corn___Northern_Leaf_Blight,Tomato___Early_blight,0.229960
plantwild/extracted/plantwild/images/corn northern leaf blight/google_0110.jpg,Corn___Northern_Leaf_Blight,Cherry___healthy,0.288646
plantwild/extracted/plantwild/images/corn northern leaf blight/google_0112.jpg,Corn___Northern_Leaf_Blight,Corn___healthy,0.958666
plantwild/extracted/plantwild/images/corn northern leaf blight/google_0113.jpg,Corn___Northern_Leaf_Blight,"Pepper,_bell___healthy",0.487733
plantwild/extracted/plantwild/images/corn northern leaf blight/google_0114.jpg,Corn___Northern_Leaf_Blight,Corn___Cercospora_leaf_spot Gray_leaf_spot,0.910886
plantwild/extracted/plantwild/images/corn northern leaf blight/google_0117.jpg,Corn___Northern_Leaf_Blight,"Pepper,_bell___healthy",0.475207
plantwild/extracted/plantwild/images/corn northern leaf blight/google_0118.jpg,Corn___Northern_Leaf_Blight,"Pepper,_bell___healthy",0.772665
plantwild/extracted/plantwild/images/corn northern leaf blight/google_0120.jpg,Corn___Northern_Leaf_Blight,"Pepper,_bell___healthy",0.905905
plantwild/extracted/plantwild/images/corn northern leaf blight/google_0121.jpg,Corn___Northern_Leaf_Blight,Tomato___Early_blight,0.954768
plantwild/extracted/plantwild/images/corn northern leaf blight/google_0123.jpg,Corn___Northern_Leaf_Blight,"Pepper,_bell___healthy",0.609280
plantwild/extracted/plantwild/images/corn northern leaf blight/google_0125.jpg,Corn___Northern_Leaf_Blight,"Pepper,_bell___healthy",0.411627
plantwild/extracted/plantwild/images/corn northern leaf blight/google_0126.jpg,Corn___Northern_Leaf_Blight,Corn___Cercospora_leaf_spot Gray_leaf_spot,0.951710
plantwild/extracted/plantwild/images/corn northern leaf blight/google_0127.jpg,Corn___Northern_Leaf_Blight,Corn___Northern_Leaf_Blight,0.956798
plantwild/extracted/plantwild/images/corn northern leaf blight/google_0129.jpg,Corn___Northern_Leaf_Blight,"Pepper,_bell___healthy",0.702707
plantwild/extracted/plantwild/images/corn northern leaf blight/google_0132.jpg,Corn___Northern_Leaf_Blight,Corn___Northern_Leaf_Blight,0.817528
plantwild/extracted/plantwild/images/corn northern leaf blight/google_0133.jpg,Corn___Northern_Leaf_Blight,"Pepper,_bell___healthy",0.300718
plantwild/extracted/plantwild/images/corn northern leaf blight/google_0134.jpg,Corn___Northern_Leaf_Blight,Corn___Northern_Leaf_Blight,0.959522
plantwild/extracted/plantwild/images/corn northern leaf blight/google_0135.jpg,Corn___Northern_Leaf_Blight,Corn___Cercospora_leaf_spot Gray_leaf_spot,0.934704
plantwild/extracted/plantwild/images/corn northern leaf blight/google_0143.jpg,Corn___Northern_Leaf_Blight,Cherry___healthy,0.509549
plantwild/extracted/plantwild/images/corn northern leaf blight/google_0149.jpg,Corn___Northern_Leaf_Blight,"Pepper,_bell___healthy",0.880927
plantwild/extracted/plantwild/images/corn northern leaf blight/google_0151.jpg,Corn___Northern_Leaf_Blight,Corn___healthy,0.715562
plantwild/extracted/plantwild/images/corn northern leaf blight/google_0152.jpg,Corn___Northern_Leaf_Blight,Strawberry___Leaf_scorch,0.868637
plantwild/extracted/plantwild/images/corn northern leaf blight/google_0162.jpg,Corn___Northern_Leaf_Blight,Corn___Northern_Leaf_Blight,0.958176
plantwild/extracted/plantwild/images/corn northern leaf blight/google_0163.jpg,Corn___Northern_Leaf_Blight,Corn___Northern_Leaf_Blight,0.944531
plantwild/extracted/plantwild/images/corn northern leaf blight/google_0169.jpg,Corn___Northern_Leaf_Blight,"Pepper,_bell___healthy",0.923591
plantwild/extracted/plantwild/images/corn northern leaf blight/google_0175.jpg,Corn___Northern_Leaf_Blight,"Pepper,_bell___healthy",0.709893
plantwild/extracted/plantwild/images/corn rust/1.jpg,Corn___Common_rust,"Pepper,_bell___healthy",0.297034
plantwild/extracted/plantwild/images/corn rust/10.jpg,Corn___Common_rust,"Pepper,_bell___healthy",0.411635
plantwild/extracted/plantwild/images/corn rust/100.jpg,Corn___Common_rust,Corn___healthy,0.895766
plantwild/extracted/plantwild/images/corn rust/12.jpg,Corn___Common_rust,"Pepper,_bell___healthy",0.851902
plantwild/extracted/plantwild/images/corn rust/13.jpg,Corn___Common_rust,Strawberry___Leaf_scorch,0.893735
plantwild/extracted/plantwild/images/corn rust/14.jpg,Corn___Common_rust,"Pepper,_bell___healthy",0.568017
plantwild/extracted/plantwild/images/corn rust/15.jpg,Corn___Common_rust,"Pepper,_bell___healthy",0.910469
plantwild/extracted/plantwild/images/corn rust/16.jpg,Corn___Common_rust,Corn___Cercospora_leaf_spot Gray_leaf_spot,0.963628
plantwild/extracted/plantwild/images/corn rust/17.jpg,Corn___Common_rust,"Pepper,_bell___healthy",0.455886
plantwild/extracted/plantwild/images/corn rust/18.jpg,Corn___Common_rust,Strawberry___Leaf_scorch,0.441777
plantwild/extracted/plantwild/images/corn rust/19.jpg,Corn___Common_rust,"Pepper,_bell___healthy",0.828488
plantwild/extracted/plantwild/images/corn rust/2.jpg,Corn___Common_rust,"Pepper,_bell___healthy",0.843216
plantwild/extracted/plantwild/images/corn rust/20.jpg,Corn___Common_rust,"Pepper,_bell___healthy",0.868786
plantwild/extracted/plantwild/images/corn rust/21.jpg,Corn___Common_rust,"Pepper,_bell___healthy",0.745607
plantwild/extracted/plantwild/images/corn rust/22.jpg,Corn___Common_rust,"Pepper,_bell___healthy",0.701299
plantwild/extracted/plantwild/images/corn rust/27.jpg,Corn___Common_rust,"Pepper,_bell___healthy",0.697899
plantwild/extracted/plantwild/images/corn rust/28.jpg,Corn___Common_rust,Corn___healthy,0.797267
plantwild/extracted/plantwild/images/corn rust/29.jpg,Corn___Common_rust,"Pepper,_bell___healthy",0.431297
plantwild/extracted/plantwild/images/corn rust/3.jpg,Corn___Common_rust,"Pepper,_bell___healthy",0.557050
plantwild/extracted/plantwild/images/corn rust/30.jpg,Corn___Common_rust,Cherry___healthy,0.416149
plantwild/extracted/plantwild/images/corn rust/31.jpg,Corn___Common_rust,Strawberry___Leaf_scorch,0.789310
plantwild/extracted/plantwild/images/corn rust/32.jpg,Corn___Common_rust,"Pepper,_bell___healthy",0.808875
plantwild/extracted/plantwild/images/corn rust/33.jpg,Corn___Common_rust,Corn___Cercospora_leaf_spot Gray_leaf_spot,0.968475
plantwild/extracted/plantwild/images/corn rust/34.jpg,Corn___Common_rust,"Pepper,_bell___healthy",0.446208
plantwild/extracted/plantwild/images/corn rust/35.jpg,Corn___Common_rust,Tomato___Early_blight,0.943375
plantwild/extracted/plantwild/images/corn rust/36.jpg,Corn___Common_rust,Corn___Cercospora_leaf_spot Gray_leaf_spot,0.775731
plantwild/extracted/plantwild/images/corn rust/37.jpg,Corn___Common_rust,"Pepper,_bell___healthy",0.286074
plantwild/extracted/plantwild/images/corn rust/38.jpg,Corn___Common_rust,Corn___Northern_Leaf_Blight,0.951741
plantwild/extracted/plantwild/images/corn rust/39.jpg,Corn___Common_rust,"Pepper,_bell___healthy",0.558266
plantwild/extracted/plantwild/images/corn rust/4.jpg,Corn___Common_rust,Cherry___healthy,0.254395
plantwild/extracted/plantwild/images/corn rust/40.jpg,Corn___Common_rust,Corn___Cercospora_leaf_spot Gray_leaf_spot,0.354444
plantwild/extracted/plantwild/images/corn rust/41 - Copy.jpg,Corn___Common_rust,Tomato___Early_blight,0.245765
plantwild/extracted/plantwild/images/corn rust/41.jpg,Corn___Common_rust,Corn___healthy,0.634267
plantwild/extracted/plantwild/images/corn rust/42.jpg,Corn___Common_rust,"Pepper,_bell___healthy",0.783544
plantwild/extracted/plantwild/images/corn rust/43.jpg,Corn___Common_rust,"Pepper,_bell___healthy",0.456626
plantwild/extracted/plantwild/images/corn rust/44.jpg,Corn___Common_rust,Strawberry___Leaf_scorch,0.627811
plantwild/extracted/plantwild/images/corn rust/45.jpg,Corn___Common_rust,"Pepper,_bell___healthy",0.688456
plantwild/extracted/plantwild/images/corn rust/46.jpg,Corn___Common_rust,Corn___healthy,0.360360
plantwild/extracted/plantwild/images/corn rust/47.jpg,Corn___Common_rust,Cherry___healthy,0.630699
plantwild/extracted/plantwild/images/corn rust/48.jpg,Corn___Common_rust,"Pepper,_bell___healthy",0.726504
plantwild/extracted/plantwild/images/corn rust/5.jpg,Corn___Common_rust,"Pepper,_bell___healthy",0.554396
plantwild/extracted/plantwild/images/corn rust/50.jpg,Corn___Common_rust,Corn___healthy,0.939261
plantwild/extracted/plantwild/images/corn rust/51.jpg,Corn___Common_rust,Corn___Cercospora_leaf_spot Gray_leaf_spot,0.570450
plantwild/extracted/plantwild/images/corn rust/52.jpg,Corn___Common_rust,Corn___Cercospora_leaf_spot Gray_leaf_spot,0.826881
plantwild/extracted/plantwild/images/corn rust/53.jpg,Corn___Common_rust,Cherry___healthy,0.623106
plantwild/extracted/plantwild/images/corn rust/54.jpg,Corn___Common_rust,"Pepper,_bell___healthy",0.384374
plantwild/extracted/plantwild/images/corn rust/55.jpg,Corn___Common_rust,"Pepper,_bell___healthy",0.433540
plantwild/extracted/plantwild/images/corn rust/56.jpg,Corn___Common_rust,Corn___Cercospora_leaf_spot Gray_leaf_spot,0.576453
plantwild/extracted/plantwild/images/corn rust/57.jpg,Corn___Common_rust,Corn___Common_rust,0.812830
plantwild/extracted/plantwild/images/corn rust/58.jpg,Corn___Common_rust,"Pepper,_bell___healthy",0.540654
plantwild/extracted/plantwild/images/corn rust/59.jpg,Corn___Common_rust,Cherry___healthy,0.216921
plantwild/extracted/plantwild/images/corn rust/6.jpg,Corn___Common_rust,Strawberry___Leaf_scorch,0.905719
plantwild/extracted/plantwild/images/corn rust/60.jpg,Corn___Common_rust,"Pepper,_bell___healthy",0.784952
plantwild/extracted/plantwild/images/corn rust/61.jpg,Corn___Common_rust,Strawberry___Leaf_scorch,0.524719
plantwild/extracted/plantwild/images/corn rust/62.jpg,Corn___Common_rust,"Pepper,_bell___healthy",0.792265
plantwild/extracted/plantwild/images/corn rust/63.jpg,Corn___Common_rust,Corn___Cercospora_leaf_spot Gray_leaf_spot,0.340551
plantwild/extracted/plantwild/images/corn rust/64.jpg,Corn___Common_rust,Strawberry___Leaf_scorch,0.851214
plantwild/extracted/plantwild/images/corn rust/65.jpg,Corn___Common_rust,Cherry___healthy,0.286770
plantwild/extracted/plantwild/images/corn rust/66.jpg,Corn___Common_rust,"Pepper,_bell___healthy",0.948327
plantwild/extracted/plantwild/images/corn rust/67.jpg,Corn___Common_rust,Cherry___healthy,0.369588
plantwild/extracted/plantwild/images/corn rust/68.jpg,Corn___Common_rust,"Pepper,_bell___healthy",0.892623
plantwild/extracted/plantwild/images/corn rust/69.jpg,Corn___Common_rust,"Pepper,_bell___healthy",0.941826
plantwild/extracted/plantwild/images/corn rust/7.jpg,Corn___Common_rust,"Pepper,_bell___healthy",0.582322
plantwild/extracted/plantwild/images/corn rust/70.jpg,Corn___Common_rust,Corn___Cercospora_leaf_spot Gray_leaf_spot,0.869472
plantwild/extracted/plantwild/images/corn rust/71.jpg,Corn___Common_rust,"Pepper,_bell___healthy",0.924269
plantwild/extracted/plantwild/images/corn rust/72.jpg,Corn___Common_rust,"Pepper,_bell___healthy",0.913681
plantwild/extracted/plantwild/images/corn rust/73.jpg,Corn___Common_rust,"Pepper,_bell___healthy",0.637818
plantwild/extracted/plantwild/images/corn rust/74.jpg,Corn___Common_rust,Corn___Cercospora_leaf_spot Gray_leaf_spot,0.937248
plantwild/extracted/plantwild/images/corn rust/75.jpg,Corn___Common_rust,"Pepper,_bell___healthy",0.618335
plantwild/extracted/plantwild/images/corn rust/76.jpg,Corn___Common_rust,"Pepper,_bell___healthy",0.926492
plantwild/extracted/plantwild/images/corn rust/77.jpg,Corn___Common_rust,Corn___Common_rust,0.248302
plantwild/extracted/plantwild/images/corn rust/78.jpg,Corn___Common_rust,Corn___Common_rust,0.749434
plantwild/extracted/plantwild/images/corn rust/79.jpg,Corn___Common_rust,Cherry___healthy,0.433165
plantwild/extracted/plantwild/images/corn rust/8.jpg,Corn___Common_rust,"Pepper,_bell___healthy",0.421051
plantwild/extracted/plantwild/images/corn rust/80.jpg,Corn___Common_rust,Corn___healthy,0.888605
plantwild/extracted/plantwild/images/corn rust/81.jpg,Corn___Common_rust,Corn___healthy,0.314272
plantwild/extracted/plantwild/images/corn rust/82.jpg,Corn___Common_rust,Corn___Cercospora_leaf_spot Gray_leaf_spot,0.900660
plantwild/extracted/plantwild/images/corn rust/83.jpg,Corn___Common_rust,"Pepper,_bell___healthy",0.358721
plantwild/extracted/plantwild/images/corn rust/84.jpg,Corn___Common_rust,Cherry___healthy,0.726941
plantwild/extracted/plantwild/images/corn rust/85.jpg,Corn___Common_rust,Strawberry___Leaf_scorch,0.464258
plantwild/extracted/plantwild/images/corn rust/86.jpg,Corn___Common_rust,Strawberry___Leaf_scorch,0.730336
plantwild/extracted/plantwild/images/corn rust/87.jpg,Corn___Common_rust,"Pepper,_bell___healthy",0.300197
plantwild/extracted/plantwild/images/corn rust/88.jpg,Corn___Common_rust,"Pepper,_bell___healthy",0.877496
plantwild/extracted/plantwild/images/corn rust/89.jpg,Corn___Common_rust,"Pepper,_bell___healthy",0.857288
plantwild/extracted/plantwild/images/corn rust/9.jpg,Corn___Common_rust,Cherry___healthy,0.723390
plantwild/extracted/plantwild/images/corn rust/90.jpg,Corn___Common_rust,Corn___healthy,0.928784
plantwild/extracted/plantwild/images/corn rust/92.jpg,Corn___Common_rust,"Pepper,_bell___healthy",0.860263
plantwild/extracted/plantwild/images/corn rust/94.jpg,Corn___Common_rust,Corn___Cercospora_leaf_spot Gray_leaf_spot,0.941226
plantwild/extracted/plantwild/images/corn rust/95.jpg,Corn___Common_rust,"Pepper,_bell___healthy",0.954893
plantwild/extracted/plantwild/images/corn rust/96.jpg,Corn___Common_rust,"Pepper,_bell___healthy",0.375795
plantwild/extracted/plantwild/images/corn rust/97.jpg,Corn___Common_rust,Cherry___healthy,0.437110
plantwild/extracted/plantwild/images/corn rust/98.jpg,Corn___Common_rust,Corn___healthy,0.622181
plantwild/extracted/plantwild/images/corn rust/99.jpg,Corn___Common_rust,"Pepper,_bell___healthy",0.895764
plantwild/extracted/plantwild/images/corn rust/google_0000.jpg,Corn___Common_rust,Corn___Common_rust,0.913419
plantwild/extracted/plantwild/images/corn rust/google_0001.jpg,Corn___Common_rust,"Pepper,_bell___healthy",0.827048
plantwild/extracted/plantwild/images/corn rust/google_0002.jpg,Corn___Common_rust,Cherry___healthy,0.730797
plantwild/extracted/plantwild/images/corn rust/google_0003.jpg,Corn___Common_rust,"Pepper,_bell___healthy",0.291535
plantwild/extracted/plantwild/images/corn rust/google_0005.jpg,Corn___Common_rust,Corn___Common_rust,0.811220
plantwild/extracted/plantwild/images/corn rust/google_0006.jpg,Corn___Common_rust,Corn___Cercospora_leaf_spot Gray_leaf_spot,0.639671
plantwild/extracted/plantwild/images/corn rust/google_0007.jpg,Corn___Common_rust,"Pepper,_bell___healthy",0.791300
plantwild/extracted/plantwild/images/corn rust/google_0008.jpg,Corn___Common_rust,"Pepper,_bell___healthy",0.956449
plantwild/extracted/plantwild/images/corn rust/google_0009.jpg,Corn___Common_rust,Corn___Cercospora_leaf_spot Gray_leaf_spot,0.881327
plantwild/extracted/plantwild/images/corn rust/google_0011.jpg,Corn___Common_rust,"Pepper,_bell___healthy",0.843175
plantwild/extracted/plantwild/images/corn rust/google_0012.jpg,Corn___Common_rust,"Pepper,_bell___healthy",0.637223
plantwild/extracted/plantwild/images/corn rust/google_0013.jpg,Corn___Common_rust,Corn___Cercospora_leaf_spot Gray_leaf_spot,0.218587
plantwild/extracted/plantwild/images/corn rust/google_0014.jpg,Corn___Common_rust,"Pepper,_bell___healthy",0.835429
plantwild/extracted/plantwild/images/corn rust/google_0015.jpg,Corn___Common_rust,Corn___Cercospora_leaf_spot Gray_leaf_spot,0.565871
plantwild/extracted/plantwild/images/corn rust/google_0016.jpg,Corn___Common_rust,Cherry___healthy,0.180652
plantwild/extracted/plantwild/images/corn rust/google_0017.jpg,Corn___Common_rust,Corn___Cercospora_leaf_spot Gray_leaf_spot,0.971301
plantwild/extracted/plantwild/images/corn rust/google_0018.jpg,Corn___Common_rust,Corn___Cercospora_leaf_spot Gray_leaf_spot,0.558899
plantwild/extracted/plantwild/images/corn rust/google_0019.jpg,Corn___Common_rust,Corn___Cercospora_leaf_spot Gray_leaf_spot,0.890281
plantwild/extracted/plantwild/images/corn rust/google_0020.jpg,Corn___Common_rust,Corn___healthy,0.815474
plantwild/extracted/plantwild/images/corn rust/google_0021.jpg,Corn___Common_rust,Corn___Cercospora_leaf_spot Gray_leaf_spot,0.918211
plantwild/extracted/plantwild/images/corn rust/google_0022.jpg,Corn___Common_rust,"Pepper,_bell___healthy",0.526006
plantwild/extracted/plantwild/images/corn rust/google_0024.jpg,Corn___Common_rust,Corn___Common_rust,0.642802
plantwild/extracted/plantwild/images/corn rust/google_0026.jpg,Corn___Common_rust,Corn___Cercospora_leaf_spot Gray_leaf_spot,0.943787
plantwild/extracted/plantwild/images/corn rust/google_0027.jpg,Corn___Common_rust,Corn___Cercospora_leaf_spot Gray_leaf_spot,0.646121
plantwild/extracted/plantwild/images/corn rust/google_0029.jpg,Corn___Common_rust,Corn___healthy,0.729988
plantwild/extracted/plantwild/images/corn rust/google_0031.jpg,Corn___Common_rust,Corn___Northern_Leaf_Blight,0.587718
plantwild/extracted/plantwild/images/corn rust/google_0032.jpg,Corn___Common_rust,Corn___Cercospora_leaf_spot Gray_leaf_spot,0.882727
plantwild/extracted/plantwild/images/corn rust/google_0034.jpg,Corn___Common_rust,"Pepper,_bell___healthy",0.886787
plantwild/extracted/plantwild/images/corn rust/google_0035.jpg,Corn___Common_rust,"Pepper,_bell___healthy",0.699863
plantwild/extracted/plantwild/images/corn rust/google_0037.jpg,Corn___Common_rust,Corn___Common_rust,0.221342
plantwild/extracted/plantwild/images/corn rust/google_0039.jpg,Corn___Common_rust,Corn___Cercospora_leaf_spot Gray_leaf_spot,0.919907
plantwild/extracted/plantwild/images/corn rust/google_0040.jpg,Corn___Common_rust,"Pepper,_bell___healthy",0.362085
plantwild/extracted/plantwild/images/corn rust/google_0042.jpg,Corn___Common_rust,Cherry___healthy,0.237815
plantwild/extracted/plantwild/images/corn rust/google_0044.jpg,Corn___Common_rust,Corn___Common_rust,0.351290
plantwild/extracted/plantwild/images/corn rust/google_0045.jpg,Corn___Common_rust,"Pepper,_bell___healthy",0.328769
plantwild/extracted/plantwild/images/corn rust/google_0046.jpg,Corn___Common_rust,Corn___Cercospora_leaf_spot Gray_leaf_spot,0.890827
plantwild/extracted/plantwild/images/corn rust/google_0048.jpg,Corn___Common_rust,Cherry___healthy,0.609939
plantwild/extracted/plantwild/images/corn rust/google_0049.jpg,Corn___Common_rust,Corn___healthy,0.692931
plantwild/extracted/plantwild/images/corn rust/google_0050.jpg,Corn___Common_rust,Corn___Cercospora_leaf_spot Gray_leaf_spot,0.541046
plantwild/extracted/plantwild/images/corn rust/google_0052.jpg,Corn___Common_rust,"Pepper,_bell___healthy",0.502051
plantwild/extracted/plantwild/images/corn rust/google_0053.jpg,Corn___Common_rust,Corn___healthy,0.835636
plantwild/extracted/plantwild/images/corn rust/google_0056.jpg,Corn___Common_rust,Corn___Cercospora_leaf_spot Gray_leaf_spot,0.671385
plantwild/extracted/plantwild/images/corn rust/google_0057.jpg,Corn___Common_rust,Corn___healthy,0.718541
plantwild/extracted/plantwild/images/corn rust/google_0058.jpg,Corn___Common_rust,"Pepper,_bell___healthy",0.336861
plantwild/extracted/plantwild/images/corn rust/google_0059.jpg,Corn___Common_rust,Corn___Cercospora_leaf_spot Gray_leaf_spot,0.917327
plantwild/extracted/plantwild/images/corn rust/google_0061.jpg,Corn___Common_rust,"Pepper,_bell___healthy",0.963578
plantwild/extracted/plantwild/images/corn rust/google_0063.jpg,Corn___Common_rust,Corn___Cercospora_leaf_spot Gray_leaf_spot,0.948379
plantwild/extracted/plantwild/images/corn rust/google_0064.jpg,Corn___Common_rust,"Pepper,_bell___healthy",0.954812
plantwild/extracted/plantwild/images/corn rust/google_0066.jpg,Corn___Common_rust,"Pepper,_bell___healthy",0.373054
plantwild/extracted/plantwild/images/corn rust/google_0067.jpg,Corn___Common_rust,"Pepper,_bell___healthy",0.883633
plantwild/extracted/plantwild/images/corn rust/google_0068.jpg,Corn___Common_rust,Corn___Cercospora_leaf_spot Gray_leaf_spot,0.938051
plantwild/extracted/plantwild/images/corn rust/google_0071.jpg,Corn___Common_rust,Corn___Cercospora_leaf_spot Gray_leaf_spot,0.953928
plantwild/extracted/plantwild/images/corn rust/google_0072.jpg,Corn___Common_rust,"Pepper,_bell___healthy",0.792051
plantwild/extracted/plantwild/images/corn rust/google_0074.jpg,Corn___Common_rust,Cherry___healthy,0.679205
plantwild/extracted/plantwild/images/corn rust/google_0077.jpg,Corn___Common_rust,Corn___Cercospora_leaf_spot Gray_leaf_spot,0.968115
plantwild/extracted/plantwild/images/corn rust/google_0078.jpg,Corn___Common_rust,Corn___healthy,0.940924
plantwild/extracted/plantwild/images/corn rust/google_0079.jpg,Corn___Common_rust,Cherry___healthy,0.508459
plantwild/extracted/plantwild/images/corn rust/google_0080.jpg,Corn___Common_rust,Corn___Northern_Leaf_Blight,0.600607
plantwild/extracted/plantwild/images/corn rust/google_0081.jpg,Corn___Common_rust,Cherry___healthy,0.835505
plantwild/extracted/plantwild/images/corn rust/google_0082.jpg,Corn___Common_rust,"Pepper,_bell___healthy",0.828576
plantwild/extracted/plantwild/images/corn rust/google_0084.jpg,Corn___Common_rust,Corn___Cercospora_leaf_spot Gray_leaf_spot,0.390688
plantwild/extracted/plantwild/images/corn rust/google_0086.jpg,Corn___Common_rust,"Pepper,_bell___healthy",0.505799
plantwild/extracted/plantwild/images/corn rust/google_0087.jpg,Corn___Common_rust,Corn___healthy,0.922894
plantwild/extracted/plantwild/images/corn rust/google_0088.jpg,Corn___Common_rust,Corn___Cercospora_leaf_spot Gray_leaf_spot,0.905522
plantwild/extracted/plantwild/images/corn rust/google_0091.jpg,Corn___Common_rust,Cherry___healthy,0.372326
plantwild/extracted/plantwild/images/corn rust/google_0092.jpg,Corn___Common_rust,Corn___Cercospora_leaf_spot Gray_leaf_spot,0.889786
plantwild/extracted/plantwild/images/corn rust/google_0094.jpg,Corn___Common_rust,Corn___Cercospora_leaf_spot Gray_leaf_spot,0.386329
plantwild/extracted/plantwild/images/corn rust/google_0095.jpg,Corn___Common_rust,Corn___Common_rust,0.447977
plantwild/extracted/plantwild/images/corn rust/google_0096.jpg,Corn___Common_rust,Corn___healthy,0.518100
plantwild/extracted/plantwild/images/corn rust/google_0097.jpg,Corn___Common_rust,"Pepper,_bell___healthy",0.893095
plantwild/extracted/plantwild/images/corn rust/google_0098.jpg,Corn___Common_rust,"Pepper,_bell___healthy",0.813733
plantwild/extracted/plantwild/images/corn rust/google_0100.jpg,Corn___Common_rust,Corn___healthy,0.653659
plantwild/extracted/plantwild/images/corn rust/google_0101.jpg,Corn___Common_rust,Corn___healthy,0.954192
plantwild/extracted/plantwild/images/corn rust/google_0103.jpg,Corn___Common_rust,Corn___Northern_Leaf_Blight,0.975417
plantwild/extracted/plantwild/images/corn rust/google_0104.jpg,Corn___Common_rust,"Pepper,_bell___healthy",0.834538
plantwild/extracted/plantwild/images/corn rust/google_0105.jpg,Corn___Common_rust,"Pepper,_bell___healthy",0.888475
plantwild/extracted/plantwild/images/corn rust/google_0107.jpg,Corn___Common_rust,Corn___Common_rust,0.343670
plantwild/extracted/plantwild/images/corn rust/google_0108.jpg,Corn___Common_rust,"Pepper,_bell___healthy",0.961842
plantwild/extracted/plantwild/images/corn rust/google_0109.jpg,Corn___Common_rust,Cherry___healthy,0.728485
plantwild/extracted/plantwild/images/corn rust/google_0112.jpg,Corn___Common_rust,"Pepper,_bell___healthy",0.943533
plantwild/extracted/plantwild/images/corn rust/google_0113.jpg,Corn___Common_rust,Corn___Northern_Leaf_Blight,0.358947
plantwild/extracted/plantwild/images/corn rust/google_0114.jpg,Corn___Common_rust,Corn___Cercospora_leaf_spot Gray_leaf_spot,0.766929
plantwild/extracted/plantwild/images/corn rust/google_0115.jpg,Corn___Common_rust,"Pepper,_bell___healthy",0.684973
plantwild/extracted/plantwild/images/corn rust/google_0117.jpg,Corn___Common_rust,Corn___Northern_Leaf_Blight,0.966994
plantwild/extracted/plantwild/images/corn rust/google_0118.jpg,Corn___Common_rust,Corn___Northern_Leaf_Blight,0.561657
plantwild/extracted/plantwild/images/corn rust/google_0119.jpg,Corn___Common_rust,Corn___Cercospora_leaf_spot Gray_leaf_spot,0.969504
plantwild/extracted/plantwild/images/corn rust/google_0120.jpg,Corn___Common_rust,"Pepper,_bell___healthy",0.424890
plantwild/extracted/plantwild/images/corn rust/google_0121.jpg,Corn___Common_rust,"Pepper,_bell___healthy",0.519094
plantwild/extracted/plantwild/images/corn rust/google_0122.jpg,Corn___Common_rust,Strawberry___Leaf_scorch,0.961168
plantwild/extracted/plantwild/images/corn rust/google_0123.jpg,Corn___Common_rust,"Pepper,_bell___healthy",0.750437
plantwild/extracted/plantwild/images/corn rust/google_0124.jpg,Corn___Common_rust,"Pepper,_bell___healthy",0.797729
plantwild/extracted/plantwild/images/corn rust/google_0125.jpg,Corn___Common_rust,"Pepper,_bell___healthy",0.698468
plantwild/extracted/plantwild/images/corn rust/google_0127.jpg,Corn___Common_rust,Corn___healthy,0.922908
plantwild/extracted/plantwild/images/corn rust/google_0131.jpg,Corn___Common_rust,Corn___healthy,0.394988
plantwild/extracted/plantwild/images/corn rust/google_0132.jpg,Corn___Common_rust,"Pepper,_bell___healthy",0.520273
plantwild/extracted/plantwild/images/corn rust/google_0133.jpg,Corn___Common_rust,Cherry___healthy,0.384147
plantwild/extracted/plantwild/images/corn rust/google_0134.jpg,Corn___Common_rust,"Pepper,_bell___healthy",0.912008
plantwild/extracted/plantwild/images/corn rust/google_0137.jpg,Corn___Common_rust,Corn___Northern_Leaf_Blight,0.846939
plantwild/extracted/plantwild/images/corn rust/google_0139.jpg,Corn___Common_rust,Cherry___healthy,0.336678
plantwild/extracted/plantwild/images/corn rust/google_0140.jpg,Corn___Common_rust,"Pepper,_bell___healthy",0.801775
plantwild/extracted/plantwild/images/corn rust/google_0141.jpg,Corn___Common_rust,"Pepper,_bell___healthy",0.729825
plantwild/extracted/plantwild/images/corn rust/google_0142.jpg,Corn___Common_rust,"Pepper,_bell___healthy",0.279575
plantwild/extracted/plantwild/images/corn rust/google_0144.jpg,Corn___Common_rust,"Pepper,_bell___healthy",0.766139
plantwild/extracted/plantwild/images/corn rust/google_0146.jpg,Corn___Common_rust,"Pepper,_bell___healthy",0.899282
plantwild/extracted/plantwild/images/corn rust/google_0148.jpg,Corn___Common_rust,"Pepper,_bell___healthy",0.944587
plantwild/extracted/plantwild/images/corn rust/google_0149.jpg,Corn___Common_rust,Cherry___healthy,0.787362
plantwild/extracted/plantwild/images/corn rust/google_0152.jpg,Corn___Common_rust,"Pepper,_bell___healthy",0.971298
plantwild/extracted/plantwild/images/corn rust/google_0153.jpg,Corn___Common_rust,Corn___healthy,0.966554
plantwild/extracted/plantwild/images/corn rust/google_0155.jpg,Corn___Common_rust,Corn___healthy,0.811008
plantwild/extracted/plantwild/images/corn rust/google_0156.jpg,Corn___Common_rust,Corn___Cercospora_leaf_spot Gray_leaf_spot,0.944806
plantwild/extracted/plantwild/images/corn rust/google_0157.jpg,Corn___Common_rust,Corn___Northern_Leaf_Blight,0.776530
plantwild/extracted/plantwild/images/corn rust/google_0160.jpg,Corn___Common_rust,Corn___Northern_Leaf_Blight,0.916709
plantwild/extracted/plantwild/images/corn rust/google_0161.jpg,Corn___Common_rust,Strawberry___Leaf_scorch,0.436724
plantwild/extracted/plantwild/images/corn rust/google_0162.jpg,Corn___Common_rust,"Pepper,_bell___healthy",0.924604
plantwild/extracted/plantwild/images/corn rust/google_0163.jpg,Corn___Common_rust,Corn___healthy,0.902510
plantwild/extracted/plantwild/images/corn rust/google_0165.jpg,Corn___Common_rust,Corn___Cercospora_leaf_spot Gray_leaf_spot,0.948751
plantwild/extracted/plantwild/images/corn rust/google_0166.jpg,Corn___Common_rust,"Pepper,_bell___healthy",0.529751
plantwild/extracted/plantwild/images/corn rust/google_0168.jpg,Corn___Common_rust,Corn___Cercospora_leaf_spot Gray_leaf_spot,0.294527
plantwild/extracted/plantwild/images/corn rust/google_0170.jpg,Corn___Common_rust,Corn___Common_rust,0.491838
plantwild/extracted/plantwild/images/corn rust/google_0171.jpg,Corn___Common_rust,Corn___Common_rust,0.292766
plantwild/extracted/plantwild/images/corn rust/google_0172.jpg,Corn___Common_rust,Strawberry___Leaf_scorch,0.581880
plantwild/extracted/plantwild/images/corn rust/google_0173.jpg,Corn___Common_rust,"Pepper,_bell___healthy",0.346193
plantwild/extracted/plantwild/images/corn rust/google_0174.jpg,Corn___Common_rust,Tomato___Early_blight,0.530711
plantwild/extracted/plantwild/images/corn rust/google_0177.jpg,Corn___Common_rust,"Pepper,_bell___healthy",0.744731
plantwild/extracted/plantwild/images/corn rust/google_0179.jpg,Corn___Common_rust,"Pepper,_bell___healthy",0.602458
plantwild/extracted/plantwild/images/corn rust/google_0180.jpg,Corn___Common_rust,"Pepper,_bell___healthy",0.602027
plantwild/extracted/plantwild/images/corn rust/google_0181.jpg,Corn___Common_rust,Corn___Northern_Leaf_Blight,0.269022
plantwild/extracted/plantwild/images/corn rust/google_0182.jpg,Corn___Common_rust,"Pepper,_bell___healthy",0.809823
plantwild/extracted/plantwild/images/corn rust/google_0186.jpg,Corn___Common_rust,"Pepper,_bell___healthy",0.628268
plantwild/extracted/plantwild/images/corn rust/google_0190.jpg,Corn___Common_rust,Corn___Cercospora_leaf_spot Gray_leaf_spot,0.825532
plantwild/extracted/plantwild/images/corn rust/google_0191.jpg,Corn___Common_rust,Corn___Cercospora_leaf_spot Gray_leaf_spot,0.415339
plantwild/extracted/plantwild/images/corn rust/google_0196.jpg,Corn___Common_rust,Corn___healthy,0.599042
plantwild/extracted/plantwild/images/corn rust/google_0197.jpg,Corn___Common_rust,"Pepper,_bell___healthy",0.896516
plantwild/extracted/plantwild/images/corn rust/google_0202.jpg,Corn___Common_rust,Corn___healthy,0.964596
plantwild/extracted/plantwild/images/corn rust/google_0203.jpg,Corn___Common_rust,Strawberry___Leaf_scorch,0.947546
plantwild/extracted/plantwild/images/corn rust/google_0205.jpg,Corn___Common_rust,"Pepper,_bell___healthy",0.662676
plantwild/extracted/plantwild/images/corn rust/google_0207.jpg,Corn___Common_rust,"Pepper,_bell___healthy",0.849332
plantwild/extracted/plantwild/images/corn rust/google_0208.jpg,Corn___Common_rust,Tomato___Tomato_Yellow_Leaf_Curl_Virus,0.623715
plantwild/extracted/plantwild/images/corn rust/google_0211.jpg,Corn___Common_rust,Corn___Cercospora_leaf_spot Gray_leaf_spot,0.921284
plantwild/extracted/plantwild/images/corn rust/google_0212.jpg,Corn___Common_rust,"Pepper,_bell___healthy",0.812477
plantwild/extracted/plantwild/images/corn rust/google_0214.jpg,Corn___Common_rust,"Pepper,_bell___healthy",0.861748
plantwild/extracted/plantwild/images/corn rust/google_0220.jpg,Corn___Common_rust,Corn___healthy,0.812892
plantwild/extracted/plantwild/images/corn rust/google_0224.jpg,Corn___Common_rust,Corn___Northern_Leaf_Blight,0.896441
plantwild/extracted/plantwild/images/corn rust/google_0227.jpg,Corn___Common_rust,Corn___healthy,0.374720
plantwild/extracted/plantwild/images/grape black rot/1.jpg,Grape___Black_rot,Tomato___Tomato_Yellow_Leaf_Curl_Virus,0.574483
plantwild/extracted/plantwild/images/grape black rot/10.jpg,Grape___Black_rot,"Pepper,_bell___healthy",0.945267
plantwild/extracted/plantwild/images/grape black rot/100.jpg,Grape___Black_rot,Tomato___Late_blight,0.968566
plantwild/extracted/plantwild/images/grape black rot/102.jpg,Grape___Black_rot,"Pepper,_bell___healthy",0.961515
plantwild/extracted/plantwild/images/grape black rot/103.jpg,Grape___Black_rot,"Pepper,_bell___healthy",0.966459
plantwild/extracted/plantwild/images/grape black rot/11.jpg,Grape___Black_rot,Grape___Black_rot,0.675828
plantwild/extracted/plantwild/images/grape black rot/12.jpg,Grape___Black_rot,Strawberry___Leaf_scorch,0.941305
plantwild/extracted/plantwild/images/grape black rot/13.jpg,Grape___Black_rot,"Pepper,_bell___healthy",0.875860
plantwild/extracted/plantwild/images/grape black rot/141.jpg,Grape___Black_rot,Tomato___healthy,0.501395
plantwild/extracted/plantwild/images/grape black rot/149.jpg,Grape___Black_rot,"Pepper,_bell___healthy",0.890456
plantwild/extracted/plantwild/images/grape black rot/15.jpg,Grape___Black_rot,"Pepper,_bell___healthy",0.966348
plantwild/extracted/plantwild/images/grape black rot/151.jpg,Grape___Black_rot,Strawberry___Leaf_scorch,0.963938
plantwild/extracted/plantwild/images/grape black rot/152.jpg,Grape___Black_rot,Cherry___healthy,0.340024
plantwild/extracted/plantwild/images/grape black rot/155.jpg,Grape___Black_rot,"Pepper,_bell___healthy",0.778752
plantwild/extracted/plantwild/images/grape black rot/156.jpg,Grape___Black_rot,Strawberry___Leaf_scorch,0.938892
plantwild/extracted/plantwild/images/grape black rot/157.jpg,Grape___Black_rot,Strawberry___Leaf_scorch,0.938892
plantwild/extracted/plantwild/images/grape black rot/158.jpg,Grape___Black_rot,Grape___Leaf_blight_(Isariopsis_Leaf_Spot),0.472068
plantwild/extracted/plantwild/images/grape black rot/159.jpg,Grape___Black_rot,Apple___Apple_scab,0.265994
plantwild/extracted/plantwild/images/grape black rot/170.jpg,Grape___Black_rot,"Pepper,_bell___healthy",0.768215
plantwild/extracted/plantwild/images/grape black rot/171.jpg,Grape___Black_rot,"Pepper,_bell___healthy",0.456500
plantwild/extracted/plantwild/images/grape black rot/176.jpg,Grape___Black_rot,Strawberry___Leaf_scorch,0.911096
plantwild/extracted/plantwild/images/grape black rot/177.jpg,Grape___Black_rot,"Pepper,_bell___healthy",0.924420
plantwild/extracted/plantwild/images/grape black rot/178.jpg,Grape___Black_rot,"Pepper,_bell___healthy",0.734947
plantwild/extracted/plantwild/images/grape black rot/18.jpg,Grape___Black_rot,Grape___Black_rot,0.890442
plantwild/extracted/plantwild/images/grape black rot/180.jpg,Grape___Black_rot,Cherry___healthy,0.613202
plantwild/extracted/plantwild/images/grape black rot/181.jpg,Grape___Black_rot,Tomato___Late_blight,0.853970
plantwild/extracted/plantwild/images/grape black rot/19.jpg,Grape___Black_rot,Grape___healthy,0.553271
plantwild/extracted/plantwild/images/grape black rot/191.jpg,Grape___Black_rot,"Pepper,_bell___healthy",0.790058
plantwild/extracted/plantwild/images/grape black rot/193.jpg,Grape___Black_rot,"Pepper,_bell___healthy",0.795587
plantwild/extracted/plantwild/images/grape black rot/198.jpg,Grape___Black_rot,Grape___Black_rot,0.642727
plantwild/extracted/plantwild/images/grape black rot/199.jpg,Grape___Black_rot,Strawberry___Leaf_scorch,0.963120
plantwild/extracted/plantwild/images/grape black rot/2.jpg,Grape___Black_rot,Strawberry___Leaf_scorch,0.921255
plantwild/extracted/plantwild/images/grape black rot/20 - Copy.jpg,Grape___Black_rot,Tomato___Late_blight,0.961492
plantwild/extracted/plantwild/images/grape black rot/20.jpg,Grape___Black_rot,Corn___healthy,0.450779
plantwild/extracted/plantwild/images/grape black rot/200.jpg,Grape___Black_rot,Strawberry___Leaf_scorch,0.938150
plantwild/extracted/plantwild/images/grape black rot/21.jpg,Grape___Black_rot,"Pepper,_bell___healthy",0.960596
plantwild/extracted/plantwild/images/grape black rot/213.jpg,Grape___Black_rot,Strawberry___Leaf_scorch,0.949089
plantwild/extracted/plantwild/images/grape black rot/216.jpg,Grape___Black_rot,"Pepper,_bell___healthy",0.453634
plantwild/extracted/plantwild/images/grape black rot/22 - Copy.jpg,Grape___Black_rot,"Pepper,_bell___healthy",0.316022
plantwild/extracted/plantwild/images/grape black rot/22.jpg,Grape___Black_rot,Grape___Black_rot,0.942148
plantwild/extracted/plantwild/images/grape black rot/227.jpg,Grape___Black_rot,Tomato___Early_blight,0.440734
plantwild/extracted/plantwild/images/grape black rot/23.jpg,Grape___Black_rot,"Pepper,_bell___healthy",0.937979
plantwild/extracted/plantwild/images/grape black rot/230.jpg,Grape___Black_rot,"Pepper,_bell___healthy",0.271437
plantwild/extracted/plantwild/images/grape black rot/25.jpg,Grape___Black_rot,"Pepper,_bell___healthy",0.907472
plantwild/extracted/plantwild/images/grape black rot/26.jpg,Grape___Black_rot,"Pepper,_bell___healthy",0.946705
plantwild/extracted/plantwild/images/grape black rot/28.jpg,Grape___Black_rot,"Pepper,_bell___healthy",0.571296
plantwild/extracted/plantwild/images/grape black rot/29.jpg,Grape___Black_rot,"Pepper,_bell___healthy",0.953955
plantwild/extracted/plantwild/images/grape black rot/3.jpg,Grape___Black_rot,"Pepper,_bell___healthy",0.868917
plantwild/extracted/plantwild/images/grape black rot/31.jpg,Grape___Black_rot,"Pepper,_bell___healthy",0.529092
plantwild/extracted/plantwild/images/grape black rot/32.jpg,Grape___Black_rot,Strawberry___Leaf_scorch,0.409848
plantwild/extracted/plantwild/images/grape black rot/33.jpg,Grape___Black_rot,"Pepper,_bell___healthy",0.967408
plantwild/extracted/plantwild/images/grape black rot/34.jpg,Grape___Black_rot,Cherry___healthy,0.303175
plantwild/extracted/plantwild/images/grape black rot/37.jpg,Grape___Black_rot,"Pepper,_bell___healthy",0.922058
plantwild/extracted/plantwild/images/grape black rot/38.jpg,Grape___Black_rot,"Pepper,_bell___healthy",0.942868
plantwild/extracted/plantwild/images/grape black rot/39.jpg,Grape___Black_rot,Tomato___Tomato_mosaic_virus,0.384410
plantwild/extracted/plantwild/images/grape black rot/4.jpg,Grape___Black_rot,Peach___Bacterial_spot,0.610955
plantwild/extracted/plantwild/images/grape black rot/40.jpg,Grape___Black_rot,"Pepper,_bell___healthy",0.856740
plantwild/extracted/plantwild/images/grape black rot/42.jpg,Grape___Black_rot,"Pepper,_bell___healthy",0.897990
plantwild/extracted/plantwild/images/grape black rot/43.jpg,Grape___Black_rot,Grape___Black_rot,0.750746
plantwild/extracted/plantwild/images/grape black rot/44.jpg,Grape___Black_rot,Tomato___Tomato_Yellow_Leaf_Curl_Virus,0.434782
plantwild/extracted/plantwild/images/grape black rot/45.jpg,Grape___Black_rot,"Pepper,_bell___healthy",0.851960
plantwild/extracted/plantwild/images/grape black rot/46.jpg,Grape___Black_rot,Strawberry___Leaf_scorch,0.255214
plantwild/extracted/plantwild/images/grape black rot/49.jpg,Grape___Black_rot,Tomato___Septoria_leaf_spot,0.368833
plantwild/extracted/plantwild/images/grape black rot/5.jpg,Grape___Black_rot,Cherry___healthy,0.440286
plantwild/extracted/plantwild/images/grape black rot/50.jpg,Grape___Black_rot,Strawberry___Leaf_scorch,0.656307
plantwild/extracted/plantwild/images/grape black rot/51.jpg,Grape___Black_rot,Strawberry___Leaf_scorch,0.560411
plantwild/extracted/plantwild/images/grape black rot/53.jpg,Grape___Black_rot,Tomato___Late_blight,0.192809
plantwild/extracted/plantwild/images/grape black rot/57.jpg,Grape___Black_rot,"Pepper,_bell___healthy",0.742549
plantwild/extracted/plantwild/images/grape black rot/58.jpg,Grape___Black_rot,Cherry___healthy,0.685606
plantwild/extracted/plantwild/images/grape black rot/59.jpg,Grape___Black_rot,Strawberry___Leaf_scorch,0.393871
plantwild/extracted/plantwild/images/grape black rot/6.jpg,Grape___Black_rot,"Pepper,_bell___healthy",0.755622
plantwild/extracted/plantwild/images/grape black rot/66.jpg,Grape___Black_rot,"Pepper,_bell___healthy",0.941989
plantwild/extracted/plantwild/images/grape black rot/67.jpg,Grape___Black_rot,"Pepper,_bell___healthy",0.860973
plantwild/extracted/plantwild/images/grape black rot/68.jpg,Grape___Black_rot,"Pepper,_bell___healthy",0.951477
plantwild/extracted/plantwild/images/grape black rot/69.jpg,Grape___Black_rot,Cherry___healthy,0.394023
plantwild/extracted/plantwild/images/grape black rot/7.jpg,Grape___Black_rot,"Pepper,_bell___healthy",0.387835
plantwild/extracted/plantwild/images/grape black rot/74.jpg,Grape___Black_rot,"Pepper,_bell___healthy",0.915490
plantwild/extracted/plantwild/images/grape black rot/75.jpg,Grape___Black_rot,Strawberry___Leaf_scorch,0.585248
plantwild/extracted/plantwild/images/grape black rot/76.jpg,Grape___Black_rot,Corn___Northern_Leaf_Blight,0.523801
plantwild/extracted/plantwild/images/grape black rot/79.jpg,Grape___Black_rot,"Pepper,_bell___healthy",0.370686
plantwild/extracted/plantwild/images/grape black rot/8 - Copy (2).jpg,Grape___Black_rot,"Pepper,_bell___healthy",0.404327
plantwild/extracted/plantwild/images/grape black rot/8 - Copy.jpg,Grape___Black_rot,Corn___Cercospora_leaf_spot Gray_leaf_spot,0.952875
plantwild/extracted/plantwild/images/grape black rot/8.jpg,Grape___Black_rot,"Pepper,_bell___healthy",0.921922
plantwild/extracted/plantwild/images/grape black rot/9.jpg,Grape___Black_rot,Tomato___Early_blight,0.626754
plantwild/extracted/plantwild/images/grape black rot/91.jpg,Grape___Black_rot,"Pepper,_bell___healthy",0.923358
plantwild/extracted/plantwild/images/grape black rot/96.jpg,Grape___Black_rot,Strawberry___Leaf_scorch,0.895635
plantwild/extracted/plantwild/images/grape black rot/98.jpg,Grape___Black_rot,"Pepper,_bell___healthy",0.912993
plantwild/extracted/plantwild/images/grape black rot/google_0000.jpg,Grape___Black_rot,"Pepper,_bell___healthy",0.853583
plantwild/extracted/plantwild/images/grape black rot/google_0001.jpg,Grape___Black_rot,Apple___Black_rot,0.781719
plantwild/extracted/plantwild/images/grape black rot/google_0002.jpg,Grape___Black_rot,Tomato___Septoria_leaf_spot,0.953675
plantwild/extracted/plantwild/images/grape black rot/google_0003.jpg,Grape___Black_rot,"Pepper,_bell___healthy",0.780421
plantwild/extracted/plantwild/images/grape black rot/google_0004.jpg,Grape___Black_rot,Apple___Black_rot,0.848006
plantwild/extracted/plantwild/images/grape black rot/google_0005.jpg,Grape___Black_rot,"Pepper,_bell___healthy",0.953607
plantwild/extracted/plantwild/images/grape black rot/google_0006.jpg,Grape___Black_rot,Strawberry___Leaf_scorch,0.512070
plantwild/extracted/plantwild/images/grape black rot/google_0007.jpg,Grape___Black_rot,Peach___Bacterial_spot,0.854206
plantwild/extracted/plantwild/images/grape black rot/google_0008.jpg,Grape___Black_rot,Grape___Black_rot,0.951960
plantwild/extracted/plantwild/images/grape black rot/google_0009.jpg,Grape___Black_rot,"Pepper,_bell___healthy",0.961055
plantwild/extracted/plantwild/images/grape black rot/google_0010.jpg,Grape___Black_rot,"Pepper,_bell___healthy",0.859474
plantwild/extracted/plantwild/images/grape black rot/google_0011.jpg,Grape___Black_rot,"Pepper,_bell___healthy",0.935890
plantwild/extracted/plantwild/images/grape black rot/google_0013.jpg,Grape___Black_rot,Cherry___healthy,0.592528
plantwild/extracted/plantwild/images/grape black rot/google_0014 - Copy.jpg,Grape___Black_rot,"Pepper,_bell___healthy",0.849529
plantwild/extracted/plantwild/images/grape black rot/google_0014.jpg,Grape___Black_rot,"Pepper,_bell___healthy",0.858285
plantwild/extracted/plantwild/images/grape black rot/google_0015.jpg,Grape___Black_rot,Grape___Black_rot,0.967662
plantwild/extracted/plantwild/images/grape black rot/google_0017.jpg,Grape___Black_rot,Grape___Leaf_blight_(Isariopsis_Leaf_Spot),0.410892
plantwild/extracted/plantwild/images/grape black rot/google_0018.jpg,Grape___Black_rot,"Pepper,_bell___healthy",0.927521
plantwild/extracted/plantwild/images/grape black rot/google_0019.jpg,Grape___Black_rot,"Pepper,_bell___healthy",0.971009
plantwild/extracted/plantwild/images/grape black rot/google_0021.jpg,Grape___Black_rot,"Pepper,_bell___healthy",0.966283
plantwild/extracted/plantwild/images/grape black rot/google_0023.jpg,Grape___Black_rot,"Pepper,_bell___healthy",0.943442
plantwild/extracted/plantwild/images/grape black rot/google_0024.jpg,Grape___Black_rot,"Pepper,_bell___healthy",0.931978
plantwild/extracted/plantwild/images/grape black rot/google_0027.jpg,Grape___Black_rot,Grape___Black_rot,0.307592
plantwild/extracted/plantwild/images/grape black rot/google_0028.jpg,Grape___Black_rot,"Pepper,_bell___healthy",0.943450
plantwild/extracted/plantwild/images/grape black rot/google_0029.jpg,Grape___Black_rot,Grape___Black_rot,0.962586
plantwild/extracted/plantwild/images/grape black rot/google_0031.jpg,Grape___Black_rot,Cherry___healthy,0.767988
plantwild/extracted/plantwild/images/grape black rot/google_0032.jpg,Grape___Black_rot,"Pepper,_bell___healthy",0.802288
plantwild/extracted/plantwild/images/grape black rot/google_0033.jpg,Grape___Black_rot,Cherry___healthy,0.874734
plantwild/extracted/plantwild/images/grape black rot/google_0034.jpg,Grape___Black_rot,Corn___Cercospora_leaf_spot Gray_leaf_spot,0.845898
plantwild/extracted/plantwild/images/grape black rot/google_0035.jpg,Grape___Black_rot,"Pepper,_bell___healthy",0.924571
plantwild/extracted/plantwild/images/grape black rot/google_0036 - Copy.jpg,Grape___Black_rot,Strawberry___Leaf_scorch,0.900778
plantwild/extracted/plantwild/images/grape black rot/google_0036.jpg,Grape___Black_rot,Grape___Black_rot,0.944988
plantwild/extracted/plantwild/images/grape black rot/google_0037.jpg,Grape___Black_rot,"Pepper,_bell___healthy",0.849223
plantwild/extracted/plantwild/images/grape black rot/google_0038.jpg,Grape___Black_rot,Corn___Cercospora_leaf_spot Gray_leaf_spot,0.964078
plantwild/extracted/plantwild/images/grape black rot/google_0039.jpg,Grape___Black_rot,Corn___Cercospora_leaf_spot Gray_leaf_spot,0.500496
plantwild/extracted/plantwild/images/grape black rot/google_0040.jpg,Grape___Black_rot,Cherry___healthy,0.683276
plantwild/extracted/plantwild/images/grape black rot/google_0041.jpg,Grape___Black_rot,"Pepper,_bell___healthy",0.382736
plantwild/extracted/plantwild/images/grape black rot/google_0043.jpg,Grape___Black_rot,"Pepper,_bell___healthy",0.743318
plantwild/extracted/plantwild/images/grape black rot/google_0044.jpg,Grape___Black_rot,"Pepper,_bell___healthy",0.818726
plantwild/extracted/plantwild/images/grape black rot/google_0046.jpg,Grape___Black_rot,"Pepper,_bell___healthy",0.587941
plantwild/extracted/plantwild/images/grape black rot/google_0049.jpg,Grape___Black_rot,"Pepper,_bell___healthy",0.969725
plantwild/extracted/plantwild/images/grape black rot/google_0050.jpg,Grape___Black_rot,Tomato___Early_blight,0.326041
plantwild/extracted/plantwild/images/grape black rot/google_0051.jpg,Grape___Black_rot,Strawberry___Leaf_scorch,0.884971
plantwild/extracted/plantwild/images/grape black rot/google_0052.jpg,Grape___Black_rot,Strawberry___Leaf_scorch,0.712896
plantwild/extracted/plantwild/images/grape black rot/google_0053 - Copy.jpg,Grape___Black_rot,"Pepper,_bell___healthy",0.858453
plantwild/extracted/plantwild/images/grape black rot/google_0053.jpg,Grape___Black_rot,Corn___Cercospora_leaf_spot Gray_leaf_spot,0.529413
plantwild/extracted/plantwild/images/grape black rot/google_0059.jpg,Grape___Black_rot,"Pepper,_bell___healthy",0.908885
plantwild/extracted/plantwild/images/grape black rot/google_0061.jpg,Grape___Black_rot,"Pepper,_bell___healthy",0.462642
plantwild/extracted/plantwild/images/grape black rot/google_0063.jpg,Grape___Black_rot,"Pepper,_bell___healthy",0.927248
plantwild/extracted/plantwild/images/grape black rot/google_0064.jpg,Grape___Black_rot,"Pepper,_bell___healthy",0.781054
plantwild/extracted/plantwild/images/grape black rot/google_0066.jpg,Grape___Black_rot,Tomato___Septoria_leaf_spot,0.888216
plantwild/extracted/plantwild/images/grape black rot/google_0067.jpg,Grape___Black_rot,"Pepper,_bell___healthy",0.902448
plantwild/extracted/plantwild/images/grape black rot/google_0068.jpg,Grape___Black_rot,Strawberry___Leaf_scorch,0.905725
plantwild/extracted/plantwild/images/grape black rot/google_0069.jpg,Grape___Black_rot,Strawberry___Leaf_scorch,0.502153
plantwild/extracted/plantwild/images/grape black rot/google_0071.jpg,Grape___Black_rot,"Pepper,_bell___healthy",0.957915
plantwild/extracted/plantwild/images/grape black rot/google_0072.jpg,Grape___Black_rot,Corn___Cercospora_leaf_spot Gray_leaf_spot,0.892137
plantwild/extracted/plantwild/images/grape black rot/google_0075.jpg,Grape___Black_rot,"Pepper,_bell___healthy",0.549572
plantwild/extracted/plantwild/images/grape black rot/google_0077.jpg,Grape___Black_rot,Cherry___healthy,0.509315
plantwild/extracted/plantwild/images/grape black rot/google_0080.jpg,Grape___Black_rot,"Pepper,_bell___healthy",0.953891
plantwild/extracted/plantwild/images/grape black rot/google_0081.jpg,Grape___Black_rot,Cherry___healthy,0.713628
plantwild/extracted/plantwild/images/grape black rot/google_0083.jpg,Grape___Black_rot,"Pepper,_bell___healthy",0.935607
plantwild/extracted/plantwild/images/grape black rot/google_0084.jpg,Grape___Black_rot,Corn___Northern_Leaf_Blight,0.967178
plantwild/extracted/plantwild/images/grape black rot/google_0085.jpg,Grape___Black_rot,Strawberry___Leaf_scorch,0.704273
plantwild/extracted/plantwild/images/grape black rot/google_0087.jpg,Grape___Black_rot,Tomato___Septoria_leaf_spot,0.775150
plantwild/extracted/plantwild/images/grape black rot/google_0088.jpg,Grape___Black_rot,Tomato___Late_blight,0.873877
plantwild/extracted/plantwild/images/grape black rot/google_0089.jpg,Grape___Black_rot,Tomato___Late_blight,0.815747
plantwild/extracted/plantwild/images/grape black rot/google_0090.jpg,Grape___Black_rot,"Pepper,_bell___healthy",0.852526
plantwild/extracted/plantwild/images/grape black rot/google_0092.jpg,Grape___Black_rot,"Pepper,_bell___healthy",0.918011
plantwild/extracted/plantwild/images/grape black rot/google_0093.jpg,Grape___Black_rot,Tomato___Early_blight,0.960503
plantwild/extracted/plantwild/images/grape black rot/google_0095.jpg,Grape___Black_rot,Corn___Common_rust,0.273595
plantwild/extracted/plantwild/images/grape black rot/google_0096.jpg,Grape___Black_rot,Corn___Cercospora_leaf_spot Gray_leaf_spot,0.938445
plantwild/extracted/plantwild/images/grape black rot/google_0097.jpg,Grape___Black_rot,"Pepper,_bell___healthy",0.933388
plantwild/extracted/plantwild/images/grape black rot/google_0101.jpg,Grape___Black_rot,Peach___Bacterial_spot,0.809406
plantwild/extracted/plantwild/images/grape black rot/google_0103.jpg,Grape___Black_rot,"Pepper,_bell___healthy",0.379753
plantwild/extracted/plantwild/images/grape black rot/google_0104.jpg,Grape___Black_rot,"Pepper,_bell___healthy",0.293654
plantwild/extracted/plantwild/images/grape black rot/google_0108.jpg,Grape___Black_rot,Strawberry___Leaf_scorch,0.965822
plantwild/extracted/plantwild/images/grape black rot/google_0110.jpg,Grape___Black_rot,Grape___Black_rot,0.393799
plantwild/extracted/plantwild/images/grape black rot/google_0111.jpg,Grape___Black_rot,Grape___Esca_(Black_Measles),0.734373
plantwild/extracted/plantwild/images/grape black rot/google_0118.jpg,Grape___Black_rot,"Pepper,_bell___healthy",0.889384
plantwild/extracted/plantwild/images/grape black rot/google_0119.jpg,Grape___Black_rot,"Pepper,_bell___healthy",0.881842
plantwild/extracted/plantwild/images/grape black rot/google_0123.jpg,Grape___Black_rot,Strawberry___Leaf_scorch,0.555823
plantwild/extracted/plantwild/images/grape black rot/google_0124.jpg,Grape___Black_rot,Apple___Black_rot,0.376113
plantwild/extracted/plantwild/images/grape black rot/google_0128.jpg,Grape___Black_rot,Cherry___healthy,0.668787
plantwild/extracted/plantwild/images/grape black rot/google_0129.jpg,Grape___Black_rot,Cherry___healthy,0.729161
plantwild/extracted/plantwild/images/grape black rot/google_0130.jpg,Grape___Black_rot,Tomato___Early_blight,0.914709
plantwild/extracted/plantwild/images/grape black rot/google_0131.jpg,Grape___Black_rot,Cherry___healthy,0.851600
plantwild/extracted/plantwild/images/grape black rot/google_0132.jpg,Grape___Black_rot,Tomato___Late_blight,0.645712
plantwild/extracted/plantwild/images/grape black rot/google_0133 - Copy (2).jpg,Grape___Black_rot,Tomato___Early_blight,0.558077
plantwild/extracted/plantwild/images/grape black rot/google_0133 - Copy.jpg,Grape___Black_rot,Tomato___Late_blight,0.967170
plantwild/extracted/plantwild/images/grape black rot/google_0133.jpg,Grape___Black_rot,Tomato___Septoria_leaf_spot,0.824455
plantwild/extracted/plantwild/images/grape black rot/google_0134.jpg,Grape___Black_rot,"Pepper,_bell___healthy",0.968260
plantwild/extracted/plantwild/images/grape black rot/google_0135.jpg,Grape___Black_rot,"Pepper,_bell___healthy",0.954321
plantwild/extracted/plantwild/images/grape black rot/google_0142.jpg,Grape___Black_rot,"Pepper,_bell___healthy",0.930772
plantwild/extracted/plantwild/images/grape black rot/google_0143.jpg,Grape___Black_rot,"Pepper,_bell___healthy",0.718912
plantwild/extracted/plantwild/images/grape black rot/google_0147.jpg,Grape___Black_rot,"Pepper,_bell___healthy",0.947795
plantwild/extracted/plantwild/images/grape black rot/google_0149.jpg,Grape___Black_rot,Corn___Cercospora_leaf_spot Gray_leaf_spot,0.722932
plantwild/extracted/plantwild/images/grape black rot/google_0151.jpg,Grape___Black_rot,Cherry___healthy,0.865855
plantwild/extracted/plantwild/images/grape black rot/google_0153.jpg,Grape___Black_rot,"Pepper,_bell___healthy",0.771406
plantwild/extracted/plantwild/images/grape black rot/google_0156.jpg,Grape___Black_rot,"Pepper,_bell___healthy",0.965583
plantwild/extracted/plantwild/images/grape black rot/google_0158.jpg,Grape___Black_rot,"Pepper,_bell___healthy",0.876981
plantwild/extracted/plantwild/images/grape black rot/google_0161.jpg,Grape___Black_rot,"Pepper,_bell___healthy",0.909433
plantwild/extracted/plantwild/images/grape black rot/google_0162.jpg,Grape___Black_rot,"Pepper,_bell___healthy",0.898688
plantwild/extracted/plantwild/images/grape black rot/google_0166.jpg,Grape___Black_rot,"Pepper,_bell___healthy",0.964691
plantwild/extracted/plantwild/images/grape black rot/google_0171.jpg,Grape___Black_rot,"Pepper,_bell___healthy",0.431646
plantwild/extracted/plantwild/images/grape black rot/google_0183.jpg,Grape___Black_rot,Tomato___healthy,0.495096
plantwild/extracted/plantwild/images/grape black rot/google_0186.jpg,Grape___Black_rot,"Pepper,_bell___healthy",0.574896
plantwild/extracted/plantwild/images/grape black rot/google_0188.jpg,Grape___Black_rot,Cherry___healthy,0.524207
plantwild/extracted/plantwild/images/grape black rot/google_0197.jpg,Grape___Black_rot,Grape___Black_rot,0.968890
plantwild/extracted/plantwild/images/grape black rot/google_0202.jpg,Grape___Black_rot,"Pepper,_bell___healthy",0.811839
plantwild/extracted/plantwild/images/grape black rot/google_0204.jpg,Grape___Black_rot,"Pepper,_bell___healthy",0.832499
plantwild/extracted/plantwild/images/grape black rot/google_0209.jpg,Grape___Black_rot,Grape___Esca_(Black_Measles),0.643942
plantwild/extracted/plantwild/images/grape black rot/google_0219.jpg,Grape___Black_rot,Grape___Esca_(Black_Measles),0.893657
plantwild/extracted/plantwild/images/grape black rot/google_0220.jpg,Grape___Black_rot,Grape___Black_rot,0.967735
plantwild/extracted/plantwild/images/grape black rot/google_0222.jpg,Grape___Black_rot,"Pepper,_bell___healthy",0.547993
plantwild/extracted/plantwild/images/grape black rot/google_0223.jpg,Grape___Black_rot,"Pepper,_bell___healthy",0.871700
plantwild/extracted/plantwild/images/grape black rot/google_0230.jpg,Grape___Black_rot,Strawberry___Leaf_scorch,0.252512
plantwild/extracted/plantwild/images/grape black rot/google_0233.jpg,Grape___Black_rot,"Pepper,_bell___healthy",0.888501
plantwild/extracted/plantwild/images/grape black rot/google_0234.jpg,Grape___Black_rot,Tomato___Late_blight,0.960983
plantwild/extracted/plantwild/images/grape black rot/google_0237.jpg,Grape___Black_rot,Cherry___healthy,0.832376
plantwild/extracted/plantwild/images/grape black rot/google_0239.jpg,Grape___Black_rot,Strawberry___Leaf_scorch,0.677363
plantwild/extracted/plantwild/images/grape black rot/google_0258.jpg,Grape___Black_rot,Grape___Black_rot,0.967532
plantwild/extracted/plantwild/images/grape black rot/google_0260.jpg,Grape___Black_rot,"Pepper,_bell___healthy",0.485274
plantwild/extracted/plantwild/images/grape black rot/google_0262.jpg,Grape___Black_rot,Strawberry___Leaf_scorch,0.279822
plantwild/extracted/plantwild/images/grape black rot/google_0269.jpg,Grape___Black_rot,Tomato___Septoria_leaf_spot,0.710750
plantwild/extracted/plantwild/images/grape black rot/google_0278 - Copy.jpg,Grape___Black_rot,Strawberry___Leaf_scorch,0.545761
plantwild/extracted/plantwild/images/grape black rot/google_0278.jpg,Grape___Black_rot,Corn___healthy,0.690758
plantwild/extracted/plantwild/images/grape black rot/google_0283.jpg,Grape___Black_rot,Tomato___Late_blight,0.710566
plantwild/extracted/plantwild/images/grape black rot/google_0285.jpg,Grape___Black_rot,Tomato___Early_blight,0.181374
plantwild/extracted/plantwild/images/grape black rot/google_0286.jpg,Grape___Black_rot,Tomato___Tomato_Yellow_Leaf_Curl_Virus,0.353148
plantwild/extracted/plantwild/images/grape black rot/google_0289.jpg,Grape___Black_rot,Strawberry___Leaf_scorch,0.856318
plantwild/extracted/plantwild/images/grape black rot/google_0291.jpg,Grape___Black_rot,"Pepper,_bell___healthy",0.921735
plantwild/extracted/plantwild/images/grape black rot/google_0293.jpg,Grape___Black_rot,"Pepper,_bell___healthy",0.628815
plantwild/extracted/plantwild/images/grape black rot/google_0303.jpg,Grape___Black_rot,Cherry___healthy,0.883656
plantwild/extracted/plantwild/images/grape black rot/google_0307.jpg,Grape___Black_rot,"Pepper,_bell___healthy",0.919834
plantwild/extracted/plantwild/images/grape black rot/google_0310.jpg,Grape___Black_rot,Grape___Black_rot,0.965335
plantwild/extracted/plantwild/images/grape black rot/google_0320 - Copy.jpg,Grape___Black_rot,Tomato___Late_blight,0.938834
plantwild/extracted/plantwild/images/grape black rot/google_0320.jpg,Grape___Black_rot,Tomato___Early_blight,0.496963
plantwild/extracted/plantwild/images/grape black rot/google_0325.jpg,Grape___Black_rot,Corn___healthy,0.668304
plantwild/extracted/plantwild/images/grape black rot/google_0330.jpg,Grape___Black_rot,Strawberry___Leaf_scorch,0.205831
plantwild/extracted/plantwild/images/grape black rot/google_0332.jpg,Grape___Black_rot,"Pepper,_bell___healthy",0.972089
plantwild/extracted/plantwild/images/grape black rot/google_0341.jpg,Grape___Black_rot,Grape___Black_rot,0.966662
plantwild/extracted/plantwild/images/grape black rot/google_0356.jpg,Grape___Black_rot,"Pepper,_bell___healthy",0.764187
plantwild/extracted/plantwild/images/grape leaf/1.jpg,Grape___healthy,Tomato___Late_blight,0.796001
plantwild/extracted/plantwild/images/grape leaf/10.jpg,Grape___healthy,Cherry___healthy,0.755298
plantwild/extracted/plantwild/images/grape leaf/101.jpg,Grape___healthy,"Pepper,_bell___healthy",0.647609
plantwild/extracted/plantwild/images/grape leaf/102.jpg,Grape___healthy,"Pepper,_bell___healthy",0.939944
plantwild/extracted/plantwild/images/grape leaf/103.jpg,Grape___healthy,"Pepper,_bell___healthy",0.376786
plantwild/extracted/plantwild/images/grape leaf/104.jpg,Grape___healthy,Tomato___Late_blight,0.602363
plantwild/extracted/plantwild/images/grape leaf/105.jpg,Grape___healthy,Tomato___Tomato_Yellow_Leaf_Curl_Virus,0.900923
plantwild/extracted/plantwild/images/grape leaf/106.jpg,Grape___healthy,Tomato___Tomato_Yellow_Leaf_Curl_Virus,0.887700
plantwild/extracted/plantwild/images/grape leaf/107.jpg,Grape___healthy,"Pepper,_bell___healthy",0.970144
plantwild/extracted/plantwild/images/grape leaf/108.jpg,Grape___healthy,Corn___healthy,0.631898
plantwild/extracted/plantwild/images/grape leaf/109.jpg,Grape___healthy,Tomato___Tomato_Yellow_Leaf_Curl_Virus,0.780653
plantwild/extracted/plantwild/images/grape leaf/11.jpg,Grape___healthy,"Pepper,_bell___healthy",0.679333
plantwild/extracted/plantwild/images/grape leaf/110.jpg,Grape___healthy,Tomato___Tomato_Yellow_Leaf_Curl_Virus,0.957595
plantwild/extracted/plantwild/images/grape leaf/111.jpg,Grape___healthy,"Pepper,_bell___healthy",0.935546
plantwild/extracted/plantwild/images/grape leaf/112.jpg,Grape___healthy,Tomato___Tomato_Yellow_Leaf_Curl_Virus,0.962191
plantwild/extracted/plantwild/images/grape leaf/113.jpg,Grape___healthy,"Pepper,_bell___healthy",0.703599
plantwild/extracted/plantwild/images/grape leaf/114.jpg,Grape___healthy,"Pepper,_bell___healthy",0.849603
plantwild/extracted/plantwild/images/grape leaf/117.jpg,Grape___healthy,Tomato___Tomato_Yellow_Leaf_Curl_Virus,0.449279
plantwild/extracted/plantwild/images/grape leaf/12.jpg,Grape___healthy,"Pepper,_bell___healthy",0.353130
plantwild/extracted/plantwild/images/grape leaf/122.jpg,Grape___healthy,Tomato___Tomato_Yellow_Leaf_Curl_Virus,0.713505
plantwild/extracted/plantwild/images/grape leaf/123.jpg,Grape___healthy,Grape___Esca_(Black_Measles),0.356764
plantwild/extracted/plantwild/images/grape leaf/124.jpg,Grape___healthy,"Pepper,_bell___healthy",0.772699
plantwild/extracted/plantwild/images/grape leaf/125.jpg,Grape___healthy,Cherry___healthy,0.213463
plantwild/extracted/plantwild/images/grape leaf/127.jpg,Grape___healthy,Tomato___Late_blight,0.422332
plantwild/extracted/plantwild/images/grape leaf/128.jpg,Grape___healthy,"Pepper,_bell___healthy",0.197609
plantwild/extracted/plantwild/images/grape leaf/129.jpg,Grape___healthy,Cherry___healthy,0.857982
plantwild/extracted/plantwild/images/grape leaf/13.jpg,Grape___healthy,Raspberry___healthy,0.859296
plantwild/extracted/plantwild/images/grape leaf/130.jpg,Grape___healthy,"Pepper,_bell___healthy",0.252576
plantwild/extracted/plantwild/images/grape leaf/131.jpg,Grape___healthy,Tomato___Tomato_mosaic_virus,0.242310
plantwild/extracted/plantwild/images/grape leaf/132.jpg,Grape___healthy,Grape___healthy,0.958900
plantwild/extracted/plantwild/images/grape leaf/133.jpg,Grape___healthy,Peach___Bacterial_spot,0.211494
plantwild/extracted/plantwild/images/grape leaf/134.jpg,Grape___healthy,Strawberry___Leaf_scorch,0.213091
plantwild/extracted/plantwild/images/grape leaf/135.jpg,Grape___healthy,"Pepper,_bell___healthy",0.829461
plantwild/extracted/plantwild/images/grape leaf/136.jpg,Grape___healthy,Tomato___Tomato_Yellow_Leaf_Curl_Virus,0.461507
plantwild/extracted/plantwild/images/grape leaf/137.jpg,Grape___healthy,Raspberry___healthy,0.467653
plantwild/extracted/plantwild/images/grape leaf/138.jpg,Grape___healthy,Tomato___Tomato_Yellow_Leaf_Curl_Virus,0.828565
plantwild/extracted/plantwild/images/grape leaf/139.jpg,Grape___healthy,"Pepper,_bell___healthy",0.438901
plantwild/extracted/plantwild/images/grape leaf/14.jpg,Grape___healthy,Cherry___healthy,0.617820
plantwild/extracted/plantwild/images/grape leaf/140.jpg,Grape___healthy,"Pepper,_bell___healthy",0.330924
plantwild/extracted/plantwild/images/grape leaf/141.jpg,Grape___healthy,"Pepper,_bell___healthy",0.877245
plantwild/extracted/plantwild/images/grape leaf/142.jpg,Grape___healthy,Tomato___Tomato_Yellow_Leaf_Curl_Virus,0.933915
plantwild/extracted/plantwild/images/grape leaf/143.jpg,Grape___healthy,Cherry___healthy,0.337610
plantwild/extracted/plantwild/images/grape leaf/144.jpg,Grape___healthy,Grape___Esca_(Black_Measles),0.484441
plantwild/extracted/plantwild/images/grape leaf/145.jpg,Grape___healthy,Raspberry___healthy,0.806285
plantwild/extracted/plantwild/images/grape leaf/146.jpg,Grape___healthy,"Pepper,_bell___healthy",0.883407
plantwild/extracted/plantwild/images/grape leaf/147.jpg,Grape___healthy,Corn___healthy,0.947655
plantwild/extracted/plantwild/images/grape leaf/148.jpg,Grape___healthy,Tomato___Tomato_Yellow_Leaf_Curl_Virus,0.892634
plantwild/extracted/plantwild/images/grape leaf/149.jpg,Grape___healthy,"Pepper,_bell___healthy",0.836384
plantwild/extracted/plantwild/images/grape leaf/15.jpg,Grape___healthy,"Pepper,_bell___healthy",0.231348
plantwild/extracted/plantwild/images/grape leaf/150.jpg,Grape___healthy,Corn___healthy,0.656806
plantwild/extracted/plantwild/images/grape leaf/151.jpg,Grape___healthy,"Pepper,_bell___healthy",0.957072
plantwild/extracted/plantwild/images/grape leaf/152.jpg,Grape___healthy,Grape___healthy,0.489374
plantwild/extracted/plantwild/images/grape leaf/154.jpg,Grape___healthy,Tomato___Tomato_Yellow_Leaf_Curl_Virus,0.784069
plantwild/extracted/plantwild/images/grape leaf/155.jpg,Grape___healthy,"Pepper,_bell___healthy",0.907481
plantwild/extracted/plantwild/images/grape leaf/156.jpg,Grape___healthy,Cherry___healthy,0.749865
plantwild/extracted/plantwild/images/grape leaf/157.jpg,Grape___healthy,Tomato___Tomato_Yellow_Leaf_Curl_Virus,0.346506
plantwild/extracted/plantwild/images/grape leaf/158.jpg,Grape___healthy,Tomato___Tomato_Yellow_Leaf_Curl_Virus,0.399721
plantwild/extracted/plantwild/images/grape leaf/159.jpg,Grape___healthy,"Pepper,_bell___healthy",0.632124
plantwild/extracted/plantwild/images/grape leaf/163.jpg,Grape___healthy,"Pepper,_bell___healthy",0.822772
plantwild/extracted/plantwild/images/grape leaf/164.jpg,Grape___healthy,"Pepper,_bell___healthy",0.952497
plantwild/extracted/plantwild/images/grape leaf/165.jpg,Grape___healthy,Tomato___Tomato_Yellow_Leaf_Curl_Virus,0.735503
plantwild/extracted/plantwild/images/grape leaf/166.jpg,Grape___healthy,Tomato___Tomato_Yellow_Leaf_Curl_Virus,0.134999
plantwild/extracted/plantwild/images/grape leaf/167.jpg,Grape___healthy,Tomato___Tomato_Yellow_Leaf_Curl_Virus,0.693426
plantwild/extracted/plantwild/images/grape leaf/168.jpg,Grape___healthy,"Pepper,_bell___healthy",0.546581
plantwild/extracted/plantwild/images/grape leaf/169.jpg,Grape___healthy,"Pepper,_bell___healthy",0.890273
plantwild/extracted/plantwild/images/grape leaf/17.jpg,Grape___healthy,Strawberry___Leaf_scorch,0.453278
plantwild/extracted/plantwild/images/grape leaf/170.jpg,Grape___healthy,Strawberry___Leaf_scorch,0.561692
plantwild/extracted/plantwild/images/grape leaf/171.jpg,Grape___healthy,Corn___healthy,0.272684
plantwild/extracted/plantwild/images/grape leaf/172.jpg,Grape___healthy,Tomato___Late_blight,0.275192
plantwild/extracted/plantwild/images/grape leaf/173.jpg,Grape___healthy,Raspberry___healthy,0.469149
plantwild/extracted/plantwild/images/grape leaf/174.jpg,Grape___healthy,Tomato___Tomato_Yellow_Leaf_Curl_Virus,0.422998
plantwild/extracted/plantwild/images/grape leaf/175.jpg,Grape___healthy,Cherry___healthy,0.235065
plantwild/extracted/plantwild/images/grape leaf/177.jpg,Grape___healthy,Strawberry___Leaf_scorch,0.967363
plantwild/extracted/plantwild/images/grape leaf/178.jpg,Grape___healthy,Tomato___Tomato_Yellow_Leaf_Curl_Virus,0.730266
plantwild/extracted/plantwild/images/grape leaf/179.jpg,Grape___healthy,Cherry___healthy,0.837632
plantwild/extracted/plantwild/images/grape leaf/18.jpg,Grape___healthy,Corn___healthy,0.362513
plantwild/extracted/plantwild/images/grape leaf/181.jpg,Grape___healthy,Tomato___Tomato_Yellow_Leaf_Curl_Virus,0.709957
plantwild/extracted/plantwild/images/grape leaf/19.jpg,Grape___healthy,Cherry___healthy,0.818164
plantwild/extracted/plantwild/images/grape leaf/2.jpg,Grape___healthy,Cherry___healthy,0.436408
plantwild/extracted/plantwild/images/grape leaf/20.jpg,Grape___healthy,Grape___healthy,0.962474
plantwild/extracted/plantwild/images/grape leaf/21.jpg,Grape___healthy,Raspberry___healthy,0.498581
plantwild/extracted/plantwild/images/grape leaf/22.jpg,Grape___healthy,Cherry___healthy,0.911322
plantwild/extracted/plantwild/images/grape leaf/23.jpg,Grape___healthy,Raspberry___healthy,0.460358
plantwild/extracted/plantwild/images/grape leaf/24.jpg,Grape___healthy,Corn___healthy,0.304760
plantwild/extracted/plantwild/images/grape leaf/25.jpg,Grape___healthy,Grape___healthy,0.955841
plantwild/extracted/plantwild/images/grape leaf/26.jpg,Grape___healthy,"Pepper,_bell___healthy",0.301132
plantwild/extracted/plantwild/images/grape leaf/28.jpg,Grape___healthy,Corn___healthy,0.813948
plantwild/extracted/plantwild/images/grape leaf/29.jpg,Grape___healthy,"Pepper,_bell___healthy",0.459482
plantwild/extracted/plantwild/images/grape leaf/3.jpg,Grape___healthy,"Pepper,_bell___healthy",0.241967
plantwild/extracted/plantwild/images/grape leaf/30.jpg,Grape___healthy,Tomato___Tomato_Yellow_Leaf_Curl_Virus,0.345871
plantwild/extracted/plantwild/images/grape leaf/32.jpg,Grape___healthy,Cherry___healthy,0.871942
plantwild/extracted/plantwild/images/grape leaf/33.jpg,Grape___healthy,Cherry___healthy,0.657962
plantwild/extracted/plantwild/images/grape leaf/34.jpg,Grape___healthy,Grape___Esca_(Black_Measles),0.837906
plantwild/extracted/plantwild/images/grape leaf/35.jpg,Grape___healthy,"Pepper,_bell___healthy",0.675039
plantwild/extracted/plantwild/images/grape leaf/36.jpg,Grape___healthy,"Pepper,_bell___healthy",0.588807
plantwild/extracted/plantwild/images/grape leaf/37.jpg,Grape___healthy,Apple___Apple_scab,0.183899
plantwild/extracted/plantwild/images/grape leaf/38.jpg,Grape___healthy,"Pepper,_bell___healthy",0.327004
plantwild/extracted/plantwild/images/grape leaf/39.jpg,Grape___healthy,Tomato___Septoria_leaf_spot,0.861487
plantwild/extracted/plantwild/images/grape leaf/4.jpg,Grape___healthy,Peach___Bacterial_spot,0.877596
plantwild/extracted/plantwild/images/grape leaf/40.jpg,Grape___healthy,Corn___healthy,0.363266
plantwild/extracted/plantwild/images/grape leaf/41.jpg,Grape___healthy,Raspberry___healthy,0.815873
plantwild/extracted/plantwild/images/grape leaf/42.jpg,Grape___healthy,Raspberry___healthy,0.723936
plantwild/extracted/plantwild/images/grape leaf/43.jpg,Grape___healthy,"Pepper,_bell___healthy",0.901854
plantwild/extracted/plantwild/images/grape leaf/44.jpg,Grape___healthy,Grape___healthy,0.321912
plantwild/extracted/plantwild/images/grape leaf/45.jpg,Grape___healthy,Strawberry___Leaf_scorch,0.421155
plantwild/extracted/plantwild/images/grape leaf/46.jpg,Grape___healthy,Strawberry___Leaf_scorch,0.394147
plantwild/extracted/plantwild/images/grape leaf/47.jpg,Grape___healthy,Corn___healthy,0.894286
plantwild/extracted/plantwild/images/grape leaf/48.jpg,Grape___healthy,Cherry___healthy,0.475277
plantwild/extracted/plantwild/images/grape leaf/49.jpg,Grape___healthy,Grape___healthy,0.704559
plantwild/extracted/plantwild/images/grape leaf/5.jpg,Grape___healthy,"Pepper,_bell___healthy",0.903231
plantwild/extracted/plantwild/images/grape leaf/50.jpg,Grape___healthy,Cherry___healthy,0.575629
plantwild/extracted/plantwild/images/grape leaf/51.jpg,Grape___healthy,Tomato___Late_blight,0.222432
plantwild/extracted/plantwild/images/grape leaf/52.jpg,Grape___healthy,Cherry___healthy,0.197810
plantwild/extracted/plantwild/images/grape leaf/53.jpg,Grape___healthy,Cherry___healthy,0.196328
plantwild/extracted/plantwild/images/grape leaf/55.jpg,Grape___healthy,Cherry___healthy,0.900826
plantwild/extracted/plantwild/images/grape leaf/56.jpg,Grape___healthy,Tomato___Bacterial_spot,0.246641
plantwild/extracted/plantwild/images/grape leaf/57.jpg,Grape___healthy,Raspberry___healthy,0.581641
plantwild/extracted/plantwild/images/grape leaf/58.jpg,Grape___healthy,Strawberry___Leaf_scorch,0.226907
plantwild/extracted/plantwild/images/grape leaf/59.jpg,Grape___healthy,"Pepper,_bell___healthy",0.369888
plantwild/extracted/plantwild/images/grape leaf/6.jpg,Grape___healthy,"Pepper,_bell___healthy",0.809774
plantwild/extracted/plantwild/images/grape leaf/60.jpg,Grape___healthy,"Pepper,_bell___healthy",0.542442
plantwild/extracted/plantwild/images/grape leaf/62.jpg,Grape___healthy,Tomato___Tomato_Yellow_Leaf_Curl_Virus,0.405090
plantwild/extracted/plantwild/images/grape leaf/63.jpg,Grape___healthy,Grape___Black_rot,0.179469
plantwild/extracted/plantwild/images/grape leaf/64.jpg,Grape___healthy,Strawberry___Leaf_scorch,0.543679
plantwild/extracted/plantwild/images/grape leaf/65.jpg,Grape___healthy,Tomato___Tomato_Yellow_Leaf_Curl_Virus,0.506860
plantwild/extracted/plantwild/images/grape leaf/66.jpg,Grape___healthy,Cherry___healthy,0.741048
plantwild/extracted/plantwild/images/grape leaf/67.jpg,Grape___healthy,"Pepper,_bell___healthy",0.318161
plantwild/extracted/plantwild/images/grape leaf/68.jpg,Grape___healthy,Tomato___Tomato_Yellow_Leaf_Curl_Virus,0.648995
plantwild/extracted/plantwild/images/grape leaf/69.jpg,Grape___healthy,"Pepper,_bell___healthy",0.311659
plantwild/extracted/plantwild/images/grape leaf/7.jpg,Grape___healthy,Tomato___Tomato_Yellow_Leaf_Curl_Virus,0.781497
plantwild/extracted/plantwild/images/grape leaf/70.jpg,Grape___healthy,"Pepper,_bell___healthy",0.948690
plantwild/extracted/plantwild/images/grape leaf/71.jpg,Grape___healthy,Tomato___Late_blight,0.567555
plantwild/extracted/plantwild/images/grape leaf/72.jpg,Grape___healthy,Strawberry___Leaf_scorch,0.613143
plantwild/extracted/plantwild/images/grape leaf/74.jpg,Grape___healthy,"Pepper,_bell___healthy",0.573060
plantwild/extracted/plantwild/images/grape leaf/75.jpg,Grape___healthy,Strawberry___Leaf_scorch,0.767775
plantwild/extracted/plantwild/images/grape leaf/76.jpg,Grape___healthy,Cherry___healthy,0.899925
plantwild/extracted/plantwild/images/grape leaf/79.jpg,Grape___healthy,"Pepper,_bell___healthy",0.900219
plantwild/extracted/plantwild/images/grape leaf/8.jpg,Grape___healthy,Tomato___Late_blight,0.574797
plantwild/extracted/plantwild/images/grape leaf/80.jpg,Grape___healthy,"Pepper,_bell___healthy",0.433247
plantwild/extracted/plantwild/images/grape leaf/81.jpg,Grape___healthy,"Pepper,_bell___healthy",0.895849
plantwild/extracted/plantwild/images/grape leaf/82.jpg,Grape___healthy,Strawberry___Leaf_scorch,0.442039
plantwild/extracted/plantwild/images/grape leaf/83.jpg,Grape___healthy,Strawberry___Leaf_scorch,0.703129
plantwild/extracted/plantwild/images/grape leaf/84.jpg,Grape___healthy,Tomato___Tomato_Yellow_Leaf_Curl_Virus,0.745931
plantwild/extracted/plantwild/images/grape leaf/85.jpg,Grape___healthy,"Pepper,_bell___healthy",0.564059
plantwild/extracted/plantwild/images/grape leaf/86.jpg,Grape___healthy,Strawberry___Leaf_scorch,0.851246
plantwild/extracted/plantwild/images/grape leaf/87.jpg,Grape___healthy,Cherry___healthy,0.413594
plantwild/extracted/plantwild/images/grape leaf/88.jpg,Grape___healthy,Strawberry___Leaf_scorch,0.755882
plantwild/extracted/plantwild/images/grape leaf/89.jpg,Grape___healthy,Strawberry___Leaf_scorch,0.646661
plantwild/extracted/plantwild/images/grape leaf/9.jpg,Grape___healthy,"Pepper,_bell___healthy",0.495512
plantwild/extracted/plantwild/images/grape leaf/90.jpg,Grape___healthy,"Pepper,_bell___healthy",0.863880
plantwild/extracted/plantwild/images/grape leaf/91.jpg,Grape___healthy,Strawberry___Leaf_scorch,0.522718
plantwild/extracted/plantwild/images/grape leaf/92.jpg,Grape___healthy,Strawberry___Leaf_scorch,0.571946
plantwild/extracted/plantwild/images/grape leaf/93.jpg,Grape___healthy,"Pepper,_bell___healthy",0.872106
plantwild/extracted/plantwild/images/grape leaf/94.jpg,Grape___healthy,Raspberry___healthy,0.874691
plantwild/extracted/plantwild/images/grape leaf/95.jpg,Grape___healthy,Strawberry___Leaf_scorch,0.712571
plantwild/extracted/plantwild/images/grape leaf/96.jpg,Grape___healthy,"Pepper,_bell___healthy",0.553489
plantwild/extracted/plantwild/images/grape leaf/97.jpg,Grape___healthy,Tomato___Tomato_Yellow_Leaf_Curl_Virus,0.946700
plantwild/extracted/plantwild/images/grape leaf/98.jpg,Grape___healthy,Strawberry___Leaf_scorch,0.964586
plantwild/extracted/plantwild/images/grape leaf/99.jpg,Grape___healthy,"Pepper,_bell___healthy",0.262201
plantwild/extracted/plantwild/images/grape leaf/google_0000.jpg,Grape___healthy,Raspberry___healthy,0.260751
plantwild/extracted/plantwild/images/grape leaf/google_0002.jpg,Grape___healthy,Raspberry___healthy,0.927022
plantwild/extracted/plantwild/images/grape leaf/google_0004.jpg,Grape___healthy,Blueberry___healthy,0.773758
plantwild/extracted/plantwild/images/grape leaf/google_0008.jpg,Grape___healthy,Grape___healthy,0.310540
plantwild/extracted/plantwild/images/grape leaf/google_0009.jpg,Grape___healthy,Grape___healthy,0.922915
plantwild/extracted/plantwild/images/grape leaf/google_0010.jpg,Grape___healthy,Cherry___healthy,0.385810
plantwild/extracted/plantwild/images/grape leaf/google_0012.jpg,Grape___healthy,"Pepper,_bell___healthy",0.873150
plantwild/extracted/plantwild/images/grape leaf/google_0015.jpg,Grape___healthy,Cherry___healthy,0.269347
plantwild/extracted/plantwild/images/grape leaf/google_0024.jpg,Grape___healthy,Raspberry___healthy,0.658077
plantwild/extracted/plantwild/images/grape leaf/google_0031.jpg,Grape___healthy,Raspberry___healthy,0.716424
plantwild/extracted/plantwild/images/grape leaf/google_0044.jpg,Grape___healthy,"Pepper,_bell___healthy",0.911922
plantwild/extracted/plantwild/images/grape leaf/google_0046.jpg,Grape___healthy,Strawberry___Leaf_scorch,0.615411
plantwild/extracted/plantwild/images/grape leaf/google_0047.jpg,Grape___healthy,"Pepper,_bell___healthy",0.315534
plantwild/extracted/plantwild/images/grape leaf/google_0058.jpg,Grape___healthy,Corn___healthy,0.963227
plantwild/extracted/plantwild/images/grape leaf/google_0059.jpg,Grape___healthy,"Pepper,_bell___healthy",0.936719
plantwild/extracted/plantwild/images/grape leaf/google_0061.jpg,Grape___healthy,Cherry___healthy,0.629048
plantwild/extracted/plantwild/images/grape leaf/google_0063.jpg,Grape___healthy,Cherry___healthy,0.288408
plantwild/extracted/plantwild/images/grape leaf/google_0070.jpg,Grape___healthy,Strawberry___Leaf_scorch,0.639861
plantwild/extracted/plantwild/images/grape leaf/google_0076.jpg,Grape___healthy,"Pepper,_bell___healthy",0.697715
plantwild/extracted/plantwild/images/grape leaf/google_0085.jpg,Grape___healthy,Tomato___Tomato_Yellow_Leaf_Curl_Virus,0.536773
plantwild/extracted/plantwild/images/grape leaf/google_0090.jpg,Grape___healthy,Strawberry___Leaf_scorch,0.553256
plantwild/extracted/plantwild/images/grape leaf/google_0091.jpg,Grape___healthy,Cherry___healthy,0.946238
plantwild/extracted/plantwild/images/grape leaf/google_0092.jpg,Grape___healthy,Cherry___healthy,0.634595
plantwild/extracted/plantwild/images/grape leaf/google_0108.jpg,Grape___healthy,Tomato___Late_blight,0.728213
plantwild/extracted/plantwild/images/grape leaf/google_0115.jpg,Grape___healthy,Cherry___healthy,0.963311
plantwild/extracted/plantwild/images/grape leaf/google_0127.jpg,Grape___healthy,Corn___healthy,0.241284
plantwild/extracted/plantwild/images/grape leaf/google_0147.jpg,Grape___healthy,Raspberry___healthy,0.670103
plantwild/extracted/plantwild/images/grape leaf/google_0149.jpg,Grape___healthy,"Pepper,_bell___healthy",0.929583
plantwild/extracted/plantwild/images/grape leaf/google_0151.jpg,Grape___healthy,Apple___Cedar_apple_rust,0.125601
plantwild/extracted/plantwild/images/grape leaf/google_0170.jpg,Grape___healthy,Tomato___Tomato_Yellow_Leaf_Curl_Virus,0.629240
plantwild/extracted/plantwild/images/grape leaf/google_0180.jpg,Grape___healthy,Tomato___Tomato_Yellow_Leaf_Curl_Virus,0.858643
plantwild/extracted/plantwild/images/grape leaf/google_0189.jpg,Grape___healthy,Blueberry___healthy,0.740121
plantwild/extracted/plantwild/images/grape leaf/google_0192.jpg,Grape___healthy,Corn___healthy,0.463802
plantwild/extracted/plantwild/images/grape leaf/google_0238.jpg,Grape___healthy,Cherry___healthy,0.595812
plantwild/extracted/plantwild/images/grape leaf/google_0246.jpg,Grape___healthy,Tomato___Tomato_Yellow_Leaf_Curl_Virus,0.819841
plantwild/extracted/plantwild/images/grape leaf/google_0286.jpg,Grape___healthy,Corn___healthy,0.439347
plantwild/extracted/plantwild/images/grape leaf/google_0287.jpg,Grape___healthy,"Pepper,_bell___healthy",0.586579
plantwild/extracted/plantwild/images/grape leaf/google_0325.jpg,Grape___healthy,"Pepper,_bell___healthy",0.356627
plantwild/extracted/plantwild/images/grape leaf/google_0337.jpg,Grape___healthy,Cherry___healthy,0.812440
plantwild/extracted/plantwild/images/grape leaf/google_0361.jpg,Grape___healthy,Cherry___healthy,0.928565
plantwild/extracted/plantwild/images/grape leaf/google_0367.jpg,Grape___healthy,Corn___healthy,0.310370
plantwild/extracted/plantwild/images/grape leaf/google_0370.jpg,Grape___healthy,"Pepper,_bell___healthy",0.657431
plantwild/extracted/plantwild/images/peach leaf/1.jpg,Peach___healthy,"Pepper,_bell___healthy",0.937973
plantwild/extracted/plantwild/images/peach leaf/10.jpg,Peach___healthy,Tomato___Tomato_Yellow_Leaf_Curl_Virus,0.165797
plantwild/extracted/plantwild/images/peach leaf/100.jpg,Peach___healthy,Cherry___healthy,0.526170
plantwild/extracted/plantwild/images/peach leaf/106.jpg,Peach___healthy,"Pepper,_bell___healthy",0.805304
plantwild/extracted/plantwild/images/peach leaf/109.jpg,Peach___healthy,Cherry___healthy,0.369025
plantwild/extracted/plantwild/images/peach leaf/11.jpg,Peach___healthy,"Pepper,_bell___healthy",0.948097
plantwild/extracted/plantwild/images/peach leaf/111.jpg,Peach___healthy,Cherry___healthy,0.306810
plantwild/extracted/plantwild/images/peach leaf/117.jpg,Peach___healthy,Cherry___healthy,0.684307
plantwild/extracted/plantwild/images/peach leaf/13.jpg,Peach___healthy,Tomato___Tomato_Yellow_Leaf_Curl_Virus,0.874383
plantwild/extracted/plantwild/images/peach leaf/138.jpg,Peach___healthy,"Pepper,_bell___healthy",0.942344
plantwild/extracted/plantwild/images/peach leaf/139.jpg,Peach___healthy,Corn___healthy,0.811881
plantwild/extracted/plantwild/images/peach leaf/14.jpg,Peach___healthy,Corn___healthy,0.782983
plantwild/extracted/plantwild/images/peach leaf/142.jpg,Peach___healthy,"Pepper,_bell___healthy",0.959258
plantwild/extracted/plantwild/images/peach leaf/143.jpg,Peach___healthy,"Pepper,_bell___healthy",0.968637
plantwild/extracted/plantwild/images/peach leaf/145.jpg,Peach___healthy,Cherry___healthy,0.409328
plantwild/extracted/plantwild/images/peach leaf/146 - Copy (2).jpg,Peach___healthy,"Pepper,_bell___healthy",0.904418
plantwild/extracted/plantwild/images/peach leaf/146 - Copy (3).jpg,Peach___healthy,Cherry___healthy,0.915659
plantwild/extracted/plantwild/images/peach leaf/146 - Copy.jpg,Peach___healthy,Cherry___healthy,0.623348
plantwild/extracted/plantwild/images/peach leaf/146.jpg,Peach___healthy,Cherry___healthy,0.610599
plantwild/extracted/plantwild/images/peach leaf/147.jpg,Peach___healthy,"Pepper,_bell___healthy",0.928582
plantwild/extracted/plantwild/images/peach leaf/148.jpg,Peach___healthy,"Pepper,_bell___healthy",0.936888
plantwild/extracted/plantwild/images/peach leaf/149.jpg,Peach___healthy,"Pepper,_bell___healthy",0.663367
plantwild/extracted/plantwild/images/peach leaf/15.jpg,Peach___healthy,"Pepper,_bell___healthy",0.896481
plantwild/extracted/plantwild/images/peach leaf/150.jpg,Peach___healthy,Cherry___healthy,0.942156
plantwild/extracted/plantwild/images/peach leaf/152.jpg,Peach___healthy,"Pepper,_bell___healthy",0.500752
plantwild/extracted/plantwild/images/peach leaf/153.jpg,Peach___healthy,Corn___healthy,0.778785
plantwild/extracted/plantwild/images/peach leaf/154.jpg,Peach___healthy,"Pepper,_bell___healthy",0.723690
plantwild/extracted/plantwild/images/peach leaf/157.jpg,Peach___healthy,"Pepper,_bell___healthy",0.467625
plantwild/extracted/plantwild/images/peach leaf/158.jpg,Peach___healthy,"Pepper,_bell___healthy",0.867066
plantwild/extracted/plantwild/images/peach leaf/159.jpg,Peach___healthy,Cherry___healthy,0.873726
plantwild/extracted/plantwild/images/peach leaf/16.jpg,Peach___healthy,Strawberry___Leaf_scorch,0.380675
plantwild/extracted/plantwild/images/peach leaf/161.jpg,Peach___healthy,"Pepper,_bell___healthy",0.919115
plantwild/extracted/plantwild/images/peach leaf/163.jpg,Peach___healthy,Cherry___healthy,0.908350
plantwild/extracted/plantwild/images/peach leaf/164.jpg,Peach___healthy,Cherry___healthy,0.623893
plantwild/extracted/plantwild/images/peach leaf/165.jpg,Peach___healthy,"Pepper,_bell___healthy",0.942521
plantwild/extracted/plantwild/images/peach leaf/166.jpg,Peach___healthy,"Pepper,_bell___healthy",0.973619
plantwild/extracted/plantwild/images/peach leaf/17.jpg,Peach___healthy,"Pepper,_bell___healthy",0.874093
plantwild/extracted/plantwild/images/peach leaf/170.jpg,Peach___healthy,Corn___healthy,0.217058
plantwild/extracted/plantwild/images/peach leaf/171.jpg,Peach___healthy,Strawberry___Leaf_scorch,0.790759
plantwild/extracted/plantwild/images/peach leaf/172.jpg,Peach___healthy,"Pepper,_bell___healthy",0.400795
plantwild/extracted/plantwild/images/peach leaf/173.jpg,Peach___healthy,"Pepper,_bell___healthy",0.936883
plantwild/extracted/plantwild/images/peach leaf/174.jpg,Peach___healthy,Tomato___Early_blight,0.904927
plantwild/extracted/plantwild/images/peach leaf/178.jpg,Peach___healthy,Corn___healthy,0.653072
plantwild/extracted/plantwild/images/peach leaf/18.jpg,Peach___healthy,"Pepper,_bell___healthy",0.457498
plantwild/extracted/plantwild/images/peach leaf/181.jpg,Peach___healthy,Strawberry___Leaf_scorch,0.905424
plantwild/extracted/plantwild/images/peach leaf/182.jpg,Peach___healthy,"Pepper,_bell___healthy",0.653549
plantwild/extracted/plantwild/images/peach leaf/184.jpg,Peach___healthy,"Pepper,_bell___healthy",0.905452
plantwild/extracted/plantwild/images/peach leaf/185.jpg,Peach___healthy,Strawberry___Leaf_scorch,0.353576
plantwild/extracted/plantwild/images/peach leaf/186.jpg,Peach___healthy,Cherry___healthy,0.453187
plantwild/extracted/plantwild/images/peach leaf/189.jpg,Peach___healthy,"Pepper,_bell___healthy",0.974221
plantwild/extracted/plantwild/images/peach leaf/19.jpg,Peach___healthy,Orange___Haunglongbing_(Citrus_greening),0.286550
plantwild/extracted/plantwild/images/peach leaf/194.jpg,Peach___healthy,"Pepper,_bell___healthy",0.375303
plantwild/extracted/plantwild/images/peach leaf/2.jpg,Peach___healthy,"Pepper,_bell___healthy",0.936796
plantwild/extracted/plantwild/images/peach leaf/20.jpg,Peach___healthy,"Pepper,_bell___healthy",0.760815
plantwild/extracted/plantwild/images/peach leaf/202.jpg,Peach___healthy,Strawberry___Leaf_scorch,0.819213
plantwild/extracted/plantwild/images/peach leaf/205.jpg,Peach___healthy,Cherry___healthy,0.441410
plantwild/extracted/plantwild/images/peach leaf/207.jpg,Peach___healthy,"Pepper,_bell___healthy",0.641522
plantwild/extracted/plantwild/images/peach leaf/208.jpg,Peach___healthy,Cherry___healthy,0.868844
plantwild/extracted/plantwild/images/peach leaf/21.jpg,Peach___healthy,Corn___healthy,0.623635
plantwild/extracted/plantwild/images/peach leaf/212.jpg,Peach___healthy,Cherry___healthy,0.326048
plantwild/extracted/plantwild/images/peach leaf/216.jpg,Peach___healthy,"Pepper,_bell___healthy",0.919015
plantwild/extracted/plantwild/images/peach leaf/22.jpg,Peach___healthy,"Pepper,_bell___healthy",0.925401
plantwild/extracted/plantwild/images/peach leaf/227.jpg,Peach___healthy,Strawberry___Leaf_scorch,0.397762
plantwild/extracted/plantwild/images/peach leaf/23.jpg,Peach___healthy,"Pepper,_bell___healthy",0.796629
plantwild/extracted/plantwild/images/peach leaf/234.jpg,Peach___healthy,Blueberry___healthy,0.431536
plantwild/extracted/plantwild/images/peach leaf/236.jpg,Peach___healthy,Cherry___healthy,0.633392
plantwild/extracted/plantwild/images/peach leaf/24.jpg,Peach___healthy,Strawberry___Leaf_scorch,0.426998
plantwild/extracted/plantwild/images/peach leaf/25.jpg,Peach___healthy,Cherry___healthy,0.336917
plantwild/extracted/plantwild/images/peach leaf/254.jpg,Peach___healthy,"Pepper,_bell___healthy",0.340216
plantwild/extracted/plantwild/images/peach leaf/257.jpg,Peach___healthy,"Pepper,_bell___healthy",0.768974
plantwild/extracted/plantwild/images/peach leaf/259.jpg,Peach___healthy,Strawberry___Leaf_scorch,0.962176
plantwild/extracted/plantwild/images/peach leaf/26.jpg,Peach___healthy,"Pepper,_bell___healthy",0.946039
plantwild/extracted/plantwild/images/peach leaf/263.jpg,Peach___healthy,Strawberry___Leaf_scorch,0.359765
plantwild/extracted/plantwild/images/peach leaf/265.jpg,Peach___healthy,Cherry___healthy,0.873183
plantwild/extracted/plantwild/images/peach leaf/27.jpg,Peach___healthy,Corn___healthy,0.677737
plantwild/extracted/plantwild/images/peach leaf/28.jpg,Peach___healthy,Strawberry___Leaf_scorch,0.850078
plantwild/extracted/plantwild/images/peach leaf/281.jpg,Peach___healthy,"Pepper,_bell___healthy",0.950970
plantwild/extracted/plantwild/images/peach leaf/283.jpg,Peach___healthy,Corn___healthy,0.895539
plantwild/extracted/plantwild/images/peach leaf/29.jpg,Peach___healthy,"Pepper,_bell___healthy",0.793339
plantwild/extracted/plantwild/images/peach leaf/297.jpg,Peach___healthy,"Pepper,_bell___healthy",0.816037
plantwild/extracted/plantwild/images/peach leaf/3.jpg,Peach___healthy,Strawberry___Leaf_scorch,0.743262
plantwild/extracted/plantwild/images/peach leaf/30.jpg,Peach___healthy,"Pepper,_bell___healthy",0.633234
plantwild/extracted/plantwild/images/peach leaf/31.jpg,Peach___healthy,Cherry___healthy,0.387835
plantwild/extracted/plantwild/images/peach leaf/32.jpg,Peach___healthy,"Pepper,_bell___healthy",0.965200
plantwild/extracted/plantwild/images/peach leaf/34.jpg,Peach___healthy,"Pepper,_bell___healthy",0.885397
plantwild/extracted/plantwild/images/peach leaf/35.jpg,Peach___healthy,"Pepper,_bell___healthy",0.399619
plantwild/extracted/plantwild/images/peach leaf/36.jpg,Peach___healthy,"Pepper,_bell___healthy",0.270001
plantwild/extracted/plantwild/images/peach leaf/38.jpg,Peach___healthy,Strawberry___Leaf_scorch,0.395551
plantwild/extracted/plantwild/images/peach leaf/39.jpg,Peach___healthy,Cherry___healthy,0.849465
plantwild/extracted/plantwild/images/peach leaf/4.jpg,Peach___healthy,"Pepper,_bell___healthy",0.950587
plantwild/extracted/plantwild/images/peach leaf/40.jpg,Peach___healthy,Strawberry___Leaf_scorch,0.489980
plantwild/extracted/plantwild/images/peach leaf/41 - Copy (2).jpg,Peach___healthy,Corn___healthy,0.694555
plantwild/extracted/plantwild/images/peach leaf/41 - Copy (3).jpg,Peach___healthy,Corn___healthy,0.958811
plantwild/extracted/plantwild/images/peach leaf/41 - Copy.jpg,Peach___healthy,Corn___healthy,0.905394
plantwild/extracted/plantwild/images/peach leaf/41.jpg,Peach___healthy,Corn___healthy,0.940796
plantwild/extracted/plantwild/images/peach leaf/44.jpg,Peach___healthy,"Pepper,_bell___healthy",0.891634
plantwild/extracted/plantwild/images/peach leaf/46.jpg,Peach___healthy,"Pepper,_bell___healthy",0.962183
plantwild/extracted/plantwild/images/peach leaf/50.jpg,Peach___healthy,"Pepper,_bell___healthy",0.743670
plantwild/extracted/plantwild/images/peach leaf/51.jpg,Peach___healthy,"Pepper,_bell___healthy",0.928472
plantwild/extracted/plantwild/images/peach leaf/53.jpg,Peach___healthy,"Pepper,_bell___healthy",0.963710
plantwild/extracted/plantwild/images/peach leaf/56.jpg,Peach___healthy,Blueberry___healthy,0.309557
plantwild/extracted/plantwild/images/peach leaf/58.jpg,Peach___healthy,Cherry___healthy,0.472052
plantwild/extracted/plantwild/images/peach leaf/59.jpg,Peach___healthy,"Pepper,_bell___healthy",0.513475
plantwild/extracted/plantwild/images/peach leaf/6.jpg,Peach___healthy,"Pepper,_bell___healthy",0.839101
plantwild/extracted/plantwild/images/peach leaf/60.jpg,Peach___healthy,Strawberry___Leaf_scorch,0.963354
plantwild/extracted/plantwild/images/peach leaf/61.jpg,Peach___healthy,Strawberry___Leaf_scorch,0.711172
plantwild/extracted/plantwild/images/peach leaf/64.jpg,Peach___healthy,Tomato___Late_blight,0.719897
plantwild/extracted/plantwild/images/peach leaf/65.jpg,Peach___healthy,"Pepper,_bell___healthy",0.861872
plantwild/extracted/plantwild/images/peach leaf/67.jpg,Peach___healthy,"Pepper,_bell___healthy",0.928547
plantwild/extracted/plantwild/images/peach leaf/7.jpg,Peach___healthy,Corn___healthy,0.759647
plantwild/extracted/plantwild/images/peach leaf/70.jpg,Peach___healthy,Cherry___healthy,0.479190
plantwild/extracted/plantwild/images/peach leaf/71.jpg,Peach___healthy,Strawberry___Leaf_scorch,0.656509
plantwild/extracted/plantwild/images/peach leaf/75.jpg,Peach___healthy,"Pepper,_bell___healthy",0.955400
plantwild/extracted/plantwild/images/peach leaf/77.jpg,Peach___healthy,Corn___healthy,0.963315
plantwild/extracted/plantwild/images/peach leaf/78.jpg,Peach___healthy,"Pepper,_bell___healthy",0.970372
plantwild/extracted/plantwild/images/peach leaf/8.jpg,Peach___healthy,Corn___healthy,0.181105
plantwild/extracted/plantwild/images/peach leaf/86.jpg,Peach___healthy,Cherry___healthy,0.371736
plantwild/extracted/plantwild/images/peach leaf/89.jpg,Peach___healthy,Cherry___healthy,0.418204
plantwild/extracted/plantwild/images/peach leaf/9.jpg,Peach___healthy,Cherry___healthy,0.783909
plantwild/extracted/plantwild/images/peach leaf/99.jpg,Peach___healthy,Strawberry___Leaf_scorch,0.475993
plantwild/extracted/plantwild/images/peach leaf/google_0000.jpg,Peach___healthy,Corn___healthy,0.828288
plantwild/extracted/plantwild/images/peach leaf/google_0001.jpg,Peach___healthy,"Pepper,_bell___healthy",0.470108
plantwild/extracted/plantwild/images/peach leaf/google_0005.jpg,Peach___healthy,Orange___Haunglongbing_(Citrus_greening),0.279759
plantwild/extracted/plantwild/images/peach leaf/google_0009.jpg,Peach___healthy,Tomato___Tomato_Yellow_Leaf_Curl_Virus,0.452994
plantwild/extracted/plantwild/images/peach leaf/google_0012.jpg,Peach___healthy,"Pepper,_bell___healthy",0.954650
plantwild/extracted/plantwild/images/peach leaf/google_0015.jpg,Peach___healthy,"Pepper,_bell___healthy",0.963185
plantwild/extracted/plantwild/images/peach leaf/google_0024.jpg,Peach___healthy,"Pepper,_bell___healthy",0.960820
plantwild/extracted/plantwild/images/peach leaf/google_0035.jpg,Peach___healthy,"Pepper,_bell___healthy",0.938093
plantwild/extracted/plantwild/images/peach leaf/google_0053.jpg,Peach___healthy,"Pepper,_bell___healthy",0.870286
plantwild/extracted/plantwild/images/peach leaf/google_0054.jpg,Peach___healthy,"Pepper,_bell___healthy",0.467128
plantwild/extracted/plantwild/images/peach leaf/google_0057.jpg,Peach___healthy,Tomato___Tomato_Yellow_Leaf_Curl_Virus,0.405088
plantwild/extracted/plantwild/images/peach leaf/google_0058.jpg,Peach___healthy,"Pepper,_bell___healthy",0.383054
plantwild/extracted/plantwild/images/peach leaf/google_0063.jpg,Peach___healthy,"Pepper,_bell___healthy",0.935088
plantwild/extracted/plantwild/images/peach leaf/google_0068.jpg,Peach___healthy,"Pepper,_bell___healthy",0.947946
plantwild/extracted/plantwild/images/peach leaf/google_0077.jpg,Peach___healthy,Corn___healthy,0.438594
plantwild/extracted/plantwild/images/peach leaf/google_0082.jpg,Peach___healthy,Cherry___healthy,0.804763
plantwild/extracted/plantwild/images/peach leaf/google_0083.jpg,Peach___healthy,"Pepper,_bell___healthy",0.879203
plantwild/extracted/plantwild/images/peach leaf/google_0084.jpg,Peach___healthy,"Pepper,_bell___healthy",0.930623
plantwild/extracted/plantwild/images/peach leaf/google_0117.jpg,Peach___healthy,"Pepper,_bell___healthy",0.892097
plantwild/extracted/plantwild/images/peach leaf/google_0136.jpg,Peach___healthy,"Pepper,_bell___healthy",0.736895
plantwild/extracted/plantwild/images/peach leaf/google_0159.jpg,Peach___healthy,Orange___Haunglongbing_(Citrus_greening),0.472683
plantwild/extracted/plantwild/images/peach leaf/google_0173.jpg,Peach___healthy,"Pepper,_bell___healthy",0.957069
plantwild/extracted/plantwild/images/peach leaf/google_0178.jpg,Peach___healthy,"Pepper,_bell___healthy",0.856191
plantwild/extracted/plantwild/images/peach leaf/google_0180.jpg,Peach___healthy,"Pepper,_bell___healthy",0.957524
plantwild/extracted/plantwild/images/peach leaf/google_0183.jpg,Peach___healthy,"Pepper,_bell___healthy",0.349254
plantwild/extracted/plantwild/images/peach leaf/google_0212.jpg,Peach___healthy,Tomato___Tomato_Yellow_Leaf_Curl_Virus,0.853121
plantwild/extracted/plantwild/images/peach leaf/google_0218.jpg,Peach___healthy,Tomato___Bacterial_spot,0.203298
plantwild/extracted/plantwild/images/peach leaf/google_0224.jpg,Peach___healthy,Cherry___healthy,0.745921
plantwild/extracted/plantwild/images/peach leaf/google_0234.jpg,Peach___healthy,"Pepper,_bell___healthy",0.865984
plantwild/extracted/plantwild/images/peach leaf/google_0263.jpg,Peach___healthy,Blueberry___healthy,0.537016
plantwild/extracted/plantwild/images/peach leaf/google_0308.jpg,Peach___healthy,"Pepper,_bell___healthy",0.956344
plantwild/extracted/plantwild/images/peach leaf/google_0311.jpg,Peach___healthy,"Pepper,_bell___healthy",0.497358
plantwild/extracted/plantwild/images/peach leaf/google_0328.jpg,Peach___healthy,Corn___healthy,0.518580
plantwild/extracted/plantwild/images/peach leaf/google_0339.jpg,Peach___healthy,"Pepper,_bell___healthy",0.926858
plantwild/extracted/plantwild/images/peach leaf/google_0343.jpg,Peach___healthy,Corn___healthy,0.522544
plantwild/extracted/plantwild/images/peach leaf/google_0396.jpg,Peach___healthy,"Pepper,_bell___healthy",0.720093
plantwild/extracted/plantwild/images/peach leaf/google_0412.jpg,Peach___healthy,"Pepper,_bell___healthy",0.825755
plantwild/extracted/plantwild/images/potato early blight/1.jpg,Potato___Early_blight,Strawberry___Leaf_scorch,0.835620
plantwild/extracted/plantwild/images/potato early blight/10.jpg,Potato___Early_blight,"Pepper,_bell___healthy",0.492031
plantwild/extracted/plantwild/images/potato early blight/100.jpg,Potato___Early_blight,Strawberry___Leaf_scorch,0.836376
plantwild/extracted/plantwild/images/potato early blight/11.jpg,Potato___Early_blight,Grape___Leaf_blight_(Isariopsis_Leaf_Spot),0.410263
plantwild/extracted/plantwild/images/potato early blight/13.jpg,Potato___Early_blight,Strawberry___Leaf_scorch,0.955478
plantwild/extracted/plantwild/images/potato early blight/14.jpg,Potato___Early_blight,"Pepper,_bell___healthy",0.968083
plantwild/extracted/plantwild/images/potato early blight/15.jpg,Potato___Early_blight,"Pepper,_bell___healthy",0.906284
plantwild/extracted/plantwild/images/potato early blight/16.jpg,Potato___Early_blight,Potato___Early_blight,0.472442
plantwild/extracted/plantwild/images/potato early blight/17.jpg,Potato___Early_blight,Tomato___Late_blight,0.472525
plantwild/extracted/plantwild/images/potato early blight/18.jpg,Potato___Early_blight,Cherry___healthy,0.470859
plantwild/extracted/plantwild/images/potato early blight/19 - Copy.jpg,Potato___Early_blight,"Pepper,_bell___healthy",0.222130
plantwild/extracted/plantwild/images/potato early blight/19.jpg,Potato___Early_blight,Strawberry___Leaf_scorch,0.967199
plantwild/extracted/plantwild/images/potato early blight/2.jpg,Potato___Early_blight,Strawberry___Leaf_scorch,0.954798
plantwild/extracted/plantwild/images/potato early blight/21.jpg,Potato___Early_blight,Corn___healthy,0.400515
plantwild/extracted/plantwild/images/potato early blight/22.jpg,Potato___Early_blight,Strawberry___Leaf_scorch,0.355964
plantwild/extracted/plantwild/images/potato early blight/23.jpg,Potato___Early_blight,Tomato___Late_blight,0.195448
plantwild/extracted/plantwild/images/potato early blight/3.jpg,Potato___Early_blight,"Pepper,_bell___healthy",0.914787
plantwild/extracted/plantwild/images/potato early blight/30 - Copy.jpg,Potato___Early_blight,Tomato___Late_blight,0.849230
plantwild/extracted/plantwild/images/potato early blight/30.jpg,Potato___Early_blight,Strawberry___Leaf_scorch,0.840549
plantwild/extracted/plantwild/images/potato early blight/31.jpg,Potato___Early_blight,Strawberry___Leaf_scorch,0.836376
plantwild/extracted/plantwild/images/potato early blight/33.jpg,Potato___Early_blight,Strawberry___Leaf_scorch,0.937387
plantwild/extracted/plantwild/images/potato early blight/34.jpg,Potato___Early_blight,"Pepper,_bell___healthy",0.612684
plantwild/extracted/plantwild/images/potato early blight/37.jpg,Potato___Early_blight,Cherry___healthy,0.468488
plantwild/extracted/plantwild/images/potato early blight/38.jpg,Potato___Early_blight,Strawberry___Leaf_scorch,0.963803
plantwild/extracted/plantwild/images/potato early blight/41.jpg,Potato___Early_blight,Potato___Early_blight,0.834127
plantwild/extracted/plantwild/images/potato early blight/42.jpg,Potato___Early_blight,Cherry___healthy,0.946386
plantwild/extracted/plantwild/images/potato early blight/44.jpg,Potato___Early_blight,Corn___healthy,0.580187
plantwild/extracted/plantwild/images/potato early blight/45.jpg,Potato___Early_blight,Strawberry___Leaf_scorch,0.287210
plantwild/extracted/plantwild/images/potato early blight/47.jpg,Potato___Early_blight,Tomato___Late_blight,0.925818
plantwild/extracted/plantwild/images/potato early blight/5.jpg,Potato___Early_blight,Grape___Black_rot,0.942864
plantwild/extracted/plantwild/images/potato early blight/50.jpg,Potato___Early_blight,"Pepper,_bell___healthy",0.594403
plantwild/extracted/plantwild/images/potato early blight/51.jpg,Potato___Early_blight,Tomato___healthy,0.251560
plantwild/extracted/plantwild/images/potato early blight/53.jpg,Potato___Early_blight,Corn___Northern_Leaf_Blight,0.691927
plantwild/extracted/plantwild/images/potato early blight/55.jpg,Potato___Early_blight,Strawberry___Leaf_scorch,0.641469
plantwild/extracted/plantwild/images/potato early blight/56 - Copy.jpg,Potato___Early_blight,Tomato___Early_blight,0.605668
plantwild/extracted/plantwild/images/potato early blight/56.jpg,Potato___Early_blight,Potato___Early_blight,0.627338
plantwild/extracted/plantwild/images/potato early blight/57.jpg,Potato___Early_blight,"Pepper,_bell___healthy",0.584294
plantwild/extracted/plantwild/images/potato early blight/59.jpg,Potato___Early_blight,Tomato___Late_blight,0.356485
plantwild/extracted/plantwild/images/potato early blight/6.jpg,Potato___Early_blight,Strawberry___Leaf_scorch,0.919793
plantwild/extracted/plantwild/images/potato early blight/60.jpg,Potato___Early_blight,"Pepper,_bell___healthy",0.518806
plantwild/extracted/plantwild/images/potato early blight/61 - Copy (2).jpg,Potato___Early_blight,Tomato___Late_blight,0.598795
plantwild/extracted/plantwild/images/potato early blight/61 - Copy.jpg,Potato___Early_blight,Tomato___Late_blight,0.789645
plantwild/extracted/plantwild/images/potato early blight/61.jpg,Potato___Early_blight,Corn___healthy,0.738879
plantwild/extracted/plantwild/images/potato early blight/62.jpg,Potato___Early_blight,Cherry___healthy,0.903281
plantwild/extracted/plantwild/images/potato early blight/64.jpg,Potato___Early_blight,Strawberry___Leaf_scorch,0.937326
plantwild/extracted/plantwild/images/potato early blight/65 - Copy (2).jpg,Potato___Early_blight,"Pepper,_bell___healthy",0.788049
plantwild/extracted/plantwild/images/potato early blight/65 - Copy.jpg,Potato___Early_blight,Strawberry___Leaf_scorch,0.927827
plantwild/extracted/plantwild/images/potato early blight/65.jpg,Potato___Early_blight,Tomato___Early_blight,0.700734
plantwild/extracted/plantwild/images/potato early blight/68.jpg,Potato___Early_blight,"Pepper,_bell___healthy",0.370746
plantwild/extracted/plantwild/images/potato early blight/69.jpg,Potato___Early_blight,"Pepper,_bell___healthy",0.898778
plantwild/extracted/plantwild/images/potato early blight/7.jpg,Potato___Early_blight,Strawberry___Leaf_scorch,0.671425
plantwild/extracted/plantwild/images/potato early blight/70 - Copy.jpg,Potato___Early_blight,Strawberry___Leaf_scorch,0.542791
plantwild/extracted/plantwild/images/potato early blight/70.jpg,Potato___Early_blight,Potato___Late_blight,0.621205
plantwild/extracted/plantwild/images/potato early blight/75.jpg,Potato___Early_blight,Potato___Early_blight,0.836596
plantwild/extracted/plantwild/images/potato early blight/78.jpg,Potato___Early_blight,Potato___Early_blight,0.316519
plantwild/extracted/plantwild/images/potato early blight/8.jpg,Potato___Early_blight,Tomato___Late_blight,0.557242
plantwild/extracted/plantwild/images/potato early blight/9.jpg,Potato___Early_blight,"Pepper,_bell___healthy",0.782635
plantwild/extracted/plantwild/images/potato early blight/google_0001.jpg,Potato___Early_blight,Strawberry___Leaf_scorch,0.736293
plantwild/extracted/plantwild/images/potato early blight/google_0002.jpg,Potato___Early_blight,Strawberry___Leaf_scorch,0.936412
plantwild/extracted/plantwild/images/potato early blight/google_0003.jpg,Potato___Early_blight,Strawberry___Leaf_scorch,0.889024
plantwild/extracted/plantwild/images/potato early blight/google_0004.jpg,Potato___Early_blight,Potato___Early_blight,0.827202
plantwild/extracted/plantwild/images/potato early blight/google_0005.jpg,Potato___Early_blight,Tomato___Early_blight,0.950645
plantwild/extracted/plantwild/images/potato early blight/google_0006.jpg,Potato___Early_blight,Strawberry___Leaf_scorch,0.940922
plantwild/extracted/plantwild/images/potato early blight/google_0007.jpg,Potato___Early_blight,Cherry___healthy,0.300087
plantwild/extracted/plantwild/images/potato early blight/google_0008.jpg,Potato___Early_blight,"Pepper,_bell___healthy",0.912529
plantwild/extracted/plantwild/images/potato early blight/google_0009.jpg,Potato___Early_blight,Cherry___healthy,0.477749
plantwild/extracted/plantwild/images/potato early blight/google_0010.jpg,Potato___Early_blight,Potato___Late_blight,0.345591
plantwild/extracted/plantwild/images/potato early blight/google_0011.jpg,Potato___Early_blight,Strawberry___Leaf_scorch,0.878268
plantwild/extracted/plantwild/images/potato early blight/google_0012.jpg,Potato___Early_blight,"Pepper,_bell___healthy",0.872254
plantwild/extracted/plantwild/images/potato early blight/google_0013.jpg,Potato___Early_blight,Strawberry___Leaf_scorch,0.939513
plantwild/extracted/plantwild/images/potato early blight/google_0014.jpg,Potato___Early_blight,"Pepper,_bell___healthy",0.510472
plantwild/extracted/plantwild/images/potato early blight/google_0015.jpg,Potato___Early_blight,Strawberry___Leaf_scorch,0.914537
plantwild/extracted/plantwild/images/potato early blight/google_0016 - Copy.jpg,Potato___Early_blight,Potato___Early_blight,0.693103
plantwild/extracted/plantwild/images/potato early blight/google_0017.jpg,Potato___Early_blight,"Pepper,_bell___healthy",0.959303
plantwild/extracted/plantwild/images/potato early blight/google_0018.jpg,Potato___Early_blight,Tomato___Early_blight,0.933011
plantwild/extracted/plantwild/images/potato early blight/google_0020.jpg,Potato___Early_blight,Tomato___Early_blight,0.903731
plantwild/extracted/plantwild/images/potato early blight/google_0021.jpg,Potato___Early_blight,Strawberry___Leaf_scorch,0.643377
plantwild/extracted/plantwild/images/potato early blight/google_0022.jpg,Potato___Early_blight,"Pepper,_bell___healthy",0.842997
plantwild/extracted/plantwild/images/potato early blight/google_0024.jpg,Potato___Early_blight,Potato___Early_blight,0.702852
plantwild/extracted/plantwild/images/potato early blight/google_0027.jpg,Potato___Early_blight,Tomato___Septoria_leaf_spot,0.960621
plantwild/extracted/plantwild/images/potato early blight/google_0030.jpg,Potato___Early_blight,"Pepper,_bell___healthy",0.502124
plantwild/extracted/plantwild/images/potato early blight/google_0031 - Copy.jpg,Potato___Early_blight,Grape___Black_rot,0.323746
plantwild/extracted/plantwild/images/potato early blight/google_0031.jpg,Potato___Early_blight,Cherry___healthy,0.263346
plantwild/extracted/plantwild/images/potato early blight/google_0032 - Copy.jpg,Potato___Early_blight,Strawberry___Leaf_scorch,0.631498
plantwild/extracted/plantwild/images/potato early blight/google_0035.jpg,Potato___Early_blight,Strawberry___Leaf_scorch,0.967840
plantwild/extracted/plantwild/images/potato early blight/google_0036.jpg,Potato___Early_blight,Cherry___healthy,0.820627
plantwild/extracted/plantwild/images/potato early blight/google_0037.jpg,Potato___Early_blight,Potato___Early_blight,0.861673
plantwild/extracted/plantwild/images/potato early blight/google_0039 - Copy (5).jpg,Potato___Early_blight,Potato___Early_blight,0.969172
plantwild/extracted/plantwild/images/potato early blight/google_0039 - Copy.jpg,Potato___Early_blight,Potato___Early_blight,0.969663
plantwild/extracted/plantwild/images/potato early blight/google_0039.jpg,Potato___Early_blight,Potato___Early_blight,0.969353
plantwild/extracted/plantwild/images/potato early blight/google_0040.jpg,Potato___Early_blight,Strawberry___Leaf_scorch,0.863226
plantwild/extracted/plantwild/images/potato early blight/google_0045.jpg,Potato___Early_blight,"Pepper,_bell___healthy",0.724005
plantwild/extracted/plantwild/images/potato early blight/google_0048.jpg,Potato___Early_blight,"Pepper,_bell___healthy",0.959566
plantwild/extracted/plantwild/images/potato early blight/google_0050.jpg,Potato___Early_blight,Tomato___Early_blight,0.658174
plantwild/extracted/plantwild/images/potato early blight/google_0051.jpg,Potato___Early_blight,"Pepper,_bell___healthy",0.951870
plantwild/extracted/plantwild/images/potato early blight/google_0052.jpg,Potato___Early_blight,Potato___Late_blight,0.781836
plantwild/extracted/plantwild/images/potato early blight/google_0053.jpg,Potato___Early_blight,Strawberry___Leaf_scorch,0.893088
plantwild/extracted/plantwild/images/potato early blight/google_0054.jpg,Potato___Early_blight,Corn___Northern_Leaf_Blight,0.921186
plantwild/extracted/plantwild/images/potato early blight/google_0055.jpg,Potato___Early_blight,"Pepper,_bell___healthy",0.874811
plantwild/extracted/plantwild/images/potato early blight/google_0056.jpg,Potato___Early_blight,Strawberry___Leaf_scorch,0.961174
plantwild/extracted/plantwild/images/potato early blight/google_0058.jpg,Potato___Early_blight,Potato___Early_blight,0.396950
plantwild/extracted/plantwild/images/potato early blight/google_0062 - Copy (2).jpg,Potato___Early_blight,"Pepper,_bell___healthy",0.551952
plantwild/extracted/plantwild/images/potato early blight/google_0062 - Copy.jpg,Potato___Early_blight,Potato___Late_blight,0.591587
plantwild/extracted/plantwild/images/potato early blight/google_0062.jpg,Potato___Early_blight,Potato___Early_blight,0.960080
plantwild/extracted/plantwild/images/potato early blight/google_0063.jpg,Potato___Early_blight,Grape___Black_rot,0.956732
plantwild/extracted/plantwild/images/potato early blight/google_0066.jpg,Potato___Early_blight,Strawberry___Leaf_scorch,0.575197
plantwild/extracted/plantwild/images/potato early blight/google_0068.jpg,Potato___Early_blight,Tomato___Early_blight,0.959142
plantwild/extracted/plantwild/images/potato early blight/google_0070.jpg,Potato___Early_blight,"Pepper,_bell___healthy",0.671880
plantwild/extracted/plantwild/images/potato early blight/google_0071.jpg,Potato___Early_blight,Tomato___Septoria_leaf_spot,0.963796
plantwild/extracted/plantwild/images/potato early blight/google_0072.jpg,Potato___Early_blight,"Pepper,_bell___healthy",0.928111
plantwild/extracted/plantwild/images/potato early blight/google_0075 - Copy (2).jpg,Potato___Early_blight,Grape___Black_rot,0.873542
plantwild/extracted/plantwild/images/potato early blight/google_0075 - Copy (3).jpg,Potato___Early_blight,"Pepper,_bell___healthy",0.597902
plantwild/extracted/plantwild/images/potato early blight/google_0075 - Copy.jpg,Potato___Early_blight,Tomato___Late_blight,0.892698
plantwild/extracted/plantwild/images/potato early blight/google_0075.jpg,Potato___Early_blight,"Pepper,_bell___healthy",0.336597
plantwild/extracted/plantwild/images/potato early blight/google_0076.jpg,Potato___Early_blight,Strawberry___Leaf_scorch,0.932989
plantwild/extracted/plantwild/images/potato early blight/google_0077.jpg,Potato___Early_blight,"Pepper,_bell___healthy",0.856479
plantwild/extracted/plantwild/images/potato early blight/google_0078.jpg,Potato___Early_blight,Corn___Northern_Leaf_Blight,0.767636
plantwild/extracted/plantwild/images/potato early blight/google_0079.jpg,Potato___Early_blight,Corn___Northern_Leaf_Blight,0.341984
plantwild/extracted/plantwild/images/potato early blight/google_0080 - Copy.jpg,Potato___Early_blight,Strawberry___Leaf_scorch,0.919707
plantwild/extracted/plantwild/images/potato early blight/google_0080.jpg,Potato___Early_blight,Corn___healthy,0.610915
plantwild/extracted/plantwild/images/potato early blight/google_0081.jpg,Potato___Early_blight,Tomato___Early_blight,0.863450
plantwild/extracted/plantwild/images/potato early blight/google_0083.jpg,Potato___Early_blight,Cherry___healthy,0.636421
plantwild/extracted/plantwild/images/potato early blight/google_0084.jpg,Potato___Early_blight,Tomato___Late_blight,0.288415
plantwild/extracted/plantwild/images/potato early blight/google_0086.jpg,Potato___Early_blight,"Pepper,_bell___healthy",0.936576
plantwild/extracted/plantwild/images/potato early blight/google_0089.jpg,Potato___Early_blight,Cherry___healthy,0.647180
plantwild/extracted/plantwild/images/potato early blight/google_0092.jpg,Potato___Early_blight,"Pepper,_bell___healthy",0.385172
plantwild/extracted/plantwild/images/potato early blight/google_0095.jpg,Potato___Early_blight,Strawberry___Leaf_scorch,0.885749
plantwild/extracted/plantwild/images/potato early blight/google_0096.jpg,Potato___Early_blight,"Pepper,_bell___healthy",0.681083
plantwild/extracted/plantwild/images/potato early blight/google_0097.jpg,Potato___Early_blight,Strawberry___Leaf_scorch,0.675477
plantwild/extracted/plantwild/images/potato early blight/google_0098.jpg,Potato___Early_blight,Potato___Early_blight,0.968707
plantwild/extracted/plantwild/images/potato early blight/google_0100.jpg,Potato___Early_blight,Corn___healthy,0.580006
plantwild/extracted/plantwild/images/potato early blight/google_0105 - Copy.jpg,Potato___Early_blight,Potato___Early_blight,0.958557
plantwild/extracted/plantwild/images/potato early blight/google_0105.jpg,Potato___Early_blight,Corn___Northern_Leaf_Blight,0.643161
plantwild/extracted/plantwild/images/potato early blight/google_0110.jpg,Potato___Early_blight,Corn___Northern_Leaf_Blight,0.761500
plantwild/extracted/plantwild/images/potato early blight/google_0111.jpg,Potato___Early_blight,Corn___Common_rust,0.597692
plantwild/extracted/plantwild/images/potato early blight/google_0112.jpg,Potato___Early_blight,"Pepper,_bell___healthy",0.906211
plantwild/extracted/plantwild/images/potato early blight/google_0116.jpg,Potato___Early_blight,Tomato___Early_blight,0.958507
plantwild/extracted/plantwild/images/potato early blight/google_0117.jpg,Potato___Early_blight,Strawberry___Leaf_scorch,0.968078
plantwild/extracted/plantwild/images/potato early blight/google_0118.jpg,Potato___Early_blight,"Pepper,_bell___healthy",0.771978
plantwild/extracted/plantwild/images/potato early blight/google_0119.jpg,Potato___Early_blight,Strawberry___Leaf_scorch,0.678029
plantwild/extracted/plantwild/images/potato early blight/google_0120.jpg,Potato___Early_blight,Strawberry___Leaf_scorch,0.899016
plantwild/extracted/plantwild/images/potato early blight/google_0123.jpg,Potato___Early_blight,"Pepper,_bell___healthy",0.958392
plantwild/extracted/plantwild/images/potato early blight/google_0126.jpg,Potato___Early_blight,"Pepper,_bell___healthy",0.950504
plantwild/extracted/plantwild/images/potato early blight/google_0128.jpg,Potato___Early_blight,Strawberry___Leaf_scorch,0.947390
plantwild/extracted/plantwild/images/potato early blight/google_0129.jpg,Potato___Early_blight,"Pepper,_bell___healthy",0.884005
plantwild/extracted/plantwild/images/potato early blight/google_0131.jpg,Potato___Early_blight,"Pepper,_bell___healthy",0.758023
plantwild/extracted/plantwild/images/potato early blight/google_0133.jpg,Potato___Early_blight,"Pepper,_bell___healthy",0.547235
plantwild/extracted/plantwild/images/potato early blight/google_0139 - Copy (2).jpg,Potato___Early_blight,Tomato___Late_blight,0.385693
plantwild/extracted/plantwild/images/potato early blight/google_0139 - Copy.jpg,Potato___Early_blight,Strawberry___Leaf_scorch,0.248746
plantwild/extracted/plantwild/images/potato early blight/google_0139.jpg,Potato___Early_blight,Tomato___Early_blight,0.911197
plantwild/extracted/plantwild/images/potato early blight/google_0143.jpg,Potato___Early_blight,Tomato___Early_blight,0.964565
plantwild/extracted/plantwild/images/potato early blight/google_0145.jpg,Potato___Early_blight,Tomato___Late_blight,0.323280
plantwild/extracted/plantwild/images/potato early blight/google_0147.jpg,Potato___Early_blight,Tomato___Early_blight,0.544226
plantwild/extracted/plantwild/images/potato early blight/google_0149.jpg,Potato___Early_blight,Cherry___healthy,0.512804
plantwild/extracted/plantwild/images/potato early blight/google_0152.jpg,Potato___Early_blight,Strawberry___Leaf_scorch,0.271803
plantwild/extracted/plantwild/images/potato early blight/google_0153 - Copy (3).jpg,Potato___Early_blight,Potato___Early_blight,0.969685
plantwild/extracted/plantwild/images/potato early blight/google_0153 - Copy.jpg,Potato___Early_blight,Potato___Early_blight,0.969521
plantwild/extracted/plantwild/images/potato early blight/google_0153.jpg,Potato___Early_blight,Potato___Early_blight,0.970155
plantwild/extracted/plantwild/images/potato early blight/google_0154.jpg,Potato___Early_blight,Tomato___Late_blight,0.607942
plantwild/extracted/plantwild/images/potato early blight/google_0156.jpg,Potato___Early_blight,Cherry___healthy,0.443211
plantwild/extracted/plantwild/images/potato early blight/google_0158.jpg,Potato___Early_blight,Strawberry___Leaf_scorch,0.843099
plantwild/extracted/plantwild/images/potato early blight/google_0164.jpg,Potato___Early_blight,Strawberry___Leaf_scorch,0.961328
plantwild/extracted/plantwild/images/potato early blight/google_0168.jpg,Potato___Early_blight,Soybean___healthy,0.372167
plantwild/extracted/plantwild/images/potato early blight/google_0170.jpg,Potato___Early_blight,Tomato___Late_blight,0.723952
plantwild/extracted/plantwild/images/potato early blight/google_0171.jpg,Potato___Early_blight,Tomato___Early_blight,0.901587
plantwild/extracted/plantwild/images/potato early blight/google_0173.jpg,Potato___Early_blight,"Pepper,_bell___healthy",0.891670
plantwild/extracted/plantwild/images/potato early blight/google_0174.jpg,Potato___Early_blight,"Pepper,_bell___healthy",0.736093
plantwild/extracted/plantwild/images/potato early blight/google_0177.jpg,Potato___Early_blight,Tomato___healthy,0.850275
plantwild/extracted/plantwild/images/potato early blight/google_0178.jpg,Potato___Early_blight,Strawberry___Leaf_scorch,0.477077
plantwild/extracted/plantwild/images/potato early blight/google_0182.jpg,Potato___Early_blight,"Pepper,_bell___healthy",0.315220
plantwild/extracted/plantwild/images/potato early blight/google_0183.jpg,Potato___Early_blight,Cherry___healthy,0.730250
plantwild/extracted/plantwild/images/potato early blight/google_0184.jpg,Potato___Early_blight,Tomato___Late_blight,0.313985
plantwild/extracted/plantwild/images/potato early blight/google_0185.jpg,Potato___Early_blight,"Pepper,_bell___healthy",0.911055
plantwild/extracted/plantwild/images/potato early blight/google_0187.jpg,Potato___Early_blight,Cherry___healthy,0.748157
plantwild/extracted/plantwild/images/potato early blight/google_0188.jpg,Potato___Early_blight,Tomato___Early_blight,0.953231
plantwild/extracted/plantwild/images/potato early blight/google_0189.jpg,Potato___Early_blight,Tomato___Late_blight,0.556416
plantwild/extracted/plantwild/images/potato early blight/google_0190.jpg,Potato___Early_blight,Cherry___healthy,0.466251
plantwild/extracted/plantwild/images/potato early blight/google_0192 - Copy.jpg,Potato___Early_blight,Tomato___Tomato_Yellow_Leaf_Curl_Virus,0.715366
plantwild/extracted/plantwild/images/potato early blight/google_0192.jpg,Potato___Early_blight,Tomato___Tomato_Yellow_Leaf_Curl_Virus,0.289998
plantwild/extracted/plantwild/images/potato early blight/google_0194.jpg,Potato___Early_blight,Potato___Early_blight,0.969224
plantwild/extracted/plantwild/images/potato early blight/google_0195.jpg,Potato___Early_blight,Strawberry___Leaf_scorch,0.823098
plantwild/extracted/plantwild/images/potato early blight/google_0197.jpg,Potato___Early_blight,Strawberry___Leaf_scorch,0.883098
plantwild/extracted/plantwild/images/potato early blight/google_0198.jpg,Potato___Early_blight,Corn___healthy,0.385379
plantwild/extracted/plantwild/images/potato early blight/google_0200.jpg,Potato___Early_blight,Tomato___Septoria_leaf_spot,0.896873
plantwild/extracted/plantwild/images/potato early blight/google_0201.jpg,Potato___Early_blight,"Pepper,_bell___healthy",0.926584
plantwild/extracted/plantwild/images/potato early blight/google_0202.jpg,Potato___Early_blight,Strawberry___Leaf_scorch,0.959054
plantwild/extracted/plantwild/images/potato early blight/google_0206.jpg,Potato___Early_blight,Tomato___Early_blight,0.728988
plantwild/extracted/plantwild/images/potato early blight/google_0207.jpg,Potato___Early_blight,"Pepper,_bell___healthy",0.891989
plantwild/extracted/plantwild/images/potato early blight/google_0208 - Copy (2).jpg,Potato___Early_blight,Potato___Early_blight,0.969401
plantwild/extracted/plantwild/images/potato early blight/google_0208 - Copy (3).jpg,Potato___Early_blight,Potato___Early_blight,0.968870
plantwild/extracted/plantwild/images/potato early blight/google_0208 - Copy.jpg,Potato___Early_blight,Potato___Late_blight,0.967824
plantwild/extracted/plantwild/images/potato early blight/google_0208.jpg,Potato___Early_blight,Potato___Late_blight,0.970961
plantwild/extracted/plantwild/images/potato early blight/google_0213 - Copy (4).jpg,Potato___Early_blight,Potato___Early_blight,0.970173
plantwild/extracted/plantwild/images/potato early blight/google_0213 - Copy (5).jpg,Potato___Early_blight,Potato___Early_blight,0.973483
plantwild/extracted/plantwild/images/potato early blight/google_0213 - Copy (6).jpg,Potato___Early_blight,Potato___Early_blight,0.968085
plantwild/extracted/plantwild/images/potato early blight/google_0213 - Copy (7).jpg,Potato___Early_blight,Potato___Early_blight,0.969216
plantwild/extracted/plantwild/images/potato early blight/google_0213 - Copy (8).jpg,Potato___Early_blight,Potato___Early_blight,0.970403
plantwild/extracted/plantwild/images/potato early blight/google_0213 - Copy.jpg,Potato___Early_blight,Potato___Early_blight,0.968762
plantwild/extracted/plantwild/images/potato early blight/google_0213.jpg,Potato___Early_blight,Potato___Early_blight,0.968556
plantwild/extracted/plantwild/images/potato early blight/google_0215.jpg,Potato___Early_blight,Strawberry___Leaf_scorch,0.900596
plantwild/extracted/plantwild/images/potato early blight/google_0216.jpg,Potato___Early_blight,Potato___Early_blight,0.601067
plantwild/extracted/plantwild/images/potato early blight/google_0224.jpg,Potato___Early_blight,Strawberry___Leaf_scorch,0.690444
plantwild/extracted/plantwild/images/potato early blight/google_0225.jpg,Potato___Early_blight,Strawberry___Leaf_scorch,0.721054
plantwild/extracted/plantwild/images/potato early blight/google_0230.jpg,Potato___Early_blight,Potato___Late_blight,0.663172
plantwild/extracted/plantwild/images/potato early blight/google_0240.jpg,Potato___Early_blight,Tomato___Late_blight,0.675856
plantwild/extracted/plantwild/images/potato early blight/google_0241.jpg,Potato___Early_blight,Tomato___Late_blight,0.432006
plantwild/extracted/plantwild/images/potato early blight/google_0252.jpg,Potato___Early_blight,"Pepper,_bell___healthy",0.218119
plantwild/extracted/plantwild/images/potato early blight/google_0253.jpg,Potato___Early_blight,Tomato___Late_blight,0.785745
plantwild/extracted/plantwild/images/potato early blight/google_0265.jpg,Potato___Early_blight,Potato___Early_blight,0.969841
plantwild/extracted/plantwild/images/potato early blight/google_0274 - Copy.jpg,Potato___Early_blight,Potato___Early_blight,0.959972
plantwild/extracted/plantwild/images/potato early blight/google_0274.jpg,Potato___Early_blight,Tomato___Early_blight,0.969228
plantwild/extracted/plantwild/images/potato early blight/google_0276.jpg,Potato___Early_blight,Tomato___Early_blight,0.953316
plantwild/extracted/plantwild/images/potato early blight/google_0277.jpg,Potato___Early_blight,"Pepper,_bell___healthy",0.940946
plantwild/extracted/plantwild/images/potato early blight/google_0284.jpg,Potato___Early_blight,"Pepper,_bell___healthy",0.728758
plantwild/extracted/plantwild/images/potato early blight/google_0306 - Copy (11).jpg,Potato___Early_blight,Potato___Early_blight,0.972037
plantwild/extracted/plantwild/images/potato early blight/google_0306 - Copy (7).jpg,Potato___Early_blight,Potato___Early_blight,0.967371
plantwild/extracted/plantwild/images/potato early blight/google_0306 - Copy (8).jpg,Potato___Early_blight,Potato___Early_blight,0.965114
plantwild/extracted/plantwild/images/potato early blight/google_0306 - Copy (9).jpg,Potato___Early_blight,Potato___Early_blight,0.969103
plantwild/extracted/plantwild/images/potato early blight/google_0306 - Copy.jpg,Potato___Early_blight,Potato___Early_blight,0.965475
plantwild/extracted/plantwild/images/potato early blight/google_0306.jpg,Potato___Early_blight,Potato___Early_blight,0.963486
plantwild/extracted/plantwild/images/potato early blight/google_0313 - Copy (3).jpg,Potato___Early_blight,Potato___Early_blight,0.927336
plantwild/extracted/plantwild/images/potato early blight/google_0313 - Copy (4).jpg,Potato___Early_blight,Tomato___Early_blight,0.952334
plantwild/extracted/plantwild/images/potato early blight/google_0313 - Copy.jpg,Potato___Early_blight,Cherry___healthy,0.943675
plantwild/extracted/plantwild/images/potato early blight/google_0320.jpg,Potato___Early_blight,Potato___Early_blight,0.968476
plantwild/extracted/plantwild/images/potato early blight/google_0345.jpg,Potato___Early_blight,Tomato___Late_blight,0.461840
plantwild/extracted/plantwild/images/potato early blight/google_0352.jpg,Potato___Early_blight,Potato___Early_blight,0.970655
plantwild/extracted/plantwild/images/potato early blight/google_0366.jpg,Potato___Early_blight,Potato___Early_blight,0.926755
plantwild/extracted/plantwild/images/potato late blight/1.jpg,Potato___Late_blight,Strawberry___Leaf_scorch,0.966698
plantwild/extracted/plantwild/images/potato late blight/10.jpg,Potato___Late_blight,Strawberry___Leaf_scorch,0.641469
plantwild/extracted/plantwild/images/potato late blight/101.jpg,Potato___Late_blight,Tomato___Late_blight,0.828364
plantwild/extracted/plantwild/images/potato late blight/104.jpg,Potato___Late_blight,"Pepper,_bell___healthy",0.809842
plantwild/extracted/plantwild/images/potato late blight/105.jpg,Potato___Late_blight,"Pepper,_bell___healthy",0.737117
plantwild/extracted/plantwild/images/potato late blight/106.jpg,Potato___Late_blight,Corn___Common_rust,0.676959
plantwild/extracted/plantwild/images/potato late blight/109.jpg,Potato___Late_blight,Strawberry___Leaf_scorch,0.964829
plantwild/extracted/plantwild/images/potato late blight/11.jpg,Potato___Late_blight,Tomato___Late_blight,0.247983
plantwild/extracted/plantwild/images/potato late blight/110.jpg,Potato___Late_blight,Strawberry___Leaf_scorch,0.639311
plantwild/extracted/plantwild/images/potato late blight/12.jpg,Potato___Late_blight,Strawberry___Leaf_scorch,0.927053
plantwild/extracted/plantwild/images/potato late blight/13.jpg,Potato___Late_blight,Tomato___Late_blight,0.824726
plantwild/extracted/plantwild/images/potato late blight/15.jpg,Potato___Late_blight,"Pepper,_bell___healthy",0.912018
plantwild/extracted/plantwild/images/potato late blight/16.jpg,Potato___Late_blight,Strawberry___Leaf_scorch,0.783500
plantwild/extracted/plantwild/images/potato late blight/18.jpg,Potato___Late_blight,"Pepper,_bell___healthy",0.958561
plantwild/extracted/plantwild/images/potato late blight/19.jpg,Potato___Late_blight,Strawberry___Leaf_scorch,0.937076
plantwild/extracted/plantwild/images/potato late blight/2.jpg,Potato___Late_blight,Strawberry___Leaf_scorch,0.958967
plantwild/extracted/plantwild/images/potato late blight/20.jpg,Potato___Late_blight,"Pepper,_bell___healthy",0.646413
plantwild/extracted/plantwild/images/potato late blight/21.jpg,Potato___Late_blight,Strawberry___Leaf_scorch,0.925236
plantwild/extracted/plantwild/images/potato late blight/22.jpg,Potato___Late_blight,"Pepper,_bell___healthy",0.573004
plantwild/extracted/plantwild/images/potato late blight/23.jpg,Potato___Late_blight,"Pepper,_bell___healthy",0.913171
plantwild/extracted/plantwild/images/potato late blight/24.jpg,Potato___Late_blight,Cherry___healthy,0.558857
plantwild/extracted/plantwild/images/potato late blight/25.jpg,Potato___Late_blight,Tomato___Late_blight,0.908455
plantwild/extracted/plantwild/images/potato late blight/28 - Copy.jpg,Potato___Late_blight,Tomato___Late_blight,0.910346
plantwild/extracted/plantwild/images/potato late blight/28.jpg,Potato___Late_blight,Tomato___Late_blight,0.789404
plantwild/extracted/plantwild/images/potato late blight/29.jpg,Potato___Late_blight,Tomato___Late_blight,0.416927
plantwild/extracted/plantwild/images/potato late blight/3.jpg,Potato___Late_blight,Strawberry___Leaf_scorch,0.912728
plantwild/extracted/plantwild/images/potato late blight/30 - Copy.jpg,Potato___Late_blight,Apple___Apple_scab,0.927901
plantwild/extracted/plantwild/images/potato late blight/30.jpg,Potato___Late_blight,Orange___Haunglongbing_(Citrus_greening),0.946509
plantwild/extracted/plantwild/images/potato late blight/32.jpg,Potato___Late_blight,"Pepper,_bell___healthy",0.949019
plantwild/extracted/plantwild/images/potato late blight/33.jpg,Potato___Late_blight,Cherry___healthy,0.946710
plantwild/extracted/plantwild/images/potato late blight/34 - Copy (2).jpg,Potato___Late_blight,Strawberry___Leaf_scorch,0.541256
plantwild/extracted/plantwild/images/potato late blight/34 - Copy (3).jpg,Potato___Late_blight,"Pepper,_bell___healthy",0.965250
plantwild/extracted/plantwild/images/potato late blight/34 - Copy.jpg,Potato___Late_blight,Apple___Apple_scab,0.348819
plantwild/extracted/plantwild/images/potato late blight/34.jpg,Potato___Late_blight,Potato___Late_blight,0.824188
plantwild/extracted/plantwild/images/potato late blight/35.jpg,Potato___Late_blight,Tomato___Late_blight,0.440538
plantwild/extracted/plantwild/images/potato late blight/36 - Copy.jpg,Potato___Late_blight,Tomato___Late_blight,0.920579
plantwild/extracted/plantwild/images/potato late blight/36.jpg,Potato___Late_blight,Tomato___healthy,0.240549
plantwild/extracted/plantwild/images/potato late blight/37.jpg,Potato___Late_blight,Strawberry___Leaf_scorch,0.927222
plantwild/extracted/plantwild/images/potato late blight/38 - Copy.jpg,Potato___Late_blight,Tomato___Early_blight,0.848525
plantwild/extracted/plantwild/images/potato late blight/38.jpg,Potato___Late_blight,"Pepper,_bell___healthy",0.712553
plantwild/extracted/plantwild/images/potato late blight/39.jpg,Potato___Late_blight,Tomato___Late_blight,0.299130
plantwild/extracted/plantwild/images/potato late blight/4.jpg,Potato___Late_blight,Strawberry___Leaf_scorch,0.782765
plantwild/extracted/plantwild/images/potato late blight/41.jpg,Potato___Late_blight,Potato___Late_blight,0.753697
plantwild/extracted/plantwild/images/potato late blight/43.jpg,Potato___Late_blight,Tomato___Late_blight,0.961367
plantwild/extracted/plantwild/images/potato late blight/44.jpg,Potato___Late_blight,Tomato___Late_blight,0.679550
plantwild/extracted/plantwild/images/potato late blight/45 - Copy (2).jpg,Potato___Late_blight,Strawberry___Leaf_scorch,0.566114
plantwild/extracted/plantwild/images/potato late blight/45 - Copy (3).jpg,Potato___Late_blight,Strawberry___Leaf_scorch,0.512156
plantwild/extracted/plantwild/images/potato late blight/45 - Copy.jpg,Potato___Late_blight,Tomato___Early_blight,0.843114
plantwild/extracted/plantwild/images/potato late blight/45.jpg,Potato___Late_blight,Corn___healthy,0.727142
plantwild/extracted/plantwild/images/potato late blight/47.jpg,Potato___Late_blight,Cherry___healthy,0.646423
plantwild/extracted/plantwild/images/potato late blight/5.jpg,Potato___Late_blight,Strawberry___Leaf_scorch,0.886424
plantwild/extracted/plantwild/images/potato late blight/50.jpg,Potato___Late_blight,"Pepper,_bell___healthy",0.974333
plantwild/extracted/plantwild/images/potato late blight/52.jpg,Potato___Late_blight,"Pepper,_bell___healthy",0.684103
plantwild/extracted/plantwild/images/potato late blight/56.jpg,Potato___Late_blight,"Pepper,_bell___healthy",0.847623
plantwild/extracted/plantwild/images/potato late blight/58.jpg,Potato___Late_blight,Strawberry___Leaf_scorch,0.832222
plantwild/extracted/plantwild/images/potato late blight/59.jpg,Potato___Late_blight,Corn___Northern_Leaf_Blight,0.565595
plantwild/extracted/plantwild/images/potato late blight/6.jpg,Potato___Late_blight,"Pepper,_bell___healthy",0.904976
plantwild/extracted/plantwild/images/potato late blight/60.jpg,Potato___Late_blight,Strawberry___Leaf_scorch,0.726296
plantwild/extracted/plantwild/images/potato late blight/61.jpg,Potato___Late_blight,"Pepper,_bell___healthy",0.464098
plantwild/extracted/plantwild/images/potato late blight/63.jpg,Potato___Late_blight,Tomato___Late_blight,0.897981
plantwild/extracted/plantwild/images/potato late blight/64.jpg,Potato___Late_blight,Strawberry___Leaf_scorch,0.901825
plantwild/extracted/plantwild/images/potato late blight/65.jpg,Potato___Late_blight,"Pepper,_bell___healthy",0.420189
plantwild/extracted/plantwild/images/potato late blight/66.jpg,Potato___Late_blight,"Pepper,_bell___healthy",0.808281
plantwild/extracted/plantwild/images/potato late blight/67.jpg,Potato___Late_blight,Strawberry___Leaf_scorch,0.893576
plantwild/extracted/plantwild/images/potato late blight/68.jpg,Potato___Late_blight,Strawberry___Leaf_scorch,0.325105
plantwild/extracted/plantwild/images/potato late blight/69.jpg,Potato___Late_blight,Cherry___healthy,0.758258
plantwild/extracted/plantwild/images/potato late blight/7.jpg,Potato___Late_blight,Strawberry___Leaf_scorch,0.875140
plantwild/extracted/plantwild/images/potato late blight/70 - Copy (2).jpg,Potato___Late_blight,"Pepper,_bell___healthy",0.461190
plantwild/extracted/plantwild/images/potato late blight/70 - Copy (3).jpg,Potato___Late_blight,Tomato___Late_blight,0.402962
plantwild/extracted/plantwild/images/potato late blight/71.jpg,Potato___Late_blight,Corn___Northern_Leaf_Blight,0.186945
plantwild/extracted/plantwild/images/potato late blight/75.jpg,Potato___Late_blight,Cherry___healthy,0.916939
plantwild/extracted/plantwild/images/potato late blight/78 - Copy.jpg,Potato___Late_blight,Tomato___Late_blight,0.951058
plantwild/extracted/plantwild/images/potato late blight/78.jpg,Potato___Late_blight,Tomato___Late_blight,0.968179
plantwild/extracted/plantwild/images/potato late blight/79.jpg,Potato___Late_blight,Tomato___Late_blight,0.857981
plantwild/extracted/plantwild/images/potato late blight/8.jpg,Potato___Late_blight,Strawberry___Leaf_scorch,0.958261
plantwild/extracted/plantwild/images/potato late blight/80 - Copy.jpg,Potato___Late_blight,Strawberry___Leaf_scorch,0.942818
plantwild/extracted/plantwild/images/potato late blight/81.jpg,Potato___Late_blight,Strawberry___Leaf_scorch,0.602667
plantwild/extracted/plantwild/images/potato late blight/82.jpg,Potato___Late_blight,"Pepper,_bell___healthy",0.627281
plantwild/extracted/plantwild/images/potato late blight/85.jpg,Potato___Late_blight,"Pepper,_bell___healthy",0.503003
plantwild/extracted/plantwild/images/potato late blight/86.jpg,Potato___Late_blight,Potato___Late_blight,0.702264
plantwild/extracted/plantwild/images/potato late blight/87.jpg,Potato___Late_blight,Strawberry___Leaf_scorch,0.850169
plantwild/extracted/plantwild/images/potato late blight/88.jpg,Potato___Late_blight,Tomato___Late_blight,0.231374
plantwild/extracted/plantwild/images/potato late blight/9.jpg,Potato___Late_blight,Cherry___healthy,0.844454
plantwild/extracted/plantwild/images/potato late blight/92.jpg,Potato___Late_blight,Strawberry___Leaf_scorch,0.600088
plantwild/extracted/plantwild/images/potato late blight/93.jpg,Potato___Late_blight,Strawberry___Leaf_scorch,0.951897
plantwild/extracted/plantwild/images/potato late blight/95.jpg,Potato___Late_blight,Tomato___Late_blight,0.961147
plantwild/extracted/plantwild/images/potato late blight/96.jpg,Potato___Late_blight,Strawberry___Leaf_scorch,0.899795
plantwild/extracted/plantwild/images/potato late blight/97.jpg,Potato___Late_blight,"Pepper,_bell___healthy",0.930487
plantwild/extracted/plantwild/images/potato late blight/98.jpg,Potato___Late_blight,"Pepper,_bell___healthy",0.906456
plantwild/extracted/plantwild/images/potato late blight/add (1).jpg,Potato___Late_blight,Strawberry___Leaf_scorch,0.764927
plantwild/extracted/plantwild/images/potato late blight/add (2).jpg,Potato___Late_blight,Tomato___Late_blight,0.837110
plantwild/extracted/plantwild/images/potato late blight/add (3).jpg,Potato___Late_blight,Corn___Northern_Leaf_Blight,0.412085
plantwild/extracted/plantwild/images/potato late blight/add (4).jpg,Potato___Late_blight,Tomato___Late_blight,0.888123
plantwild/extracted/plantwild/images/potato late blight/add (5).jpg,Potato___Late_blight,Tomato___Late_blight,0.947923
plantwild/extracted/plantwild/images/potato late blight/add (6).jpg,Potato___Late_blight,Potato___Late_blight,0.530377
plantwild/extracted/plantwild/images/potato late blight/add (7).jpg,Potato___Late_blight,Strawberry___Leaf_scorch,0.830522
plantwild/extracted/plantwild/images/potato late blight/google_0000.jpg,Potato___Late_blight,Tomato___Late_blight,0.547053
plantwild/extracted/plantwild/images/potato late blight/google_0002.jpg,Potato___Late_blight,"Pepper,_bell___healthy",0.845736
plantwild/extracted/plantwild/images/potato late blight/google_0006.jpg,Potato___Late_blight,Corn___Northern_Leaf_Blight,0.412085
plantwild/extracted/plantwild/images/potato late blight/google_0010 - Copy (2).jpg,Potato___Late_blight,Potato___Late_blight,0.970062
plantwild/extracted/plantwild/images/potato late blight/google_0010 - Copy.jpg,Potato___Late_blight,Potato___Late_blight,0.967346
plantwild/extracted/plantwild/images/potato late blight/google_0010.jpg,Potato___Late_blight,Potato___Late_blight,0.968457
plantwild/extracted/plantwild/images/potato late blight/google_0011.jpg,Potato___Late_blight,"Pepper,_bell___healthy",0.811588
plantwild/extracted/plantwild/images/potato late blight/google_0012.jpg,Potato___Late_blight,Tomato___Late_blight,0.874073
plantwild/extracted/plantwild/images/potato late blight/google_0013.jpg,Potato___Late_blight,Strawberry___Leaf_scorch,0.925817
plantwild/extracted/plantwild/images/potato late blight/google_0015.jpg,Potato___Late_blight,Potato___Late_blight,0.966888
plantwild/extracted/plantwild/images/potato late blight/google_0021.jpg,Potato___Late_blight,Strawberry___Leaf_scorch,0.663930
plantwild/extracted/plantwild/images/potato late blight/google_0022.jpg,Potato___Late_blight,Tomato___Late_blight,0.562337
plantwild/extracted/plantwild/images/potato late blight/google_0023.jpg,Potato___Late_blight,Tomato___Late_blight,0.947923
plantwild/extracted/plantwild/images/potato late blight/google_0024 - Copy.jpg,Potato___Late_blight,"Pepper,_bell___healthy",0.955589
plantwild/extracted/plantwild/images/potato late blight/google_0026.jpg,Potato___Late_blight,Tomato___Late_blight,0.921125
plantwild/extracted/plantwild/images/potato late blight/google_0029.jpg,Potato___Late_blight,Tomato___Late_blight,0.753568
plantwild/extracted/plantwild/images/potato late blight/google_0030.jpg,Potato___Late_blight,"Pepper,_bell___healthy",0.966960
plantwild/extracted/plantwild/images/potato late blight/google_0032.jpg,Potato___Late_blight,"Pepper,_bell___healthy",0.926123
plantwild/extracted/plantwild/images/potato late blight/google_0033.jpg,Potato___Late_blight,Cherry___healthy,0.146255
plantwild/extracted/plantwild/images/potato late blight/google_0035.jpg,Potato___Late_blight,"Pepper,_bell___healthy",0.728758
plantwild/extracted/plantwild/images/potato late blight/google_0036.jpg,Potato___Late_blight,"Pepper,_bell___healthy",0.391048
plantwild/extracted/plantwild/images/potato late blight/google_0038.jpg,Potato___Late_blight,Potato___Late_blight,0.882135
plantwild/extracted/plantwild/images/potato late blight/google_0039 - Copy (2).jpg,Potato___Late_blight,Potato___Late_blight,0.968515
plantwild/extracted/plantwild/images/potato late blight/google_0039 - Copy (3).jpg,Potato___Late_blight,Potato___Late_blight,0.967716
plantwild/extracted/plantwild/images/potato late blight/google_0039 - Copy (4).jpg,Potato___Late_blight,Potato___Late_blight,0.968205
plantwild/extracted/plantwild/images/potato late blight/google_0039.jpg,Potato___Late_blight,Tomato___Late_blight,0.970154
plantwild/extracted/plantwild/images/potato late blight/google_0042.jpg,Potato___Late_blight,Strawberry___Leaf_scorch,0.767433
plantwild/extracted/plantwild/images/potato late blight/google_0043.jpg,Potato___Late_blight,"Pepper,_bell___healthy",0.790955
plantwild/extracted/plantwild/images/potato late blight/google_0045.jpg,Potato___Late_blight,Strawberry___Leaf_scorch,0.949937
plantwild/extracted/plantwild/images/potato late blight/google_0048.jpg,Potato___Late_blight,Strawberry___Leaf_scorch,0.899016
plantwild/extracted/plantwild/images/potato late blight/google_0049.jpg,Potato___Late_blight,Potato___Late_blight,0.965828
plantwild/extracted/plantwild/images/potato late blight/google_0050.jpg,Potato___Late_blight,Potato___Late_blight,0.715927
plantwild/extracted/plantwild/images/potato late blight/google_0051.jpg,Potato___Late_blight,Strawberry___Leaf_scorch,0.608227
plantwild/extracted/plantwild/images/potato late blight/google_0052 - Copy.jpg,Potato___Late_blight,Tomato___Late_blight,0.967014
plantwild/extracted/plantwild/images/potato late blight/google_0052.jpg,Potato___Late_blight,Strawberry___Leaf_scorch,0.964686
plantwild/extracted/plantwild/images/potato late blight/google_0053.jpg,Potato___Late_blight,"Pepper,_bell___healthy",0.423811
plantwild/extracted/plantwild/images/potato late blight/google_0054.jpg,Potato___Late_blight,"Pepper,_bell___healthy",0.884005
plantwild/extracted/plantwild/images/potato late blight/google_0055.jpg,Potato___Late_blight,"Pepper,_bell___healthy",0.952654
plantwild/extracted/plantwild/images/potato late blight/google_0057.jpg,Potato___Late_blight,"Pepper,_bell___healthy",0.924024
plantwild/extracted/plantwild/images/potato late blight/google_0059.jpg,Potato___Late_blight,Cherry___healthy,0.619899
plantwild/extracted/plantwild/images/potato late blight/google_0063.jpg,Potato___Late_blight,Tomato___Late_blight,0.838128
plantwild/extracted/plantwild/images/potato late blight/google_0064.jpg,Potato___Late_blight,Tomato___Late_blight,0.665250
plantwild/extracted/plantwild/images/potato late blight/google_0066 - Copy (2).jpg,Potato___Late_blight,Strawberry___Leaf_scorch,0.962175
plantwild/extracted/plantwild/images/potato late blight/google_0066 - Copy.jpg,Potato___Late_blight,Tomato___Late_blight,0.801352
plantwild/extracted/plantwild/images/potato late blight/google_0066.jpg,Potato___Late_blight,Strawberry___Leaf_scorch,0.291471
plantwild/extracted/plantwild/images/potato late blight/google_0067.jpg,Potato___Late_blight,Strawberry___Leaf_scorch,0.785827
plantwild/extracted/plantwild/images/potato late blight/google_0068.jpg,Potato___Late_blight,Strawberry___Leaf_scorch,0.545989
plantwild/extracted/plantwild/images/potato late blight/google_0071.jpg,Potato___Late_blight,Tomato___Late_blight,0.445661
plantwild/extracted/plantwild/images/potato late blight/google_0074.jpg,Potato___Late_blight,"Pepper,_bell___healthy",0.915637
plantwild/extracted/plantwild/images/potato late blight/google_0075.jpg,Potato___Late_blight,"Pepper,_bell___healthy",0.658939
plantwild/extracted/plantwild/images/potato late blight/google_0076.jpg,Potato___Late_blight,Strawberry___Leaf_scorch,0.961669
plantwild/extracted/plantwild/images/potato late blight/google_0077.jpg,Potato___Late_blight,Tomato___Tomato_Yellow_Leaf_Curl_Virus,0.938718
plantwild/extracted/plantwild/images/potato late blight/google_0078.jpg,Potato___Late_blight,Tomato___Late_blight,0.864433
plantwild/extracted/plantwild/images/potato late blight/google_0079.jpg,Potato___Late_blight,"Pepper,_bell___healthy",0.456054
plantwild/extracted/plantwild/images/potato late blight/google_0082.jpg,Potato___Late_blight,"Pepper,_bell___healthy",0.942444
plantwild/extracted/plantwild/images/potato late blight/google_0084.jpg,Potato___Late_blight,Tomato___Late_blight,0.839004
plantwild/extracted/plantwild/images/potato late blight/google_0085.jpg,Potato___Late_blight,Tomato___Late_blight,0.835875
plantwild/extracted/plantwild/images/potato late blight/google_0086.jpg,Potato___Late_blight,Strawberry___Leaf_scorch,0.906210
plantwild/extracted/plantwild/images/potato late blight/google_0087.jpg,Potato___Late_blight,Potato___Late_blight,0.883401
plantwild/extracted/plantwild/images/potato late blight/google_0089.jpg,Potato___Late_blight,Strawberry___Leaf_scorch,0.960304
plantwild/extracted/plantwild/images/potato late blight/google_0090.jpg,Potato___Late_blight,"Pepper,_bell___healthy",0.394219
plantwild/extracted/plantwild/images/potato late blight/google_0092.jpg,Potato___Late_blight,Strawberry___Leaf_scorch,0.951002
plantwild/extracted/plantwild/images/potato late blight/google_0097 - Copy.jpg,Potato___Late_blight,Strawberry___Leaf_scorch,0.958531
plantwild/extracted/plantwild/images/potato late blight/google_0097.jpg,Potato___Late_blight,Tomato___Late_blight,0.946980
plantwild/extracted/plantwild/images/potato late blight/google_0098 - Copy - Copy (2).jpg,Potato___Late_blight,Potato___Late_blight,0.968110
plantwild/extracted/plantwild/images/potato late blight/google_0098.jpg,Potato___Late_blight,Strawberry___Leaf_scorch,0.381620
plantwild/extracted/plantwild/images/potato late blight/google_0100.jpg,Potato___Late_blight,"Pepper,_bell___healthy",0.444295
plantwild/extracted/plantwild/images/potato late blight/google_0102.jpg,Potato___Late_blight,"Pepper,_bell___healthy",0.799696
plantwild/extracted/plantwild/images/potato late blight/google_0105.jpg,Potato___Late_blight,"Pepper,_bell___healthy",0.652037
plantwild/extracted/plantwild/images/potato late blight/google_0107.jpg,Potato___Late_blight,Tomato___Late_blight,0.653679
plantwild/extracted/plantwild/images/potato late blight/google_0110 - Copy.jpg,Potato___Late_blight,Potato___Late_blight,0.933254
plantwild/extracted/plantwild/images/potato late blight/google_0110.jpg,Potato___Late_blight,Cherry___healthy,0.451351
plantwild/extracted/plantwild/images/potato late blight/google_0112.jpg,Potato___Late_blight,Tomato___Late_blight,0.919839
plantwild/extracted/plantwild/images/potato late blight/google_0113.jpg,Potato___Late_blight,"Pepper,_bell___healthy",0.923963
plantwild/extracted/plantwild/images/potato late blight/google_0114.jpg,Potato___Late_blight,"Pepper,_bell___healthy",0.877408
plantwild/extracted/plantwild/images/potato late blight/google_0118.jpg,Potato___Late_blight,Corn___Northern_Leaf_Blight,0.363459
plantwild/extracted/plantwild/images/potato late blight/google_0120.jpg,Potato___Late_blight,Strawberry___Leaf_scorch,0.965897
plantwild/extracted/plantwild/images/potato late blight/google_0121.jpg,Potato___Late_blight,Strawberry___Leaf_scorch,0.955656
plantwild/extracted/plantwild/images/potato late blight/google_0130 - Copy.jpg,Potato___Late_blight,Tomato___Late_blight,0.954466
plantwild/extracted/plantwild/images/potato late blight/google_0130.jpg,Potato___Late_blight,Tomato___Late_blight,0.946769
plantwild/extracted/plantwild/images/potato late blight/google_0131.jpg,Potato___Late_blight,Potato___Late_blight,0.519473
plantwild/extracted/plantwild/images/potato late blight/google_0135.jpg,Potato___Late_blight,Tomato___Late_blight,0.787527
plantwild/extracted/plantwild/images/potato late blight/google_0136.jpg,Potato___Late_blight,Corn___Northern_Leaf_Blight,0.729728
plantwild/extracted/plantwild/images/potato late blight/google_0137.jpg,Potato___Late_blight,"Pepper,_bell___healthy",0.959557
plantwild/extracted/plantwild/images/potato late blight/google_0138.jpg,Potato___Late_blight,Tomato___healthy,0.661255
plantwild/extracted/plantwild/images/potato late blight/google_0140.jpg,Potato___Late_blight,Strawberry___Leaf_scorch,0.950534
plantwild/extracted/plantwild/images/potato late blight/google_0143.jpg,Potato___Late_blight,Tomato___Late_blight,0.773703
plantwild/extracted/plantwild/images/potato late blight/google_0149.jpg,Potato___Late_blight,"Pepper,_bell___healthy",0.959566
plantwild/extracted/plantwild/images/potato late blight/google_0151.jpg,Potato___Late_blight,Strawberry___Leaf_scorch,0.792781
plantwild/extracted/plantwild/images/potato late blight/google_0152.jpg,Potato___Late_blight,"Pepper,_bell___healthy",0.958392
plantwild/extracted/plantwild/images/potato late blight/google_0153 - Copy (2).jpg,Potato___Late_blight,Potato___Late_blight,0.966849
plantwild/extracted/plantwild/images/potato late blight/google_0154.jpg,Potato___Late_blight,Tomato___Late_blight,0.897266
plantwild/extracted/plantwild/images/potato late blight/google_0155.jpg,Potato___Late_blight,Strawberry___Leaf_scorch,0.736610
plantwild/extracted/plantwild/images/potato late blight/google_0156.jpg,Potato___Late_blight,Potato___Late_blight,0.326371
plantwild/extracted/plantwild/images/potato late blight/google_0157.jpg,Potato___Late_blight,Tomato___Late_blight,0.968903
plantwild/extracted/plantwild/images/potato late blight/google_0158.jpg,Potato___Late_blight,Potato___Early_blight,0.352413
plantwild/extracted/plantwild/images/potato late blight/google_0159.jpg,Potato___Late_blight,Tomato___Late_blight,0.527982
plantwild/extracted/plantwild/images/potato late blight/google_0160.jpg,Potato___Late_blight,Corn___healthy,0.657532
plantwild/extracted/plantwild/images/potato late blight/google_0162.jpg,Potato___Late_blight,"Pepper,_bell___healthy",0.946333
plantwild/extracted/plantwild/images/potato late blight/google_0167.jpg,Potato___Late_blight,Potato___Late_blight,0.530377
plantwild/extracted/plantwild/images/potato late blight/google_0169.jpg,Potato___Late_blight,Tomato___Late_blight,0.787081
plantwild/extracted/plantwild/images/potato late blight/google_0174.jpg,Potato___Late_blight,Grape___Leaf_blight_(Isariopsis_Leaf_Spot),0.220792
plantwild/extracted/plantwild/images/potato late blight/google_0175.jpg,Potato___Late_blight,Tomato___Late_blight,0.549135
plantwild/extracted/plantwild/images/potato late blight/google_0178.jpg,Potato___Late_blight,Strawberry___Leaf_scorch,0.703304
plantwild/extracted/plantwild/images/potato late blight/google_0179.jpg,Potato___Late_blight,Potato___Late_blight,0.966855
plantwild/extracted/plantwild/images/potato late blight/google_0182 - Copy.jpg,Potato___Late_blight,Corn___healthy,0.950319
plantwild/extracted/plantwild/images/potato late blight/google_0183.jpg,Potato___Late_blight,Potato___Late_blight,0.682178
plantwild/extracted/plantwild/images/potato late blight/google_0184.jpg,Potato___Late_blight,Strawberry___Leaf_scorch,0.485319
plantwild/extracted/plantwild/images/potato late blight/google_0185.jpg,Potato___Late_blight,"Pepper,_bell___healthy",0.808260
plantwild/extracted/plantwild/images/potato late blight/google_0194 - Copy.jpg,Potato___Late_blight,Potato___Late_blight,0.968629
plantwild/extracted/plantwild/images/potato late blight/google_0195 - Copy.jpg,Potato___Late_blight,"Pepper,_bell___healthy",0.945727
plantwild/extracted/plantwild/images/potato late blight/google_0197.jpg,Potato___Late_blight,Tomato___Late_blight,0.406140
plantwild/extracted/plantwild/images/potato late blight/google_0205.jpg,Potato___Late_blight,Strawberry___Leaf_scorch,0.956611
plantwild/extracted/plantwild/images/potato late blight/google_0208.jpg,Potato___Late_blight,Tomato___Late_blight,0.841698
plantwild/extracted/plantwild/images/potato late blight/google_0212.jpg,Potato___Late_blight,"Pepper,_bell___healthy",0.874911
plantwild/extracted/plantwild/images/potato late blight/google_0213 - Copy (2).jpg,Potato___Late_blight,Potato___Late_blight,0.967564
plantwild/extracted/plantwild/images/potato late blight/google_0213 - Copy (3).jpg,Potato___Late_blight,Potato___Late_blight,0.967803
plantwild/extracted/plantwild/images/potato late blight/google_0219 - Copy.jpg,Potato___Late_blight,Tomato___Late_blight,0.876508
plantwild/extracted/plantwild/images/potato late blight/google_0219.jpg,Potato___Late_blight,Tomato___Late_blight,0.808838
plantwild/extracted/plantwild/images/potato late blight/google_0225.jpg,Potato___Late_blight,"Pepper,_bell___healthy",0.736930
plantwild/extracted/plantwild/images/potato late blight/google_0234.jpg,Potato___Late_blight,Tomato___Late_blight,0.850775
plantwild/extracted/plantwild/images/potato late blight/google_0235.jpg,Potato___Late_blight,Tomato___Late_blight,0.967069
plantwild/extracted/plantwild/images/potato late blight/google_0240 - Copy.jpg,Potato___Late_blight,Tomato___Late_blight,0.958880
plantwild/extracted/plantwild/images/potato late blight/google_0240.jpg,Potato___Late_blight,Strawberry___Leaf_scorch,0.608000
plantwild/extracted/plantwild/images/potato late blight/google_0246.jpg,Potato___Late_blight,Strawberry___Leaf_scorch,0.514151
plantwild/extracted/plantwild/images/potato late blight/google_0253.jpg,Potato___Late_blight,Apple___Apple_scab,0.427602
plantwild/extracted/plantwild/images/potato late blight/google_0265 - Copy.jpg,Potato___Late_blight,Potato___Late_blight,0.967346
plantwild/extracted/plantwild/images/potato late blight/google_0266.jpg,Potato___Late_blight,Tomato___Late_blight,0.788715
plantwild/extracted/plantwild/images/potato late blight/google_0271.jpg,Potato___Late_blight,"Pepper,_bell___healthy",0.607407
plantwild/extracted/plantwild/images/potato late blight/google_0274 - Copy (2).jpg,Potato___Late_blight,Potato___Late_blight,0.969284
plantwild/extracted/plantwild/images/potato late blight/google_0274 - Copy (3).jpg,Potato___Late_blight,Tomato___Late_blight,0.967643
plantwild/extracted/plantwild/images/potato late blight/google_0282.jpg,Potato___Late_blight,Strawberry___Leaf_scorch,0.951052
plantwild/extracted/plantwild/images/potato late blight/google_0303 - Copy (2).jpg,Potato___Late_blight,Tomato___Late_blight,0.893411
plantwild/extracted/plantwild/images/potato late blight/google_0303 - Copy.jpg,Potato___Late_blight,Tomato___Late_blight,0.957763
plantwild/extracted/plantwild/images/potato late blight/google_0303.jpg,Potato___Late_blight,Tomato___Late_blight,0.960839
plantwild/extracted/plantwild/images/potato late blight/google_0306 - Copy (2).jpg,Potato___Late_blight,Tomato___Late_blight,0.912996
plantwild/extracted/plantwild/images/potato late blight/google_0306 - Copy (3).jpg,Potato___Late_blight,Potato___Late_blight,0.966229
plantwild/extracted/plantwild/images/potato late blight/google_0306 - Copy (4).jpg,Potato___Late_blight,Potato___Late_blight,0.954354
plantwild/extracted/plantwild/images/potato late blight/google_0306 - Copy (5).jpg,Potato___Late_blight,Potato___Late_blight,0.966681
plantwild/extracted/plantwild/images/potato late blight/google_0306 - Copy (6).jpg,Potato___Late_blight,Potato___Late_blight,0.968611
plantwild/extracted/plantwild/images/potato late blight/google_0313 - Copy (2) - Copy.jpg,Potato___Late_blight,Tomato___Late_blight,0.897773
plantwild/extracted/plantwild/images/potato late blight/google_0313 - Copy (2).jpg,Potato___Late_blight,Tomato___Late_blight,0.879150
plantwild/extracted/plantwild/images/potato late blight/google_0313 - Copy (3) - Copy.jpg,Potato___Late_blight,Tomato___Late_blight,0.829129
plantwild/extracted/plantwild/images/potato late blight/google_0320 - Copy.jpg,Potato___Late_blight,Potato___Late_blight,0.969532
plantwild/extracted/plantwild/images/potato leaf/1.jpg,Potato___healthy,"Pepper,_bell___healthy",0.856226
plantwild/extracted/plantwild/images/potato leaf/10.jpg,Potato___healthy,Corn___healthy,0.292189
plantwild/extracted/plantwild/images/potato leaf/101.jpg,Potato___healthy,Strawberry___Leaf_scorch,0.461790
plantwild/extracted/plantwild/images/potato leaf/104.jpg,Potato___healthy,Cherry___healthy,0.943629
plantwild/extracted/plantwild/images/potato leaf/106.jpg,Potato___healthy,Strawberry___Leaf_scorch,0.816850
plantwild/extracted/plantwild/images/potato leaf/107.jpg,Potato___healthy,Cherry___healthy,0.279872
plantwild/extracted/plantwild/images/potato leaf/108.jpg,Potato___healthy,Strawberry___Leaf_scorch,0.884666
plantwild/extracted/plantwild/images/potato leaf/109.jpg,Potato___healthy,Blueberry___healthy,0.905941
plantwild/extracted/plantwild/images/potato leaf/11.jpg,Potato___healthy,"Pepper,_bell___healthy",0.846008
plantwild/extracted/plantwild/images/potato leaf/110.jpg,Potato___healthy,Cherry___healthy,0.463634
plantwild/extracted/plantwild/images/potato leaf/12.jpg,Potato___healthy,Blueberry___healthy,0.905941
plantwild/extracted/plantwild/images/potato leaf/13.jpg,Potato___healthy,Tomato___Tomato_Yellow_Leaf_Curl_Virus,0.797023
plantwild/extracted/plantwild/images/potato leaf/14.jpg,Potato___healthy,Strawberry___Leaf_scorch,0.946480
plantwild/extracted/plantwild/images/potato leaf/15.jpg,Potato___healthy,Corn___healthy,0.847676
plantwild/extracted/plantwild/images/potato leaf/16.jpg,Potato___healthy,Strawberry___Leaf_scorch,0.923035
plantwild/extracted/plantwild/images/potato leaf/17.jpg,Potato___healthy,Tomato___Tomato_Yellow_Leaf_Curl_Virus,0.141024
plantwild/extracted/plantwild/images/potato leaf/18.jpg,Potato___healthy,Tomato___Tomato_Yellow_Leaf_Curl_Virus,0.775480
plantwild/extracted/plantwild/images/potato leaf/19.jpg,Potato___healthy,Strawberry___Leaf_scorch,0.782586
plantwild/extracted/plantwild/images/potato leaf/2.jpg,Potato___healthy,Strawberry___Leaf_scorch,0.782869
plantwild/extracted/plantwild/images/potato leaf/20.jpg,Potato___healthy,"Pepper,_bell___healthy",0.919343
plantwild/extracted/plantwild/images/potato leaf/21.jpg,Potato___healthy,Corn___healthy,0.341281
plantwild/extracted/plantwild/images/potato leaf/22.jpg,Potato___healthy,Tomato___Tomato_Yellow_Leaf_Curl_Virus,0.261981
plantwild/extracted/plantwild/images/potato leaf/23.jpg,Potato___healthy,"Pepper,_bell___healthy",0.898159
plantwild/extracted/plantwild/images/potato leaf/24.jpg,Potato___healthy,Tomato___healthy,0.200460
plantwild/extracted/plantwild/images/potato leaf/25.jpg,Potato___healthy,"Pepper,_bell___healthy",0.369266
plantwild/extracted/plantwild/images/potato leaf/26.jpg,Potato___healthy,Cherry___healthy,0.927698
plantwild/extracted/plantwild/images/potato leaf/27.jpg,Potato___healthy,Cherry___healthy,0.743852
plantwild/extracted/plantwild/images/potato leaf/28.jpg,Potato___healthy,Tomato___Tomato_Yellow_Leaf_Curl_Virus,0.852034
plantwild/extracted/plantwild/images/potato leaf/29.jpg,Potato___healthy,Raspberry___healthy,0.233271
plantwild/extracted/plantwild/images/potato leaf/3.jpg,Potato___healthy,"Pepper,_bell___healthy",0.966456
plantwild/extracted/plantwild/images/potato leaf/30.jpg,Potato___healthy,"Pepper,_bell___healthy",0.874673
plantwild/extracted/plantwild/images/potato leaf/31.jpg,Potato___healthy,"Pepper,_bell___healthy",0.814617
plantwild/extracted/plantwild/images/potato leaf/32.jpg,Potato___healthy,Corn___healthy,0.774088
plantwild/extracted/plantwild/images/potato leaf/33.jpg,Potato___healthy,Strawberry___Leaf_scorch,0.715045
plantwild/extracted/plantwild/images/potato leaf/34.jpg,Potato___healthy,Cherry___healthy,0.805312
plantwild/extracted/plantwild/images/potato leaf/35.jpg,Potato___healthy,Tomato___Tomato_Yellow_Leaf_Curl_Virus,0.876596
plantwild/extracted/plantwild/images/potato leaf/36.jpg,Potato___healthy,"Pepper,_bell___healthy",0.965561
plantwild/extracted/plantwild/images/potato leaf/37.jpg,Potato___healthy,Tomato___Tomato_Yellow_Leaf_Curl_Virus,0.851021
plantwild/extracted/plantwild/images/potato leaf/38.jpg,Potato___healthy,Tomato___Tomato_Yellow_Leaf_Curl_Virus,0.358001
plantwild/extracted/plantwild/images/potato leaf/39.jpg,Potato___healthy,"Pepper,_bell___healthy",0.675762
plantwild/extracted/plantwild/images/potato leaf/4.jpg,Potato___healthy,"Pepper,_bell___healthy",0.777231
plantwild/extracted/plantwild/images/potato leaf/40.jpg,Potato___healthy,Strawberry___Leaf_scorch,0.474849
plantwild/extracted/plantwild/images/potato leaf/41.jpg,Potato___healthy,"Pepper,_bell___healthy",0.845058
plantwild/extracted/plantwild/images/potato leaf/42.jpg,Potato___healthy,Strawberry___Leaf_scorch,0.965911
plantwild/extracted/plantwild/images/potato leaf/43.jpg,Potato___healthy,"Pepper,_bell___healthy",0.673090
plantwild/extracted/plantwild/images/potato leaf/45.jpg,Potato___healthy,Strawberry___Leaf_scorch,0.735361
plantwild/extracted/plantwild/images/potato leaf/46.jpg,Potato___healthy,Strawberry___Leaf_scorch,0.965224
plantwild/extracted/plantwild/images/potato leaf/47.jpg,Potato___healthy,Corn___healthy,0.316622
plantwild/extracted/plantwild/images/potato leaf/48.jpg,Potato___healthy,Strawberry___Leaf_scorch,0.952891
plantwild/extracted/plantwild/images/potato leaf/49.jpg,Potato___healthy,Cherry___healthy,0.876731
plantwild/extracted/plantwild/images/potato leaf/5.jpg,Potato___healthy,"Pepper,_bell___healthy",0.941848
plantwild/extracted/plantwild/images/potato leaf/50.jpg,Potato___healthy,Cherry___healthy,0.438249
plantwild/extracted/plantwild/images/potato leaf/51.jpg,Potato___healthy,Strawberry___Leaf_scorch,0.948699
plantwild/extracted/plantwild/images/potato leaf/52.jpg,Potato___healthy,"Pepper,_bell___healthy",0.954505
plantwild/extracted/plantwild/images/potato leaf/53.jpg,Potato___healthy,"Pepper,_bell___healthy",0.649405
plantwild/extracted/plantwild/images/potato leaf/54.jpg,Potato___healthy,Blueberry___healthy,0.957366
plantwild/extracted/plantwild/images/potato leaf/57.jpg,Potato___healthy,Potato___healthy,0.492320
plantwild/extracted/plantwild/images/potato leaf/58.jpg,Potato___healthy,"Pepper,_bell___healthy",0.930179
plantwild/extracted/plantwild/images/potato leaf/59.jpg,Potato___healthy,Tomato___Tomato_Yellow_Leaf_Curl_Virus,0.781297
plantwild/extracted/plantwild/images/potato leaf/6.jpg,Potato___healthy,Cherry___healthy,0.580936
plantwild/extracted/plantwild/images/potato leaf/61.jpg,Potato___healthy,Corn___healthy,0.229500
plantwild/extracted/plantwild/images/potato leaf/62.jpg,Potato___healthy,Corn___healthy,0.495982
plantwild/extracted/plantwild/images/potato leaf/63.jpg,Potato___healthy,Cherry___healthy,0.738427
plantwild/extracted/plantwild/images/potato leaf/64.jpg,Potato___healthy,Tomato___Tomato_Yellow_Leaf_Curl_Virus,0.364005
plantwild/extracted/plantwild/images/potato leaf/65.jpg,Potato___healthy,Strawberry___Leaf_scorch,0.810121
plantwild/extracted/plantwild/images/potato leaf/66.jpg,Potato___healthy,Corn___healthy,0.432606
plantwild/extracted/plantwild/images/potato leaf/67.jpg,Potato___healthy,Strawberry___Leaf_scorch,0.514983
plantwild/extracted/plantwild/images/potato leaf/68.jpg,Potato___healthy,Cherry___healthy,0.895070
plantwild/extracted/plantwild/images/potato leaf/69.jpg,Potato___healthy,Strawberry___Leaf_scorch,0.850448
plantwild/extracted/plantwild/images/potato leaf/7.jpg,Potato___healthy,Tomato___Tomato_Yellow_Leaf_Curl_Virus,0.530382
plantwild/extracted/plantwild/images/potato leaf/70.jpg,Potato___healthy,Strawberry___Leaf_scorch,0.906697
plantwild/extracted/plantwild/images/potato leaf/71.jpg,Potato___healthy,"Pepper,_bell___healthy",0.695287
plantwild/extracted/plantwild/images/potato leaf/72.jpg,Potato___healthy,Strawberry___Leaf_scorch,0.506078
plantwild/extracted/plantwild/images/potato leaf/73.jpg,Potato___healthy,Corn___Northern_Leaf_Blight,0.710066
plantwild/extracted/plantwild/images/potato leaf/74.jpg,Potato___healthy,Strawberry___Leaf_scorch,0.812998
plantwild/extracted/plantwild/images/potato leaf/75.jpg,Potato___healthy,Cherry___healthy,0.389047
plantwild/extracted/plantwild/images/potato leaf/76.jpg,Potato___healthy,Strawberry___Leaf_scorch,0.944652
plantwild/extracted/plantwild/images/potato leaf/77.jpg,Potato___healthy,"Pepper,_bell___healthy",0.945973
plantwild/extracted/plantwild/images/potato leaf/78.jpg,Potato___healthy,Cherry___healthy,0.522140
plantwild/extracted/plantwild/images/potato leaf/79.jpg,Potato___healthy,Strawberry___Leaf_scorch,0.870169
plantwild/extracted/plantwild/images/potato leaf/8.jpg,Potato___healthy,"Pepper,_bell___healthy",0.514665
plantwild/extracted/plantwild/images/potato leaf/82.jpg,Potato___healthy,Tomato___Tomato_Yellow_Leaf_Curl_Virus,0.830018
plantwild/extracted/plantwild/images/potato leaf/84.jpg,Potato___healthy,Strawberry___Leaf_scorch,0.351197
plantwild/extracted/plantwild/images/potato leaf/85.jpg,Potato___healthy,"Pepper,_bell___healthy",0.973139
plantwild/extracted/plantwild/images/potato leaf/86.jpg,Potato___healthy,Tomato___Early_blight,0.962459
plantwild/extracted/plantwild/images/potato leaf/87.jpg,Potato___healthy,Strawberry___Leaf_scorch,0.941638
plantwild/extracted/plantwild/images/potato leaf/88.jpg,Potato___healthy,Strawberry___Leaf_scorch,0.913586
plantwild/extracted/plantwild/images/potato leaf/89.jpg,Potato___healthy,Cherry___healthy,0.716937
plantwild/extracted/plantwild/images/potato leaf/9.jpg,Potato___healthy,"Pepper,_bell___healthy",0.860959
plantwild/extracted/plantwild/images/potato leaf/90.jpg,Potato___healthy,Tomato___Late_blight,0.641818
plantwild/extracted/plantwild/images/potato leaf/91.jpg,Potato___healthy,"Pepper,_bell___healthy",0.552701
plantwild/extracted/plantwild/images/potato leaf/92.jpg,Potato___healthy,"Pepper,_bell___healthy",0.972311
plantwild/extracted/plantwild/images/potato leaf/93.jpg,Potato___healthy,Corn___Northern_Leaf_Blight,0.654310
plantwild/extracted/plantwild/images/potato leaf/94.jpg,Potato___healthy,Raspberry___healthy,0.805921
plantwild/extracted/plantwild/images/potato leaf/95.jpg,Potato___healthy,Tomato___Tomato_Yellow_Leaf_Curl_Virus,0.746110
plantwild/extracted/plantwild/images/potato leaf/96.jpg,Potato___healthy,Strawberry___Leaf_scorch,0.950635
plantwild/extracted/plantwild/images/potato leaf/97.jpg,Potato___healthy,Grape___Esca_(Black_Measles),0.651281
plantwild/extracted/plantwild/images/potato leaf/98.jpg,Potato___healthy,"Pepper,_bell___healthy",0.814134
plantwild/extracted/plantwild/images/potato leaf/99.jpg,Potato___healthy,Strawberry___Leaf_scorch,0.949672
plantwild/extracted/plantwild/images/potato leaf/google_0000.jpg,Potato___healthy,"Pepper,_bell___healthy",0.947351
plantwild/extracted/plantwild/images/potato leaf/google_0001.jpg,Potato___healthy,"Pepper,_bell___healthy",0.960148
plantwild/extracted/plantwild/images/potato leaf/google_0002.jpg,Potato___healthy,Blueberry___healthy,0.683387
plantwild/extracted/plantwild/images/potato leaf/google_0003.jpg,Potato___healthy,Strawberry___Leaf_scorch,0.902492
plantwild/extracted/plantwild/images/potato leaf/google_0005.jpg,Potato___healthy,"Pepper,_bell___healthy",0.692282
plantwild/extracted/plantwild/images/potato leaf/google_0006.jpg,Potato___healthy,"Pepper,_bell___healthy",0.550538
plantwild/extracted/plantwild/images/potato leaf/google_0007.jpg,Potato___healthy,Strawberry___Leaf_scorch,0.959954
plantwild/extracted/plantwild/images/potato leaf/google_0008.jpg,Potato___healthy,Corn___healthy,0.237750
plantwild/extracted/plantwild/images/potato leaf/google_0011.jpg,Potato___healthy,"Pepper,_bell___healthy",0.962287
plantwild/extracted/plantwild/images/potato leaf/google_0012.jpg,Potato___healthy,Blueberry___healthy,0.566610
plantwild/extracted/plantwild/images/potato leaf/google_0021.jpg,Potato___healthy,"Pepper,_bell___healthy",0.427693
plantwild/extracted/plantwild/images/potato leaf/google_0023.jpg,Potato___healthy,Corn___healthy,0.375098
plantwild/extracted/plantwild/images/potato leaf/google_0025.jpg,Potato___healthy,Strawberry___Leaf_scorch,0.298621
plantwild/extracted/plantwild/images/potato leaf/google_0029.jpg,Potato___healthy,"Pepper,_bell___healthy",0.939930
plantwild/extracted/plantwild/images/potato leaf/google_0030.jpg,Potato___healthy,"Pepper,_bell___healthy",0.881734
plantwild/extracted/plantwild/images/potato leaf/google_0031.jpg,Potato___healthy,Corn___healthy,0.307076
plantwild/extracted/plantwild/images/potato leaf/google_0034.jpg,Potato___healthy,"Pepper,_bell___healthy",0.922915
plantwild/extracted/plantwild/images/potato leaf/google_0043.jpg,Potato___healthy,"Pepper,_bell___healthy",0.950595
plantwild/extracted/plantwild/images/potato leaf/google_0045.jpg,Potato___healthy,Tomato___Septoria_leaf_spot,0.900492
plantwild/extracted/plantwild/images/potato leaf/google_0046.jpg,Potato___healthy,"Pepper,_bell___healthy",0.789468
plantwild/extracted/plantwild/images/potato leaf/google_0047.jpg,Potato___healthy,Strawberry___Leaf_scorch,0.750029
plantwild/extracted/plantwild/images/potato leaf/google_0056.jpg,Potato___healthy,"Pepper,_bell___healthy",0.946971
plantwild/extracted/plantwild/images/potato leaf/google_0060.jpg,Potato___healthy,"Pepper,_bell___healthy",0.903774
plantwild/extracted/plantwild/images/potato leaf/google_0063.jpg,Potato___healthy,"Pepper,_bell___healthy",0.781561
plantwild/extracted/plantwild/images/potato leaf/google_0064.jpg,Potato___healthy,"Pepper,_bell___healthy",0.465348
plantwild/extracted/plantwild/images/potato leaf/google_0068.jpg,Potato___healthy,Strawberry___Leaf_scorch,0.953735
plantwild/extracted/plantwild/images/potato leaf/google_0070.jpg,Potato___healthy,Potato___healthy,0.442348
plantwild/extracted/plantwild/images/potato leaf/google_0082.jpg,Potato___healthy,"Pepper,_bell___healthy",0.724435
plantwild/extracted/plantwild/images/potato leaf/google_0087.jpg,Potato___healthy,"Pepper,_bell___healthy",0.919818
plantwild/extracted/plantwild/images/potato leaf/google_0088.jpg,Potato___healthy,"Pepper,_bell___healthy",0.786154
plantwild/extracted/plantwild/images/potato leaf/google_0090.jpg,Potato___healthy,Raspberry___healthy,0.595477
plantwild/extracted/plantwild/images/potato leaf/google_0091.jpg,Potato___healthy,Cherry___healthy,0.230246
plantwild/extracted/plantwild/images/potato leaf/google_0097.jpg,Potato___healthy,"Pepper,_bell___healthy",0.247856
plantwild/extracted/plantwild/images/potato leaf/google_0099.jpg,Potato___healthy,"Pepper,_bell___healthy",0.910237
plantwild/extracted/plantwild/images/potato leaf/google_0105.jpg,Potato___healthy,"Pepper,_bell___healthy",0.961316
plantwild/extracted/plantwild/images/potato leaf/google_0106.jpg,Potato___healthy,Strawberry___Leaf_scorch,0.814958
plantwild/extracted/plantwild/images/potato leaf/google_0110.jpg,Potato___healthy,"Pepper,_bell___healthy",0.966558
plantwild/extracted/plantwild/images/potato leaf/google_0114.jpg,Potato___healthy,"Pepper,_bell___healthy",0.906997
plantwild/extracted/plantwild/images/potato leaf/google_0116.jpg,Potato___healthy,"Pepper,_bell___healthy",0.972101
plantwild/extracted/plantwild/images/potato leaf/google_0119.jpg,Potato___healthy,Tomato___Early_blight,0.270365
plantwild/extracted/plantwild/images/potato leaf/google_0123.jpg,Potato___healthy,"Pepper,_bell___healthy",0.950024
plantwild/extracted/plantwild/images/potato leaf/google_0126.jpg,Potato___healthy,"Pepper,_bell___healthy",0.775519
plantwild/extracted/plantwild/images/potato leaf/google_0128.jpg,Potato___healthy,"Pepper,_bell___healthy",0.522610
plantwild/extracted/plantwild/images/potato leaf/google_0129.jpg,Potato___healthy,"Pepper,_bell___healthy",0.555912
plantwild/extracted/plantwild/images/potato leaf/google_0130.jpg,Potato___healthy,"Pepper,_bell___healthy",0.532948
plantwild/extracted/plantwild/images/potato leaf/google_0132.jpg,Potato___healthy,"Pepper,_bell___healthy",0.966974
plantwild/extracted/plantwild/images/potato leaf/google_0137.jpg,Potato___healthy,"Pepper,_bell___healthy",0.927245
plantwild/extracted/plantwild/images/potato leaf/google_0139.jpg,Potato___healthy,"Pepper,_bell___healthy",0.965091
plantwild/extracted/plantwild/images/potato leaf/google_0142.jpg,Potato___healthy,"Pepper,_bell___healthy",0.946558
plantwild/extracted/plantwild/images/potato leaf/google_0143.jpg,Potato___healthy,"Pepper,_bell___healthy",0.971664
plantwild/extracted/plantwild/images/potato leaf/google_0148.jpg,Potato___healthy,Cherry___healthy,0.883612
plantwild/extracted/plantwild/images/potato leaf/google_0149.jpg,Potato___healthy,"Pepper,_bell___healthy",0.950817
plantwild/extracted/plantwild/images/potato leaf/google_0153.jpg,Potato___healthy,Corn___healthy,0.799771
plantwild/extracted/plantwild/images/potato leaf/google_0157.jpg,Potato___healthy,"Pepper,_bell___healthy",0.860367
plantwild/extracted/plantwild/images/potato leaf/google_0159.jpg,Potato___healthy,Tomato___Tomato_Yellow_Leaf_Curl_Virus,0.953983
plantwild/extracted/plantwild/images/potato leaf/google_0165.jpg,Potato___healthy,"Pepper,_bell___healthy",0.973010
plantwild/extracted/plantwild/images/potato leaf/google_0173.jpg,Potato___healthy,Corn___healthy,0.907421
plantwild/extracted/plantwild/images/potato leaf/google_0177.jpg,Potato___healthy,Strawberry___Leaf_scorch,0.950284
plantwild/extracted/plantwild/images/potato leaf/google_0193.jpg,Potato___healthy,Tomato___Tomato_Yellow_Leaf_Curl_Virus,0.582151
plantwild/extracted/plantwild/images/potato leaf/google_0196.jpg,Potato___healthy,"Pepper,_bell___healthy",0.946110
plantwild/extracted/plantwild/images/potato leaf/google_0201.jpg,Potato___healthy,"Pepper,_bell___healthy",0.861036
plantwild/extracted/plantwild/images/potato leaf/google_0203.jpg,Potato___healthy,"Pepper,_bell___healthy",0.785865
plantwild/extracted/plantwild/images/potato leaf/google_0205.jpg,Potato___healthy,"Pepper,_bell___healthy",0.952747
plantwild/extracted/plantwild/images/potato leaf/google_0207.jpg,Potato___healthy,"Pepper,_bell___healthy",0.974432
plantwild/extracted/plantwild/images/potato leaf/google_0216.jpg,Potato___healthy,"Pepper,_bell___healthy",0.636073
plantwild/extracted/plantwild/images/potato leaf/google_0218.jpg,Potato___healthy,"Pepper,_bell___healthy",0.888386
plantwild/extracted/plantwild/images/potato leaf/google_0219.jpg,Potato___healthy,Cherry___healthy,0.703135
plantwild/extracted/plantwild/images/potato leaf/google_0229.jpg,Potato___healthy,"Pepper,_bell___healthy",0.971362
plantwild/extracted/plantwild/images/potato leaf/google_0243.jpg,Potato___healthy,"Pepper,_bell___healthy",0.959549
plantwild/extracted/plantwild/images/potato leaf/google_0245.jpg,Potato___healthy,"Pepper,_bell___healthy",0.969804
plantwild/extracted/plantwild/images/potato leaf/google_0258.jpg,Potato___healthy,"Pepper,_bell___healthy",0.938912
plantwild/extracted/plantwild/images/potato leaf/google_0259.jpg,Potato___healthy,Corn___healthy,0.374703
plantwild/extracted/plantwild/images/potato leaf/google_0262.jpg,Potato___healthy,"Pepper,_bell___healthy",0.973157
plantwild/extracted/plantwild/images/potato leaf/google_0273.jpg,Potato___healthy,"Pepper,_bell___healthy",0.964651
plantwild/extracted/plantwild/images/potato leaf/google_0275.jpg,Potato___healthy,Potato___healthy,0.331716
plantwild/extracted/plantwild/images/potato leaf/google_0281.jpg,Potato___healthy,"Pepper,_bell___healthy",0.798803
plantwild/extracted/plantwild/images/potato leaf/google_0287.jpg,Potato___healthy,"Pepper,_bell___healthy",0.960149
plantwild/extracted/plantwild/images/potato leaf/google_0292.jpg,Potato___healthy,"Pepper,_bell___healthy",0.956280
plantwild/extracted/plantwild/images/potato leaf/google_0293.jpg,Potato___healthy,"Pepper,_bell___healthy",0.882267
plantwild/extracted/plantwild/images/potato leaf/google_0298.jpg,Potato___healthy,"Pepper,_bell___healthy",0.968203
plantwild/extracted/plantwild/images/potato leaf/google_0299.jpg,Potato___healthy,Tomato___Tomato_Yellow_Leaf_Curl_Virus,0.949545
plantwild/extracted/plantwild/images/potato leaf/google_0303.jpg,Potato___healthy,"Pepper,_bell___healthy",0.959568
plantwild/extracted/plantwild/images/potato leaf/google_0308.jpg,Potato___healthy,Tomato___Tomato_mosaic_virus,0.916193
plantwild/extracted/plantwild/images/potato leaf/google_0311.jpg,Potato___healthy,"Pepper,_bell___healthy",0.891652
plantwild/extracted/plantwild/images/potato leaf/google_0315.jpg,Potato___healthy,"Pepper,_bell___healthy",0.895196
plantwild/extracted/plantwild/images/potato leaf/google_0316.jpg,Potato___healthy,"Pepper,_bell___healthy",0.960634
plantwild/extracted/plantwild/images/potato leaf/google_0319.jpg,Potato___healthy,"Pepper,_bell___healthy",0.238790
plantwild/extracted/plantwild/images/potato leaf/google_0322.jpg,Potato___healthy,"Pepper,_bell___healthy",0.919868
plantwild/extracted/plantwild/images/potato leaf/google_0323.jpg,Potato___healthy,"Pepper,_bell___healthy",0.969562
plantwild/extracted/plantwild/images/potato leaf/google_0326.jpg,Potato___healthy,"Pepper,_bell___healthy",0.965902
plantwild/extracted/plantwild/images/potato leaf/google_0328.jpg,Potato___healthy,"Pepper,_bell___healthy",0.953806
plantwild/extracted/plantwild/images/potato leaf/google_0333.jpg,Potato___healthy,"Pepper,_bell___healthy",0.970661
plantwild/extracted/plantwild/images/potato leaf/google_0349.jpg,Potato___healthy,"Pepper,_bell___healthy",0.972266
plantwild/extracted/plantwild/images/potato leaf/google_0358.jpg,Potato___healthy,"Pepper,_bell___healthy",0.498065
plantwild/extracted/plantwild/images/potato leaf/google_0360.jpg,Potato___healthy,"Pepper,_bell___healthy",0.972343
plantwild/extracted/plantwild/images/potato leaf/google_0374.jpg,Potato___healthy,"Pepper,_bell___healthy",0.633202
plantwild/extracted/plantwild/images/potato leaf/google_0376.jpg,Potato___healthy,"Pepper,_bell___healthy",0.415833
plantwild/extracted/plantwild/images/potato leaf/google_0386.jpg,Potato___healthy,"Pepper,_bell___healthy",0.526191
plantwild/extracted/plantwild/images/potato leaf/google_0388.jpg,Potato___healthy,"Pepper,_bell___healthy",0.967903
plantwild/extracted/plantwild/images/potato leaf/google_0390.jpg,Potato___healthy,"Pepper,_bell___healthy",0.967150
plantwild/extracted/plantwild/images/potato leaf/google_0397.jpg,Potato___healthy,"Pepper,_bell___healthy",0.825042
plantwild/extracted/plantwild/images/potato leaf/google_0402.jpg,Potato___healthy,"Pepper,_bell___healthy",0.892452
plantwild/extracted/plantwild/images/potato leaf/google_0408.jpg,Potato___healthy,"Pepper,_bell___healthy",0.961599
plantwild/extracted/plantwild/images/potato leaf/google_0418.jpg,Potato___healthy,"Pepper,_bell___healthy",0.969581
plantwild/extracted/plantwild/images/potato leaf/google_0429.jpg,Potato___healthy,"Pepper,_bell___healthy",0.971482
plantwild/extracted/plantwild/images/potato leaf/google_0430.jpg,Potato___healthy,"Pepper,_bell___healthy",0.933022
plantwild/extracted/plantwild/images/potato leaf/google_0432.jpg,Potato___healthy,Corn___healthy,0.357957
plantwild/extracted/plantwild/images/potato leaf/google_0436.jpg,Potato___healthy,Cherry___healthy,0.958357
plantwild/extracted/plantwild/images/potato leaf/google_0440.jpg,Potato___healthy,Corn___healthy,0.907765
plantwild/extracted/plantwild/images/potato leaf/google_0442.jpg,Potato___healthy,"Pepper,_bell___healthy",0.874502
plantwild/extracted/plantwild/images/potato leaf/google_0451.jpg,Potato___healthy,Strawberry___Leaf_scorch,0.744538
plantwild/extracted/plantwild/images/potato leaf/google_0452.jpg,Potato___healthy,"Pepper,_bell___healthy",0.955784
plantwild/extracted/plantwild/images/potato leaf/google_0455.jpg,Potato___healthy,"Pepper,_bell___healthy",0.972176
plantwild/extracted/plantwild/images/potato leaf/google_0463.jpg,Potato___healthy,Strawberry___Leaf_scorch,0.952796
plantwild/extracted/plantwild/images/potato leaf/google_0468.jpg,Potato___healthy,Raspberry___healthy,0.269410
plantwild/extracted/plantwild/images/potato leaf/google_0473.jpg,Potato___healthy,"Pepper,_bell___healthy",0.965930
plantwild/extracted/plantwild/images/potato leaf/google_0495.jpg,Potato___healthy,"Pepper,_bell___healthy",0.944857
plantwild/extracted/plantwild/images/potato leaf/google_0499.jpg,Potato___healthy,Strawberry___Leaf_scorch,0.666683
plantwild/extracted/plantwild/images/potato leaf/google_0511.jpg,Potato___healthy,Strawberry___Leaf_scorch,0.435753
plantwild/extracted/plantwild/images/potato leaf/google_0512.jpg,Potato___healthy,"Pepper,_bell___healthy",0.554077
plantwild/extracted/plantwild/images/potato leaf/google_0525.jpg,Potato___healthy,"Pepper,_bell___healthy",0.966950
plantwild/extracted/plantwild/images/potato leaf/google_0528.jpg,Potato___healthy,"Pepper,_bell___healthy",0.916124
plantwild/extracted/plantwild/images/potato leaf/google_0529.jpg,Potato___healthy,"Pepper,_bell___healthy",0.812317
plantwild/extracted/plantwild/images/potato leaf/google_0531.jpg,Potato___healthy,"Pepper,_bell___healthy",0.950276
plantwild/extracted/plantwild/images/potato leaf/google_0538.jpg,Potato___healthy,Strawberry___Leaf_scorch,0.925334
plantwild/extracted/plantwild/images/potato leaf/google_0543.jpg,Potato___healthy,"Pepper,_bell___healthy",0.482771
plantwild/extracted/plantwild/images/potato leaf/google_0547.jpg,Potato___healthy,Cherry___healthy,0.464696
plantwild/extracted/plantwild/images/potato leaf/google_0550.jpg,Potato___healthy,"Pepper,_bell___healthy",0.603758
plantwild/extracted/plantwild/images/potato leaf/google_0552.jpg,Potato___healthy,"Pepper,_bell___healthy",0.962280
plantwild/extracted/plantwild/images/potato leaf/google_0561.jpg,Potato___healthy,"Pepper,_bell___healthy",0.340178
plantwild/extracted/plantwild/images/potato leaf/google_0562.jpg,Potato___healthy,"Pepper,_bell___healthy",0.956400
plantwild/extracted/plantwild/images/potato leaf/google_0571.jpg,Potato___healthy,"Pepper,_bell___healthy",0.917045
plantwild/extracted/plantwild/images/potato leaf/google_0572.jpg,Potato___healthy,"Pepper,_bell___healthy",0.959299
plantwild/extracted/plantwild/images/potato leaf/google_0576.jpg,Potato___healthy,"Pepper,_bell___healthy",0.852397
plantwild/extracted/plantwild/images/potato leaf/google_0583.jpg,Potato___healthy,"Pepper,_bell___healthy",0.631971
plantwild/extracted/plantwild/images/potato leaf/google_0618.jpg,Potato___healthy,"Pepper,_bell___healthy",0.890082
plantwild/extracted/plantwild/images/potato leaf/google_0625.jpg,Potato___healthy,Strawberry___Leaf_scorch,0.516395
plantwild/extracted/plantwild/images/potato leaf/google_0632.jpg,Potato___healthy,"Pepper,_bell___healthy",0.580628
plantwild/extracted/plantwild/images/potato leaf/google_0641.jpg,Potato___healthy,Tomato___Tomato_Yellow_Leaf_Curl_Virus,0.529644
plantwild/extracted/plantwild/images/potato leaf/google_0644.jpg,Potato___healthy,Tomato___Tomato_Yellow_Leaf_Curl_Virus,0.786940
plantwild/extracted/plantwild/images/potato leaf/google_0650.jpg,Potato___healthy,"Pepper,_bell___healthy",0.967493
plantwild/extracted/plantwild/images/potato leaf/google_0656.jpg,Potato___healthy,"Pepper,_bell___healthy",0.600558
plantwild/extracted/plantwild/images/potato leaf/google_0662.jpg,Potato___healthy,Corn___healthy,0.417398
plantwild/extracted/plantwild/images/potato leaf/google_0663.jpg,Potato___healthy,"Pepper,_bell___healthy",0.513838
plantwild/extracted/plantwild/images/potato leaf/google_0667.jpg,Potato___healthy,"Pepper,_bell___healthy",0.959352
plantwild/extracted/plantwild/images/potato leaf/google_0668.jpg,Potato___healthy,Tomato___Tomato_Yellow_Leaf_Curl_Virus,0.365648
plantwild/extracted/plantwild/images/potato leaf/google_0673.jpg,Potato___healthy,"Pepper,_bell___healthy",0.914958
plantwild/extracted/plantwild/images/potato leaf/google_0675.jpg,Potato___healthy,"Pepper,_bell___healthy",0.858812
plantwild/extracted/plantwild/images/potato leaf/google_0677.jpg,Potato___healthy,"Pepper,_bell___healthy",0.968300
plantwild/extracted/plantwild/images/potato leaf/google_0681.jpg,Potato___healthy,Apple___Black_rot,0.198115
plantwild/extracted/plantwild/images/raspberry leaf/1.jpg,Raspberry___healthy,"Pepper,_bell___healthy",0.736640
plantwild/extracted/plantwild/images/raspberry leaf/10.jpg,Raspberry___healthy,Strawberry___Leaf_scorch,0.909127
plantwild/extracted/plantwild/images/raspberry leaf/100.jpg,Raspberry___healthy,"Pepper,_bell___healthy",0.365895
plantwild/extracted/plantwild/images/raspberry leaf/101.jpg,Raspberry___healthy,Tomato___Tomato_Yellow_Leaf_Curl_Virus,0.954718
plantwild/extracted/plantwild/images/raspberry leaf/102.jpg,Raspberry___healthy,Strawberry___Leaf_scorch,0.964036
plantwild/extracted/plantwild/images/raspberry leaf/103.jpg,Raspberry___healthy,Tomato___Tomato_Yellow_Leaf_Curl_Virus,0.923117
plantwild/extracted/plantwild/images/raspberry leaf/104.jpg,Raspberry___healthy,Tomato___Tomato_Yellow_Leaf_Curl_Virus,0.667100
plantwild/extracted/plantwild/images/raspberry leaf/105.jpg,Raspberry___healthy,Strawberry___Leaf_scorch,0.191082
plantwild/extracted/plantwild/images/raspberry leaf/106.jpg,Raspberry___healthy,Raspberry___healthy,0.383573
plantwild/extracted/plantwild/images/raspberry leaf/107.jpg,Raspberry___healthy,Tomato___healthy,0.249353
plantwild/extracted/plantwild/images/raspberry leaf/108.jpg,Raspberry___healthy,Raspberry___healthy,0.959897
plantwild/extracted/plantwild/images/raspberry leaf/109.jpg,Raspberry___healthy,Strawberry___Leaf_scorch,0.963397
plantwild/extracted/plantwild/images/raspberry leaf/11.jpg,Raspberry___healthy,Strawberry___Leaf_scorch,0.359797
plantwild/extracted/plantwild/images/raspberry leaf/112.jpg,Raspberry___healthy,Raspberry___healthy,0.952060
plantwild/extracted/plantwild/images/raspberry leaf/113.jpg,Raspberry___healthy,"Pepper,_bell___healthy",0.918010
plantwild/extracted/plantwild/images/raspberry leaf/114.jpg,Raspberry___healthy,"Pepper,_bell___healthy",0.825581
plantwild/extracted/plantwild/images/raspberry leaf/115.jpg,Raspberry___healthy,"Pepper,_bell___healthy",0.919387
plantwild/extracted/plantwild/images/raspberry leaf/116.jpg,Raspberry___healthy,Strawberry___Leaf_scorch,0.953567
plantwild/extracted/plantwild/images/raspberry leaf/117.jpg,Raspberry___healthy,"Pepper,_bell___healthy",0.409238
plantwild/extracted/plantwild/images/raspberry leaf/118.jpg,Raspberry___healthy,Strawberry___Leaf_scorch,0.854778
plantwild/extracted/plantwild/images/raspberry leaf/119.jpg,Raspberry___healthy,"Pepper,_bell___healthy",0.329457
plantwild/extracted/plantwild/images/raspberry leaf/12.jpg,Raspberry___healthy,Strawberry___Leaf_scorch,0.965935
plantwild/extracted/plantwild/images/raspberry leaf/120 - Copy.jpg,Raspberry___healthy,Corn___healthy,0.765092
plantwild/extracted/plantwild/images/raspberry leaf/120.jpg,Raspberry___healthy,Raspberry___healthy,0.954730
plantwild/extracted/plantwild/images/raspberry leaf/121.jpg,Raspberry___healthy,Strawberry___Leaf_scorch,0.493868
plantwild/extracted/plantwild/images/raspberry leaf/122.jpg,Raspberry___healthy,Tomato___Late_blight,0.220932
plantwild/extracted/plantwild/images/raspberry leaf/125.jpg,Raspberry___healthy,Tomato___Early_blight,0.343170
plantwild/extracted/plantwild/images/raspberry leaf/126.jpg,Raspberry___healthy,Tomato___Tomato_Yellow_Leaf_Curl_Virus,0.879699
plantwild/extracted/plantwild/images/raspberry leaf/127.jpg,Raspberry___healthy,"Pepper,_bell___healthy",0.504573
plantwild/extracted/plantwild/images/raspberry leaf/129.jpg,Raspberry___healthy,"Pepper,_bell___healthy",0.826846
plantwild/extracted/plantwild/images/raspberry leaf/13.jpg,Raspberry___healthy,"Pepper,_bell___healthy",0.701785
plantwild/extracted/plantwild/images/raspberry leaf/130.jpg,Raspberry___healthy,Cherry___healthy,0.506183
plantwild/extracted/plantwild/images/raspberry leaf/131.jpg,Raspberry___healthy,Grape___Esca_(Black_Measles),0.749488
plantwild/extracted/plantwild/images/raspberry leaf/132.jpg,Raspberry___healthy,Strawberry___Leaf_scorch,0.863506
plantwild/extracted/plantwild/images/raspberry leaf/133.jpg,Raspberry___healthy,Strawberry___Leaf_scorch,0.965429
plantwild/extracted/plantwild/images/raspberry leaf/136.jpg,Raspberry___healthy,Strawberry___Leaf_scorch,0.962100
plantwild/extracted/plantwild/images/raspberry leaf/14.jpg,Raspberry___healthy,"Pepper,_bell___healthy",0.751066
plantwild/extracted/plantwild/images/raspberry leaf/15.jpg,Raspberry___healthy,Raspberry___healthy,0.566590
plantwild/extracted/plantwild/images/raspberry leaf/16.jpg,Raspberry___healthy,"Pepper,_bell___healthy",0.436827
plantwild/extracted/plantwild/images/raspberry leaf/17.jpg,Raspberry___healthy,Raspberry___healthy,0.967761
plantwild/extracted/plantwild/images/raspberry leaf/18.jpg,Raspberry___healthy,Tomato___Tomato_Yellow_Leaf_Curl_Virus,0.352584
plantwild/extracted/plantwild/images/raspberry leaf/19.jpg,Raspberry___healthy,Grape___Esca_(Black_Measles),0.538447
plantwild/extracted/plantwild/images/raspberry leaf/2.jpg,Raspberry___healthy,Strawberry___Leaf_scorch,0.180731
plantwild/extracted/plantwild/images/raspberry leaf/20.jpg,Raspberry___healthy,"Pepper,_bell___healthy",0.504206
plantwild/extracted/plantwild/images/raspberry leaf/21.jpg,Raspberry___healthy,Tomato___Tomato_Yellow_Leaf_Curl_Virus,0.353939
plantwild/extracted/plantwild/images/raspberry leaf/22.jpg,Raspberry___healthy,Raspberry___healthy,0.960787
plantwild/extracted/plantwild/images/raspberry leaf/23.jpg,Raspberry___healthy,Raspberry___healthy,0.265738
plantwild/extracted/plantwild/images/raspberry leaf/24.jpg,Raspberry___healthy,Tomato___Tomato_Yellow_Leaf_Curl_Virus,0.729203
plantwild/extracted/plantwild/images/raspberry leaf/25.jpg,Raspberry___healthy,Strawberry___Leaf_scorch,0.426061
plantwild/extracted/plantwild/images/raspberry leaf/26.jpg,Raspberry___healthy,"Pepper,_bell___healthy",0.357666
plantwild/extracted/plantwild/images/raspberry leaf/27.jpg,Raspberry___healthy,Tomato___Tomato_Yellow_Leaf_Curl_Virus,0.920014
plantwild/extracted/plantwild/images/raspberry leaf/28.jpg,Raspberry___healthy,Strawberry___Leaf_scorch,0.434557
plantwild/extracted/plantwild/images/raspberry leaf/29.jpg,Raspberry___healthy,"Pepper,_bell___healthy",0.472616
plantwild/extracted/plantwild/images/raspberry leaf/3.jpg,Raspberry___healthy,Corn___healthy,0.311232
plantwild/extracted/plantwild/images/raspberry leaf/30.jpg,Raspberry___healthy,Strawberry___Leaf_scorch,0.853427
plantwild/extracted/plantwild/images/raspberry leaf/31.jpg,Raspberry___healthy,Raspberry___healthy,0.318768
plantwild/extracted/plantwild/images/raspberry leaf/32.jpg,Raspberry___healthy,Raspberry___healthy,0.309330
plantwild/extracted/plantwild/images/raspberry leaf/33.jpg,Raspberry___healthy,Tomato___Tomato_Yellow_Leaf_Curl_Virus,0.544144
plantwild/extracted/plantwild/images/raspberry leaf/34.jpg,Raspberry___healthy,Corn___healthy,0.414831
plantwild/extracted/plantwild/images/raspberry leaf/35.jpg,Raspberry___healthy,Tomato___Tomato_Yellow_Leaf_Curl_Virus,0.765209
plantwild/extracted/plantwild/images/raspberry leaf/36.jpg,Raspberry___healthy,Strawberry___Leaf_scorch,0.944265
plantwild/extracted/plantwild/images/raspberry leaf/37.jpg,Raspberry___healthy,"Pepper,_bell___healthy",0.959335
plantwild/extracted/plantwild/images/raspberry leaf/38.jpg,Raspberry___healthy,"Pepper,_bell___healthy",0.712046
plantwild/extracted/plantwild/images/raspberry leaf/39.jpg,Raspberry___healthy,Raspberry___healthy,0.714717
plantwild/extracted/plantwild/images/raspberry leaf/4.jpg,Raspberry___healthy,"Pepper,_bell___healthy",0.932928
plantwild/extracted/plantwild/images/raspberry leaf/40.jpg,Raspberry___healthy,Strawberry___Leaf_scorch,0.591064
plantwild/extracted/plantwild/images/raspberry leaf/41.jpg,Raspberry___healthy,Tomato___Tomato_Yellow_Leaf_Curl_Virus,0.812375
plantwild/extracted/plantwild/images/raspberry leaf/42.jpg,Raspberry___healthy,Strawberry___Leaf_scorch,0.952304
plantwild/extracted/plantwild/images/raspberry leaf/43.jpg,Raspberry___healthy,Raspberry___healthy,0.827035
plantwild/extracted/plantwild/images/raspberry leaf/44.jpg,Raspberry___healthy,Strawberry___Leaf_scorch,0.909497
plantwild/extracted/plantwild/images/raspberry leaf/46.jpg,Raspberry___healthy,Raspberry___healthy,0.936012
plantwild/extracted/plantwild/images/raspberry leaf/47.jpg,Raspberry___healthy,Cherry___healthy,0.659137
plantwild/extracted/plantwild/images/raspberry leaf/48.jpg,Raspberry___healthy,Raspberry___healthy,0.867128
plantwild/extracted/plantwild/images/raspberry leaf/49.jpg,Raspberry___healthy,Raspberry___healthy,0.838217
plantwild/extracted/plantwild/images/raspberry leaf/5.jpg,Raspberry___healthy,Raspberry___healthy,0.879469
plantwild/extracted/plantwild/images/raspberry leaf/50.jpg,Raspberry___healthy,Raspberry___healthy,0.724071
plantwild/extracted/plantwild/images/raspberry leaf/51.jpg,Raspberry___healthy,Tomato___Tomato_Yellow_Leaf_Curl_Virus,0.913083
plantwild/extracted/plantwild/images/raspberry leaf/52.jpg,Raspberry___healthy,"Pepper,_bell___healthy",0.940554
plantwild/extracted/plantwild/images/raspberry leaf/53.jpg,Raspberry___healthy,Strawberry___Leaf_scorch,0.287453
plantwild/extracted/plantwild/images/raspberry leaf/54.jpg,Raspberry___healthy,Raspberry___healthy,0.865455
plantwild/extracted/plantwild/images/raspberry leaf/55.jpg,Raspberry___healthy,"Pepper,_bell___healthy",0.742198
plantwild/extracted/plantwild/images/raspberry leaf/56.jpg,Raspberry___healthy,"Pepper,_bell___healthy",0.800636
plantwild/extracted/plantwild/images/raspberry leaf/57.jpg,Raspberry___healthy,Raspberry___healthy,0.902890
plantwild/extracted/plantwild/images/raspberry leaf/58.jpg,Raspberry___healthy,"Pepper,_bell___healthy",0.800636
plantwild/extracted/plantwild/images/raspberry leaf/59.jpg,Raspberry___healthy,Raspberry___healthy,0.902890
plantwild/extracted/plantwild/images/raspberry leaf/6.jpg,Raspberry___healthy,"Pepper,_bell___healthy",0.407957
plantwild/extracted/plantwild/images/raspberry leaf/60.jpg,Raspberry___healthy,Corn___healthy,0.497536
plantwild/extracted/plantwild/images/raspberry leaf/61.jpg,Raspberry___healthy,Raspberry___healthy,0.874728
plantwild/extracted/plantwild/images/raspberry leaf/62.jpg,Raspberry___healthy,Raspberry___healthy,0.700943
plantwild/extracted/plantwild/images/raspberry leaf/63.jpg,Raspberry___healthy,"Pepper,_bell___healthy",0.625084
plantwild/extracted/plantwild/images/raspberry leaf/64.jpg,Raspberry___healthy,Strawberry___Leaf_scorch,0.243036
plantwild/extracted/plantwild/images/raspberry leaf/65.jpg,Raspberry___healthy,"Pepper,_bell___healthy",0.323726
plantwild/extracted/plantwild/images/raspberry leaf/66.jpg,Raspberry___healthy,"Pepper,_bell___healthy",0.918493
plantwild/extracted/plantwild/images/raspberry leaf/67.jpg,Raspberry___healthy,Corn___healthy,0.281992
plantwild/extracted/plantwild/images/raspberry leaf/68.jpg,Raspberry___healthy,Tomato___healthy,0.504576
plantwild/extracted/plantwild/images/raspberry leaf/69.jpg,Raspberry___healthy,"Pepper,_bell___healthy",0.474374
plantwild/extracted/plantwild/images/raspberry leaf/7.jpg,Raspberry___healthy,Strawberry___Leaf_scorch,0.320119
plantwild/extracted/plantwild/images/raspberry leaf/70.jpg,Raspberry___healthy,Tomato___Tomato_Yellow_Leaf_Curl_Virus,0.438018
plantwild/extracted/plantwild/images/raspberry leaf/71.jpg,Raspberry___healthy,Tomato___Tomato_Yellow_Leaf_Curl_Virus,0.529674
plantwild/extracted/plantwild/images/raspberry leaf/72.jpg,Raspberry___healthy,"Pepper,_bell___healthy",0.327897
plantwild/extracted/plantwild/images/raspberry leaf/73.jpg,Raspberry___healthy,Tomato___Tomato_mosaic_virus,0.780585
plantwild/extracted/plantwild/images/raspberry leaf/74.jpg,Raspberry___healthy,Raspberry___healthy,0.355638
plantwild/extracted/plantwild/images/raspberry leaf/75.jpg,Raspberry___healthy,Tomato___Tomato_Yellow_Leaf_Curl_Virus,0.936663
plantwild/extracted/plantwild/images/raspberry leaf/76.jpg,Raspberry___healthy,Raspberry___healthy,0.785427
plantwild/extracted/plantwild/images/raspberry leaf/77.jpg,Raspberry___healthy,Cherry___healthy,0.608596
plantwild/extracted/plantwild/images/raspberry leaf/78.jpg,Raspberry___healthy,Tomato___Early_blight,0.243572
plantwild/extracted/plantwild/images/raspberry leaf/79.jpg,Raspberry___healthy,"Pepper,_bell___healthy",0.853239
plantwild/extracted/plantwild/images/raspberry leaf/8.jpg,Raspberry___healthy,Raspberry___healthy,0.842793
plantwild/extracted/plantwild/images/raspberry leaf/80.jpg,Raspberry___healthy,Apple___healthy,0.697523
plantwild/extracted/plantwild/images/raspberry leaf/81.jpg,Raspberry___healthy,Strawberry___Leaf_scorch,0.911327
plantwild/extracted/plantwild/images/raspberry leaf/82.jpg,Raspberry___healthy,"Pepper,_bell___healthy",0.573016
plantwild/extracted/plantwild/images/raspberry leaf/83.jpg,Raspberry___healthy,Raspberry___healthy,0.404631
plantwild/extracted/plantwild/images/raspberry leaf/84.jpg,Raspberry___healthy,Strawberry___Leaf_scorch,0.907920
plantwild/extracted/plantwild/images/raspberry leaf/85.jpg,Raspberry___healthy,Raspberry___healthy,0.621266
plantwild/extracted/plantwild/images/raspberry leaf/86.jpg,Raspberry___healthy,Tomato___Tomato_Yellow_Leaf_Curl_Virus,0.951822
plantwild/extracted/plantwild/images/raspberry leaf/87.jpg,Raspberry___healthy,Tomato___Tomato_Yellow_Leaf_Curl_Virus,0.612441
plantwild/extracted/plantwild/images/raspberry leaf/88.jpg,Raspberry___healthy,"Pepper,_bell___healthy",0.429991
plantwild/extracted/plantwild/images/raspberry leaf/89.jpg,Raspberry___healthy,Tomato___Tomato_Yellow_Leaf_Curl_Virus,0.850204
plantwild/extracted/plantwild/images/raspberry leaf/9.jpg,Raspberry___healthy,Raspberry___healthy,0.520376
plantwild/extracted/plantwild/images/raspberry leaf/90.jpg,Raspberry___healthy,Raspberry___healthy,0.729120
plantwild/extracted/plantwild/images/raspberry leaf/91.jpg,Raspberry___healthy,Corn___healthy,0.360474
plantwild/extracted/plantwild/images/raspberry leaf/92.jpg,Raspberry___healthy,"Pepper,_bell___healthy",0.831491
plantwild/extracted/plantwild/images/raspberry leaf/93.jpg,Raspberry___healthy,Raspberry___healthy,0.432067
plantwild/extracted/plantwild/images/raspberry leaf/94.jpg,Raspberry___healthy,Strawberry___Leaf_scorch,0.946740
plantwild/extracted/plantwild/images/raspberry leaf/95.jpg,Raspberry___healthy,Raspberry___healthy,0.748153
plantwild/extracted/plantwild/images/raspberry leaf/97.jpg,Raspberry___healthy,Strawberry___Leaf_scorch,0.593954
plantwild/extracted/plantwild/images/raspberry leaf/98.jpg,Raspberry___healthy,Tomato___Tomato_Yellow_Leaf_Curl_Virus,0.494273
plantwild/extracted/plantwild/images/raspberry leaf/google_0000.jpg,Raspberry___healthy,Strawberry___Leaf_scorch,0.573856
plantwild/extracted/plantwild/images/raspberry leaf/google_0001.jpg,Raspberry___healthy,Raspberry___healthy,0.891697
plantwild/extracted/plantwild/images/raspberry leaf/google_0002.jpg,Raspberry___healthy,"Pepper,_bell___healthy",0.383041
plantwild/extracted/plantwild/images/raspberry leaf/google_0003.jpg,Raspberry___healthy,"Pepper,_bell___healthy",0.497750
plantwild/extracted/plantwild/images/raspberry leaf/google_0004.jpg,Raspberry___healthy,Raspberry___healthy,0.937834
plantwild/extracted/plantwild/images/raspberry leaf/google_0005.jpg,Raspberry___healthy,Strawberry___Leaf_scorch,0.957809
plantwild/extracted/plantwild/images/raspberry leaf/google_0006.jpg,Raspberry___healthy,Strawberry___Leaf_scorch,0.856084
plantwild/extracted/plantwild/images/raspberry leaf/google_0010.jpg,Raspberry___healthy,"Pepper,_bell___healthy",0.934494
plantwild/extracted/plantwild/images/raspberry leaf/google_0012.jpg,Raspberry___healthy,Tomato___Tomato_Yellow_Leaf_Curl_Virus,0.425725
plantwild/extracted/plantwild/images/raspberry leaf/google_0015.jpg,Raspberry___healthy,"Pepper,_bell___healthy",0.856084
plantwild/extracted/plantwild/images/raspberry leaf/google_0017.jpg,Raspberry___healthy,Strawberry___Leaf_scorch,0.599379
plantwild/extracted/plantwild/images/raspberry leaf/google_0019.jpg,Raspberry___healthy,Strawberry___Leaf_scorch,0.457967
plantwild/extracted/plantwild/images/raspberry leaf/google_0025.jpg,Raspberry___healthy,"Pepper,_bell___healthy",0.886338
plantwild/extracted/plantwild/images/raspberry leaf/google_0048.jpg,Raspberry___healthy,Tomato___healthy,0.265435
plantwild/extracted/plantwild/images/raspberry leaf/google_0054.jpg,Raspberry___healthy,Strawberry___Leaf_scorch,0.761785
plantwild/extracted/plantwild/images/raspberry leaf/google_0056.jpg,Raspberry___healthy,"Pepper,_bell___healthy",0.404995
plantwild/extracted/plantwild/images/raspberry leaf/google_0062.jpg,Raspberry___healthy,"Pepper,_bell___healthy",0.935532
plantwild/extracted/plantwild/images/raspberry leaf/google_0064.jpg,Raspberry___healthy,"Pepper,_bell___healthy",0.921426
plantwild/extracted/plantwild/images/raspberry leaf/google_0065.jpg,Raspberry___healthy,Raspberry___healthy,0.937177
plantwild/extracted/plantwild/images/raspberry leaf/google_0066.jpg,Raspberry___healthy,Strawberry___Leaf_scorch,0.893762
plantwild/extracted/plantwild/images/raspberry leaf/google_0075.jpg,Raspberry___healthy,Raspberry___healthy,0.485905
plantwild/extracted/plantwild/images/raspberry leaf/google_0079.jpg,Raspberry___healthy,Raspberry___healthy,0.721277
plantwild/extracted/plantwild/images/raspberry leaf/google_0086.jpg,Raspberry___healthy,Raspberry___healthy,0.620633
plantwild/extracted/plantwild/images/raspberry leaf/google_0088.jpg,Raspberry___healthy,Strawberry___Leaf_scorch,0.958087
plantwild/extracted/plantwild/images/raspberry leaf/google_0092.jpg,Raspberry___healthy,Tomato___Tomato_Yellow_Leaf_Curl_Virus,0.639906
plantwild/extracted/plantwild/images/raspberry leaf/google_0096.jpg,Raspberry___healthy,"Pepper,_bell___healthy",0.320990
plantwild/extracted/plantwild/images/raspberry leaf/google_0097.jpg,Raspberry___healthy,"Pepper,_bell___healthy",0.680395
plantwild/extracted/plantwild/images/raspberry leaf/google_0100.jpg,Raspberry___healthy,"Pepper,_bell___healthy",0.952776
plantwild/extracted/plantwild/images/raspberry leaf/google_0108.jpg,Raspberry___healthy,Tomato___Tomato_Yellow_Leaf_Curl_Virus,0.929635
plantwild/extracted/plantwild/images/raspberry leaf/google_0109.jpg,Raspberry___healthy,Strawberry___Leaf_scorch,0.967363
plantwild/extracted/plantwild/images/raspberry leaf/google_0114.jpg,Raspberry___healthy,Strawberry___Leaf_scorch,0.940174
plantwild/extracted/plantwild/images/raspberry leaf/google_0117.jpg,Raspberry___healthy,Strawberry___Leaf_scorch,0.525249
plantwild/extracted/plantwild/images/raspberry leaf/google_0118.jpg,Raspberry___healthy,"Pepper,_bell___healthy",0.370620
plantwild/extracted/plantwild/images/raspberry leaf/google_0121.jpg,Raspberry___healthy,Strawberry___Leaf_scorch,0.866268
plantwild/extracted/plantwild/images/raspberry leaf/google_0124.jpg,Raspberry___healthy,Raspberry___healthy,0.480478
plantwild/extracted/plantwild/images/raspberry leaf/google_0127.jpg,Raspberry___healthy,"Pepper,_bell___healthy",0.536431
plantwild/extracted/plantwild/images/raspberry leaf/google_0132.jpg,Raspberry___healthy,"Pepper,_bell___healthy",0.884410
plantwild/extracted/plantwild/images/raspberry leaf/google_0138.jpg,Raspberry___healthy,Tomato___Tomato_Yellow_Leaf_Curl_Virus,0.756255
plantwild/extracted/plantwild/images/raspberry leaf/google_0140.jpg,Raspberry___healthy,Corn___healthy,0.494089
plantwild/extracted/plantwild/images/raspberry leaf/google_0143.jpg,Raspberry___healthy,"Pepper,_bell___healthy",0.706870
plantwild/extracted/plantwild/images/raspberry leaf/google_0146.jpg,Raspberry___healthy,Strawberry___Leaf_scorch,0.944413
plantwild/extracted/plantwild/images/raspberry leaf/google_0147.jpg,Raspberry___healthy,Raspberry___healthy,0.891399
plantwild/extracted/plantwild/images/raspberry leaf/google_0162.jpg,Raspberry___healthy,Tomato___Tomato_Yellow_Leaf_Curl_Virus,0.826052
plantwild/extracted/plantwild/images/raspberry leaf/google_0164.jpg,Raspberry___healthy,Raspberry___healthy,0.924547
plantwild/extracted/plantwild/images/raspberry leaf/google_0171.jpg,Raspberry___healthy,Raspberry___healthy,0.952739
plantwild/extracted/plantwild/images/raspberry leaf/google_0178.jpg,Raspberry___healthy,Strawberry___Leaf_scorch,0.734232
plantwild/extracted/plantwild/images/raspberry leaf/google_0180.jpg,Raspberry___healthy,Tomato___Early_blight,0.959100
plantwild/extracted/plantwild/images/raspberry leaf/google_0181.jpg,Raspberry___healthy,Raspberry___healthy,0.806291
plantwild/extracted/plantwild/images/raspberry leaf/google_0187.jpg,Raspberry___healthy,Tomato___healthy,0.490990
plantwild/extracted/plantwild/images/raspberry leaf/google_0190.jpg,Raspberry___healthy,Strawberry___Leaf_scorch,0.683820
plantwild/extracted/plantwild/images/raspberry leaf/google_0199.jpg,Raspberry___healthy,"Pepper,_bell___healthy",0.542076
plantwild/extracted/plantwild/images/raspberry leaf/google_0205.jpg,Raspberry___healthy,Strawberry___Leaf_scorch,0.953138
plantwild/extracted/plantwild/images/raspberry leaf/google_0211.jpg,Raspberry___healthy,Raspberry___healthy,0.353277
plantwild/extracted/plantwild/images/soybean leaf/1.jpg,Soybean___healthy,"Pepper,_bell___healthy",0.833584
plantwild/extracted/plantwild/images/soybean leaf/10.jpg,Soybean___healthy,"Pepper,_bell___healthy",0.955996
plantwild/extracted/plantwild/images/soybean leaf/101.jpg,Soybean___healthy,"Pepper,_bell___healthy",0.825450
plantwild/extracted/plantwild/images/soybean leaf/102.jpg,Soybean___healthy,Strawberry___Leaf_scorch,0.781177
plantwild/extracted/plantwild/images/soybean leaf/104.jpg,Soybean___healthy,Cherry___healthy,0.752233
plantwild/extracted/plantwild/images/soybean leaf/105.jpg,Soybean___healthy,Cherry___healthy,0.390156
plantwild/extracted/plantwild/images/soybean leaf/108.jpg,Soybean___healthy,Corn___healthy,0.923342
plantwild/extracted/plantwild/images/soybean leaf/11.jpg,Soybean___healthy,Cherry___healthy,0.901153
plantwild/extracted/plantwild/images/soybean leaf/110.jpg,Soybean___healthy,"Pepper,_bell___healthy",0.903509
plantwild/extracted/plantwild/images/soybean leaf/113.jpg,Soybean___healthy,"Pepper,_bell___healthy",0.474214
plantwild/extracted/plantwild/images/soybean leaf/115.jpg,Soybean___healthy,"Pepper,_bell___healthy",0.963036
plantwild/extracted/plantwild/images/soybean leaf/116.jpg,Soybean___healthy,Corn___healthy,0.421261
plantwild/extracted/plantwild/images/soybean leaf/117.jpg,Soybean___healthy,Strawberry___Leaf_scorch,0.367842
plantwild/extracted/plantwild/images/soybean leaf/12.jpg,Soybean___healthy,"Pepper,_bell___healthy",0.672729
plantwild/extracted/plantwild/images/soybean leaf/126.jpg,Soybean___healthy,Corn___healthy,0.584013
plantwild/extracted/plantwild/images/soybean leaf/13.jpg,Soybean___healthy,Strawberry___Leaf_scorch,0.931735
plantwild/extracted/plantwild/images/soybean leaf/14.jpg,Soybean___healthy,"Pepper,_bell___healthy",0.746054
plantwild/extracted/plantwild/images/soybean leaf/145.jpg,Soybean___healthy,"Pepper,_bell___healthy",0.669026
plantwild/extracted/plantwild/images/soybean leaf/147.jpg,Soybean___healthy,Cherry___healthy,0.430976
plantwild/extracted/plantwild/images/soybean leaf/15.jpg,Soybean___healthy,"Pepper,_bell___healthy",0.477443
plantwild/extracted/plantwild/images/soybean leaf/153.jpg,Soybean___healthy,Corn___healthy,0.315214
plantwild/extracted/plantwild/images/soybean leaf/154.jpg,Soybean___healthy,Cherry___healthy,0.429846
plantwild/extracted/plantwild/images/soybean leaf/155.jpg,Soybean___healthy,"Pepper,_bell___healthy",0.828237
plantwild/extracted/plantwild/images/soybean leaf/157.jpg,Soybean___healthy,"Pepper,_bell___healthy",0.873646
plantwild/extracted/plantwild/images/soybean leaf/158.jpg,Soybean___healthy,Corn___healthy,0.765176
plantwild/extracted/plantwild/images/soybean leaf/16.jpg,Soybean___healthy,Cherry___healthy,0.433984
plantwild/extracted/plantwild/images/soybean leaf/160.jpg,Soybean___healthy,Strawberry___Leaf_scorch,0.408192
plantwild/extracted/plantwild/images/soybean leaf/162.jpg,Soybean___healthy,"Pepper,_bell___healthy",0.968667
plantwild/extracted/plantwild/images/soybean leaf/163.jpg,Soybean___healthy,"Pepper,_bell___healthy",0.965832
plantwild/extracted/plantwild/images/soybean leaf/164.jpg,Soybean___healthy,Grape___Esca_(Black_Measles),0.633654
plantwild/extracted/plantwild/images/soybean leaf/165.jpg,Soybean___healthy,Corn___healthy,0.684371
plantwild/extracted/plantwild/images/soybean leaf/166.jpg,Soybean___healthy,Cherry___healthy,0.478192
plantwild/extracted/plantwild/images/soybean leaf/17.jpg,Soybean___healthy,"Pepper,_bell___healthy",0.906537
plantwild/extracted/plantwild/images/soybean leaf/171.jpg,Soybean___healthy,"Pepper,_bell___healthy",0.862130
plantwild/extracted/plantwild/images/soybean leaf/173.jpg,Soybean___healthy,"Pepper,_bell___healthy",0.745345
plantwild/extracted/plantwild/images/soybean leaf/174.jpg,Soybean___healthy,"Pepper,_bell___healthy",0.739939
plantwild/extracted/plantwild/images/soybean leaf/177.jpg,Soybean___healthy,Strawberry___Leaf_scorch,0.964955
plantwild/extracted/plantwild/images/soybean leaf/179.jpg,Soybean___healthy,Strawberry___Leaf_scorch,0.964950
plantwild/extracted/plantwild/images/soybean leaf/18.jpg,Soybean___healthy,"Pepper,_bell___healthy",0.851424
plantwild/extracted/plantwild/images/soybean leaf/180.jpg,Soybean___healthy,"Pepper,_bell___healthy",0.858374
plantwild/extracted/plantwild/images/soybean leaf/182.jpg,Soybean___healthy,Strawberry___Leaf_scorch,0.833213
plantwild/extracted/plantwild/images/soybean leaf/183.jpg,Soybean___healthy,Strawberry___Leaf_scorch,0.804949
plantwild/extracted/plantwild/images/soybean leaf/189.jpg,Soybean___healthy,"Pepper,_bell___healthy",0.679793
plantwild/extracted/plantwild/images/soybean leaf/19.jpg,Soybean___healthy,"Pepper,_bell___healthy",0.930943
plantwild/extracted/plantwild/images/soybean leaf/2.jpg,Soybean___healthy,"Pepper,_bell___healthy",0.908483
plantwild/extracted/plantwild/images/soybean leaf/20.jpg,Soybean___healthy,"Pepper,_bell___healthy",0.891249
plantwild/extracted/plantwild/images/soybean leaf/201.jpg,Soybean___healthy,"Pepper,_bell___healthy",0.281940
plantwild/extracted/plantwild/images/soybean leaf/202.jpg,Soybean___healthy,Strawberry___Leaf_scorch,0.887905
plantwild/extracted/plantwild/images/soybean leaf/204.jpg,Soybean___healthy,Strawberry___Leaf_scorch,0.965580
plantwild/extracted/plantwild/images/soybean leaf/206.jpg,Soybean___healthy,Strawberry___Leaf_scorch,0.835850
plantwild/extracted/plantwild/images/soybean leaf/21.jpg,Soybean___healthy,Corn___healthy,0.951308
plantwild/extracted/plantwild/images/soybean leaf/216.jpg,Soybean___healthy,"Pepper,_bell___healthy",0.892237
plantwild/extracted/plantwild/images/soybean leaf/217.jpg,Soybean___healthy,Strawberry___Leaf_scorch,0.730219
plantwild/extracted/plantwild/images/soybean leaf/218.jpg,Soybean___healthy,Corn___healthy,0.404819
plantwild/extracted/plantwild/images/soybean leaf/219.jpg,Soybean___healthy,Strawberry___Leaf_scorch,0.813152
plantwild/extracted/plantwild/images/soybean leaf/22.jpg,Soybean___healthy,"Pepper,_bell___healthy",0.951875
plantwild/extracted/plantwild/images/soybean leaf/222.jpg,Soybean___healthy,Strawberry___Leaf_scorch,0.665276
plantwild/extracted/plantwild/images/soybean leaf/225.jpg,Soybean___healthy,Strawberry___Leaf_scorch,0.580646
plantwild/extracted/plantwild/images/soybean leaf/228.jpg,Soybean___healthy,"Pepper,_bell___healthy",0.957026
plantwild/extracted/plantwild/images/soybean leaf/23.jpg,Soybean___healthy,"Pepper,_bell___healthy",0.706667
plantwild/extracted/plantwild/images/soybean leaf/233.jpg,Soybean___healthy,"Pepper,_bell___healthy",0.899443
plantwild/extracted/plantwild/images/soybean leaf/24.jpg,Soybean___healthy,Strawberry___Leaf_scorch,0.221612
plantwild/extracted/plantwild/images/soybean leaf/240.jpg,Soybean___healthy,"Pepper,_bell___healthy",0.637867
plantwild/extracted/plantwild/images/soybean leaf/241.jpg,Soybean___healthy,Strawberry___Leaf_scorch,0.961334
plantwild/extracted/plantwild/images/soybean leaf/242.jpg,Soybean___healthy,Corn___healthy,0.936771
plantwild/extracted/plantwild/images/soybean leaf/243.jpg,Soybean___healthy,"Pepper,_bell___healthy",0.927913
plantwild/extracted/plantwild/images/soybean leaf/244.jpg,Soybean___healthy,Strawberry___Leaf_scorch,0.806692
plantwild/extracted/plantwild/images/soybean leaf/247.jpg,Soybean___healthy,"Pepper,_bell___healthy",0.673265
plantwild/extracted/plantwild/images/soybean leaf/250.jpg,Soybean___healthy,Tomato___healthy,0.258045
plantwild/extracted/plantwild/images/soybean leaf/252.jpg,Soybean___healthy,"Pepper,_bell___healthy",0.971783
plantwild/extracted/plantwild/images/soybean leaf/257.jpg,Soybean___healthy,"Pepper,_bell___healthy",0.755989
plantwild/extracted/plantwild/images/soybean leaf/26.jpg,Soybean___healthy,"Pepper,_bell___healthy",0.706168
plantwild/extracted/plantwild/images/soybean leaf/263.jpg,Soybean___healthy,Cherry___healthy,0.941980
plantwild/extracted/plantwild/images/soybean leaf/27.jpg,Soybean___healthy,Cherry___healthy,0.606933
plantwild/extracted/plantwild/images/soybean leaf/272.jpg,Soybean___healthy,"Pepper,_bell___healthy",0.547043
plantwild/extracted/plantwild/images/soybean leaf/276.jpg,Soybean___healthy,Cherry___healthy,0.873119
plantwild/extracted/plantwild/images/soybean leaf/28.jpg,Soybean___healthy,"Pepper,_bell___healthy",0.971870
plantwild/extracted/plantwild/images/soybean leaf/284.jpg,Soybean___healthy,Corn___healthy,0.916460
plantwild/extracted/plantwild/images/soybean leaf/286.jpg,Soybean___healthy,Cherry___healthy,0.485485
plantwild/extracted/plantwild/images/soybean leaf/287.jpg,Soybean___healthy,"Pepper,_bell___healthy",0.596270
plantwild/extracted/plantwild/images/soybean leaf/289.jpg,Soybean___healthy,"Pepper,_bell___healthy",0.954427
plantwild/extracted/plantwild/images/soybean leaf/29.jpg,Soybean___healthy,Tomato___Tomato_Yellow_Leaf_Curl_Virus,0.834766
plantwild/extracted/plantwild/images/soybean leaf/292.jpg,Soybean___healthy,Cherry___healthy,0.806698
plantwild/extracted/plantwild/images/soybean leaf/293.jpg,Soybean___healthy,Cherry___healthy,0.939250
plantwild/extracted/plantwild/images/soybean leaf/296.jpg,Soybean___healthy,Corn___healthy,0.902033
plantwild/extracted/plantwild/images/soybean leaf/297.jpg,Soybean___healthy,Strawberry___Leaf_scorch,0.678868
plantwild/extracted/plantwild/images/soybean leaf/298.jpg,Soybean___healthy,"Pepper,_bell___healthy",0.277045
plantwild/extracted/plantwild/images/soybean leaf/3.jpg,Soybean___healthy,"Pepper,_bell___healthy",0.950376
plantwild/extracted/plantwild/images/soybean leaf/301.jpg,Soybean___healthy,"Pepper,_bell___healthy",0.962720
plantwild/extracted/plantwild/images/soybean leaf/304.jpg,Soybean___healthy,"Pepper,_bell___healthy",0.964034
plantwild/extracted/plantwild/images/soybean leaf/308.jpg,Soybean___healthy,"Pepper,_bell___healthy",0.299224
plantwild/extracted/plantwild/images/soybean leaf/31.jpg,Soybean___healthy,"Pepper,_bell___healthy",0.794801
plantwild/extracted/plantwild/images/soybean leaf/311.jpg,Soybean___healthy,Cherry___healthy,0.589310
plantwild/extracted/plantwild/images/soybean leaf/319.jpg,Soybean___healthy,Grape___Black_rot,0.220740
plantwild/extracted/plantwild/images/soybean leaf/32.jpg,Soybean___healthy,Corn___healthy,0.927487
plantwild/extracted/plantwild/images/soybean leaf/320.jpg,Soybean___healthy,Tomato___Tomato_Yellow_Leaf_Curl_Virus,0.675715
plantwild/extracted/plantwild/images/soybean leaf/33.jpg,Soybean___healthy,"Pepper,_bell___healthy",0.633050
plantwild/extracted/plantwild/images/soybean leaf/331.jpg,Soybean___healthy,Strawberry___Leaf_scorch,0.564619
plantwild/extracted/plantwild/images/soybean leaf/335.jpg,Soybean___healthy,"Pepper,_bell___healthy",0.970117
plantwild/extracted/plantwild/images/soybean leaf/339.jpg,Soybean___healthy,"Pepper,_bell___healthy",0.922437
plantwild/extracted/plantwild/images/soybean leaf/34.jpg,Soybean___healthy,Strawberry___Leaf_scorch,0.897173
plantwild/extracted/plantwild/images/soybean leaf/35.jpg,Soybean___healthy,"Pepper,_bell___healthy",0.762881
plantwild/extracted/plantwild/images/soybean leaf/36.jpg,Soybean___healthy,"Pepper,_bell___healthy",0.735096
plantwild/extracted/plantwild/images/soybean leaf/37.jpg,Soybean___healthy,"Pepper,_bell___healthy",0.845928
plantwild/extracted/plantwild/images/soybean leaf/38.jpg,Soybean___healthy,"Pepper,_bell___healthy",0.887177
plantwild/extracted/plantwild/images/soybean leaf/39.jpg,Soybean___healthy,Strawberry___Leaf_scorch,0.441494
plantwild/extracted/plantwild/images/soybean leaf/4.jpg,Soybean___healthy,"Pepper,_bell___healthy",0.957579
plantwild/extracted/plantwild/images/soybean leaf/42.jpg,Soybean___healthy,Cherry___healthy,0.305484
plantwild/extracted/plantwild/images/soybean leaf/44.jpg,Soybean___healthy,"Pepper,_bell___healthy",0.887541
plantwild/extracted/plantwild/images/soybean leaf/45.jpg,Soybean___healthy,"Pepper,_bell___healthy",0.615673
plantwild/extracted/plantwild/images/soybean leaf/46.jpg,Soybean___healthy,"Pepper,_bell___healthy",0.291724
plantwild/extracted/plantwild/images/soybean leaf/47.jpg,Soybean___healthy,Strawberry___Leaf_scorch,0.540427
plantwild/extracted/plantwild/images/soybean leaf/49.jpg,Soybean___healthy,"Pepper,_bell___healthy",0.924071
plantwild/extracted/plantwild/images/soybean leaf/5.jpg,Soybean___healthy,"Pepper,_bell___healthy",0.963566
plantwild/extracted/plantwild/images/soybean leaf/50.jpg,Soybean___healthy,Corn___healthy,0.618053
plantwild/extracted/plantwild/images/soybean leaf/51.jpg,Soybean___healthy,Corn___healthy,0.844963
plantwild/extracted/plantwild/images/soybean leaf/53.jpg,Soybean___healthy,Strawberry___Leaf_scorch,0.958552
plantwild/extracted/plantwild/images/soybean leaf/55.jpg,Soybean___healthy,"Pepper,_bell___healthy",0.870999
plantwild/extracted/plantwild/images/soybean leaf/56.jpg,Soybean___healthy,Cherry___healthy,0.576489
plantwild/extracted/plantwild/images/soybean leaf/58.jpg,Soybean___healthy,"Pepper,_bell___healthy",0.945960
plantwild/extracted/plantwild/images/soybean leaf/59.jpg,Soybean___healthy,"Pepper,_bell___healthy",0.799368
plantwild/extracted/plantwild/images/soybean leaf/6.jpg,Soybean___healthy,"Pepper,_bell___healthy",0.952193
plantwild/extracted/plantwild/images/soybean leaf/60.jpg,Soybean___healthy,Cherry___healthy,0.685815
plantwild/extracted/plantwild/images/soybean leaf/61.jpg,Soybean___healthy,Strawberry___Leaf_scorch,0.358669
plantwild/extracted/plantwild/images/soybean leaf/62.jpg,Soybean___healthy,Cherry___healthy,0.603719
plantwild/extracted/plantwild/images/soybean leaf/63.jpg,Soybean___healthy,Corn___healthy,0.827169
plantwild/extracted/plantwild/images/soybean leaf/67.jpg,Soybean___healthy,"Pepper,_bell___healthy",0.652170
plantwild/extracted/plantwild/images/soybean leaf/69.jpg,Soybean___healthy,Cherry___healthy,0.962261
plantwild/extracted/plantwild/images/soybean leaf/7.jpg,Soybean___healthy,Corn___healthy,0.303991
plantwild/extracted/plantwild/images/soybean leaf/70.jpg,Soybean___healthy,Cherry___healthy,0.877320
plantwild/extracted/plantwild/images/soybean leaf/72.jpg,Soybean___healthy,"Pepper,_bell___healthy",0.795099
plantwild/extracted/plantwild/images/soybean leaf/73.jpg,Soybean___healthy,"Pepper,_bell___healthy",0.966529
plantwild/extracted/plantwild/images/soybean leaf/75.jpg,Soybean___healthy,Cherry___healthy,0.664319
plantwild/extracted/plantwild/images/soybean leaf/76.jpg,Soybean___healthy,Strawberry___Leaf_scorch,0.484837
plantwild/extracted/plantwild/images/soybean leaf/77.jpg,Soybean___healthy,Cherry___healthy,0.410463
plantwild/extracted/plantwild/images/soybean leaf/78.jpg,Soybean___healthy,Cherry___healthy,0.234698
plantwild/extracted/plantwild/images/soybean leaf/8.jpg,Soybean___healthy,"Pepper,_bell___healthy",0.802300
plantwild/extracted/plantwild/images/soybean leaf/81.jpg,Soybean___healthy,Cherry___healthy,0.671225
plantwild/extracted/plantwild/images/soybean leaf/82.jpg,Soybean___healthy,Cherry___healthy,0.457863
plantwild/extracted/plantwild/images/soybean leaf/84.jpg,Soybean___healthy,Cherry___healthy,0.457863
plantwild/extracted/plantwild/images/soybean leaf/86.jpg,Soybean___healthy,Strawberry___Leaf_scorch,0.320523
plantwild/extracted/plantwild/images/soybean leaf/87.jpg,Soybean___healthy,Strawberry___Leaf_scorch,0.769188
plantwild/extracted/plantwild/images/soybean leaf/88.jpg,Soybean___healthy,"Pepper,_bell___healthy",0.969669
plantwild/extracted/plantwild/images/soybean leaf/9.jpg,Soybean___healthy,Tomato___Tomato_Yellow_Leaf_Curl_Virus,0.254338
plantwild/extracted/plantwild/images/soybean leaf/92.jpg,Soybean___healthy,"Pepper,_bell___healthy",0.733597
plantwild/extracted/plantwild/images/soybean leaf/93.jpg,Soybean___healthy,Cherry___healthy,0.926113
plantwild/extracted/plantwild/images/soybean leaf/95.jpg,Soybean___healthy,Cherry___healthy,0.748387
plantwild/extracted/plantwild/images/soybean leaf/97.jpg,Soybean___healthy,"Pepper,_bell___healthy",0.458744
plantwild/extracted/plantwild/images/soybean leaf/99.jpg,Soybean___healthy,"Pepper,_bell___healthy",0.942586
plantwild/extracted/plantwild/images/soybean leaf/google_0000.jpg,Soybean___healthy,"Pepper,_bell___healthy",0.695230
plantwild/extracted/plantwild/images/soybean leaf/google_0001.jpg,Soybean___healthy,Tomato___Tomato_Yellow_Leaf_Curl_Virus,0.415747
plantwild/extracted/plantwild/images/soybean leaf/google_0002.jpg,Soybean___healthy,Blueberry___healthy,0.535513
plantwild/extracted/plantwild/images/soybean leaf/google_0004.jpg,Soybean___healthy,"Pepper,_bell___healthy",0.951811
plantwild/extracted/plantwild/images/soybean leaf/google_0005.jpg,Soybean___healthy,Corn___healthy,0.305455
plantwild/extracted/plantwild/images/soybean leaf/google_0007.jpg,Soybean___healthy,"Pepper,_bell___healthy",0.966187
plantwild/extracted/plantwild/images/soybean leaf/google_0008.jpg,Soybean___healthy,Tomato___Bacterial_spot,0.233342
plantwild/extracted/plantwild/images/soybean leaf/google_0010.jpg,Soybean___healthy,"Pepper,_bell___healthy",0.913269
plantwild/extracted/plantwild/images/soybean leaf/google_0014.jpg,Soybean___healthy,Blueberry___healthy,0.961148
plantwild/extracted/plantwild/images/soybean leaf/google_0015.jpg,Soybean___healthy,"Pepper,_bell___healthy",0.398916
plantwild/extracted/plantwild/images/soybean leaf/google_0027.jpg,Soybean___healthy,"Pepper,_bell___healthy",0.944013
plantwild/extracted/plantwild/images/soybean leaf/google_0028.jpg,Soybean___healthy,"Pepper,_bell___healthy",0.972925
plantwild/extracted/plantwild/images/soybean leaf/google_0032.jpg,Soybean___healthy,Tomato___Tomato_Yellow_Leaf_Curl_Virus,0.172600
plantwild/extracted/plantwild/images/soybean leaf/google_0033.jpg,Soybean___healthy,Corn___healthy,0.423700
plantwild/extracted/plantwild/images/soybean leaf/google_0042.jpg,Soybean___healthy,Strawberry___Leaf_scorch,0.961194
plantwild/extracted/plantwild/images/soybean leaf/google_0048.jpg,Soybean___healthy,"Pepper,_bell___healthy",0.612873
plantwild/extracted/plantwild/images/soybean leaf/google_0057.jpg,Soybean___healthy,Blueberry___healthy,0.669775
plantwild/extracted/plantwild/images/soybean leaf/google_0074.jpg,Soybean___healthy,"Pepper,_bell___healthy",0.946989
plantwild/extracted/plantwild/images/soybean leaf/google_0108.jpg,Soybean___healthy,"Pepper,_bell___healthy",0.961557
plantwild/extracted/plantwild/images/soybean leaf/google_0114.jpg,Soybean___healthy,"Pepper,_bell___healthy",0.971493
plantwild/extracted/plantwild/images/soybean leaf/google_0128.jpg,Soybean___healthy,Blueberry___healthy,0.905009
plantwild/extracted/plantwild/images/soybean leaf/google_0129.jpg,Soybean___healthy,Corn___healthy,0.827481
plantwild/extracted/plantwild/images/soybean leaf/google_0148.jpg,Soybean___healthy,Orange___Haunglongbing_(Citrus_greening),0.158617
plantwild/extracted/plantwild/images/soybean leaf/google_0164.jpg,Soybean___healthy,Corn___healthy,0.747818
plantwild/extracted/plantwild/images/soybean leaf/google_0172.jpg,Soybean___healthy,Corn___healthy,0.895491
plantwild/extracted/plantwild/images/soybean leaf/google_0174.jpg,Soybean___healthy,"Pepper,_bell___healthy",0.952447
plantwild/extracted/plantwild/images/soybean leaf/google_0200.jpg,Soybean___healthy,"Pepper,_bell___healthy",0.403533
plantwild/extracted/plantwild/images/soybean leaf/google_0209.jpg,Soybean___healthy,"Pepper,_bell___healthy",0.953095
plantwild/extracted/plantwild/images/soybean leaf/google_0225.jpg,Soybean___healthy,Blueberry___healthy,0.704732
plantwild/extracted/plantwild/images/soybean leaf/google_0229.jpg,Soybean___healthy,"Pepper,_bell___healthy",0.725697
plantwild/extracted/plantwild/images/soybean leaf/google_0261.jpg,Soybean___healthy,"Pepper,_bell___healthy",0.942942
plantwild/extracted/plantwild/images/soybean leaf/google_0270.jpg,Soybean___healthy,"Pepper,_bell___healthy",0.569097
plantwild/extracted/plantwild/images/soybean leaf/google_0305.jpg,Soybean___healthy,Strawberry___Leaf_scorch,0.948691
plantwild/extracted/plantwild/images/soybean leaf/google_0310.jpg,Soybean___healthy,"Pepper,_bell___healthy",0.964154
plantwild/extracted/plantwild/images/soybean leaf/google_0312.jpg,Soybean___healthy,"Pepper,_bell___healthy",0.943098
plantwild/extracted/plantwild/images/soybean leaf/google_0317.jpg,Soybean___healthy,"Pepper,_bell___healthy",0.970069
plantwild/extracted/plantwild/images/soybean leaf/google_0352.jpg,Soybean___healthy,Strawberry___Leaf_scorch,0.922110
plantwild/extracted/plantwild/images/soybean leaf/google_0357.jpg,Soybean___healthy,Corn___healthy,0.783593
plantwild/extracted/plantwild/images/soybean leaf/google_0371.jpg,Soybean___healthy,"Pepper,_bell___healthy",0.950318
plantwild/extracted/plantwild/images/soybean leaf/google_0377.jpg,Soybean___healthy,"Pepper,_bell___healthy",0.970640
plantwild/extracted/plantwild/images/soybean leaf/google_0379.jpg,Soybean___healthy,"Pepper,_bell___healthy",0.931744
plantwild/extracted/plantwild/images/soybean leaf/google_0388.jpg,Soybean___healthy,"Pepper,_bell___healthy",0.722965
plantwild/extracted/plantwild/images/soybean leaf/google_0406.jpg,Soybean___healthy,"Pepper,_bell___healthy",0.147316
plantwild/extracted/plantwild/images/soybean leaf/google_0422.jpg,Soybean___healthy,"Pepper,_bell___healthy",0.797675
plantwild/extracted/plantwild/images/soybean leaf/google_0443.jpg,Soybean___healthy,"Pepper,_bell___healthy",0.841028
plantwild/extracted/plantwild/images/soybean leaf/google_0462.jpg,Soybean___healthy,"Pepper,_bell___healthy",0.688125
plantwild/extracted/plantwild/images/soybean leaf/google_0464.jpg,Soybean___healthy,Strawberry___Leaf_scorch,0.568100
plantwild/extracted/plantwild/images/soybean leaf/google_0470.jpg,Soybean___healthy,"Pepper,_bell___healthy",0.952059
plantwild/extracted/plantwild/images/soybean leaf/google_0479.jpg,Soybean___healthy,Cherry___healthy,0.258800
plantwild/extracted/plantwild/images/soybean leaf/google_0480.jpg,Soybean___healthy,"Pepper,_bell___healthy",0.724254
plantwild/extracted/plantwild/images/soybean leaf/google_0487.jpg,Soybean___healthy,Tomato___Tomato_Yellow_Leaf_Curl_Virus,0.375127
plantwild/extracted/plantwild/images/soybean leaf/google_0508.jpg,Soybean___healthy,"Pepper,_bell___healthy",0.954720
plantwild/extracted/plantwild/images/soybean leaf/google_0509.jpg,Soybean___healthy,"Pepper,_bell___healthy",0.955568
plantwild/extracted/plantwild/images/soybean leaf/google_0525.jpg,Soybean___healthy,Corn___healthy,0.840145
plantwild/extracted/plantwild/images/soybean leaf/google_0526.jpg,Soybean___healthy,Strawberry___Leaf_scorch,0.958420
plantwild/extracted/plantwild/images/soybean leaf/google_0528.jpg,Soybean___healthy,"Pepper,_bell___healthy",0.900241
plantwild/extracted/plantwild/images/soybean leaf/google_0532.jpg,Soybean___healthy,"Pepper,_bell___healthy",0.960917
plantwild/extracted/plantwild/images/soybean leaf/google_0535.jpg,Soybean___healthy,"Pepper,_bell___healthy",0.735075
plantwild/extracted/plantwild/images/soybean leaf/google_0537.jpg,Soybean___healthy,Blueberry___healthy,0.871853
plantwild/extracted/plantwild/images/soybean leaf/google_0539.jpg,Soybean___healthy,"Pepper,_bell___healthy",0.870718
plantwild/extracted/plantwild/images/soybean leaf/google_0542.jpg,Soybean___healthy,Tomato___Tomato_Yellow_Leaf_Curl_Virus,0.654732
plantwild/extracted/plantwild/images/soybean leaf/google_0543.jpg,Soybean___healthy,Cherry___healthy,0.443245
plantwild/extracted/plantwild/images/soybean leaf/google_0553.jpg,Soybean___healthy,"Pepper,_bell___healthy",0.967473
plantwild/extracted/plantwild/images/soybean leaf/google_0555.jpg,Soybean___healthy,"Pepper,_bell___healthy",0.962971
plantwild/extracted/plantwild/images/soybean leaf/google_0556.jpg,Soybean___healthy,"Pepper,_bell___healthy",0.950410
plantwild/extracted/plantwild/images/soybean leaf/google_0557.jpg,Soybean___healthy,"Pepper,_bell___healthy",0.938703
plantwild/extracted/plantwild/images/soybean leaf/google_0560.jpg,Soybean___healthy,Strawberry___Leaf_scorch,0.897086
plantwild/extracted/plantwild/images/soybean leaf/google_0562.jpg,Soybean___healthy,Tomato___Tomato_Yellow_Leaf_Curl_Virus,0.334645
plantwild/extracted/plantwild/images/soybean leaf/google_0564.jpg,Soybean___healthy,Corn___healthy,0.557609
plantwild/extracted/plantwild/images/soybean leaf/google_0566.jpg,Soybean___healthy,"Pepper,_bell___healthy",0.954025
plantwild/extracted/plantwild/images/soybean leaf/google_0567.jpg,Soybean___healthy,"Pepper,_bell___healthy",0.929234
plantwild/extracted/plantwild/images/soybean leaf/google_0568.jpg,Soybean___healthy,"Pepper,_bell___healthy",0.911269
plantwild/extracted/plantwild/images/soybean leaf/google_0571.jpg,Soybean___healthy,"Pepper,_bell___healthy",0.918416
plantwild/extracted/plantwild/images/soybean leaf/google_0573.jpg,Soybean___healthy,"Pepper,_bell___healthy",0.867519
plantwild/extracted/plantwild/images/soybean leaf/google_0577.jpg,Soybean___healthy,"Pepper,_bell___healthy",0.743658
plantwild/extracted/plantwild/images/soybean leaf/google_0579.jpg,Soybean___healthy,Corn___healthy,0.185810
plantwild/extracted/plantwild/images/soybean leaf/google_0580.jpg,Soybean___healthy,"Pepper,_bell___healthy",0.403963
plantwild/extracted/plantwild/images/soybean leaf/google_0582.jpg,Soybean___healthy,Tomato___Tomato_Yellow_Leaf_Curl_Virus,0.637720
plantwild/extracted/plantwild/images/soybean leaf/google_0583.jpg,Soybean___healthy,Cherry___healthy,0.665858
plantwild/extracted/plantwild/images/soybean leaf/google_0585.jpg,Soybean___healthy,Tomato___Tomato_Yellow_Leaf_Curl_Virus,0.793929
plantwild/extracted/plantwild/images/soybean leaf/google_0587.jpg,Soybean___healthy,"Pepper,_bell___healthy",0.832396
plantwild/extracted/plantwild/images/soybean leaf/google_0588.jpg,Soybean___healthy,"Pepper,_bell___healthy",0.929354
plantwild/extracted/plantwild/images/soybean leaf/google_0589.jpg,Soybean___healthy,"Pepper,_bell___healthy",0.708669
plantwild/extracted/plantwild/images/soybean leaf/google_0592.jpg,Soybean___healthy,"Pepper,_bell___healthy",0.918219
plantwild/extracted/plantwild/images/soybean leaf/google_0594.jpg,Soybean___healthy,"Pepper,_bell___healthy",0.957058
plantwild/extracted/plantwild/images/soybean leaf/google_0601.jpg,Soybean___healthy,"Pepper,_bell___healthy",0.936838
plantwild/extracted/plantwild/images/soybean leaf/google_0602.jpg,Soybean___healthy,"Pepper,_bell___healthy",0.277284
plantwild/extracted/plantwild/images/soybean leaf/google_0603.jpg,Soybean___healthy,"Pepper,_bell___healthy",0.904309
plantwild/extracted/plantwild/images/soybean leaf/google_0604.jpg,Soybean___healthy,"Pepper,_bell___healthy",0.947987
plantwild/extracted/plantwild/images/soybean leaf/google_0605.jpg,Soybean___healthy,"Pepper,_bell___healthy",0.590549
plantwild/extracted/plantwild/images/soybean leaf/google_0606.jpg,Soybean___healthy,"Pepper,_bell___healthy",0.966068
plantwild/extracted/plantwild/images/soybean leaf/google_0607.jpg,Soybean___healthy,Grape___Black_rot,0.542955
plantwild/extracted/plantwild/images/soybean leaf/google_0608.jpg,Soybean___healthy,Corn___healthy,0.566970
plantwild/extracted/plantwild/images/squash powdery mildew/1.jpg,Squash___Powdery_mildew,Squash___Powdery_mildew,0.948254
plantwild/extracted/plantwild/images/squash powdery mildew/10.jpg,Squash___Powdery_mildew,Cherry___healthy,0.448940
plantwild/extracted/plantwild/images/squash powdery mildew/101.jpg,Squash___Powdery_mildew,Grape___Black_rot,0.295363
plantwild/extracted/plantwild/images/squash powdery mildew/102.jpg,Squash___Powdery_mildew,Squash___Powdery_mildew,0.421680
plantwild/extracted/plantwild/images/squash powdery mildew/103.jpg,Squash___Powdery_mildew,"Pepper,_bell___healthy",0.834193
plantwild/extracted/plantwild/images/squash powdery mildew/106.jpg,Squash___Powdery_mildew,Cherry___healthy,0.576368
plantwild/extracted/plantwild/images/squash powdery mildew/108.jpg,Squash___Powdery_mildew,"Pepper,_bell___healthy",0.460767
plantwild/extracted/plantwild/images/squash powdery mildew/11.jpg,Squash___Powdery_mildew,Cherry___healthy,0.456058
plantwild/extracted/plantwild/images/squash powdery mildew/114.jpg,Squash___Powdery_mildew,Cherry___healthy,0.408516
plantwild/extracted/plantwild/images/squash powdery mildew/115.jpg,Squash___Powdery_mildew,Strawberry___Leaf_scorch,0.341870
plantwild/extracted/plantwild/images/squash powdery mildew/116.jpg,Squash___Powdery_mildew,Strawberry___Leaf_scorch,0.517204
plantwild/extracted/plantwild/images/squash powdery mildew/119.jpg,Squash___Powdery_mildew,Cherry___healthy,0.581038
plantwild/extracted/plantwild/images/squash powdery mildew/12.jpg,Squash___Powdery_mildew,Cherry___healthy,0.410340
plantwild/extracted/plantwild/images/squash powdery mildew/120.jpg,Squash___Powdery_mildew,Strawberry___Leaf_scorch,0.914751
plantwild/extracted/plantwild/images/squash powdery mildew/121.jpg,Squash___Powdery_mildew,Strawberry___Leaf_scorch,0.953636
plantwild/extracted/plantwild/images/squash powdery mildew/123.jpg,Squash___Powdery_mildew,"Pepper,_bell___healthy",0.867289
plantwild/extracted/plantwild/images/squash powdery mildew/129 - Copy.jpg,Squash___Powdery_mildew,Corn___healthy,0.679742
plantwild/extracted/plantwild/images/squash powdery mildew/129.jpg,Squash___Powdery_mildew,Strawberry___Leaf_scorch,0.953641
plantwild/extracted/plantwild/images/squash powdery mildew/13.jpg,Squash___Powdery_mildew,Cherry___healthy,0.686990
plantwild/extracted/plantwild/images/squash powdery mildew/130.jpg,Squash___Powdery_mildew,Cherry___healthy,0.336969
plantwild/extracted/plantwild/images/squash powdery mildew/14.jpg,Squash___Powdery_mildew,Cherry___healthy,0.895435
plantwild/extracted/plantwild/images/squash powdery mildew/140.jpg,Squash___Powdery_mildew,Tomato___Target_Spot,0.279207
plantwild/extracted/plantwild/images/squash powdery mildew/15.jpg,Squash___Powdery_mildew,Corn___healthy,0.927802
plantwild/extracted/plantwild/images/squash powdery mildew/152.jpg,Squash___Powdery_mildew,Strawberry___Leaf_scorch,0.742771
plantwild/extracted/plantwild/images/squash powdery mildew/16.jpg,Squash___Powdery_mildew,Strawberry___Leaf_scorch,0.964970
plantwild/extracted/plantwild/images/squash powdery mildew/17.jpg,Squash___Powdery_mildew,Tomato___Early_blight,0.850324
plantwild/extracted/plantwild/images/squash powdery mildew/170.jpg,Squash___Powdery_mildew,Strawberry___Leaf_scorch,0.925072
plantwild/extracted/plantwild/images/squash powdery mildew/172.jpg,Squash___Powdery_mildew,Tomato___Late_blight,0.723060
plantwild/extracted/plantwild/images/squash powdery mildew/178.jpg,Squash___Powdery_mildew,Cherry___Powdery_mildew,0.728363
plantwild/extracted/plantwild/images/squash powdery mildew/18.jpg,Squash___Powdery_mildew,Cherry___healthy,0.827090
plantwild/extracted/plantwild/images/squash powdery mildew/183.jpg,Squash___Powdery_mildew,Strawberry___Leaf_scorch,0.376726
plantwild/extracted/plantwild/images/squash powdery mildew/19.jpg,Squash___Powdery_mildew,Cherry___healthy,0.680689
plantwild/extracted/plantwild/images/squash powdery mildew/2.jpg,Squash___Powdery_mildew,Strawberry___Leaf_scorch,0.916865
plantwild/extracted/plantwild/images/squash powdery mildew/20.jpg,Squash___Powdery_mildew,Cherry___healthy,0.934768
plantwild/extracted/plantwild/images/squash powdery mildew/21.jpg,Squash___Powdery_mildew,Squash___Powdery_mildew,0.955045
plantwild/extracted/plantwild/images/squash powdery mildew/22.jpg,Squash___Powdery_mildew,Squash___Powdery_mildew,0.760080
plantwild/extracted/plantwild/images/squash powdery mildew/23.jpg,Squash___Powdery_mildew,Strawberry___Leaf_scorch,0.784082
plantwild/extracted/plantwild/images/squash powdery mildew/24.jpg,Squash___Powdery_mildew,Cherry___healthy,0.485055
plantwild/extracted/plantwild/images/squash powdery mildew/25.jpg,Squash___Powdery_mildew,"Pepper,_bell___healthy",0.913675
plantwild/extracted/plantwild/images/squash powdery mildew/28.jpg,Squash___Powdery_mildew,Cherry___healthy,0.847653
plantwild/extracted/plantwild/images/squash powdery mildew/29.jpg,Squash___Powdery_mildew,"Pepper,_bell___healthy",0.746760
plantwild/extracted/plantwild/images/squash powdery mildew/3.jpg,Squash___Powdery_mildew,"Pepper,_bell___healthy",0.916991
plantwild/extracted/plantwild/images/squash powdery mildew/30.jpg,Squash___Powdery_mildew,Strawberry___Leaf_scorch,0.897808
plantwild/extracted/plantwild/images/squash powdery mildew/31.jpg,Squash___Powdery_mildew,Tomato___Late_blight,0.436652
plantwild/extracted/plantwild/images/squash powdery mildew/32.jpg,Squash___Powdery_mildew,Cherry___healthy,0.365685
plantwild/extracted/plantwild/images/squash powdery mildew/33.jpg,Squash___Powdery_mildew,"Pepper,_bell___healthy",0.711848
plantwild/extracted/plantwild/images/squash powdery mildew/34.jpg,Squash___Powdery_mildew,"Pepper,_bell___healthy",0.863769
plantwild/extracted/plantwild/images/squash powdery mildew/35.jpg,Squash___Powdery_mildew,Squash___Powdery_mildew,0.426079
plantwild/extracted/plantwild/images/squash powdery mildew/37.jpg,Squash___Powdery_mildew,"Pepper,_bell___healthy",0.432305
plantwild/extracted/plantwild/images/squash powdery mildew/38.jpg,Squash___Powdery_mildew,Cherry___healthy,0.467966
plantwild/extracted/plantwild/images/squash powdery mildew/39.jpg,Squash___Powdery_mildew,Corn___healthy,0.368328
plantwild/extracted/plantwild/images/squash powdery mildew/4.jpg,Squash___Powdery_mildew,Strawberry___Leaf_scorch,0.918223
plantwild/extracted/plantwild/images/squash powdery mildew/40.jpg,Squash___Powdery_mildew,Corn___healthy,0.918123
plantwild/extracted/plantwild/images/squash powdery mildew/41.jpg,Squash___Powdery_mildew,"Pepper,_bell___healthy",0.843987
plantwild/extracted/plantwild/images/squash powdery mildew/42.jpg,Squash___Powdery_mildew,Tomato___Late_blight,0.905930
plantwild/extracted/plantwild/images/squash powdery mildew/44.jpg,Squash___Powdery_mildew,Strawberry___Leaf_scorch,0.940484
plantwild/extracted/plantwild/images/squash powdery mildew/45.jpg,Squash___Powdery_mildew,"Pepper,_bell___healthy",0.933355
plantwild/extracted/plantwild/images/squash powdery mildew/47.jpg,Squash___Powdery_mildew,Corn___healthy,0.875330
plantwild/extracted/plantwild/images/squash powdery mildew/48.jpg,Squash___Powdery_mildew,Squash___Powdery_mildew,0.754046
plantwild/extracted/plantwild/images/squash powdery mildew/5.jpg,Squash___Powdery_mildew,"Pepper,_bell___healthy",0.427033
plantwild/extracted/plantwild/images/squash powdery mildew/50.jpg,Squash___Powdery_mildew,Corn___healthy,0.809451
plantwild/extracted/plantwild/images/squash powdery mildew/51.jpg,Squash___Powdery_mildew,Cherry___healthy,0.592421
plantwild/extracted/plantwild/images/squash powdery mildew/52.jpg,Squash___Powdery_mildew,Squash___Powdery_mildew,0.907751
plantwild/extracted/plantwild/images/squash powdery mildew/53.jpg,Squash___Powdery_mildew,Strawberry___Leaf_scorch,0.936167
plantwild/extracted/plantwild/images/squash powdery mildew/54.jpg,Squash___Powdery_mildew,Squash___Powdery_mildew,0.857827
plantwild/extracted/plantwild/images/squash powdery mildew/55.jpg,Squash___Powdery_mildew,Strawberry___Leaf_scorch,0.951796
plantwild/extracted/plantwild/images/squash powdery mildew/56.jpg,Squash___Powdery_mildew,Corn___healthy,0.923426
plantwild/extracted/plantwild/images/squash powdery mildew/58.jpg,Squash___Powdery_mildew,Squash___Powdery_mildew,0.774543
plantwild/extracted/plantwild/images/squash powdery mildew/59.jpg,Squash___Powdery_mildew,"Pepper,_bell___healthy",0.551002
plantwild/extracted/plantwild/images/squash powdery mildew/6.jpg,Squash___Powdery_mildew,"Pepper,_bell___healthy",0.958743
plantwild/extracted/plantwild/images/squash powdery mildew/60.jpg,Squash___Powdery_mildew,Cherry___healthy,0.435672
plantwild/extracted/plantwild/images/squash powdery mildew/61.jpg,Squash___Powdery_mildew,Squash___Powdery_mildew,0.808537
plantwild/extracted/plantwild/images/squash powdery mildew/62.jpg,Squash___Powdery_mildew,Squash___Powdery_mildew,0.809215
plantwild/extracted/plantwild/images/squash powdery mildew/65.jpg,Squash___Powdery_mildew,Corn___healthy,0.466259
plantwild/extracted/plantwild/images/squash powdery mildew/66.jpg,Squash___Powdery_mildew,"Pepper,_bell___healthy",0.953897
plantwild/extracted/plantwild/images/squash powdery mildew/68.jpg,Squash___Powdery_mildew,"Pepper,_bell___healthy",0.928932
plantwild/extracted/plantwild/images/squash powdery mildew/69.jpg,Squash___Powdery_mildew,"Pepper,_bell___healthy",0.949309
plantwild/extracted/plantwild/images/squash powdery mildew/7.jpg,Squash___Powdery_mildew,Strawberry___Leaf_scorch,0.333439
plantwild/extracted/plantwild/images/squash powdery mildew/71.jpg,Squash___Powdery_mildew,Tomato___Late_blight,0.584752
plantwild/extracted/plantwild/images/squash powdery mildew/72.jpg,Squash___Powdery_mildew,"Pepper,_bell___healthy",0.942122
plantwild/extracted/plantwild/images/squash powdery mildew/73.jpg,Squash___Powdery_mildew,Cherry___healthy,0.925794
plantwild/extracted/plantwild/images/squash powdery mildew/75.jpg,Squash___Powdery_mildew,Cherry___healthy,0.542178
plantwild/extracted/plantwild/images/squash powdery mildew/77.jpg,Squash___Powdery_mildew,"Pepper,_bell___healthy",0.867185
plantwild/extracted/plantwild/images/squash powdery mildew/78.jpg,Squash___Powdery_mildew,Strawberry___Leaf_scorch,0.607667
plantwild/extracted/plantwild/images/squash powdery mildew/79.jpg,Squash___Powdery_mildew,Cherry___healthy,0.694201
plantwild/extracted/plantwild/images/squash powdery mildew/8.jpg,Squash___Powdery_mildew,Cherry___healthy,0.474767
plantwild/extracted/plantwild/images/squash powdery mildew/81.jpg,Squash___Powdery_mildew,Squash___Powdery_mildew,0.778037
plantwild/extracted/plantwild/images/squash powdery mildew/82.jpg,Squash___Powdery_mildew,"Pepper,_bell___healthy",0.378228
plantwild/extracted/plantwild/images/squash powdery mildew/83.jpg,Squash___Powdery_mildew,Tomato___Leaf_Mold,0.385720
plantwild/extracted/plantwild/images/squash powdery mildew/84.jpg,Squash___Powdery_mildew,Strawberry___Leaf_scorch,0.429744
plantwild/extracted/plantwild/images/squash powdery mildew/88.jpg,Squash___Powdery_mildew,Cherry___healthy,0.928596
plantwild/extracted/plantwild/images/squash powdery mildew/9.jpg,Squash___Powdery_mildew,"Pepper,_bell___healthy",0.605133
plantwild/extracted/plantwild/images/squash powdery mildew/93.jpg,Squash___Powdery_mildew,"Pepper,_bell___healthy",0.432290
plantwild/extracted/plantwild/images/squash powdery mildew/google_0000.jpg,Squash___Powdery_mildew,"Pepper,_bell___healthy",0.526478
plantwild/extracted/plantwild/images/squash powdery mildew/google_0001.jpg,Squash___Powdery_mildew,Corn___healthy,0.817859
plantwild/extracted/plantwild/images/squash powdery mildew/google_0002.jpg,Squash___Powdery_mildew,Cherry___healthy,0.754076
plantwild/extracted/plantwild/images/squash powdery mildew/google_0003.jpg,Squash___Powdery_mildew,"Pepper,_bell___healthy",0.838166
plantwild/extracted/plantwild/images/squash powdery mildew/google_0004.jpg,Squash___Powdery_mildew,"Pepper,_bell___healthy",0.930448
plantwild/extracted/plantwild/images/squash powdery mildew/google_0005.jpg,Squash___Powdery_mildew,Cherry___healthy,0.278114
plantwild/extracted/plantwild/images/squash powdery mildew/google_0006.jpg,Squash___Powdery_mildew,"Pepper,_bell___healthy",0.517955
plantwild/extracted/plantwild/images/squash powdery mildew/google_0007.jpg,Squash___Powdery_mildew,Squash___Powdery_mildew,0.736236
plantwild/extracted/plantwild/images/squash powdery mildew/google_0008.jpg,Squash___Powdery_mildew,Squash___Powdery_mildew,0.911773
plantwild/extracted/plantwild/images/squash powdery mildew/google_0009.jpg,Squash___Powdery_mildew,"Pepper,_bell___healthy",0.604393
plantwild/extracted/plantwild/images/squash powdery mildew/google_0010.jpg,Squash___Powdery_mildew,"Pepper,_bell___healthy",0.505332
plantwild/extracted/plantwild/images/squash powdery mildew/google_0011.jpg,Squash___Powdery_mildew,Squash___Powdery_mildew,0.945822
plantwild/extracted/plantwild/images/squash powdery mildew/google_0013.jpg,Squash___Powdery_mildew,Squash___Powdery_mildew,0.961220
plantwild/extracted/plantwild/images/squash powdery mildew/google_0014.jpg,Squash___Powdery_mildew,"Pepper,_bell___healthy",0.570958
plantwild/extracted/plantwild/images/squash powdery mildew/google_0016.jpg,Squash___Powdery_mildew,"Pepper,_bell___healthy",0.904534
plantwild/extracted/plantwild/images/squash powdery mildew/google_0017.jpg,Squash___Powdery_mildew,Tomato___healthy,0.231930
plantwild/extracted/plantwild/images/squash powdery mildew/google_0018.jpg,Squash___Powdery_mildew,Strawberry___Leaf_scorch,0.956238
plantwild/extracted/plantwild/images/squash powdery mildew/google_0019.jpg,Squash___Powdery_mildew,"Pepper,_bell___healthy",0.889839
plantwild/extracted/plantwild/images/squash powdery mildew/google_0024.jpg,Squash___Powdery_mildew,"Pepper,_bell___healthy",0.960277
plantwild/extracted/plantwild/images/squash powdery mildew/google_0025.jpg,Squash___Powdery_mildew,Cherry___healthy,0.330311
plantwild/extracted/plantwild/images/squash powdery mildew/google_0026.jpg,Squash___Powdery_mildew,Corn___healthy,0.480744
plantwild/extracted/plantwild/images/squash powdery mildew/google_0027.jpg,Squash___Powdery_mildew,Squash___Powdery_mildew,0.770648
plantwild/extracted/plantwild/images/squash powdery mildew/google_0028.jpg,Squash___Powdery_mildew,Squash___Powdery_mildew,0.925159
plantwild/extracted/plantwild/images/squash powdery mildew/google_0029.jpg,Squash___Powdery_mildew,Squash___Powdery_mildew,0.400213
plantwild/extracted/plantwild/images/squash powdery mildew/google_0030.jpg,Squash___Powdery_mildew,Strawberry___Leaf_scorch,0.854893
plantwild/extracted/plantwild/images/squash powdery mildew/google_0031.jpg,Squash___Powdery_mildew,"Pepper,_bell___healthy",0.803006
plantwild/extracted/plantwild/images/squash powdery mildew/google_0032.jpg,Squash___Powdery_mildew,Cherry___healthy,0.642160
plantwild/extracted/plantwild/images/squash powdery mildew/google_0033.jpg,Squash___Powdery_mildew,"Pepper,_bell___healthy",0.558508
plantwild/extracted/plantwild/images/squash powdery mildew/google_0034.jpg,Squash___Powdery_mildew,Strawberry___Leaf_scorch,0.471375
plantwild/extracted/plantwild/images/squash powdery mildew/google_0035.jpg,Squash___Powdery_mildew,Squash___Powdery_mildew,0.950203
plantwild/extracted/plantwild/images/squash powdery mildew/google_0036.jpg,Squash___Powdery_mildew,Tomato___Late_blight,0.341267
plantwild/extracted/plantwild/images/squash powdery mildew/google_0039.jpg,Squash___Powdery_mildew,Strawberry___Leaf_scorch,0.666100
plantwild/extracted/plantwild/images/squash powdery mildew/google_0041.jpg,Squash___Powdery_mildew,Strawberry___Leaf_scorch,0.936804
plantwild/extracted/plantwild/images/squash powdery mildew/google_0042.jpg,Squash___Powdery_mildew,Cherry___healthy,0.252258
plantwild/extracted/plantwild/images/squash powdery mildew/google_0043.jpg,Squash___Powdery_mildew,"Pepper,_bell___healthy",0.489374
plantwild/extracted/plantwild/images/squash powdery mildew/google_0044.jpg,Squash___Powdery_mildew,Strawberry___Leaf_scorch,0.757811
plantwild/extracted/plantwild/images/squash powdery mildew/google_0045.jpg,Squash___Powdery_mildew,Squash___Powdery_mildew,0.930322
plantwild/extracted/plantwild/images/squash powdery mildew/google_0047.jpg,Squash___Powdery_mildew,Strawberry___Leaf_scorch,0.926434
plantwild/extracted/plantwild/images/squash powdery mildew/google_0048.jpg,Squash___Powdery_mildew,Strawberry___Leaf_scorch,0.875150
plantwild/extracted/plantwild/images/squash powdery mildew/google_0049.jpg,Squash___Powdery_mildew,Squash___Powdery_mildew,0.963762
plantwild/extracted/plantwild/images/squash powdery mildew/google_0050.jpg,Squash___Powdery_mildew,Tomato___Early_blight,0.392754
plantwild/extracted/plantwild/images/squash powdery mildew/google_0051.jpg,Squash___Powdery_mildew,Strawberry___Leaf_scorch,0.886143
plantwild/extracted/plantwild/images/squash powdery mildew/google_0058.jpg,Squash___Powdery_mildew,"Pepper,_bell___healthy",0.634027
plantwild/extracted/plantwild/images/squash powdery mildew/google_0059.jpg,Squash___Powdery_mildew,"Pepper,_bell___healthy",0.937613
plantwild/extracted/plantwild/images/squash powdery mildew/google_0060.jpg,Squash___Powdery_mildew,"Pepper,_bell___healthy",0.916050
plantwild/extracted/plantwild/images/squash powdery mildew/google_0061.jpg,Squash___Powdery_mildew,Corn___healthy,0.950668
plantwild/extracted/plantwild/images/squash powdery mildew/google_0062.jpg,Squash___Powdery_mildew,Tomato___Early_blight,0.844423
plantwild/extracted/plantwild/images/squash powdery mildew/google_0063.jpg,Squash___Powdery_mildew,"Pepper,_bell___healthy",0.780513
plantwild/extracted/plantwild/images/squash powdery mildew/google_0064.jpg,Squash___Powdery_mildew,Cherry___healthy,0.878519
plantwild/extracted/plantwild/images/squash powdery mildew/google_0065.jpg,Squash___Powdery_mildew,"Pepper,_bell___healthy",0.609643
plantwild/extracted/plantwild/images/squash powdery mildew/google_0066.jpg,Squash___Powdery_mildew,Grape___Esca_(Black_Measles),0.207343
plantwild/extracted/plantwild/images/squash powdery mildew/google_0068.jpg,Squash___Powdery_mildew,Cherry___healthy,0.400282
plantwild/extracted/plantwild/images/squash powdery mildew/google_0069.jpg,Squash___Powdery_mildew,"Pepper,_bell___healthy",0.900090
plantwild/extracted/plantwild/images/squash powdery mildew/google_0070.jpg,Squash___Powdery_mildew,Cherry___healthy,0.609121
plantwild/extracted/plantwild/images/squash powdery mildew/google_0073.jpg,Squash___Powdery_mildew,Corn___healthy,0.679043
plantwild/extracted/plantwild/images/squash powdery mildew/google_0074.jpg,Squash___Powdery_mildew,Strawberry___Leaf_scorch,0.945716
plantwild/extracted/plantwild/images/squash powdery mildew/google_0075.jpg,Squash___Powdery_mildew,"Pepper,_bell___healthy",0.411781
plantwild/extracted/plantwild/images/squash powdery mildew/google_0076.jpg,Squash___Powdery_mildew,Strawberry___Leaf_scorch,0.761856
plantwild/extracted/plantwild/images/squash powdery mildew/google_0079.jpg,Squash___Powdery_mildew,Tomato___Early_blight,0.331323
plantwild/extracted/plantwild/images/squash powdery mildew/google_0080.jpg,Squash___Powdery_mildew,"Pepper,_bell___healthy",0.877971
plantwild/extracted/plantwild/images/squash powdery mildew/google_0081.jpg,Squash___Powdery_mildew,Squash___Powdery_mildew,0.891547
plantwild/extracted/plantwild/images/squash powdery mildew/google_0082.jpg,Squash___Powdery_mildew,Strawberry___Leaf_scorch,0.851315
plantwild/extracted/plantwild/images/squash powdery mildew/google_0083.jpg,Squash___Powdery_mildew,"Pepper,_bell___healthy",0.790449
plantwild/extracted/plantwild/images/squash powdery mildew/google_0093.jpg,Squash___Powdery_mildew,"Pepper,_bell___healthy",0.428485
plantwild/extracted/plantwild/images/squash powdery mildew/google_0094.jpg,Squash___Powdery_mildew,"Pepper,_bell___healthy",0.491931
plantwild/extracted/plantwild/images/squash powdery mildew/google_0098.jpg,Squash___Powdery_mildew,Corn___healthy,0.817117
plantwild/extracted/plantwild/images/squash powdery mildew/google_0099.jpg,Squash___Powdery_mildew,Strawberry___Leaf_scorch,0.561247
plantwild/extracted/plantwild/images/squash powdery mildew/google_0100.jpg,Squash___Powdery_mildew,Corn___healthy,0.804307
plantwild/extracted/plantwild/images/squash powdery mildew/google_0101.jpg,Squash___Powdery_mildew,Strawberry___Leaf_scorch,0.960171
plantwild/extracted/plantwild/images/squash powdery mildew/google_0102.jpg,Squash___Powdery_mildew,Squash___Powdery_mildew,0.233997
plantwild/extracted/plantwild/images/squash powdery mildew/google_0103.jpg,Squash___Powdery_mildew,Strawberry___Leaf_scorch,0.436823
plantwild/extracted/plantwild/images/squash powdery mildew/google_0104.jpg,Squash___Powdery_mildew,"Pepper,_bell___healthy",0.543380
plantwild/extracted/plantwild/images/squash powdery mildew/google_0105.jpg,Squash___Powdery_mildew,Corn___healthy,0.910315
plantwild/extracted/plantwild/images/squash powdery mildew/google_0106.jpg,Squash___Powdery_mildew,Corn___healthy,0.966790
plantwild/extracted/plantwild/images/squash powdery mildew/google_0107.jpg,Squash___Powdery_mildew,Corn___Cercospora_leaf_spot Gray_leaf_spot,0.277173
plantwild/extracted/plantwild/images/squash powdery mildew/google_0109.jpg,Squash___Powdery_mildew,Cherry___healthy,0.743743
plantwild/extracted/plantwild/images/squash powdery mildew/google_0110.jpg,Squash___Powdery_mildew,Corn___healthy,0.916991
plantwild/extracted/plantwild/images/squash powdery mildew/google_0112.jpg,Squash___Powdery_mildew,Cherry___healthy,0.872077
plantwild/extracted/plantwild/images/squash powdery mildew/google_0119.jpg,Squash___Powdery_mildew,Corn___healthy,0.865691
plantwild/extracted/plantwild/images/squash powdery mildew/google_0120.jpg,Squash___Powdery_mildew,Strawberry___Leaf_scorch,0.429586
plantwild/extracted/plantwild/images/squash powdery mildew/google_0122.jpg,Squash___Powdery_mildew,"Pepper,_bell___healthy",0.548986
plantwild/extracted/plantwild/images/squash powdery mildew/google_0123.jpg,Squash___Powdery_mildew,Strawberry___Leaf_scorch,0.956640
plantwild/extracted/plantwild/images/squash powdery mildew/google_0124.jpg,Squash___Powdery_mildew,Tomato___Early_blight,0.400197
plantwild/extracted/plantwild/images/squash powdery mildew/google_0125.jpg,Squash___Powdery_mildew,Cherry___healthy,0.657647
plantwild/extracted/plantwild/images/squash powdery mildew/google_0126.jpg,Squash___Powdery_mildew,Cherry___healthy,0.255341
plantwild/extracted/plantwild/images/squash powdery mildew/google_0132.jpg,Squash___Powdery_mildew,Apple___Apple_scab,0.685254
plantwild/extracted/plantwild/images/squash powdery mildew/google_0133.jpg,Squash___Powdery_mildew,"Pepper,_bell___healthy",0.794716
plantwild/extracted/plantwild/images/squash powdery mildew/google_0134.jpg,Squash___Powdery_mildew,Strawberry___Leaf_scorch,0.425018
plantwild/extracted/plantwild/images/squash powdery mildew/google_0136.jpg,Squash___Powdery_mildew,"Pepper,_bell___healthy",0.535987
plantwild/extracted/plantwild/images/squash powdery mildew/google_0138.jpg,Squash___Powdery_mildew,Strawberry___Leaf_scorch,0.502439
plantwild/extracted/plantwild/images/squash powdery mildew/google_0139.jpg,Squash___Powdery_mildew,Squash___Powdery_mildew,0.944890
plantwild/extracted/plantwild/images/squash powdery mildew/google_0142.jpg,Squash___Powdery_mildew,"Pepper,_bell___healthy",0.389142
plantwild/extracted/plantwild/images/squash powdery mildew/google_0143.jpg,Squash___Powdery_mildew,Apple___Black_rot,0.894143
plantwild/extracted/plantwild/images/squash powdery mildew/google_0144.jpg,Squash___Powdery_mildew,Tomato___Late_blight,0.966988
plantwild/extracted/plantwild/images/squash powdery mildew/google_0145.jpg,Squash___Powdery_mildew,Cherry___healthy,0.621048
plantwild/extracted/plantwild/images/squash powdery mildew/google_0146.jpg,Squash___Powdery_mildew,Potato___Early_blight,0.827335
plantwild/extracted/plantwild/images/squash powdery mildew/google_0147.jpg,Squash___Powdery_mildew,"Pepper,_bell___healthy",0.944763
plantwild/extracted/plantwild/images/squash powdery mildew/google_0148.jpg,Squash___Powdery_mildew,Corn___Cercospora_leaf_spot Gray_leaf_spot,0.820140
plantwild/extracted/plantwild/images/squash powdery mildew/google_0149.jpg,Squash___Powdery_mildew,"Pepper,_bell___healthy",0.604771
plantwild/extracted/plantwild/images/squash powdery mildew/google_0150.jpg,Squash___Powdery_mildew,Tomato___Target_Spot,0.565099
plantwild/extracted/plantwild/images/squash powdery mildew/google_0151.jpg,Squash___Powdery_mildew,Strawberry___Leaf_scorch,0.555938
plantwild/extracted/plantwild/images/squash powdery mildew/google_0152.jpg,Squash___Powdery_mildew,"Pepper,_bell___healthy",0.951452
plantwild/extracted/plantwild/images/squash powdery mildew/google_0155.jpg,Squash___Powdery_mildew,Cherry___healthy,0.382057
plantwild/extracted/plantwild/images/squash powdery mildew/google_0156.jpg,Squash___Powdery_mildew,"Pepper,_bell___healthy",0.389984
plantwild/extracted/plantwild/images/squash powdery mildew/google_0157.jpg,Squash___Powdery_mildew,Squash___Powdery_mildew,0.920636
plantwild/extracted/plantwild/images/squash powdery mildew/google_0158.jpg,Squash___Powdery_mildew,Cherry___healthy,0.688484
plantwild/extracted/plantwild/images/squash powdery mildew/google_0159.jpg,Squash___Powdery_mildew,Cherry___healthy,0.892867
plantwild/extracted/plantwild/images/squash powdery mildew/google_0161.jpg,Squash___Powdery_mildew,"Pepper,_bell___healthy",0.502129
plantwild/extracted/plantwild/images/squash powdery mildew/google_0162.jpg,Squash___Powdery_mildew,"Pepper,_bell___healthy",0.887177
plantwild/extracted/plantwild/images/squash powdery mildew/google_0168.jpg,Squash___Powdery_mildew,Strawberry___Leaf_scorch,0.936462
plantwild/extracted/plantwild/images/squash powdery mildew/google_0169.jpg,Squash___Powdery_mildew,Squash___Powdery_mildew,0.958316
plantwild/extracted/plantwild/images/squash powdery mildew/google_0173.jpg,Squash___Powdery_mildew,Squash___Powdery_mildew,0.965647
plantwild/extracted/plantwild/images/squash powdery mildew/google_0174.jpg,Squash___Powdery_mildew,Squash___Powdery_mildew,0.710862
plantwild/extracted/plantwild/images/squash powdery mildew/google_0175.jpg,Squash___Powdery_mildew,"Pepper,_bell___healthy",0.843639
plantwild/extracted/plantwild/images/squash powdery mildew/google_0176.jpg,Squash___Powdery_mildew,"Pepper,_bell___healthy",0.840720
plantwild/extracted/plantwild/images/squash powdery mildew/google_0180.jpg,Squash___Powdery_mildew,Strawberry___Leaf_scorch,0.887095
plantwild/extracted/plantwild/images/squash powdery mildew/google_0181.jpg,Squash___Powdery_mildew,Strawberry___Leaf_scorch,0.816701
plantwild/extracted/plantwild/images/squash powdery mildew/google_0182.jpg,Squash___Powdery_mildew,Cherry___healthy,0.466778
plantwild/extracted/plantwild/images/squash powdery mildew/google_0183.jpg,Squash___Powdery_mildew,"Pepper,_bell___healthy",0.285499
plantwild/extracted/plantwild/images/squash powdery mildew/google_0189.jpg,Squash___Powdery_mildew,Tomato___Late_blight,0.272544
plantwild/extracted/plantwild/images/squash powdery mildew/google_0190.jpg,Squash___Powdery_mildew,"Pepper,_bell___healthy",0.399453
plantwild/extracted/plantwild/images/squash powdery mildew/google_0191.jpg,Squash___Powdery_mildew,Strawberry___Leaf_scorch,0.795944
plantwild/extracted/plantwild/images/squash powdery mildew/google_0192.jpg,Squash___Powdery_mildew,Strawberry___Leaf_scorch,0.945426
plantwild/extracted/plantwild/images/squash powdery mildew/google_0193.jpg,Squash___Powdery_mildew,Grape___Black_rot,0.367912
plantwild/extracted/plantwild/images/squash powdery mildew/google_0196.jpg,Squash___Powdery_mildew,Cherry___healthy,0.422089
plantwild/extracted/plantwild/images/squash powdery mildew/google_0198.jpg,Squash___Powdery_mildew,Strawberry___Leaf_scorch,0.959699
plantwild/extracted/plantwild/images/squash powdery mildew/google_0201.jpg,Squash___Powdery_mildew,Cherry___healthy,0.886892
plantwild/extracted/plantwild/images/squash powdery mildew/google_0202.jpg,Squash___Powdery_mildew,Cherry___healthy,0.856959
plantwild/extracted/plantwild/images/squash powdery mildew/google_0208.jpg,Squash___Powdery_mildew,Cherry___healthy,0.393376
plantwild/extracted/plantwild/images/squash powdery mildew/google_0209.jpg,Squash___Powdery_mildew,Corn___healthy,0.952428
plantwild/extracted/plantwild/images/squash powdery mildew/google_0210.jpg,Squash___Powdery_mildew,Strawberry___Leaf_scorch,0.793628
plantwild/extracted/plantwild/images/squash powdery mildew/google_0213.jpg,Squash___Powdery_mildew,Cherry___healthy,0.449878
plantwild/extracted/plantwild/images/squash powdery mildew/google_0214.jpg,Squash___Powdery_mildew,Squash___Powdery_mildew,0.527478
plantwild/extracted/plantwild/images/squash powdery mildew/google_0215.jpg,Squash___Powdery_mildew,Tomato___healthy,0.297173
plantwild/extracted/plantwild/images/squash powdery mildew/google_0217.jpg,Squash___Powdery_mildew,"Pepper,_bell___healthy",0.950609
plantwild/extracted/plantwild/images/squash powdery mildew/google_0218.jpg,Squash___Powdery_mildew,"Pepper,_bell___healthy",0.231825
plantwild/extracted/plantwild/images/squash powdery mildew/google_0226.jpg,Squash___Powdery_mildew,Grape___Esca_(Black_Measles),0.864649
plantwild/extracted/plantwild/images/squash powdery mildew/google_0227.jpg,Squash___Powdery_mildew,"Pepper,_bell___healthy",0.398417
plantwild/extracted/plantwild/images/squash powdery mildew/google_0228.jpg,Squash___Powdery_mildew,Strawberry___Leaf_scorch,0.949891
plantwild/extracted/plantwild/images/squash powdery mildew/google_0233.jpg,Squash___Powdery_mildew,Cherry___healthy,0.856924
plantwild/extracted/plantwild/images/squash powdery mildew/google_0236.jpg,Squash___Powdery_mildew,Corn___healthy,0.784546
plantwild/extracted/plantwild/images/squash powdery mildew/google_0244.jpg,Squash___Powdery_mildew,Strawberry___Leaf_scorch,0.618613
plantwild/extracted/plantwild/images/squash powdery mildew/google_0247.jpg,Squash___Powdery_mildew,Cherry___healthy,0.263311
plantwild/extracted/plantwild/images/squash powdery mildew/google_0248.jpg,Squash___Powdery_mildew,Corn___healthy,0.929610
plantwild/extracted/plantwild/images/squash powdery mildew/google_0249.jpg,Squash___Powdery_mildew,Strawberry___Leaf_scorch,0.465678
plantwild/extracted/plantwild/images/squash powdery mildew/google_0252.jpg,Squash___Powdery_mildew,Cherry___healthy,0.443115
plantwild/extracted/plantwild/images/squash powdery mildew/google_0256.jpg,Squash___Powdery_mildew,Strawberry___Leaf_scorch,0.909539
plantwild/extracted/plantwild/images/squash powdery mildew/google_0258.jpg,Squash___Powdery_mildew,Cherry___healthy,0.619860
plantwild/extracted/plantwild/images/squash powdery mildew/google_0263.jpg,Squash___Powdery_mildew,Strawberry___Leaf_scorch,0.371216
plantwild/extracted/plantwild/images/squash powdery mildew/google_0266.jpg,Squash___Powdery_mildew,Cherry___healthy,0.895846
plantwild/extracted/plantwild/images/squash powdery mildew/google_0274.jpg,Squash___Powdery_mildew,Strawberry___Leaf_scorch,0.906923
plantwild/extracted/plantwild/images/squash powdery mildew/google_0275.jpg,Squash___Powdery_mildew,Squash___Powdery_mildew,0.220151
plantwild/extracted/plantwild/images/squash powdery mildew/google_0284.jpg,Squash___Powdery_mildew,Strawberry___Leaf_scorch,0.741659
plantwild/extracted/plantwild/images/squash powdery mildew/google_0285.jpg,Squash___Powdery_mildew,Strawberry___Leaf_scorch,0.949735
plantwild/extracted/plantwild/images/squash powdery mildew/google_0286.jpg,Squash___Powdery_mildew,"Pepper,_bell___healthy",0.415457
plantwild/extracted/plantwild/images/squash powdery mildew/google_0287.jpg,Squash___Powdery_mildew,Cherry___healthy,0.583361
plantwild/extracted/plantwild/images/squash powdery mildew/google_0290.jpg,Squash___Powdery_mildew,Cherry___healthy,0.417506
plantwild/extracted/plantwild/images/squash powdery mildew/google_0291.jpg,Squash___Powdery_mildew,Squash___Powdery_mildew,0.961787
plantwild/extracted/plantwild/images/squash powdery mildew/google_0295.jpg,Squash___Powdery_mildew,"Pepper,_bell___healthy",0.775484
plantwild/extracted/plantwild/images/squash powdery mildew/google_0298.jpg,Squash___Powdery_mildew,Strawberry___Leaf_scorch,0.937454
plantwild/extracted/plantwild/images/squash powdery mildew/google_0299.jpg,Squash___Powdery_mildew,Strawberry___Leaf_scorch,0.674900
plantwild/extracted/plantwild/images/squash powdery mildew/google_0304.jpg,Squash___Powdery_mildew,"Pepper,_bell___healthy",0.912402
plantwild/extracted/plantwild/images/squash powdery mildew/google_0308.jpg,Squash___Powdery_mildew,Apple___Black_rot,0.168940
plantwild/extracted/plantwild/images/squash powdery mildew/google_0309.jpg,Squash___Powdery_mildew,Cherry___healthy,0.168715
plantwild/extracted/plantwild/images/squash powdery mildew/google_0312.jpg,Squash___Powdery_mildew,Corn___healthy,0.532886
plantwild/extracted/plantwild/images/squash powdery mildew/google_0315.jpg,Squash___Powdery_mildew,Cherry___healthy,0.631311
plantwild/extracted/plantwild/images/squash powdery mildew/google_0325.jpg,Squash___Powdery_mildew,"Pepper,_bell___healthy",0.786487
plantwild/extracted/plantwild/images/squash powdery mildew/google_0326.jpg,Squash___Powdery_mildew,Strawberry___Leaf_scorch,0.939269
plantwild/extracted/plantwild/images/squash powdery mildew/google_0327.jpg,Squash___Powdery_mildew,Corn___Cercospora_leaf_spot Gray_leaf_spot,0.351398
plantwild/extracted/plantwild/images/squash powdery mildew/google_0329.jpg,Squash___Powdery_mildew,Strawberry___Leaf_scorch,0.618137
plantwild/extracted/plantwild/images/squash powdery mildew/google_0331.jpg,Squash___Powdery_mildew,Corn___healthy,0.941220
plantwild/extracted/plantwild/images/squash powdery mildew/google_0350.jpg,Squash___Powdery_mildew,Squash___Powdery_mildew,0.451326
plantwild/extracted/plantwild/images/squash powdery mildew/google_0354.jpg,Squash___Powdery_mildew,Corn___Cercospora_leaf_spot Gray_leaf_spot,0.720942
plantwild/extracted/plantwild/images/squash powdery mildew/google_0358.jpg,Squash___Powdery_mildew,"Pepper,_bell___healthy",0.491137
plantwild/extracted/plantwild/images/squash powdery mildew/google_0362.jpg,Squash___Powdery_mildew,Strawberry___Leaf_scorch,0.475149
plantwild/extracted/plantwild/images/squash powdery mildew/google_0363.jpg,Squash___Powdery_mildew,Strawberry___Leaf_scorch,0.957028
plantwild/extracted/plantwild/images/squash powdery mildew/google_0364.jpg,Squash___Powdery_mildew,Strawberry___Leaf_scorch,0.949592
plantwild/extracted/plantwild/images/squash powdery mildew/google_0365.jpg,Squash___Powdery_mildew,Potato___healthy,0.370775
plantwild/extracted/plantwild/images/squash powdery mildew/google_0370.jpg,Squash___Powdery_mildew,Cherry___healthy,0.224654
plantwild/extracted/plantwild/images/squash powdery mildew/google_0374.jpg,Squash___Powdery_mildew,Squash___Powdery_mildew,0.833236
plantwild/extracted/plantwild/images/squash powdery mildew/google_0375.jpg,Squash___Powdery_mildew,"Pepper,_bell___healthy",0.881933
plantwild/extracted/plantwild/images/squash powdery mildew/google_0376.jpg,Squash___Powdery_mildew,Squash___Powdery_mildew,0.604045
plantwild/extracted/plantwild/images/squash powdery mildew/google_0377.jpg,Squash___Powdery_mildew,Cherry___healthy,0.667921
plantwild/extracted/plantwild/images/squash powdery mildew/google_0378.jpg,Squash___Powdery_mildew,Squash___Powdery_mildew,0.943875
plantwild/extracted/plantwild/images/squash powdery mildew/google_0388.jpg,Squash___Powdery_mildew,Tomato___Target_Spot,0.350864
plantwild/extracted/plantwild/images/squash powdery mildew/google_0389.jpg,Squash___Powdery_mildew,"Pepper,_bell___healthy",0.947985
plantwild/extracted/plantwild/images/squash powdery mildew/google_0397.jpg,Squash___Powdery_mildew,Tomato___Late_blight,0.755109
plantwild/extracted/plantwild/images/squash powdery mildew/google_0410.jpg,Squash___Powdery_mildew,Tomato___Early_blight,0.623835
plantwild/extracted/plantwild/images/strawberry leaf/1.jpg,Strawberry___healthy,Strawberry___Leaf_scorch,0.964437
plantwild/extracted/plantwild/images/strawberry leaf/10.jpg,Strawberry___healthy,Corn___healthy,0.365518
plantwild/extracted/plantwild/images/strawberry leaf/11.jpg,Strawberry___healthy,Strawberry___Leaf_scorch,0.588875
plantwild/extracted/plantwild/images/strawberry leaf/12.jpg,Strawberry___healthy,Strawberry___Leaf_scorch,0.761895
plantwild/extracted/plantwild/images/strawberry leaf/13.jpg,Strawberry___healthy,Strawberry___Leaf_scorch,0.775759
plantwild/extracted/plantwild/images/strawberry leaf/14.jpg,Strawberry___healthy,Strawberry___Leaf_scorch,0.451860
plantwild/extracted/plantwild/images/strawberry leaf/15.jpg,Strawberry___healthy,Strawberry___Leaf_scorch,0.952934
plantwild/extracted/plantwild/images/strawberry leaf/16.jpg,Strawberry___healthy,Strawberry___Leaf_scorch,0.881245
plantwild/extracted/plantwild/images/strawberry leaf/17.jpg,Strawberry___healthy,Raspberry___healthy,0.596058
plantwild/extracted/plantwild/images/strawberry leaf/18.jpg,Strawberry___healthy,"Pepper,_bell___healthy",0.348344
plantwild/extracted/plantwild/images/strawberry leaf/19.jpg,Strawberry___healthy,Raspberry___healthy,0.892639
plantwild/extracted/plantwild/images/strawberry leaf/2.jpg,Strawberry___healthy,Strawberry___Leaf_scorch,0.411227
plantwild/extracted/plantwild/images/strawberry leaf/20.jpg,Strawberry___healthy,"Pepper,_bell___healthy",0.912256
plantwild/extracted/plantwild/images/strawberry leaf/21.jpg,Strawberry___healthy,Strawberry___Leaf_scorch,0.945323
plantwild/extracted/plantwild/images/strawberry leaf/22.jpg,Strawberry___healthy,"Pepper,_bell___healthy",0.934939
plantwild/extracted/plantwild/images/strawberry leaf/23.jpg,Strawberry___healthy,Strawberry___Leaf_scorch,0.887322
plantwild/extracted/plantwild/images/strawberry leaf/24.jpg,Strawberry___healthy,Strawberry___Leaf_scorch,0.259288
plantwild/extracted/plantwild/images/strawberry leaf/25.jpg,Strawberry___healthy,Strawberry___Leaf_scorch,0.852958
plantwild/extracted/plantwild/images/strawberry leaf/26.jpg,Strawberry___healthy,Strawberry___Leaf_scorch,0.291350
plantwild/extracted/plantwild/images/strawberry leaf/27.jpg,Strawberry___healthy,Strawberry___Leaf_scorch,0.957192
plantwild/extracted/plantwild/images/strawberry leaf/28.jpg,Strawberry___healthy,Raspberry___healthy,0.685410
plantwild/extracted/plantwild/images/strawberry leaf/29.jpg,Strawberry___healthy,"Pepper,_bell___healthy",0.396055
plantwild/extracted/plantwild/images/strawberry leaf/3.jpg,Strawberry___healthy,Raspberry___healthy,0.958091
plantwild/extracted/plantwild/images/strawberry leaf/30.jpg,Strawberry___healthy,Raspberry___healthy,0.759052
plantwild/extracted/plantwild/images/strawberry leaf/31.jpg,Strawberry___healthy,Raspberry___healthy,0.301421
plantwild/extracted/plantwild/images/strawberry leaf/32.jpg,Strawberry___healthy,Strawberry___Leaf_scorch,0.403534
plantwild/extracted/plantwild/images/strawberry leaf/33.jpg,Strawberry___healthy,Strawberry___healthy,0.661217
plantwild/extracted/plantwild/images/strawberry leaf/34.jpg,Strawberry___healthy,Strawberry___Leaf_scorch,0.963343
plantwild/extracted/plantwild/images/strawberry leaf/35.jpg,Strawberry___healthy,Grape___healthy,0.215540
plantwild/extracted/plantwild/images/strawberry leaf/36.jpg,Strawberry___healthy,Corn___healthy,0.577654
plantwild/extracted/plantwild/images/strawberry leaf/37.jpg,Strawberry___healthy,Strawberry___Leaf_scorch,0.951832
plantwild/extracted/plantwild/images/strawberry leaf/38.jpg,Strawberry___healthy,Strawberry___Leaf_scorch,0.944157
plantwild/extracted/plantwild/images/strawberry leaf/39.jpg,Strawberry___healthy,"Pepper,_bell___healthy",0.433839
plantwild/extracted/plantwild/images/strawberry leaf/4.jpg,Strawberry___healthy,Raspberry___healthy,0.339455
plantwild/extracted/plantwild/images/strawberry leaf/40.jpg,Strawberry___healthy,Strawberry___Leaf_scorch,0.964500
plantwild/extracted/plantwild/images/strawberry leaf/41.jpg,Strawberry___healthy,Strawberry___Leaf_scorch,0.274138
plantwild/extracted/plantwild/images/strawberry leaf/42.jpg,Strawberry___healthy,Tomato___Late_blight,0.292224
plantwild/extracted/plantwild/images/strawberry leaf/43.jpg,Strawberry___healthy,"Pepper,_bell___healthy",0.329652
plantwild/extracted/plantwild/images/strawberry leaf/44.jpg,Strawberry___healthy,Strawberry___Leaf_scorch,0.884768
plantwild/extracted/plantwild/images/strawberry leaf/45.jpg,Strawberry___healthy,"Pepper,_bell___healthy",0.776890
plantwild/extracted/plantwild/images/strawberry leaf/46.jpg,Strawberry___healthy,Tomato___healthy,0.420272
plantwild/extracted/plantwild/images/strawberry leaf/47.jpg,Strawberry___healthy,Strawberry___Leaf_scorch,0.963120
plantwild/extracted/plantwild/images/strawberry leaf/48.jpg,Strawberry___healthy,Tomato___Tomato_Yellow_Leaf_Curl_Virus,0.829126
plantwild/extracted/plantwild/images/strawberry leaf/49.jpg,Strawberry___healthy,Grape___Esca_(Black_Measles),0.556685
plantwild/extracted/plantwild/images/strawberry leaf/5.jpg,Strawberry___healthy,Raspberry___healthy,0.748710
plantwild/extracted/plantwild/images/strawberry leaf/50.jpg,Strawberry___healthy,Cherry___healthy,0.446677
plantwild/extracted/plantwild/images/strawberry leaf/52.jpg,Strawberry___healthy,Raspberry___healthy,0.494900
plantwild/extracted/plantwild/images/strawberry leaf/53.jpg,Strawberry___healthy,Strawberry___Leaf_scorch,0.325996
plantwild/extracted/plantwild/images/strawberry leaf/54.jpg,Strawberry___healthy,"Pepper,_bell___healthy",0.891607
plantwild/extracted/plantwild/images/strawberry leaf/56.jpg,Strawberry___healthy,Raspberry___healthy,0.302308
plantwild/extracted/plantwild/images/strawberry leaf/57.jpg,Strawberry___healthy,"Pepper,_bell___healthy",0.725669
plantwild/extracted/plantwild/images/strawberry leaf/58.jpg,Strawberry___healthy,Strawberry___Leaf_scorch,0.957655
plantwild/extracted/plantwild/images/strawberry leaf/59.jpg,Strawberry___healthy,Strawberry___Leaf_scorch,0.765105
plantwild/extracted/plantwild/images/strawberry leaf/6.jpg,Strawberry___healthy,Raspberry___healthy,0.471344
plantwild/extracted/plantwild/images/strawberry leaf/60.jpg,Strawberry___healthy,Corn___healthy,0.792856
plantwild/extracted/plantwild/images/strawberry leaf/61.jpg,Strawberry___healthy,Strawberry___Leaf_scorch,0.967910
plantwild/extracted/plantwild/images/strawberry leaf/62.jpg,Strawberry___healthy,Cherry___healthy,0.844949
plantwild/extracted/plantwild/images/strawberry leaf/63.jpg,Strawberry___healthy,Strawberry___Leaf_scorch,0.876231
plantwild/extracted/plantwild/images/strawberry leaf/64.jpg,Strawberry___healthy,Strawberry___Leaf_scorch,0.933917
plantwild/extracted/plantwild/images/strawberry leaf/66.jpg,Strawberry___healthy,Raspberry___healthy,0.486930
plantwild/extracted/plantwild/images/strawberry leaf/67.jpg,Strawberry___healthy,"Pepper,_bell___healthy",0.871641
plantwild/extracted/plantwild/images/strawberry leaf/68.jpg,Strawberry___healthy,Strawberry___Leaf_scorch,0.868782
plantwild/extracted/plantwild/images/strawberry leaf/69.jpg,Strawberry___healthy,Strawberry___Leaf_scorch,0.955449
plantwild/extracted/plantwild/images/strawberry leaf/7.jpg,Strawberry___healthy,Strawberry___Leaf_scorch,0.397841
plantwild/extracted/plantwild/images/strawberry leaf/70.jpg,Strawberry___healthy,Strawberry___Leaf_scorch,0.968326
plantwild/extracted/plantwild/images/strawberry leaf/71.jpg,Strawberry___healthy,Cherry___healthy,0.662950
plantwild/extracted/plantwild/images/strawberry leaf/72.jpg,Strawberry___healthy,Corn___healthy,0.422408
plantwild/extracted/plantwild/images/strawberry leaf/75.jpg,Strawberry___healthy,"Pepper,_bell___healthy",0.475125
plantwild/extracted/plantwild/images/strawberry leaf/76.jpg,Strawberry___healthy,Tomato___Tomato_Yellow_Leaf_Curl_Virus,0.928405
plantwild/extracted/plantwild/images/strawberry leaf/77.jpg,Strawberry___healthy,Corn___healthy,0.907519
plantwild/extracted/plantwild/images/strawberry leaf/8.jpg,Strawberry___healthy,Strawberry___healthy,0.780195
plantwild/extracted/plantwild/images/strawberry leaf/80.jpg,Strawberry___healthy,Tomato___Tomato_Yellow_Leaf_Curl_Virus,0.453196
plantwild/extracted/plantwild/images/strawberry leaf/9.jpg,Strawberry___healthy,Strawberry___healthy,0.313299
plantwild/extracted/plantwild/images/strawberry leaf/google_0001.jpg,Strawberry___healthy,Strawberry___healthy,0.910630
plantwild/extracted/plantwild/images/strawberry leaf/google_0004.jpg,Strawberry___healthy,Strawberry___Leaf_scorch,0.745714
plantwild/extracted/plantwild/images/strawberry leaf/google_0006.jpg,Strawberry___healthy,Strawberry___Leaf_scorch,0.817610
plantwild/extracted/plantwild/images/strawberry leaf/google_0007.jpg,Strawberry___healthy,"Pepper,_bell___healthy",0.435835
plantwild/extracted/plantwild/images/strawberry leaf/google_0015.jpg,Strawberry___healthy,"Pepper,_bell___healthy",0.960039
plantwild/extracted/plantwild/images/strawberry leaf/google_0018.jpg,Strawberry___healthy,Raspberry___healthy,0.897246
plantwild/extracted/plantwild/images/strawberry leaf/google_0022.jpg,Strawberry___healthy,"Pepper,_bell___healthy",0.949355
plantwild/extracted/plantwild/images/strawberry leaf/google_0038.jpg,Strawberry___healthy,Strawberry___Leaf_scorch,0.740740
plantwild/extracted/plantwild/images/strawberry leaf/google_0044.jpg,Strawberry___healthy,Raspberry___healthy,0.723636
plantwild/extracted/plantwild/images/strawberry leaf/google_0046.jpg,Strawberry___healthy,Raspberry___healthy,0.677175
plantwild/extracted/plantwild/images/strawberry leaf/google_0051.jpg,Strawberry___healthy,Corn___healthy,0.786915
plantwild/extracted/plantwild/images/strawberry leaf/google_0054.jpg,Strawberry___healthy,Raspberry___healthy,0.414438
plantwild/extracted/plantwild/images/strawberry leaf/google_0057.jpg,Strawberry___healthy,Strawberry___Leaf_scorch,0.333111
plantwild/extracted/plantwild/images/strawberry leaf/google_0064.jpg,Strawberry___healthy,Strawberry___Leaf_scorch,0.946358
plantwild/extracted/plantwild/images/strawberry leaf/google_0070.jpg,Strawberry___healthy,Corn___healthy,0.621559
plantwild/extracted/plantwild/images/strawberry leaf/google_0075.jpg,Strawberry___healthy,"Pepper,_bell___healthy",0.282090
plantwild/extracted/plantwild/images/strawberry leaf/google_0076.jpg,Strawberry___healthy,Strawberry___Leaf_scorch,0.967800
plantwild/extracted/plantwild/images/strawberry leaf/google_0079.jpg,Strawberry___healthy,Strawberry___Leaf_scorch,0.753384
plantwild/extracted/plantwild/images/strawberry leaf/google_0080.jpg,Strawberry___healthy,"Pepper,_bell___healthy",0.385381
plantwild/extracted/plantwild/images/strawberry leaf/google_0082.jpg,Strawberry___healthy,"Pepper,_bell___healthy",0.796861
plantwild/extracted/plantwild/images/strawberry leaf/google_0083.jpg,Strawberry___healthy,Strawberry___Leaf_scorch,0.933548
plantwild/extracted/plantwild/images/strawberry leaf/google_0086.jpg,Strawberry___healthy,"Pepper,_bell___healthy",0.433511
plantwild/extracted/plantwild/images/strawberry leaf/google_0089.jpg,Strawberry___healthy,Strawberry___Leaf_scorch,0.809896
plantwild/extracted/plantwild/images/strawberry leaf/google_0099.jpg,Strawberry___healthy,Strawberry___Leaf_scorch,0.800627
plantwild/extracted/plantwild/images/strawberry leaf/google_0101.jpg,Strawberry___healthy,Corn___healthy,0.793378
plantwild/extracted/plantwild/images/strawberry leaf/google_0106.jpg,Strawberry___healthy,Tomato___healthy,0.381664
plantwild/extracted/plantwild/images/strawberry leaf/google_0109.jpg,Strawberry___healthy,Tomato___Tomato_Yellow_Leaf_Curl_Virus,0.353307
plantwild/extracted/plantwild/images/strawberry leaf/google_0116.jpg,Strawberry___healthy,Corn___healthy,0.942440
plantwild/extracted/plantwild/images/strawberry leaf/google_0127.jpg,Strawberry___healthy,Strawberry___Leaf_scorch,0.675966
plantwild/extracted/plantwild/images/strawberry leaf/google_0128.jpg,Strawberry___healthy,Strawberry___Leaf_scorch,0.504752
plantwild/extracted/plantwild/images/strawberry leaf/google_0132.jpg,Strawberry___healthy,Tomato___healthy,0.259774
plantwild/extracted/plantwild/images/strawberry leaf/google_0140.jpg,Strawberry___healthy,Raspberry___healthy,0.282019
plantwild/extracted/plantwild/images/strawberry leaf/google_0142.jpg,Strawberry___healthy,Strawberry___Leaf_scorch,0.912031
plantwild/extracted/plantwild/images/strawberry leaf/google_0163.jpg,Strawberry___healthy,Strawberry___Leaf_scorch,0.935659
plantwild/extracted/plantwild/images/strawberry leaf/google_0168.jpg,Strawberry___healthy,"Pepper,_bell___healthy",0.287008
plantwild/extracted/plantwild/images/strawberry leaf/google_0178.jpg,Strawberry___healthy,Corn___healthy,0.661198
plantwild/extracted/plantwild/images/strawberry leaf/google_0186.jpg,Strawberry___healthy,"Pepper,_bell___healthy",0.199589
plantwild/extracted/plantwild/images/strawberry leaf/google_0187.jpg,Strawberry___healthy,Tomato___Tomato_Yellow_Leaf_Curl_Virus,0.829830
plantwild/extracted/plantwild/images/strawberry leaf/google_0189.jpg,Strawberry___healthy,Corn___healthy,0.927626
plantwild/extracted/plantwild/images/strawberry leaf/google_0197.jpg,Strawberry___healthy,Strawberry___Leaf_scorch,0.231930
plantwild/extracted/plantwild/images/strawberry leaf/google_0201.jpg,Strawberry___healthy,Raspberry___healthy,0.462794
plantwild/extracted/plantwild/images/strawberry leaf/google_0207.jpg,Strawberry___healthy,Tomato___Tomato_Yellow_Leaf_Curl_Virus,0.469175
plantwild/extracted/plantwild/images/strawberry leaf/google_0210.jpg,Strawberry___healthy,"Pepper,_bell___healthy",0.451683
plantwild/extracted/plantwild/images/strawberry leaf/google_0215.jpg,Strawberry___healthy,Corn___healthy,0.881419
plantwild/extracted/plantwild/images/strawberry leaf/google_0216.jpg,Strawberry___healthy,Raspberry___healthy,0.964246
plantwild/extracted/plantwild/images/strawberry leaf/google_0217.jpg,Strawberry___healthy,"Pepper,_bell___healthy",0.644165
plantwild/extracted/plantwild/images/strawberry leaf/google_0222.jpg,Strawberry___healthy,Raspberry___healthy,0.728967
plantwild/extracted/plantwild/images/strawberry leaf/google_0230.jpg,Strawberry___healthy,Raspberry___healthy,0.436587
plantwild/extracted/plantwild/images/strawberry leaf/google_0239.jpg,Strawberry___healthy,"Pepper,_bell___healthy",0.963493
plantwild/extracted/plantwild/images/strawberry leaf/google_0240.jpg,Strawberry___healthy,Strawberry___Leaf_scorch,0.831657
plantwild/extracted/plantwild/images/strawberry leaf/google_0241.jpg,Strawberry___healthy,Corn___healthy,0.481771
plantwild/extracted/plantwild/images/strawberry leaf/google_0244.jpg,Strawberry___healthy,Strawberry___Leaf_scorch,0.822339
plantwild/extracted/plantwild/images/strawberry leaf/google_0245.jpg,Strawberry___healthy,Strawberry___Leaf_scorch,0.511575
plantwild/extracted/plantwild/images/strawberry leaf/google_0254.jpg,Strawberry___healthy,Strawberry___Leaf_scorch,0.366436
plantwild/extracted/plantwild/images/strawberry leaf/google_0255.jpg,Strawberry___healthy,Tomato___healthy,0.218958
plantwild/extracted/plantwild/images/strawberry leaf/google_0256.jpg,Strawberry___healthy,"Pepper,_bell___healthy",0.863653
plantwild/extracted/plantwild/images/strawberry leaf/google_0258.jpg,Strawberry___healthy,Strawberry___Leaf_scorch,0.940587
plantwild/extracted/plantwild/images/strawberry leaf/google_0260.jpg,Strawberry___healthy,Strawberry___Leaf_scorch,0.967349
plantwild/extracted/plantwild/images/strawberry leaf/google_0264.jpg,Strawberry___healthy,Strawberry___Leaf_scorch,0.962113
plantwild/extracted/plantwild/images/strawberry leaf/google_0276.jpg,Strawberry___healthy,Strawberry___Leaf_scorch,0.964569
plantwild/extracted/plantwild/images/strawberry leaf/google_0277.jpg,Strawberry___healthy,Corn___healthy,0.877321
plantwild/extracted/plantwild/images/strawberry leaf/google_0278.jpg,Strawberry___healthy,Strawberry___Leaf_scorch,0.376597
plantwild/extracted/plantwild/images/strawberry leaf/google_0290.jpg,Strawberry___healthy,"Pepper,_bell___healthy",0.299088
plantwild/extracted/plantwild/images/strawberry leaf/google_0294.jpg,Strawberry___healthy,Strawberry___Leaf_scorch,0.872937
plantwild/extracted/plantwild/images/strawberry leaf/google_0296.jpg,Strawberry___healthy,"Pepper,_bell___healthy",0.931340
plantwild/extracted/plantwild/images/strawberry leaf/google_0306.jpg,Strawberry___healthy,Cherry___healthy,0.602391
plantwild/extracted/plantwild/images/strawberry leaf/google_0319.jpg,Strawberry___healthy,"Pepper,_bell___healthy",0.461919
plantwild/extracted/plantwild/images/strawberry leaf/google_0324.jpg,Strawberry___healthy,"Pepper,_bell___healthy",0.930469
plantwild/extracted/plantwild/images/strawberry leaf/google_0330.jpg,Strawberry___healthy,Strawberry___Leaf_scorch,0.966190
plantwild/extracted/plantwild/images/strawberry leaf/google_0338.jpg,Strawberry___healthy,Corn___healthy,0.439347
plantwild/extracted/plantwild/images/strawberry leaf/google_0342.jpg,Strawberry___healthy,Raspberry___healthy,0.402868
plantwild/extracted/plantwild/images/strawberry leaf/google_0346.jpg,Strawberry___healthy,Corn___healthy,0.704299
plantwild/extracted/plantwild/images/strawberry leaf/google_0363.jpg,Strawberry___healthy,"Pepper,_bell___healthy",0.673780
plantwild/extracted/plantwild/images/strawberry leaf/google_0366.jpg,Strawberry___healthy,Tomato___healthy,0.366966
plantwild/extracted/plantwild/images/strawberry leaf/google_0368.jpg,Strawberry___healthy,Strawberry___Leaf_scorch,0.904360
plantwild/extracted/plantwild/images/strawberry leaf/google_0373.jpg,Strawberry___healthy,Strawberry___Leaf_scorch,0.966702
plantwild/extracted/plantwild/images/strawberry leaf/google_0381.jpg,Strawberry___healthy,Strawberry___healthy,0.797017
plantwild/extracted/plantwild/images/strawberry leaf/google_0393.jpg,Strawberry___healthy,Strawberry___Leaf_scorch,0.968186
plantwild/extracted/plantwild/images/strawberry leaf/google_0394.jpg,Strawberry___healthy,"Pepper,_bell___healthy",0.504003
plantwild/extracted/plantwild/images/strawberry leaf/google_0399.jpg,Strawberry___healthy,Strawberry___Leaf_scorch,0.962870
plantwild/extracted/plantwild/images/strawberry leaf/google_0402.jpg,Strawberry___healthy,Strawberry___Leaf_scorch,0.871406
plantwild/extracted/plantwild/images/strawberry leaf/google_0405.jpg,Strawberry___healthy,Strawberry___Leaf_scorch,0.931248
plantwild/extracted/plantwild/images/strawberry leaf/google_0407.jpg,Strawberry___healthy,Strawberry___Leaf_scorch,0.824132
plantwild/extracted/plantwild/images/strawberry leaf/google_0411.jpg,Strawberry___healthy,Corn___healthy,0.351028
plantwild/extracted/plantwild/images/strawberry leaf/google_0413.jpg,Strawberry___healthy,Strawberry___Leaf_scorch,0.965182
plantwild/extracted/plantwild/images/strawberry leaf/google_0415.jpg,Strawberry___healthy,Raspberry___healthy,0.866419
plantwild/extracted/plantwild/images/strawberry leaf/google_0417.jpg,Strawberry___healthy,Strawberry___Leaf_scorch,0.963792
plantwild/extracted/plantwild/images/strawberry leaf/google_0423.jpg,Strawberry___healthy,Strawberry___Leaf_scorch,0.748142
plantwild/extracted/plantwild/images/strawberry leaf/google_0428.jpg,Strawberry___healthy,Strawberry___Leaf_scorch,0.965978
plantwild/extracted/plantwild/images/strawberry leaf/google_0433.jpg,Strawberry___healthy,"Pepper,_bell___healthy",0.413555
plantwild/extracted/plantwild/images/strawberry leaf/google_0458.jpg,Strawberry___healthy,Strawberry___Leaf_scorch,0.733393
plantwild/extracted/plantwild/images/strawberry leaf/google_0461.jpg,Strawberry___healthy,Strawberry___Leaf_scorch,0.369613
plantwild/extracted/plantwild/images/strawberry leaf/google_0477.jpg,Strawberry___healthy,Strawberry___Leaf_scorch,0.967741
plantwild/extracted/plantwild/images/strawberry leaf/google_0480.jpg,Strawberry___healthy,Strawberry___Leaf_scorch,0.931632
plantwild/extracted/plantwild/images/strawberry leaf/google_0485.jpg,Strawberry___healthy,"Pepper,_bell___healthy",0.404995
plantwild/extracted/plantwild/images/strawberry leaf/google_0487.jpg,Strawberry___healthy,Strawberry___Leaf_scorch,0.948865
plantwild/extracted/plantwild/images/strawberry leaf/google_0489.jpg,Strawberry___healthy,"Pepper,_bell___healthy",0.315302
plantwild/extracted/plantwild/images/strawberry leaf/google_0490.jpg,Strawberry___healthy,Strawberry___healthy,0.323594
plantwild/extracted/plantwild/images/strawberry leaf/google_0495.jpg,Strawberry___healthy,Strawberry___Leaf_scorch,0.963327
plantwild/extracted/plantwild/images/strawberry leaf/google_0498.jpg,Strawberry___healthy,Tomato___healthy,0.428275
plantwild/extracted/plantwild/images/strawberry leaf/google_0502.jpg,Strawberry___healthy,"Pepper,_bell___healthy",0.918596
plantwild/extracted/plantwild/images/strawberry leaf/google_0504.jpg,Strawberry___healthy,Strawberry___Leaf_scorch,0.965797
plantwild/extracted/plantwild/images/strawberry leaf/google_0505.jpg,Strawberry___healthy,Strawberry___Leaf_scorch,0.541446
plantwild/extracted/plantwild/images/strawberry leaf/google_0506.jpg,Strawberry___healthy,Strawberry___Leaf_scorch,0.963909
plantwild/extracted/plantwild/images/strawberry leaf/google_0522.jpg,Strawberry___healthy,"Pepper,_bell___healthy",0.375534
plantwild/extracted/plantwild/images/strawberry leaf/google_0524.jpg,Strawberry___healthy,Strawberry___Leaf_scorch,0.657431
plantwild/extracted/plantwild/images/strawberry leaf/google_0526.jpg,Strawberry___healthy,Tomato___Late_blight,0.232276
plantwild/extracted/plantwild/images/strawberry leaf/google_0542.jpg,Strawberry___healthy,Cherry___healthy,0.674276
plantwild/extracted/plantwild/images/strawberry leaf/google_0543.jpg,Strawberry___healthy,Strawberry___Leaf_scorch,0.660247
plantwild/extracted/plantwild/images/strawberry leaf/google_0545.jpg,Strawberry___healthy,Strawberry___Leaf_scorch,0.963189
plantwild/extracted/plantwild/images/strawberry leaf/google_0546.jpg,Strawberry___healthy,"Pepper,_bell___healthy",0.825916
plantwild/extracted/plantwild/images/strawberry leaf/google_0549.jpg,Strawberry___healthy,Strawberry___Leaf_scorch,0.806202
plantwild/extracted/plantwild/images/strawberry leaf/google_0553.jpg,Strawberry___healthy,Strawberry___Leaf_scorch,0.961649
plantwild/extracted/plantwild/images/strawberry leaf/google_0572.jpg,Strawberry___healthy,Corn___healthy,0.907310
plantwild/extracted/plantwild/images/strawberry leaf/google_0574.jpg,Strawberry___healthy,Strawberry___Leaf_scorch,0.731294
plantwild/extracted/plantwild/images/strawberry leaf/google_0585.jpg,Strawberry___healthy,Strawberry___Leaf_scorch,0.958562
plantwild/extracted/plantwild/images/strawberry leaf/google_0592.jpg,Strawberry___healthy,Strawberry___Leaf_scorch,0.870823
plantwild/extracted/plantwild/images/strawberry leaf/google_0599.jpg,Strawberry___healthy,"Pepper,_bell___healthy",0.833044
plantwild/extracted/plantwild/images/strawberry leaf/google_0604.jpg,Strawberry___healthy,Strawberry___Leaf_scorch,0.403926
plantwild/extracted/plantwild/images/strawberry leaf/google_0605.jpg,Strawberry___healthy,Strawberry___Leaf_scorch,0.728333
plantwild/extracted/plantwild/images/strawberry leaf/google_0615.jpg,Strawberry___healthy,Strawberry___Leaf_scorch,0.963818
plantwild/extracted/plantwild/images/strawberry leaf/google_0616.jpg,Strawberry___healthy,Corn___healthy,0.939752
plantwild/extracted/plantwild/images/strawberry leaf/google_0623.jpg,Strawberry___healthy,"Pepper,_bell___healthy",0.797021
plantwild/extracted/plantwild/images/strawberry leaf/google_0629.jpg,Strawberry___healthy,Strawberry___Leaf_scorch,0.856076
plantwild/extracted/plantwild/images/strawberry leaf/google_0632.jpg,Strawberry___healthy,Strawberry___Leaf_scorch,0.909419
plantwild/extracted/plantwild/images/strawberry leaf/google_0637.jpg,Strawberry___healthy,Cherry___healthy,0.926238
plantwild/extracted/plantwild/images/strawberry leaf scorch/1.jpg,Strawberry___Leaf_scorch,Strawberry___Leaf_scorch,0.937246
plantwild/extracted/plantwild/images/strawberry leaf scorch/11.jpg,Strawberry___Leaf_scorch,Strawberry___Leaf_scorch,0.948542
plantwild/extracted/plantwild/images/strawberry leaf scorch/14.jpg,Strawberry___Leaf_scorch,Strawberry___Leaf_scorch,0.966247
plantwild/extracted/plantwild/images/strawberry leaf scorch/6.jpg,Strawberry___Leaf_scorch,Strawberry___Leaf_scorch,0.961379
plantwild/extracted/plantwild/images/strawberry leaf scorch/7.jpg,Strawberry___Leaf_scorch,Strawberry___Leaf_scorch,0.966263
plantwild/extracted/plantwild/images/strawberry leaf scorch/9.jpg,Strawberry___Leaf_scorch,Strawberry___Leaf_scorch,0.961402
plantwild/extracted/plantwild/images/strawberry leaf scorch/google_0000.jpg,Strawberry___Leaf_scorch,Strawberry___Leaf_scorch,0.966570
plantwild/extracted/plantwild/images/strawberry leaf scorch/google_0001.jpg,Strawberry___Leaf_scorch,Strawberry___Leaf_scorch,0.965443
plantwild/extracted/plantwild/images/strawberry leaf scorch/google_0002.jpg,Strawberry___Leaf_scorch,Strawberry___Leaf_scorch,0.967756
plantwild/extracted/plantwild/images/strawberry leaf scorch/google_0003.jpg,Strawberry___Leaf_scorch,Strawberry___Leaf_scorch,0.965549
plantwild/extracted/plantwild/images/strawberry leaf scorch/google_0005.jpg,Strawberry___Leaf_scorch,Strawberry___Leaf_scorch,0.768713
plantwild/extracted/plantwild/images/strawberry leaf scorch/google_0006.jpg,Strawberry___Leaf_scorch,Strawberry___Leaf_scorch,0.936279
plantwild/extracted/plantwild/images/strawberry leaf scorch/google_0007.jpg,Strawberry___Leaf_scorch,Strawberry___Leaf_scorch,0.964390
plantwild/extracted/plantwild/images/strawberry leaf scorch/google_0008.jpg,Strawberry___Leaf_scorch,Strawberry___Leaf_scorch,0.968576
plantwild/extracted/plantwild/images/strawberry leaf scorch/google_0009.jpg,Strawberry___Leaf_scorch,Strawberry___Leaf_scorch,0.951058
plantwild/extracted/plantwild/images/strawberry leaf scorch/google_0010.jpg,Strawberry___Leaf_scorch,Strawberry___Leaf_scorch,0.653683
plantwild/extracted/plantwild/images/strawberry leaf scorch/google_0012.jpg,Strawberry___Leaf_scorch,Strawberry___Leaf_scorch,0.968807
plantwild/extracted/plantwild/images/strawberry leaf scorch/google_0013.jpg,Strawberry___Leaf_scorch,"Pepper,_bell___healthy",0.360647
plantwild/extracted/plantwild/images/strawberry leaf scorch/google_0014.jpg,Strawberry___Leaf_scorch,Strawberry___Leaf_scorch,0.962859
plantwild/extracted/plantwild/images/strawberry leaf scorch/google_0015.jpg,Strawberry___Leaf_scorch,Strawberry___Leaf_scorch,0.969489
plantwild/extracted/plantwild/images/strawberry leaf scorch/google_0016.jpg,Strawberry___Leaf_scorch,Strawberry___Leaf_scorch,0.961916
plantwild/extracted/plantwild/images/strawberry leaf scorch/google_0017.jpg,Strawberry___Leaf_scorch,Strawberry___Leaf_scorch,0.967429
plantwild/extracted/plantwild/images/strawberry leaf scorch/google_0018.jpg,Strawberry___Leaf_scorch,Strawberry___Leaf_scorch,0.894854
plantwild/extracted/plantwild/images/strawberry leaf scorch/google_0020.jpg,Strawberry___Leaf_scorch,Strawberry___Leaf_scorch,0.963886
plantwild/extracted/plantwild/images/strawberry leaf scorch/google_0022.jpg,Strawberry___Leaf_scorch,Strawberry___Leaf_scorch,0.957417
plantwild/extracted/plantwild/images/strawberry leaf scorch/google_0023.jpg,Strawberry___Leaf_scorch,Strawberry___Leaf_scorch,0.768267
plantwild/extracted/plantwild/images/strawberry leaf scorch/google_0025.jpg,Strawberry___Leaf_scorch,Strawberry___Leaf_scorch,0.969481
plantwild/extracted/plantwild/images/strawberry leaf scorch/google_0026.jpg,Strawberry___Leaf_scorch,Strawberry___Leaf_scorch,0.965768
plantwild/extracted/plantwild/images/strawberry leaf scorch/google_0027.jpg,Strawberry___Leaf_scorch,Strawberry___Leaf_scorch,0.965299
plantwild/extracted/plantwild/images/strawberry leaf scorch/google_0030.jpg,Strawberry___Leaf_scorch,Strawberry___Leaf_scorch,0.962598
plantwild/extracted/plantwild/images/strawberry leaf scorch/google_0031.jpg,Strawberry___Leaf_scorch,Strawberry___Leaf_scorch,0.965029
plantwild/extracted/plantwild/images/strawberry leaf scorch/google_0032.jpg,Strawberry___Leaf_scorch,Strawberry___Leaf_scorch,0.966587
plantwild/extracted/plantwild/images/strawberry leaf scorch/google_0035.jpg,Strawberry___Leaf_scorch,Strawberry___Leaf_scorch,0.965654
plantwild/extracted/plantwild/images/strawberry leaf scorch/google_0036.jpg,Strawberry___Leaf_scorch,Strawberry___Leaf_scorch,0.968829
plantwild/extracted/plantwild/images/strawberry leaf scorch/google_0037.jpg,Strawberry___Leaf_scorch,Strawberry___Leaf_scorch,0.962902
plantwild/extracted/plantwild/images/strawberry leaf scorch/google_0039.jpg,Strawberry___Leaf_scorch,"Pepper,_bell___healthy",0.936892
plantwild/extracted/plantwild/images/strawberry leaf scorch/google_0040.jpg,Strawberry___Leaf_scorch,Strawberry___Leaf_scorch,0.845649
plantwild/extracted/plantwild/images/strawberry leaf scorch/google_0043.jpg,Strawberry___Leaf_scorch,Strawberry___Leaf_scorch,0.968705
plantwild/extracted/plantwild/images/strawberry leaf scorch/google_0045.jpg,Strawberry___Leaf_scorch,Strawberry___Leaf_scorch,0.964688
plantwild/extracted/plantwild/images/strawberry leaf scorch/google_0053.jpg,Strawberry___Leaf_scorch,Strawberry___Leaf_scorch,0.931864
plantwild/extracted/plantwild/images/strawberry leaf scorch/google_0054.jpg,Strawberry___Leaf_scorch,Strawberry___Leaf_scorch,0.968622
plantwild/extracted/plantwild/images/strawberry leaf scorch/google_0055.jpg,Strawberry___Leaf_scorch,"Pepper,_bell___healthy",0.583264
plantwild/extracted/plantwild/images/strawberry leaf scorch/google_0060.jpg,Strawberry___Leaf_scorch,Strawberry___Leaf_scorch,0.851148
plantwild/extracted/plantwild/images/strawberry leaf scorch/google_0062.jpg,Strawberry___Leaf_scorch,Strawberry___Leaf_scorch,0.967608
plantwild/extracted/plantwild/images/strawberry leaf scorch/google_0063.jpg,Strawberry___Leaf_scorch,Strawberry___Leaf_scorch,0.968910
plantwild/extracted/plantwild/images/strawberry leaf scorch/google_0068.jpg,Strawberry___Leaf_scorch,Strawberry___Leaf_scorch,0.967385
plantwild/extracted/plantwild/images/strawberry leaf scorch/google_0074.jpg,Strawberry___Leaf_scorch,Strawberry___Leaf_scorch,0.967737
plantwild/extracted/plantwild/images/strawberry leaf scorch/google_0078.jpg,Strawberry___Leaf_scorch,Cherry___healthy,0.482345
plantwild/extracted/plantwild/images/strawberry leaf scorch/google_0079.jpg,Strawberry___Leaf_scorch,Strawberry___Leaf_scorch,0.709836
plantwild/extracted/plantwild/images/strawberry leaf scorch/google_0080.jpg,Strawberry___Leaf_scorch,Strawberry___Leaf_scorch,0.930477
plantwild/extracted/plantwild/images/strawberry leaf scorch/google_0082.jpg,Strawberry___Leaf_scorch,Strawberry___Leaf_scorch,0.890806
plantwild/extracted/plantwild/images/strawberry leaf scorch/google_0084.jpg,Strawberry___Leaf_scorch,Strawberry___Leaf_scorch,0.964088
plantwild/extracted/plantwild/images/strawberry leaf scorch/google_0085.jpg,Strawberry___Leaf_scorch,Strawberry___Leaf_scorch,0.863587
plantwild/extracted/plantwild/images/strawberry leaf scorch/google_0087.jpg,Strawberry___Leaf_scorch,Strawberry___Leaf_scorch,0.383420
plantwild/extracted/plantwild/images/strawberry leaf scorch/google_0089.jpg,Strawberry___Leaf_scorch,Corn___Common_rust,0.412232
plantwild/extracted/plantwild/images/strawberry leaf scorch/google_0093.jpg,Strawberry___Leaf_scorch,Strawberry___Leaf_scorch,0.963738
plantwild/extracted/plantwild/images/strawberry leaf scorch/google_0094.jpg,Strawberry___Leaf_scorch,Strawberry___Leaf_scorch,0.962942
plantwild/extracted/plantwild/images/strawberry leaf scorch/google_0095.jpg,Strawberry___Leaf_scorch,Strawberry___Leaf_scorch,0.962392
plantwild/extracted/plantwild/images/strawberry leaf scorch/google_0096.jpg,Strawberry___Leaf_scorch,Strawberry___Leaf_scorch,0.965118
plantwild/extracted/plantwild/images/strawberry leaf scorch/google_0109.jpg,Strawberry___Leaf_scorch,Strawberry___Leaf_scorch,0.956174
plantwild/extracted/plantwild/images/strawberry leaf scorch/google_0117.jpg,Strawberry___Leaf_scorch,Strawberry___Leaf_scorch,0.785792
plantwild/extracted/plantwild/images/strawberry leaf scorch/google_0119.jpg,Strawberry___Leaf_scorch,Strawberry___Leaf_scorch,0.967832
plantwild/extracted/plantwild/images/strawberry leaf scorch/google_0122.jpg,Strawberry___Leaf_scorch,"Pepper,_bell___healthy",0.539751
plantwild/extracted/plantwild/images/strawberry leaf scorch/google_0123.jpg,Strawberry___Leaf_scorch,Strawberry___Leaf_scorch,0.967670
plantwild/extracted/plantwild/images/strawberry leaf scorch/google_0124.jpg,Strawberry___Leaf_scorch,Strawberry___Leaf_scorch,0.797736
plantwild/extracted/plantwild/images/strawberry leaf scorch/google_0133.jpg,Strawberry___Leaf_scorch,"Pepper,_bell___healthy",0.269276
plantwild/extracted/plantwild/images/strawberry leaf scorch/google_0139.jpg,Strawberry___Leaf_scorch,"Pepper,_bell___healthy",0.587701
plantwild/extracted/plantwild/images/strawberry leaf scorch/google_0152.jpg,Strawberry___Leaf_scorch,Strawberry___Leaf_scorch,0.847008
plantwild/extracted/plantwild/images/strawberry leaf scorch/google_0154.jpg,Strawberry___Leaf_scorch,Strawberry___Leaf_scorch,0.920857
plantwild/extracted/plantwild/images/strawberry leaf scorch/google_0159.jpg,Strawberry___Leaf_scorch,Strawberry___Leaf_scorch,0.964386
plantwild/extracted/plantwild/images/strawberry leaf scorch/google_0171.jpg,Strawberry___Leaf_scorch,Strawberry___Leaf_scorch,0.968033
plantwild/extracted/plantwild/images/strawberry leaf scorch/google_0175.jpg,Strawberry___Leaf_scorch,Strawberry___Leaf_scorch,0.951347
plantwild/extracted/plantwild/images/strawberry leaf scorch/google_0177.jpg,Strawberry___Leaf_scorch,Strawberry___Leaf_scorch,0.966355
plantwild/extracted/plantwild/images/strawberry leaf scorch/google_0186.jpg,Strawberry___Leaf_scorch,Strawberry___Leaf_scorch,0.764851
plantwild/extracted/plantwild/images/strawberry leaf scorch/google_0187.jpg,Strawberry___Leaf_scorch,Strawberry___Leaf_scorch,0.966587
plantwild/extracted/plantwild/images/strawberry leaf scorch/google_0188.jpg,Strawberry___Leaf_scorch,Strawberry___Leaf_scorch,0.968059
plantwild/extracted/plantwild/images/tomato bacterial leaf spot/1.jpg,Tomato___Bacterial_spot,"Pepper,_bell___healthy",0.951967
plantwild/extracted/plantwild/images/tomato bacterial leaf spot/10.jpg,Tomato___Bacterial_spot,"Pepper,_bell___healthy",0.358128
plantwild/extracted/plantwild/images/tomato bacterial leaf spot/102.jpg,Tomato___Bacterial_spot,"Pepper,_bell___healthy",0.511698
plantwild/extracted/plantwild/images/tomato bacterial leaf spot/103.jpg,Tomato___Bacterial_spot,Corn___healthy,0.864975
plantwild/extracted/plantwild/images/tomato bacterial leaf spot/104.jpg,Tomato___Bacterial_spot,"Pepper,_bell___healthy",0.890902
plantwild/extracted/plantwild/images/tomato bacterial leaf spot/108.jpg,Tomato___Bacterial_spot,"Pepper,_bell___healthy",0.399732
plantwild/extracted/plantwild/images/tomato bacterial leaf spot/109.jpg,Tomato___Bacterial_spot,"Pepper,_bell___healthy",0.932148
plantwild/extracted/plantwild/images/tomato bacterial leaf spot/11 - Copy (2).jpg,Tomato___Bacterial_spot,Tomato___Late_blight,0.898215
plantwild/extracted/plantwild/images/tomato bacterial leaf spot/11 - Copy (3).jpg,Tomato___Bacterial_spot,Tomato___Early_blight,0.944366
plantwild/extracted/plantwild/images/tomato bacterial leaf spot/11 - Copy.jpg,Tomato___Bacterial_spot,Cherry___healthy,0.408205
plantwild/extracted/plantwild/images/tomato bacterial leaf spot/11.jpg,Tomato___Bacterial_spot,"Pepper,_bell___healthy",0.923737
plantwild/extracted/plantwild/images/tomato bacterial leaf spot/114.jpg,Tomato___Bacterial_spot,Tomato___Early_blight,0.712544
plantwild/extracted/plantwild/images/tomato bacterial leaf spot/116.jpg,Tomato___Bacterial_spot,"Pepper,_bell___healthy",0.644952
plantwild/extracted/plantwild/images/tomato bacterial leaf spot/119.jpg,Tomato___Bacterial_spot,"Pepper,_bell___healthy",0.972320
plantwild/extracted/plantwild/images/tomato bacterial leaf spot/12.jpg,Tomato___Bacterial_spot,Strawberry___Leaf_scorch,0.507028
plantwild/extracted/plantwild/images/tomato bacterial leaf spot/120.jpg,Tomato___Bacterial_spot,"Pepper,_bell___healthy",0.950446
plantwild/extracted/plantwild/images/tomato bacterial leaf spot/122.jpg,Tomato___Bacterial_spot,Grape___Black_rot,0.504021
plantwild/extracted/plantwild/images/tomato bacterial leaf spot/125.jpg,Tomato___Bacterial_spot,Cherry___healthy,0.864155
plantwild/extracted/plantwild/images/tomato bacterial leaf spot/127.jpg,Tomato___Bacterial_spot,Tomato___Early_blight,0.881941
plantwild/extracted/plantwild/images/tomato bacterial leaf spot/128.jpg,Tomato___Bacterial_spot,Tomato___Early_blight,0.683821
plantwild/extracted/plantwild/images/tomato bacterial leaf spot/130.jpg,Tomato___Bacterial_spot,Cherry___healthy,0.306668
plantwild/extracted/plantwild/images/tomato bacterial leaf spot/132.jpg,Tomato___Bacterial_spot,"Pepper,_bell___healthy",0.960885
plantwild/extracted/plantwild/images/tomato bacterial leaf spot/137.jpg,Tomato___Bacterial_spot,"Pepper,_bell___healthy",0.467927
plantwild/extracted/plantwild/images/tomato bacterial leaf spot/14.jpg,Tomato___Bacterial_spot,Strawberry___Leaf_scorch,0.245523
plantwild/extracted/plantwild/images/tomato bacterial leaf spot/145.jpg,Tomato___Bacterial_spot,Tomato___Early_blight,0.531783
plantwild/extracted/plantwild/images/tomato bacterial leaf spot/147.jpg,Tomato___Bacterial_spot,Peach___Bacterial_spot,0.709866
plantwild/extracted/plantwild/images/tomato bacterial leaf spot/148.jpg,Tomato___Bacterial_spot,Potato___Early_blight,0.356095
plantwild/extracted/plantwild/images/tomato bacterial leaf spot/149.jpg,Tomato___Bacterial_spot,"Pepper,_bell___healthy",0.754882
plantwild/extracted/plantwild/images/tomato bacterial leaf spot/15.jpg,Tomato___Bacterial_spot,Cherry___healthy,0.751605
plantwild/extracted/plantwild/images/tomato bacterial leaf spot/153.jpg,Tomato___Bacterial_spot,"Pepper,_bell___healthy",0.901767
plantwild/extracted/plantwild/images/tomato bacterial leaf spot/157.jpg,Tomato___Bacterial_spot,Soybean___healthy,0.762269
plantwild/extracted/plantwild/images/tomato bacterial leaf spot/159.jpg,Tomato___Bacterial_spot,Cherry___healthy,0.808052
plantwild/extracted/plantwild/images/tomato bacterial leaf spot/16.jpg,Tomato___Bacterial_spot,"Pepper,_bell___healthy",0.851262
plantwild/extracted/plantwild/images/tomato bacterial leaf spot/167.jpg,Tomato___Bacterial_spot,Strawberry___Leaf_scorch,0.739449
plantwild/extracted/plantwild/images/tomato bacterial leaf spot/168.jpg,Tomato___Bacterial_spot,"Pepper,_bell___healthy",0.659241
plantwild/extracted/plantwild/images/tomato bacterial leaf spot/169.jpg,Tomato___Bacterial_spot,"Pepper,_bell___healthy",0.425197
plantwild/extracted/plantwild/images/tomato bacterial leaf spot/17.jpg,Tomato___Bacterial_spot,Strawberry___Leaf_scorch,0.851097
plantwild/extracted/plantwild/images/tomato bacterial leaf spot/175.jpg,Tomato___Bacterial_spot,"Pepper,_bell___healthy",0.847447
plantwild/extracted/plantwild/images/tomato bacterial leaf spot/176.jpg,Tomato___Bacterial_spot,Strawberry___Leaf_scorch,0.930004
plantwild/extracted/plantwild/images/tomato bacterial leaf spot/177.jpg,Tomato___Bacterial_spot,Strawberry___Leaf_scorch,0.824912
plantwild/extracted/plantwild/images/tomato bacterial leaf spot/178.jpg,Tomato___Bacterial_spot,Corn___healthy,0.293415
plantwild/extracted/plantwild/images/tomato bacterial leaf spot/179.jpg,Tomato___Bacterial_spot,Tomato___Tomato_Yellow_Leaf_Curl_Virus,0.508162
plantwild/extracted/plantwild/images/tomato bacterial leaf spot/18.jpg,Tomato___Bacterial_spot,Cherry___healthy,0.366711
plantwild/extracted/plantwild/images/tomato bacterial leaf spot/180.jpg,Tomato___Bacterial_spot,Corn___healthy,0.951611
plantwild/extracted/plantwild/images/tomato bacterial leaf spot/181.jpg,Tomato___Bacterial_spot,Tomato___Early_blight,0.434777
plantwild/extracted/plantwild/images/tomato bacterial leaf spot/183.jpg,Tomato___Bacterial_spot,Cherry___healthy,0.640609
plantwild/extracted/plantwild/images/tomato bacterial leaf spot/184.jpg,Tomato___Bacterial_spot,"Pepper,_bell___healthy",0.846864
plantwild/extracted/plantwild/images/tomato bacterial leaf spot/185.jpg,Tomato___Bacterial_spot,"Pepper,_bell___healthy",0.452197
plantwild/extracted/plantwild/images/tomato bacterial leaf spot/187.jpg,Tomato___Bacterial_spot,Cherry___healthy,0.947882
plantwild/extracted/plantwild/images/tomato bacterial leaf spot/188.jpg,Tomato___Bacterial_spot,Strawberry___Leaf_scorch,0.684205
plantwild/extracted/plantwild/images/tomato bacterial leaf spot/19.jpg,Tomato___Bacterial_spot,Corn___healthy,0.264162
plantwild/extracted/plantwild/images/tomato bacterial leaf spot/196.jpg,Tomato___Bacterial_spot,"Pepper,_bell___healthy",0.930240
plantwild/extracted/plantwild/images/tomato bacterial leaf spot/198.jpg,Tomato___Bacterial_spot,"Pepper,_bell___healthy",0.454961
plantwild/extracted/plantwild/images/tomato bacterial leaf spot/2.jpg,Tomato___Bacterial_spot,Orange___Haunglongbing_(Citrus_greening),0.695142
plantwild/extracted/plantwild/images/tomato bacterial leaf spot/20.jpg,Tomato___Bacterial_spot,Cherry___healthy,0.304788
plantwild/extracted/plantwild/images/tomato bacterial leaf spot/200.jpg,Tomato___Bacterial_spot,"Pepper,_bell___healthy",0.955854
plantwild/extracted/plantwild/images/tomato bacterial leaf spot/22.jpg,Tomato___Bacterial_spot,"Pepper,_bell___healthy",0.730526
plantwild/extracted/plantwild/images/tomato bacterial leaf spot/24.jpg,Tomato___Bacterial_spot,Tomato___Septoria_leaf_spot,0.962061
plantwild/extracted/plantwild/images/tomato bacterial leaf spot/27 - Copy.jpg,Tomato___Bacterial_spot,Strawberry___Leaf_scorch,0.910570
plantwild/extracted/plantwild/images/tomato bacterial leaf spot/27.jpg,Tomato___Bacterial_spot,Strawberry___Leaf_scorch,0.959731
plantwild/extracted/plantwild/images/tomato bacterial leaf spot/28.jpg,Tomato___Bacterial_spot,Tomato___Late_blight,0.736356
plantwild/extracted/plantwild/images/tomato bacterial leaf spot/3.jpg,Tomato___Bacterial_spot,Cherry___healthy,0.561877
plantwild/extracted/plantwild/images/tomato bacterial leaf spot/30.jpg,Tomato___Bacterial_spot,"Pepper,_bell___healthy",0.411734
plantwild/extracted/plantwild/images/tomato bacterial leaf spot/31.jpg,Tomato___Bacterial_spot,"Pepper,_bell___healthy",0.554619
plantwild/extracted/plantwild/images/tomato bacterial leaf spot/32.jpg,Tomato___Bacterial_spot,"Pepper,_bell___healthy",0.572485
plantwild/extracted/plantwild/images/tomato bacterial leaf spot/33.jpg,Tomato___Bacterial_spot,Peach___Bacterial_spot,0.484160
plantwild/extracted/plantwild/images/tomato bacterial leaf spot/36.jpg,Tomato___Bacterial_spot,Cherry___healthy,0.550784
plantwild/extracted/plantwild/images/tomato bacterial leaf spot/37.jpg,Tomato___Bacterial_spot,Corn___Northern_Leaf_Blight,0.391302
plantwild/extracted/plantwild/images/tomato bacterial leaf spot/4.jpg,Tomato___Bacterial_spot,Tomato___Early_blight,0.957939
plantwild/extracted/plantwild/images/tomato bacterial leaf spot/41.jpg,Tomato___Bacterial_spot,Tomato___Septoria_leaf_spot,0.342490
plantwild/extracted/plantwild/images/tomato bacterial leaf spot/42.jpg,Tomato___Bacterial_spot,Orange___Haunglongbing_(Citrus_greening),0.856835
plantwild/extracted/plantwild/images/tomato bacterial leaf spot/43.jpg,Tomato___Bacterial_spot,"Pepper,_bell___healthy",0.167517
plantwild/extracted/plantwild/images/tomato bacterial leaf spot/44.jpg,Tomato___Bacterial_spot,Tomato___Early_blight,0.490266
plantwild/extracted/plantwild/images/tomato bacterial leaf spot/45.jpg,Tomato___Bacterial_spot,"Pepper,_bell___healthy",0.931665
plantwild/extracted/plantwild/images/tomato bacterial leaf spot/46.jpg,Tomato___Bacterial_spot,Tomato___Early_blight,0.463699
plantwild/extracted/plantwild/images/tomato bacterial leaf spot/47.jpg,Tomato___Bacterial_spot,"Pepper,_bell___healthy",0.877968
plantwild/extracted/plantwild/images/tomato bacterial leaf spot/48.jpg,Tomato___Bacterial_spot,"Pepper,_bell___healthy",0.890872
plantwild/extracted/plantwild/images/tomato bacterial leaf spot/49.jpg,Tomato___Bacterial_spot,Strawberry___Leaf_scorch,0.652902
plantwild/extracted/plantwild/images/tomato bacterial leaf spot/5.jpg,Tomato___Bacterial_spot,Tomato___Early_blight,0.923173
plantwild/extracted/plantwild/images/tomato bacterial leaf spot/50.jpg,Tomato___Bacterial_spot,"Pepper,_bell___healthy",0.402036
plantwild/extracted/plantwild/images/tomato bacterial leaf spot/51.jpg,Tomato___Bacterial_spot,Strawberry___Leaf_scorch,0.617559
plantwild/extracted/plantwild/images/tomato bacterial leaf spot/52.jpg,Tomato___Bacterial_spot,Strawberry___Leaf_scorch,0.822471
plantwild/extracted/plantwild/images/tomato bacterial leaf spot/56.jpg,Tomato___Bacterial_spot,Tomato___Early_blight,0.944082
plantwild/extracted/plantwild/images/tomato bacterial leaf spot/57.jpg,Tomato___Bacterial_spot,"Pepper,_bell___healthy",0.709346
plantwild/extracted/plantwild/images/tomato bacterial leaf spot/6 - Copy (2).jpg,Tomato___Bacterial_spot,"Pepper,_bell___healthy",0.823822
plantwild/extracted/plantwild/images/tomato bacterial leaf spot/6 - Copy (3).jpg,Tomato___Bacterial_spot,"Pepper,_bell___healthy",0.903282
plantwild/extracted/plantwild/images/tomato bacterial leaf spot/6 - Copy.jpg,Tomato___Bacterial_spot,Tomato___Late_blight,0.775797
plantwild/extracted/plantwild/images/tomato bacterial leaf spot/6.jpg,Tomato___Bacterial_spot,Cherry___healthy,0.904675
plantwild/extracted/plantwild/images/tomato bacterial leaf spot/62.jpg,Tomato___Bacterial_spot,Cherry___healthy,0.761388
plantwild/extracted/plantwild/images/tomato bacterial leaf spot/63.jpg,Tomato___Bacterial_spot,"Pepper,_bell___healthy",0.788945
plantwild/extracted/plantwild/images/tomato bacterial leaf spot/64.jpg,Tomato___Bacterial_spot,"Pepper,_bell___healthy",0.959893
plantwild/extracted/plantwild/images/tomato bacterial leaf spot/65.jpg,Tomato___Bacterial_spot,"Pepper,_bell___healthy",0.651244
plantwild/extracted/plantwild/images/tomato bacterial leaf spot/7.jpg,Tomato___Bacterial_spot,"Pepper,_bell___healthy",0.628845
plantwild/extracted/plantwild/images/tomato bacterial leaf spot/70.jpg,Tomato___Bacterial_spot,Strawberry___Leaf_scorch,0.753498
plantwild/extracted/plantwild/images/tomato bacterial leaf spot/71.jpg,Tomato___Bacterial_spot,"Pepper,_bell___healthy",0.954597
plantwild/extracted/plantwild/images/tomato bacterial leaf spot/73.jpg,Tomato___Bacterial_spot,Cherry___healthy,0.584111
plantwild/extracted/plantwild/images/tomato bacterial leaf spot/76.jpg,Tomato___Bacterial_spot,Strawberry___Leaf_scorch,0.929441
plantwild/extracted/plantwild/images/tomato bacterial leaf spot/77.jpg,Tomato___Bacterial_spot,Strawberry___Leaf_scorch,0.906221
plantwild/extracted/plantwild/images/tomato bacterial leaf spot/78.jpg,Tomato___Bacterial_spot,Strawberry___Leaf_scorch,0.966359
plantwild/extracted/plantwild/images/tomato bacterial leaf spot/79.jpg,Tomato___Bacterial_spot,Corn___Common_rust,0.220506
plantwild/extracted/plantwild/images/tomato bacterial leaf spot/8.jpg,Tomato___Bacterial_spot,"Pepper,_bell___healthy",0.600657
plantwild/extracted/plantwild/images/tomato bacterial leaf spot/80.jpg,Tomato___Bacterial_spot,"Pepper,_bell___healthy",0.776196
plantwild/extracted/plantwild/images/tomato bacterial leaf spot/81.jpg,Tomato___Bacterial_spot,"Pepper,_bell___healthy",0.524889
plantwild/extracted/plantwild/images/tomato bacterial leaf spot/82.jpg,Tomato___Bacterial_spot,Tomato___Late_blight,0.898274
plantwild/extracted/plantwild/images/tomato bacterial leaf spot/84.jpg,Tomato___Bacterial_spot,Cherry___healthy,0.256983
plantwild/extracted/plantwild/images/tomato bacterial leaf spot/9.jpg,Tomato___Bacterial_spot,"Pepper,_bell___healthy",0.960080
plantwild/extracted/plantwild/images/tomato bacterial leaf spot/92.jpg,Tomato___Bacterial_spot,"Pepper,_bell___healthy",0.919331
plantwild/extracted/plantwild/images/tomato bacterial leaf spot/93.jpg,Tomato___Bacterial_spot,"Pepper,_bell___healthy",0.609543
plantwild/extracted/plantwild/images/tomato bacterial leaf spot/94.jpg,Tomato___Bacterial_spot,Strawberry___Leaf_scorch,0.852003
plantwild/extracted/plantwild/images/tomato bacterial leaf spot/95.jpg,Tomato___Bacterial_spot,"Pepper,_bell___healthy",0.939253
plantwild/extracted/plantwild/images/tomato bacterial leaf spot/96.jpg,Tomato___Bacterial_spot,"Pepper,_bell___healthy",0.661142
plantwild/extracted/plantwild/images/tomato bacterial leaf spot/97.jpg,Tomato___Bacterial_spot,"Pepper,_bell___healthy",0.802374
plantwild/extracted/plantwild/images/tomato bacterial leaf spot/98.jpg,Tomato___Bacterial_spot,"Pepper,_bell___healthy",0.958409
plantwild/extracted/plantwild/images/tomato bacterial leaf spot/99.jpg,Tomato___Bacterial_spot,Tomato___Early_blight,0.950109
plantwild/extracted/plantwild/images/tomato bacterial leaf spot/google_0000.jpg,Tomato___Bacterial_spot,"Pepper,_bell___healthy",0.881853
plantwild/extracted/plantwild/images/tomato bacterial leaf spot/google_0001.jpg,Tomato___Bacterial_spot,Strawberry___Leaf_scorch,0.847153
plantwild/extracted/plantwild/images/tomato bacterial leaf spot/google_0002.jpg,Tomato___Bacterial_spot,"Pepper,_bell___healthy",0.866489
plantwild/extracted/plantwild/images/tomato bacterial leaf spot/google_0004.jpg,Tomato___Bacterial_spot,"Pepper,_bell___healthy",0.355725
plantwild/extracted/plantwild/images/tomato bacterial leaf spot/google_0009.jpg,Tomato___Bacterial_spot,Tomato___Septoria_leaf_spot,0.614250
plantwild/extracted/plantwild/images/tomato bacterial leaf spot/google_0011.jpg,Tomato___Bacterial_spot,Strawberry___Leaf_scorch,0.669346
plantwild/extracted/plantwild/images/tomato bacterial leaf spot/google_0012.jpg,Tomato___Bacterial_spot,"Pepper,_bell___healthy",0.680998
plantwild/extracted/plantwild/images/tomato bacterial leaf spot/google_0013.jpg,Tomato___Bacterial_spot,Strawberry___Leaf_scorch,0.274319
plantwild/extracted/plantwild/images/tomato bacterial leaf spot/google_0014.jpg,Tomato___Bacterial_spot,Tomato___Early_blight,0.642519
plantwild/extracted/plantwild/images/tomato bacterial leaf spot/google_0015.jpg,Tomato___Bacterial_spot,"Pepper,_bell___healthy",0.852533
plantwild/extracted/plantwild/images/tomato bacterial leaf spot/google_0017.jpg,Tomato___Bacterial_spot,"Pepper,_bell___healthy",0.947296
plantwild/extracted/plantwild/images/tomato bacterial leaf spot/google_0018.jpg,Tomato___Bacterial_spot,Tomato___Early_blight,0.753308
plantwild/extracted/plantwild/images/tomato bacterial leaf spot/google_0019.jpg,Tomato___Bacterial_spot,"Pepper,_bell___Bacterial_spot",0.824626
plantwild/extracted/plantwild/images/tomato bacterial leaf spot/google_0020.jpg,Tomato___Bacterial_spot,Cherry___healthy,0.449196
plantwild/extracted/plantwild/images/tomato bacterial leaf spot/google_0021.jpg,Tomato___Bacterial_spot,Strawberry___Leaf_scorch,0.544415
plantwild/extracted/plantwild/images/tomato bacterial leaf spot/google_0022.jpg,Tomato___Bacterial_spot,Grape___Black_rot,0.320478
plantwild/extracted/plantwild/images/tomato bacterial leaf spot/google_0023.jpg,Tomato___Bacterial_spot,"Pepper,_bell___healthy",0.826212
plantwild/extracted/plantwild/images/tomato bacterial leaf spot/google_0025.jpg,Tomato___Bacterial_spot,Tomato___Early_blight,0.561469
plantwild/extracted/plantwild/images/tomato bacterial leaf spot/google_0029.jpg,Tomato___Bacterial_spot,Cherry___healthy,0.665184
plantwild/extracted/plantwild/images/tomato bacterial leaf spot/google_0030.jpg,Tomato___Bacterial_spot,Cherry___healthy,0.416386
plantwild/extracted/plantwild/images/tomato bacterial leaf spot/google_0032.jpg,Tomato___Bacterial_spot,"Pepper,_bell___healthy",0.903676
plantwild/extracted/plantwild/images/tomato bacterial leaf spot/google_0033.jpg,Tomato___Bacterial_spot,"Pepper,_bell___healthy",0.790578
plantwild/extracted/plantwild/images/tomato bacterial leaf spot/google_0034.jpg,Tomato___Bacterial_spot,"Pepper,_bell___healthy",0.911182
plantwild/extracted/plantwild/images/tomato bacterial leaf spot/google_0035.jpg,Tomato___Bacterial_spot,Tomato___Septoria_leaf_spot,0.458982
plantwild/extracted/plantwild/images/tomato bacterial leaf spot/google_0036.jpg,Tomato___Bacterial_spot,"Pepper,_bell___healthy",0.619459
plantwild/extracted/plantwild/images/tomato bacterial leaf spot/google_0037.jpg,Tomato___Bacterial_spot,Tomato___Septoria_leaf_spot,0.954371
plantwild/extracted/plantwild/images/tomato bacterial leaf spot/google_0039.jpg,Tomato___Bacterial_spot,Cherry___healthy,0.438144
plantwild/extracted/plantwild/images/tomato bacterial leaf spot/google_0040.jpg,Tomato___Bacterial_spot,Tomato___Early_blight,0.678647
plantwild/extracted/plantwild/images/tomato bacterial leaf spot/google_0042.jpg,Tomato___Bacterial_spot,Grape___Black_rot,0.938613
plantwild/extracted/plantwild/images/tomato bacterial leaf spot/google_0043.jpg,Tomato___Bacterial_spot,"Pepper,_bell___healthy",0.758112
plantwild/extracted/plantwild/images/tomato bacterial leaf spot/google_0044.jpg,Tomato___Bacterial_spot,"Pepper,_bell___healthy",0.596479
plantwild/extracted/plantwild/images/tomato bacterial leaf spot/google_0048.jpg,Tomato___Bacterial_spot,Grape___Black_rot,0.965918
plantwild/extracted/plantwild/images/tomato bacterial leaf spot/google_0050.jpg,Tomato___Bacterial_spot,Tomato___Late_blight,0.775514
plantwild/extracted/plantwild/images/tomato bacterial leaf spot/google_0051.jpg,Tomato___Bacterial_spot,"Pepper,_bell___healthy",0.539942
plantwild/extracted/plantwild/images/tomato bacterial leaf spot/google_0053.jpg,Tomato___Bacterial_spot,Peach___Bacterial_spot,0.774783
plantwild/extracted/plantwild/images/tomato bacterial leaf spot/google_0054.jpg,Tomato___Bacterial_spot,"Pepper,_bell___healthy",0.391715
plantwild/extracted/plantwild/images/tomato bacterial leaf spot/google_0055.jpg,Tomato___Bacterial_spot,Tomato___Septoria_leaf_spot,0.963796
plantwild/extracted/plantwild/images/tomato bacterial leaf spot/google_0056.jpg,Tomato___Bacterial_spot,"Pepper,_bell___healthy",0.916026
plantwild/extracted/plantwild/images/tomato bacterial leaf spot/google_0057.jpg,Tomato___Bacterial_spot,"Pepper,_bell___Bacterial_spot",0.962273
plantwild/extracted/plantwild/images/tomato bacterial leaf spot/google_0059.jpg,Tomato___Bacterial_spot,Strawberry___Leaf_scorch,0.954684
plantwild/extracted/plantwild/images/tomato bacterial leaf spot/google_0060.jpg,Tomato___Bacterial_spot,"Pepper,_bell___healthy",0.896641
plantwild/extracted/plantwild/images/tomato bacterial leaf spot/google_0061.jpg,Tomato___Bacterial_spot,Strawberry___Leaf_scorch,0.949777
plantwild/extracted/plantwild/images/tomato bacterial leaf spot/google_0065.jpg,Tomato___Bacterial_spot,"Pepper,_bell___healthy",0.637886
plantwild/extracted/plantwild/images/tomato bacterial leaf spot/google_0066.jpg,Tomato___Bacterial_spot,Tomato___Septoria_leaf_spot,0.349156
plantwild/extracted/plantwild/images/tomato bacterial leaf spot/google_0067.jpg,Tomato___Bacterial_spot,Strawberry___Leaf_scorch,0.381152
plantwild/extracted/plantwild/images/tomato bacterial leaf spot/google_0070.jpg,Tomato___Bacterial_spot,Tomato___Tomato_Yellow_Leaf_Curl_Virus,0.625213
plantwild/extracted/plantwild/images/tomato bacterial leaf spot/google_0071.jpg,Tomato___Bacterial_spot,Tomato___Septoria_leaf_spot,0.969326
plantwild/extracted/plantwild/images/tomato bacterial leaf spot/google_0072.jpg,Tomato___Bacterial_spot,"Pepper,_bell___healthy",0.774745
plantwild/extracted/plantwild/images/tomato bacterial leaf spot/google_0073.jpg,Tomato___Bacterial_spot,Corn___Cercospora_leaf_spot Gray_leaf_spot,0.560730
plantwild/extracted/plantwild/images/tomato bacterial leaf spot/google_0074.jpg,Tomato___Bacterial_spot,"Pepper,_bell___healthy",0.880212
plantwild/extracted/plantwild/images/tomato bacterial leaf spot/google_0075.jpg,Tomato___Bacterial_spot,Tomato___Early_blight,0.846728
plantwild/extracted/plantwild/images/tomato bacterial leaf spot/google_0077.jpg,Tomato___Bacterial_spot,Tomato___Septoria_leaf_spot,0.821494
plantwild/extracted/plantwild/images/tomato bacterial leaf spot/google_0080.jpg,Tomato___Bacterial_spot,Potato___Late_blight,0.951275
plantwild/extracted/plantwild/images/tomato bacterial leaf spot/google_0081.jpg,Tomato___Bacterial_spot,Strawberry___Leaf_scorch,0.503498
plantwild/extracted/plantwild/images/tomato bacterial leaf spot/google_0082.jpg,Tomato___Bacterial_spot,Tomato___Early_blight,0.599812
plantwild/extracted/plantwild/images/tomato bacterial leaf spot/google_0083.jpg,Tomato___Bacterial_spot,Cherry___healthy,0.393539
plantwild/extracted/plantwild/images/tomato bacterial leaf spot/google_0084.jpg,Tomato___Bacterial_spot,Strawberry___Leaf_scorch,0.483560
plantwild/extracted/plantwild/images/tomato bacterial leaf spot/google_0087.jpg,Tomato___Bacterial_spot,"Pepper,_bell___healthy",0.312482
plantwild/extracted/plantwild/images/tomato bacterial leaf spot/google_0088.jpg,Tomato___Bacterial_spot,"Pepper,_bell___healthy",0.931988
plantwild/extracted/plantwild/images/tomato bacterial leaf spot/google_0091.jpg,Tomato___Bacterial_spot,"Pepper,_bell___healthy",0.764583
plantwild/extracted/plantwild/images/tomato bacterial leaf spot/google_0092.jpg,Tomato___Bacterial_spot,"Pepper,_bell___healthy",0.370155
plantwild/extracted/plantwild/images/tomato bacterial leaf spot/google_0093.jpg,Tomato___Bacterial_spot,Cherry___healthy,0.647773
plantwild/extracted/plantwild/images/tomato bacterial leaf spot/google_0094.jpg,Tomato___Bacterial_spot,Cherry___healthy,0.420631
plantwild/extracted/plantwild/images/tomato bacterial leaf spot/google_0095.jpg,Tomato___Bacterial_spot,"Pepper,_bell___healthy",0.622787
plantwild/extracted/plantwild/images/tomato bacterial leaf spot/google_0099.jpg,Tomato___Bacterial_spot,Strawberry___Leaf_scorch,0.623721
plantwild/extracted/plantwild/images/tomato bacterial leaf spot/google_0100.jpg,Tomato___Bacterial_spot,Strawberry___Leaf_scorch,0.654624
plantwild/extracted/plantwild/images/tomato bacterial leaf spot/google_0103.jpg,Tomato___Bacterial_spot,Strawberry___Leaf_scorch,0.377650
plantwild/extracted/plantwild/images/tomato bacterial leaf spot/google_0107.jpg,Tomato___Bacterial_spot,Tomato___Septoria_leaf_spot,0.835400
plantwild/extracted/plantwild/images/tomato bacterial leaf spot/google_0109.jpg,Tomato___Bacterial_spot,Corn___Cercospora_leaf_spot Gray_leaf_spot,0.384576
plantwild/extracted/plantwild/images/tomato bacterial leaf spot/google_0111.jpg,Tomato___Bacterial_spot,Tomato___Septoria_leaf_spot,0.967074
plantwild/extracted/plantwild/images/tomato bacterial leaf spot/google_0112.jpg,Tomato___Bacterial_spot,"Pepper,_bell___healthy",0.906211
plantwild/extracted/plantwild/images/tomato bacterial leaf spot/google_0113.jpg,Tomato___Bacterial_spot,Tomato___Septoria_leaf_spot,0.967412
plantwild/extracted/plantwild/images/tomato bacterial leaf spot/google_0114.jpg,Tomato___Bacterial_spot,"Pepper,_bell___healthy",0.747125
plantwild/extracted/plantwild/images/tomato bacterial leaf spot/google_0117.jpg,Tomato___Bacterial_spot,"Pepper,_bell___healthy",0.381291
plantwild/extracted/plantwild/images/tomato bacterial leaf spot/google_0120.jpg,Tomato___Bacterial_spot,"Pepper,_bell___healthy",0.828355
plantwild/extracted/plantwild/images/tomato bacterial leaf spot/google_0121.jpg,Tomato___Bacterial_spot,Tomato___Septoria_leaf_spot,0.616868
plantwild/extracted/plantwild/images/tomato bacterial leaf spot/google_0125.jpg,Tomato___Bacterial_spot,Strawberry___Leaf_scorch,0.955779
plantwild/extracted/plantwild/images/tomato bacterial leaf spot/google_0126.jpg,Tomato___Bacterial_spot,Tomato___Early_blight,0.960040
plantwild/extracted/plantwild/images/tomato bacterial leaf spot/google_0128.jpg,Tomato___Bacterial_spot,Strawberry___Leaf_scorch,0.766326
plantwild/extracted/plantwild/images/tomato bacterial leaf spot/google_0129.jpg,Tomato___Bacterial_spot,Cherry___healthy,0.685583
plantwild/extracted/plantwild/images/tomato bacterial leaf spot/google_0131.jpg,Tomato___Bacterial_spot,Strawberry___Leaf_scorch,0.759841
plantwild/extracted/plantwild/images/tomato bacterial leaf spot/google_0132.jpg,Tomato___Bacterial_spot,Tomato___Target_Spot,0.339902
plantwild/extracted/plantwild/images/tomato bacterial leaf spot/google_0133.jpg,Tomato___Bacterial_spot,"Pepper,_bell___healthy",0.488357
plantwild/extracted/plantwild/images/tomato bacterial leaf spot/google_0134.jpg,Tomato___Bacterial_spot,Cherry___healthy,0.516843
plantwild/extracted/plantwild/images/tomato bacterial leaf spot/google_0136.jpg,Tomato___Bacterial_spot,Tomato___Septoria_leaf_spot,0.918673
plantwild/extracted/plantwild/images/tomato bacterial leaf spot/google_0137.jpg,Tomato___Bacterial_spot,"Pepper,_bell___healthy",0.710980
plantwild/extracted/plantwild/images/tomato bacterial leaf spot/google_0138.jpg,Tomato___Bacterial_spot,Potato___healthy,0.817014
plantwild/extracted/plantwild/images/tomato bacterial leaf spot/google_0139.jpg,Tomato___Bacterial_spot,Cherry___healthy,0.967104
plantwild/extracted/plantwild/images/tomato bacterial leaf spot/google_0140.jpg,Tomato___Bacterial_spot,Cherry___healthy,0.454145
plantwild/extracted/plantwild/images/tomato bacterial leaf spot/google_0144.jpg,Tomato___Bacterial_spot,Tomato___Spider_mites Two-spotted_spider_mite,0.703064
plantwild/extracted/plantwild/images/tomato bacterial leaf spot/google_0146.jpg,Tomato___Bacterial_spot,"Pepper,_bell___healthy",0.360087
plantwild/extracted/plantwild/images/tomato bacterial leaf spot/google_0150.jpg,Tomato___Bacterial_spot,"Pepper,_bell___healthy",0.734300
plantwild/extracted/plantwild/images/tomato bacterial leaf spot/google_0156.jpg,Tomato___Bacterial_spot,"Pepper,_bell___healthy",0.177069
plantwild/extracted/plantwild/images/tomato bacterial leaf spot/google_0157.jpg,Tomato___Bacterial_spot,Strawberry___Leaf_scorch,0.495854
plantwild/extracted/plantwild/images/tomato bacterial leaf spot/google_0158.jpg,Tomato___Bacterial_spot,"Pepper,_bell___healthy",0.666247
plantwild/extracted/plantwild/images/tomato bacterial leaf spot/google_0159.jpg,Tomato___Bacterial_spot,"Pepper,_bell___healthy",0.957110
plantwild/extracted/plantwild/images/tomato bacterial leaf spot/google_0160.jpg,Tomato___Bacterial_spot,Strawberry___Leaf_scorch,0.809679
plantwild/extracted/plantwild/images/tomato bacterial leaf spot/google_0163.jpg,Tomato___Bacterial_spot,"Pepper,_bell___healthy",0.959387
plantwild/extracted/plantwild/images/tomato bacterial leaf spot/google_0166.jpg,Tomato___Bacterial_spot,"Pepper,_bell___healthy",0.845931
plantwild/extracted/plantwild/images/tomato bacterial leaf spot/google_0168.jpg,Tomato___Bacterial_spot,Strawberry___Leaf_scorch,0.811874
plantwild/extracted/plantwild/images/tomato bacterial leaf spot/google_0169.jpg,Tomato___Bacterial_spot,"Pepper,_bell___healthy",0.815948
plantwild/extracted/plantwild/images/tomato bacterial leaf spot/google_0171.jpg,Tomato___Bacterial_spot,"Pepper,_bell___healthy",0.953537
plantwild/extracted/plantwild/images/tomato bacterial leaf spot/google_0172.jpg,Tomato___Bacterial_spot,Strawberry___Leaf_scorch,0.952222
plantwild/extracted/plantwild/images/tomato bacterial leaf spot/google_0173.jpg,Tomato___Bacterial_spot,"Pepper,_bell___healthy",0.661469
plantwild/extracted/plantwild/images/tomato bacterial leaf spot/google_0174.jpg,Tomato___Bacterial_spot,"Pepper,_bell___healthy",0.929351
plantwild/extracted/plantwild/images/tomato bacterial leaf spot/google_0175.jpg,Tomato___Bacterial_spot,"Pepper,_bell___Bacterial_spot",0.959233
plantwild/extracted/plantwild/images/tomato bacterial leaf spot/google_0176.jpg,Tomato___Bacterial_spot,Strawberry___Leaf_scorch,0.380752
plantwild/extracted/plantwild/images/tomato bacterial leaf spot/google_0186.jpg,Tomato___Bacterial_spot,Cherry___healthy,0.597227
plantwild/extracted/plantwild/images/tomato bacterial leaf spot/google_0188.jpg,Tomato___Bacterial_spot,Soybean___healthy,0.289534
plantwild/extracted/plantwild/images/tomato bacterial leaf spot/google_0189.jpg,Tomato___Bacterial_spot,Strawberry___Leaf_scorch,0.956437
plantwild/extracted/plantwild/images/tomato bacterial leaf spot/google_0195.jpg,Tomato___Bacterial_spot,Tomato___Late_blight,0.724449
plantwild/extracted/plantwild/images/tomato bacterial leaf spot/google_0224.jpg,Tomato___Bacterial_spot,"Pepper,_bell___healthy",0.632882
plantwild/extracted/plantwild/images/tomato bacterial leaf spot/google_0225.jpg,Tomato___Bacterial_spot,Cherry___healthy,0.666331
plantwild/extracted/plantwild/images/tomato bacterial leaf spot/google_0228.jpg,Tomato___Bacterial_spot,Cherry___healthy,0.744447
plantwild/extracted/plantwild/images/tomato bacterial leaf spot/google_0231.jpg,Tomato___Bacterial_spot,Strawberry___Leaf_scorch,0.498550
plantwild/extracted/plantwild/images/tomato bacterial leaf spot/google_0233.jpg,Tomato___Bacterial_spot,"Pepper,_bell___healthy",0.667520
plantwild/extracted/plantwild/images/tomato bacterial leaf spot/google_0247.jpg,Tomato___Bacterial_spot,Cherry___healthy,0.661148
plantwild/extracted/plantwild/images/tomato bacterial leaf spot/google_0249.jpg,Tomato___Bacterial_spot,"Pepper,_bell___healthy",0.697490
plantwild/extracted/plantwild/images/tomato bacterial leaf spot/google_0251.jpg,Tomato___Bacterial_spot,"Pepper,_bell___healthy",0.891037
plantwild/extracted/plantwild/images/tomato bacterial leaf spot/google_0254.jpg,Tomato___Bacterial_spot,"Pepper,_bell___healthy",0.810362
plantwild/extracted/plantwild/images/tomato bacterial leaf spot/google_0255.jpg,Tomato___Bacterial_spot,"Pepper,_bell___healthy",0.739621
plantwild/extracted/plantwild/images/tomato bacterial leaf spot/google_0260.jpg,Tomato___Bacterial_spot,"Pepper,_bell___healthy",0.763423
plantwild/extracted/plantwild/images/tomato bacterial leaf spot/google_0261.jpg,Tomato___Bacterial_spot,"Pepper,_bell___healthy",0.930154
plantwild/extracted/plantwild/images/tomato bacterial leaf spot/google_0262.jpg,Tomato___Bacterial_spot,Tomato___Tomato_Yellow_Leaf_Curl_Virus,0.834073
plantwild/extracted/plantwild/images/tomato bacterial leaf spot/google_0265.jpg,Tomato___Bacterial_spot,"Pepper,_bell___healthy",0.724869
plantwild/extracted/plantwild/images/tomato bacterial leaf spot/google_0267.jpg,Tomato___Bacterial_spot,"Pepper,_bell___healthy",0.531757
plantwild/extracted/plantwild/images/tomato bacterial leaf spot/google_0271.jpg,Tomato___Bacterial_spot,Tomato___Late_blight,0.932754
plantwild/extracted/plantwild/images/tomato bacterial leaf spot/google_0274.jpg,Tomato___Bacterial_spot,Corn___healthy,0.930659
plantwild/extracted/plantwild/images/tomato bacterial leaf spot/google_0275.jpg,Tomato___Bacterial_spot,Corn___Cercospora_leaf_spot Gray_leaf_spot,0.351650
plantwild/extracted/plantwild/images/tomato bacterial leaf spot/google_0276.jpg,Tomato___Bacterial_spot,"Pepper,_bell___healthy",0.929738
plantwild/extracted/plantwild/images/tomato bacterial leaf spot/google_0277.jpg,Tomato___Bacterial_spot,Corn___Cercospora_leaf_spot Gray_leaf_spot,0.944928
plantwild/extracted/plantwild/images/tomato bacterial leaf spot/google_0283.jpg,Tomato___Bacterial_spot,Cherry___healthy,0.773149
plantwild/extracted/plantwild/images/tomato bacterial leaf spot/google_0286.jpg,Tomato___Bacterial_spot,Grape___Black_rot,0.855971
plantwild/extracted/plantwild/images/tomato bacterial leaf spot/google_0292.jpg,Tomato___Bacterial_spot,Tomato___Early_blight,0.901587
plantwild/extracted/plantwild/images/tomato bacterial leaf spot/google_0293.jpg,Tomato___Bacterial_spot,"Pepper,_bell___healthy",0.844189
plantwild/extracted/plantwild/images/tomato bacterial leaf spot/google_0296.jpg,Tomato___Bacterial_spot,Cherry___healthy,0.647180
plantwild/extracted/plantwild/images/tomato bacterial leaf spot/google_0307.jpg,Tomato___Bacterial_spot,Cherry___healthy,0.482369
plantwild/extracted/plantwild/images/tomato bacterial leaf spot/google_0308.jpg,Tomato___Bacterial_spot,Strawberry___Leaf_scorch,0.963419
plantwild/extracted/plantwild/images/tomato bacterial leaf spot/google_0310.jpg,Tomato___Bacterial_spot,Tomato___Leaf_Mold,0.525646
plantwild/extracted/plantwild/images/tomato bacterial leaf spot/google_0315.jpg,Tomato___Bacterial_spot,Tomato___Septoria_leaf_spot,0.558117
plantwild/extracted/plantwild/images/tomato bacterial leaf spot/google_0319.jpg,Tomato___Bacterial_spot,"Pepper,_bell___healthy",0.930523
plantwild/extracted/plantwild/images/tomato bacterial leaf spot/google_0324.jpg,Tomato___Bacterial_spot,Tomato___Late_blight,0.341637
plantwild/extracted/plantwild/images/tomato bacterial leaf spot/google_0328.jpg,Tomato___Bacterial_spot,"Pepper,_bell___healthy",0.905286
plantwild/extracted/plantwild/images/tomato bacterial leaf spot/google_0338.jpg,Tomato___Bacterial_spot,Cherry___healthy,0.878510
plantwild/extracted/plantwild/images/tomato bacterial leaf spot/google_0351.jpg,Tomato___Bacterial_spot,Strawberry___Leaf_scorch,0.675747
plantwild/extracted/plantwild/images/tomato bacterial leaf spot/google_0390.jpg,Tomato___Bacterial_spot,Tomato___Septoria_leaf_spot,0.964719
plantwild/extracted/plantwild/images/tomato bacterial leaf spot/google_0395.jpg,Tomato___Bacterial_spot,Tomato___Septoria_leaf_spot,0.966411
plantwild/extracted/plantwild/images/tomato bacterial leaf spot/google_0400.jpg,Tomato___Bacterial_spot,"Pepper,_bell___healthy",0.383583
plantwild/extracted/plantwild/images/tomato bacterial leaf spot/google_0405.jpg,Tomato___Bacterial_spot,"Pepper,_bell___healthy",0.742383
plantwild/extracted/plantwild/images/tomato bacterial leaf spot/google_0408.jpg,Tomato___Bacterial_spot,Tomato___Septoria_leaf_spot,0.934843
plantwild/extracted/plantwild/images/tomato bacterial leaf spot/google_0410.jpg,Tomato___Bacterial_spot,Tomato___Septoria_leaf_spot,0.965679
plantwild/extracted/plantwild/images/tomato bacterial leaf spot/google_0411.jpg,Tomato___Bacterial_spot,Strawberry___Leaf_scorch,0.841646
plantwild/extracted/plantwild/images/tomato bacterial leaf spot/google_0413.jpg,Tomato___Bacterial_spot,Cherry___healthy,0.724958
plantwild/extracted/plantwild/images/tomato bacterial leaf spot/google_0415.jpg,Tomato___Bacterial_spot,"Pepper,_bell___healthy",0.503799
plantwild/extracted/plantwild/images/tomato bacterial leaf spot/google_0416.jpg,Tomato___Bacterial_spot,Tomato___Late_blight,0.971246
plantwild/extracted/plantwild/images/tomato bacterial leaf spot/google_0421.jpg,Tomato___Bacterial_spot,Cherry___healthy,0.636707
plantwild/extracted/plantwild/images/tomato bacterial leaf spot/google_0427.jpg,Tomato___Bacterial_spot,Strawberry___Leaf_scorch,0.942342
plantwild/extracted/plantwild/images/tomato bacterial leaf spot/google_0429.jpg,Tomato___Bacterial_spot,"Pepper,_bell___healthy",0.690922
plantwild/extracted/plantwild/images/tomato bacterial leaf spot/google_0432.jpg,Tomato___Bacterial_spot,Cherry___healthy,0.430109
plantwild/extracted/plantwild/images/tomato bacterial leaf spot/google_0436.jpg,Tomato___Bacterial_spot,Tomato___healthy,0.863405
plantwild/extracted/plantwild/images/tomato bacterial leaf spot/google_0438.jpg,Tomato___Bacterial_spot,Strawberry___Leaf_scorch,0.720720
plantwild/extracted/plantwild/images/tomato bacterial leaf spot/google_0444.jpg,Tomato___Bacterial_spot,"Pepper,_bell___healthy",0.965605
plantwild/extracted/plantwild/images/tomato bacterial leaf spot/google_0449.jpg,Tomato___Bacterial_spot,Tomato___Early_blight,0.931120
plantwild/extracted/plantwild/images/tomato bacterial leaf spot/google_0458.jpg,Tomato___Bacterial_spot,"Pepper,_bell___healthy",0.943241
plantwild/extracted/plantwild/images/tomato bacterial leaf spot/google_0465.jpg,Tomato___Bacterial_spot,Strawberry___Leaf_scorch,0.890845
plantwild/extracted/plantwild/images/tomato bacterial leaf spot/google_0466.jpg,Tomato___Bacterial_spot,Strawberry___Leaf_scorch,0.313446
plantwild/extracted/plantwild/images/tomato early blight/1.jpg,Tomato___Early_blight,"Pepper,_bell___healthy",0.805789
plantwild/extracted/plantwild/images/tomato early blight/10.jpg,Tomato___Early_blight,Tomato___Late_blight,0.576417
plantwild/extracted/plantwild/images/tomato early blight/104.jpg,Tomato___Early_blight,Grape___Black_rot,0.220702
plantwild/extracted/plantwild/images/tomato early blight/109.jpg,Tomato___Early_blight,"Pepper,_bell___healthy",0.401556
plantwild/extracted/plantwild/images/tomato early blight/118.jpg,Tomato___Early_blight,Grape___Black_rot,0.250967
plantwild/extracted/plantwild/images/tomato early blight/12.jpg,Tomato___Early_blight,"Pepper,_bell___healthy",0.940051
plantwild/extracted/plantwild/images/tomato early blight/120.jpg,Tomato___Early_blight,Tomato___Early_blight,0.873938
plantwild/extracted/plantwild/images/tomato early blight/121.jpg,Tomato___Early_blight,Corn___healthy,0.707589
plantwild/extracted/plantwild/images/tomato early blight/124.jpg,Tomato___Early_blight,Strawberry___Leaf_scorch,0.927007
plantwild/extracted/plantwild/images/tomato early blight/127.jpg,Tomato___Early_blight,Tomato___Early_blight,0.964495
plantwild/extracted/plantwild/images/tomato early blight/128.jpg,Tomato___Early_blight,"Pepper,_bell___healthy",0.255173
plantwild/extracted/plantwild/images/tomato early blight/129.jpg,Tomato___Early_blight,"Pepper,_bell___healthy",0.438609
plantwild/extracted/plantwild/images/tomato early blight/13.jpg,Tomato___Early_blight,Tomato___Early_blight,0.930915
plantwild/extracted/plantwild/images/tomato early blight/130.jpg,Tomato___Early_blight,"Pepper,_bell___healthy",0.948506
plantwild/extracted/plantwild/images/tomato early blight/133.jpg,Tomato___Early_blight,"Pepper,_bell___healthy",0.663742
plantwild/extracted/plantwild/images/tomato early blight/136.jpg,Tomato___Early_blight,Strawberry___Leaf_scorch,0.426382
plantwild/extracted/plantwild/images/tomato early blight/137.jpg,Tomato___Early_blight,Tomato___Late_blight,0.435865
plantwild/extracted/plantwild/images/tomato early blight/14.jpg,Tomato___Early_blight,"Pepper,_bell___healthy",0.753627
plantwild/extracted/plantwild/images/tomato early blight/140.jpg,Tomato___Early_blight,"Pepper,_bell___healthy",0.322129
plantwild/extracted/plantwild/images/tomato early blight/142.jpg,Tomato___Early_blight,Corn___healthy,0.366235
plantwild/extracted/plantwild/images/tomato early blight/143.jpg,Tomato___Early_blight,Cherry___healthy,0.945243
plantwild/extracted/plantwild/images/tomato early blight/146.jpg,Tomato___Early_blight,Tomato___Late_blight,0.972126
plantwild/extracted/plantwild/images/tomato early blight/152.jpg,Tomato___Early_blight,Cherry___healthy,0.814274
plantwild/extracted/plantwild/images/tomato early blight/155.jpg,Tomato___Early_blight,Tomato___Late_blight,0.713731
plantwild/extracted/plantwild/images/tomato early blight/159.jpg,Tomato___Early_blight,"Pepper,_bell___healthy",0.898438
plantwild/extracted/plantwild/images/tomato early blight/160.jpg,Tomato___Early_blight,Tomato___Late_blight,0.733757
plantwild/extracted/plantwild/images/tomato early blight/161 - Copy (2).jpg,Tomato___Early_blight,Corn___healthy,0.743213
plantwild/extracted/plantwild/images/tomato early blight/163.jpg,Tomato___Early_blight,"Pepper,_bell___healthy",0.862260
plantwild/extracted/plantwild/images/tomato early blight/165.jpg,Tomato___Early_blight,Grape___Black_rot,0.954906
plantwild/extracted/plantwild/images/tomato early blight/166.jpg,Tomato___Early_blight,Tomato___Late_blight,0.339914
plantwild/extracted/plantwild/images/tomato early blight/168.jpg,Tomato___Early_blight,"Pepper,_bell___healthy",0.811435
plantwild/extracted/plantwild/images/tomato early blight/17.jpg,Tomato___Early_blight,Strawberry___Leaf_scorch,0.709272
plantwild/extracted/plantwild/images/tomato early blight/172.jpg,Tomato___Early_blight,"Pepper,_bell___healthy",0.550832
plantwild/extracted/plantwild/images/tomato early blight/173.jpg,Tomato___Early_blight,"Pepper,_bell___healthy",0.571540
plantwild/extracted/plantwild/images/tomato early blight/175.jpg,Tomato___Early_blight,"Pepper,_bell___healthy",0.906691
plantwild/extracted/plantwild/images/tomato early blight/177.jpg,Tomato___Early_blight,Grape___Black_rot,0.684415
plantwild/extracted/plantwild/images/tomato early blight/178.jpg,Tomato___Early_blight,"Pepper,_bell___healthy",0.920710
plantwild/extracted/plantwild/images/tomato early blight/179.jpg,Tomato___Early_blight,Cherry___healthy,0.755750
plantwild/extracted/plantwild/images/tomato early blight/182.jpg,Tomato___Early_blight,"Pepper,_bell___healthy",0.914063
plantwild/extracted/plantwild/images/tomato early blight/183.jpg,Tomato___Early_blight,Strawberry___Leaf_scorch,0.411340
plantwild/extracted/plantwild/images/tomato early blight/186.jpg,Tomato___Early_blight,Tomato___Early_blight,0.960256
plantwild/extracted/plantwild/images/tomato early blight/188.jpg,Tomato___Early_blight,Cherry___healthy,0.243621
plantwild/extracted/plantwild/images/tomato early blight/189.jpg,Tomato___Early_blight,Strawberry___Leaf_scorch,0.953939
plantwild/extracted/plantwild/images/tomato early blight/19.jpg,Tomato___Early_blight,"Pepper,_bell___healthy",0.748357
plantwild/extracted/plantwild/images/tomato early blight/191.jpg,Tomato___Early_blight,Potato___Early_blight,0.327689
plantwild/extracted/plantwild/images/tomato early blight/193.jpg,Tomato___Early_blight,Strawberry___Leaf_scorch,0.414990
plantwild/extracted/plantwild/images/tomato early blight/194.jpg,Tomato___Early_blight,"Pepper,_bell___healthy",0.625239
plantwild/extracted/plantwild/images/tomato early blight/199 - Copy.jpg,Tomato___Early_blight,Grape___Black_rot,0.337135
plantwild/extracted/plantwild/images/tomato early blight/199.jpg,Tomato___Early_blight,Tomato___Late_blight,0.869114
plantwild/extracted/plantwild/images/tomato early blight/2.jpg,Tomato___Early_blight,"Pepper,_bell___healthy",0.479383
plantwild/extracted/plantwild/images/tomato early blight/201.jpg,Tomato___Early_blight,Potato___Early_blight,0.560331
plantwild/extracted/plantwild/images/tomato early blight/202.jpg,Tomato___Early_blight,"Pepper,_bell___healthy",0.829351
plantwild/extracted/plantwild/images/tomato early blight/208.jpg,Tomato___Early_blight,"Pepper,_bell___healthy",0.771685
plantwild/extracted/plantwild/images/tomato early blight/21.jpg,Tomato___Early_blight,"Pepper,_bell___healthy",0.332564
plantwild/extracted/plantwild/images/tomato early blight/210.jpg,Tomato___Early_blight,Grape___Black_rot,0.419502
plantwild/extracted/plantwild/images/tomato early blight/211.jpg,Tomato___Early_blight,Tomato___Early_blight,0.898442
plantwild/extracted/plantwild/images/tomato early blight/212.jpg,Tomato___Early_blight,Grape___Black_rot,0.921338
plantwild/extracted/plantwild/images/tomato early blight/214.jpg,Tomato___Early_blight,Tomato___Late_blight,0.959190
plantwild/extracted/plantwild/images/tomato early blight/216.jpg,Tomato___Early_blight,Strawberry___Leaf_scorch,0.843448
plantwild/extracted/plantwild/images/tomato early blight/218.jpg,Tomato___Early_blight,"Pepper,_bell___healthy",0.392137
plantwild/extracted/plantwild/images/tomato early blight/219.jpg,Tomato___Early_blight,Tomato___Early_blight,0.704623
plantwild/extracted/plantwild/images/tomato early blight/221.jpg,Tomato___Early_blight,Potato___Late_blight,0.377812
plantwild/extracted/plantwild/images/tomato early blight/223.jpg,Tomato___Early_blight,Tomato___Late_blight,0.789392
plantwild/extracted/plantwild/images/tomato early blight/227.jpg,Tomato___Early_blight,"Pepper,_bell___healthy",0.790816
plantwild/extracted/plantwild/images/tomato early blight/23.jpg,Tomato___Early_blight,"Pepper,_bell___healthy",0.915538
plantwild/extracted/plantwild/images/tomato early blight/233.jpg,Tomato___Early_blight,Strawberry___Leaf_scorch,0.693818
plantwild/extracted/plantwild/images/tomato early blight/234.jpg,Tomato___Early_blight,Cherry___healthy,0.218444
plantwild/extracted/plantwild/images/tomato early blight/238.jpg,Tomato___Early_blight,Tomato___Early_blight,0.933713
plantwild/extracted/plantwild/images/tomato early blight/242.jpg,Tomato___Early_blight,"Pepper,_bell___healthy",0.770752
plantwild/extracted/plantwild/images/tomato early blight/244.jpg,Tomato___Early_blight,Tomato___Late_blight,0.630651
plantwild/extracted/plantwild/images/tomato early blight/246.jpg,Tomato___Early_blight,Potato___Early_blight,0.834127
plantwild/extracted/plantwild/images/tomato early blight/25 - Copy (2).jpg,Tomato___Early_blight,Strawberry___Leaf_scorch,0.644957
plantwild/extracted/plantwild/images/tomato early blight/25 - Copy (3).jpg,Tomato___Early_blight,Potato___Early_blight,0.206197
plantwild/extracted/plantwild/images/tomato early blight/25 - Copy (4).jpg,Tomato___Early_blight,Tomato___Late_blight,0.418113
plantwild/extracted/plantwild/images/tomato early blight/25 - Copy (5).jpg,Tomato___Early_blight,Tomato___Early_blight,0.644930
plantwild/extracted/plantwild/images/tomato early blight/25 - Copy (6).jpg,Tomato___Early_blight,Tomato___Early_blight,0.959772
plantwild/extracted/plantwild/images/tomato early blight/25 - Copy (7).jpg,Tomato___Early_blight,Tomato___Early_blight,0.957005
plantwild/extracted/plantwild/images/tomato early blight/25 - Copy (8).jpg,Tomato___Early_blight,Tomato___Early_blight,0.961204
plantwild/extracted/plantwild/images/tomato early blight/25.jpg,Tomato___Early_blight,Tomato___Late_blight,0.927431
plantwild/extracted/plantwild/images/tomato early blight/251.jpg,Tomato___Early_blight,"Pepper,_bell___healthy",0.710976
plantwild/extracted/plantwild/images/tomato early blight/252.jpg,Tomato___Early_blight,Tomato___Early_blight,0.920137
plantwild/extracted/plantwild/images/tomato early blight/255.jpg,Tomato___Early_blight,"Pepper,_bell___healthy",0.715861
plantwild/extracted/plantwild/images/tomato early blight/258.jpg,Tomato___Early_blight,Tomato___Early_blight,0.888492
plantwild/extracted/plantwild/images/tomato early blight/259.jpg,Tomato___Early_blight,Strawberry___Leaf_scorch,0.377980
plantwild/extracted/plantwild/images/tomato early blight/26 - Copy (2).jpg,Tomato___Early_blight,"Pepper,_bell___healthy",0.787731
plantwild/extracted/plantwild/images/tomato early blight/26 - Copy.jpg,Tomato___Early_blight,Tomato___Late_blight,0.963022
plantwild/extracted/plantwild/images/tomato early blight/26.jpg,Tomato___Early_blight,Tomato___Late_blight,0.331396
plantwild/extracted/plantwild/images/tomato early blight/260.jpg,Tomato___Early_blight,"Pepper,_bell___healthy",0.358919
plantwild/extracted/plantwild/images/tomato early blight/274.jpg,Tomato___Early_blight,"Pepper,_bell___healthy",0.737369
plantwild/extracted/plantwild/images/tomato early blight/28.jpg,Tomato___Early_blight,Tomato___Early_blight,0.645436
plantwild/extracted/plantwild/images/tomato early blight/285.jpg,Tomato___Early_blight,"Pepper,_bell___healthy",0.888975
plantwild/extracted/plantwild/images/tomato early blight/287.jpg,Tomato___Early_blight,Tomato___Early_blight,0.639351
plantwild/extracted/plantwild/images/tomato early blight/288.jpg,Tomato___Early_blight,Strawberry___Leaf_scorch,0.959606
plantwild/extracted/plantwild/images/tomato early blight/29.jpg,Tomato___Early_blight,Grape___Black_rot,0.704975
plantwild/extracted/plantwild/images/tomato early blight/291.jpg,Tomato___Early_blight,"Pepper,_bell___healthy",0.951005
plantwild/extracted/plantwild/images/tomato early blight/3.jpg,Tomato___Early_blight,Tomato___Early_blight,0.906740
plantwild/extracted/plantwild/images/tomato early blight/30.jpg,Tomato___Early_blight,"Pepper,_bell___healthy",0.877921
plantwild/extracted/plantwild/images/tomato early blight/31.jpg,Tomato___Early_blight,Grape___Black_rot,0.905598
plantwild/extracted/plantwild/images/tomato early blight/314.jpg,Tomato___Early_blight,Tomato___Late_blight,0.777309
plantwild/extracted/plantwild/images/tomato early blight/316.jpg,Tomato___Early_blight,"Pepper,_bell___healthy",0.652016
plantwild/extracted/plantwild/images/tomato early blight/321.jpg,Tomato___Early_blight,Tomato___Late_blight,0.524717
plantwild/extracted/plantwild/images/tomato early blight/33.jpg,Tomato___Early_blight,"Pepper,_bell___healthy",0.956140
plantwild/extracted/plantwild/images/tomato early blight/36.jpg,Tomato___Early_blight,Strawberry___Leaf_scorch,0.910567
plantwild/extracted/plantwild/images/tomato early blight/38.jpg,Tomato___Early_blight,"Pepper,_bell___healthy",0.939193
plantwild/extracted/plantwild/images/tomato early blight/39.jpg,Tomato___Early_blight,Strawberry___Leaf_scorch,0.414024
plantwild/extracted/plantwild/images/tomato early blight/4.jpg,Tomato___Early_blight,"Pepper,_bell___healthy",0.922450
plantwild/extracted/plantwild/images/tomato early blight/43.jpg,Tomato___Early_blight,Tomato___Early_blight,0.916011
plantwild/extracted/plantwild/images/tomato early blight/46.jpg,Tomato___Early_blight,Tomato___Late_blight,0.937873
plantwild/extracted/plantwild/images/tomato early blight/47.jpg,Tomato___Early_blight,Strawberry___Leaf_scorch,0.631515
plantwild/extracted/plantwild/images/tomato early blight/52 - Copy.jpg,Tomato___Early_blight,Tomato___Early_blight,0.964836
plantwild/extracted/plantwild/images/tomato early blight/52.jpg,Tomato___Early_blight,Tomato___Late_blight,0.883174
plantwild/extracted/plantwild/images/tomato early blight/53.jpg,Tomato___Early_blight,"Pepper,_bell___healthy",0.678435
plantwild/extracted/plantwild/images/tomato early blight/55.jpg,Tomato___Early_blight,"Pepper,_bell___healthy",0.404646
plantwild/extracted/plantwild/images/tomato early blight/59.jpg,Tomato___Early_blight,Strawberry___Leaf_scorch,0.778046
plantwild/extracted/plantwild/images/tomato early blight/6.jpg,Tomato___Early_blight,Tomato___Late_blight,0.498688
plantwild/extracted/plantwild/images/tomato early blight/62.jpg,Tomato___Early_blight,"Pepper,_bell___healthy",0.562528
plantwild/extracted/plantwild/images/tomato early blight/65.jpg,Tomato___Early_blight,"Pepper,_bell___healthy",0.644500
plantwild/extracted/plantwild/images/tomato early blight/66.jpg,Tomato___Early_blight,Grape___Black_rot,0.560971
plantwild/extracted/plantwild/images/tomato early blight/67 - Copy.jpg,Tomato___Early_blight,Corn___healthy,0.964437
plantwild/extracted/plantwild/images/tomato early blight/67.jpg,Tomato___Early_blight,Tomato___Early_blight,0.855942
plantwild/extracted/plantwild/images/tomato early blight/671 - Copy.jpg,Tomato___Early_blight,Tomato___Early_blight,0.839999
plantwild/extracted/plantwild/images/tomato early blight/671.jpg,Tomato___Early_blight,Potato___Early_blight,0.589354
plantwild/extracted/plantwild/images/tomato early blight/7.jpg,Tomato___Early_blight,Tomato___Early_blight,0.868745
plantwild/extracted/plantwild/images/tomato early blight/72.jpg,Tomato___Early_blight,Cherry___healthy,0.714483
plantwild/extracted/plantwild/images/tomato early blight/74.jpg,Tomato___Early_blight,"Pepper,_bell___healthy",0.374548
plantwild/extracted/plantwild/images/tomato early blight/77.jpg,Tomato___Early_blight,Strawberry___Leaf_scorch,0.851276
plantwild/extracted/plantwild/images/tomato early blight/82 - Copy.jpg,Tomato___Early_blight,Potato___Early_blight,0.558579
plantwild/extracted/plantwild/images/tomato early blight/82.jpg,Tomato___Early_blight,Tomato___Late_blight,0.955317
plantwild/extracted/plantwild/images/tomato early blight/86.jpg,Tomato___Early_blight,Corn___healthy,0.947468
plantwild/extracted/plantwild/images/tomato early blight/87.jpg,Tomato___Early_blight,"Pepper,_bell___healthy",0.822134
plantwild/extracted/plantwild/images/tomato early blight/89.jpg,Tomato___Early_blight,Tomato___Tomato_Yellow_Leaf_Curl_Virus,0.431100
plantwild/extracted/plantwild/images/tomato early blight/93.jpg,Tomato___Early_blight,Tomato___Early_blight,0.348692
plantwild/extracted/plantwild/images/tomato early blight/96.jpg,Tomato___Early_blight,Tomato___Early_blight,0.406314
plantwild/extracted/plantwild/images/tomato early blight/google_0000.jpg,Tomato___Early_blight,Tomato___Early_blight,0.943794
plantwild/extracted/plantwild/images/tomato early blight/google_0002.jpg,Tomato___Early_blight,Strawberry___Leaf_scorch,0.421910
plantwild/extracted/plantwild/images/tomato early blight/google_0003.jpg,Tomato___Early_blight,Cherry___healthy,0.885798
plantwild/extracted/plantwild/images/tomato early blight/google_0004.jpg,Tomato___Early_blight,"Pepper,_bell___healthy",0.618138
plantwild/extracted/plantwild/images/tomato early blight/google_0005.jpg,Tomato___Early_blight,Tomato___Early_blight,0.468345
plantwild/extracted/plantwild/images/tomato early blight/google_0007.jpg,Tomato___Early_blight,Cherry___healthy,0.631047
plantwild/extracted/plantwild/images/tomato early blight/google_0008.jpg,Tomato___Early_blight,Corn___Common_rust,0.597692
plantwild/extracted/plantwild/images/tomato early blight/google_0009.jpg,Tomato___Early_blight,"Pepper,_bell___healthy",0.873267
plantwild/extracted/plantwild/images/tomato early blight/google_0013.jpg,Tomato___Early_blight,Strawberry___Leaf_scorch,0.747158
plantwild/extracted/plantwild/images/tomato early blight/google_0014.jpg,Tomato___Early_blight,"Pepper,_bell___healthy",0.926584
plantwild/extracted/plantwild/images/tomato early blight/google_0015.jpg,Tomato___Early_blight,Strawberry___Leaf_scorch,0.611362
plantwild/extracted/plantwild/images/tomato early blight/google_0016.jpg,Tomato___Early_blight,"Pepper,_bell___healthy",0.923767
plantwild/extracted/plantwild/images/tomato early blight/google_0017.jpg,Tomato___Early_blight,Cherry___healthy,0.701357
plantwild/extracted/plantwild/images/tomato early blight/google_0018.jpg,Tomato___Early_blight,Tomato___Early_blight,0.812510
plantwild/extracted/plantwild/images/tomato early blight/google_0020.jpg,Tomato___Early_blight,Tomato___Late_blight,0.881355
plantwild/extracted/plantwild/images/tomato early blight/google_0021.jpg,Tomato___Early_blight,"Pepper,_bell___healthy",0.870073
plantwild/extracted/plantwild/images/tomato early blight/google_0022.jpg,Tomato___Early_blight,"Pepper,_bell___healthy",0.848451
plantwild/extracted/plantwild/images/tomato early blight/google_0024.jpg,Tomato___Early_blight,Tomato___Early_blight,0.938422
plantwild/extracted/plantwild/images/tomato early blight/google_0028.jpg,Tomato___Early_blight,Strawberry___Leaf_scorch,0.568503
plantwild/extracted/plantwild/images/tomato early blight/google_0031.jpg,Tomato___Early_blight,"Pepper,_bell___healthy",0.805153
plantwild/extracted/plantwild/images/tomato early blight/google_0032.jpg,Tomato___Early_blight,Strawberry___Leaf_scorch,0.575187
plantwild/extracted/plantwild/images/tomato early blight/google_0033.jpg,Tomato___Early_blight,"Pepper,_bell___healthy",0.890456
plantwild/extracted/plantwild/images/tomato early blight/google_0035.jpg,Tomato___Early_blight,"Pepper,_bell___healthy",0.863533
plantwild/extracted/plantwild/images/tomato early blight/google_0036.jpg,Tomato___Early_blight,Strawberry___Leaf_scorch,0.721054
plantwild/extracted/plantwild/images/tomato early blight/google_0038.jpg,Tomato___Early_blight,"Pepper,_bell___healthy",0.930368
plantwild/extracted/plantwild/images/tomato early blight/google_0040.jpg,Tomato___Early_blight,Tomato___Early_blight,0.729689
plantwild/extracted/plantwild/images/tomato early blight/google_0041.jpg,Tomato___Early_blight,Corn___healthy,0.580006
plantwild/extracted/plantwild/images/tomato early blight/google_0042.jpg,Tomato___Early_blight,Tomato___Septoria_leaf_spot,0.420561
plantwild/extracted/plantwild/images/tomato early blight/google_0043.jpg,Tomato___Early_blight,"Pepper,_bell___healthy",0.613617
plantwild/extracted/plantwild/images/tomato early blight/google_0044.jpg,Tomato___Early_blight,Tomato___Early_blight,0.950645
plantwild/extracted/plantwild/images/tomato early blight/google_0045.jpg,Tomato___Early_blight,"Pepper,_bell___healthy",0.505505
plantwild/extracted/plantwild/images/tomato early blight/google_0046.jpg,Tomato___Early_blight,Strawberry___Leaf_scorch,0.878268
plantwild/extracted/plantwild/images/tomato early blight/google_0047.jpg,Tomato___Early_blight,"Pepper,_bell___healthy",0.778692
plantwild/extracted/plantwild/images/tomato early blight/google_0048.jpg,Tomato___Early_blight,"Pepper,_bell___healthy",0.912001
plantwild/extracted/plantwild/images/tomato early blight/google_0050.jpg,Tomato___Early_blight,Tomato___Septoria_leaf_spot,0.921634
plantwild/extracted/plantwild/images/tomato early blight/google_0052.jpg,Tomato___Early_blight,Tomato___Tomato_Yellow_Leaf_Curl_Virus,0.777767
plantwild/extracted/plantwild/images/tomato early blight/google_0053.jpg,Tomato___Early_blight,Tomato___Early_blight,0.524568
plantwild/extracted/plantwild/images/tomato early blight/google_0054.jpg,Tomato___Early_blight,"Pepper,_bell___healthy",0.796922
plantwild/extracted/plantwild/images/tomato early blight/google_0055.jpg,Tomato___Early_blight,"Pepper,_bell___healthy",0.676934
plantwild/extracted/plantwild/images/tomato early blight/google_0056.jpg,Tomato___Early_blight,"Pepper,_bell___healthy",0.938909
plantwild/extracted/plantwild/images/tomato early blight/google_0057.jpg,Tomato___Early_blight,Corn___Northern_Leaf_Blight,0.379308
plantwild/extracted/plantwild/images/tomato early blight/google_0058.jpg,Tomato___Early_blight,"Pepper,_bell___healthy",0.850206
plantwild/extracted/plantwild/images/tomato early blight/google_0059.jpg,Tomato___Early_blight,"Pepper,_bell___healthy",0.838106
plantwild/extracted/plantwild/images/tomato early blight/google_0060.jpg,Tomato___Early_blight,"Pepper,_bell___healthy",0.336241
plantwild/extracted/plantwild/images/tomato early blight/google_0061.jpg,Tomato___Early_blight,"Pepper,_bell___healthy",0.938489
plantwild/extracted/plantwild/images/tomato early blight/google_0062.jpg,Tomato___Early_blight,Strawberry___Leaf_scorch,0.827325
plantwild/extracted/plantwild/images/tomato early blight/google_0065.jpg,Tomato___Early_blight,Soybean___healthy,0.235077
plantwild/extracted/plantwild/images/tomato early blight/google_0066.jpg,Tomato___Early_blight,Strawberry___Leaf_scorch,0.862442
plantwild/extracted/plantwild/images/tomato early blight/google_0068.jpg,Tomato___Early_blight,Tomato___Septoria_leaf_spot,0.961195
plantwild/extracted/plantwild/images/tomato early blight/google_0069.jpg,Tomato___Early_blight,"Pepper,_bell___healthy",0.876867
plantwild/extracted/plantwild/images/tomato early blight/google_0070.jpg,Tomato___Early_blight,Strawberry___Leaf_scorch,0.883638
plantwild/extracted/plantwild/images/tomato early blight/google_0071.jpg,Tomato___Early_blight,Tomato___Early_blight,0.951409
plantwild/extracted/plantwild/images/tomato early blight/google_0073.jpg,Tomato___Early_blight,Tomato___Early_blight,0.860751
plantwild/extracted/plantwild/images/tomato early blight/google_0074.jpg,Tomato___Early_blight,Strawberry___Leaf_scorch,0.819821
plantwild/extracted/plantwild/images/tomato early blight/google_0076.jpg,Tomato___Early_blight,"Pepper,_bell___healthy",0.959730
plantwild/extracted/plantwild/images/tomato early blight/google_0077.jpg,Tomato___Early_blight,Tomato___Early_blight,0.922010
plantwild/extracted/plantwild/images/tomato early blight/google_0080.jpg,Tomato___Early_blight,Tomato___Early_blight,0.874561
plantwild/extracted/plantwild/images/tomato early blight/google_0081.jpg,Tomato___Early_blight,"Pepper,_bell___healthy",0.818070
plantwild/extracted/plantwild/images/tomato early blight/google_0083.jpg,Tomato___Early_blight,"Pepper,_bell___healthy",0.950092
plantwild/extracted/plantwild/images/tomato early blight/google_0087.jpg,Tomato___Early_blight,"Pepper,_bell___healthy",0.931528
plantwild/extracted/plantwild/images/tomato early blight/google_0088.jpg,Tomato___Early_blight,Tomato___Early_blight,0.915402
plantwild/extracted/plantwild/images/tomato early blight/google_0089.jpg,Tomato___Early_blight,Strawberry___Leaf_scorch,0.883980
plantwild/extracted/plantwild/images/tomato early blight/google_0091.jpg,Tomato___Early_blight,Tomato___Late_blight,0.794335
plantwild/extracted/plantwild/images/tomato early blight/google_0093.jpg,Tomato___Early_blight,Strawberry___Leaf_scorch,0.573903
plantwild/extracted/plantwild/images/tomato early blight/google_0094.jpg,Tomato___Early_blight,Strawberry___Leaf_scorch,0.954292
plantwild/extracted/plantwild/images/tomato early blight/google_0095 - Copy.jpg,Tomato___Early_blight,Tomato___Septoria_leaf_spot,0.971012
plantwild/extracted/plantwild/images/tomato early blight/google_0095.jpg,Tomato___Early_blight,Tomato___Late_blight,0.842726
plantwild/extracted/plantwild/images/tomato early blight/google_0096.jpg,Tomato___Early_blight,"Pepper,_bell___healthy",0.547235
plantwild/extracted/plantwild/images/tomato early blight/google_0098.jpg,Tomato___Early_blight,"Pepper,_bell___healthy",0.871429
plantwild/extracted/plantwild/images/tomato early blight/google_0099.jpg,Tomato___Early_blight,Tomato___Early_blight,0.528220
plantwild/extracted/plantwild/images/tomato early blight/google_0100.jpg,Tomato___Early_blight,Cherry___healthy,0.912575
plantwild/extracted/plantwild/images/tomato early blight/google_0101.jpg,Tomato___Early_blight,Tomato___Early_blight,0.933611
plantwild/extracted/plantwild/images/tomato early blight/google_0103.jpg,Tomato___Early_blight,"Pepper,_bell___healthy",0.813370
plantwild/extracted/plantwild/images/tomato early blight/google_0105.jpg,Tomato___Early_blight,"Pepper,_bell___healthy",0.499067
plantwild/extracted/plantwild/images/tomato early blight/google_0106.jpg,Tomato___Early_blight,"Pepper,_bell___healthy",0.768468
plantwild/extracted/plantwild/images/tomato early blight/google_0110.jpg,Tomato___Early_blight,Strawberry___Leaf_scorch,0.949622
plantwild/extracted/plantwild/images/tomato early blight/google_0111.jpg,Tomato___Early_blight,Corn___Cercospora_leaf_spot Gray_leaf_spot,0.519029
plantwild/extracted/plantwild/images/tomato early blight/google_0112.jpg,Tomato___Early_blight,"Pepper,_bell___healthy",0.744501
plantwild/extracted/plantwild/images/tomato early blight/google_0117.jpg,Tomato___Early_blight,"Pepper,_bell___healthy",0.947626
plantwild/extracted/plantwild/images/tomato early blight/google_0119.jpg,Tomato___Early_blight,Tomato___Septoria_leaf_spot,0.766629
plantwild/extracted/plantwild/images/tomato early blight/google_0120.jpg,Tomato___Early_blight,"Pepper,_bell___healthy",0.874811
plantwild/extracted/plantwild/images/tomato early blight/google_0123.jpg,Tomato___Early_blight,"Pepper,_bell___healthy",0.937565
plantwild/extracted/plantwild/images/tomato early blight/google_0127.jpg,Tomato___Early_blight,"Pepper,_bell___healthy",0.521889
plantwild/extracted/plantwild/images/tomato early blight/google_0130.jpg,Tomato___Early_blight,"Pepper,_bell___healthy",0.597698
plantwild/extracted/plantwild/images/tomato early blight/google_0131.jpg,Tomato___Early_blight,Strawberry___Leaf_scorch,0.533299
plantwild/extracted/plantwild/images/tomato early blight/google_0132.jpg,Tomato___Early_blight,Tomato___Early_blight,0.857479
plantwild/extracted/plantwild/images/tomato early blight/google_0133.jpg,Tomato___Early_blight,Tomato___Late_blight,0.288415
plantwild/extracted/plantwild/images/tomato early blight/google_0136.jpg,Tomato___Early_blight,Tomato___Early_blight,0.855447
plantwild/extracted/plantwild/images/tomato early blight/google_0137.jpg,Tomato___Early_blight,Strawberry___Leaf_scorch,0.843099
plantwild/extracted/plantwild/images/tomato early blight/google_0138.jpg,Tomato___Early_blight,"Pepper,_bell___healthy",0.874853
plantwild/extracted/plantwild/images/tomato early blight/google_0139.jpg,Tomato___Early_blight,Strawberry___Leaf_scorch,0.514656
plantwild/extracted/plantwild/images/tomato early blight/google_0140.jpg,Tomato___Early_blight,"Pepper,_bell___healthy",0.962982
plantwild/extracted/plantwild/images/tomato early blight/google_0141.jpg,Tomato___Early_blight,Strawberry___Leaf_scorch,0.967711
plantwild/extracted/plantwild/images/tomato early blight/google_0143.jpg,Tomato___Early_blight,Strawberry___Leaf_scorch,0.608563
plantwild/extracted/plantwild/images/tomato early blight/google_0145.jpg,Tomato___Early_blight,"Pepper,_bell___healthy",0.910025
plantwild/extracted/plantwild/images/tomato early blight/google_0146.jpg,Tomato___Early_blight,"Pepper,_bell___healthy",0.620241
plantwild/extracted/plantwild/images/tomato early blight/google_0149.jpg,Tomato___Early_blight,Tomato___Early_blight,0.550868
plantwild/extracted/plantwild/images/tomato early blight/google_0152.jpg,Tomato___Early_blight,Strawberry___Leaf_scorch,0.893088
plantwild/extracted/plantwild/images/tomato early blight/google_0154.jpg,Tomato___Early_blight,"Pepper,_bell___healthy",0.769216
plantwild/extracted/plantwild/images/tomato early blight/google_0157.jpg,Tomato___Early_blight,Cherry___healthy,0.865697
plantwild/extracted/plantwild/images/tomato early blight/google_0159.jpg,Tomato___Early_blight,Strawberry___Leaf_scorch,0.909985
plantwild/extracted/plantwild/images/tomato early blight/google_0160.jpg,Tomato___Early_blight,Strawberry___Leaf_scorch,0.444662
plantwild/extracted/plantwild/images/tomato early blight/google_0161.jpg,Tomato___Early_blight,Strawberry___Leaf_scorch,0.959311
plantwild/extracted/plantwild/images/tomato early blight/google_0163.jpg,Tomato___Early_blight,Tomato___Late_blight,0.723952
plantwild/extracted/plantwild/images/tomato early blight/google_0167.jpg,Tomato___Early_blight,"Pepper,_bell___healthy",0.962314
plantwild/extracted/plantwild/images/tomato early blight/google_0173.jpg,Tomato___Early_blight,Grape___Black_rot,0.345284
plantwild/extracted/plantwild/images/tomato early blight/google_0174.jpg,Tomato___Early_blight,Corn___healthy,0.530643
plantwild/extracted/plantwild/images/tomato early blight/google_0177.jpg,Tomato___Early_blight,Strawberry___Leaf_scorch,0.525820
plantwild/extracted/plantwild/images/tomato early blight/google_0178.jpg,Tomato___Early_blight,Potato___Late_blight,0.970901
plantwild/extracted/plantwild/images/tomato early blight/google_0179.jpg,Tomato___Early_blight,Tomato___Early_blight,0.967393
plantwild/extracted/plantwild/images/tomato early blight/google_0181.jpg,Tomato___Early_blight,"Pepper,_bell___healthy",0.761112
plantwild/extracted/plantwild/images/tomato early blight/google_0183.jpg,Tomato___Early_blight,Tomato___Tomato_Yellow_Leaf_Curl_Virus,0.452807
plantwild/extracted/plantwild/images/tomato early blight/google_0185.jpg,Tomato___Early_blight,"Pepper,_bell___healthy",0.503035
plantwild/extracted/plantwild/images/tomato early blight/google_0187.jpg,Tomato___Early_blight,Cherry___healthy,0.659403
plantwild/extracted/plantwild/images/tomato early blight/google_0188.jpg,Tomato___Early_blight,Tomato___Early_blight,0.782711
plantwild/extracted/plantwild/images/tomato early blight/google_0189.jpg,Tomato___Early_blight,Strawberry___Leaf_scorch,0.903788
plantwild/extracted/plantwild/images/tomato early blight/google_0192.jpg,Tomato___Early_blight,Tomato___Late_blight,0.959845
plantwild/extracted/plantwild/images/tomato early blight/google_0196.jpg,Tomato___Early_blight,Cherry___healthy,0.410441
plantwild/extracted/plantwild/images/tomato early blight/google_0198.jpg,Tomato___Early_blight,"Pepper,_bell___healthy",0.391933
plantwild/extracted/plantwild/images/tomato early blight/google_0200.jpg,Tomato___Early_blight,Tomato___Early_blight,0.871817
plantwild/extracted/plantwild/images/tomato early blight/google_0201.jpg,Tomato___Early_blight,Strawberry___Leaf_scorch,0.411400
plantwild/extracted/plantwild/images/tomato early blight/google_0208.jpg,Tomato___Early_blight,Grape___Black_rot,0.338367
plantwild/extracted/plantwild/images/tomato early blight/google_0209.jpg,Tomato___Early_blight,Tomato___Late_blight,0.542720
plantwild/extracted/plantwild/images/tomato early blight/google_0210.jpg,Tomato___Early_blight,Tomato___Early_blight,0.880611
plantwild/extracted/plantwild/images/tomato early blight/google_0211.jpg,Tomato___Early_blight,Tomato___Early_blight,0.924452
plantwild/extracted/plantwild/images/tomato early blight/google_0213.jpg,Tomato___Early_blight,Strawberry___Leaf_scorch,0.499987
plantwild/extracted/plantwild/images/tomato early blight/google_0219.jpg,Tomato___Early_blight,"Pepper,_bell___healthy",0.708338
plantwild/extracted/plantwild/images/tomato early blight/google_0220.jpg,Tomato___Early_blight,"Pepper,_bell___healthy",0.528090
plantwild/extracted/plantwild/images/tomato early blight/google_0221.jpg,Tomato___Early_blight,Tomato___Septoria_leaf_spot,0.958210
plantwild/extracted/plantwild/images/tomato early blight/google_0223.jpg,Tomato___Early_blight,Strawberry___Leaf_scorch,0.941300
plantwild/extracted/plantwild/images/tomato early blight/google_0224.jpg,Tomato___Early_blight,Strawberry___Leaf_scorch,0.962819
plantwild/extracted/plantwild/images/tomato early blight/google_0225.jpg,Tomato___Early_blight,Strawberry___Leaf_scorch,0.915731
plantwild/extracted/plantwild/images/tomato early blight/google_0226.jpg,Tomato___Early_blight,Tomato___Early_blight,0.967359
plantwild/extracted/plantwild/images/tomato early blight/google_0227.jpg,Tomato___Early_blight,"Pepper,_bell___healthy",0.851390
plantwild/extracted/plantwild/images/tomato early blight/google_0230.jpg,Tomato___Early_blight,Tomato___Late_blight,0.678657
plantwild/extracted/plantwild/images/tomato early blight/google_0233.jpg,Tomato___Early_blight,"Pepper,_bell___healthy",0.962136
plantwild/extracted/plantwild/images/tomato early blight/google_0235.jpg,Tomato___Early_blight,"Pepper,_bell___healthy",0.904312
plantwild/extracted/plantwild/images/tomato early blight/google_0246.jpg,Tomato___Early_blight,"Pepper,_bell___healthy",0.939553
plantwild/extracted/plantwild/images/tomato early blight/google_0247.jpg,Tomato___Early_blight,"Pepper,_bell___healthy",0.529172
plantwild/extracted/plantwild/images/tomato early blight/google_0249.jpg,Tomato___Early_blight,"Pepper,_bell___healthy",0.469174
plantwild/extracted/plantwild/images/tomato early blight/google_0250.jpg,Tomato___Early_blight,Tomato___Early_blight,0.951508
plantwild/extracted/plantwild/images/tomato early blight/google_0256.jpg,Tomato___Early_blight,Tomato___Early_blight,0.417370
plantwild/extracted/plantwild/images/tomato early blight/google_0258.jpg,Tomato___Early_blight,Strawberry___Leaf_scorch,0.937338
plantwild/extracted/plantwild/images/tomato early blight/google_0259.jpg,Tomato___Early_blight,Tomato___Early_blight,0.860729
plantwild/extracted/plantwild/images/tomato early blight/google_0260.jpg,Tomato___Early_blight,Tomato___Early_blight,0.901587
plantwild/extracted/plantwild/images/tomato early blight/google_0261.jpg,Tomato___Early_blight,"Pepper,_bell___healthy",0.953633
plantwild/extracted/plantwild/images/tomato early blight/google_0264.jpg,Tomato___Early_blight,Strawberry___Leaf_scorch,0.264556
plantwild/extracted/plantwild/images/tomato early blight/google_0265.jpg,Tomato___Early_blight,Strawberry___Leaf_scorch,0.627041
plantwild/extracted/plantwild/images/tomato early blight/google_0267.jpg,Tomato___Early_blight,Corn___Northern_Leaf_Blight,0.259647
plantwild/extracted/plantwild/images/tomato early blight/google_0268.jpg,Tomato___Early_blight,Strawberry___Leaf_scorch,0.948619
plantwild/extracted/plantwild/images/tomato early blight/google_0269.jpg,Tomato___Early_blight,Strawberry___Leaf_scorch,0.561639
plantwild/extracted/plantwild/images/tomato early blight/google_0270.jpg,Tomato___Early_blight,"Pepper,_bell___healthy",0.943183
plantwild/extracted/plantwild/images/tomato early blight/google_0271.jpg,Tomato___Early_blight,Tomato___Early_blight,0.958507
plantwild/extracted/plantwild/images/tomato early blight/google_0272.jpg,Tomato___Early_blight,"Pepper,_bell___healthy",0.955049
plantwild/extracted/plantwild/images/tomato early blight/google_0273.jpg,Tomato___Early_blight,"Pepper,_bell___healthy",0.836333
plantwild/extracted/plantwild/images/tomato early blight/google_0274.jpg,Tomato___Early_blight,Strawberry___Leaf_scorch,0.887082
plantwild/extracted/plantwild/images/tomato early blight/google_0280.jpg,Tomato___Early_blight,Cherry___healthy,0.336898
plantwild/extracted/plantwild/images/tomato early blight/google_0282.jpg,Tomato___Early_blight,Tomato___Tomato_Yellow_Leaf_Curl_Virus,0.813329
plantwild/extracted/plantwild/images/tomato early blight/google_0283.jpg,Tomato___Early_blight,Strawberry___Leaf_scorch,0.862749
plantwild/extracted/plantwild/images/tomato early blight/google_0284.jpg,Tomato___Early_blight,"Pepper,_bell___healthy",0.888063
plantwild/extracted/plantwild/images/tomato early blight/google_0287.jpg,Tomato___Early_blight,"Pepper,_bell___healthy",0.502124
plantwild/extracted/plantwild/images/tomato early blight/google_0288.jpg,Tomato___Early_blight,Strawberry___Leaf_scorch,0.930841
plantwild/extracted/plantwild/images/tomato early blight/google_0290.jpg,Tomato___Early_blight,Strawberry___Leaf_scorch,0.447437
plantwild/extracted/plantwild/images/tomato early blight/google_0291.jpg,Tomato___Early_blight,Strawberry___Leaf_scorch,0.950652
plantwild/extracted/plantwild/images/tomato early blight/google_0292.jpg,Tomato___Early_blight,"Pepper,_bell___healthy",0.593529
plantwild/extracted/plantwild/images/tomato early blight/google_0295.jpg,Tomato___Early_blight,"Pepper,_bell___healthy",0.742082
plantwild/extracted/plantwild/images/tomato early blight/google_0298.jpg,Tomato___Early_blight,Tomato___Late_blight,0.722501
plantwild/extracted/plantwild/images/tomato early blight/google_0305.jpg,Tomato___Early_blight,Tomato___Early_blight,0.816928
plantwild/extracted/plantwild/images/tomato early blight/google_0307.jpg,Tomato___Early_blight,Strawberry___Leaf_scorch,0.955620
plantwild/extracted/plantwild/images/tomato early blight/google_0309.jpg,Tomato___Early_blight,Strawberry___Leaf_scorch,0.861170
plantwild/extracted/plantwild/images/tomato early blight/google_0310.jpg,Tomato___Early_blight,"Pepper,_bell___healthy",0.652250
plantwild/extracted/plantwild/images/tomato early blight/google_0315.jpg,Tomato___Early_blight,Strawberry___Leaf_scorch,0.370600
plantwild/extracted/plantwild/images/tomato early blight/google_0317.jpg,Tomato___Early_blight,Cherry___healthy,0.548503
plantwild/extracted/plantwild/images/tomato early blight/google_0319.jpg,Tomato___Early_blight,"Pepper,_bell___healthy",0.871275
plantwild/extracted/plantwild/images/tomato early blight/google_0322.jpg,Tomato___Early_blight,Strawberry___Leaf_scorch,0.284280
plantwild/extracted/plantwild/images/tomato early blight/google_0326.jpg,Tomato___Early_blight,Corn___Cercospora_leaf_spot Gray_leaf_spot,0.356877
plantwild/extracted/plantwild/images/tomato early blight/google_0328.jpg,Tomato___Early_blight,"Pepper,_bell___healthy",0.954806
plantwild/extracted/plantwild/images/tomato early blight/google_0332.jpg,Tomato___Early_blight,"Pepper,_bell___healthy",0.824559
plantwild/extracted/plantwild/images/tomato early blight/google_0334.jpg,Tomato___Early_blight,Tomato___Early_blight,0.688710
plantwild/extracted/plantwild/images/tomato early blight/google_0340.jpg,Tomato___Early_blight,"Pepper,_bell___healthy",0.967861
plantwild/extracted/plantwild/images/tomato early blight/google_0341.jpg,Tomato___Early_blight,Strawberry___Leaf_scorch,0.810241
plantwild/extracted/plantwild/images/tomato early blight/google_0343.jpg,Tomato___Early_blight,Tomato___Septoria_leaf_spot,0.896873
plantwild/extracted/plantwild/images/tomato early blight/google_0344.jpg,Tomato___Early_blight,"Pepper,_bell___healthy",0.905286
plantwild/extracted/plantwild/images/tomato early blight/google_0345.jpg,Tomato___Early_blight,Peach___Bacterial_spot,0.528862
plantwild/extracted/plantwild/images/tomato early blight/google_0347.jpg,Tomato___Early_blight,Tomato___Early_blight,0.967598
plantwild/extracted/plantwild/images/tomato early blight/google_0349.jpg,Tomato___Early_blight,Tomato___Late_blight,0.432006
plantwild/extracted/plantwild/images/tomato early blight/google_0350.jpg,Tomato___Early_blight,"Pepper,_bell___healthy",0.899510
plantwild/extracted/plantwild/images/tomato early blight/google_0353.jpg,Tomato___Early_blight,"Pepper,_bell___healthy",0.447539
plantwild/extracted/plantwild/images/tomato early blight/google_0354.jpg,Tomato___Early_blight,Tomato___Early_blight,0.962645
plantwild/extracted/plantwild/images/tomato early blight/google_0355.jpg,Tomato___Early_blight,Tomato___Late_blight,0.251081
plantwild/extracted/plantwild/images/tomato early blight/google_0356.jpg,Tomato___Early_blight,Cherry___healthy,0.879984
plantwild/extracted/plantwild/images/tomato early blight/google_0357.jpg,Tomato___Early_blight,Tomato___Leaf_Mold,0.929105
plantwild/extracted/plantwild/images/tomato early blight/google_0358.jpg,Tomato___Early_blight,Strawberry___Leaf_scorch,0.547206
plantwild/extracted/plantwild/images/tomato early blight/google_0362.jpg,Tomato___Early_blight,Strawberry___Leaf_scorch,0.914907
plantwild/extracted/plantwild/images/tomato early blight/google_0366.jpg,Tomato___Early_blight,"Pepper,_bell___healthy",0.941874
plantwild/extracted/plantwild/images/tomato early blight/google_0372.jpg,Tomato___Early_blight,Tomato___Late_blight,0.947923
plantwild/extracted/plantwild/images/tomato early blight/google_0373.jpg,Tomato___Early_blight,"Pepper,_bell___healthy",0.896925
plantwild/extracted/plantwild/images/tomato early blight/google_0374.jpg,Tomato___Early_blight,Tomato___Early_blight,0.965055
plantwild/extracted/plantwild/images/tomato early blight/google_0383.jpg,Tomato___Early_blight,"Pepper,_bell___healthy",0.750639
plantwild/extracted/plantwild/images/tomato early blight/google_0386.jpg,Tomato___Early_blight,Tomato___Early_blight,0.906373
plantwild/extracted/plantwild/images/tomato early blight/google_0387.jpg,Tomato___Early_blight,Tomato___Early_blight,0.647820
plantwild/extracted/plantwild/images/tomato early blight/google_0390.jpg,Tomato___Early_blight,"Pepper,_bell___healthy",0.782335
plantwild/extracted/plantwild/images/tomato early blight/google_0393.jpg,Tomato___Early_blight,Tomato___Early_blight,0.898149
plantwild/extracted/plantwild/images/tomato early blight/google_0394.jpg,Tomato___Early_blight,Tomato___Late_blight,0.966645
plantwild/extracted/plantwild/images/tomato early blight/google_0397.jpg,Tomato___Early_blight,Tomato___Early_blight,0.937608
plantwild/extracted/plantwild/images/tomato early blight/google_0400.jpg,Tomato___Early_blight,"Pepper,_bell___healthy",0.631728
plantwild/extracted/plantwild/images/tomato early blight/google_0404.jpg,Tomato___Early_blight,Strawberry___Leaf_scorch,0.672298
plantwild/extracted/plantwild/images/tomato early blight/google_0406.jpg,Tomato___Early_blight,Tomato___Late_blight,0.346056
plantwild/extracted/plantwild/images/tomato early blight/google_0411.jpg,Tomato___Early_blight,Tomato___Early_blight,0.965937
plantwild/extracted/plantwild/images/tomato early blight/google_0414.jpg,Tomato___Early_blight,"Pepper,_bell___healthy",0.577656
plantwild/extracted/plantwild/images/tomato early blight/google_0422.jpg,Tomato___Early_blight,Tomato___Early_blight,0.943183
plantwild/extracted/plantwild/images/tomato early blight/google_0427.jpg,Tomato___Early_blight,Tomato___Tomato_Yellow_Leaf_Curl_Virus,0.824485
plantwild/extracted/plantwild/images/tomato early blight/google_0432.jpg,Tomato___Early_blight,Tomato___Early_blight,0.664805
plantwild/extracted/plantwild/images/tomato late blight/10.jpg,Tomato___Late_blight,"Pepper,_bell___healthy",0.885477
plantwild/extracted/plantwild/images/tomato late blight/100.jpg,Tomato___Late_blight,Tomato___Late_blight,0.490270
plantwild/extracted/plantwild/images/tomato late blight/101.jpg,Tomato___Late_blight,Strawberry___Leaf_scorch,0.652902
plantwild/extracted/plantwild/images/tomato late blight/102.jpg,Tomato___Late_blight,Tomato___Early_blight,0.367469
plantwild/extracted/plantwild/images/tomato late blight/103.jpg,Tomato___Late_blight,"Pepper,_bell___healthy",0.897866
plantwild/extracted/plantwild/images/tomato late blight/104.jpg,Tomato___Late_blight,Tomato___Late_blight,0.941547
plantwild/extracted/plantwild/images/tomato late blight/107.jpg,Tomato___Late_blight,"Pepper,_bell___healthy",0.863393
plantwild/extracted/plantwild/images/tomato late blight/108.jpg,Tomato___Late_blight,Cherry___healthy,0.302857
plantwild/extracted/plantwild/images/tomato late blight/109.jpg,Tomato___Late_blight,Corn___healthy,0.957367
plantwild/extracted/plantwild/images/tomato late blight/11.jpg,Tomato___Late_blight,Raspberry___healthy,0.621607
plantwild/extracted/plantwild/images/tomato late blight/113.jpg,Tomato___Late_blight,"Pepper,_bell___healthy",0.638358
plantwild/extracted/plantwild/images/tomato late blight/12.jpg,Tomato___Late_blight,"Pepper,_bell___healthy",0.585446
plantwild/extracted/plantwild/images/tomato late blight/120.jpg,Tomato___Late_blight,"Pepper,_bell___healthy",0.839342
plantwild/extracted/plantwild/images/tomato late blight/121.jpg,Tomato___Late_blight,Corn___healthy,0.684102
plantwild/extracted/plantwild/images/tomato late blight/122.jpg,Tomato___Late_blight,"Pepper,_bell___healthy",0.793391
plantwild/extracted/plantwild/images/tomato late blight/127.jpg,Tomato___Late_blight,"Pepper,_bell___healthy",0.572997
plantwild/extracted/plantwild/images/tomato late blight/13.jpg,Tomato___Late_blight,Strawberry___Leaf_scorch,0.684443
plantwild/extracted/plantwild/images/tomato late blight/130 - Copy (2).jpg,Tomato___Late_blight,Strawberry___Leaf_scorch,0.529059
plantwild/extracted/plantwild/images/tomato late blight/130 - Copy.jpg,Tomato___Late_blight,"Pepper,_bell___healthy",0.343562
plantwild/extracted/plantwild/images/tomato late blight/130.jpg,Tomato___Late_blight,"Pepper,_bell___healthy",0.848956
plantwild/extracted/plantwild/images/tomato late blight/134.jpg,Tomato___Late_blight,Tomato___Late_blight,0.887060
plantwild/extracted/plantwild/images/tomato late blight/135.jpg,Tomato___Late_blight,Strawberry___Leaf_scorch,0.214279
plantwild/extracted/plantwild/images/tomato late blight/136.jpg,Tomato___Late_blight,"Pepper,_bell___healthy",0.408293
plantwild/extracted/plantwild/images/tomato late blight/137.jpg,Tomato___Late_blight,Tomato___Late_blight,0.878614
plantwild/extracted/plantwild/images/tomato late blight/14.jpg,Tomato___Late_blight,Strawberry___Leaf_scorch,0.860337
plantwild/extracted/plantwild/images/tomato late blight/142.jpg,Tomato___Late_blight,Strawberry___Leaf_scorch,0.900181
plantwild/extracted/plantwild/images/tomato late blight/143.jpg,Tomato___Late_blight,Strawberry___Leaf_scorch,0.833548
plantwild/extracted/plantwild/images/tomato late blight/147.jpg,Tomato___Late_blight,Strawberry___Leaf_scorch,0.512777
plantwild/extracted/plantwild/images/tomato late blight/149.jpg,Tomato___Late_blight,"Pepper,_bell___healthy",0.334018
plantwild/extracted/plantwild/images/tomato late blight/159.jpg,Tomato___Late_blight,"Pepper,_bell___healthy",0.525923
plantwild/extracted/plantwild/images/tomato late blight/16.jpg,Tomato___Late_blight,Strawberry___Leaf_scorch,0.690741
plantwild/extracted/plantwild/images/tomato late blight/160.jpg,Tomato___Late_blight,Cherry___healthy,0.960450
plantwild/extracted/plantwild/images/tomato late blight/162.jpg,Tomato___Late_blight,"Pepper,_bell___healthy",0.946163
plantwild/extracted/plantwild/images/tomato late blight/163.jpg,Tomato___Late_blight,Tomato___Late_blight,0.862921
plantwild/extracted/plantwild/images/tomato late blight/166.jpg,Tomato___Late_blight,Cherry___healthy,0.327370
plantwild/extracted/plantwild/images/tomato late blight/167.jpg,Tomato___Late_blight,"Pepper,_bell___healthy",0.692420
plantwild/extracted/plantwild/images/tomato late blight/168.jpg,Tomato___Late_blight,"Pepper,_bell___healthy",0.495128
plantwild/extracted/plantwild/images/tomato late blight/17.jpg,Tomato___Late_blight,Cherry___healthy,0.941211
plantwild/extracted/plantwild/images/tomato late blight/170.jpg,Tomato___Late_blight,"Pepper,_bell___healthy",0.874091
plantwild/extracted/plantwild/images/tomato late blight/171.jpg,Tomato___Late_blight,Strawberry___Leaf_scorch,0.701345
plantwild/extracted/plantwild/images/tomato late blight/172.jpg,Tomato___Late_blight,Cherry___healthy,0.869873
plantwild/extracted/plantwild/images/tomato late blight/173.jpg,Tomato___Late_blight,"Pepper,_bell___healthy",0.836463
plantwild/extracted/plantwild/images/tomato late blight/175.jpg,Tomato___Late_blight,Cherry___healthy,0.375864
plantwild/extracted/plantwild/images/tomato late blight/177.jpg,Tomato___Late_blight,Strawberry___Leaf_scorch,0.945170
plantwild/extracted/plantwild/images/tomato late blight/179.jpg,Tomato___Late_blight,Strawberry___Leaf_scorch,0.328168
plantwild/extracted/plantwild/images/tomato late blight/18.jpg,Tomato___Late_blight,"Pepper,_bell___healthy",0.820767
plantwild/extracted/plantwild/images/tomato late blight/180.jpg,Tomato___Late_blight,Strawberry___Leaf_scorch,0.684306
plantwild/extracted/plantwild/images/tomato late blight/181.jpg,Tomato___Late_blight,Strawberry___Leaf_scorch,0.746185
plantwild/extracted/plantwild/images/tomato late blight/182.jpg,Tomato___Late_blight,"Pepper,_bell___healthy",0.834953
plantwild/extracted/plantwild/images/tomato late blight/185 - Copy.jpg,Tomato___Late_blight,Tomato___Late_blight,0.822715
plantwild/extracted/plantwild/images/tomato late blight/185.jpg,Tomato___Late_blight,Cherry___healthy,0.474311
plantwild/extracted/plantwild/images/tomato late blight/186.jpg,Tomato___Late_blight,"Pepper,_bell___healthy",0.930206
plantwild/extracted/plantwild/images/tomato late blight/189.jpg,Tomato___Late_blight,"Pepper,_bell___healthy",0.847459
plantwild/extracted/plantwild/images/tomato late blight/19.jpg,Tomato___Late_blight,Tomato___Late_blight,0.961902
plantwild/extracted/plantwild/images/tomato late blight/190.jpg,Tomato___Late_blight,"Pepper,_bell___healthy",0.910942
plantwild/extracted/plantwild/images/tomato late blight/192.jpg,Tomato___Late_blight,"Pepper,_bell___healthy",0.906319
plantwild/extracted/plantwild/images/tomato late blight/196.jpg,Tomato___Late_blight,"Pepper,_bell___healthy",0.858741
plantwild/extracted/plantwild/images/tomato late blight/197.jpg,Tomato___Late_blight,"Pepper,_bell___healthy",0.898800
plantwild/extracted/plantwild/images/tomato late blight/198.jpg,Tomato___Late_blight,Tomato___Late_blight,0.706009
plantwild/extracted/plantwild/images/tomato late blight/199.jpg,Tomato___Late_blight,Cherry___healthy,0.376782
plantwild/extracted/plantwild/images/tomato late blight/200.jpg,Tomato___Late_blight,"Pepper,_bell___healthy",0.746706
plantwild/extracted/plantwild/images/tomato late blight/201.jpg,Tomato___Late_blight,Strawberry___Leaf_scorch,0.632719
plantwild/extracted/plantwild/images/tomato late blight/203.jpg,Tomato___Late_blight,Strawberry___Leaf_scorch,0.954383
plantwild/extracted/plantwild/images/tomato late blight/204.jpg,Tomato___Late_blight,Tomato___Late_blight,0.949800
plantwild/extracted/plantwild/images/tomato late blight/205.jpg,Tomato___Late_blight,"Pepper,_bell___healthy",0.613276
plantwild/extracted/plantwild/images/tomato late blight/207.jpg,Tomato___Late_blight,Cherry___healthy,0.243621
plantwild/extracted/plantwild/images/tomato late blight/209.jpg,Tomato___Late_blight,Strawberry___Leaf_scorch,0.310139
plantwild/extracted/plantwild/images/tomato late blight/212.jpg,Tomato___Late_blight,Tomato___Late_blight,0.489234
plantwild/extracted/plantwild/images/tomato late blight/216.jpg,Tomato___Late_blight,"Pepper,_bell___healthy",0.717326
plantwild/extracted/plantwild/images/tomato late blight/217.jpg,Tomato___Late_blight,Corn___Northern_Leaf_Blight,0.471441
plantwild/extracted/plantwild/images/tomato late blight/22.jpg,Tomato___Late_blight,Tomato___Early_blight,0.496003
plantwild/extracted/plantwild/images/tomato late blight/220.jpg,Tomato___Late_blight,Strawberry___Leaf_scorch,0.679498
plantwild/extracted/plantwild/images/tomato late blight/223.jpg,Tomato___Late_blight,"Pepper,_bell___healthy",0.856764
plantwild/extracted/plantwild/images/tomato late blight/224.jpg,Tomato___Late_blight,Tomato___Late_blight,0.952880
plantwild/extracted/plantwild/images/tomato late blight/226 - Copy (2).jpg,Tomato___Late_blight,Corn___healthy,0.750285
plantwild/extracted/plantwild/images/tomato late blight/226 - Copy (3).jpg,Tomato___Late_blight,Strawberry___Leaf_scorch,0.766046
plantwild/extracted/plantwild/images/tomato late blight/226 - Copy.jpg,Tomato___Late_blight,Strawberry___Leaf_scorch,0.959823
plantwild/extracted/plantwild/images/tomato late blight/226.jpg,Tomato___Late_blight,Blueberry___healthy,0.922946
plantwild/extracted/plantwild/images/tomato late blight/228.jpg,Tomato___Late_blight,"Pepper,_bell___healthy",0.591490
plantwild/extracted/plantwild/images/tomato late blight/233.jpg,Tomato___Late_blight,Tomato___Late_blight,0.503397
plantwild/extracted/plantwild/images/tomato late blight/234.jpg,Tomato___Late_blight,Tomato___Late_blight,0.967258
plantwild/extracted/plantwild/images/tomato late blight/238.jpg,Tomato___Late_blight,"Pepper,_bell___healthy",0.758287
plantwild/extracted/plantwild/images/tomato late blight/24.jpg,Tomato___Late_blight,Tomato___Late_blight,0.874983
plantwild/extracted/plantwild/images/tomato late blight/246.jpg,Tomato___Late_blight,Strawberry___Leaf_scorch,0.822987
plantwild/extracted/plantwild/images/tomato late blight/25.jpg,Tomato___Late_blight,Tomato___Late_blight,0.968395
plantwild/extracted/plantwild/images/tomato late blight/3.jpg,Tomato___Late_blight,"Pepper,_bell___healthy",0.893484
plantwild/extracted/plantwild/images/tomato late blight/30.jpg,Tomato___Late_blight,Strawberry___Leaf_scorch,0.944877
plantwild/extracted/plantwild/images/tomato late blight/31.jpg,Tomato___Late_blight,"Pepper,_bell___healthy",0.934688
plantwild/extracted/plantwild/images/tomato late blight/32.jpg,Tomato___Late_blight,Cherry___healthy,0.950016
plantwild/extracted/plantwild/images/tomato late blight/33.jpg,Tomato___Late_blight,"Pepper,_bell___healthy",0.939230
plantwild/extracted/plantwild/images/tomato late blight/35.jpg,Tomato___Late_blight,"Pepper,_bell___healthy",0.462452
plantwild/extracted/plantwild/images/tomato late blight/36.jpg,Tomato___Late_blight,Tomato___Late_blight,0.951617
plantwild/extracted/plantwild/images/tomato late blight/39.jpg,Tomato___Late_blight,Corn___healthy,0.864975
plantwild/extracted/plantwild/images/tomato late blight/4.jpg,Tomato___Late_blight,"Pepper,_bell___healthy",0.506475
plantwild/extracted/plantwild/images/tomato late blight/40.jpg,Tomato___Late_blight,Tomato___Tomato_Yellow_Leaf_Curl_Virus,0.407369
plantwild/extracted/plantwild/images/tomato late blight/41.jpg,Tomato___Late_blight,"Pepper,_bell___healthy",0.946487
plantwild/extracted/plantwild/images/tomato late blight/42.jpg,Tomato___Late_blight,"Pepper,_bell___healthy",0.908837
plantwild/extracted/plantwild/images/tomato late blight/44.jpg,Tomato___Late_blight,"Pepper,_bell___healthy",0.761138
plantwild/extracted/plantwild/images/tomato late blight/47.jpg,Tomato___Late_blight,"Pepper,_bell___healthy",0.963940
plantwild/extracted/plantwild/images/tomato late blight/48.jpg,Tomato___Late_blight,Strawberry___Leaf_scorch,0.887244
plantwild/extracted/plantwild/images/tomato late blight/5.jpg,Tomato___Late_blight,Strawberry___Leaf_scorch,0.844559
plantwild/extracted/plantwild/images/tomato late blight/50.jpg,Tomato___Late_blight,Strawberry___Leaf_scorch,0.464368
plantwild/extracted/plantwild/images/tomato late blight/51.jpg,Tomato___Late_blight,Tomato___Late_blight,0.952117
plantwild/extracted/plantwild/images/tomato late blight/54.jpg,Tomato___Late_blight,Cherry___healthy,0.879222
plantwild/extracted/plantwild/images/tomato late blight/56.jpg,Tomato___Late_blight,"Pepper,_bell___healthy",0.733712
plantwild/extracted/plantwild/images/tomato late blight/57.jpg,Tomato___Late_blight,Tomato___Late_blight,0.480238
plantwild/extracted/plantwild/images/tomato late blight/58.jpg,Tomato___Late_blight,"Pepper,_bell___healthy",0.807548
plantwild/extracted/plantwild/images/tomato late blight/6.jpg,Tomato___Late_blight,Cherry___healthy,0.786318
plantwild/extracted/plantwild/images/tomato late blight/60.jpg,Tomato___Late_blight,"Pepper,_bell___healthy",0.714100
plantwild/extracted/plantwild/images/tomato late blight/61.jpg,Tomato___Late_blight,Tomato___Late_blight,0.711494
plantwild/extracted/plantwild/images/tomato late blight/65 - Copy.jpg,Tomato___Late_blight,Corn___healthy,0.528448
plantwild/extracted/plantwild/images/tomato late blight/65.jpg,Tomato___Late_blight,Tomato___Late_blight,0.955535
plantwild/extracted/plantwild/images/tomato late blight/66.jpg,Tomato___Late_blight,Tomato___Late_blight,0.905444
plantwild/extracted/plantwild/images/tomato late blight/67 - Copy.jpg,Tomato___Late_blight,Corn___healthy,0.964437
plantwild/extracted/plantwild/images/tomato late blight/68.jpg,Tomato___Late_blight,Tomato___Late_blight,0.618113
plantwild/extracted/plantwild/images/tomato late blight/69.jpg,Tomato___Late_blight,"Pepper,_bell___healthy",0.873559
plantwild/extracted/plantwild/images/tomato late blight/7.jpg,Tomato___Late_blight,Tomato___Late_blight,0.947095
plantwild/extracted/plantwild/images/tomato late blight/70.jpg,Tomato___Late_blight,Strawberry___Leaf_scorch,0.917828
plantwild/extracted/plantwild/images/tomato late blight/73.jpg,Tomato___Late_blight,Cherry___healthy,0.620435
plantwild/extracted/plantwild/images/tomato late blight/74.jpg,Tomato___Late_blight,Strawberry___Leaf_scorch,0.768715
plantwild/extracted/plantwild/images/tomato late blight/75.jpg,Tomato___Late_blight,Tomato___Late_blight,0.937873
plantwild/extracted/plantwild/images/tomato late blight/76.jpg,Tomato___Late_blight,Tomato___Late_blight,0.969276
plantwild/extracted/plantwild/images/tomato late blight/77.jpg,Tomato___Late_blight,Tomato___Late_blight,0.592717
plantwild/extracted/plantwild/images/tomato late blight/78.jpg,Tomato___Late_blight,"Pepper,_bell___healthy",0.726109
plantwild/extracted/plantwild/images/tomato late blight/79.jpg,Tomato___Late_blight,"Pepper,_bell___healthy",0.917877
plantwild/extracted/plantwild/images/tomato late blight/8.jpg,Tomato___Late_blight,"Pepper,_bell___healthy",0.890714
plantwild/extracted/plantwild/images/tomato late blight/81.jpg,Tomato___Late_blight,"Pepper,_bell___healthy",0.470514
plantwild/extracted/plantwild/images/tomato late blight/83.jpg,Tomato___Late_blight,"Pepper,_bell___healthy",0.949402
plantwild/extracted/plantwild/images/tomato late blight/84.jpg,Tomato___Late_blight,Tomato___Late_blight,0.968907
plantwild/extracted/plantwild/images/tomato late blight/85.jpg,Tomato___Late_blight,Cherry___healthy,0.715872
plantwild/extracted/plantwild/images/tomato late blight/86 - Copy.jpg,Tomato___Late_blight,Tomato___Early_blight,0.905204
plantwild/extracted/plantwild/images/tomato late blight/86.jpg,Tomato___Late_blight,Tomato___Early_blight,0.794534
plantwild/extracted/plantwild/images/tomato late blight/89.jpg,Tomato___Late_blight,Strawberry___Leaf_scorch,0.898401
plantwild/extracted/plantwild/images/tomato late blight/9.jpg,Tomato___Late_blight,"Pepper,_bell___healthy",0.957759
plantwild/extracted/plantwild/images/tomato late blight/90.jpg,Tomato___Late_blight,"Pepper,_bell___healthy",0.946091
plantwild/extracted/plantwild/images/tomato late blight/96.jpg,Tomato___Late_blight,Strawberry___Leaf_scorch,0.959892
plantwild/extracted/plantwild/images/tomato late blight/98.jpg,Tomato___Late_blight,Strawberry___Leaf_scorch,0.668365
plantwild/extracted/plantwild/images/tomato late blight/99.jpg,Tomato___Late_blight,Tomato___Late_blight,0.944772
plantwild/extracted/plantwild/images/tomato late blight/add (1).jpg,Tomato___Late_blight,"Pepper,_bell___healthy",0.487001
plantwild/extracted/plantwild/images/tomato late blight/add (12).jpg,Tomato___Late_blight,Tomato___Late_blight,0.862921
plantwild/extracted/plantwild/images/tomato late blight/add (13).jpg,Tomato___Late_blight,"Pepper,_bell___healthy",0.956519
plantwild/extracted/plantwild/images/tomato late blight/add (14).jpg,Tomato___Late_blight,Strawberry___Leaf_scorch,0.679498
plantwild/extracted/plantwild/images/tomato late blight/add (15).jpg,Tomato___Late_blight,"Pepper,_bell___healthy",0.965520
plantwild/extracted/plantwild/images/tomato late blight/add (2).jpg,Tomato___Late_blight,Corn___healthy,0.684102
plantwild/extracted/plantwild/images/tomato late blight/add (3).jpg,Tomato___Late_blight,Grape___Black_rot,0.385578
plantwild/extracted/plantwild/images/tomato late blight/add (4).jpg,Tomato___Late_blight,"Pepper,_bell___healthy",0.946163
plantwild/extracted/plantwild/images/tomato late blight/add (5).jpg,Tomato___Late_blight,Tomato___Late_blight,0.863045
plantwild/extracted/plantwild/images/tomato late blight/add (6).jpg,Tomato___Late_blight,Tomato___Early_blight,0.571919
plantwild/extracted/plantwild/images/tomato late blight/add (8).jpg,Tomato___Late_blight,Corn___Northern_Leaf_Blight,0.795441
plantwild/extracted/plantwild/images/tomato late blight/add (9).jpg,Tomato___Late_blight,"Pepper,_bell___healthy",0.863393
plantwild/extracted/plantwild/images/tomato late blight/google_0000.jpg,Tomato___Late_blight,Tomato___Late_blight,0.480131
plantwild/extracted/plantwild/images/tomato late blight/google_0001.jpg,Tomato___Late_blight,Strawberry___Leaf_scorch,0.919738
plantwild/extracted/plantwild/images/tomato late blight/google_0005.jpg,Tomato___Late_blight,Tomato___Early_blight,0.962353
plantwild/extracted/plantwild/images/tomato late blight/google_0007.jpg,Tomato___Late_blight,"Pepper,_bell___healthy",0.951975
plantwild/extracted/plantwild/images/tomato late blight/google_0008.jpg,Tomato___Late_blight,"Pepper,_bell___healthy",0.873267
plantwild/extracted/plantwild/images/tomato late blight/google_0009.jpg,Tomato___Late_blight,Tomato___Late_blight,0.831850
plantwild/extracted/plantwild/images/tomato late blight/google_0012.jpg,Tomato___Late_blight,Strawberry___Leaf_scorch,0.722219
plantwild/extracted/plantwild/images/tomato late blight/google_0013.jpg,Tomato___Late_blight,Strawberry___Leaf_scorch,0.968182
plantwild/extracted/plantwild/images/tomato late blight/google_0015.jpg,Tomato___Late_blight,"Pepper,_bell___healthy",0.754300
plantwild/extracted/plantwild/images/tomato late blight/google_0016.jpg,Tomato___Late_blight,"Pepper,_bell___healthy",0.959303
plantwild/extracted/plantwild/images/tomato late blight/google_0018.jpg,Tomato___Late_blight,Tomato___Late_blight,0.963807
plantwild/extracted/plantwild/images/tomato late blight/google_0021.jpg,Tomato___Late_blight,"Pepper,_bell___healthy",0.962584
plantwild/extracted/plantwild/images/tomato late blight/google_0022.jpg,Tomato___Late_blight,"Pepper,_bell___healthy",0.748516
plantwild/extracted/plantwild/images/tomato late blight/google_0023.jpg,Tomato___Late_blight,Strawberry___Leaf_scorch,0.516860
plantwild/extracted/plantwild/images/tomato late blight/google_0024.jpg,Tomato___Late_blight,Strawberry___Leaf_scorch,0.413182
plantwild/extracted/plantwild/images/tomato late blight/google_0031.jpg,Tomato___Late_blight,"Pepper,_bell___healthy",0.920520
plantwild/extracted/plantwild/images/tomato late blight/google_0032.jpg,Tomato___Late_blight,Tomato___Late_blight,0.701074
plantwild/extracted/plantwild/images/tomato late blight/google_0035.jpg,Tomato___Late_blight,"Pepper,_bell___healthy",0.876549
plantwild/extracted/plantwild/images/tomato late blight/google_0041.jpg,Tomato___Late_blight,Strawberry___Leaf_scorch,0.626333
plantwild/extracted/plantwild/images/tomato late blight/google_0043.jpg,Tomato___Late_blight,Tomato___Late_blight,0.860732
plantwild/extracted/plantwild/images/tomato late blight/google_0044.jpg,Tomato___Late_blight,Strawberry___Leaf_scorch,0.931022
plantwild/extracted/plantwild/images/tomato late blight/google_0045.jpg,Tomato___Late_blight,"Pepper,_bell___healthy",0.472175
plantwild/extracted/plantwild/images/tomato late blight/google_0048.jpg,Tomato___Late_blight,"Pepper,_bell___healthy",0.873000
plantwild/extracted/plantwild/images/tomato late blight/google_0050.jpg,Tomato___Late_blight,"Pepper,_bell___healthy",0.781839
plantwild/extracted/plantwild/images/tomato late blight/google_0056.jpg,Tomato___Late_blight,Tomato___Late_blight,0.947923
plantwild/extracted/plantwild/images/tomato late blight/google_0057.jpg,Tomato___Late_blight,"Pepper,_bell___healthy",0.781035
plantwild/extracted/plantwild/images/tomato late blight/google_0058.jpg,Tomato___Late_blight,"Pepper,_bell___healthy",0.943344
plantwild/extracted/plantwild/images/tomato late blight/google_0059.jpg,Tomato___Late_blight,"Pepper,_bell___healthy",0.886569
plantwild/extracted/plantwild/images/tomato late blight/google_0062.jpg,Tomato___Late_blight,"Pepper,_bell___healthy",0.852050
plantwild/extracted/plantwild/images/tomato late blight/google_0063.jpg,Tomato___Late_blight,Strawberry___Leaf_scorch,0.435787
plantwild/extracted/plantwild/images/tomato late blight/google_0065 - Copy.jpg,Tomato___Late_blight,Tomato___Late_blight,0.930991
plantwild/extracted/plantwild/images/tomato late blight/google_0065.jpg,Tomato___Late_blight,Tomato___Late_blight,0.967081
plantwild/extracted/plantwild/images/tomato late blight/google_0066.jpg,Tomato___Late_blight,"Pepper,_bell___healthy",0.894390
plantwild/extracted/plantwild/images/tomato late blight/google_0067.jpg,Tomato___Late_blight,"Pepper,_bell___healthy",0.395464
plantwild/extracted/plantwild/images/tomato late blight/google_0068.jpg,Tomato___Late_blight,"Pepper,_bell___healthy",0.943463
plantwild/extracted/plantwild/images/tomato late blight/google_0072.jpg,Tomato___Late_blight,Strawberry___Leaf_scorch,0.765534
plantwild/extracted/plantwild/images/tomato late blight/google_0073.jpg,Tomato___Late_blight,"Pepper,_bell___healthy",0.725259
plantwild/extracted/plantwild/images/tomato late blight/google_0074.jpg,Tomato___Late_blight,Strawberry___Leaf_scorch,0.703051
plantwild/extracted/plantwild/images/tomato late blight/google_0077.jpg,Tomato___Late_blight,"Pepper,_bell___healthy",0.946287
plantwild/extracted/plantwild/images/tomato late blight/google_0080.jpg,Tomato___Late_blight,"Pepper,_bell___healthy",0.918596
plantwild/extracted/plantwild/images/tomato late blight/google_0081.jpg,Tomato___Late_blight,Strawberry___Leaf_scorch,0.937803
plantwild/extracted/plantwild/images/tomato late blight/google_0082.jpg,Tomato___Late_blight,Cherry___healthy,0.367481
plantwild/extracted/plantwild/images/tomato late blight/google_0083.jpg,Tomato___Late_blight,Strawberry___Leaf_scorch,0.706871
plantwild/extracted/plantwild/images/tomato late blight/google_0084.jpg,Tomato___Late_blight,"Pepper,_bell___healthy",0.600298
plantwild/extracted/plantwild/images/tomato late blight/google_0085.jpg,Tomato___Late_blight,Corn___Northern_Leaf_Blight,0.241120
plantwild/extracted/plantwild/images/tomato late blight/google_0086.jpg,Tomato___Late_blight,Strawberry___Leaf_scorch,0.961651
plantwild/extracted/plantwild/images/tomato late blight/google_0087.jpg,Tomato___Late_blight,"Pepper,_bell___healthy",0.880604
plantwild/extracted/plantwild/images/tomato late blight/google_0088.jpg,Tomato___Late_blight,Strawberry___Leaf_scorch,0.368628
plantwild/extracted/plantwild/images/tomato late blight/google_0089.jpg,Tomato___Late_blight,Strawberry___Leaf_scorch,0.679349
plantwild/extracted/plantwild/images/tomato late blight/google_0091.jpg,Tomato___Late_blight,"Pepper,_bell___healthy",0.792043
plantwild/extracted/plantwild/images/tomato late blight/google_0092.jpg,Tomato___Late_blight,"Pepper,_bell___healthy",0.854499
plantwild/extracted/plantwild/images/tomato late blight/google_0094.jpg,Tomato___Late_blight,Cherry___healthy,0.432277
plantwild/extracted/plantwild/images/tomato late blight/google_0095.jpg,Tomato___Late_blight,"Pepper,_bell___healthy",0.887738
plantwild/extracted/plantwild/images/tomato late blight/google_0096.jpg,Tomato___Late_blight,Tomato___Late_blight,0.967142
plantwild/extracted/plantwild/images/tomato late blight/google_0097.jpg,Tomato___Late_blight,Strawberry___Leaf_scorch,0.856106
plantwild/extracted/plantwild/images/tomato late blight/google_0098.jpg,Tomato___Late_blight,Tomato___Tomato_Yellow_Leaf_Curl_Virus,0.938718
plantwild/extracted/plantwild/images/tomato late blight/google_0100.jpg,Tomato___Late_blight,"Pepper,_bell___healthy",0.859555
plantwild/extracted/plantwild/images/tomato late blight/google_0101.jpg,Tomato___Late_blight,"Pepper,_bell___healthy",0.867276
plantwild/extracted/plantwild/images/tomato late blight/google_0102.jpg,Tomato___Late_blight,Tomato___Early_blight,0.528220
plantwild/extracted/plantwild/images/tomato late blight/google_0104.jpg,Tomato___Late_blight,"Pepper,_bell___healthy",0.813414
plantwild/extracted/plantwild/images/tomato late blight/google_0105.jpg,Tomato___Late_blight,Strawberry___Leaf_scorch,0.609464
plantwild/extracted/plantwild/images/tomato late blight/google_0107.jpg,Tomato___Late_blight,Potato___Late_blight,0.912575
plantwild/extracted/plantwild/images/tomato late blight/google_0108.jpg,Tomato___Late_blight,Strawberry___Leaf_scorch,0.899293
plantwild/extracted/plantwild/images/tomato late blight/google_0110.jpg,Tomato___Late_blight,"Pepper,_bell___healthy",0.965283
plantwild/extracted/plantwild/images/tomato late blight/google_0116.jpg,Tomato___Late_blight,Strawberry___Leaf_scorch,0.854139
plantwild/extracted/plantwild/images/tomato late blight/google_0117.jpg,Tomato___Late_blight,"Pepper,_bell___healthy",0.954685
plantwild/extracted/plantwild/images/tomato late blight/google_0118.jpg,Tomato___Late_blight,Strawberry___Leaf_scorch,0.938300
plantwild/extracted/plantwild/images/tomato late blight/google_0119.jpg,Tomato___Late_blight,Strawberry___Leaf_scorch,0.416622
plantwild/extracted/plantwild/images/tomato late blight/google_0120.jpg,Tomato___Late_blight,Strawberry___Leaf_scorch,0.951712
plantwild/extracted/plantwild/images/tomato late blight/google_0123.jpg,Tomato___Late_blight,"Pepper,_bell___healthy",0.908360
plantwild/extracted/plantwild/images/tomato late blight/google_0124.jpg,Tomato___Late_blight,"Pepper,_bell___healthy",0.546183
plantwild/extracted/plantwild/images/tomato late blight/google_0126.jpg,Tomato___Late_blight,Tomato___Late_blight,0.838237
plantwild/extracted/plantwild/images/tomato late blight/google_0128.jpg,Tomato___Late_blight,"Pepper,_bell___healthy",0.335729
plantwild/extracted/plantwild/images/tomato late blight/google_0133.jpg,Tomato___Late_blight,Tomato___Early_blight,0.884122
plantwild/extracted/plantwild/images/tomato late blight/google_0134.jpg,Tomato___Late_blight,Strawberry___Leaf_scorch,0.955620
plantwild/extracted/plantwild/images/tomato late blight/google_0135.jpg,Tomato___Late_blight,Strawberry___Leaf_scorch,0.790559
plantwild/extracted/plantwild/images/tomato late blight/google_0136.jpg,Tomato___Late_blight,"Pepper,_bell___healthy",0.598163
plantwild/extracted/plantwild/images/tomato late blight/google_0137.jpg,Tomato___Late_blight,Strawberry___Leaf_scorch,0.834815
plantwild/extracted/plantwild/images/tomato late blight/google_0138.jpg,Tomato___Late_blight,Tomato___Late_blight,0.447953
plantwild/extracted/plantwild/images/tomato late blight/google_0140.jpg,Tomato___Late_blight,"Pepper,_bell___healthy",0.748627
plantwild/extracted/plantwild/images/tomato late blight/google_0142.jpg,Tomato___Late_blight,Strawberry___Leaf_scorch,0.469777
plantwild/extracted/plantwild/images/tomato late blight/google_0143.jpg,Tomato___Late_blight,Strawberry___Leaf_scorch,0.952832
plantwild/extracted/plantwild/images/tomato late blight/google_0146.jpg,Tomato___Late_blight,Cherry___healthy,0.329999
plantwild/extracted/plantwild/images/tomato late blight/google_0147.jpg,Tomato___Late_blight,Strawberry___Leaf_scorch,0.873246
plantwild/extracted/plantwild/images/tomato late blight/google_0148.jpg,Tomato___Late_blight,Tomato___Tomato_Yellow_Leaf_Curl_Virus,0.962603
plantwild/extracted/plantwild/images/tomato late blight/google_0149.jpg,Tomato___Late_blight,Tomato___Septoria_leaf_spot,0.768098
plantwild/extracted/plantwild/images/tomato late blight/google_0150.jpg,Tomato___Late_blight,Tomato___Late_blight,0.892377
plantwild/extracted/plantwild/images/tomato late blight/google_0151.jpg,Tomato___Late_blight,Strawberry___Leaf_scorch,0.449706
plantwild/extracted/plantwild/images/tomato late blight/google_0155.jpg,Tomato___Late_blight,Cherry___healthy,0.725659
plantwild/extracted/plantwild/images/tomato late blight/google_0156.jpg,Tomato___Late_blight,"Pepper,_bell___healthy",0.824536
plantwild/extracted/plantwild/images/tomato late blight/google_0157.jpg,Tomato___Late_blight,Tomato___Early_blight,0.920404
plantwild/extracted/plantwild/images/tomato late blight/google_0158.jpg,Tomato___Late_blight,"Pepper,_bell___healthy",0.947380
plantwild/extracted/plantwild/images/tomato late blight/google_0159.jpg,Tomato___Late_blight,"Pepper,_bell___healthy",0.503079
plantwild/extracted/plantwild/images/tomato late blight/google_0161.jpg,Tomato___Late_blight,"Pepper,_bell___healthy",0.880033
plantwild/extracted/plantwild/images/tomato late blight/google_0162.jpg,Tomato___Late_blight,"Pepper,_bell___healthy",0.957743
plantwild/extracted/plantwild/images/tomato late blight/google_0163.jpg,Tomato___Late_blight,"Pepper,_bell___healthy",0.519328
plantwild/extracted/plantwild/images/tomato late blight/google_0169.jpg,Tomato___Late_blight,"Pepper,_bell___healthy",0.318027
plantwild/extracted/plantwild/images/tomato late blight/google_0173.jpg,Tomato___Late_blight,Cherry___healthy,0.694569
plantwild/extracted/plantwild/images/tomato late blight/google_0175.jpg,Tomato___Late_blight,"Pepper,_bell___healthy",0.394219
plantwild/extracted/plantwild/images/tomato late blight/google_0176.jpg,Tomato___Late_blight,"Pepper,_bell___healthy",0.945495
plantwild/extracted/plantwild/images/tomato late blight/google_0181.jpg,Tomato___Late_blight,"Pepper,_bell___healthy",0.730139
plantwild/extracted/plantwild/images/tomato late blight/google_0184.jpg,Tomato___Late_blight,Strawberry___Leaf_scorch,0.947201
plantwild/extracted/plantwild/images/tomato late blight/google_0188.jpg,Tomato___Late_blight,Strawberry___Leaf_scorch,0.775853
plantwild/extracted/plantwild/images/tomato late blight/google_0189.jpg,Tomato___Late_blight,Tomato___Early_blight,0.308970
plantwild/extracted/plantwild/images/tomato late blight/google_0192.jpg,Tomato___Late_blight,Tomato___Late_blight,0.707203
plantwild/extracted/plantwild/images/tomato late blight/google_0194.jpg,Tomato___Late_blight,Tomato___Late_blight,0.966596
plantwild/extracted/plantwild/images/tomato late blight/google_0195.jpg,Tomato___Late_blight,"Pepper,_bell___healthy",0.653775
plantwild/extracted/plantwild/images/tomato late blight/google_0197.jpg,Tomato___Late_blight,Strawberry___Leaf_scorch,0.602489
plantwild/extracted/plantwild/images/tomato late blight/google_0200.jpg,Tomato___Late_blight,Strawberry___Leaf_scorch,0.284280
plantwild/extracted/plantwild/images/tomato late blight/google_0202.jpg,Tomato___Late_blight,"Pepper,_bell___healthy",0.461866
plantwild/extracted/plantwild/images/tomato late blight/google_0204.jpg,Tomato___Late_blight,"Pepper,_bell___healthy",0.926123
plantwild/extracted/plantwild/images/tomato late blight/google_0205.jpg,Tomato___Late_blight,Strawberry___Leaf_scorch,0.940781
plantwild/extracted/plantwild/images/tomato late blight/google_0206.jpg,Tomato___Late_blight,Strawberry___Leaf_scorch,0.894478
plantwild/extracted/plantwild/images/tomato late blight/google_0207.jpg,Tomato___Late_blight,Strawberry___Leaf_scorch,0.942616
plantwild/extracted/plantwild/images/tomato late blight/google_0212.jpg,Tomato___Late_blight,Tomato___healthy,0.897870
plantwild/extracted/plantwild/images/tomato late blight/google_0213.jpg,Tomato___Late_blight,Strawberry___Leaf_scorch,0.941084
plantwild/extracted/plantwild/images/tomato late blight/google_0214.jpg,Tomato___Late_blight,Cherry___healthy,0.778651
plantwild/extracted/plantwild/images/tomato late blight/google_0216.jpg,Tomato___Late_blight,"Pepper,_bell___healthy",0.745539
plantwild/extracted/plantwild/images/tomato late blight/google_0217.jpg,Tomato___Late_blight,"Pepper,_bell___healthy",0.961908
plantwild/extracted/plantwild/images/tomato late blight/google_0219.jpg,Tomato___Late_blight,Strawberry___Leaf_scorch,0.955900
plantwild/extracted/plantwild/images/tomato late blight/google_0220.jpg,Tomato___Late_blight,"Pepper,_bell___healthy",0.969326
plantwild/extracted/plantwild/images/tomato late blight/google_0221.jpg,Tomato___Late_blight,"Pepper,_bell___healthy",0.877691
plantwild/extracted/plantwild/images/tomato late blight/google_0222.jpg,Tomato___Late_blight,Cherry___healthy,0.254042
plantwild/extracted/plantwild/images/tomato late blight/google_0224.jpg,Tomato___Late_blight,"Pepper,_bell___healthy",0.947920
plantwild/extracted/plantwild/images/tomato late blight/google_0225.jpg,Tomato___Late_blight,Strawberry___Leaf_scorch,0.758351
plantwild/extracted/plantwild/images/tomato late blight/google_0226.jpg,Tomato___Late_blight,Strawberry___Leaf_scorch,0.749132
plantwild/extracted/plantwild/images/tomato late blight/google_0235.jpg,Tomato___Late_blight,"Pepper,_bell___healthy",0.921707
plantwild/extracted/plantwild/images/tomato late blight/google_0238.jpg,Tomato___Late_blight,"Pepper,_bell___healthy",0.940222
plantwild/extracted/plantwild/images/tomato late blight/google_0239.jpg,Tomato___Late_blight,Strawberry___Leaf_scorch,0.937638
plantwild/extracted/plantwild/images/tomato late blight/google_0240.jpg,Tomato___Late_blight,Tomato___Late_blight,0.968458
plantwild/extracted/plantwild/images/tomato late blight/google_0243.jpg,Tomato___Late_blight,"Pepper,_bell___healthy",0.582150
plantwild/extracted/plantwild/images/tomato late blight/google_0244.jpg,Tomato___Late_blight,"Pepper,_bell___healthy",0.958220
plantwild/extracted/plantwild/images/tomato late blight/google_0246.jpg,Tomato___Late_blight,Strawberry___Leaf_scorch,0.893561
plantwild/extracted/plantwild/images/tomato late blight/google_0250.jpg,Tomato___Late_blight,"Pepper,_bell___healthy",0.643083
plantwild/extracted/plantwild/images/tomato late blight/google_0254.jpg,Tomato___Late_blight,"Pepper,_bell___healthy",0.736305
plantwild/extracted/plantwild/images/tomato late blight/google_0256.jpg,Tomato___Late_blight,"Pepper,_bell___healthy",0.963886
plantwild/extracted/plantwild/images/tomato late blight/google_0258.jpg,Tomato___Late_blight,Peach___Bacterial_spot,0.277034
plantwild/extracted/plantwild/images/tomato late blight/google_0259.jpg,Tomato___Late_blight,"Pepper,_bell___healthy",0.950970
plantwild/extracted/plantwild/images/tomato late blight/google_0260.jpg,Tomato___Late_blight,"Pepper,_bell___healthy",0.890456
plantwild/extracted/plantwild/images/tomato late blight/google_0262.jpg,Tomato___Late_blight,Tomato___Late_blight,0.966244
plantwild/extracted/plantwild/images/tomato late blight/google_0263.jpg,Tomato___Late_blight,"Pepper,_bell___healthy",0.920237
plantwild/extracted/plantwild/images/tomato late blight/google_0264.jpg,Tomato___Late_blight,"Pepper,_bell___healthy",0.559635
plantwild/extracted/plantwild/images/tomato late blight/google_0268.jpg,Tomato___Late_blight,"Pepper,_bell___healthy",0.870073
plantwild/extracted/plantwild/images/tomato late blight/google_0269.jpg,Tomato___Late_blight,Tomato___Late_blight,0.922378
plantwild/extracted/plantwild/images/tomato late blight/google_0271.jpg,Tomato___Late_blight,Tomato___Late_blight,0.472071
plantwild/extracted/plantwild/images/tomato leaf/1.jpg,Tomato___healthy,Strawberry___Leaf_scorch,0.853947
plantwild/extracted/plantwild/images/tomato leaf/10.jpg,Tomato___healthy,"Pepper,_bell___healthy",0.385552
plantwild/extracted/plantwild/images/tomato leaf/104.jpg,Tomato___healthy,"Pepper,_bell___healthy",0.395428
plantwild/extracted/plantwild/images/tomato leaf/105.jpg,Tomato___healthy,"Pepper,_bell___healthy",0.961406
plantwild/extracted/plantwild/images/tomato leaf/106.jpg,Tomato___healthy,"Pepper,_bell___healthy",0.346082
plantwild/extracted/plantwild/images/tomato leaf/108.jpg,Tomato___healthy,"Pepper,_bell___healthy",0.816327
plantwild/extracted/plantwild/images/tomato leaf/110.jpg,Tomato___healthy,Strawberry___Leaf_scorch,0.608392
plantwild/extracted/plantwild/images/tomato leaf/12.jpg,Tomato___healthy,Tomato___Tomato_Yellow_Leaf_Curl_Virus,0.707986
plantwild/extracted/plantwild/images/tomato leaf/13.jpg,Tomato___healthy,"Pepper,_bell___healthy",0.529828
plantwild/extracted/plantwild/images/tomato leaf/135.jpg,Tomato___healthy,"Pepper,_bell___healthy",0.866179
plantwild/extracted/plantwild/images/tomato leaf/136.jpg,Tomato___healthy,"Pepper,_bell___healthy",0.869862
plantwild/extracted/plantwild/images/tomato leaf/137.jpg,Tomato___healthy,"Pepper,_bell___healthy",0.585485
plantwild/extracted/plantwild/images/tomato leaf/138.jpg,Tomato___healthy,Cherry___healthy,0.436149
plantwild/extracted/plantwild/images/tomato leaf/14.jpg,Tomato___healthy,Tomato___Tomato_mosaic_virus,0.538044
plantwild/extracted/plantwild/images/tomato leaf/140.jpg,Tomato___healthy,"Pepper,_bell___healthy",0.943902
plantwild/extracted/plantwild/images/tomato leaf/141.jpg,Tomato___healthy,Cherry___healthy,0.680871
plantwild/extracted/plantwild/images/tomato leaf/142.jpg,Tomato___healthy,"Pepper,_bell___healthy",0.878778
plantwild/extracted/plantwild/images/tomato leaf/143.jpg,Tomato___healthy,Strawberry___Leaf_scorch,0.579254
plantwild/extracted/plantwild/images/tomato leaf/144.jpg,Tomato___healthy,"Pepper,_bell___healthy",0.727328
plantwild/extracted/plantwild/images/tomato leaf/145.jpg,Tomato___healthy,"Pepper,_bell___healthy",0.839236
plantwild/extracted/plantwild/images/tomato leaf/146.jpg,Tomato___healthy,"Pepper,_bell___healthy",0.330728
plantwild/extracted/plantwild/images/tomato leaf/147.jpg,Tomato___healthy,Tomato___Tomato_Yellow_Leaf_Curl_Virus,0.949513
plantwild/extracted/plantwild/images/tomato leaf/148.jpg,Tomato___healthy,Strawberry___Leaf_scorch,0.927372
plantwild/extracted/plantwild/images/tomato leaf/15.jpg,Tomato___healthy,Tomato___Leaf_Mold,0.705230
plantwild/extracted/plantwild/images/tomato leaf/150.jpg,Tomato___healthy,"Pepper,_bell___healthy",0.697601
plantwild/extracted/plantwild/images/tomato leaf/151.jpg,Tomato___healthy,Tomato___Tomato_mosaic_virus,0.400212
plantwild/extracted/plantwild/images/tomato leaf/152.jpg,Tomato___healthy,"Pepper,_bell___healthy",0.941921
plantwild/extracted/plantwild/images/tomato leaf/16.jpg,Tomato___healthy,"Pepper,_bell___healthy",0.921591
plantwild/extracted/plantwild/images/tomato leaf/17.jpg,Tomato___healthy,"Pepper,_bell___healthy",0.954410
plantwild/extracted/plantwild/images/tomato leaf/18.jpg,Tomato___healthy,"Pepper,_bell___healthy",0.496756
plantwild/extracted/plantwild/images/tomato leaf/19.jpg,Tomato___healthy,"Pepper,_bell___healthy",0.828905
plantwild/extracted/plantwild/images/tomato leaf/2.jpg,Tomato___healthy,"Pepper,_bell___healthy",0.966025
plantwild/extracted/plantwild/images/tomato leaf/20.jpg,Tomato___healthy,"Pepper,_bell___healthy",0.706465
plantwild/extracted/plantwild/images/tomato leaf/21.jpg,Tomato___healthy,Tomato___Tomato_Yellow_Leaf_Curl_Virus,0.239077
plantwild/extracted/plantwild/images/tomato leaf/22.jpg,Tomato___healthy,Cherry___healthy,0.788789
plantwild/extracted/plantwild/images/tomato leaf/23.jpg,Tomato___healthy,Tomato___Tomato_Yellow_Leaf_Curl_Virus,0.887936
plantwild/extracted/plantwild/images/tomato leaf/24.jpg,Tomato___healthy,Tomato___Tomato_Yellow_Leaf_Curl_Virus,0.499286
plantwild/extracted/plantwild/images/tomato leaf/25.jpg,Tomato___healthy,Tomato___Tomato_Yellow_Leaf_Curl_Virus,0.574591
plantwild/extracted/plantwild/images/tomato leaf/26.jpg,Tomato___healthy,Tomato___Tomato_Yellow_Leaf_Curl_Virus,0.709853
plantwild/extracted/plantwild/images/tomato leaf/27.jpg,Tomato___healthy,"Pepper,_bell___healthy",0.890125
plantwild/extracted/plantwild/images/tomato leaf/28.jpg,Tomato___healthy,Tomato___Tomato_Yellow_Leaf_Curl_Virus,0.831977
plantwild/extracted/plantwild/images/tomato leaf/29.jpg,Tomato___healthy,"Pepper,_bell___healthy",0.315582
plantwild/extracted/plantwild/images/tomato leaf/3.jpg,Tomato___healthy,"Pepper,_bell___healthy",0.645769
plantwild/extracted/plantwild/images/tomato leaf/30.jpg,Tomato___healthy,"Pepper,_bell___healthy",0.834593
plantwild/extracted/plantwild/images/tomato leaf/31.jpg,Tomato___healthy,Tomato___Tomato_Yellow_Leaf_Curl_Virus,0.774906
plantwild/extracted/plantwild/images/tomato leaf/32.jpg,Tomato___healthy,"Pepper,_bell___healthy",0.812042
plantwild/extracted/plantwild/images/tomato leaf/33.jpg,Tomato___healthy,Tomato___Septoria_leaf_spot,0.304540
plantwild/extracted/plantwild/images/tomato leaf/34.jpg,Tomato___healthy,"Pepper,_bell___healthy",0.735476
plantwild/extracted/plantwild/images/tomato leaf/35.jpg,Tomato___healthy,Raspberry___healthy,0.619247
plantwild/extracted/plantwild/images/tomato leaf/36.jpg,Tomato___healthy,Raspberry___healthy,0.723834
plantwild/extracted/plantwild/images/tomato leaf/37.jpg,Tomato___healthy,"Pepper,_bell___healthy",0.867574
plantwild/extracted/plantwild/images/tomato leaf/38.jpg,Tomato___healthy,"Pepper,_bell___healthy",0.410839
plantwild/extracted/plantwild/images/tomato leaf/39.jpg,Tomato___healthy,Tomato___Tomato_Yellow_Leaf_Curl_Virus,0.799359
plantwild/extracted/plantwild/images/tomato leaf/4.jpg,Tomato___healthy,Strawberry___Leaf_scorch,0.951111
plantwild/extracted/plantwild/images/tomato leaf/40.jpg,Tomato___healthy,"Pepper,_bell___healthy",0.964704
plantwild/extracted/plantwild/images/tomato leaf/41.jpg,Tomato___healthy,Tomato___Tomato_Yellow_Leaf_Curl_Virus,0.831285
plantwild/extracted/plantwild/images/tomato leaf/43.jpg,Tomato___healthy,"Pepper,_bell___healthy",0.862905
plantwild/extracted/plantwild/images/tomato leaf/44.jpg,Tomato___healthy,Strawberry___Leaf_scorch,0.542579
plantwild/extracted/plantwild/images/tomato leaf/45.jpg,Tomato___healthy,"Pepper,_bell___healthy",0.890572
plantwild/extracted/plantwild/images/tomato leaf/46.jpg,Tomato___healthy,"Pepper,_bell___healthy",0.701790
plantwild/extracted/plantwild/images/tomato leaf/47.jpg,Tomato___healthy,Tomato___Tomato_Yellow_Leaf_Curl_Virus,0.473216
plantwild/extracted/plantwild/images/tomato leaf/48.jpg,Tomato___healthy,"Pepper,_bell___healthy",0.909647
plantwild/extracted/plantwild/images/tomato leaf/49.jpg,Tomato___healthy,"Pepper,_bell___healthy",0.955002
plantwild/extracted/plantwild/images/tomato leaf/5.jpg,Tomato___healthy,Strawberry___Leaf_scorch,0.944112
plantwild/extracted/plantwild/images/tomato leaf/50.jpg,Tomato___healthy,Raspberry___healthy,0.436963
plantwild/extracted/plantwild/images/tomato leaf/51.jpg,Tomato___healthy,Tomato___Tomato_Yellow_Leaf_Curl_Virus,0.902186
plantwild/extracted/plantwild/images/tomato leaf/52.jpg,Tomato___healthy,"Pepper,_bell___healthy",0.944595
plantwild/extracted/plantwild/images/tomato leaf/53.jpg,Tomato___healthy,"Pepper,_bell___healthy",0.778186
plantwild/extracted/plantwild/images/tomato leaf/54.jpg,Tomato___healthy,"Pepper,_bell___healthy",0.874517
plantwild/extracted/plantwild/images/tomato leaf/55.jpg,Tomato___healthy,"Pepper,_bell___healthy",0.781551
plantwild/extracted/plantwild/images/tomato leaf/56.jpg,Tomato___healthy,"Pepper,_bell___healthy",0.833838
plantwild/extracted/plantwild/images/tomato leaf/57.jpg,Tomato___healthy,"Pepper,_bell___healthy",0.181429
plantwild/extracted/plantwild/images/tomato leaf/59.jpg,Tomato___healthy,"Pepper,_bell___healthy",0.181429
plantwild/extracted/plantwild/images/tomato leaf/6.jpg,Tomato___healthy,Tomato___Tomato_Yellow_Leaf_Curl_Virus,0.236836
plantwild/extracted/plantwild/images/tomato leaf/60.jpg,Tomato___healthy,Tomato___Tomato_Yellow_Leaf_Curl_Virus,0.880568
plantwild/extracted/plantwild/images/tomato leaf/61.jpg,Tomato___healthy,Tomato___Tomato_Yellow_Leaf_Curl_Virus,0.906742
plantwild/extracted/plantwild/images/tomato leaf/62.jpg,Tomato___healthy,Tomato___Tomato_Yellow_Leaf_Curl_Virus,0.874746
plantwild/extracted/plantwild/images/tomato leaf/63.jpg,Tomato___healthy,Tomato___Tomato_Yellow_Leaf_Curl_Virus,0.659384
plantwild/extracted/plantwild/images/tomato leaf/64.jpg,Tomato___healthy,Tomato___Tomato_Yellow_Leaf_Curl_Virus,0.286635
plantwild/extracted/plantwild/images/tomato leaf/65.jpg,Tomato___healthy,"Pepper,_bell___healthy",0.702403
plantwild/extracted/plantwild/images/tomato leaf/67.jpg,Tomato___healthy,Blueberry___healthy,0.530938
plantwild/extracted/plantwild/images/tomato leaf/68.jpg,Tomato___healthy,Cherry___healthy,0.828750
plantwild/extracted/plantwild/images/tomato leaf/69.jpg,Tomato___healthy,Strawberry___Leaf_scorch,0.455667
plantwild/extracted/plantwild/images/tomato leaf/7.jpg,Tomato___healthy,"Pepper,_bell___healthy",0.799685
plantwild/extracted/plantwild/images/tomato leaf/72.jpg,Tomato___healthy,"Pepper,_bell___healthy",0.679477
plantwild/extracted/plantwild/images/tomato leaf/73.jpg,Tomato___healthy,Tomato___Tomato_Yellow_Leaf_Curl_Virus,0.886125
plantwild/extracted/plantwild/images/tomato leaf/75.jpg,Tomato___healthy,"Pepper,_bell___healthy",0.822770
plantwild/extracted/plantwild/images/tomato leaf/76.jpg,Tomato___healthy,Tomato___Tomato_Yellow_Leaf_Curl_Virus,0.852124
plantwild/extracted/plantwild/images/tomato leaf/77.jpg,Tomato___healthy,"Pepper,_bell___healthy",0.969318
plantwild/extracted/plantwild/images/tomato leaf/79.jpg,Tomato___healthy,"Pepper,_bell___healthy",0.752011
plantwild/extracted/plantwild/images/tomato leaf/8.jpg,Tomato___healthy,Tomato___Tomato_Yellow_Leaf_Curl_Virus,0.713829
plantwild/extracted/plantwild/images/tomato leaf/80.jpg,Tomato___healthy,"Pepper,_bell___healthy",0.908556
plantwild/extracted/plantwild/images/tomato leaf/82.jpg,Tomato___healthy,"Pepper,_bell___healthy",0.446119
plantwild/extracted/plantwild/images/tomato leaf/85.jpg,Tomato___healthy,Strawberry___Leaf_scorch,0.926022
plantwild/extracted/plantwild/images/tomato leaf/86.jpg,Tomato___healthy,Tomato___Early_blight,0.423076
plantwild/extracted/plantwild/images/tomato leaf/88.jpg,Tomato___healthy,Tomato___Tomato_Yellow_Leaf_Curl_Virus,0.946701
plantwild/extracted/plantwild/images/tomato leaf/9.jpg,Tomato___healthy,"Pepper,_bell___healthy",0.665880
plantwild/extracted/plantwild/images/tomato leaf/90.jpg,Tomato___healthy,"Pepper,_bell___healthy",0.828960
plantwild/extracted/plantwild/images/tomato leaf/91.jpg,Tomato___healthy,Cherry___Powdery_mildew,0.450449
plantwild/extracted/plantwild/images/tomato leaf/92.jpg,Tomato___healthy,"Pepper,_bell___healthy",0.949594
plantwild/extracted/plantwild/images/tomato leaf/93.jpg,Tomato___healthy,Cherry___healthy,0.430334
plantwild/extracted/plantwild/images/tomato leaf/96.jpg,Tomato___healthy,"Pepper,_bell___healthy",0.927987
plantwild/extracted/plantwild/images/tomato leaf/97.jpg,Tomato___healthy,Tomato___Late_blight,0.655933
plantwild/extracted/plantwild/images/tomato leaf/98.jpg,Tomato___healthy,"Pepper,_bell___healthy",0.936276
plantwild/extracted/plantwild/images/tomato leaf/google_0000.jpg,Tomato___healthy,"Pepper,_bell___healthy",0.546587
plantwild/extracted/plantwild/images/tomato leaf/google_0001.jpg,Tomato___healthy,"Pepper,_bell___healthy",0.894688
plantwild/extracted/plantwild/images/tomato leaf/google_0002.jpg,Tomato___healthy,"Pepper,_bell___healthy",0.763080
plantwild/extracted/plantwild/images/tomato leaf/google_0003.jpg,Tomato___healthy,"Pepper,_bell___healthy",0.956280
plantwild/extracted/plantwild/images/tomato leaf/google_0004.jpg,Tomato___healthy,"Pepper,_bell___healthy",0.942932
plantwild/extracted/plantwild/images/tomato leaf/google_0005.jpg,Tomato___healthy,Strawberry___Leaf_scorch,0.948977
plantwild/extracted/plantwild/images/tomato leaf/google_0006.jpg,Tomato___healthy,"Pepper,_bell___healthy",0.812059
plantwild/extracted/plantwild/images/tomato leaf/google_0007.jpg,Tomato___healthy,Corn___healthy,0.946771
plantwild/extracted/plantwild/images/tomato leaf/google_0008.jpg,Tomato___healthy,Corn___healthy,0.255407
plantwild/extracted/plantwild/images/tomato leaf/google_0009.jpg,Tomato___healthy,Tomato___Tomato_Yellow_Leaf_Curl_Virus,0.310908
plantwild/extracted/plantwild/images/tomato leaf/google_0013.jpg,Tomato___healthy,Tomato___Tomato_Yellow_Leaf_Curl_Virus,0.322979
plantwild/extracted/plantwild/images/tomato leaf/google_0014.jpg,Tomato___healthy,Cherry___healthy,0.428109
plantwild/extracted/plantwild/images/tomato leaf/google_0015.jpg,Tomato___healthy,"Pepper,_bell___healthy",0.936234
plantwild/extracted/plantwild/images/tomato leaf/google_0017.jpg,Tomato___healthy,"Pepper,_bell___healthy",0.954967
plantwild/extracted/plantwild/images/tomato leaf/google_0019.jpg,Tomato___healthy,Grape___Esca_(Black_Measles),0.902144
plantwild/extracted/plantwild/images/tomato leaf/google_0021.jpg,Tomato___healthy,"Pepper,_bell___healthy",0.329351
plantwild/extracted/plantwild/images/tomato leaf/google_0022.jpg,Tomato___healthy,Tomato___healthy,0.714550
plantwild/extracted/plantwild/images/tomato leaf/google_0025.jpg,Tomato___healthy,"Pepper,_bell___healthy",0.831857
plantwild/extracted/plantwild/images/tomato leaf/google_0029.jpg,Tomato___healthy,"Pepper,_bell___healthy",0.839781
plantwild/extracted/plantwild/images/tomato leaf/google_0049.jpg,Tomato___healthy,Tomato___Tomato_Yellow_Leaf_Curl_Virus,0.434565
plantwild/extracted/plantwild/images/tomato leaf/google_0056.jpg,Tomato___healthy,"Pepper,_bell___healthy",0.947876
plantwild/extracted/plantwild/images/tomato leaf/google_0063.jpg,Tomato___healthy,"Pepper,_bell___healthy",0.807481
plantwild/extracted/plantwild/images/tomato leaf/google_0071.jpg,Tomato___healthy,"Pepper,_bell___healthy",0.934479
plantwild/extracted/plantwild/images/tomato leaf/google_0086.jpg,Tomato___healthy,"Pepper,_bell___healthy",0.791726
plantwild/extracted/plantwild/images/tomato leaf/google_0095.jpg,Tomato___healthy,"Pepper,_bell___healthy",0.899983
plantwild/extracted/plantwild/images/tomato leaf/google_0104.jpg,Tomato___healthy,"Pepper,_bell___healthy",0.958878
plantwild/extracted/plantwild/images/tomato leaf/google_0105.jpg,Tomato___healthy,"Pepper,_bell___healthy",0.495822
plantwild/extracted/plantwild/images/tomato leaf/google_0106.jpg,Tomato___healthy,"Pepper,_bell___healthy",0.951974
plantwild/extracted/plantwild/images/tomato leaf/google_0116.jpg,Tomato___healthy,"Pepper,_bell___healthy",0.915059
plantwild/extracted/plantwild/images/tomato leaf/google_0124.jpg,Tomato___healthy,Tomato___Tomato_Yellow_Leaf_Curl_Virus,0.611354
plantwild/extracted/plantwild/images/tomato leaf/google_0127.jpg,Tomato___healthy,"Pepper,_bell___healthy",0.659092
plantwild/extracted/plantwild/images/tomato leaf/google_0137.jpg,Tomato___healthy,"Pepper,_bell___healthy",0.966633
plantwild/extracted/plantwild/images/tomato leaf/google_0152.jpg,Tomato___healthy,"Pepper,_bell___healthy",0.938964
plantwild/extracted/plantwild/images/tomato leaf/google_0155.jpg,Tomato___healthy,"Pepper,_bell___healthy",0.943191
plantwild/extracted/plantwild/images/tomato leaf/google_0183.jpg,Tomato___healthy,"Pepper,_bell___healthy",0.862088
plantwild/extracted/plantwild/images/tomato leaf/google_0190.jpg,Tomato___healthy,Tomato___Late_blight,0.218142
plantwild/extracted/plantwild/images/tomato leaf/google_0201.jpg,Tomato___healthy,Cherry___healthy,0.526299
plantwild/extracted/plantwild/images/tomato leaf/google_0202.jpg,Tomato___healthy,"Pepper,_bell___healthy",0.868577
plantwild/extracted/plantwild/images/tomato leaf/google_0204.jpg,Tomato___healthy,"Pepper,_bell___healthy",0.914065
plantwild/extracted/plantwild/images/tomato leaf/google_0207.jpg,Tomato___healthy,"Pepper,_bell___healthy",0.859553
plantwild/extracted/plantwild/images/tomato leaf/google_0208.jpg,Tomato___healthy,"Pepper,_bell___healthy",0.939336
plantwild/extracted/plantwild/images/tomato leaf/google_0214.jpg,Tomato___healthy,"Pepper,_bell___healthy",0.930289
plantwild/extracted/plantwild/images/tomato leaf/google_0215.jpg,Tomato___healthy,Cherry___healthy,0.305540
plantwild/extracted/plantwild/images/tomato leaf/google_0222.jpg,Tomato___healthy,"Pepper,_bell___healthy",0.909602
plantwild/extracted/plantwild/images/tomato leaf/google_0230.jpg,Tomato___healthy,Cherry___healthy,0.440368
plantwild/extracted/plantwild/images/tomato leaf/google_0239.jpg,Tomato___healthy,"Pepper,_bell___healthy",0.756212
plantwild/extracted/plantwild/images/tomato leaf/google_0240.jpg,Tomato___healthy,Cherry___healthy,0.705662
plantwild/extracted/plantwild/images/tomato leaf/google_0253.jpg,Tomato___healthy,"Pepper,_bell___healthy",0.582216
plantwild/extracted/plantwild/images/tomato leaf/google_0258.jpg,Tomato___healthy,"Pepper,_bell___healthy",0.901191
plantwild/extracted/plantwild/images/tomato leaf/google_0260.jpg,Tomato___healthy,"Pepper,_bell___healthy",0.970215
plantwild/extracted/plantwild/images/tomato leaf/google_0262.jpg,Tomato___healthy,Cherry___healthy,0.711839
plantwild/extracted/plantwild/images/tomato leaf/google_0266.jpg,Tomato___healthy,"Pepper,_bell___healthy",0.909287
plantwild/extracted/plantwild/images/tomato leaf/google_0269.jpg,Tomato___healthy,"Pepper,_bell___healthy",0.876757
plantwild/extracted/plantwild/images/tomato leaf/google_0275.jpg,Tomato___healthy,"Pepper,_bell___healthy",0.937951
plantwild/extracted/plantwild/images/tomato leaf/google_0279.jpg,Tomato___healthy,"Pepper,_bell___healthy",0.357289
plantwild/extracted/plantwild/images/tomato leaf/google_0284.jpg,Tomato___healthy,"Pepper,_bell___healthy",0.968452
plantwild/extracted/plantwild/images/tomato leaf/google_0289.jpg,Tomato___healthy,"Pepper,_bell___healthy",0.955302
plantwild/extracted/plantwild/images/tomato leaf/google_0290.jpg,Tomato___healthy,"Pepper,_bell___healthy",0.392722
plantwild/extracted/plantwild/images/tomato leaf/google_0297.jpg,Tomato___healthy,"Pepper,_bell___healthy",0.718673
plantwild/extracted/plantwild/images/tomato leaf/google_0302.jpg,Tomato___healthy,"Pepper,_bell___healthy",0.878168
plantwild/extracted/plantwild/images/tomato leaf/google_0307.jpg,Tomato___healthy,Strawberry___Leaf_scorch,0.921990
plantwild/extracted/plantwild/images/tomato leaf/google_0309.jpg,Tomato___healthy,"Pepper,_bell___healthy",0.925183
plantwild/extracted/plantwild/images/tomato leaf/google_0310.jpg,Tomato___healthy,"Pepper,_bell___healthy",0.930219
plantwild/extracted/plantwild/images/tomato leaf/google_0320.jpg,Tomato___healthy,"Pepper,_bell___healthy",0.951503
plantwild/extracted/plantwild/images/tomato leaf/google_0330.jpg,Tomato___healthy,"Pepper,_bell___healthy",0.845814
plantwild/extracted/plantwild/images/tomato leaf/google_0333.jpg,Tomato___healthy,"Pepper,_bell___healthy",0.960874
plantwild/extracted/plantwild/images/tomato leaf/google_0335.jpg,Tomato___healthy,Tomato___Tomato_Yellow_Leaf_Curl_Virus,0.778918
plantwild/extracted/plantwild/images/tomato leaf/google_0340.jpg,Tomato___healthy,Tomato___Tomato_mosaic_virus,0.305442
plantwild/extracted/plantwild/images/tomato leaf/google_0346.jpg,Tomato___healthy,Apple___Black_rot,0.907150
plantwild/extracted/plantwild/images/tomato leaf/google_0349.jpg,Tomato___healthy,"Pepper,_bell___healthy",0.828415
plantwild/extracted/plantwild/images/tomato leaf/google_0354.jpg,Tomato___healthy,Corn___healthy,0.452576
plantwild/extracted/plantwild/images/tomato leaf/google_0355.jpg,Tomato___healthy,Cherry___healthy,0.556734
plantwild/extracted/plantwild/images/tomato leaf/google_0358.jpg,Tomato___healthy,"Pepper,_bell___healthy",0.959820
plantwild/extracted/plantwild/images/tomato leaf/google_0364.jpg,Tomato___healthy,Tomato___Tomato_Yellow_Leaf_Curl_Virus,0.889077
plantwild/extracted/plantwild/images/tomato leaf/google_0366.jpg,Tomato___healthy,"Pepper,_bell___healthy",0.965632
plantwild/extracted/plantwild/images/tomato leaf/google_0380.jpg,Tomato___healthy,Tomato___Tomato_Yellow_Leaf_Curl_Virus,0.357687
plantwild/extracted/plantwild/images/tomato leaf/google_0383.jpg,Tomato___healthy,Cherry___healthy,0.536113
plantwild/extracted/plantwild/images/tomato leaf/google_0405.jpg,Tomato___healthy,"Pepper,_bell___healthy",0.949997
plantwild/extracted/plantwild/images/tomato leaf/google_0417.jpg,Tomato___healthy,"Pepper,_bell___healthy",0.942943
plantwild/extracted/plantwild/images/tomato leaf/google_0421.jpg,Tomato___healthy,"Pepper,_bell___healthy",0.344405
plantwild/extracted/plantwild/images/tomato leaf/google_0427.jpg,Tomato___healthy,"Pepper,_bell___healthy",0.968417
plantwild/extracted/plantwild/images/tomato leaf/google_0428.jpg,Tomato___healthy,"Pepper,_bell___healthy",0.921486
plantwild/extracted/plantwild/images/tomato leaf/google_0431.jpg,Tomato___healthy,Grape___Esca_(Black_Measles),0.762129
plantwild/extracted/plantwild/images/tomato leaf/google_0434.jpg,Tomato___healthy,"Pepper,_bell___healthy",0.933157
plantwild/extracted/plantwild/images/tomato leaf/google_0435.jpg,Tomato___healthy,Cherry___healthy,0.475014
plantwild/extracted/plantwild/images/tomato leaf/google_0438.jpg,Tomato___healthy,Strawberry___Leaf_scorch,0.647704
plantwild/extracted/plantwild/images/tomato leaf/google_0443.jpg,Tomato___healthy,"Pepper,_bell___healthy",0.917731
plantwild/extracted/plantwild/images/tomato leaf/google_0445.jpg,Tomato___healthy,Strawberry___Leaf_scorch,0.504612
plantwild/extracted/plantwild/images/tomato leaf/google_0448.jpg,Tomato___healthy,"Pepper,_bell___healthy",0.971664
plantwild/extracted/plantwild/images/tomato leaf/google_0450.jpg,Tomato___healthy,"Pepper,_bell___healthy",0.967829
plantwild/extracted/plantwild/images/tomato leaf/google_0452.jpg,Tomato___healthy,Cherry___healthy,0.885518
plantwild/extracted/plantwild/images/tomato leaf/google_0460.jpg,Tomato___healthy,Strawberry___Leaf_scorch,0.959414
plantwild/extracted/plantwild/images/tomato leaf/google_0461.jpg,Tomato___healthy,Cherry___healthy,0.758213
plantwild/extracted/plantwild/images/tomato leaf/google_0468.jpg,Tomato___healthy,"Pepper,_bell___healthy",0.955479
plantwild/extracted/plantwild/images/tomato leaf/google_0469.jpg,Tomato___healthy,"Pepper,_bell___healthy",0.946265
plantwild/extracted/plantwild/images/tomato leaf/google_0471.jpg,Tomato___healthy,Strawberry___Leaf_scorch,0.361465
plantwild/extracted/plantwild/images/tomato leaf/google_0477.jpg,Tomato___healthy,"Pepper,_bell___healthy",0.836144
plantwild/extracted/plantwild/images/tomato leaf/google_0478.jpg,Tomato___healthy,"Pepper,_bell___healthy",0.931061
plantwild/extracted/plantwild/images/tomato leaf/google_0481.jpg,Tomato___healthy,"Pepper,_bell___healthy",0.911197
plantwild/extracted/plantwild/images/tomato leaf/google_0482.jpg,Tomato___healthy,"Pepper,_bell___healthy",0.963657
plantwild/extracted/plantwild/images/tomato leaf/google_0490.jpg,Tomato___healthy,Strawberry___Leaf_scorch,0.799834
plantwild/extracted/plantwild/images/tomato leaf/google_0503.jpg,Tomato___healthy,Strawberry___Leaf_scorch,0.948015
plantwild/extracted/plantwild/images/tomato leaf/google_0519.jpg,Tomato___healthy,"Pepper,_bell___healthy",0.873297
plantwild/extracted/plantwild/images/tomato leaf/google_0521.jpg,Tomato___healthy,Tomato___Tomato_Yellow_Leaf_Curl_Virus,0.601181
plantwild/extracted/plantwild/images/tomato leaf/google_0526.jpg,Tomato___healthy,Tomato___Tomato_Yellow_Leaf_Curl_Virus,0.738760
plantwild/extracted/plantwild/images/tomato leaf/google_0530.jpg,Tomato___healthy,Cherry___healthy,0.796157
plantwild/extracted/plantwild/images/tomato leaf/google_0542.jpg,Tomato___healthy,Cherry___healthy,0.714241
plantwild/extracted/plantwild/images/tomato leaf/google_0550.jpg,Tomato___healthy,"Pepper,_bell___healthy",0.766361
plantwild/extracted/plantwild/images/tomato leaf/google_0564.jpg,Tomato___healthy,Strawberry___Leaf_scorch,0.512509
plantwild/extracted/plantwild/images/tomato leaf/google_0571.jpg,Tomato___healthy,"Pepper,_bell___healthy",0.384241
plantwild/extracted/plantwild/images/tomato leaf/google_0575.jpg,Tomato___healthy,"Pepper,_bell___healthy",0.933034
plantwild/extracted/plantwild/images/tomato leaf/google_0577.jpg,Tomato___healthy,"Pepper,_bell___healthy",0.956972
plantwild/extracted/plantwild/images/tomato leaf/google_0584.jpg,Tomato___healthy,"Pepper,_bell___healthy",0.904487
plantwild/extracted/plantwild/images/tomato leaf/google_0589.jpg,Tomato___healthy,"Pepper,_bell___healthy",0.867925
plantwild/extracted/plantwild/images/tomato leaf/google_0593.jpg,Tomato___healthy,"Pepper,_bell___healthy",0.935144
plantwild/extracted/plantwild/images/tomato leaf/google_0594.jpg,Tomato___healthy,"Pepper,_bell___healthy",0.952767
plantwild/extracted/plantwild/images/tomato leaf/google_0598.jpg,Tomato___healthy,"Pepper,_bell___healthy",0.893926
plantwild/extracted/plantwild/images/tomato leaf/google_0607.jpg,Tomato___healthy,"Pepper,_bell___healthy",0.723111
plantwild/extracted/plantwild/images/tomato leaf/google_0612.jpg,Tomato___healthy,Grape___Esca_(Black_Measles),0.902916
plantwild/extracted/plantwild/images/tomato leaf/google_0629.jpg,Tomato___healthy,"Pepper,_bell___healthy",0.923075
plantwild/extracted/plantwild/images/tomato leaf/google_0631.jpg,Tomato___healthy,Tomato___Tomato_Yellow_Leaf_Curl_Virus,0.623803
plantwild/extracted/plantwild/images/tomato leaf/google_0635.jpg,Tomato___healthy,Corn___healthy,0.332403
plantwild/extracted/plantwild/images/tomato leaf mold/1.jpg,Tomato___Leaf_Mold,"Pepper,_bell___healthy",0.335282
plantwild/extracted/plantwild/images/tomato leaf mold/10.jpg,Tomato___Leaf_Mold,Strawberry___Leaf_scorch,0.518073
plantwild/extracted/plantwild/images/tomato leaf mold/108.jpg,Tomato___Leaf_Mold,"Pepper,_bell___healthy",0.928696
plantwild/extracted/plantwild/images/tomato leaf mold/12.jpg,Tomato___Leaf_Mold,Strawberry___Leaf_scorch,0.428116
plantwild/extracted/plantwild/images/tomato leaf mold/13.jpg,Tomato___Leaf_Mold,"Pepper,_bell___healthy",0.874038
plantwild/extracted/plantwild/images/tomato leaf mold/136.jpg,Tomato___Leaf_Mold,Tomato___Late_blight,0.871123
plantwild/extracted/plantwild/images/tomato leaf mold/137.jpg,Tomato___Leaf_Mold,Grape___Esca_(Black_Measles),0.558306
plantwild/extracted/plantwild/images/tomato leaf mold/14.jpg,Tomato___Leaf_Mold,Corn___healthy,0.723488
plantwild/extracted/plantwild/images/tomato leaf mold/140.jpg,Tomato___Leaf_Mold,"Pepper,_bell___healthy",0.961827
plantwild/extracted/plantwild/images/tomato leaf mold/141.jpg,Tomato___Leaf_Mold,"Pepper,_bell___healthy",0.484775
plantwild/extracted/plantwild/images/tomato leaf mold/142.jpg,Tomato___Leaf_Mold,"Pepper,_bell___healthy",0.679839
plantwild/extracted/plantwild/images/tomato leaf mold/143.jpg,Tomato___Leaf_Mold,Corn___Northern_Leaf_Blight,0.248286
plantwild/extracted/plantwild/images/tomato leaf mold/144.jpg,Tomato___Leaf_Mold,Corn___healthy,0.513726
plantwild/extracted/plantwild/images/tomato leaf mold/148.jpg,Tomato___Leaf_Mold,"Pepper,_bell___healthy",0.933309
plantwild/extracted/plantwild/images/tomato leaf mold/149.jpg,Tomato___Leaf_Mold,"Pepper,_bell___healthy",0.878774
plantwild/extracted/plantwild/images/tomato leaf mold/150.jpg,Tomato___Leaf_Mold,Tomato___Late_blight,0.944736
plantwild/extracted/plantwild/images/tomato leaf mold/151.jpg,Tomato___Leaf_Mold,"Pepper,_bell___healthy",0.370480
plantwild/extracted/plantwild/images/tomato leaf mold/152.jpg,Tomato___Leaf_Mold,Tomato___Late_blight,0.562206
plantwild/extracted/plantwild/images/tomato leaf mold/154.jpg,Tomato___Leaf_Mold,Apple___Apple_scab,0.413792
plantwild/extracted/plantwild/images/tomato leaf mold/155.jpg,Tomato___Leaf_Mold,Tomato___Late_blight,0.832460
plantwild/extracted/plantwild/images/tomato leaf mold/16.jpg,Tomato___Leaf_Mold,"Pepper,_bell___healthy",0.949594
plantwild/extracted/plantwild/images/tomato leaf mold/160.jpg,Tomato___Leaf_Mold,Corn___healthy,0.695602
plantwild/extracted/plantwild/images/tomato leaf mold/161.jpg,Tomato___Leaf_Mold,"Pepper,_bell___healthy",0.672520
plantwild/extracted/plantwild/images/tomato leaf mold/163.jpg,Tomato___Leaf_Mold,Tomato___Late_blight,0.819654
plantwild/extracted/plantwild/images/tomato leaf mold/164.jpg,Tomato___Leaf_Mold,"Pepper,_bell___healthy",0.342667
plantwild/extracted/plantwild/images/tomato leaf mold/166.jpg,Tomato___Leaf_Mold,Cherry___healthy,0.594617
plantwild/extracted/plantwild/images/tomato leaf mold/167.jpg,Tomato___Leaf_Mold,Strawberry___Leaf_scorch,0.937248
plantwild/extracted/plantwild/images/tomato leaf mold/169.jpg,Tomato___Leaf_Mold,Cherry___healthy,0.638490
plantwild/extracted/plantwild/images/tomato leaf mold/17.jpg,Tomato___Leaf_Mold,"Pepper,_bell___healthy",0.470574
plantwild/extracted/plantwild/images/tomato leaf mold/170.jpg,Tomato___Leaf_Mold,"Pepper,_bell___healthy",0.962186
plantwild/extracted/plantwild/images/tomato leaf mold/171.jpg,Tomato___Leaf_Mold,Tomato___Late_blight,0.852183
plantwild/extracted/plantwild/images/tomato leaf mold/172.jpg,Tomato___Leaf_Mold,"Pepper,_bell___healthy",0.551755
plantwild/extracted/plantwild/images/tomato leaf mold/173.jpg,Tomato___Leaf_Mold,Tomato___Late_blight,0.858944
plantwild/extracted/plantwild/images/tomato leaf mold/174.jpg,Tomato___Leaf_Mold,"Pepper,_bell___healthy",0.296177
plantwild/extracted/plantwild/images/tomato leaf mold/175.jpg,Tomato___Leaf_Mold,Cherry___healthy,0.578692
plantwild/extracted/plantwild/images/tomato leaf mold/178.jpg,Tomato___Leaf_Mold,"Pepper,_bell___healthy",0.907711
plantwild/extracted/plantwild/images/tomato leaf mold/18.jpg,Tomato___Leaf_Mold,Cherry___healthy,0.689782
plantwild/extracted/plantwild/images/tomato leaf mold/180.jpg,Tomato___Leaf_Mold,"Pepper,_bell___healthy",0.913202
plantwild/extracted/plantwild/images/tomato leaf mold/181.jpg,Tomato___Leaf_Mold,"Pepper,_bell___healthy",0.654194
plantwild/extracted/plantwild/images/tomato leaf mold/182.jpg,Tomato___Leaf_Mold,"Pepper,_bell___healthy",0.930229
plantwild/extracted/plantwild/images/tomato leaf mold/183.jpg,Tomato___Leaf_Mold,Corn___healthy,0.827366
plantwild/extracted/plantwild/images/tomato leaf mold/184.jpg,Tomato___Leaf_Mold,"Pepper,_bell___healthy",0.931203
plantwild/extracted/plantwild/images/tomato leaf mold/186.jpg,Tomato___Leaf_Mold,"Pepper,_bell___healthy",0.391398
plantwild/extracted/plantwild/images/tomato leaf mold/189.jpg,Tomato___Leaf_Mold,Corn___healthy,0.654254
plantwild/extracted/plantwild/images/tomato leaf mold/19.jpg,Tomato___Leaf_Mold,Tomato___Late_blight,0.687437
plantwild/extracted/plantwild/images/tomato leaf mold/190.jpg,Tomato___Leaf_Mold,"Pepper,_bell___healthy",0.842382
plantwild/extracted/plantwild/images/tomato leaf mold/195.jpg,Tomato___Leaf_Mold,Strawberry___Leaf_scorch,0.927401
plantwild/extracted/plantwild/images/tomato leaf mold/196.jpg,Tomato___Leaf_Mold,"Pepper,_bell___healthy",0.576480
plantwild/extracted/plantwild/images/tomato leaf mold/197.jpg,Tomato___Leaf_Mold,Cherry___healthy,0.932126
plantwild/extracted/plantwild/images/tomato leaf mold/198.jpg,Tomato___Leaf_Mold,Tomato___Late_blight,0.832452
plantwild/extracted/plantwild/images/tomato leaf mold/20.jpg,Tomato___Leaf_Mold,Cherry___healthy,0.760263
plantwild/extracted/plantwild/images/tomato leaf mold/200.jpg,Tomato___Leaf_Mold,Strawberry___Leaf_scorch,0.772747
plantwild/extracted/plantwild/images/tomato leaf mold/202.jpg,Tomato___Leaf_Mold,Tomato___Late_blight,0.914987
plantwild/extracted/plantwild/images/tomato leaf mold/203.jpg,Tomato___Leaf_Mold,"Pepper,_bell___healthy",0.914105
plantwild/extracted/plantwild/images/tomato leaf mold/204.jpg,Tomato___Leaf_Mold,Corn___healthy,0.948283
plantwild/extracted/plantwild/images/tomato leaf mold/205.jpg,Tomato___Leaf_Mold,Grape___Black_rot,0.809756
plantwild/extracted/plantwild/images/tomato leaf mold/207.jpg,Tomato___Leaf_Mold,Tomato___Late_blight,0.969211
plantwild/extracted/plantwild/images/tomato leaf mold/208.jpg,Tomato___Leaf_Mold,Strawberry___Leaf_scorch,0.456137
plantwild/extracted/plantwild/images/tomato leaf mold/209.jpg,Tomato___Leaf_Mold,Tomato___Late_blight,0.789435
plantwild/extracted/plantwild/images/tomato leaf mold/21.jpg,Tomato___Leaf_Mold,"Pepper,_bell___healthy",0.400867
plantwild/extracted/plantwild/images/tomato leaf mold/210.jpg,Tomato___Leaf_Mold,"Pepper,_bell___healthy",0.718190
plantwild/extracted/plantwild/images/tomato leaf mold/211.jpg,Tomato___Leaf_Mold,Tomato___Late_blight,0.935726
plantwild/extracted/plantwild/images/tomato leaf mold/215.jpg,Tomato___Leaf_Mold,Tomato___Late_blight,0.645332
plantwild/extracted/plantwild/images/tomato leaf mold/216.jpg,Tomato___Leaf_Mold,Tomato___Late_blight,0.299790
plantwild/extracted/plantwild/images/tomato leaf mold/217.jpg,Tomato___Leaf_Mold,Corn___healthy,0.334663
plantwild/extracted/plantwild/images/tomato leaf mold/219.jpg,Tomato___Leaf_Mold,"Pepper,_bell___healthy",0.367611
plantwild/extracted/plantwild/images/tomato leaf mold/22.jpg,Tomato___Leaf_Mold,Tomato___Late_blight,0.932859
plantwild/extracted/plantwild/images/tomato leaf mold/224.jpg,Tomato___Leaf_Mold,Cherry___healthy,0.762981
plantwild/extracted/plantwild/images/tomato leaf mold/225.jpg,Tomato___Leaf_Mold,Cherry___healthy,0.845705
plantwild/extracted/plantwild/images/tomato leaf mold/226.jpg,Tomato___Leaf_Mold,Cherry___healthy,0.805265
plantwild/extracted/plantwild/images/tomato leaf mold/227.jpg,Tomato___Leaf_Mold,Tomato___Late_blight,0.618099
plantwild/extracted/plantwild/images/tomato leaf mold/23.jpg,Tomato___Leaf_Mold,Cherry___healthy,0.683950
plantwild/extracted/plantwild/images/tomato leaf mold/230.jpg,Tomato___Leaf_Mold,Cherry___healthy,0.810988
plantwild/extracted/plantwild/images/tomato leaf mold/232.jpg,Tomato___Leaf_Mold,"Pepper,_bell___healthy",0.328564
plantwild/extracted/plantwild/images/tomato leaf mold/233.jpg,Tomato___Leaf_Mold,Cherry___healthy,0.670843
plantwild/extracted/plantwild/images/tomato leaf mold/235.jpg,Tomato___Leaf_Mold,Tomato___Late_blight,0.751153
plantwild/extracted/plantwild/images/tomato leaf mold/236.jpg,Tomato___Leaf_Mold,Tomato___Late_blight,0.964427
plantwild/extracted/plantwild/images/tomato leaf mold/239.jpg,Tomato___Leaf_Mold,Tomato___Late_blight,0.411429
plantwild/extracted/plantwild/images/tomato leaf mold/24.jpg,Tomato___Leaf_Mold,Tomato___Late_blight,0.913347
plantwild/extracted/plantwild/images/tomato leaf mold/240.jpg,Tomato___Leaf_Mold,Tomato___Late_blight,0.436470
plantwild/extracted/plantwild/images/tomato leaf mold/241.jpg,Tomato___Leaf_Mold,Tomato___Late_blight,0.898659
plantwild/extracted/plantwild/images/tomato leaf mold/243.jpg,Tomato___Leaf_Mold,Cherry___healthy,0.605346
plantwild/extracted/plantwild/images/tomato leaf mold/245.jpg,Tomato___Leaf_Mold,Tomato___Late_blight,0.501269
plantwild/extracted/plantwild/images/tomato leaf mold/247.jpg,Tomato___Leaf_Mold,Cherry___healthy,0.855324
plantwild/extracted/plantwild/images/tomato leaf mold/248.jpg,Tomato___Leaf_Mold,Tomato___Late_blight,0.586442
plantwild/extracted/plantwild/images/tomato leaf mold/25.jpg,Tomato___Leaf_Mold,Tomato___Late_blight,0.945121
plantwild/extracted/plantwild/images/tomato leaf mold/254.jpg,Tomato___Leaf_Mold,Cherry___healthy,0.686171
plantwild/extracted/plantwild/images/tomato leaf mold/259.jpg,Tomato___Leaf_Mold,Corn___healthy,0.473511
plantwild/extracted/plantwild/images/tomato leaf mold/262.jpg,Tomato___Leaf_Mold,Tomato___Late_blight,0.897357
plantwild/extracted/plantwild/images/tomato leaf mold/264.jpg,Tomato___Leaf_Mold,Strawberry___Leaf_scorch,0.381837
plantwild/extracted/plantwild/images/tomato leaf mold/265.jpg,Tomato___Leaf_Mold,Tomato___Late_blight,0.927001
plantwild/extracted/plantwild/images/tomato leaf mold/266.jpg,Tomato___Leaf_Mold,"Pepper,_bell___healthy",0.793654
plantwild/extracted/plantwild/images/tomato leaf mold/267.jpg,Tomato___Leaf_Mold,Tomato___Late_blight,0.967721
plantwild/extracted/plantwild/images/tomato leaf mold/268.jpg,Tomato___Leaf_Mold,"Pepper,_bell___healthy",0.673627
plantwild/extracted/plantwild/images/tomato leaf mold/269.jpg,Tomato___Leaf_Mold,"Pepper,_bell___healthy",0.931441
plantwild/extracted/plantwild/images/tomato leaf mold/271.jpg,Tomato___Leaf_Mold,Tomato___Late_blight,0.964731
plantwild/extracted/plantwild/images/tomato leaf mold/272 - Copy.jpg,Tomato___Leaf_Mold,Corn___healthy,0.955449
plantwild/extracted/plantwild/images/tomato leaf mold/272.jpg,Tomato___Leaf_Mold,Tomato___Late_blight,0.546512
plantwild/extracted/plantwild/images/tomato leaf mold/274.jpg,Tomato___Leaf_Mold,Strawberry___Leaf_scorch,0.737450
plantwild/extracted/plantwild/images/tomato leaf mold/275.jpg,Tomato___Leaf_Mold,"Pepper,_bell___healthy",0.655455
plantwild/extracted/plantwild/images/tomato leaf mold/277.jpg,Tomato___Leaf_Mold,"Pepper,_bell___healthy",0.824882
plantwild/extracted/plantwild/images/tomato leaf mold/278.jpg,Tomato___Leaf_Mold,Cherry___healthy,0.487171
plantwild/extracted/plantwild/images/tomato leaf mold/279.jpg,Tomato___Leaf_Mold,Tomato___Late_blight,0.952619
plantwild/extracted/plantwild/images/tomato leaf mold/28.jpg,Tomato___Leaf_Mold,"Pepper,_bell___healthy",0.661378
plantwild/extracted/plantwild/images/tomato leaf mold/281.jpg,Tomato___Leaf_Mold,Strawberry___Leaf_scorch,0.729118
plantwild/extracted/plantwild/images/tomato leaf mold/282.jpg,Tomato___Leaf_Mold,"Pepper,_bell___healthy",0.496289
plantwild/extracted/plantwild/images/tomato leaf mold/3.jpg,Tomato___Leaf_Mold,Tomato___Early_blight,0.918261
plantwild/extracted/plantwild/images/tomato leaf mold/30.jpg,Tomato___Leaf_Mold,"Pepper,_bell___healthy",0.875203
plantwild/extracted/plantwild/images/tomato leaf mold/31.jpg,Tomato___Leaf_Mold,"Pepper,_bell___healthy",0.816129
plantwild/extracted/plantwild/images/tomato leaf mold/32.jpg,Tomato___Leaf_Mold,Tomato___Late_blight,0.680921
plantwild/extracted/plantwild/images/tomato leaf mold/33.jpg,Tomato___Leaf_Mold,Strawberry___Leaf_scorch,0.844559
plantwild/extracted/plantwild/images/tomato leaf mold/34.jpg,Tomato___Leaf_Mold,Strawberry___Leaf_scorch,0.880847
plantwild/extracted/plantwild/images/tomato leaf mold/35.jpg,Tomato___Leaf_Mold,Tomato___Late_blight,0.964235
plantwild/extracted/plantwild/images/tomato leaf mold/38.jpg,Tomato___Leaf_Mold,"Pepper,_bell___healthy",0.923008
plantwild/extracted/plantwild/images/tomato leaf mold/39.jpg,Tomato___Leaf_Mold,Strawberry___Leaf_scorch,0.904391
plantwild/extracted/plantwild/images/tomato leaf mold/40.jpg,Tomato___Leaf_Mold,"Pepper,_bell___healthy",0.646449
plantwild/extracted/plantwild/images/tomato leaf mold/41.jpg,Tomato___Leaf_Mold,"Pepper,_bell___healthy",0.896074
plantwild/extracted/plantwild/images/tomato leaf mold/45.jpg,Tomato___Leaf_Mold,"Pepper,_bell___healthy",0.896845
plantwild/extracted/plantwild/images/tomato leaf mold/46.jpg,Tomato___Leaf_Mold,"Pepper,_bell___healthy",0.954286
plantwild/extracted/plantwild/images/tomato leaf mold/47.jpg,Tomato___Leaf_Mold,"Pepper,_bell___healthy",0.725769
plantwild/extracted/plantwild/images/tomato leaf mold/48.jpg,Tomato___Leaf_Mold,Tomato___Late_blight,0.956096
plantwild/extracted/plantwild/images/tomato leaf mold/5.jpg,Tomato___Leaf_Mold,Tomato___Late_blight,0.966631
plantwild/extracted/plantwild/images/tomato leaf mold/50.jpg,Tomato___Leaf_Mold,"Pepper,_bell___healthy",0.941921
plantwild/extracted/plantwild/images/tomato leaf mold/58 - Copy.jpg,Tomato___Leaf_Mold,Cherry___healthy,0.487080
plantwild/extracted/plantwild/images/tomato leaf mold/58.jpg,Tomato___Leaf_Mold,"Pepper,_bell___healthy",0.962104
plantwild/extracted/plantwild/images/tomato leaf mold/59.jpg,Tomato___Leaf_Mold,Tomato___Late_blight,0.455405
plantwild/extracted/plantwild/images/tomato leaf mold/60.jpg,Tomato___Leaf_Mold,"Pepper,_bell___healthy",0.907312
plantwild/extracted/plantwild/images/tomato leaf mold/62.jpg,Tomato___Leaf_Mold,"Pepper,_bell___healthy",0.936276
plantwild/extracted/plantwild/images/tomato leaf mold/63.jpg,Tomato___Leaf_Mold,Tomato___Leaf_Mold,0.601589
plantwild/extracted/plantwild/images/tomato leaf mold/64.jpg,Tomato___Leaf_Mold,"Pepper,_bell___healthy",0.857184
plantwild/extracted/plantwild/images/tomato leaf mold/65.jpg,Tomato___Leaf_Mold,"Pepper,_bell___healthy",0.934144
plantwild/extracted/plantwild/images/tomato leaf mold/66.jpg,Tomato___Leaf_Mold,"Pepper,_bell___healthy",0.552908
plantwild/extracted/plantwild/images/tomato leaf mold/69 - Copy (2).jpg,Tomato___Leaf_Mold,Corn___healthy,0.693151
plantwild/extracted/plantwild/images/tomato leaf mold/69 - Copy (3).jpg,Tomato___Leaf_Mold,Strawberry___Leaf_scorch,0.957379
plantwild/extracted/plantwild/images/tomato leaf mold/69 - Copy.jpg,Tomato___Leaf_Mold,Tomato___Late_blight,0.438077
plantwild/extracted/plantwild/images/tomato leaf mold/69.jpg,Tomato___Leaf_Mold,Strawberry___Leaf_scorch,0.962025
plantwild/extracted/plantwild/images/tomato leaf mold/7.jpg,Tomato___Leaf_Mold,"Pepper,_bell___healthy",0.895945
plantwild/extracted/plantwild/images/tomato leaf mold/71.jpg,Tomato___Leaf_Mold,Cherry___healthy,0.238625
plantwild/extracted/plantwild/images/tomato leaf mold/74.jpg,Tomato___Leaf_Mold,Corn___healthy,0.944580
plantwild/extracted/plantwild/images/tomato leaf mold/77.jpg,Tomato___Leaf_Mold,Strawberry___Leaf_scorch,0.378884
plantwild/extracted/plantwild/images/tomato leaf mold/80.jpg,Tomato___Leaf_Mold,Strawberry___Leaf_scorch,0.926022
plantwild/extracted/plantwild/images/tomato leaf mold/83.jpg,Tomato___Leaf_Mold,Cherry___healthy,0.401381
plantwild/extracted/plantwild/images/tomato leaf mold/86.jpg,Tomato___Leaf_Mold,Strawberry___Leaf_scorch,0.581212
plantwild/extracted/plantwild/images/tomato leaf mold/87.jpg,Tomato___Leaf_Mold,Tomato___Late_blight,0.340621
plantwild/extracted/plantwild/images/tomato leaf mold/88.jpg,Tomato___Leaf_Mold,Tomato___Late_blight,0.839861
plantwild/extracted/plantwild/images/tomato leaf mold/89.jpg,Tomato___Leaf_Mold,"Pepper,_bell___healthy",0.410427
plantwild/extracted/plantwild/images/tomato leaf mold/9.jpg,Tomato___Leaf_Mold,Strawberry___Leaf_scorch,0.739625
plantwild/extracted/plantwild/images/tomato leaf mold/91.jpg,Tomato___Leaf_Mold,Cherry___Powdery_mildew,0.835155
plantwild/extracted/plantwild/images/tomato leaf mold/92.jpg,Tomato___Leaf_Mold,Strawberry___Leaf_scorch,0.869208
plantwild/extracted/plantwild/images/tomato leaf mold/94.jpg,Tomato___Leaf_Mold,"Pepper,_bell___healthy",0.941311
plantwild/extracted/plantwild/images/tomato leaf mold/99.jpg,Tomato___Leaf_Mold,Tomato___Early_blight,0.923392
plantwild/extracted/plantwild/images/tomato leaf mold/google_0001.jpg,Tomato___Leaf_Mold,Tomato___Leaf_Mold,0.567359
plantwild/extracted/plantwild/images/tomato leaf mold/google_0002.jpg,Tomato___Leaf_Mold,"Pepper,_bell___healthy",0.367586
plantwild/extracted/plantwild/images/tomato leaf mold/google_0006.jpg,Tomato___Leaf_Mold,Corn___healthy,0.959691
plantwild/extracted/plantwild/images/tomato leaf mold/google_0007 - Copy.jpg,Tomato___Leaf_Mold,"Pepper,_bell___healthy",0.599582
plantwild/extracted/plantwild/images/tomato leaf mold/google_0007.jpg,Tomato___Leaf_Mold,Corn___healthy,0.718482
plantwild/extracted/plantwild/images/tomato leaf mold/google_0008.jpg,Tomato___Leaf_Mold,"Pepper,_bell___healthy",0.944954
plantwild/extracted/plantwild/images/tomato leaf mold/google_0009.jpg,Tomato___Leaf_Mold,Tomato___Leaf_Mold,0.966305
plantwild/extracted/plantwild/images/tomato leaf mold/google_0012.jpg,Tomato___Leaf_Mold,Strawberry___Leaf_scorch,0.941300
plantwild/extracted/plantwild/images/tomato leaf mold/google_0013.jpg,Tomato___Leaf_Mold,"Pepper,_bell___healthy",0.788607
plantwild/extracted/plantwild/images/tomato leaf mold/google_0016.jpg,Tomato___Leaf_Mold,"Pepper,_bell___healthy",0.931528
plantwild/extracted/plantwild/images/tomato leaf mold/google_0017.jpg,Tomato___Leaf_Mold,Tomato___Late_blight,0.509946
plantwild/extracted/plantwild/images/tomato leaf mold/google_0019 - Copy.jpg,Tomato___Leaf_Mold,Grape___Esca_(Black_Measles),0.585729
plantwild/extracted/plantwild/images/tomato leaf mold/google_0019.jpg,Tomato___Leaf_Mold,Tomato___Late_blight,0.962781
plantwild/extracted/plantwild/images/tomato leaf mold/google_0020.jpg,Tomato___Leaf_Mold,"Pepper,_bell___healthy",0.959396
plantwild/extracted/plantwild/images/tomato leaf mold/google_0022.jpg,Tomato___Leaf_Mold,Strawberry___Leaf_scorch,0.617442
plantwild/extracted/plantwild/images/tomato leaf mold/google_0024.jpg,Tomato___Leaf_Mold,Tomato___Late_blight,0.307662
plantwild/extracted/plantwild/images/tomato leaf mold/google_0028.jpg,Tomato___Leaf_Mold,"Pepper,_bell___healthy",0.363571
plantwild/extracted/plantwild/images/tomato leaf mold/google_0030.jpg,Tomato___Leaf_Mold,Cherry___healthy,0.312208
plantwild/extracted/plantwild/images/tomato leaf mold/google_0032.jpg,Tomato___Leaf_Mold,"Pepper,_bell___healthy",0.849660
plantwild/extracted/plantwild/images/tomato leaf mold/google_0036.jpg,Tomato___Leaf_Mold,Tomato___Leaf_Mold,0.966867
plantwild/extracted/plantwild/images/tomato leaf mold/google_0038.jpg,Tomato___Leaf_Mold,"Pepper,_bell___healthy",0.896237
plantwild/extracted/plantwild/images/tomato leaf mold/google_0042.jpg,Tomato___Leaf_Mold,Tomato___Leaf_Mold,0.703234
plantwild/extracted/plantwild/images/tomato leaf mold/google_0045.jpg,Tomato___Leaf_Mold,Corn___healthy,0.831397
plantwild/extracted/plantwild/images/tomato leaf mold/google_0048.jpg,Tomato___Leaf_Mold,Corn___healthy,0.632059
plantwild/extracted/plantwild/images/tomato leaf mold/google_0049.jpg,Tomato___Leaf_Mold,"Pepper,_bell___healthy",0.953043
plantwild/extracted/plantwild/images/tomato leaf mold/google_0051.jpg,Tomato___Leaf_Mold,Tomato___Late_blight,0.876089
plantwild/extracted/plantwild/images/tomato leaf mold/google_0054.jpg,Tomato___Leaf_Mold,"Pepper,_bell___healthy",0.339542
plantwild/extracted/plantwild/images/tomato leaf mold/google_0055.jpg,Tomato___Leaf_Mold,Cherry___healthy,0.542956
plantwild/extracted/plantwild/images/tomato leaf mold/google_0056.jpg,Tomato___Leaf_Mold,Strawberry___Leaf_scorch,0.460112
plantwild/extracted/plantwild/images/tomato leaf mold/google_0061.jpg,Tomato___Leaf_Mold,"Pepper,_bell___healthy",0.470942
plantwild/extracted/plantwild/images/tomato leaf mold/google_0063 - Copy.jpg,Tomato___Leaf_Mold,"Pepper,_bell___healthy",0.695731
plantwild/extracted/plantwild/images/tomato leaf mold/google_0063.jpg,Tomato___Leaf_Mold,Tomato___healthy,0.944366
plantwild/extracted/plantwild/images/tomato leaf mold/google_0067.jpg,Tomato___Leaf_Mold,"Pepper,_bell___healthy",0.871672
plantwild/extracted/plantwild/images/tomato leaf mold/google_0070.jpg,Tomato___Leaf_Mold,"Pepper,_bell___healthy",0.486753
plantwild/extracted/plantwild/images/tomato leaf mold/google_0072.jpg,Tomato___Leaf_Mold,"Pepper,_bell___healthy",0.769216
plantwild/extracted/plantwild/images/tomato leaf mold/google_0083.jpg,Tomato___Leaf_Mold,"Pepper,_bell___healthy",0.838108
plantwild/extracted/plantwild/images/tomato leaf mold/google_0101.jpg,Tomato___Leaf_Mold,Tomato___Tomato_mosaic_virus,0.968514
plantwild/extracted/plantwild/images/tomato leaf mold/google_0104 - Copy.jpg,Tomato___Leaf_Mold,Tomato___Late_blight,0.511633
plantwild/extracted/plantwild/images/tomato leaf mold/google_0104.jpg,Tomato___Leaf_Mold,Tomato___Late_blight,0.967669
plantwild/extracted/plantwild/images/tomato leaf mold/google_0105.jpg,Tomato___Leaf_Mold,"Pepper,_bell___healthy",0.850453
plantwild/extracted/plantwild/images/tomato leaf mold/google_0110.jpg,Tomato___Leaf_Mold,Tomato___Leaf_Mold,0.967234
plantwild/extracted/plantwild/images/tomato leaf mold/google_0111.jpg,Tomato___Leaf_Mold,"Pepper,_bell___healthy",0.444520
plantwild/extracted/plantwild/images/tomato leaf mold/google_0116 - Copy.jpg,Tomato___Leaf_Mold,Tomato___Leaf_Mold,0.966675
plantwild/extracted/plantwild/images/tomato leaf mold/google_0116.jpg,Tomato___Leaf_Mold,Tomato___Leaf_Mold,0.966601
plantwild/extracted/plantwild/images/tomato leaf mold/google_0122.jpg,Tomato___Leaf_Mold,Tomato___Late_blight,0.927159
plantwild/extracted/plantwild/images/tomato leaf mold/google_0123.jpg,Tomato___Leaf_Mold,Tomato___Late_blight,0.266036
plantwild/extracted/plantwild/images/tomato leaf mold/google_0125.jpg,Tomato___Leaf_Mold,Cherry___healthy,0.674870
plantwild/extracted/plantwild/images/tomato leaf mold/google_0127.jpg,Tomato___Leaf_Mold,"Pepper,_bell___healthy",0.909532
plantwild/extracted/plantwild/images/tomato leaf mold/google_0129.jpg,Tomato___Leaf_Mold,Tomato___Late_blight,0.851369
plantwild/extracted/plantwild/images/tomato leaf mold/google_0131 - Copy (2).jpg,Tomato___Leaf_Mold,Tomato___Leaf_Mold,0.966091
plantwild/extracted/plantwild/images/tomato leaf mold/google_0131 - Copy.jpg,Tomato___Leaf_Mold,Tomato___Leaf_Mold,0.967746
plantwild/extracted/plantwild/images/tomato leaf mold/google_0131.jpg,Tomato___Leaf_Mold,Tomato___Leaf_Mold,0.967247
plantwild/extracted/plantwild/images/tomato leaf mold/google_0135.jpg,Tomato___Leaf_Mold,"Pepper,_bell___healthy",0.473390
plantwild/extracted/plantwild/images/tomato leaf mold/google_0142.jpg,Tomato___Leaf_Mold,Tomato___Leaf_Mold,0.967239
plantwild/extracted/plantwild/images/tomato leaf mold/google_0152.jpg,Tomato___Leaf_Mold,"Pepper,_bell___Bacterial_spot",0.460037
plantwild/extracted/plantwild/images/tomato leaf mold/google_0153.jpg,Tomato___Leaf_Mold,Corn___healthy,0.918265
plantwild/extracted/plantwild/images/tomato leaf mold/google_0174 - Copy.jpg,Tomato___Leaf_Mold,Tomato___Tomato_Yellow_Leaf_Curl_Virus,0.412433
plantwild/extracted/plantwild/images/tomato leaf mold/google_0174.jpg,Tomato___Leaf_Mold,Corn___healthy,0.831213
plantwild/extracted/plantwild/images/tomato leaf mold/google_0175.jpg,Tomato___Leaf_Mold,Tomato___Leaf_Mold,0.966917
plantwild/extracted/plantwild/images/tomato leaf mold/google_0176.jpg,Tomato___Leaf_Mold,Tomato___Leaf_Mold,0.722496
plantwild/extracted/plantwild/images/tomato leaf mold/google_0177.jpg,Tomato___Leaf_Mold,Strawberry___Leaf_scorch,0.809717
plantwild/extracted/plantwild/images/tomato leaf mold/google_0178.jpg,Tomato___Leaf_Mold,Tomato___Leaf_Mold,0.961890
plantwild/extracted/plantwild/images/tomato leaf mold/google_0185 - Copy (2).jpg,Tomato___Leaf_Mold,Tomato___Tomato_Yellow_Leaf_Curl_Virus,0.857271
plantwild/extracted/plantwild/images/tomato leaf mold/google_0185 - Copy (3).jpg,Tomato___Leaf_Mold,Tomato___Tomato_Yellow_Leaf_Curl_Virus,0.965132
plantwild/extracted/plantwild/images/tomato leaf mold/google_0185 - Copy.jpg,Tomato___Leaf_Mold,Tomato___Leaf_Mold,0.956964
plantwild/extracted/plantwild/images/tomato leaf mold/google_0185.jpg,Tomato___Leaf_Mold,Tomato___Leaf_Mold,0.968176
plantwild/extracted/plantwild/images/tomato leaf mold/google_0216.jpg,Tomato___Leaf_Mold,"Pepper,_bell___healthy",0.456562
plantwild/extracted/plantwild/images/tomato leaf mold/google_0220.jpg,Tomato___Leaf_Mold,Strawberry___Leaf_scorch,0.823084
plantwild/extracted/plantwild/images/tomato leaf mold/google_0222.jpg,Tomato___Leaf_Mold,Tomato___Leaf_Mold,0.967372
plantwild/extracted/plantwild/images/tomato leaf mold/google_0226.jpg,Tomato___Leaf_Mold,Tomato___Leaf_Mold,0.963996
plantwild/extracted/plantwild/images/tomato leaf mold/google_0246.jpg,Tomato___Leaf_Mold,Tomato___Late_blight,0.956501
plantwild/extracted/plantwild/images/tomato leaf mold/google_0254.jpg,Tomato___Leaf_Mold,Tomato___Leaf_Mold,0.966894
plantwild/extracted/plantwild/images/tomato leaf mold/google_0257.jpg,Tomato___Leaf_Mold,Strawberry___Leaf_scorch,0.878218
plantwild/extracted/plantwild/images/tomato leaf mold/google_0260.jpg,Tomato___Leaf_Mold,Strawberry___Leaf_scorch,0.952366
plantwild/extracted/plantwild/images/tomato leaf mold/google_0261.jpg,Tomato___Leaf_Mold,Corn___healthy,0.795365
plantwild/extracted/plantwild/images/tomato leaf mold/google_0262.jpg,Tomato___Leaf_Mold,"Pepper,_bell___healthy",0.960300
plantwild/extracted/plantwild/images/tomato leaf mold/google_0267.jpg,Tomato___Leaf_Mold,Tomato___Late_blight,0.413163
plantwild/extracted/plantwild/images/tomato leaf mold/google_0277.jpg,Tomato___Leaf_Mold,"Pepper,_bell___healthy",0.814429
plantwild/extracted/plantwild/images/tomato leaf mold/google_0282.jpg,Tomato___Leaf_Mold,"Pepper,_bell___healthy",0.933376
plantwild/extracted/plantwild/images/tomato leaf mold/google_0283.jpg,Tomato___Leaf_Mold,Tomato___Tomato_Yellow_Leaf_Curl_Virus,0.515013
plantwild/extracted/plantwild/images/tomato leaf mold/google_0284.jpg,Tomato___Leaf_Mold,Tomato___Leaf_Mold,0.963561
plantwild/extracted/plantwild/images/tomato leaf mold/google_0286.jpg,Tomato___Leaf_Mold,"Pepper,_bell___healthy",0.867935
plantwild/extracted/plantwild/images/tomato leaf mold/google_0293.jpg,Tomato___Leaf_Mold,Tomato___Late_blight,0.962542
plantwild/extracted/plantwild/images/tomato leaf mold/google_0304.jpg,Tomato___Leaf_Mold,"Pepper,_bell___healthy",0.544376
plantwild/extracted/plantwild/images/tomato leaf mold/google_0306.jpg,Tomato___Leaf_Mold,"Pepper,_bell___healthy",0.947876
plantwild/extracted/plantwild/images/tomato leaf mold/google_0308 - Copy (2).jpg,Tomato___Leaf_Mold,"Pepper,_bell___healthy",0.913248
plantwild/extracted/plantwild/images/tomato leaf mold/google_0308 - Copy.jpg,Tomato___Leaf_Mold,"Pepper,_bell___healthy",0.863178
plantwild/extracted/plantwild/images/tomato leaf mold/google_0308.jpg,Tomato___Leaf_Mold,"Pepper,_bell___healthy",0.917275
plantwild/extracted/plantwild/images/tomato mosaic virus/1.jpg,Tomato___Tomato_mosaic_virus,Cherry___healthy,0.940438
plantwild/extracted/plantwild/images/tomato mosaic virus/10.jpg,Tomato___Tomato_mosaic_virus,Strawberry___Leaf_scorch,0.911025
plantwild/extracted/plantwild/images/tomato mosaic virus/11.jpg,Tomato___Tomato_mosaic_virus,Tomato___Early_blight,0.951187
plantwild/extracted/plantwild/images/tomato mosaic virus/112.jpg,Tomato___Tomato_mosaic_virus,Cherry___healthy,0.278865
plantwild/extracted/plantwild/images/tomato mosaic virus/117.jpg,Tomato___Tomato_mosaic_virus,Cherry___healthy,0.735013
plantwild/extracted/plantwild/images/tomato mosaic virus/118.jpg,Tomato___Tomato_mosaic_virus,Cherry___healthy,0.952223
plantwild/extracted/plantwild/images/tomato mosaic virus/119.jpg,Tomato___Tomato_mosaic_virus,"Pepper,_bell___healthy",0.969942
plantwild/extracted/plantwild/images/tomato mosaic virus/125.jpg,Tomato___Tomato_mosaic_virus,Cherry___healthy,0.738741
plantwild/extracted/plantwild/images/tomato mosaic virus/127.jpg,Tomato___Tomato_mosaic_virus,Strawberry___Leaf_scorch,0.848706
plantwild/extracted/plantwild/images/tomato mosaic virus/129.jpg,Tomato___Tomato_mosaic_virus,"Pepper,_bell___healthy",0.946793
plantwild/extracted/plantwild/images/tomato mosaic virus/13.jpg,Tomato___Tomato_mosaic_virus,"Pepper,_bell___healthy",0.875971
plantwild/extracted/plantwild/images/tomato mosaic virus/132.jpg,Tomato___Tomato_mosaic_virus,"Pepper,_bell___healthy",0.746580
plantwild/extracted/plantwild/images/tomato mosaic virus/135.jpg,Tomato___Tomato_mosaic_virus,Cherry___healthy,0.831511
plantwild/extracted/plantwild/images/tomato mosaic virus/138.jpg,Tomato___Tomato_mosaic_virus,"Pepper,_bell___healthy",0.905955
plantwild/extracted/plantwild/images/tomato mosaic virus/139.jpg,Tomato___Tomato_mosaic_virus,"Pepper,_bell___healthy",0.951010
plantwild/extracted/plantwild/images/tomato mosaic virus/14.jpg,Tomato___Tomato_mosaic_virus,Cherry___healthy,0.891885
plantwild/extracted/plantwild/images/tomato mosaic virus/140.jpg,Tomato___Tomato_mosaic_virus,"Pepper,_bell___healthy",0.883779
plantwild/extracted/plantwild/images/tomato mosaic virus/143.jpg,Tomato___Tomato_mosaic_virus,Cherry___healthy,0.826023
plantwild/extracted/plantwild/images/tomato mosaic virus/147.jpg,Tomato___Tomato_mosaic_virus,Cherry___healthy,0.882258
plantwild/extracted/plantwild/images/tomato mosaic virus/15.jpg,Tomato___Tomato_mosaic_virus,"Pepper,_bell___healthy",0.943648
plantwild/extracted/plantwild/images/tomato mosaic virus/151.jpg,Tomato___Tomato_mosaic_virus,Cherry___healthy,0.862037
plantwild/extracted/plantwild/images/tomato mosaic virus/152.jpg,Tomato___Tomato_mosaic_virus,"Pepper,_bell___healthy",0.469465
plantwild/extracted/plantwild/images/tomato mosaic virus/153.jpg,Tomato___Tomato_mosaic_virus,"Pepper,_bell___healthy",0.525758
plantwild/extracted/plantwild/images/tomato mosaic virus/154.jpg,Tomato___Tomato_mosaic_virus,Strawberry___Leaf_scorch,0.588889
plantwild/extracted/plantwild/images/tomato mosaic virus/155.jpg,Tomato___Tomato_mosaic_virus,Corn___healthy,0.782929
plantwild/extracted/plantwild/images/tomato mosaic virus/158.jpg,Tomato___Tomato_mosaic_virus,Cherry___healthy,0.752697
plantwild/extracted/plantwild/images/tomato mosaic virus/16.jpg,Tomato___Tomato_mosaic_virus,Strawberry___Leaf_scorch,0.965857
plantwild/extracted/plantwild/images/tomato mosaic virus/162.jpg,Tomato___Tomato_mosaic_virus,Squash___Powdery_mildew,0.436171
plantwild/extracted/plantwild/images/tomato mosaic virus/167.jpg,Tomato___Tomato_mosaic_virus,Strawberry___Leaf_scorch,0.949860
plantwild/extracted/plantwild/images/tomato mosaic virus/168.jpg,Tomato___Tomato_mosaic_virus,Cherry___healthy,0.913364
plantwild/extracted/plantwild/images/tomato mosaic virus/169.jpg,Tomato___Tomato_mosaic_virus,"Pepper,_bell___healthy",0.258709
plantwild/extracted/plantwild/images/tomato mosaic virus/17.jpg,Tomato___Tomato_mosaic_virus,"Pepper,_bell___healthy",0.840782
plantwild/extracted/plantwild/images/tomato mosaic virus/170.jpg,Tomato___Tomato_mosaic_virus,Cherry___healthy,0.323673
plantwild/extracted/plantwild/images/tomato mosaic virus/171.jpg,Tomato___Tomato_mosaic_virus,Cherry___healthy,0.645912
plantwild/extracted/plantwild/images/tomato mosaic virus/173.jpg,Tomato___Tomato_mosaic_virus,"Pepper,_bell___healthy",0.579719
plantwild/extracted/plantwild/images/tomato mosaic virus/176.jpg,Tomato___Tomato_mosaic_virus,"Pepper,_bell___healthy",0.650522
plantwild/extracted/plantwild/images/tomato mosaic virus/177.jpg,Tomato___Tomato_mosaic_virus,Cherry___healthy,0.902488
plantwild/extracted/plantwild/images/tomato mosaic virus/179.jpg,Tomato___Tomato_mosaic_virus,Cherry___healthy,0.804272
plantwild/extracted/plantwild/images/tomato mosaic virus/18.jpg,Tomato___Tomato_mosaic_virus,Cherry___healthy,0.602188
plantwild/extracted/plantwild/images/tomato mosaic virus/182.jpg,Tomato___Tomato_mosaic_virus,"Pepper,_bell___healthy",0.588699
plantwild/extracted/plantwild/images/tomato mosaic virus/184.jpg,Tomato___Tomato_mosaic_virus,"Pepper,_bell___healthy",0.907730
plantwild/extracted/plantwild/images/tomato mosaic virus/188.jpg,Tomato___Tomato_mosaic_virus,"Pepper,_bell___healthy",0.912863
plantwild/extracted/plantwild/images/tomato mosaic virus/19.jpg,Tomato___Tomato_mosaic_virus,Cherry___healthy,0.732696
plantwild/extracted/plantwild/images/tomato mosaic virus/192.jpg,Tomato___Tomato_mosaic_virus,Cherry___healthy,0.875019
plantwild/extracted/plantwild/images/tomato mosaic virus/194.jpg,Tomato___Tomato_mosaic_virus,Strawberry___Leaf_scorch,0.924288
plantwild/extracted/plantwild/images/tomato mosaic virus/196.jpg,Tomato___Tomato_mosaic_virus,Cherry___healthy,0.922343
plantwild/extracted/plantwild/images/tomato mosaic virus/197.jpg,Tomato___Tomato_mosaic_virus,Strawberry___Leaf_scorch,0.908595
plantwild/extracted/plantwild/images/tomato mosaic virus/199.jpg,Tomato___Tomato_mosaic_virus,Strawberry___Leaf_scorch,0.903934
plantwild/extracted/plantwild/images/tomato mosaic virus/2.jpg,Tomato___Tomato_mosaic_virus,Strawberry___Leaf_scorch,0.812603
plantwild/extracted/plantwild/images/tomato mosaic virus/200.jpg,Tomato___Tomato_mosaic_virus,Cherry___healthy,0.420775
plantwild/extracted/plantwild/images/tomato mosaic virus/202.jpg,Tomato___Tomato_mosaic_virus,Cherry___healthy,0.734095
plantwild/extracted/plantwild/images/tomato mosaic virus/205.jpg,Tomato___Tomato_mosaic_virus,"Pepper,_bell___healthy",0.793153
plantwild/extracted/plantwild/images/tomato mosaic virus/206.jpg,Tomato___Tomato_mosaic_virus,Strawberry___Leaf_scorch,0.238569
plantwild/extracted/plantwild/images/tomato mosaic virus/209.jpg,Tomato___Tomato_mosaic_virus,Strawberry___Leaf_scorch,0.961886
plantwild/extracted/plantwild/images/tomato mosaic virus/21.jpg,Tomato___Tomato_mosaic_virus,Tomato___Early_blight,0.836239
plantwild/extracted/plantwild/images/tomato mosaic virus/212 - Copy.jpg,Tomato___Tomato_mosaic_virus,Cherry___healthy,0.874924
plantwild/extracted/plantwild/images/tomato mosaic virus/212.jpg,Tomato___Tomato_mosaic_virus,"Pepper,_bell___healthy",0.894644
plantwild/extracted/plantwild/images/tomato mosaic virus/217.jpg,Tomato___Tomato_mosaic_virus,Cherry___healthy,0.583626
plantwild/extracted/plantwild/images/tomato mosaic virus/218.jpg,Tomato___Tomato_mosaic_virus,Cherry___healthy,0.493285
plantwild/extracted/plantwild/images/tomato mosaic virus/22.jpg,Tomato___Tomato_mosaic_virus,"Pepper,_bell___healthy",0.412533
plantwild/extracted/plantwild/images/tomato mosaic virus/228.jpg,Tomato___Tomato_mosaic_virus,Strawberry___Leaf_scorch,0.965603
plantwild/extracted/plantwild/images/tomato mosaic virus/23.jpg,Tomato___Tomato_mosaic_virus,Tomato___Late_blight,0.912913
plantwild/extracted/plantwild/images/tomato mosaic virus/230.jpg,Tomato___Tomato_mosaic_virus,Corn___healthy,0.604674
plantwild/extracted/plantwild/images/tomato mosaic virus/233.jpg,Tomato___Tomato_mosaic_virus,"Pepper,_bell___healthy",0.916586
plantwild/extracted/plantwild/images/tomato mosaic virus/236.jpg,Tomato___Tomato_mosaic_virus,Cherry___healthy,0.734966
plantwild/extracted/plantwild/images/tomato mosaic virus/237.jpg,Tomato___Tomato_mosaic_virus,"Pepper,_bell___healthy",0.419006
plantwild/extracted/plantwild/images/tomato mosaic virus/24.jpg,Tomato___Tomato_mosaic_virus,Cherry___healthy,0.556015
plantwild/extracted/plantwild/images/tomato mosaic virus/245.jpg,Tomato___Tomato_mosaic_virus,"Pepper,_bell___healthy",0.933306
plantwild/extracted/plantwild/images/tomato mosaic virus/249.jpg,Tomato___Tomato_mosaic_virus,"Pepper,_bell___healthy",0.893761
plantwild/extracted/plantwild/images/tomato mosaic virus/25.jpg,Tomato___Tomato_mosaic_virus,Cherry___healthy,0.611229
plantwild/extracted/plantwild/images/tomato mosaic virus/251.jpg,Tomato___Tomato_mosaic_virus,Cherry___healthy,0.803128
plantwild/extracted/plantwild/images/tomato mosaic virus/259.jpg,Tomato___Tomato_mosaic_virus,Cherry___healthy,0.361227
plantwild/extracted/plantwild/images/tomato mosaic virus/264.jpg,Tomato___Tomato_mosaic_virus,Strawberry___Leaf_scorch,0.963535
plantwild/extracted/plantwild/images/tomato mosaic virus/28.jpg,Tomato___Tomato_mosaic_virus,"Pepper,_bell___healthy",0.491988
plantwild/extracted/plantwild/images/tomato mosaic virus/29.jpg,Tomato___Tomato_mosaic_virus,Cherry___healthy,0.595536
plantwild/extracted/plantwild/images/tomato mosaic virus/3.jpg,Tomato___Tomato_mosaic_virus,"Pepper,_bell___healthy",0.877647
plantwild/extracted/plantwild/images/tomato mosaic virus/30.jpg,Tomato___Tomato_mosaic_virus,Cherry___healthy,0.595536
plantwild/extracted/plantwild/images/tomato mosaic virus/32.jpg,Tomato___Tomato_mosaic_virus,"Pepper,_bell___healthy",0.787554
plantwild/extracted/plantwild/images/tomato mosaic virus/33.jpg,Tomato___Tomato_mosaic_virus,Corn___healthy,0.497964
plantwild/extracted/plantwild/images/tomato mosaic virus/35.jpg,Tomato___Tomato_mosaic_virus,Cherry___healthy,0.936649
plantwild/extracted/plantwild/images/tomato mosaic virus/38.jpg,Tomato___Tomato_mosaic_virus,Strawberry___Leaf_scorch,0.380128
plantwild/extracted/plantwild/images/tomato mosaic virus/4.jpg,Tomato___Tomato_mosaic_virus,Cherry___healthy,0.945004
plantwild/extracted/plantwild/images/tomato mosaic virus/41.jpg,Tomato___Tomato_mosaic_virus,"Pepper,_bell___healthy",0.342919
plantwild/extracted/plantwild/images/tomato mosaic virus/43.jpg,Tomato___Tomato_mosaic_virus,Strawberry___Leaf_scorch,0.422610
plantwild/extracted/plantwild/images/tomato mosaic virus/44.jpg,Tomato___Tomato_mosaic_virus,Cherry___healthy,0.879281
plantwild/extracted/plantwild/images/tomato mosaic virus/5.jpg,Tomato___Tomato_mosaic_virus,Tomato___Tomato_Yellow_Leaf_Curl_Virus,0.670064
plantwild/extracted/plantwild/images/tomato mosaic virus/55.jpg,Tomato___Tomato_mosaic_virus,Cherry___healthy,0.452211
plantwild/extracted/plantwild/images/tomato mosaic virus/58.jpg,Tomato___Tomato_mosaic_virus,Tomato___Late_blight,0.916651
plantwild/extracted/plantwild/images/tomato mosaic virus/59.jpg,Tomato___Tomato_mosaic_virus,Strawberry___Leaf_scorch,0.946077
plantwild/extracted/plantwild/images/tomato mosaic virus/6.jpg,Tomato___Tomato_mosaic_virus,Cherry___healthy,0.499773
plantwild/extracted/plantwild/images/tomato mosaic virus/7.jpg,Tomato___Tomato_mosaic_virus,Cherry___healthy,0.426366
plantwild/extracted/plantwild/images/tomato mosaic virus/70.jpg,Tomato___Tomato_mosaic_virus,Strawberry___Leaf_scorch,0.405413
plantwild/extracted/plantwild/images/tomato mosaic virus/79.jpg,Tomato___Tomato_mosaic_virus,Cherry___healthy,0.822339
plantwild/extracted/plantwild/images/tomato mosaic virus/9.jpg,Tomato___Tomato_mosaic_virus,Cherry___healthy,0.816347
plantwild/extracted/plantwild/images/tomato mosaic virus/google_0001 - Copy (2).jpg,Tomato___Tomato_mosaic_virus,Tomato___Late_blight,0.950392
plantwild/extracted/plantwild/images/tomato mosaic virus/google_0001 - Copy (3).jpg,Tomato___Tomato_mosaic_virus,Tomato___Late_blight,0.964590
plantwild/extracted/plantwild/images/tomato mosaic virus/google_0001 - Copy.jpg,Tomato___Tomato_mosaic_virus,Tomato___Late_blight,0.967361
plantwild/extracted/plantwild/images/tomato mosaic virus/google_0001.jpg,Tomato___Tomato_mosaic_virus,"Pepper,_bell___healthy",0.922666
plantwild/extracted/plantwild/images/tomato mosaic virus/google_0004.jpg,Tomato___Tomato_mosaic_virus,Cherry___healthy,0.819892
plantwild/extracted/plantwild/images/tomato mosaic virus/google_0005.jpg,Tomato___Tomato_mosaic_virus,Cherry___healthy,0.505462
plantwild/extracted/plantwild/images/tomato mosaic virus/google_0007.jpg,Tomato___Tomato_mosaic_virus,"Pepper,_bell___healthy",0.904994
plantwild/extracted/plantwild/images/tomato mosaic virus/google_0008 - Copy.jpg,Tomato___Tomato_mosaic_virus,Tomato___Late_blight,0.700365
plantwild/extracted/plantwild/images/tomato mosaic virus/google_0008.jpg,Tomato___Tomato_mosaic_virus,Tomato___Late_blight,0.970824
plantwild/extracted/plantwild/images/tomato mosaic virus/google_0009.jpg,Tomato___Tomato_mosaic_virus,Strawberry___Leaf_scorch,0.612200
plantwild/extracted/plantwild/images/tomato mosaic virus/google_0011.jpg,Tomato___Tomato_mosaic_virus,Apple___Black_rot,0.266331
plantwild/extracted/plantwild/images/tomato mosaic virus/google_0016.jpg,Tomato___Tomato_mosaic_virus,"Pepper,_bell___healthy",0.658545
plantwild/extracted/plantwild/images/tomato mosaic virus/google_0017.jpg,Tomato___Tomato_mosaic_virus,"Pepper,_bell___healthy",0.969103
plantwild/extracted/plantwild/images/tomato mosaic virus/google_0018 - Copy (2).jpg,Tomato___Tomato_mosaic_virus,"Pepper,_bell___healthy",0.944361
plantwild/extracted/plantwild/images/tomato mosaic virus/google_0018 - Copy.jpg,Tomato___Tomato_mosaic_virus,"Pepper,_bell___healthy",0.364986
plantwild/extracted/plantwild/images/tomato mosaic virus/google_0018.jpg,Tomato___Tomato_mosaic_virus,"Pepper,_bell___healthy",0.762718
plantwild/extracted/plantwild/images/tomato mosaic virus/google_0019 - Copy.jpg,Tomato___Tomato_mosaic_virus,Strawberry___Leaf_scorch,0.364552
plantwild/extracted/plantwild/images/tomato mosaic virus/google_0019.jpg,Tomato___Tomato_mosaic_virus,"Pepper,_bell___healthy",0.509750
plantwild/extracted/plantwild/images/tomato mosaic virus/google_0020.jpg,Tomato___Tomato_mosaic_virus,Tomato___Septoria_leaf_spot,0.430804
plantwild/extracted/plantwild/images/tomato mosaic virus/google_0021 - Copy (2).jpg,Tomato___Tomato_mosaic_virus,Tomato___healthy,0.319187
plantwild/extracted/plantwild/images/tomato mosaic virus/google_0021 - Copy (3).jpg,Tomato___Tomato_mosaic_virus,Tomato___Late_blight,0.452190
plantwild/extracted/plantwild/images/tomato mosaic virus/google_0021 - Copy.jpg,Tomato___Tomato_mosaic_virus,Tomato___Late_blight,0.964422
plantwild/extracted/plantwild/images/tomato mosaic virus/google_0021.jpg,Tomato___Tomato_mosaic_virus,Corn___healthy,0.902672
plantwild/extracted/plantwild/images/tomato mosaic virus/google_0022.jpg,Tomato___Tomato_mosaic_virus,"Pepper,_bell___healthy",0.874421
plantwild/extracted/plantwild/images/tomato mosaic virus/google_0024.jpg,Tomato___Tomato_mosaic_virus,"Pepper,_bell___healthy",0.962072
plantwild/extracted/plantwild/images/tomato mosaic virus/google_0026.jpg,Tomato___Tomato_mosaic_virus,"Pepper,_bell___healthy",0.932697
plantwild/extracted/plantwild/images/tomato mosaic virus/google_0027.jpg,Tomato___Tomato_mosaic_virus,Cherry___healthy,0.908106
plantwild/extracted/plantwild/images/tomato mosaic virus/google_0031.jpg,Tomato___Tomato_mosaic_virus,Cherry___healthy,0.598611
plantwild/extracted/plantwild/images/tomato mosaic virus/google_0034.jpg,Tomato___Tomato_mosaic_virus,Tomato___Septoria_leaf_spot,0.780550
plantwild/extracted/plantwild/images/tomato mosaic virus/google_0037 - Copy.jpg,Tomato___Tomato_mosaic_virus,Cherry___healthy,0.872457
plantwild/extracted/plantwild/images/tomato mosaic virus/google_0037.jpg,Tomato___Tomato_mosaic_virus,Cherry___healthy,0.868282
plantwild/extracted/plantwild/images/tomato mosaic virus/google_0042.jpg,Tomato___Tomato_mosaic_virus,Strawberry___Leaf_scorch,0.898217
plantwild/extracted/plantwild/images/tomato mosaic virus/google_0044.jpg,Tomato___Tomato_mosaic_virus,"Pepper,_bell___healthy",0.384748
plantwild/extracted/plantwild/images/tomato mosaic virus/google_0045.jpg,Tomato___Tomato_mosaic_virus,Corn___healthy,0.638171
plantwild/extracted/plantwild/images/tomato mosaic virus/google_0046.jpg,Tomato___Tomato_mosaic_virus,"Pepper,_bell___healthy",0.948232
plantwild/extracted/plantwild/images/tomato mosaic virus/google_0049.jpg,Tomato___Tomato_mosaic_virus,Cherry___healthy,0.349463
plantwild/extracted/plantwild/images/tomato mosaic virus/google_0050.jpg,Tomato___Tomato_mosaic_virus,Cherry___healthy,0.681450
plantwild/extracted/plantwild/images/tomato mosaic virus/google_0051.jpg,Tomato___Tomato_mosaic_virus,"Pepper,_bell___healthy",0.956978
plantwild/extracted/plantwild/images/tomato mosaic virus/google_0052.jpg,Tomato___Tomato_mosaic_virus,Tomato___Tomato_mosaic_virus,0.477693
plantwild/extracted/plantwild/images/tomato mosaic virus/google_0053 - Copy (2).jpg,Tomato___Tomato_mosaic_virus,"Pepper,_bell___healthy",0.905254
plantwild/extracted/plantwild/images/tomato mosaic virus/google_0053 - Copy.jpg,Tomato___Tomato_mosaic_virus,Cherry___healthy,0.654630
plantwild/extracted/plantwild/images/tomato mosaic virus/google_0053.jpg,Tomato___Tomato_mosaic_virus,Strawberry___Leaf_scorch,0.614054
plantwild/extracted/plantwild/images/tomato mosaic virus/google_0054.jpg,Tomato___Tomato_mosaic_virus,Tomato___Late_blight,0.645214
plantwild/extracted/plantwild/images/tomato mosaic virus/google_0057.jpg,Tomato___Tomato_mosaic_virus,"Pepper,_bell___healthy",0.578989
plantwild/extracted/plantwild/images/tomato mosaic virus/google_0059.jpg,Tomato___Tomato_mosaic_virus,Cherry___Powdery_mildew,0.139706
plantwild/extracted/plantwild/images/tomato mosaic virus/google_0063.jpg,Tomato___Tomato_mosaic_virus,"Pepper,_bell___healthy",0.773573
plantwild/extracted/plantwild/images/tomato mosaic virus/google_0066 - Copy.jpg,Tomato___Tomato_mosaic_virus,Cherry___healthy,0.747049
plantwild/extracted/plantwild/images/tomato mosaic virus/google_0066.jpg,Tomato___Tomato_mosaic_virus,"Pepper,_bell___healthy",0.885078
plantwild/extracted/plantwild/images/tomato mosaic virus/google_0070.jpg,Tomato___Tomato_mosaic_virus,Strawberry___Leaf_scorch,0.908993
plantwild/extracted/plantwild/images/tomato mosaic virus/google_0073.jpg,Tomato___Tomato_mosaic_virus,"Pepper,_bell___healthy",0.872353
plantwild/extracted/plantwild/images/tomato mosaic virus/google_0076.jpg,Tomato___Tomato_mosaic_virus,"Pepper,_bell___healthy",0.959424
plantwild/extracted/plantwild/images/tomato mosaic virus/google_0077.jpg,Tomato___Tomato_mosaic_virus,Tomato___Tomato_Yellow_Leaf_Curl_Virus,0.721316
plantwild/extracted/plantwild/images/tomato mosaic virus/google_0079.jpg,Tomato___Tomato_mosaic_virus,Tomato___Tomato_Yellow_Leaf_Curl_Virus,0.298735
plantwild/extracted/plantwild/images/tomato mosaic virus/google_0083.jpg,Tomato___Tomato_mosaic_virus,"Pepper,_bell___healthy",0.966674
plantwild/extracted/plantwild/images/tomato mosaic virus/google_0084.jpg,Tomato___Tomato_mosaic_virus,Strawberry___Leaf_scorch,0.371307
plantwild/extracted/plantwild/images/tomato mosaic virus/google_0085.jpg,Tomato___Tomato_mosaic_virus,Squash___Powdery_mildew,0.282767
plantwild/extracted/plantwild/images/tomato mosaic virus/google_0089.jpg,Tomato___Tomato_mosaic_virus,Strawberry___Leaf_scorch,0.805311
plantwild/extracted/plantwild/images/tomato mosaic virus/google_0091.jpg,Tomato___Tomato_mosaic_virus,Tomato___Septoria_leaf_spot,0.343726
plantwild/extracted/plantwild/images/tomato mosaic virus/google_0092.jpg,Tomato___Tomato_mosaic_virus,Tomato___Tomato_mosaic_virus,0.897097
plantwild/extracted/plantwild/images/tomato mosaic virus/google_0093.jpg,Tomato___Tomato_mosaic_virus,"Pepper,_bell___healthy",0.947476
plantwild/extracted/plantwild/images/tomato mosaic virus/google_0095.jpg,Tomato___Tomato_mosaic_virus,Cherry___healthy,0.937024
plantwild/extracted/plantwild/images/tomato mosaic virus/google_0098.jpg,Tomato___Tomato_mosaic_virus,Cherry___healthy,0.376019
plantwild/extracted/plantwild/images/tomato mosaic virus/google_0101.jpg,Tomato___Tomato_mosaic_virus,Cherry___healthy,0.848387
plantwild/extracted/plantwild/images/tomato mosaic virus/google_0103.jpg,Tomato___Tomato_mosaic_virus,"Pepper,_bell___healthy",0.886049
plantwild/extracted/plantwild/images/tomato mosaic virus/google_0105.jpg,Tomato___Tomato_mosaic_virus,Cherry___healthy,0.900627
plantwild/extracted/plantwild/images/tomato mosaic virus/google_0106.jpg,Tomato___Tomato_mosaic_virus,Strawberry___Leaf_scorch,0.861890
plantwild/extracted/plantwild/images/tomato mosaic virus/google_0107.jpg,Tomato___Tomato_mosaic_virus,"Pepper,_bell___healthy",0.941551
plantwild/extracted/plantwild/images/tomato mosaic virus/google_0113.jpg,Tomato___Tomato_mosaic_virus,Tomato___Tomato_mosaic_virus,0.966394
plantwild/extracted/plantwild/images/tomato mosaic virus/google_0116.jpg,Tomato___Tomato_mosaic_virus,Grape___healthy,0.904508
plantwild/extracted/plantwild/images/tomato mosaic virus/google_0117.jpg,Tomato___Tomato_mosaic_virus,"Pepper,_bell___healthy",0.431756
plantwild/extracted/plantwild/images/tomato mosaic virus/google_0126.jpg,Tomato___Tomato_mosaic_virus,Tomato___Tomato_Yellow_Leaf_Curl_Virus,0.757115
plantwild/extracted/plantwild/images/tomato mosaic virus/google_0131.jpg,Tomato___Tomato_mosaic_virus,Tomato___Tomato_mosaic_virus,0.968509
plantwild/extracted/plantwild/images/tomato mosaic virus/google_0132.jpg,Tomato___Tomato_mosaic_virus,"Pepper,_bell___healthy",0.407991
plantwild/extracted/plantwild/images/tomato mosaic virus/google_0133.jpg,Tomato___Tomato_mosaic_virus,"Pepper,_bell___healthy",0.871239
plantwild/extracted/plantwild/images/tomato mosaic virus/google_0136.jpg,Tomato___Tomato_mosaic_virus,Tomato___Septoria_leaf_spot,0.320112
plantwild/extracted/plantwild/images/tomato mosaic virus/google_0140.jpg,Tomato___Tomato_mosaic_virus,Apple___Apple_scab,0.273251
plantwild/extracted/plantwild/images/tomato mosaic virus/google_0142.jpg,Tomato___Tomato_mosaic_virus,Tomato___Leaf_Mold,0.877112
plantwild/extracted/plantwild/images/tomato mosaic virus/google_0155.jpg,Tomato___Tomato_mosaic_virus,Cherry___healthy,0.679670
plantwild/extracted/plantwild/images/tomato mosaic virus/google_0156.jpg,Tomato___Tomato_mosaic_virus,"Pepper,_bell___healthy",0.455030
plantwild/extracted/plantwild/images/tomato mosaic virus/google_0157.jpg,Tomato___Tomato_mosaic_virus,Strawberry___Leaf_scorch,0.961456
plantwild/extracted/plantwild/images/tomato mosaic virus/google_0164.jpg,Tomato___Tomato_mosaic_virus,Strawberry___Leaf_scorch,0.822158
plantwild/extracted/plantwild/images/tomato mosaic virus/google_0165.jpg,Tomato___Tomato_mosaic_virus,Cherry___healthy,0.430151
plantwild/extracted/plantwild/images/tomato mosaic virus/google_0170.jpg,Tomato___Tomato_mosaic_virus,Tomato___Tomato_Yellow_Leaf_Curl_Virus,0.311934
plantwild/extracted/plantwild/images/tomato mosaic virus/google_0190.jpg,Tomato___Tomato_mosaic_virus,Tomato___Tomato_mosaic_virus,0.969231
plantwild/extracted/plantwild/images/tomato mosaic virus/google_0193.jpg,Tomato___Tomato_mosaic_virus,Cherry___healthy,0.499735
plantwild/extracted/plantwild/images/tomato mosaic virus/google_0194.jpg,Tomato___Tomato_mosaic_virus,"Pepper,_bell___healthy",0.836747
plantwild/extracted/plantwild/images/tomato mosaic virus/google_0199.jpg,Tomato___Tomato_mosaic_virus,Strawberry___Leaf_scorch,0.903481
plantwild/extracted/plantwild/images/tomato mosaic virus/google_0200 - Copy (2).jpg,Tomato___Tomato_mosaic_virus,Tomato___Tomato_Yellow_Leaf_Curl_Virus,0.946556
plantwild/extracted/plantwild/images/tomato mosaic virus/google_0200 - Copy.jpg,Tomato___Tomato_mosaic_virus,Strawberry___Leaf_scorch,0.616809
plantwild/extracted/plantwild/images/tomato mosaic virus/google_0200.jpg,Tomato___Tomato_mosaic_virus,Strawberry___Leaf_scorch,0.627160
plantwild/extracted/plantwild/images/tomato mosaic virus/google_0204.jpg,Tomato___Tomato_mosaic_virus,"Pepper,_bell___healthy",0.955436
plantwild/extracted/plantwild/images/tomato mosaic virus/google_0205.jpg,Tomato___Tomato_mosaic_virus,Corn___healthy,0.964119
plantwild/extracted/plantwild/images/tomato mosaic virus/google_0206.jpg,Tomato___Tomato_mosaic_virus,Cherry___healthy,0.924240
plantwild/extracted/plantwild/images/tomato mosaic virus/google_0228.jpg,Tomato___Tomato_mosaic_virus,Cherry___healthy,0.607724
plantwild/extracted/plantwild/images/tomato mosaic virus/google_0238.jpg,Tomato___Tomato_mosaic_virus,Strawberry___Leaf_scorch,0.611944
plantwild/extracted/plantwild/images/tomato septoria leaf spot/1.jpg,Tomato___Septoria_leaf_spot,"Pepper,_bell___healthy",0.640474
plantwild/extracted/plantwild/images/tomato septoria leaf spot/10.jpg,Tomato___Septoria_leaf_spot,"Pepper,_bell___healthy",0.402321
plantwild/extracted/plantwild/images/tomato septoria leaf spot/107.jpg,Tomato___Septoria_leaf_spot,"Pepper,_bell___healthy",0.938520
plantwild/extracted/plantwild/images/tomato septoria leaf spot/13.jpg,Tomato___Septoria_leaf_spot,Tomato___Late_blight,0.939298
plantwild/extracted/plantwild/images/tomato septoria leaf spot/148.jpg,Tomato___Septoria_leaf_spot,"Pepper,_bell___healthy",0.441686
plantwild/extracted/plantwild/images/tomato septoria leaf spot/155.jpg,Tomato___Septoria_leaf_spot,Tomato___Late_blight,0.211446
plantwild/extracted/plantwild/images/tomato septoria leaf spot/16.jpg,Tomato___Septoria_leaf_spot,Cherry___healthy,0.802844
plantwild/extracted/plantwild/images/tomato septoria leaf spot/162.jpg,Tomato___Septoria_leaf_spot,Tomato___Late_blight,0.618506
plantwild/extracted/plantwild/images/tomato septoria leaf spot/17.jpg,Tomato___Septoria_leaf_spot,"Pepper,_bell___healthy",0.679343
plantwild/extracted/plantwild/images/tomato septoria leaf spot/174.jpg,Tomato___Septoria_leaf_spot,Strawberry___Leaf_scorch,0.962447
plantwild/extracted/plantwild/images/tomato septoria leaf spot/18.jpg,Tomato___Septoria_leaf_spot,"Pepper,_bell___healthy",0.838130
plantwild/extracted/plantwild/images/tomato septoria leaf spot/19.jpg,Tomato___Septoria_leaf_spot,Cherry___healthy,0.751605
plantwild/extracted/plantwild/images/tomato septoria leaf spot/195.jpg,Tomato___Septoria_leaf_spot,Tomato___Septoria_leaf_spot,0.948986
plantwild/extracted/plantwild/images/tomato septoria leaf spot/196.jpg,Tomato___Septoria_leaf_spot,Tomato___Late_blight,0.502266
plantwild/extracted/plantwild/images/tomato septoria leaf spot/2 - Copy (2).jpg,Tomato___Septoria_leaf_spot,Cherry___healthy,0.828375
plantwild/extracted/plantwild/images/tomato septoria leaf spot/2 - Copy.jpg,Tomato___Septoria_leaf_spot,Tomato___Septoria_leaf_spot,0.178644
plantwild/extracted/plantwild/images/tomato septoria leaf spot/2.jpg,Tomato___Septoria_leaf_spot,Potato___Early_blight,0.484096
plantwild/extracted/plantwild/images/tomato septoria leaf spot/20.jpg,Tomato___Septoria_leaf_spot,"Pepper,_bell___healthy",0.279873
plantwild/extracted/plantwild/images/tomato septoria leaf spot/205.jpg,Tomato___Septoria_leaf_spot,"Pepper,_bell___healthy",0.940175
plantwild/extracted/plantwild/images/tomato septoria leaf spot/209.jpg,Tomato___Septoria_leaf_spot,Strawberry___Leaf_scorch,0.965411
plantwild/extracted/plantwild/images/tomato septoria leaf spot/218.jpg,Tomato___Septoria_leaf_spot,Cherry___healthy,0.390029
plantwild/extracted/plantwild/images/tomato septoria leaf spot/221.jpg,Tomato___Septoria_leaf_spot,Strawberry___Leaf_scorch,0.634708
plantwild/extracted/plantwild/images/tomato septoria leaf spot/225.jpg,Tomato___Septoria_leaf_spot,Cherry___healthy,0.333175
plantwild/extracted/plantwild/images/tomato septoria leaf spot/23 - Copy.jpg,Tomato___Septoria_leaf_spot,Strawberry___Leaf_scorch,0.338934
plantwild/extracted/plantwild/images/tomato septoria leaf spot/23.jpg,Tomato___Septoria_leaf_spot,Strawberry___Leaf_scorch,0.823266
plantwild/extracted/plantwild/images/tomato septoria leaf spot/24.jpg,Tomato___Septoria_leaf_spot,Cherry___healthy,0.761742
plantwild/extracted/plantwild/images/tomato septoria leaf spot/241.jpg,Tomato___Septoria_leaf_spot,Tomato___Early_blight,0.963105
plantwild/extracted/plantwild/images/tomato septoria leaf spot/243.jpg,Tomato___Septoria_leaf_spot,Grape___Black_rot,0.914187
plantwild/extracted/plantwild/images/tomato septoria leaf spot/25.jpg,Tomato___Septoria_leaf_spot,"Pepper,_bell___healthy",0.694258
plantwild/extracted/plantwild/images/tomato septoria leaf spot/26.jpg,Tomato___Septoria_leaf_spot,Tomato___Septoria_leaf_spot,0.393415
plantwild/extracted/plantwild/images/tomato septoria leaf spot/28.jpg,Tomato___Septoria_leaf_spot,Tomato___Septoria_leaf_spot,0.871250
plantwild/extracted/plantwild/images/tomato septoria leaf spot/32.jpg,Tomato___Septoria_leaf_spot,"Pepper,_bell___healthy",0.647222
plantwild/extracted/plantwild/images/tomato septoria leaf spot/34.jpg,Tomato___Septoria_leaf_spot,"Pepper,_bell___healthy",0.484775
plantwild/extracted/plantwild/images/tomato septoria leaf spot/37.jpg,Tomato___Septoria_leaf_spot,Cherry___healthy,0.627963
plantwild/extracted/plantwild/images/tomato septoria leaf spot/4.jpg,Tomato___Septoria_leaf_spot,Tomato___Late_blight,0.962391
plantwild/extracted/plantwild/images/tomato septoria leaf spot/49.jpg,Tomato___Septoria_leaf_spot,"Pepper,_bell___healthy",0.967115
plantwild/extracted/plantwild/images/tomato septoria leaf spot/5.jpg,Tomato___Septoria_leaf_spot,Tomato___Late_blight,0.594060
plantwild/extracted/plantwild/images/tomato septoria leaf spot/6.jpg,Tomato___Septoria_leaf_spot,Tomato___Late_blight,0.736356
plantwild/extracted/plantwild/images/tomato septoria leaf spot/61.jpg,Tomato___Septoria_leaf_spot,"Pepper,_bell___healthy",0.869296
plantwild/extracted/plantwild/images/tomato septoria leaf spot/63.jpg,Tomato___Septoria_leaf_spot,Strawberry___Leaf_scorch,0.611562
plantwild/extracted/plantwild/images/tomato septoria leaf spot/64.jpg,Tomato___Septoria_leaf_spot,"Pepper,_bell___healthy",0.955044
plantwild/extracted/plantwild/images/tomato septoria leaf spot/66.jpg,Tomato___Septoria_leaf_spot,Strawberry___Leaf_scorch,0.951205
plantwild/extracted/plantwild/images/tomato septoria leaf spot/7.jpg,Tomato___Septoria_leaf_spot,Strawberry___Leaf_scorch,0.734019
plantwild/extracted/plantwild/images/tomato septoria leaf spot/77.jpg,Tomato___Septoria_leaf_spot,Tomato___Septoria_leaf_spot,0.829937
plantwild/extracted/plantwild/images/tomato septoria leaf spot/80.jpg,Tomato___Septoria_leaf_spot,Strawberry___Leaf_scorch,0.548026
plantwild/extracted/plantwild/images/tomato septoria leaf spot/83.jpg,Tomato___Septoria_leaf_spot,Tomato___Early_blight,0.832613
plantwild/extracted/plantwild/images/tomato septoria leaf spot/88.jpg,Tomato___Septoria_leaf_spot,"Pepper,_bell___healthy",0.932148
plantwild/extracted/plantwild/images/tomato septoria leaf spot/91.jpg,Tomato___Septoria_leaf_spot,"Pepper,_bell___healthy",0.775699
plantwild/extracted/plantwild/images/tomato septoria leaf spot/93.jpg,Tomato___Septoria_leaf_spot,Cherry___healthy,0.611531
plantwild/extracted/plantwild/images/tomato septoria leaf spot/96.jpg,Tomato___Septoria_leaf_spot,"Pepper,_bell___healthy",0.644952
plantwild/extracted/plantwild/images/tomato septoria leaf spot/google_0000.jpg,Tomato___Septoria_leaf_spot,Tomato___Septoria_leaf_spot,0.965523
plantwild/extracted/plantwild/images/tomato septoria leaf spot/google_0001.jpg,Tomato___Septoria_leaf_spot,Cherry___healthy,0.283941
plantwild/extracted/plantwild/images/tomato septoria leaf spot/google_0002 - Copy.jpg,Tomato___Septoria_leaf_spot,"Pepper,_bell___healthy",0.320297
plantwild/extracted/plantwild/images/tomato septoria leaf spot/google_0002.jpg,Tomato___Septoria_leaf_spot,Tomato___Late_blight,0.646672
plantwild/extracted/plantwild/images/tomato septoria leaf spot/google_0003.jpg,Tomato___Septoria_leaf_spot,"Pepper,_bell___healthy",0.486753
plantwild/extracted/plantwild/images/tomato septoria leaf spot/google_0004.jpg,Tomato___Septoria_leaf_spot,Strawberry___Leaf_scorch,0.954684
plantwild/extracted/plantwild/images/tomato septoria leaf spot/google_0005.jpg,Tomato___Septoria_leaf_spot,"Pepper,_bell___healthy",0.824952
plantwild/extracted/plantwild/images/tomato septoria leaf spot/google_0007.jpg,Tomato___Septoria_leaf_spot,Tomato___Early_blight,0.960040
plantwild/extracted/plantwild/images/tomato septoria leaf spot/google_0009.jpg,Tomato___Septoria_leaf_spot,Cherry___healthy,0.453198
plantwild/extracted/plantwild/images/tomato septoria leaf spot/google_0010.jpg,Tomato___Septoria_leaf_spot,Cherry___healthy,0.476143
plantwild/extracted/plantwild/images/tomato septoria leaf spot/google_0012.jpg,Tomato___Septoria_leaf_spot,Tomato___Septoria_leaf_spot,0.918106
plantwild/extracted/plantwild/images/tomato septoria leaf spot/google_0013.jpg,Tomato___Septoria_leaf_spot,Cherry___healthy,0.288565
plantwild/extracted/plantwild/images/tomato septoria leaf spot/google_0014.jpg,Tomato___Septoria_leaf_spot,Corn___Common_rust,0.412232
plantwild/extracted/plantwild/images/tomato septoria leaf spot/google_0015.jpg,Tomato___Septoria_leaf_spot,"Pepper,_bell___healthy",0.703535
plantwild/extracted/plantwild/images/tomato septoria leaf spot/google_0016.jpg,Tomato___Septoria_leaf_spot,Cherry___healthy,0.324399
plantwild/extracted/plantwild/images/tomato septoria leaf spot/google_0017.jpg,Tomato___Septoria_leaf_spot,Corn___Cercospora_leaf_spot Gray_leaf_spot,0.490516
plantwild/extracted/plantwild/images/tomato septoria leaf spot/google_0018 - Copy.jpg,Tomato___Septoria_leaf_spot,Tomato___Septoria_leaf_spot,0.917209
plantwild/extracted/plantwild/images/tomato septoria leaf spot/google_0018.jpg,Tomato___Septoria_leaf_spot,Tomato___Early_blight,0.523763
plantwild/extracted/plantwild/images/tomato septoria leaf spot/google_0020.jpg,Tomato___Septoria_leaf_spot,Strawberry___Leaf_scorch,0.561303
plantwild/extracted/plantwild/images/tomato septoria leaf spot/google_0021.jpg,Tomato___Septoria_leaf_spot,Strawberry___Leaf_scorch,0.581960
plantwild/extracted/plantwild/images/tomato septoria leaf spot/google_0022.jpg,Tomato___Septoria_leaf_spot,Strawberry___Leaf_scorch,0.956445
plantwild/extracted/plantwild/images/tomato septoria leaf spot/google_0023.jpg,Tomato___Septoria_leaf_spot,Cherry___healthy,0.441249
plantwild/extracted/plantwild/images/tomato septoria leaf spot/google_0024.jpg,Tomato___Septoria_leaf_spot,Tomato___Septoria_leaf_spot,0.865288
plantwild/extracted/plantwild/images/tomato septoria leaf spot/google_0025.jpg,Tomato___Septoria_leaf_spot,"Pepper,_bell___healthy",0.659765
plantwild/extracted/plantwild/images/tomato septoria leaf spot/google_0026.jpg,Tomato___Septoria_leaf_spot,"Pepper,_bell___healthy",0.309703
plantwild/extracted/plantwild/images/tomato septoria leaf spot/google_0027.jpg,Tomato___Septoria_leaf_spot,Strawberry___Leaf_scorch,0.331322
plantwild/extracted/plantwild/images/tomato septoria leaf spot/google_0029.jpg,Tomato___Septoria_leaf_spot,Strawberry___Leaf_scorch,0.959523
plantwild/extracted/plantwild/images/tomato septoria leaf spot/google_0030.jpg,Tomato___Septoria_leaf_spot,"Pepper,_bell___healthy",0.928097
plantwild/extracted/plantwild/images/tomato septoria leaf spot/google_0032.jpg,Tomato___Septoria_leaf_spot,Tomato___Septoria_leaf_spot,0.279918
plantwild/extracted/plantwild/images/tomato septoria leaf spot/google_0033.jpg,Tomato___Septoria_leaf_spot,Tomato___Early_blight,0.964991
plantwild/extracted/plantwild/images/tomato septoria leaf spot/google_0035.jpg,Tomato___Septoria_leaf_spot,Cherry___healthy,0.392135
plantwild/extracted/plantwild/images/tomato septoria leaf spot/google_0036.jpg,Tomato___Septoria_leaf_spot,Tomato___Early_blight,0.952812
plantwild/extracted/plantwild/images/tomato septoria leaf spot/google_0037.jpg,Tomato___Septoria_leaf_spot,"Pepper,_bell___healthy",0.326980
plantwild/extracted/plantwild/images/tomato septoria leaf spot/google_0038.jpg,Tomato___Septoria_leaf_spot,Tomato___Septoria_leaf_spot,0.460513
plantwild/extracted/plantwild/images/tomato septoria leaf spot/google_0039.jpg,Tomato___Septoria_leaf_spot,"Pepper,_bell___healthy",0.789450
plantwild/extracted/plantwild/images/tomato septoria leaf spot/google_0040.jpg,Tomato___Septoria_leaf_spot,Tomato___Early_blight,0.951908
plantwild/extracted/plantwild/images/tomato septoria leaf spot/google_0041.jpg,Tomato___Septoria_leaf_spot,"Pepper,_bell___healthy",0.695789
plantwild/extracted/plantwild/images/tomato septoria leaf spot/google_0042.jpg,Tomato___Septoria_leaf_spot,Strawberry___Leaf_scorch,0.928698
plantwild/extracted/plantwild/images/tomato septoria leaf spot/google_0043.jpg,Tomato___Septoria_leaf_spot,"Pepper,_bell___healthy",0.898884
plantwild/extracted/plantwild/images/tomato septoria leaf spot/google_0044.jpg,Tomato___Septoria_leaf_spot,Tomato___Early_blight,0.913312
plantwild/extracted/plantwild/images/tomato septoria leaf spot/google_0045.jpg,Tomato___Septoria_leaf_spot,Strawberry___Leaf_scorch,0.524546
plantwild/extracted/plantwild/images/tomato septoria leaf spot/google_0048.jpg,Tomato___Septoria_leaf_spot,Apple___Black_rot,0.850180
plantwild/extracted/plantwild/images/tomato septoria leaf spot/google_0050.jpg,Tomato___Septoria_leaf_spot,Strawberry___Leaf_scorch,0.802579
plantwild/extracted/plantwild/images/tomato septoria leaf spot/google_0051.jpg,Tomato___Septoria_leaf_spot,Tomato___Septoria_leaf_spot,0.969326
plantwild/extracted/plantwild/images/tomato septoria leaf spot/google_0052.jpg,Tomato___Septoria_leaf_spot,"Pepper,_bell___healthy",0.959387
plantwild/extracted/plantwild/images/tomato septoria leaf spot/google_0053.jpg,Tomato___Septoria_leaf_spot,"Pepper,_bell___healthy",0.491127
plantwild/extracted/plantwild/images/tomato septoria leaf spot/google_0056.jpg,Tomato___Septoria_leaf_spot,Tomato___Tomato_Yellow_Leaf_Curl_Virus,0.622712
plantwild/extracted/plantwild/images/tomato septoria leaf spot/google_0058.jpg,Tomato___Septoria_leaf_spot,Strawberry___Leaf_scorch,0.883638
plantwild/extracted/plantwild/images/tomato septoria leaf spot/google_0059.jpg,Tomato___Septoria_leaf_spot,"Pepper,_bell___healthy",0.496199
plantwild/extracted/plantwild/images/tomato septoria leaf spot/google_0060.jpg,Tomato___Septoria_leaf_spot,Tomato___Septoria_leaf_spot,0.891019
plantwild/extracted/plantwild/images/tomato septoria leaf spot/google_0061.jpg,Tomato___Septoria_leaf_spot,Strawberry___Leaf_scorch,0.911717
plantwild/extracted/plantwild/images/tomato septoria leaf spot/google_0062.jpg,Tomato___Septoria_leaf_spot,Tomato___Septoria_leaf_spot,0.954226
plantwild/extracted/plantwild/images/tomato septoria leaf spot/google_0063.jpg,Tomato___Septoria_leaf_spot,"Pepper,_bell___healthy",0.908337
plantwild/extracted/plantwild/images/tomato septoria leaf spot/google_0064 - Copy (2).jpg,Tomato___Septoria_leaf_spot,Tomato___Early_blight,0.506032
plantwild/extracted/plantwild/images/tomato septoria leaf spot/google_0065.jpg,Tomato___Septoria_leaf_spot,"Pepper,_bell___healthy",0.925052
plantwild/extracted/plantwild/images/tomato septoria leaf spot/google_0068.jpg,Tomato___Septoria_leaf_spot,"Pepper,_bell___healthy",0.930463
plantwild/extracted/plantwild/images/tomato septoria leaf spot/google_0069.jpg,Tomato___Septoria_leaf_spot,"Pepper,_bell___healthy",0.939588
plantwild/extracted/plantwild/images/tomato septoria leaf spot/google_0070.jpg,Tomato___Septoria_leaf_spot,"Pepper,_bell___healthy",0.746456
plantwild/extracted/plantwild/images/tomato septoria leaf spot/google_0072.jpg,Tomato___Septoria_leaf_spot,"Pepper,_bell___healthy",0.958605
plantwild/extracted/plantwild/images/tomato septoria leaf spot/google_0073.jpg,Tomato___Septoria_leaf_spot,Strawberry___Leaf_scorch,0.967405
plantwild/extracted/plantwild/images/tomato septoria leaf spot/google_0074.jpg,Tomato___Septoria_leaf_spot,Tomato___Septoria_leaf_spot,0.857310
plantwild/extracted/plantwild/images/tomato septoria leaf spot/google_0077.jpg,Tomato___Septoria_leaf_spot,"Pepper,_bell___healthy",0.714773
plantwild/extracted/plantwild/images/tomato septoria leaf spot/google_0078.jpg,Tomato___Septoria_leaf_spot,"Pepper,_bell___healthy",0.939524
plantwild/extracted/plantwild/images/tomato septoria leaf spot/google_0081.jpg,Tomato___Septoria_leaf_spot,Strawberry___Leaf_scorch,0.525820
plantwild/extracted/plantwild/images/tomato septoria leaf spot/google_0084.jpg,Tomato___Septoria_leaf_spot,"Pepper,_bell___healthy",0.703166
plantwild/extracted/plantwild/images/tomato septoria leaf spot/google_0086 - Copy (2).jpg,Tomato___Septoria_leaf_spot,Grape___Black_rot,0.302416
plantwild/extracted/plantwild/images/tomato septoria leaf spot/google_0086 - Copy.jpg,Tomato___Septoria_leaf_spot,Strawberry___Leaf_scorch,0.728411
plantwild/extracted/plantwild/images/tomato septoria leaf spot/google_0086.jpg,Tomato___Septoria_leaf_spot,"Pepper,_bell___healthy",0.681410
plantwild/extracted/plantwild/images/tomato septoria leaf spot/google_0089.jpg,Tomato___Septoria_leaf_spot,Cherry___healthy,0.724870
plantwild/extracted/plantwild/images/tomato septoria leaf spot/google_0091.jpg,Tomato___Septoria_leaf_spot,Cherry___healthy,0.920712
plantwild/extracted/plantwild/images/tomato septoria leaf spot/google_0093.jpg,Tomato___Septoria_leaf_spot,Tomato___Early_blight,0.959093
plantwild/extracted/plantwild/images/tomato septoria leaf spot/google_0094.jpg,Tomato___Septoria_leaf_spot,Apple___Apple_scab,0.688005
plantwild/extracted/plantwild/images/tomato septoria leaf spot/google_0097 - Copy.jpg,Tomato___Septoria_leaf_spot,Tomato___Septoria_leaf_spot,0.788714
plantwild/extracted/plantwild/images/tomato septoria leaf spot/google_0097.jpg,Tomato___Septoria_leaf_spot,Tomato___Late_blight,0.385234
plantwild/extracted/plantwild/images/tomato septoria leaf spot/google_0098.jpg,Tomato___Septoria_leaf_spot,Cherry___healthy,0.680674
plantwild/extracted/plantwild/images/tomato septoria leaf spot/google_0103.jpg,Tomato___Septoria_leaf_spot,"Pepper,_bell___healthy",0.964257
plantwild/extracted/plantwild/images/tomato septoria leaf spot/google_0110.jpg,Tomato___Septoria_leaf_spot,"Pepper,_bell___healthy",0.844002
plantwild/extracted/plantwild/images/tomato septoria leaf spot/google_0113.jpg,Tomato___Septoria_leaf_spot,"Pepper,_bell___healthy",0.947296
plantwild/extracted/plantwild/images/tomato septoria leaf spot/google_0115.jpg,Tomato___Septoria_leaf_spot,Tomato___Late_blight,0.606354
plantwild/extracted/plantwild/images/tomato septoria leaf spot/google_0119.jpg,Tomato___Septoria_leaf_spot,Strawberry___Leaf_scorch,0.939153
plantwild/extracted/plantwild/images/tomato septoria leaf spot/google_0120.jpg,Tomato___Septoria_leaf_spot,Tomato___Early_blight,0.664824
plantwild/extracted/plantwild/images/tomato septoria leaf spot/google_0121.jpg,Tomato___Septoria_leaf_spot,Tomato___Early_blight,0.857649
plantwild/extracted/plantwild/images/tomato septoria leaf spot/google_0122.jpg,Tomato___Septoria_leaf_spot,Peach___Bacterial_spot,0.360243
plantwild/extracted/plantwild/images/tomato septoria leaf spot/google_0127.jpg,Tomato___Septoria_leaf_spot,Cherry___healthy,0.396955
plantwild/extracted/plantwild/images/tomato septoria leaf spot/google_0128.jpg,Tomato___Septoria_leaf_spot,"Pepper,_bell___healthy",0.705455
plantwild/extracted/plantwild/images/tomato septoria leaf spot/google_0130.jpg,Tomato___Septoria_leaf_spot,Tomato___Tomato_Yellow_Leaf_Curl_Virus,0.625213
plantwild/extracted/plantwild/images/tomato septoria leaf spot/google_0131.jpg,Tomato___Septoria_leaf_spot,Tomato___Tomato_Yellow_Leaf_Curl_Virus,0.815008
plantwild/extracted/plantwild/images/tomato septoria leaf spot/google_0132.jpg,Tomato___Septoria_leaf_spot,Corn___Northern_Leaf_Blight,0.783547
plantwild/extracted/plantwild/images/tomato septoria leaf spot/google_0133.jpg,Tomato___Septoria_leaf_spot,Tomato___Early_blight,0.962645
plantwild/extracted/plantwild/images/tomato septoria leaf spot/google_0134.jpg,Tomato___Septoria_leaf_spot,"Pepper,_bell___healthy",0.535602
plantwild/extracted/plantwild/images/tomato septoria leaf spot/google_0135.jpg,Tomato___Septoria_leaf_spot,Tomato___Septoria_leaf_spot,0.966303
plantwild/extracted/plantwild/images/tomato septoria leaf spot/google_0137.jpg,Tomato___Septoria_leaf_spot,Tomato___Early_blight,0.907330
plantwild/extracted/plantwild/images/tomato septoria leaf spot/google_0139 - Copy (2).jpg,Tomato___Septoria_leaf_spot,Tomato___Late_blight,0.365462
plantwild/extracted/plantwild/images/tomato septoria leaf spot/google_0139 - Copy.jpg,Tomato___Septoria_leaf_spot,Tomato___Late_blight,0.971628
plantwild/extracted/plantwild/images/tomato septoria leaf spot/google_0139.jpg,Tomato___Septoria_leaf_spot,Tomato___Late_blight,0.906706
plantwild/extracted/plantwild/images/tomato septoria leaf spot/google_0140 - Copy (2).jpg,Tomato___Septoria_leaf_spot,"Pepper,_bell___healthy",0.889238
plantwild/extracted/plantwild/images/tomato septoria leaf spot/google_0140 - Copy.jpg,Tomato___Septoria_leaf_spot,"Pepper,_bell___healthy",0.891668
plantwild/extracted/plantwild/images/tomato septoria leaf spot/google_0140.jpg,Tomato___Septoria_leaf_spot,"Pepper,_bell___healthy",0.868372
plantwild/extracted/plantwild/images/tomato septoria leaf spot/google_0141.jpg,Tomato___Septoria_leaf_spot,Cherry___healthy,0.480599
plantwild/extracted/plantwild/images/tomato septoria leaf spot/google_0143.jpg,Tomato___Septoria_leaf_spot,"Pepper,_bell___healthy",0.933811
plantwild/extracted/plantwild/images/tomato septoria leaf spot/google_0147.jpg,Tomato___Septoria_leaf_spot,Tomato___Tomato_Yellow_Leaf_Curl_Virus,0.390613
plantwild/extracted/plantwild/images/tomato septoria leaf spot/google_0148.jpg,Tomato___Septoria_leaf_spot,Tomato___Septoria_leaf_spot,0.966543
plantwild/extracted/plantwild/images/tomato septoria leaf spot/google_0149.jpg,Tomato___Septoria_leaf_spot,Tomato___Early_blight,0.914994
plantwild/extracted/plantwild/images/tomato septoria leaf spot/google_0151.jpg,Tomato___Septoria_leaf_spot,"Pepper,_bell___healthy",0.735670
plantwild/extracted/plantwild/images/tomato septoria leaf spot/google_0153.jpg,Tomato___Septoria_leaf_spot,Strawberry___Leaf_scorch,0.955084
plantwild/extracted/plantwild/images/tomato septoria leaf spot/google_0155.jpg,Tomato___Septoria_leaf_spot,Strawberry___Leaf_scorch,0.738161
plantwild/extracted/plantwild/images/tomato septoria leaf spot/google_0156.jpg,Tomato___Septoria_leaf_spot,Tomato___Septoria_leaf_spot,0.807660
plantwild/extracted/plantwild/images/tomato septoria leaf spot/google_0157.jpg,Tomato___Septoria_leaf_spot,Strawberry___Leaf_scorch,0.665696
plantwild/extracted/plantwild/images/tomato septoria leaf spot/google_0158.jpg,Tomato___Septoria_leaf_spot,Strawberry___Leaf_scorch,0.952880
plantwild/extracted/plantwild/images/tomato septoria leaf spot/google_0160.jpg,Tomato___Septoria_leaf_spot,Strawberry___Leaf_scorch,0.306455
plantwild/extracted/plantwild/images/tomato septoria leaf spot/google_0162.jpg,Tomato___Septoria_leaf_spot,Tomato___Septoria_leaf_spot,0.777396
plantwild/extracted/plantwild/images/tomato septoria leaf spot/google_0164.jpg,Tomato___Septoria_leaf_spot,Cherry___healthy,0.647180
plantwild/extracted/plantwild/images/tomato septoria leaf spot/google_0170.jpg,Tomato___Septoria_leaf_spot,Tomato___Tomato_Yellow_Leaf_Curl_Virus,0.754995
plantwild/extracted/plantwild/images/tomato septoria leaf spot/google_0172.jpg,Tomato___Septoria_leaf_spot,Cherry___healthy,0.287914
plantwild/extracted/plantwild/images/tomato septoria leaf spot/google_0175.jpg,Tomato___Septoria_leaf_spot,Tomato___Early_blight,0.958563
plantwild/extracted/plantwild/images/tomato septoria leaf spot/google_0178.jpg,Tomato___Septoria_leaf_spot,Strawberry___Leaf_scorch,0.535222
plantwild/extracted/plantwild/images/tomato septoria leaf spot/google_0181.jpg,Tomato___Septoria_leaf_spot,"Pepper,_bell___healthy",0.673980
plantwild/extracted/plantwild/images/tomato septoria leaf spot/google_0187 - Copy (2).jpg,Tomato___Septoria_leaf_spot,Corn___healthy,0.883662
plantwild/extracted/plantwild/images/tomato septoria leaf spot/google_0187 - Copy.jpg,Tomato___Septoria_leaf_spot,Strawberry___Leaf_scorch,0.950145
plantwild/extracted/plantwild/images/tomato septoria leaf spot/google_0187.jpg,Tomato___Septoria_leaf_spot,Corn___healthy,0.959200
plantwild/extracted/plantwild/images/tomato septoria leaf spot/google_0188.jpg,Tomato___Septoria_leaf_spot,Tomato___Septoria_leaf_spot,0.958626
plantwild/extracted/plantwild/images/tomato septoria leaf spot/google_0189.jpg,Tomato___Septoria_leaf_spot,Tomato___Early_blight,0.640793
plantwild/extracted/plantwild/images/tomato septoria leaf spot/google_0191.jpg,Tomato___Septoria_leaf_spot,"Pepper,_bell___healthy",0.303768
plantwild/extracted/plantwild/images/tomato septoria leaf spot/google_0194.jpg,Tomato___Septoria_leaf_spot,Tomato___Septoria_leaf_spot,0.908346
plantwild/extracted/plantwild/images/tomato septoria leaf spot/google_0195.jpg,Tomato___Septoria_leaf_spot,Cherry___healthy,0.638961
plantwild/extracted/plantwild/images/tomato septoria leaf spot/google_0197.jpg,Tomato___Septoria_leaf_spot,"Pepper,_bell___healthy",0.881269
plantwild/extracted/plantwild/images/tomato septoria leaf spot/google_0201.jpg,Tomato___Septoria_leaf_spot,"Pepper,_bell___healthy",0.715910
plantwild/extracted/plantwild/images/tomato septoria leaf spot/google_0202.jpg,Tomato___Septoria_leaf_spot,"Pepper,_bell___healthy",0.503799
plantwild/extracted/plantwild/images/tomato septoria leaf spot/google_0204.jpg,Tomato___Septoria_leaf_spot,"Pepper,_bell___healthy",0.764583
plantwild/extracted/plantwild/images/tomato septoria leaf spot/google_0205.jpg,Tomato___Septoria_leaf_spot,Tomato___Early_blight,0.901587
plantwild/extracted/plantwild/images/tomato septoria leaf spot/google_0208.jpg,Tomato___Septoria_leaf_spot,Tomato___Septoria_leaf_spot,0.863453
plantwild/extracted/plantwild/images/tomato septoria leaf spot/google_0217 - Copy.jpg,Tomato___Septoria_leaf_spot,Strawberry___Leaf_scorch,0.937834
plantwild/extracted/plantwild/images/tomato septoria leaf spot/google_0217.jpg,Tomato___Septoria_leaf_spot,Tomato___Late_blight,0.531674
plantwild/extracted/plantwild/images/tomato septoria leaf spot/google_0219.jpg,Tomato___Septoria_leaf_spot,Tomato___Late_blight,0.922989
plantwild/extracted/plantwild/images/tomato septoria leaf spot/google_0220.jpg,Tomato___Septoria_leaf_spot,"Pepper,_bell___healthy",0.841906
plantwild/extracted/plantwild/images/tomato septoria leaf spot/google_0222 - Copy.jpg,Tomato___Septoria_leaf_spot,Tomato___Early_blight,0.866488
plantwild/extracted/plantwild/images/tomato septoria leaf spot/google_0223.jpg,Tomato___Septoria_leaf_spot,Tomato___Septoria_leaf_spot,0.740963
plantwild/extracted/plantwild/images/tomato septoria leaf spot/google_0224 - Copy.jpg,Tomato___Septoria_leaf_spot,Tomato___Septoria_leaf_spot,0.485882
plantwild/extracted/plantwild/images/tomato septoria leaf spot/google_0224.jpg,Tomato___Septoria_leaf_spot,Potato___Early_blight,0.514586
plantwild/extracted/plantwild/images/tomato septoria leaf spot/google_0226.jpg,Tomato___Septoria_leaf_spot,"Pepper,_bell___healthy",0.934932
plantwild/extracted/plantwild/images/tomato septoria leaf spot/google_0230.jpg,Tomato___Septoria_leaf_spot,Strawberry___Leaf_scorch,0.766326
plantwild/extracted/plantwild/images/tomato septoria leaf spot/google_0231.jpg,Tomato___Septoria_leaf_spot,Strawberry___Leaf_scorch,0.568093
plantwild/extracted/plantwild/images/tomato septoria leaf spot/google_0233.jpg,Tomato___Septoria_leaf_spot,Strawberry___Leaf_scorch,0.885827
plantwild/extracted/plantwild/images/tomato septoria leaf spot/google_0234.jpg,Tomato___Septoria_leaf_spot,Cherry___healthy,0.286309
plantwild/extracted/plantwild/images/tomato septoria leaf spot/google_0235.jpg,Tomato___Septoria_leaf_spot,Strawberry___Leaf_scorch,0.949650
plantwild/extracted/plantwild/images/tomato septoria leaf spot/google_0237.jpg,Tomato___Septoria_leaf_spot,Tomato___Early_blight,0.954968
plantwild/extracted/plantwild/images/tomato septoria leaf spot/google_0238.jpg,Tomato___Septoria_leaf_spot,Tomato___Late_blight,0.699595
plantwild/extracted/plantwild/images/tomato septoria leaf spot/google_0241.jpg,Tomato___Septoria_leaf_spot,"Pepper,_bell___healthy",0.971178
plantwild/extracted/plantwild/images/tomato septoria leaf spot/google_0242.jpg,Tomato___Septoria_leaf_spot,Strawberry___Leaf_scorch,0.945307
plantwild/extracted/plantwild/images/tomato septoria leaf spot/google_0243.jpg,Tomato___Septoria_leaf_spot,Tomato___Septoria_leaf_spot,0.878028
plantwild/extracted/plantwild/images/tomato septoria leaf spot/google_0250.jpg,Tomato___Septoria_leaf_spot,Strawberry___Leaf_scorch,0.766942
plantwild/extracted/plantwild/images/tomato septoria leaf spot/google_0253.jpg,Tomato___Septoria_leaf_spot,Tomato___Leaf_Mold,0.833527
plantwild/extracted/plantwild/images/tomato septoria leaf spot/google_0254.jpg,Tomato___Septoria_leaf_spot,Tomato___Late_blight,0.942081
plantwild/extracted/plantwild/images/tomato septoria leaf spot/google_0255.jpg,Tomato___Septoria_leaf_spot,"Pepper,_bell___healthy",0.327366
plantwild/extracted/plantwild/images/tomato septoria leaf spot/google_0257 - Copy.jpg,Tomato___Septoria_leaf_spot,Tomato___Late_blight,0.958226
plantwild/extracted/plantwild/images/tomato septoria leaf spot/google_0257.jpg,Tomato___Septoria_leaf_spot,Tomato___Septoria_leaf_spot,0.967880
plantwild/extracted/plantwild/images/tomato septoria leaf spot/google_0258.jpg,Tomato___Septoria_leaf_spot,"Pepper,_bell___healthy",0.651191
plantwild/extracted/plantwild/images/tomato septoria leaf spot/google_0261.jpg,Tomato___Septoria_leaf_spot,"Pepper,_bell___healthy",0.753307
plantwild/extracted/plantwild/images/tomato septoria leaf spot/google_0266 - Copy.jpg,Tomato___Septoria_leaf_spot,Tomato___Early_blight,0.967270
plantwild/extracted/plantwild/images/tomato septoria leaf spot/google_0266.jpg,Tomato___Septoria_leaf_spot,Strawberry___Leaf_scorch,0.411472
plantwild/extracted/plantwild/images/tomato septoria leaf spot/google_0270 - Copy (2).jpg,Tomato___Septoria_leaf_spot,Tomato___Septoria_leaf_spot,0.959334
plantwild/extracted/plantwild/images/tomato septoria leaf spot/google_0270 - Copy (3).jpg,Tomato___Septoria_leaf_spot,Tomato___Septoria_leaf_spot,0.962601
plantwild/extracted/plantwild/images/tomato septoria leaf spot/google_0270 - Copy.jpg,Tomato___Septoria_leaf_spot,Tomato___Septoria_leaf_spot,0.870201
plantwild/extracted/plantwild/images/tomato septoria leaf spot/google_0270.jpg,Tomato___Septoria_leaf_spot,Tomato___Septoria_leaf_spot,0.898799
plantwild/extracted/plantwild/images/tomato septoria leaf spot/google_0272.jpg,Tomato___Septoria_leaf_spot,Corn___Common_rust,0.914055
plantwild/extracted/plantwild/images/tomato septoria leaf spot/google_0273 - Copy (2).jpg,Tomato___Septoria_leaf_spot,Tomato___Septoria_leaf_spot,0.956498
plantwild/extracted/plantwild/images/tomato septoria leaf spot/google_0273 - Copy.jpg,Tomato___Septoria_leaf_spot,Tomato___Tomato_Yellow_Leaf_Curl_Virus,0.960823
plantwild/extracted/plantwild/images/tomato septoria leaf spot/google_0273.jpg,Tomato___Septoria_leaf_spot,Tomato___Tomato_Yellow_Leaf_Curl_Virus,0.952276
plantwild/extracted/plantwild/images/tomato septoria leaf spot/google_0276.jpg,Tomato___Septoria_leaf_spot,Tomato___Late_blight,0.631879
plantwild/extracted/plantwild/images/tomato septoria leaf spot/google_0283.jpg,Tomato___Septoria_leaf_spot,Strawberry___Leaf_scorch,0.962984
plantwild/extracted/plantwild/images/tomato yellow leaf curl virus/1.jpg,Tomato___Tomato_Yellow_Leaf_Curl_Virus,Strawberry___Leaf_scorch,0.812603
plantwild/extracted/plantwild/images/tomato yellow leaf curl virus/10.jpg,Tomato___Tomato_Yellow_Leaf_Curl_Virus,Cherry___healthy,0.685420
plantwild/extracted/plantwild/images/tomato yellow leaf curl virus/101.jpg,Tomato___Tomato_Yellow_Leaf_Curl_Virus,Strawberry___Leaf_scorch,0.429243
plantwild/extracted/plantwild/images/tomato yellow leaf curl virus/11.jpg,Tomato___Tomato_Yellow_Leaf_Curl_Virus,Cherry___healthy,0.940438
plantwild/extracted/plantwild/images/tomato yellow leaf curl virus/115.jpg,Tomato___Tomato_Yellow_Leaf_Curl_Virus,"Pepper,_bell___healthy",0.672495
plantwild/extracted/plantwild/images/tomato yellow leaf curl virus/12.jpg,Tomato___Tomato_Yellow_Leaf_Curl_Virus,Cherry___healthy,0.595536
plantwild/extracted/plantwild/images/tomato yellow leaf curl virus/13.jpg,Tomato___Tomato_Yellow_Leaf_Curl_Virus,Cherry___healthy,0.533131
plantwild/extracted/plantwild/images/tomato yellow leaf curl virus/14.jpg,Tomato___Tomato_Yellow_Leaf_Curl_Virus,Strawberry___Leaf_scorch,0.756268
plantwild/extracted/plantwild/images/tomato yellow leaf curl virus/149.jpg,Tomato___Tomato_Yellow_Leaf_Curl_Virus,Strawberry___Leaf_scorch,0.903934
plantwild/extracted/plantwild/images/tomato yellow leaf curl virus/15.jpg,Tomato___Tomato_Yellow_Leaf_Curl_Virus,Strawberry___Leaf_scorch,0.961886
plantwild/extracted/plantwild/images/tomato yellow leaf curl virus/151.jpg,Tomato___Tomato_Yellow_Leaf_Curl_Virus,Cherry___healthy,0.902488
plantwild/extracted/plantwild/images/tomato yellow leaf curl virus/152.jpg,Tomato___Tomato_Yellow_Leaf_Curl_Virus,Cherry___healthy,0.919637
plantwild/extracted/plantwild/images/tomato yellow leaf curl virus/162.jpg,Tomato___Tomato_Yellow_Leaf_Curl_Virus,Cherry___healthy,0.839458
plantwild/extracted/plantwild/images/tomato yellow leaf curl virus/165.jpg,Tomato___Tomato_Yellow_Leaf_Curl_Virus,"Pepper,_bell___healthy",0.860418
plantwild/extracted/plantwild/images/tomato yellow leaf curl virus/166.jpg,Tomato___Tomato_Yellow_Leaf_Curl_Virus,Strawberry___Leaf_scorch,0.905858
plantwild/extracted/plantwild/images/tomato yellow leaf curl virus/167.jpg,Tomato___Tomato_Yellow_Leaf_Curl_Virus,Cherry___healthy,0.308617
plantwild/extracted/plantwild/images/tomato yellow leaf curl virus/17.jpg,Tomato___Tomato_Yellow_Leaf_Curl_Virus,Strawberry___Leaf_scorch,0.909274
plantwild/extracted/plantwild/images/tomato yellow leaf curl virus/18.jpg,Tomato___Tomato_Yellow_Leaf_Curl_Virus,Cherry___healthy,0.754945
plantwild/extracted/plantwild/images/tomato yellow leaf curl virus/19.jpg,Tomato___Tomato_Yellow_Leaf_Curl_Virus,Strawberry___Leaf_scorch,0.440581
plantwild/extracted/plantwild/images/tomato yellow leaf curl virus/2.jpg,Tomato___Tomato_Yellow_Leaf_Curl_Virus,Cherry___healthy,0.681463
plantwild/extracted/plantwild/images/tomato yellow leaf curl virus/20.jpg,Tomato___Tomato_Yellow_Leaf_Curl_Virus,Cherry___healthy,0.965462
plantwild/extracted/plantwild/images/tomato yellow leaf curl virus/21.jpg,Tomato___Tomato_Yellow_Leaf_Curl_Virus,Strawberry___Leaf_scorch,0.577026
plantwild/extracted/plantwild/images/tomato yellow leaf curl virus/22.jpg,Tomato___Tomato_Yellow_Leaf_Curl_Virus,Strawberry___Leaf_scorch,0.490753
plantwild/extracted/plantwild/images/tomato yellow leaf curl virus/227.jpg,Tomato___Tomato_Yellow_Leaf_Curl_Virus,Cherry___healthy,0.701960
plantwild/extracted/plantwild/images/tomato yellow leaf curl virus/23.jpg,Tomato___Tomato_Yellow_Leaf_Curl_Virus,Strawberry___Leaf_scorch,0.924803
plantwild/extracted/plantwild/images/tomato yellow leaf curl virus/24.jpg,Tomato___Tomato_Yellow_Leaf_Curl_Virus,Strawberry___Leaf_scorch,0.890820
plantwild/extracted/plantwild/images/tomato yellow leaf curl virus/25.jpg,Tomato___Tomato_Yellow_Leaf_Curl_Virus,"Pepper,_bell___healthy",0.629364
plantwild/extracted/plantwild/images/tomato yellow leaf curl virus/27.jpg,Tomato___Tomato_Yellow_Leaf_Curl_Virus,Cherry___healthy,0.953071
plantwild/extracted/plantwild/images/tomato yellow leaf curl virus/28.jpg,Tomato___Tomato_Yellow_Leaf_Curl_Virus,Cherry___healthy,0.956842
plantwild/extracted/plantwild/images/tomato yellow leaf curl virus/29.jpg,Tomato___Tomato_Yellow_Leaf_Curl_Virus,Strawberry___Leaf_scorch,0.942122
plantwild/extracted/plantwild/images/tomato yellow leaf curl virus/3.jpg,Tomato___Tomato_Yellow_Leaf_Curl_Virus,Cherry___healthy,0.625539
plantwild/extracted/plantwild/images/tomato yellow leaf curl virus/31.jpg,Tomato___Tomato_Yellow_Leaf_Curl_Virus,Cherry___healthy,0.580635
plantwild/extracted/plantwild/images/tomato yellow leaf curl virus/32.jpg,Tomato___Tomato_Yellow_Leaf_Curl_Virus,Tomato___Tomato_Yellow_Leaf_Curl_Virus,0.919357
plantwild/extracted/plantwild/images/tomato yellow leaf curl virus/35.jpg,Tomato___Tomato_Yellow_Leaf_Curl_Virus,Cherry___healthy,0.734966
plantwild/extracted/plantwild/images/tomato yellow leaf curl virus/36.jpg,Tomato___Tomato_Yellow_Leaf_Curl_Virus,"Pepper,_bell___healthy",0.365770
plantwild/extracted/plantwild/images/tomato yellow leaf curl virus/37.jpg,Tomato___Tomato_Yellow_Leaf_Curl_Virus,Cherry___healthy,0.833519
plantwild/extracted/plantwild/images/tomato yellow leaf curl virus/38.jpg,Tomato___Tomato_Yellow_Leaf_Curl_Virus,Squash___Powdery_mildew,0.327675
plantwild/extracted/plantwild/images/tomato yellow leaf curl virus/4.jpg,Tomato___Tomato_Yellow_Leaf_Curl_Virus,"Pepper,_bell___healthy",0.875971
plantwild/extracted/plantwild/images/tomato yellow leaf curl virus/40.jpg,Tomato___Tomato_Yellow_Leaf_Curl_Virus,Cherry___healthy,0.826023
plantwild/extracted/plantwild/images/tomato yellow leaf curl virus/41.jpg,Tomato___Tomato_Yellow_Leaf_Curl_Virus,"Pepper,_bell___healthy",0.684320
plantwild/extracted/plantwild/images/tomato yellow leaf curl virus/42.jpg,Tomato___Tomato_Yellow_Leaf_Curl_Virus,Cherry___healthy,0.611229
plantwild/extracted/plantwild/images/tomato yellow leaf curl virus/43 - Copy (2).jpg,Tomato___Tomato_Yellow_Leaf_Curl_Virus,Cherry___healthy,0.602114
plantwild/extracted/plantwild/images/tomato yellow leaf curl virus/43 - Copy.jpg,Tomato___Tomato_Yellow_Leaf_Curl_Virus,Corn___healthy,0.252663
plantwild/extracted/plantwild/images/tomato yellow leaf curl virus/43.jpg,Tomato___Tomato_Yellow_Leaf_Curl_Virus,Cherry___healthy,0.394047
plantwild/extracted/plantwild/images/tomato yellow leaf curl virus/44.jpg,Tomato___Tomato_Yellow_Leaf_Curl_Virus,Strawberry___Leaf_scorch,0.949272
plantwild/extracted/plantwild/images/tomato yellow leaf curl virus/45.jpg,Tomato___Tomato_Yellow_Leaf_Curl_Virus,"Pepper,_bell___healthy",0.477734
plantwild/extracted/plantwild/images/tomato yellow leaf curl virus/47.jpg,Tomato___Tomato_Yellow_Leaf_Curl_Virus,Cherry___healthy,0.715299
plantwild/extracted/plantwild/images/tomato yellow leaf curl virus/49.jpg,Tomato___Tomato_Yellow_Leaf_Curl_Virus,Cherry___healthy,0.865626
plantwild/extracted/plantwild/images/tomato yellow leaf curl virus/5.jpg,Tomato___Tomato_Yellow_Leaf_Curl_Virus,"Pepper,_bell___healthy",0.291399
plantwild/extracted/plantwild/images/tomato yellow leaf curl virus/50.jpg,Tomato___Tomato_Yellow_Leaf_Curl_Virus,Cherry___healthy,0.862774
plantwild/extracted/plantwild/images/tomato yellow leaf curl virus/51.jpg,Tomato___Tomato_Yellow_Leaf_Curl_Virus,Cherry___healthy,0.793848
plantwild/extracted/plantwild/images/tomato yellow leaf curl virus/59.jpg,Tomato___Tomato_Yellow_Leaf_Curl_Virus,Cherry___healthy,0.950980
plantwild/extracted/plantwild/images/tomato yellow leaf curl virus/6.jpg,Tomato___Tomato_Yellow_Leaf_Curl_Virus,Cherry___healthy,0.602886
plantwild/extracted/plantwild/images/tomato yellow leaf curl virus/62.jpg,Tomato___Tomato_Yellow_Leaf_Curl_Virus,Strawberry___Leaf_scorch,0.964990
plantwild/extracted/plantwild/images/tomato yellow leaf curl virus/64.jpg,Tomato___Tomato_Yellow_Leaf_Curl_Virus,Cherry___healthy,0.812270
plantwild/extracted/plantwild/images/tomato yellow leaf curl virus/68.jpg,Tomato___Tomato_Yellow_Leaf_Curl_Virus,Strawberry___Leaf_scorch,0.355201
plantwild/extracted/plantwild/images/tomato yellow leaf curl virus/69.jpg,Tomato___Tomato_Yellow_Leaf_Curl_Virus,Strawberry___Leaf_scorch,0.887063
plantwild/extracted/plantwild/images/tomato yellow leaf curl virus/7 - Copy.jpg,Tomato___Tomato_Yellow_Leaf_Curl_Virus,Cherry___healthy,0.705411
plantwild/extracted/plantwild/images/tomato yellow leaf curl virus/7.jpg,Tomato___Tomato_Yellow_Leaf_Curl_Virus,Cherry___healthy,0.578005
plantwild/extracted/plantwild/images/tomato yellow leaf curl virus/72.jpg,Tomato___Tomato_Yellow_Leaf_Curl_Virus,Cherry___healthy,0.639277
plantwild/extracted/plantwild/images/tomato yellow leaf curl virus/77.jpg,Tomato___Tomato_Yellow_Leaf_Curl_Virus,Strawberry___Leaf_scorch,0.883658
plantwild/extracted/plantwild/images/tomato yellow leaf curl virus/78.jpg,Tomato___Tomato_Yellow_Leaf_Curl_Virus,Cherry___healthy,0.598932
plantwild/extracted/plantwild/images/tomato yellow leaf curl virus/79.jpg,Tomato___Tomato_Yellow_Leaf_Curl_Virus,Cherry___healthy,0.696090
plantwild/extracted/plantwild/images/tomato yellow leaf curl virus/8.jpg,Tomato___Tomato_Yellow_Leaf_Curl_Virus,"Pepper,_bell___healthy",0.348318
plantwild/extracted/plantwild/images/tomato yellow leaf curl virus/80.jpg,Tomato___Tomato_Yellow_Leaf_Curl_Virus,Cherry___healthy,0.841856
plantwild/extracted/plantwild/images/tomato yellow leaf curl virus/85.jpg,Tomato___Tomato_Yellow_Leaf_Curl_Virus,Strawberry___Leaf_scorch,0.961057
plantwild/extracted/plantwild/images/tomato yellow leaf curl virus/9.jpg,Tomato___Tomato_Yellow_Leaf_Curl_Virus,Strawberry___Leaf_scorch,0.937853
plantwild/extracted/plantwild/images/tomato yellow leaf curl virus/99.jpg,Tomato___Tomato_Yellow_Leaf_Curl_Virus,Strawberry___Leaf_scorch,0.678514
plantwild/extracted/plantwild/images/tomato yellow leaf curl virus/google_0000.jpg,Tomato___Tomato_Yellow_Leaf_Curl_Virus,Strawberry___Leaf_scorch,0.853308
plantwild/extracted/plantwild/images/tomato yellow leaf curl virus/google_0001.jpg,Tomato___Tomato_Yellow_Leaf_Curl_Virus,Cherry___healthy,0.926663
plantwild/extracted/plantwild/images/tomato yellow leaf curl virus/google_0004.jpg,Tomato___Tomato_Yellow_Leaf_Curl_Virus,Tomato___Tomato_Yellow_Leaf_Curl_Virus,0.915985
plantwild/extracted/plantwild/images/tomato yellow leaf curl virus/google_0005.jpg,Tomato___Tomato_Yellow_Leaf_Curl_Virus,"Pepper,_bell___healthy",0.473099
plantwild/extracted/plantwild/images/tomato yellow leaf curl virus/google_0007.jpg,Tomato___Tomato_Yellow_Leaf_Curl_Virus,Cherry___healthy,0.368424
plantwild/extracted/plantwild/images/tomato yellow leaf curl virus/google_0008.jpg,Tomato___Tomato_Yellow_Leaf_Curl_Virus,Cherry___healthy,0.872105
plantwild/extracted/plantwild/images/tomato yellow leaf curl virus/google_0009.jpg,Tomato___Tomato_Yellow_Leaf_Curl_Virus,"Pepper,_bell___healthy",0.950609
plantwild/extracted/plantwild/images/tomato yellow leaf curl virus/google_0010.jpg,Tomato___Tomato_Yellow_Leaf_Curl_Virus,"Pepper,_bell___healthy",0.380928
plantwild/extracted/plantwild/images/tomato yellow leaf curl virus/google_0012.jpg,Tomato___Tomato_Yellow_Leaf_Curl_Virus,Cherry___healthy,0.942994
plantwild/extracted/plantwild/images/tomato yellow leaf curl virus/google_0013.jpg,Tomato___Tomato_Yellow_Leaf_Curl_Virus,Strawberry___Leaf_scorch,0.630938
plantwild/extracted/plantwild/images/tomato yellow leaf curl virus/google_0015.jpg,Tomato___Tomato_Yellow_Leaf_Curl_Virus,"Pepper,_bell___healthy",0.667017
plantwild/extracted/plantwild/images/tomato yellow leaf curl virus/google_0016.jpg,Tomato___Tomato_Yellow_Leaf_Curl_Virus,Grape___Esca_(Black_Measles),0.467812
plantwild/extracted/plantwild/images/tomato yellow leaf curl virus/google_0018.jpg,Tomato___Tomato_Yellow_Leaf_Curl_Virus,Cherry___healthy,0.480169
plantwild/extracted/plantwild/images/tomato yellow leaf curl virus/google_0021.jpg,Tomato___Tomato_Yellow_Leaf_Curl_Virus,Cherry___healthy,0.569467
plantwild/extracted/plantwild/images/tomato yellow leaf curl virus/google_0023.jpg,Tomato___Tomato_Yellow_Leaf_Curl_Virus,Cherry___healthy,0.465345
plantwild/extracted/plantwild/images/tomato yellow leaf curl virus/google_0024.jpg,Tomato___Tomato_Yellow_Leaf_Curl_Virus,Strawberry___Leaf_scorch,0.451601
plantwild/extracted/plantwild/images/tomato yellow leaf curl virus/google_0027.jpg,Tomato___Tomato_Yellow_Leaf_Curl_Virus,"Pepper,_bell___healthy",0.675764
plantwild/extracted/plantwild/images/tomato yellow leaf curl virus/google_0028.jpg,Tomato___Tomato_Yellow_Leaf_Curl_Virus,"Pepper,_bell___healthy",0.917104
plantwild/extracted/plantwild/images/tomato yellow leaf curl virus/google_0029.jpg,Tomato___Tomato_Yellow_Leaf_Curl_Virus,Cherry___healthy,0.448694
plantwild/extracted/plantwild/images/tomato yellow leaf curl virus/google_0031.jpg,Tomato___Tomato_Yellow_Leaf_Curl_Virus,"Pepper,_bell___healthy",0.620095
plantwild/extracted/plantwild/images/tomato yellow leaf curl virus/google_0032.jpg,Tomato___Tomato_Yellow_Leaf_Curl_Virus,Tomato___Tomato_Yellow_Leaf_Curl_Virus,0.568941
plantwild/extracted/plantwild/images/tomato yellow leaf curl virus/google_0033.jpg,Tomato___Tomato_Yellow_Leaf_Curl_Virus,Cherry___healthy,0.934683
plantwild/extracted/plantwild/images/tomato yellow leaf curl virus/google_0034 - Copy (2).jpg,Tomato___Tomato_Yellow_Leaf_Curl_Virus,Tomato___Late_blight,0.934395
plantwild/extracted/plantwild/images/tomato yellow leaf curl virus/google_0034 - Copy (3).jpg,Tomato___Tomato_Yellow_Leaf_Curl_Virus,Tomato___Leaf_Mold,0.965506
plantwild/extracted/plantwild/images/tomato yellow leaf curl virus/google_0034 - Copy.jpg,Tomato___Tomato_Yellow_Leaf_Curl_Virus,Tomato___Late_blight,0.969950
plantwild/extracted/plantwild/images/tomato yellow leaf curl virus/google_0034.jpg,Tomato___Tomato_Yellow_Leaf_Curl_Virus,Tomato___Late_blight,0.968662
plantwild/extracted/plantwild/images/tomato yellow leaf curl virus/google_0037.jpg,Tomato___Tomato_Yellow_Leaf_Curl_Virus,"Pepper,_bell___healthy",0.300498
plantwild/extracted/plantwild/images/tomato yellow leaf curl virus/google_0046.jpg,Tomato___Tomato_Yellow_Leaf_Curl_Virus,"Pepper,_bell___healthy",0.960833
plantwild/extracted/plantwild/images/tomato yellow leaf curl virus/google_0047.jpg,Tomato___Tomato_Yellow_Leaf_Curl_Virus,Cherry___healthy,0.802280
plantwild/extracted/plantwild/images/tomato yellow leaf curl virus/google_0048.jpg,Tomato___Tomato_Yellow_Leaf_Curl_Virus,Cherry___healthy,0.935461
plantwild/extracted/plantwild/images/tomato yellow leaf curl virus/google_0049.jpg,Tomato___Tomato_Yellow_Leaf_Curl_Virus,Strawberry___Leaf_scorch,0.755433
plantwild/extracted/plantwild/images/tomato yellow leaf curl virus/google_0051.jpg,Tomato___Tomato_Yellow_Leaf_Curl_Virus,"Pepper,_bell___healthy",0.827544
plantwild/extracted/plantwild/images/tomato yellow leaf curl virus/google_0052 - Copy (2).jpg,Tomato___Tomato_Yellow_Leaf_Curl_Virus,"Pepper,_bell___healthy",0.651459
plantwild/extracted/plantwild/images/tomato yellow leaf curl virus/google_0052 - Copy (3).jpg,Tomato___Tomato_Yellow_Leaf_Curl_Virus,Cherry___healthy,0.913613
plantwild/extracted/plantwild/images/tomato yellow leaf curl virus/google_0052 - Copy.jpg,Tomato___Tomato_Yellow_Leaf_Curl_Virus,"Pepper,_bell___healthy",0.263047
plantwild/extracted/plantwild/images/tomato yellow leaf curl virus/google_0053.jpg,Tomato___Tomato_Yellow_Leaf_Curl_Virus,Cherry___healthy,0.398486
plantwild/extracted/plantwild/images/tomato yellow leaf curl virus/google_0054.jpg,Tomato___Tomato_Yellow_Leaf_Curl_Virus,"Pepper,_bell___healthy",0.496092
plantwild/extracted/plantwild/images/tomato yellow leaf curl virus/google_0055.jpg,Tomato___Tomato_Yellow_Leaf_Curl_Virus,Strawberry___Leaf_scorch,0.568872
plantwild/extracted/plantwild/images/tomato yellow leaf curl virus/google_0056.jpg,Tomato___Tomato_Yellow_Leaf_Curl_Virus,Strawberry___Leaf_scorch,0.378966
plantwild/extracted/plantwild/images/tomato yellow leaf curl virus/google_0058.jpg,Tomato___Tomato_Yellow_Leaf_Curl_Virus,Tomato___Tomato_Yellow_Leaf_Curl_Virus,0.950468
plantwild/extracted/plantwild/images/tomato yellow leaf curl virus/google_0060.jpg,Tomato___Tomato_Yellow_Leaf_Curl_Virus,Cherry___healthy,0.910412
plantwild/extracted/plantwild/images/tomato yellow leaf curl virus/google_0061.jpg,Tomato___Tomato_Yellow_Leaf_Curl_Virus,"Pepper,_bell___healthy",0.618415
plantwild/extracted/plantwild/images/tomato yellow leaf curl virus/google_0062.jpg,Tomato___Tomato_Yellow_Leaf_Curl_Virus,Cherry___healthy,0.394821
plantwild/extracted/plantwild/images/tomato yellow leaf curl virus/google_0063.jpg,Tomato___Tomato_Yellow_Leaf_Curl_Virus,Strawberry___Leaf_scorch,0.810823
plantwild/extracted/plantwild/images/tomato yellow leaf curl virus/google_0064.jpg,Tomato___Tomato_Yellow_Leaf_Curl_Virus,"Pepper,_bell___healthy",0.938263
plantwild/extracted/plantwild/images/tomato yellow leaf curl virus/google_0065.jpg,Tomato___Tomato_Yellow_Leaf_Curl_Virus,Cherry___healthy,0.536218
plantwild/extracted/plantwild/images/tomato yellow leaf curl virus/google_0066.jpg,Tomato___Tomato_Yellow_Leaf_Curl_Virus,Cherry___healthy,0.910396
plantwild/extracted/plantwild/images/tomato yellow leaf curl virus/google_0067.jpg,Tomato___Tomato_Yellow_Leaf_Curl_Virus,Strawberry___Leaf_scorch,0.420284
plantwild/extracted/plantwild/images/tomato yellow leaf curl virus/google_0068.jpg,Tomato___Tomato_Yellow_Leaf_Curl_Virus,Cherry___healthy,0.568602
plantwild/extracted/plantwild/images/tomato yellow leaf curl virus/google_0070.jpg,Tomato___Tomato_Yellow_Leaf_Curl_Virus,Strawberry___Leaf_scorch,0.560098
plantwild/extracted/plantwild/images/tomato yellow leaf curl virus/google_0072 - Copy.jpg,Tomato___Tomato_Yellow_Leaf_Curl_Virus,"Pepper,_bell___healthy",0.730291
plantwild/extracted/plantwild/images/tomato yellow leaf curl virus/google_0072.jpg,Tomato___Tomato_Yellow_Leaf_Curl_Virus,"Pepper,_bell___healthy",0.548963
plantwild/extracted/plantwild/images/tomato yellow leaf curl virus/google_0074 - Copy.jpg,Tomato___Tomato_Yellow_Leaf_Curl_Virus,Strawberry___Leaf_scorch,0.714053
plantwild/extracted/plantwild/images/tomato yellow leaf curl virus/google_0074.jpg,Tomato___Tomato_Yellow_Leaf_Curl_Virus,Tomato___Tomato_Yellow_Leaf_Curl_Virus,0.945574
plantwild/extracted/plantwild/images/tomato yellow leaf curl virus/google_0075.jpg,Tomato___Tomato_Yellow_Leaf_Curl_Virus,"Pepper,_bell___healthy",0.649758
plantwild/extracted/plantwild/images/tomato yellow leaf curl virus/google_0076.jpg,Tomato___Tomato_Yellow_Leaf_Curl_Virus,"Pepper,_bell___healthy",0.522160
plantwild/extracted/plantwild/images/tomato yellow leaf curl virus/google_0077.jpg,Tomato___Tomato_Yellow_Leaf_Curl_Virus,Cherry___healthy,0.765080
plantwild/extracted/plantwild/images/tomato yellow leaf curl virus/google_0078.jpg,Tomato___Tomato_Yellow_Leaf_Curl_Virus,"Pepper,_bell___healthy",0.600641
plantwild/extracted/plantwild/images/tomato yellow leaf curl virus/google_0080.jpg,Tomato___Tomato_Yellow_Leaf_Curl_Virus,"Pepper,_bell___healthy",0.848713
plantwild/extracted/plantwild/images/tomato yellow leaf curl virus/google_0085.jpg,Tomato___Tomato_Yellow_Leaf_Curl_Virus,Cherry___healthy,0.731109
plantwild/extracted/plantwild/images/tomato yellow leaf curl virus/google_0087.jpg,Tomato___Tomato_Yellow_Leaf_Curl_Virus,"Pepper,_bell___healthy",0.945229
plantwild/extracted/plantwild/images/tomato yellow leaf curl virus/google_0089.jpg,Tomato___Tomato_Yellow_Leaf_Curl_Virus,Cherry___healthy,0.914240
plantwild/extracted/plantwild/images/tomato yellow leaf curl virus/google_0092.jpg,Tomato___Tomato_Yellow_Leaf_Curl_Virus,"Pepper,_bell___healthy",0.971732
plantwild/extracted/plantwild/images/tomato yellow leaf curl virus/google_0094.jpg,Tomato___Tomato_Yellow_Leaf_Curl_Virus,Cherry___healthy,0.733664
plantwild/extracted/plantwild/images/tomato yellow leaf curl virus/google_0095.jpg,Tomato___Tomato_Yellow_Leaf_Curl_Virus,Cherry___healthy,0.560576
plantwild/extracted/plantwild/images/tomato yellow leaf curl virus/google_0096.jpg,Tomato___Tomato_Yellow_Leaf_Curl_Virus,Cherry___healthy,0.659210
plantwild/extracted/plantwild/images/tomato yellow leaf curl virus/google_0098.jpg,Tomato___Tomato_Yellow_Leaf_Curl_Virus,Cherry___healthy,0.865697
plantwild/extracted/plantwild/images/tomato yellow leaf curl virus/google_0100.jpg,Tomato___Tomato_Yellow_Leaf_Curl_Virus,"Pepper,_bell___healthy",0.390220
plantwild/extracted/plantwild/images/tomato yellow leaf curl virus/google_0102.jpg,Tomato___Tomato_Yellow_Leaf_Curl_Virus,"Pepper,_bell___healthy",0.964703
plantwild/extracted/plantwild/images/tomato yellow leaf curl virus/google_0103.jpg,Tomato___Tomato_Yellow_Leaf_Curl_Virus,Tomato___Late_blight,0.677728
plantwild/extracted/plantwild/images/tomato yellow leaf curl virus/google_0105.jpg,Tomato___Tomato_Yellow_Leaf_Curl_Virus,Squash___Powdery_mildew,0.579843
plantwild/extracted/plantwild/images/tomato yellow leaf curl virus/google_0106.jpg,Tomato___Tomato_Yellow_Leaf_Curl_Virus,Cherry___healthy,0.823129
plantwild/extracted/plantwild/images/tomato yellow leaf curl virus/google_0109.jpg,Tomato___Tomato_Yellow_Leaf_Curl_Virus,Cherry___healthy,0.928244
plantwild/extracted/plantwild/images/tomato yellow leaf curl virus/google_0110.jpg,Tomato___Tomato_Yellow_Leaf_Curl_Virus,"Pepper,_bell___healthy",0.790659
plantwild/extracted/plantwild/images/tomato yellow leaf curl virus/google_0111.jpg,Tomato___Tomato_Yellow_Leaf_Curl_Virus,Corn___healthy,0.873049
plantwild/extracted/plantwild/images/tomato yellow leaf curl virus/google_0112.jpg,Tomato___Tomato_Yellow_Leaf_Curl_Virus,Cherry___healthy,0.951100
plantwild/extracted/plantwild/images/tomato yellow leaf curl virus/google_0114.jpg,Tomato___Tomato_Yellow_Leaf_Curl_Virus,Cherry___healthy,0.860390
plantwild/extracted/plantwild/images/tomato yellow leaf curl virus/google_0115.jpg,Tomato___Tomato_Yellow_Leaf_Curl_Virus,Cherry___healthy,0.451329
plantwild/extracted/plantwild/images/tomato yellow leaf curl virus/google_0118.jpg,Tomato___Tomato_Yellow_Leaf_Curl_Virus,"Pepper,_bell___healthy",0.548000
plantwild/extracted/plantwild/images/tomato yellow leaf curl virus/google_0120.jpg,Tomato___Tomato_Yellow_Leaf_Curl_Virus,Strawberry___Leaf_scorch,0.821943
plantwild/extracted/plantwild/images/tomato yellow leaf curl virus/google_0121 - Copy.jpg,Tomato___Tomato_Yellow_Leaf_Curl_Virus,Tomato___Early_blight,0.323912
plantwild/extracted/plantwild/images/tomato yellow leaf curl virus/google_0121.jpg,Tomato___Tomato_Yellow_Leaf_Curl_Virus,Cherry___healthy,0.578247
plantwild/extracted/plantwild/images/tomato yellow leaf curl virus/google_0122.jpg,Tomato___Tomato_Yellow_Leaf_Curl_Virus,"Pepper,_bell___healthy",0.954144
plantwild/extracted/plantwild/images/tomato yellow leaf curl virus/google_0124.jpg,Tomato___Tomato_Yellow_Leaf_Curl_Virus,Soybean___healthy,0.588901
plantwild/extracted/plantwild/images/tomato yellow leaf curl virus/google_0127.jpg,Tomato___Tomato_Yellow_Leaf_Curl_Virus,"Pepper,_bell___healthy",0.750643
plantwild/extracted/plantwild/images/tomato yellow leaf curl virus/google_0135.jpg,Tomato___Tomato_Yellow_Leaf_Curl_Virus,"Pepper,_bell___healthy",0.947437
plantwild/extracted/plantwild/images/tomato yellow leaf curl virus/google_0138.jpg,Tomato___Tomato_Yellow_Leaf_Curl_Virus,Cherry___healthy,0.905533
plantwild/extracted/plantwild/images/tomato yellow leaf curl virus/google_0139.jpg,Tomato___Tomato_Yellow_Leaf_Curl_Virus,Cherry___healthy,0.762983
plantwild/extracted/plantwild/images/tomato yellow leaf curl virus/google_0140.jpg,Tomato___Tomato_Yellow_Leaf_Curl_Virus,Cherry___healthy,0.806736
plantwild/extracted/plantwild/images/tomato yellow leaf curl virus/google_0141.jpg,Tomato___Tomato_Yellow_Leaf_Curl_Virus,Cherry___healthy,0.895170
plantwild/extracted/plantwild/images/tomato yellow leaf curl virus/google_0146.jpg,Tomato___Tomato_Yellow_Leaf_Curl_Virus,Cherry___healthy,0.902873
plantwild/extracted/plantwild/images/tomato yellow leaf curl virus/google_0147.jpg,Tomato___Tomato_Yellow_Leaf_Curl_Virus,Tomato___Tomato_Yellow_Leaf_Curl_Virus,0.772474
plantwild/extracted/plantwild/images/tomato yellow leaf curl virus/google_0148 - Copy.jpg,Tomato___Tomato_Yellow_Leaf_Curl_Virus,Tomato___Tomato_Yellow_Leaf_Curl_Virus,0.439048
plantwild/extracted/plantwild/images/tomato yellow leaf curl virus/google_0148.jpg,Tomato___Tomato_Yellow_Leaf_Curl_Virus,Corn___healthy,0.883013
plantwild/extracted/plantwild/images/tomato yellow leaf curl virus/google_0150.jpg,Tomato___Tomato_Yellow_Leaf_Curl_Virus,Cherry___healthy,0.896778
plantwild/extracted/plantwild/images/tomato yellow leaf curl virus/google_0151.jpg,Tomato___Tomato_Yellow_Leaf_Curl_Virus,"Pepper,_bell___healthy",0.349798
plantwild/extracted/plantwild/images/tomato yellow leaf curl virus/google_0155.jpg,Tomato___Tomato_Yellow_Leaf_Curl_Virus,Cherry___healthy,0.872825
plantwild/extracted/plantwild/images/tomato yellow leaf curl virus/google_0162.jpg,Tomato___Tomato_Yellow_Leaf_Curl_Virus,Cherry___healthy,0.630751
plantwild/extracted/plantwild/images/tomato yellow leaf curl virus/google_0163.jpg,Tomato___Tomato_Yellow_Leaf_Curl_Virus,Cherry___healthy,0.825861
plantwild/extracted/plantwild/images/tomato yellow leaf curl virus/google_0171.jpg,Tomato___Tomato_Yellow_Leaf_Curl_Virus,Cherry___healthy,0.845273
plantwild/extracted/plantwild/images/tomato yellow leaf curl virus/google_0172.jpg,Tomato___Tomato_Yellow_Leaf_Curl_Virus,"Pepper,_bell___healthy",0.359230
plantwild/extracted/plantwild/images/tomato yellow leaf curl virus/google_0173.jpg,Tomato___Tomato_Yellow_Leaf_Curl_Virus,"Pepper,_bell___healthy",0.796063
plantwild/extracted/plantwild/images/tomato yellow leaf curl virus/google_0174.jpg,Tomato___Tomato_Yellow_Leaf_Curl_Virus,"Pepper,_bell___healthy",0.392428
