path,true,pred,top1_prob
plantwild/extracted/plantwild/images/apple black rot/1.jpg,Apple___Black_rot,Strawberry___Leaf_scorch,0.669622
plantwild/extracted/plantwild/images/apple black rot/10.jpg,Apple___Black_rot,Strawberry___Leaf_scorch,0.887559
plantwild/extracted/plantwild/images/apple black rot/100.jpg,Apple___Black_rot,Strawberry___Leaf_scorch,0.382845
plantwild/extracted/plantwild/images/apple black rot/109.jpg,Apple___Black_rot,Orange___Haunglongbing_(Citrus_greening),0.759817
plantwild/extracted/plantwild/images/apple black rot/11.jpg,Apple___Black_rot,Strawberry___Leaf_scorch,0.430802
plantwild/extracted/plantwild/images/apple black rot/111.jpg,Apple___Black_rot,Strawberry___Leaf_scorch,0.884758
plantwild/extracted/plantwild/images/apple black rot/12.jpg,Apple___Black_rot,Strawberry___Leaf_scorch,0.610898
plantwild/extracted/plantwild/images/apple black rot/14.jpg,Apple___Black_rot,Corn___Northern_Leaf_Blight,0.929045
plantwild/extracted/plantwild/images/apple black rot/143.jpg,Apple___Black_rot,"Pepper,_bell___healthy",0.453185
plantwild/extracted/plantwild/images/apple black rot/144.jpg,Apple___Black_rot,Strawberry___Leaf_scorch,0.789829
plantwild/extracted/plantwild/images/apple black rot/145.jpg,Apple___Black_rot,Strawberry___Leaf_scorch,0.933708
plantwild/extracted/plantwild/images/apple black rot/147.jpg,Apple___Black_rot,Strawberry___Leaf_scorch,0.809444
plantwild/extracted/plantwild/images/apple black rot/148.jpg,Apple___Black_rot,Strawberry___Leaf_scorch,0.951418
plantwild/extracted/plantwild/images/apple black rot/149.jpg,Apple___Black_rot,Tomato___healthy,0.282158
plantwild/extracted/plantwild/images/apple black rot/15.jpg,Apple___Black_rot,Tomato___healthy,0.373808
plantwild/extracted/plantwild/images/apple black rot/150.jpg,Apple___Black_rot,Corn___Northern_Leaf_Blight,0.922360
plantwild/extracted/plantwild/images/apple black rot/151.jpg,Apple___Black_rot,Strawberry___Leaf_scorch,0.867784
plantwild/extracted/plantwild/images/apple black rot/152.jpg,Apple___Black_rot,Tomato___Early_blight,0.629898
plantwild/extracted/plantwild/images/apple black rot/155.jpg,Apple___Black_rot,Strawberry___Leaf_scorch,0.892420
plantwild/extracted/plantwild/images/apple black rot/156.jpg,Apple___Black_rot,Grape___Black_rot,0.849906
plantwild/extracted/plantwild/images/apple black rot/16.jpg,Apple___Black_rot,Strawberry___Leaf_scorch,0.236797
plantwild/extracted/plantwild/images/apple black rot/164.jpg,Apple___Black_rot,Apple___Cedar_apple_rust,0.940633
plantwild/extracted/plantwild/images/apple black rot/167.jpg,Apple___Black_rot,"Pepper,_bell___healthy",0.687030
plantwild/extracted/plantwild/images/apple black rot/168.jpg,Apple___Black_rot,Corn___Common_rust,0.658192
plantwild/extracted/plantwild/images/apple black rot/17.jpg,Apple___Black_rot,"Pepper,_bell___healthy",0.468199
plantwild/extracted/plantwild/images/apple black rot/171.jpg,Apple___Black_rot,Strawberry___Leaf_scorch,0.931536
plantwild/extracted/plantwild/images/apple black rot/175.jpg,Apple___Black_rot,Squash___Powdery_mildew,0.492623
plantwild/extracted/plantwild/images/apple black rot/18.jpg,Apple___Black_rot,"Pepper,_bell___healthy",0.844986
plantwild/extracted/plantwild/images/apple black rot/187.jpg,Apple___Black_rot,Strawberry___Leaf_scorch,0.562765
plantwild/extracted/plantwild/images/apple black rot/19.jpg,Apple___Black_rot,Strawberry___Leaf_scorch,0.951596
plantwild/extracted/plantwild/images/apple black rot/2.jpg,Apple___Black_rot,"Pepper,_bell___healthy",0.944119
plantwild/extracted/plantwild/images/apple black rot/20.jpg,Apple___Black_rot,Corn___Northern_Leaf_Blight,0.852091
plantwild/extracted/plantwild/images/apple black rot/21.jpg,Apple___Black_rot,Strawberry___Leaf_scorch,0.917092
plantwild/extracted/plantwild/images/apple black rot/211.jpg,Apple___Black_rot,Strawberry___Leaf_scorch,0.939496
plantwild/extracted/plantwild/images/apple black rot/28.jpg,Apple___Black_rot,Grape___Black_rot,0.945732
plantwild/extracted/plantwild/images/apple black rot/3.jpg,Apple___Black_rot,"Pepper,_bell___healthy",0.606584
plantwild/extracted/plantwild/images/apple black rot/32.jpg,Apple___Black_rot,Strawberry___Leaf_scorch,0.951485
plantwild/extracted/plantwild/images/apple black rot/33.jpg,Apple___Black_rot,"Pepper,_bell___healthy",0.924044
plantwild/extracted/plantwild/images/apple black rot/34.jpg,Apple___Black_rot,"Pepper,_bell___healthy",0.836802
plantwild/extracted/plantwild/images/apple black rot/35.jpg,Apple___Black_rot,Tomato___healthy,0.834161
plantwild/extracted/plantwild/images/apple black rot/37.jpg,Apple___Black_rot,Corn___Northern_Leaf_Blight,0.084189
plantwild/extracted/plantwild/images/apple black rot/38 - Copy (2).jpg,Apple___Black_rot,Tomato___healthy,0.422636
plantwild/extracted/plantwild/images/apple black rot/38 - Copy.jpg,Apple___Black_rot,Tomato___Early_blight,0.899671
plantwild/extracted/plantwild/images/apple black rot/38.jpg,Apple___Black_rot,Corn___healthy,0.385121
plantwild/extracted/plantwild/images/apple black rot/39.jpg,Apple___Black_rot,Corn___Cercospora_leaf_spot Gray_leaf_spot,0.777916
plantwild/extracted/plantwild/images/apple black rot/4.jpg,Apple___Black_rot,Strawberry___Leaf_scorch,0.554544
plantwild/extracted/plantwild/images/apple black rot/44.jpg,Apple___Black_rot,Tomato___Early_blight,0.313792
plantwild/extracted/plantwild/images/apple black rot/46.jpg,Apple___Black_rot,Tomato___Early_blight,0.706007
plantwild/extracted/plantwild/images/apple black rot/47.jpg,Apple___Black_rot,Tomato___Early_blight,0.847780
plantwild/extracted/plantwild/images/apple black rot/48.jpg,Apple___Black_rot,Strawberry___Leaf_scorch,0.791123
plantwild/extracted/plantwild/images/apple black rot/5.jpg,Apple___Black_rot,Orange___Haunglongbing_(Citrus_greening),0.946931
plantwild/extracted/plantwild/images/apple black rot/52.jpg,Apple___Black_rot,Corn___Common_rust,0.228640
plantwild/extracted/plantwild/images/apple black rot/53.jpg,Apple___Black_rot,Strawberry___Leaf_scorch,0.364330
plantwild/extracted/plantwild/images/apple black rot/58.jpg,Apple___Black_rot,Strawberry___Leaf_scorch,0.695361
plantwild/extracted/plantwild/images/apple black rot/59.jpg,Apple___Black_rot,Strawberry___Leaf_scorch,0.921412
plantwild/extracted/plantwild/images/apple black rot/6.jpg,Apple___Black_rot,Strawberry___Leaf_scorch,0.853392
plantwild/extracted/plantwild/images/apple black rot/60.jpg,Apple___Black_rot,Tomato___healthy,0.351018
plantwild/extracted/plantwild/images/apple black rot/61.jpg,Apple___Black_rot,Corn___Cercospora_leaf_spot Gray_leaf_spot,0.913859
plantwild/extracted/plantwild/images/apple black rot/62.jpg,Apple___Black_rot,Tomato___Septoria_leaf_spot,0.472749
plantwild/extracted/plantwild/images/apple black rot/66.jpg,Apple___Black_rot,Tomato___Late_blight,0.853369
plantwild/extracted/plantwild/images/apple black rot/67.jpg,Apple___Black_rot,"Pepper,_bell___healthy",0.356426
plantwild/extracted/plantwild/images/apple black rot/68.jpg,Apple___Black_rot,"Pepper,_bell___healthy",0.932285
plantwild/extracted/plantwild/images/apple black rot/69.jpg,Apple___Black_rot,"Pepper,_bell___healthy",0.265675
plantwild/extracted/plantwild/images/apple black rot/7.jpg,Apple___Black_rot,"Pepper,_bell___healthy",0.405237
plantwild/extracted/plantwild/images/apple black rot/70.jpg,Apple___Black_rot,Tomato___healthy,0.452413
plantwild/extracted/plantwild/images/apple black rot/72.jpg,Apple___Black_rot,Strawberry___Leaf_scorch,0.869392
plantwild/extracted/plantwild/images/apple black rot/73.jpg,Apple___Black_rot,Strawberry___Leaf_scorch,0.845755
plantwild/extracted/plantwild/images/apple black rot/74.jpg,Apple___Black_rot,Strawberry___Leaf_scorch,0.677917
plantwild/extracted/plantwild/images/apple black rot/78.jpg,Apple___Black_rot,Tomato___Early_blight,0.373287
plantwild/extracted/plantwild/images/apple black rot/8.jpg,Apple___Black_rot,Strawberry___Leaf_scorch,0.549288
plantwild/extracted/plantwild/images/apple black rot/80.jpg,Apple___Black_rot,Tomato___Early_blight,0.787085
plantwild/extracted/plantwild/images/apple black rot/86.jpg,Apple___Black_rot,Squash___Powdery_mildew,0.888825
plantwild/extracted/plantwild/images/apple black rot/9.jpg,Apple___Black_rot,Strawberry___Leaf_scorch,0.833880
plantwild/extracted/plantwild/images/apple black rot/97.jpg,Apple___Black_rot,Corn___Cercospora_leaf_spot Gray_leaf_spot,0.458310
plantwild/extracted/plantwild/images/apple black rot/google_0000.jpg,Apple___Black_rot,Strawberry___Leaf_scorch,0.476568
plantwild/extracted/plantwild/images/apple black rot/google_0001.jpg,Apple___Black_rot,"Pepper,_bell___healthy",0.826932
plantwild/extracted/plantwild/images/apple black rot/google_0002.jpg,Apple___Black_rot,Apple___Cedar_apple_rust,0.781346
plantwild/extracted/plantwild/images/apple black rot/google_0003.jpg,Apple___Black_rot,Tomato___Septoria_leaf_spot,0.117588
plantwild/extracted/plantwild/images/apple black rot/google_0005.jpg,Apple___Black_rot,Apple___Cedar_apple_rust,0.591266
plantwild/extracted/plantwild/images/apple black rot/google_0006.jpg,Apple___Black_rot,Grape___Black_rot,0.826403
plantwild/extracted/plantwild/images/apple black rot/google_0008.jpg,Apple___Black_rot,Strawberry___Leaf_scorch,0.432933
plantwild/extracted/plantwild/images/apple black rot/google_0010.jpg,Apple___Black_rot,Corn___Northern_Leaf_Blight,0.174052
plantwild/extracted/plantwild/images/apple black rot/google_0011.jpg,Apple___Black_rot,Strawberry___Leaf_scorch,0.322077
plantwild/extracted/plantwild/images/apple black rot/google_0012.jpg,Apple___Black_rot,"Pepper,_bell___healthy",0.833549
plantwild/extracted/plantwild/images/apple black rot/google_0013.jpg,Apple___Black_rot,Tomato___Early_blight,0.638520
plantwild/extracted/plantwild/images/apple black rot/google_0014.jpg,Apple___Black_rot,"Pepper,_bell___healthy",0.933738
plantwild/extracted/plantwild/images/apple black rot/google_0015.jpg,Apple___Black_rot,Blueberry___healthy,0.506569
plantwild/extracted/plantwild/images/apple black rot/google_0016.jpg,Apple___Black_rot,"Pepper,_bell___healthy",0.854275
plantwild/extracted/plantwild/images/apple black rot/google_0018.jpg,Apple___Black_rot,Corn___Cercospora_leaf_spot Gray_leaf_spot,0.664961
plantwild/extracted/plantwild/images/apple black rot/google_0021.jpg,Apple___Black_rot,"Pepper,_bell___healthy",0.895767
plantwild/extracted/plantwild/images/apple black rot/google_0022.jpg,Apple___Black_rot,Tomato___Tomato_Yellow_Leaf_Curl_Virus,0.331166
plantwild/extracted/plantwild/images/apple black rot/google_0023.jpg,Apple___Black_rot,Strawberry___Leaf_scorch,0.825631
plantwild/extracted/plantwild/images/apple black rot/google_0024.jpg,Apple___Black_rot,"Pepper,_bell___healthy",0.871544
plantwild/extracted/plantwild/images/apple black rot/google_0025.jpg,Apple___Black_rot,Tomato___healthy,0.786130
plantwild/extracted/plantwild/images/apple black rot/google_0026.jpg,Apple___Black_rot,"Pepper,_bell___healthy",0.687684
plantwild/extracted/plantwild/images/apple black rot/google_0027.jpg,Apple___Black_rot,Tomato___Early_blight,0.277073
plantwild/extracted/plantwild/images/apple black rot/google_0028.jpg,Apple___Black_rot,Squash___Powdery_mildew,0.439572
plantwild/extracted/plantwild/images/apple black rot/google_0029.jpg,Apple___Black_rot,Strawberry___Leaf_scorch,0.880717
plantwild/extracted/plantwild/images/apple black rot/google_0031.jpg,Apple___Black_rot,Strawberry___Leaf_scorch,0.609255
plantwild/extracted/plantwild/images/apple black rot/google_0033.jpg,Apple___Black_rot,Tomato___healthy,0.671496
plantwild/extracted/plantwild/images/apple black rot/google_0037.jpg,Apple___Black_rot,Tomato___Septoria_leaf_spot,0.328281
plantwild/extracted/plantwild/images/apple black rot/google_0039.jpg,Apple___Black_rot,"Pepper,_bell___healthy",0.466572
plantwild/extracted/plantwild/images/apple black rot/google_0041.jpg,Apple___Black_rot,Tomato___healthy,0.396673
plantwild/extracted/plantwild/images/apple black rot/google_0043.jpg,Apple___Black_rot,Strawberry___Leaf_scorch,0.816105
plantwild/extracted/plantwild/images/apple black rot/google_0045.jpg,Apple___Black_rot,Strawberry___Leaf_scorch,0.923288
plantwild/extracted/plantwild/images/apple black rot/google_0046.jpg,Apple___Black_rot,Tomato___healthy,0.598265
plantwild/extracted/plantwild/images/apple black rot/google_0048.jpg,Apple___Black_rot,Strawberry___Leaf_scorch,0.867849
plantwild/extracted/plantwild/images/apple black rot/google_0049.jpg,Apple___Black_rot,"Pepper,_bell___healthy",0.913798
plantwild/extracted/plantwild/images/apple black rot/google_0050.jpg,Apple___Black_rot,Tomato___healthy,0.710276
plantwild/extracted/plantwild/images/apple black rot/google_0051.jpg,Apple___Black_rot,Corn___healthy,0.308194
plantwild/extracted/plantwild/images/apple black rot/google_0052.jpg,Apple___Black_rot,"Pepper,_bell___healthy",0.643164
plantwild/extracted/plantwild/images/apple black rot/google_0053.jpg,Apple___Black_rot,"Pepper,_bell___healthy",0.921849
plantwild/extracted/plantwild/images/apple black rot/google_0055.jpg,Apple___Black_rot,Strawberry___Leaf_scorch,0.950755
plantwild/extracted/plantwild/images/apple black rot/google_0056.jpg,Apple___Black_rot,"Pepper,_bell___healthy",0.846653
plantwild/extracted/plantwild/images/apple black rot/google_0058.jpg,Apple___Black_rot,Tomato___healthy,0.390904
plantwild/extracted/plantwild/images/apple black rot/google_0062.jpg,Apple___Black_rot,Apple___Black_rot,0.953445
plantwild/extracted/plantwild/images/apple black rot/google_0063.jpg,Apple___Black_rot,Corn___Common_rust,0.803332
plantwild/extracted/plantwild/images/apple black rot/google_0064.jpg,Apple___Black_rot,Blueberry___healthy,0.777873
plantwild/extracted/plantwild/images/apple black rot/google_0065.jpg,Apple___Black_rot,Corn___Northern_Leaf_Blight,0.331972
plantwild/extracted/plantwild/images/apple black rot/google_0066.jpg,Apple___Black_rot,"Pepper,_bell___healthy",0.885521
plantwild/extracted/plantwild/images/apple black rot/google_0067.jpg,Apple___Black_rot,"Pepper,_bell___healthy",0.306279
plantwild/extracted/plantwild/images/apple black rot/google_0070.jpg,Apple___Black_rot,Strawberry___Leaf_scorch,0.929283
plantwild/extracted/plantwild/images/apple black rot/google_0071.jpg,Apple___Black_rot,Squash___Powdery_mildew,0.771863
plantwild/extracted/plantwild/images/apple black rot/google_0072.jpg,Apple___Black_rot,"Pepper,_bell___healthy",0.932102
plantwild/extracted/plantwild/images/apple black rot/google_0073.jpg,Apple___Black_rot,Corn___Common_rust,0.861763
plantwild/extracted/plantwild/images/apple black rot/google_0074.jpg,Apple___Black_rot,Tomato___Early_blight,0.196034
plantwild/extracted/plantwild/images/apple black rot/google_0077.jpg,Apple___Black_rot,"Pepper,_bell___healthy",0.884469
plantwild/extracted/plantwild/images/apple black rot/google_0078.jpg,Apple___Black_rot,Tomato___healthy,0.765961
plantwild/extracted/plantwild/images/apple black rot/google_0080.jpg,Apple___Black_rot,Tomato___Early_blight,0.462281
plantwild/extracted/plantwild/images/apple black rot/google_0082.jpg,Apple___Black_rot,Grape___Leaf_blight_(Isariopsis_Leaf_Spot),0.810071
plantwild/extracted/plantwild/images/apple black rot/google_0083.jpg,Apple___Black_rot,Grape___Black_rot,0.487560
plantwild/extracted/plantwild/images/apple black rot/google_0085.jpg,Apple___Black_rot,Tomato___Early_blight,0.855951
plantwild/extracted/plantwild/images/apple black rot/google_0090.jpg,Apple___Black_rot,"Pepper,_bell___healthy",0.618392
plantwild/extracted/plantwild/images/apple black rot/google_0092.jpg,Apple___Black_rot,Cherry___healthy,0.907370
plantwild/extracted/plantwild/images/apple black rot/google_0093.jpg,Apple___Black_rot,Strawberry___Leaf_scorch,0.318547
plantwild/extracted/plantwild/images/apple black rot/google_0096.jpg,Apple___Black_rot,Grape___Esca_(Black_Measles),0.148655
plantwild/extracted/plantwild/images/apple black rot/google_0097.jpg,Apple___Black_rot,Strawberry___Leaf_scorch,0.719360
plantwild/extracted/plantwild/images/apple black rot/google_0099.jpg,Apple___Black_rot,Strawberry___Leaf_scorch,0.434373
plantwild/extracted/plantwild/images/apple black rot/google_0101.jpg,Apple___Black_rot,Tomato___Septoria_leaf_spot,0.118638
plantwild/extracted/plantwild/images/apple black rot/google_0104.jpg,Apple___Black_rot,"Pepper,_bell___healthy",0.941709
plantwild/extracted/plantwild/images/apple black rot/google_0112.jpg,Apple___Black_rot,Corn___Common_rust,0.916699
plantwild/extracted/plantwild/images/apple black rot/google_0113.jpg,Apple___Black_rot,Apple___Black_rot,0.950980
plantwild/extracted/plantwild/images/apple black rot/google_0115.jpg,Apple___Black_rot,Strawberry___Leaf_scorch,0.938849
plantwild/extracted/plantwild/images/apple black rot/google_0118.jpg,Apple___Black_rot,Tomato___Early_blight,0.833419
plantwild/extracted/plantwild/images/apple black rot/google_0121.jpg,Apple___Black_rot,Corn___healthy,0.548058
plantwild/extracted/plantwild/images/apple black rot/google_0122.jpg,Apple___Black_rot,"Pepper,_bell___healthy",0.651764
plantwild/extracted/plantwild/images/apple black rot/google_0131.jpg,Apple___Black_rot,"Pepper,_bell___healthy",0.871287
plantwild/extracted/plantwild/images/apple black rot/google_0133.jpg,Apple___Black_rot,Peach___Bacterial_spot,0.289826
plantwild/extracted/plantwild/images/apple black rot/google_0135.jpg,Apple___Black_rot,"Pepper,_bell___healthy",0.947722
plantwild/extracted/plantwild/images/apple black rot/google_0136.jpg,Apple___Black_rot,Strawberry___Leaf_scorch,0.951980
plantwild/extracted/plantwild/images/apple black rot/google_0137.jpg,Apple___Black_rot,Corn___Cercospora_leaf_spot Gray_leaf_spot,0.866652
plantwild/extracted/plantwild/images/apple black rot/google_0145.jpg,Apple___Black_rot,"Pepper,_bell___healthy",0.147377
plantwild/extracted/plantwild/images/apple black rot/google_0146.jpg,Apple___Black_rot,"Pepper,_bell___healthy",0.916985
plantwild/extracted/plantwild/images/apple black rot/google_0147.jpg,Apple___Black_rot,Tomato___Septoria_leaf_spot,0.911694
plantwild/extracted/plantwild/images/apple black rot/google_0148.jpg,Apple___Black_rot,Peach___healthy,0.433590
plantwild/extracted/plantwild/images/apple black rot/google_0150.jpg,Apple___Black_rot,Cherry___healthy,0.771232
plantwild/extracted/plantwild/images/apple black rot/google_0154.jpg,Apple___Black_rot,Apple___Black_rot,0.952699
plantwild/extracted/plantwild/images/apple black rot/google_0155.jpg,Apple___Black_rot,Apple___Black_rot,0.929305
plantwild/extracted/plantwild/images/apple black rot/google_0156.jpg,Apple___Black_rot,Apple___Black_rot,0.936927
plantwild/extracted/plantwild/images/apple black rot/google_0157.jpg,Apple___Black_rot,"Pepper,_bell___healthy",0.440964
plantwild/extracted/plantwild/images/apple black rot/google_0158.jpg,Apple___Black_rot,"Pepper,_bell___healthy",0.824130
plantwild/extracted/plantwild/images/apple black rot/google_0160.jpg,Apple___Black_rot,"Pepper,_bell___healthy",0.476977
plantwild/extracted/plantwild/images/apple black rot/google_0166.jpg,Apple___Black_rot,Tomato___healthy,0.339653
plantwild/extracted/plantwild/images/apple black rot/google_0174.jpg,Apple___Black_rot,"Pepper,_bell___healthy",0.895448
plantwild/extracted/plantwild/images/apple black rot/google_0175.jpg,Apple___Black_rot,Grape___Esca_(Black_Measles),0.301990
plantwild/extracted/plantwild/images/apple black rot/google_0177.jpg,Apple___Black_rot,Apple___Black_rot,0.952399
plantwild/extracted/plantwild/images/apple black rot/google_0178.jpg,Apple___Black_rot,Tomato___Late_blight,0.476637
plantwild/extracted/plantwild/images/apple black rot/google_0181.jpg,Apple___Black_rot,Strawberry___Leaf_scorch,0.932449
plantwild/extracted/plantwild/images/apple black rot/google_0182.jpg,Apple___Black_rot,Strawberry___Leaf_scorch,0.919928
plantwild/extracted/plantwild/images/apple black rot/google_0186.jpg,Apple___Black_rot,Tomato___healthy,0.505968
plantwild/extracted/plantwild/images/apple black rot/google_0188.jpg,Apple___Black_rot,Cherry___healthy,0.677026
plantwild/extracted/plantwild/images/apple black rot/google_0190.jpg,Apple___Black_rot,Strawberry___Leaf_scorch,0.936442
plantwild/extracted/plantwild/images/apple black rot/google_0221.jpg,Apple___Black_rot,Apple___Black_rot,0.952425
plantwild/extracted/plantwild/images/apple leaf/1.jpg,Apple___healthy,Tomato___Septoria_leaf_spot,0.277115
plantwild/extracted/plantwild/images/apple leaf/10.jpg,Apple___healthy,Tomato___Septoria_leaf_spot,0.219401
plantwild/extracted/plantwild/images/apple leaf/100.jpg,Apple___healthy,Grape___Black_rot,0.357772
plantwild/extracted/plantwild/images/apple leaf/103.jpg,Apple___healthy,"Pepper,_bell___healthy",0.850747
plantwild/extracted/plantwild/images/apple leaf/105.jpg,Apple___healthy,"Pepper,_bell___healthy",0.475260
plantwild/extracted/plantwild/images/apple leaf/106.jpg,Apple___healthy,Grape___Esca_(Black_Measles),0.895043
plantwild/extracted/plantwild/images/apple leaf/107.jpg,Apple___healthy,Tomato___healthy,0.567184
plantwild/extracted/plantwild/images/apple leaf/109.jpg,Apple___healthy,Cherry___healthy,0.864470
plantwild/extracted/plantwild/images/apple leaf/11.jpg,Apple___healthy,Tomato___Septoria_leaf_spot,0.225513
plantwild/extracted/plantwild/images/apple leaf/110.jpg,Apple___healthy,"Pepper,_bell___healthy",0.242375
plantwild/extracted/plantwild/images/apple leaf/111.jpg,Apple___healthy,Grape___Esca_(Black_Measles),0.767815
plantwild/extracted/plantwild/images/apple leaf/112.jpg,Apple___healthy,"Pepper,_bell___healthy",0.885469
plantwild/extracted/plantwild/images/apple leaf/113.jpg,Apple___healthy,Cherry___healthy,0.488916
plantwild/extracted/plantwild/images/apple leaf/114.jpg,Apple___healthy,Tomato___healthy,0.940271
plantwild/extracted/plantwild/images/apple leaf/115.jpg,Apple___healthy,Strawberry___healthy,0.591362
plantwild/extracted/plantwild/images/apple leaf/117.jpg,Apple___healthy,Tomato___healthy,0.716408
plantwild/extracted/plantwild/images/apple leaf/119.jpg,Apple___healthy,Tomato___Septoria_leaf_spot,0.255570
plantwild/extracted/plantwild/images/apple leaf/12.jpg,Apple___healthy,Tomato___Septoria_leaf_spot,0.167843
plantwild/extracted/plantwild/images/apple leaf/121.jpg,Apple___healthy,Strawberry___Leaf_scorch,0.882780
plantwild/extracted/plantwild/images/apple leaf/124.jpg,Apple___healthy,Grape___Black_rot,0.694053
plantwild/extracted/plantwild/images/apple leaf/125.jpg,Apple___healthy,Tomato___Septoria_leaf_spot,0.143261
plantwild/extracted/plantwild/images/apple leaf/126.jpg,Apple___healthy,Tomato___Early_blight,0.301555
plantwild/extracted/plantwild/images/apple leaf/127.jpg,Apple___healthy,Tomato___Septoria_leaf_spot,0.109750
plantwild/extracted/plantwild/images/apple leaf/128.jpg,Apple___healthy,"Pepper,_bell___healthy",0.944768
plantwild/extracted/plantwild/images/apple leaf/129.jpg,Apple___healthy,Tomato___Septoria_leaf_spot,0.197979
plantwild/extracted/plantwild/images/apple leaf/13.jpg,Apple___healthy,Tomato___Septoria_leaf_spot,0.190450
plantwild/extracted/plantwild/images/apple leaf/130.jpg,Apple___healthy,"Pepper,_bell___healthy",0.945574
plantwild/extracted/plantwild/images/apple leaf/131.jpg,Apple___healthy,Tomato___Early_blight,0.418628
plantwild/extracted/plantwild/images/apple leaf/132.jpg,Apple___healthy,"Pepper,_bell___healthy",0.947675
plantwild/extracted/plantwild/images/apple leaf/133.jpg,Apple___healthy,"Pepper,_bell___healthy",0.890438
plantwild/extracted/plantwild/images/apple leaf/134.jpg,Apple___healthy,"Pepper,_bell___healthy",0.750598
plantwild/extracted/plantwild/images/apple leaf/135.jpg,Apple___healthy,Tomato___Septoria_leaf_spot,0.145262
plantwild/extracted/plantwild/images/apple leaf/136.jpg,Apple___healthy,Squash___Powdery_mildew,0.762346
plantwild/extracted/plantwild/images/apple leaf/137.jpg,Apple___healthy,"Pepper,_bell___healthy",0.554343
plantwild/extracted/plantwild/images/apple leaf/138.jpg,Apple___healthy,"Pepper,_bell___healthy",0.700413
plantwild/extracted/plantwild/images/apple leaf/139.jpg,Apple___healthy,Tomato___Late_blight,0.314678
plantwild/extracted/plantwild/images/apple leaf/14.jpg,Apple___healthy,Tomato___Septoria_leaf_spot,0.204300
plantwild/extracted/plantwild/images/apple leaf/140.jpg,Apple___healthy,Tomato___Septoria_leaf_spot,0.221486
plantwild/extracted/plantwild/images/apple leaf/141.jpg,Apple___healthy,Tomato___Late_blight,0.745689
plantwild/extracted/plantwild/images/apple leaf/142.jpg,Apple___healthy,Tomato___Early_blight,0.401491
plantwild/extracted/plantwild/images/apple leaf/143.jpg,Apple___healthy,"Pepper,_bell___healthy",0.870368
plantwild/extracted/plantwild/images/apple leaf/144.jpg,Apple___healthy,Tomato___Septoria_leaf_spot,0.221807
plantwild/extracted/plantwild/images/apple leaf/145.jpg,Apple___healthy,Tomato___Septoria_leaf_spot,0.131027
plantwild/extracted/plantwild/images/apple leaf/146.jpg,Apple___healthy,Tomato___Early_blight,0.148406
plantwild/extracted/plantwild/images/apple leaf/147.jpg,Apple___healthy,Tomato___Septoria_leaf_spot,0.230020
plantwild/extracted/plantwild/images/apple leaf/149.jpg,Apple___healthy,Grape___Esca_(Black_Measles),0.945180
plantwild/extracted/plantwild/images/apple leaf/15.jpg,Apple___healthy,Tomato___Target_Spot,0.112160
plantwild/extracted/plantwild/images/apple leaf/150.jpg,Apple___healthy,"Pepper,_bell___healthy",0.758091
plantwild/extracted/plantwild/images/apple leaf/151.jpg,Apple___healthy,"Pepper,_bell___healthy",0.871934
plantwild/extracted/plantwild/images/apple leaf/152.jpg,Apple___healthy,Tomato___Septoria_leaf_spot,0.158532
plantwild/extracted/plantwild/images/apple leaf/153.jpg,Apple___healthy,Tomato___Septoria_leaf_spot,0.268105
plantwild/extracted/plantwild/images/apple leaf/154.jpg,Apple___healthy,"Pepper,_bell___healthy",0.920472
plantwild/extracted/plantwild/images/apple leaf/155.jpg,Apple___healthy,"Pepper,_bell___healthy",0.223488
plantwild/extracted/plantwild/images/apple leaf/157.jpg,Apple___healthy,Tomato___healthy,0.540068
plantwild/extracted/plantwild/images/apple leaf/158.jpg,Apple___healthy,Corn___Cercospora_leaf_spot Gray_leaf_spot,0.669171
plantwild/extracted/plantwild/images/apple leaf/159.jpg,Apple___healthy,"Pepper,_bell___healthy",0.602216
plantwild/extracted/plantwild/images/apple leaf/16.jpg,Apple___healthy,Corn___healthy,0.515156
plantwild/extracted/plantwild/images/apple leaf/160.jpg,Apple___healthy,Tomato___Early_blight,0.228403
plantwild/extracted/plantwild/images/apple leaf/161.jpg,Apple___healthy,Tomato___Septoria_leaf_spot,0.374086
plantwild/extracted/plantwild/images/apple leaf/162.jpg,Apple___healthy,Tomato___Septoria_leaf_spot,0.146187
plantwild/extracted/plantwild/images/apple leaf/163.jpg,Apple___healthy,Tomato___Tomato_Yellow_Leaf_Curl_Virus,0.172854
plantwild/extracted/plantwild/images/apple leaf/164.jpg,Apple___healthy,"Pepper,_bell___healthy",0.613873
plantwild/extracted/plantwild/images/apple leaf/165.jpg,Apple___healthy,Apple___Black_rot,0.944033
plantwild/extracted/plantwild/images/apple leaf/166.jpg,Apple___healthy,"Pepper,_bell___healthy",0.795410
plantwild/extracted/plantwild/images/apple leaf/167.jpg,Apple___healthy,"Pepper,_bell___healthy",0.848150
plantwild/extracted/plantwild/images/apple leaf/168.jpg,Apple___healthy,Tomato___Septoria_leaf_spot,0.149802
plantwild/extracted/plantwild/images/apple leaf/17.jpg,Apple___healthy,Tomato___Early_blight,0.342010
plantwild/extracted/plantwild/images/apple leaf/170.jpg,Apple___healthy,Tomato___Septoria_leaf_spot,0.160515
plantwild/extracted/plantwild/images/apple leaf/171.jpg,Apple___healthy,Strawberry___Leaf_scorch,0.730121
plantwild/extracted/plantwild/images/apple leaf/172.jpg,Apple___healthy,Tomato___Septoria_leaf_spot,0.124524
plantwild/extracted/plantwild/images/apple leaf/174.jpg,Apple___healthy,Cherry___healthy,0.828790
plantwild/extracted/plantwild/images/apple leaf/175.jpg,Apple___healthy,"Pepper,_bell___healthy",0.949143
plantwild/extracted/plantwild/images/apple leaf/177.jpg,Apple___healthy,Tomato___Tomato_Yellow_Leaf_Curl_Virus,0.900889
plantwild/extracted/plantwild/images/apple leaf/178.jpg,Apple___healthy,Tomato___Septoria_leaf_spot,0.184133
plantwild/extracted/plantwild/images/apple leaf/179.jpg,Apple___healthy,Cherry___healthy,0.949180
plantwild/extracted/plantwild/images/apple leaf/18.jpg,Apple___healthy,Tomato___Septoria_leaf_spot,0.270537
plantwild/extracted/plantwild/images/apple leaf/180.jpg,Apple___healthy,Strawberry___Leaf_scorch,0.799985
plantwild/extracted/plantwild/images/apple leaf/181.jpg,Apple___healthy,Cherry___healthy,0.717417
plantwild/extracted/plantwild/images/apple leaf/182.jpg,Apple___healthy,"Pepper,_bell___healthy",0.948944
plantwild/extracted/plantwild/images/apple leaf/183.jpg,Apple___healthy,Cherry___healthy,0.390762
plantwild/extracted/plantwild/images/apple leaf/184.jpg,Apple___healthy,Grape___Black_rot,0.734639
plantwild/extracted/plantwild/images/apple leaf/185.jpg,Apple___healthy,"Pepper,_bell___healthy",0.921878
plantwild/extracted/plantwild/images/apple leaf/186.jpg,Apple___healthy,Strawberry___Leaf_scorch,0.922035
plantwild/extracted/plantwild/images/apple leaf/187.jpg,Apple___healthy,Corn___healthy,0.283376
plantwild/extracted/plantwild/images/apple leaf/188.jpg,Apple___healthy,"Pepper,_bell___healthy",0.883782
plantwild/extracted/plantwild/images/apple leaf/189.jpg,Apple___healthy,Apple___Black_rot,0.475227
plantwild/extracted/plantwild/images/apple leaf/190.jpg,Apple___healthy,Tomato___Early_blight,0.309727
plantwild/extracted/plantwild/images/apple leaf/191.jpg,Apple___healthy,"Pepper,_bell___healthy",0.372671
plantwild/extracted/plantwild/images/apple leaf/192.jpg,Apple___healthy,Tomato___Target_Spot,0.114866
plantwild/extracted/plantwild/images/apple leaf/193.jpg,Apple___healthy,Tomato___Late_blight,0.371756
plantwild/extracted/plantwild/images/apple leaf/194.jpg,Apple___healthy,Tomato___Septoria_leaf_spot,0.169547
plantwild/extracted/plantwild/images/apple leaf/195.jpg,Apple___healthy,Corn___healthy,0.881128
plantwild/extracted/plantwild/images/apple leaf/196.jpg,Apple___healthy,Tomato___Early_blight,0.507425
plantwild/extracted/plantwild/images/apple leaf/198.jpg,Apple___healthy,Cherry___healthy,0.331876
plantwild/extracted/plantwild/images/apple leaf/2.jpg,Apple___healthy,Tomato___Early_blight,0.175062
plantwild/extracted/plantwild/images/apple leaf/20.jpg,Apple___healthy,Tomato___Septoria_leaf_spot,0.197299
plantwild/extracted/plantwild/images/apple leaf/200.jpg,Apple___healthy,Grape___Black_rot,0.921980
plantwild/extracted/plantwild/images/apple leaf/201.jpg,Apple___healthy,Tomato___Early_blight,0.215092
plantwild/extracted/plantwild/images/apple leaf/202.jpg,Apple___healthy,Cherry___healthy,0.722094
plantwild/extracted/plantwild/images/apple leaf/204.jpg,Apple___healthy,Tomato___Septoria_leaf_spot,0.196902
plantwild/extracted/plantwild/images/apple leaf/205.jpg,Apple___healthy,Cherry___healthy,0.929338
plantwild/extracted/plantwild/images/apple leaf/206.jpg,Apple___healthy,Tomato___Septoria_leaf_spot,0.181419
plantwild/extracted/plantwild/images/apple leaf/207.jpg,Apple___healthy,Tomato___Septoria_leaf_spot,0.177792
plantwild/extracted/plantwild/images/apple leaf/208.jpg,Apple___healthy,Strawberry___Leaf_scorch,0.414993
plantwild/extracted/plantwild/images/apple leaf/209.jpg,Apple___healthy,Grape___Black_rot,0.342548
plantwild/extracted/plantwild/images/apple leaf/21.jpg,Apple___healthy,Tomato___Early_blight,0.231455
plantwild/extracted/plantwild/images/apple leaf/210.jpg,Apple___healthy,Tomato___Early_blight,0.583390
plantwild/extracted/plantwild/images/apple leaf/211.jpg,Apple___healthy,"Pepper,_bell___healthy",0.399782
plantwild/extracted/plantwild/images/apple leaf/213.jpg,Apple___healthy,Tomato___Early_blight,0.508448
plantwild/extracted/plantwild/images/apple leaf/214.jpg,Apple___healthy,Tomato___Septoria_leaf_spot,0.287702
plantwild/extracted/plantwild/images/apple leaf/215.jpg,Apple___healthy,Tomato___Early_blight,0.668573
plantwild/extracted/plantwild/images/apple leaf/216.jpg,Apple___healthy,Corn___Cercospora_leaf_spot Gray_leaf_spot,0.919021
plantwild/extracted/plantwild/images/apple leaf/217.jpg,Apple___healthy,"Pepper,_bell___healthy",0.897000
plantwild/extracted/plantwild/images/apple leaf/219.jpg,Apple___healthy,"Pepper,_bell___healthy",0.239628
plantwild/extracted/plantwild/images/apple leaf/22.jpg,Apple___healthy,Tomato___Septoria_leaf_spot,0.175313
plantwild/extracted/plantwild/images/apple leaf/220.jpg,Apple___healthy,Tomato___Septoria_leaf_spot,0.162169
plantwild/extracted/plantwild/images/apple leaf/221.jpg,Apple___healthy,Tomato___Early_blight,0.887772
plantwild/extracted/plantwild/images/apple leaf/222.jpg,Apple___healthy,Tomato___Early_blight,0.193935
plantwild/extracted/plantwild/images/apple leaf/223.jpg,Apple___healthy,Tomato___Septoria_leaf_spot,0.268009
plantwild/extracted/plantwild/images/apple leaf/224.jpg,Apple___healthy,Tomato___Tomato_Yellow_Leaf_Curl_Virus,0.790340
plantwild/extracted/plantwild/images/apple leaf/225.jpg,Apple___healthy,Tomato___Septoria_leaf_spot,0.203855
plantwild/extracted/plantwild/images/apple leaf/226.jpg,Apple___healthy,Strawberry___Leaf_scorch,0.929553
plantwild/extracted/plantwild/images/apple leaf/227.jpg,Apple___healthy,Tomato___Early_blight,0.314916
plantwild/extracted/plantwild/images/apple leaf/228.jpg,Apple___healthy,"Pepper,_bell___healthy",0.722570
plantwild/extracted/plantwild/images/apple leaf/229.jpg,Apple___healthy,Corn___healthy,0.544990
plantwild/extracted/plantwild/images/apple leaf/23.jpg,Apple___healthy,"Pepper,_bell___healthy",0.921933
plantwild/extracted/plantwild/images/apple leaf/230.jpg,Apple___healthy,"Pepper,_bell___healthy",0.919789
plantwild/extracted/plantwild/images/apple leaf/232.jpg,Apple___healthy,Cherry___healthy,0.900885
plantwild/extracted/plantwild/images/apple leaf/233.jpg,Apple___healthy,Tomato___Early_blight,0.269185
plantwild/extracted/plantwild/images/apple leaf/234.jpg,Apple___healthy,Tomato___Late_blight,0.804760
plantwild/extracted/plantwild/images/apple leaf/237.jpg,Apple___healthy,Grape___Esca_(Black_Measles),0.948899
plantwild/extracted/plantwild/images/apple leaf/238.jpg,Apple___healthy,Tomato___Early_blight,0.168286
plantwild/extracted/plantwild/images/apple leaf/239.jpg,Apple___healthy,Tomato___healthy,0.359702
plantwild/extracted/plantwild/images/apple leaf/24.jpg,Apple___healthy,Tomato___Septoria_leaf_spot,0.206867
plantwild/extracted/plantwild/images/apple leaf/240.jpg,Apple___healthy,Tomato___Early_blight,0.355766
plantwild/extracted/plantwild/images/apple leaf/241.jpg,Apple___healthy,Tomato___Late_blight,0.257250
plantwild/extracted/plantwild/images/apple leaf/242.jpg,Apple___healthy,Cherry___healthy,0.631952
plantwild/extracted/plantwild/images/apple leaf/243.jpg,Apple___healthy,Tomato___Early_blight,0.371058
plantwild/extracted/plantwild/images/apple leaf/244.jpg,Apple___healthy,Cherry___healthy,0.897847
plantwild/extracted/plantwild/images/apple leaf/245.jpg,Apple___healthy,Tomato___Septoria_leaf_spot,0.294696
plantwild/extracted/plantwild/images/apple leaf/246.jpg,Apple___healthy,Tomato___Early_blight,0.334449
plantwild/extracted/plantwild/images/apple leaf/247.jpg,Apple___healthy,Grape___Esca_(Black_Measles),0.666779
plantwild/extracted/plantwild/images/apple leaf/248.jpg,Apple___healthy,"Pepper,_bell___healthy",0.200950
plantwild/extracted/plantwild/images/apple leaf/25.jpg,Apple___healthy,"Pepper,_bell___healthy",0.259333
plantwild/extracted/plantwild/images/apple leaf/250.jpg,Apple___healthy,Tomato___Septoria_leaf_spot,0.126476
plantwild/extracted/plantwild/images/apple leaf/251.jpg,Apple___healthy,Tomato___Septoria_leaf_spot,0.180244
plantwild/extracted/plantwild/images/apple leaf/252.jpg,Apple___healthy,Peach___healthy,0.480392
plantwild/extracted/plantwild/images/apple leaf/253.jpg,Apple___healthy,"Pepper,_bell___healthy",0.864336
plantwild/extracted/plantwild/images/apple leaf/254.jpg,Apple___healthy,Tomato___Septoria_leaf_spot,0.147031
plantwild/extracted/plantwild/images/apple leaf/256.jpg,Apple___healthy,Corn___healthy,0.345814
plantwild/extracted/plantwild/images/apple leaf/257.jpg,Apple___healthy,"Pepper,_bell___healthy",0.944055
plantwild/extracted/plantwild/images/apple leaf/258.jpg,Apple___healthy,"Pepper,_bell___healthy",0.826795
plantwild/extracted/plantwild/images/apple leaf/26.jpg,Apple___healthy,"Pepper,_bell___healthy",0.932635
plantwild/extracted/plantwild/images/apple leaf/260.jpg,Apple___healthy,"Pepper,_bell___healthy",0.521887
plantwild/extracted/plantwild/images/apple leaf/261.jpg,Apple___healthy,Tomato___Septoria_leaf_spot,0.136576
plantwild/extracted/plantwild/images/apple leaf/262.jpg,Apple___healthy,Tomato___Septoria_leaf_spot,0.189086
plantwild/extracted/plantwild/images/apple leaf/263.jpg,Apple___healthy,Tomato___Early_blight,0.668602
plantwild/extracted/plantwild/images/apple leaf/264.jpg,Apple___healthy,Tomato___Septoria_leaf_spot,0.109640
plantwild/extracted/plantwild/images/apple leaf/265.jpg,Apple___healthy,Tomato___Early_blight,0.353019
plantwild/extracted/plantwild/images/apple leaf/266.jpg,Apple___healthy,"Pepper,_bell___healthy",0.937469
plantwild/extracted/plantwild/images/apple leaf/267.jpg,Apple___healthy,Grape___Esca_(Black_Measles),0.352432
plantwild/extracted/plantwild/images/apple leaf/268.jpg,Apple___healthy,Grape___Esca_(Black_Measles),0.674121
plantwild/extracted/plantwild/images/apple leaf/269.jpg,Apple___healthy,Tomato___Tomato_Yellow_Leaf_Curl_Virus,0.703407
plantwild/extracted/plantwild/images/apple leaf/27.jpg,Apple___healthy,Strawberry___Leaf_scorch,0.891291
plantwild/extracted/plantwild/images/apple leaf/270.jpg,Apple___healthy,Cherry___healthy,0.650665
plantwild/extracted/plantwild/images/apple leaf/271.jpg,Apple___healthy,Tomato___Target_Spot,0.136940
plantwild/extracted/plantwild/images/apple leaf/272.jpg,Apple___healthy,Tomato___Early_blight,0.381537
plantwild/extracted/plantwild/images/apple leaf/273.jpg,Apple___healthy,Tomato___Septoria_leaf_spot,0.206508
plantwild/extracted/plantwild/images/apple leaf/274.jpg,Apple___healthy,Tomato___Early_blight,0.649177
plantwild/extracted/plantwild/images/apple leaf/275.jpg,Apple___healthy,Grape___Esca_(Black_Measles),0.671113
plantwild/extracted/plantwild/images/apple leaf/276.jpg,Apple___healthy,Tomato___Early_blight,0.458604
plantwild/extracted/plantwild/images/apple leaf/277.jpg,Apple___healthy,Apple___healthy,0.876747
plantwild/extracted/plantwild/images/apple leaf/278.jpg,Apple___healthy,Tomato___Septoria_leaf_spot,0.316475
plantwild/extracted/plantwild/images/apple leaf/28.jpg,Apple___healthy,"Pepper,_bell___healthy",0.928706
plantwild/extracted/plantwild/images/apple leaf/280.jpg,Apple___healthy,"Pepper,_bell___healthy",0.932448
plantwild/extracted/plantwild/images/apple leaf/281.jpg,Apple___healthy,Tomato___Septoria_leaf_spot,0.167643
plantwild/extracted/plantwild/images/apple leaf/282.jpg,Apple___healthy,"Pepper,_bell___healthy",0.945775
plantwild/extracted/plantwild/images/apple leaf/283.jpg,Apple___healthy,Tomato___Septoria_leaf_spot,0.223706
plantwild/extracted/plantwild/images/apple leaf/284.jpg,Apple___healthy,Strawberry___Leaf_scorch,0.218705
plantwild/extracted/plantwild/images/apple leaf/285.jpg,Apple___healthy,"Pepper,_bell___healthy",0.936971
plantwild/extracted/plantwild/images/apple leaf/287.jpg,Apple___healthy,Cherry___healthy,0.671148
plantwild/extracted/plantwild/images/apple leaf/288.jpg,Apple___healthy,Strawberry___Leaf_scorch,0.453320
plantwild/extracted/plantwild/images/apple leaf/289.jpg,Apple___healthy,Tomato___Early_blight,0.671502
plantwild/extracted/plantwild/images/apple leaf/29.jpg,Apple___healthy,Tomato___Septoria_leaf_spot,0.229798
plantwild/extracted/plantwild/images/apple leaf/290.jpg,Apple___healthy,"Pepper,_bell___healthy",0.918876
plantwild/extracted/plantwild/images/apple leaf/291.jpg,Apple___healthy,Apple___Black_rot,0.373945
plantwild/extracted/plantwild/images/apple leaf/292.jpg,Apple___healthy,Cherry___healthy,0.875120
plantwild/extracted/plantwild/images/apple leaf/294.jpg,Apple___healthy,Peach___healthy,0.250790
plantwild/extracted/plantwild/images/apple leaf/295.jpg,Apple___healthy,Strawberry___Leaf_scorch,0.918375
plantwild/extracted/plantwild/images/apple leaf/296.jpg,Apple___healthy,Strawberry___Leaf_scorch,0.685010
plantwild/extracted/plantwild/images/apple leaf/297.jpg,Apple___healthy,Grape___Black_rot,0.699901
plantwild/extracted/plantwild/images/apple leaf/298.jpg,Apple___healthy,Strawberry___Leaf_scorch,0.262542
plantwild/extracted/plantwild/images/apple leaf/299.jpg,Apple___healthy,Strawberry___Leaf_scorch,0.815966
plantwild/extracted/plantwild/images/apple leaf/3.jpg,Apple___healthy,Tomato___Septoria_leaf_spot,0.245018
plantwild/extracted/plantwild/images/apple leaf/30.jpg,Apple___healthy,"Pepper,_bell___healthy",0.870193
plantwild/extracted/plantwild/images/apple leaf/300.jpg,Apple___healthy,Tomato___Early_blight,0.259078
plantwild/extracted/plantwild/images/apple leaf/301.jpg,Apple___healthy,Tomato___Early_blight,0.308591
plantwild/extracted/plantwild/images/apple leaf/302.jpg,Apple___healthy,Tomato___Septoria_leaf_spot,0.306719
plantwild/extracted/plantwild/images/apple leaf/303.jpg,Apple___healthy,Peach___healthy,0.412587
plantwild/extracted/plantwild/images/apple leaf/305.jpg,Apple___healthy,Strawberry___Leaf_scorch,0.941560
plantwild/extracted/plantwild/images/apple leaf/307.jpg,Apple___healthy,Grape___Black_rot,0.821108
plantwild/extracted/plantwild/images/apple leaf/308.jpg,Apple___healthy,Tomato___Early_blight,0.218897
plantwild/extracted/plantwild/images/apple leaf/309.jpg,Apple___healthy,Tomato___Septoria_leaf_spot,0.174073
plantwild/extracted/plantwild/images/apple leaf/31.jpg,Apple___healthy,Tomato___Early_blight,0.282812
plantwild/extracted/plantwild/images/apple leaf/310.jpg,Apple___healthy,Cherry___healthy,0.798630
plantwild/extracted/plantwild/images/apple leaf/311.jpg,Apple___healthy,Tomato___Septoria_leaf_spot,0.114260
plantwild/extracted/plantwild/images/apple leaf/312.jpg,Apple___healthy,"Pepper,_bell___healthy",0.936510
plantwild/extracted/plantwild/images/apple leaf/313.jpg,Apple___healthy,"Pepper,_bell___healthy",0.830108
plantwild/extracted/plantwild/images/apple leaf/314.jpg,Apple___healthy,Tomato___Early_blight,0.625508
plantwild/extracted/plantwild/images/apple leaf/315.jpg,Apple___healthy,"Pepper,_bell___healthy",0.602219
plantwild/extracted/plantwild/images/apple leaf/316.jpg,Apple___healthy,Cherry___healthy,0.873309
plantwild/extracted/plantwild/images/apple leaf/317.jpg,Apple___healthy,Tomato___Septoria_leaf_spot,0.180336
plantwild/extracted/plantwild/images/apple leaf/318.jpg,Apple___healthy,"Pepper,_bell___healthy",0.192817
plantwild/extracted/plantwild/images/apple leaf/32.jpg,Apple___healthy,Apple___healthy,0.915516
plantwild/extracted/plantwild/images/apple leaf/320.jpg,Apple___healthy,Tomato___Early_blight,0.137149
plantwild/extracted/plantwild/images/apple leaf/321.jpg,Apple___healthy,Tomato___Septoria_leaf_spot,0.138695
plantwild/extracted/plantwild/images/apple leaf/322.jpg,Apple___healthy,Tomato___Septoria_leaf_spot,0.160353
plantwild/extracted/plantwild/images/apple leaf/323.jpg,Apple___healthy,Tomato___Early_blight,0.317888
plantwild/extracted/plantwild/images/apple leaf/324.jpg,Apple___healthy,Cherry___healthy,0.389774
plantwild/extracted/plantwild/images/apple leaf/325.jpg,Apple___healthy,"Pepper,_bell___healthy",0.918204
plantwild/extracted/plantwild/images/apple leaf/326.jpg,Apple___healthy,Cherry___healthy,0.918112
plantwild/extracted/plantwild/images/apple leaf/329.jpg,Apple___healthy,Strawberry___Leaf_scorch,0.940498
plantwild/extracted/plantwild/images/apple leaf/33.jpg,Apple___healthy,Tomato___Septoria_leaf_spot,0.253358
plantwild/extracted/plantwild/images/apple leaf/330.jpg,Apple___healthy,Strawberry___Leaf_scorch,0.937312
plantwild/extracted/plantwild/images/apple leaf/332.jpg,Apple___healthy,Cherry___healthy,0.922042
plantwild/extracted/plantwild/images/apple leaf/333.jpg,Apple___healthy,Tomato___Early_blight,0.337886
plantwild/extracted/plantwild/images/apple leaf/334.jpg,Apple___healthy,"Pepper,_bell___healthy",0.482034
plantwild/extracted/plantwild/images/apple leaf/335.jpg,Apple___healthy,Tomato___Early_blight,0.902644
plantwild/extracted/plantwild/images/apple leaf/34.jpg,Apple___healthy,"Pepper,_bell___healthy",0.928706
plantwild/extracted/plantwild/images/apple leaf/35.jpg,Apple___healthy,"Pepper,_bell___healthy",0.857451
plantwild/extracted/plantwild/images/apple leaf/36.jpg,Apple___healthy,Strawberry___Leaf_scorch,0.629418
plantwild/extracted/plantwild/images/apple leaf/37.jpg,Apple___healthy,Tomato___Early_blight,0.186231
plantwild/extracted/plantwild/images/apple leaf/38.jpg,Apple___healthy,"Pepper,_bell___healthy",0.230100
plantwild/extracted/plantwild/images/apple leaf/39.jpg,Apple___healthy,"Pepper,_bell___healthy",0.948142
plantwild/extracted/plantwild/images/apple leaf/4.jpg,Apple___healthy,Tomato___Early_blight,0.457332
plantwild/extracted/plantwild/images/apple leaf/40.jpg,Apple___healthy,Tomato___Septoria_leaf_spot,0.211943
plantwild/extracted/plantwild/images/apple leaf/41.jpg,Apple___healthy,Tomato___Early_blight,0.274782
plantwild/extracted/plantwild/images/apple leaf/42.jpg,Apple___healthy,"Pepper,_bell___healthy",0.229166
plantwild/extracted/plantwild/images/apple leaf/43.jpg,Apple___healthy,Tomato___Early_blight,0.391752
plantwild/extracted/plantwild/images/apple leaf/44.jpg,Apple___healthy,Tomato___Septoria_leaf_spot,0.222366
plantwild/extracted/plantwild/images/apple leaf/45.jpg,Apple___healthy,"Pepper,_bell___healthy",0.410471
plantwild/extracted/plantwild/images/apple leaf/46.jpg,Apple___healthy,Tomato___Septoria_leaf_spot,0.162522
plantwild/extracted/plantwild/images/apple leaf/47.jpg,Apple___healthy,Tomato___Septoria_leaf_spot,0.174236
plantwild/extracted/plantwild/images/apple leaf/48.jpg,Apple___healthy,Tomato___Septoria_leaf_spot,0.211823
plantwild/extracted/plantwild/images/apple leaf/49.jpg,Apple___healthy,Tomato___Late_blight,0.951253
plantwild/extracted/plantwild/images/apple leaf/5.jpg,Apple___healthy,Tomato___Septoria_leaf_spot,0.237501
plantwild/extracted/plantwild/images/apple leaf/50.jpg,Apple___healthy,"Pepper,_bell___healthy",0.228224
plantwild/extracted/plantwild/images/apple leaf/51.jpg,Apple___healthy,"Pepper,_bell___healthy",0.735436
plantwild/extracted/plantwild/images/apple leaf/52.jpg,Apple___healthy,Tomato___Septoria_leaf_spot,0.164494
plantwild/extracted/plantwild/images/apple leaf/53.jpg,Apple___healthy,"Pepper,_bell___healthy",0.851540
plantwild/extracted/plantwild/images/apple leaf/54.jpg,Apple___healthy,"Pepper,_bell___healthy",0.940568
plantwild/extracted/plantwild/images/apple leaf/55.jpg,Apple___healthy,"Pepper,_bell___healthy",0.388251
plantwild/extracted/plantwild/images/apple leaf/58.jpg,Apple___healthy,"Pepper,_bell___healthy",0.881590
plantwild/extracted/plantwild/images/apple leaf/59.jpg,Apple___healthy,"Pepper,_bell___healthy",0.401419
plantwild/extracted/plantwild/images/apple leaf/6.jpg,Apple___healthy,"Pepper,_bell___healthy",0.895585
plantwild/extracted/plantwild/images/apple leaf/60.jpg,Apple___healthy,Corn___healthy,0.943515
plantwild/extracted/plantwild/images/apple leaf/61.jpg,Apple___healthy,Strawberry___Leaf_scorch,0.947243
plantwild/extracted/plantwild/images/apple leaf/62.jpg,Apple___healthy,Strawberry___Leaf_scorch,0.685130
plantwild/extracted/plantwild/images/apple leaf/63.jpg,Apple___healthy,Tomato___Septoria_leaf_spot,0.201823
plantwild/extracted/plantwild/images/apple leaf/64.jpg,Apple___healthy,Tomato___Early_blight,0.234835
plantwild/extracted/plantwild/images/apple leaf/65.jpg,Apple___healthy,Tomato___Septoria_leaf_spot,0.148684
plantwild/extracted/plantwild/images/apple leaf/66.jpg,Apple___healthy,Tomato___Septoria_leaf_spot,0.133712
plantwild/extracted/plantwild/images/apple leaf/67.jpg,Apple___healthy,Cherry___healthy,0.946238
plantwild/extracted/plantwild/images/apple leaf/68.jpg,Apple___healthy,"Pepper,_bell___healthy",0.866627
plantwild/extracted/plantwild/images/apple leaf/69.jpg,Apple___healthy,Tomato___Septoria_leaf_spot,0.134768
plantwild/extracted/plantwild/images/apple leaf/7.jpg,Apple___healthy,Tomato___Septoria_leaf_spot,0.202646
plantwild/extracted/plantwild/images/apple leaf/70.jpg,Apple___healthy,"Pepper,_bell___healthy",0.330882
plantwild/extracted/plantwild/images/apple leaf/71.jpg,Apple___healthy,Tomato___healthy,0.669570
plantwild/extracted/plantwild/images/apple leaf/72.jpg,Apple___healthy,Tomato___Septoria_leaf_spot,0.236786
plantwild/extracted/plantwild/images/apple leaf/74.jpg,Apple___healthy,"Pepper,_bell___healthy",0.852169
plantwild/extracted/plantwild/images/apple leaf/75.jpg,Apple___healthy,"Pepper,_bell___healthy",0.886013
plantwild/extracted/plantwild/images/apple leaf/77.jpg,Apple___healthy,Cherry___healthy,0.931248
plantwild/extracted/plantwild/images/apple leaf/78.jpg,Apple___healthy,Tomato___Septoria_leaf_spot,0.122006
plantwild/extracted/plantwild/images/apple leaf/79.jpg,Apple___healthy,Tomato___Tomato_Yellow_Leaf_Curl_Virus,0.459243
plantwild/extracted/plantwild/images/apple leaf/8.jpg,Apple___healthy,Tomato___Septoria_leaf_spot,0.126352
plantwild/extracted/plantwild/images/apple leaf/80.jpg,Apple___healthy,Tomato___Septoria_leaf_spot,0.251967
plantwild/extracted/plantwild/images/apple leaf/81.jpg,Apple___healthy,"Pepper,_bell___healthy",0.389914
plantwild/extracted/plantwild/images/apple leaf/82.jpg,Apple___healthy,"Pepper,_bell___healthy",0.537372
plantwild/extracted/plantwild/images/apple leaf/83.jpg,Apple___healthy,Strawberry___Leaf_scorch,0.423161
plantwild/extracted/plantwild/images/apple leaf/84.jpg,Apple___healthy,Tomato___Early_blight,0.890196
plantwild/extracted/plantwild/images/apple leaf/85.jpg,Apple___healthy,Cherry___healthy,0.415360
plantwild/extracted/plantwild/images/apple leaf/86.jpg,Apple___healthy,"Pepper,_bell___healthy",0.930648
plantwild/extracted/plantwild/images/apple leaf/87.jpg,Apple___healthy,Tomato___Septoria_leaf_spot,0.252298
plantwild/extracted/plantwild/images/apple leaf/88.jpg,Apple___healthy,Tomato___Early_blight,0.687649
plantwild/extracted/plantwild/images/apple leaf/89.jpg,Apple___healthy,Tomato___Late_blight,0.794023
plantwild/extracted/plantwild/images/apple leaf/9.jpg,Apple___healthy,"Pepper,_bell___healthy",0.946628
plantwild/extracted/plantwild/images/apple leaf/90.jpg,Apple___healthy,"Pepper,_bell___healthy",0.886626
plantwild/extracted/plantwild/images/apple leaf/91.jpg,Apple___healthy,Tomato___Septoria_leaf_spot,0.274911
plantwild/extracted/plantwild/images/apple leaf/92.jpg,Apple___healthy,"Pepper,_bell___healthy",0.815670
plantwild/extracted/plantwild/images/apple leaf/93.jpg,Apple___healthy,Tomato___Septoria_leaf_spot,0.240232
plantwild/extracted/plantwild/images/apple leaf/94.jpg,Apple___healthy,Cherry___healthy,0.946077
plantwild/extracted/plantwild/images/apple leaf/95.jpg,Apple___healthy,Strawberry___Leaf_scorch,0.782402
plantwild/extracted/plantwild/images/apple leaf/96.jpg,Apple___healthy,Strawberry___Leaf_scorch,0.318083
plantwild/extracted/plantwild/images/apple leaf/97.jpg,Apple___healthy,"Pepper,_bell___healthy",0.784356
plantwild/extracted/plantwild/images/apple leaf/98.jpg,Apple___healthy,Tomato___Tomato_Yellow_Leaf_Curl_Virus,0.487615
plantwild/extracted/plantwild/images/apple leaf/99.jpg,Apple___healthy,Tomato___Early_blight,0.541627
plantwild/extracted/plantwild/images/apple leaf/google_0000.jpg,Apple___healthy,Tomato___Early_blight,0.431194
plantwild/extracted/plantwild/images/apple leaf/google_0001.jpg,Apple___healthy,"Pepper,_bell___healthy",0.945415
plantwild/extracted/plantwild/images/apple leaf/google_0002.jpg,Apple___healthy,Tomato___Septoria_leaf_spot,0.169620
plantwild/extracted/plantwild/images/apple leaf/google_0003.jpg,Apple___healthy,Tomato___Early_blight,0.310682
plantwild/extracted/plantwild/images/apple leaf/google_0004.jpg,Apple___healthy,Tomato___Septoria_leaf_spot,0.245742
plantwild/extracted/plantwild/images/apple leaf/google_0006.jpg,Apple___healthy,Tomato___Tomato_Yellow_Leaf_Curl_Virus,0.559939
plantwild/extracted/plantwild/images/apple leaf/google_0007.jpg,Apple___healthy,Tomato___Early_blight,0.262134
plantwild/extracted/plantwild/images/apple leaf/google_0008.jpg,Apple___healthy,"Pepper,_bell___healthy",0.478569
plantwild/extracted/plantwild/images/apple leaf/google_0010.jpg,Apple___healthy,Tomato___Septoria_leaf_spot,0.149445
plantwild/extracted/plantwild/images/apple leaf/google_0011.jpg,Apple___healthy,Tomato___Early_blight,0.303026
plantwild/extracted/plantwild/images/apple leaf/google_0012.jpg,Apple___healthy,Tomato___Septoria_leaf_spot,0.162117
plantwild/extracted/plantwild/images/apple leaf/google_0013.jpg,Apple___healthy,"Pepper,_bell___healthy",0.924938
plantwild/extracted/plantwild/images/apple leaf/google_0015.jpg,Apple___healthy,Tomato___Early_blight,0.307691
plantwild/extracted/plantwild/images/apple leaf/google_0016.jpg,Apple___healthy,"Pepper,_bell___healthy",0.937762
plantwild/extracted/plantwild/images/apple leaf/google_0018.jpg,Apple___healthy,Tomato___Early_blight,0.397368
plantwild/extracted/plantwild/images/apple leaf/google_0019.jpg,Apple___healthy,Tomato___Early_blight,0.258246
plantwild/extracted/plantwild/images/apple leaf/google_0021.jpg,Apple___healthy,Tomato___Septoria_leaf_spot,0.161663
plantwild/extracted/plantwild/images/apple leaf/google_0023.jpg,Apple___healthy,"Pepper,_bell___healthy",0.455627
plantwild/extracted/plantwild/images/apple leaf/google_0024.jpg,Apple___healthy,Tomato___Septoria_leaf_spot,0.181852
plantwild/extracted/plantwild/images/apple leaf/google_0025.jpg,Apple___healthy,Tomato___Septoria_leaf_spot,0.198801
plantwild/extracted/plantwild/images/apple leaf/google_0026.jpg,Apple___healthy,Tomato___Late_blight,0.267638
plantwild/extracted/plantwild/images/apple leaf/google_0027.jpg,Apple___healthy,Tomato___Septoria_leaf_spot,0.170774
plantwild/extracted/plantwild/images/apple leaf/google_0029.jpg,Apple___healthy,Tomato___Septoria_leaf_spot,0.119556
plantwild/extracted/plantwild/images/apple leaf/google_0032.jpg,Apple___healthy,Tomato___Septoria_leaf_spot,0.170922
plantwild/extracted/plantwild/images/apple leaf/google_0036.jpg,Apple___healthy,"Pepper,_bell___healthy",0.337749
plantwild/extracted/plantwild/images/apple leaf/google_0038.jpg,Apple___healthy,Tomato___Septoria_leaf_spot,0.193783
plantwild/extracted/plantwild/images/apple leaf/google_0040.jpg,Apple___healthy,Tomato___Septoria_leaf_spot,0.186958
plantwild/extracted/plantwild/images/apple leaf/google_0042.jpg,Apple___healthy,Tomato___Septoria_leaf_spot,0.241998
plantwild/extracted/plantwild/images/apple leaf/google_0044.jpg,Apple___healthy,Tomato___Septoria_leaf_spot,0.279616
plantwild/extracted/plantwild/images/apple leaf/google_0047.jpg,Apple___healthy,"Pepper,_bell___healthy",0.913193
plantwild/extracted/plantwild/images/apple leaf/google_0052.jpg,Apple___healthy,Strawberry___Leaf_scorch,0.940436
plantwild/extracted/plantwild/images/apple leaf/google_0055.jpg,Apple___healthy,Tomato___Septoria_leaf_spot,0.090826
plantwild/extracted/plantwild/images/apple leaf/google_0057.jpg,Apple___healthy,Strawberry___Leaf_scorch,0.604651
plantwild/extracted/plantwild/images/apple leaf/google_0060.jpg,Apple___healthy,"Pepper,_bell___healthy",0.824966
plantwild/extracted/plantwild/images/apple leaf/google_0062.jpg,Apple___healthy,Tomato___Early_blight,0.228682
plantwild/extracted/plantwild/images/apple leaf/google_0070.jpg,Apple___healthy,"Pepper,_bell___healthy",0.162364
plantwild/extracted/plantwild/images/apple leaf/google_0072.jpg,Apple___healthy,Blueberry___healthy,0.563651
plantwild/extracted/plantwild/images/apple leaf/google_0073.jpg,Apple___healthy,Tomato___Early_blight,0.325982
plantwild/extracted/plantwild/images/apple leaf/google_0075.jpg,Apple___healthy,Tomato___Early_blight,0.236321
plantwild/extracted/plantwild/images/apple leaf/google_0076.jpg,Apple___healthy,Tomato___Early_blight,0.323801
plantwild/extracted/plantwild/images/apple leaf/google_0078.jpg,Apple___healthy,Tomato___Early_blight,0.330530
plantwild/extracted/plantwild/images/apple leaf/google_0079.jpg,Apple___healthy,"Pepper,_bell___healthy",0.678091
plantwild/extracted/plantwild/images/apple leaf/google_0081.jpg,Apple___healthy,"Pepper,_bell___healthy",0.913657
plantwild/extracted/plantwild/images/apple leaf/google_0092.jpg,Apple___healthy,Tomato___Septoria_leaf_spot,0.283670
plantwild/extracted/plantwild/images/apple leaf/google_0094.jpg,Apple___healthy,Tomato___Early_blight,0.212127
plantwild/extracted/plantwild/images/apple leaf/google_0110.jpg,Apple___healthy,"Pepper,_bell___healthy",0.947630
plantwild/extracted/plantwild/images/apple leaf/google_0112.jpg,Apple___healthy,Tomato___Tomato_Yellow_Leaf_Curl_Virus,0.129078
plantwild/extracted/plantwild/images/apple leaf/google_0118.jpg,Apple___healthy,Tomato___Late_blight,0.480590
plantwild/extracted/plantwild/images/apple leaf/google_0120.jpg,Apple___healthy,Corn___healthy,0.900916
plantwild/extracted/plantwild/images/apple leaf/google_0121.jpg,Apple___healthy,"Pepper,_bell___healthy",0.947971
plantwild/extracted/plantwild/images/apple leaf/google_0126.jpg,Apple___healthy,Tomato___Septoria_leaf_spot,0.158681
plantwild/extracted/plantwild/images/apple leaf/google_0127.jpg,Apple___healthy,"Pepper,_bell___healthy",0.915009
plantwild/extracted/plantwild/images/apple leaf/google_0132.jpg,Apple___healthy,Tomato___Early_blight,0.423835
plantwild/extracted/plantwild/images/apple leaf/google_0133.jpg,Apple___healthy,"Pepper,_bell___healthy",0.948086
plantwild/extracted/plantwild/images/apple leaf/google_0135.jpg,Apple___healthy,Tomato___Septoria_leaf_spot,0.239917
plantwild/extracted/plantwild/images/apple leaf/google_0137.jpg,Apple___healthy,Tomato___Septoria_leaf_spot,0.168341
plantwild/extracted/plantwild/images/apple leaf/google_0138.jpg,Apple___healthy,Tomato___Septoria_leaf_spot,0.225289
plantwild/extracted/plantwild/images/apple leaf/google_0143.jpg,Apple___healthy,"Pepper,_bell___healthy",0.947978
plantwild/extracted/plantwild/images/apple leaf/google_0149.jpg,Apple___healthy,Tomato___Early_blight,0.627303
plantwild/extracted/plantwild/images/apple leaf/google_0151.jpg,Apple___healthy,"Pepper,_bell___healthy",0.936737
plantwild/extracted/plantwild/images/apple leaf/google_0158.jpg,Apple___healthy,Blueberry___healthy,0.870250
plantwild/extracted/plantwild/images/apple leaf/google_0170.jpg,Apple___healthy,"Pepper,_bell___healthy",0.250497
plantwild/extracted/plantwild/images/apple leaf/google_0173.jpg,Apple___healthy,"Pepper,_bell___healthy",0.890031
plantwild/extracted/plantwild/images/apple leaf/google_0182.jpg,Apple___healthy,Tomato___Early_blight,0.159239
plantwild/extracted/plantwild/images/apple leaf/google_0185.jpg,Apple___healthy,Tomato___healthy,0.586456
plantwild/extracted/plantwild/images/apple leaf/google_0191.jpg,Apple___healthy,Tomato___Septoria_leaf_spot,0.177570
plantwild/extracted/plantwild/images/apple leaf/google_0201.jpg,Apple___healthy,Cherry___healthy,0.651649
plantwild/extracted/plantwild/images/apple leaf/google_0204.jpg,Apple___healthy,Tomato___healthy,0.647832
plantwild/extracted/plantwild/images/apple leaf/google_0207.jpg,Apple___healthy,Tomato___Septoria_leaf_spot,0.185934
plantwild/extracted/plantwild/images/apple leaf/google_0210.jpg,Apple___healthy,"Pepper,_bell___healthy",0.947764
plantwild/extracted/plantwild/images/apple leaf/google_0213.jpg,Apple___healthy,Tomato___Early_blight,0.456978
plantwild/extracted/plantwild/images/apple leaf/google_0216.jpg,Apple___healthy,Tomato___Early_blight,0.393815
plantwild/extracted/plantwild/images/apple leaf/google_0224.jpg,Apple___healthy,"Pepper,_bell___healthy",0.698052
plantwild/extracted/plantwild/images/apple leaf/google_0237.jpg,Apple___healthy,"Pepper,_bell___healthy",0.949206
plantwild/extracted/plantwild/images/apple leaf/google_0239.jpg,Apple___healthy,"Pepper,_bell___healthy",0.932733
plantwild/extracted/plantwild/images/apple leaf/google_0244.jpg,Apple___healthy,"Pepper,_bell___healthy",0.705964
plantwild/extracted/plantwild/images/apple leaf/google_0250.jpg,Apple___healthy,"Pepper,_bell___healthy",0.943944
plantwild/extracted/plantwild/images/apple leaf/google_0259.jpg,Apple___healthy,"Pepper,_bell___healthy",0.845417
plantwild/extracted/plantwild/images/apple leaf/google_0262.jpg,Apple___healthy,Tomato___Septoria_leaf_spot,0.188375
plantwild/extracted/plantwild/images/apple leaf/google_0265.jpg,Apple___healthy,Tomato___Septoria_leaf_spot,0.177723
plantwild/extracted/plantwild/images/apple leaf/google_0293.jpg,Apple___healthy,Tomato___Early_blight,0.267586
plantwild/extracted/plantwild/images/apple leaf/google_0300.jpg,Apple___healthy,"Pepper,_bell___healthy",0.919354
plantwild/extracted/plantwild/images/apple leaf/google_0309.jpg,Apple___healthy,"Pepper,_bell___healthy",0.507846
plantwild/extracted/plantwild/images/apple leaf/google_0319.jpg,Apple___healthy,Tomato___Early_blight,0.181180
plantwild/extracted/plantwild/images/apple leaf/google_0322.jpg,Apple___healthy,Tomato___Early_blight,0.380337
plantwild/extracted/plantwild/images/apple leaf/google_0327.jpg,Apple___healthy,Tomato___Septoria_leaf_spot,0.129678
plantwild/extracted/plantwild/images/apple leaf/google_0330.jpg,Apple___healthy,Tomato___Septoria_leaf_spot,0.198662
plantwild/extracted/plantwild/images/apple leaf/google_0333.jpg,Apple___healthy,"Pepper,_bell___healthy",0.944489
plantwild/extracted/plantwild/images/apple leaf/google_0345.jpg,Apple___healthy,Tomato___Septoria_leaf_spot,0.208469
plantwild/extracted/plantwild/images/apple leaf/google_0350.jpg,Apple___healthy,Apple___healthy,0.946130
plantwild/extracted/plantwild/images/apple leaf/google_0359.jpg,Apple___healthy,Tomato___Late_blight,0.365857
plantwild/extracted/plantwild/images/apple leaf/google_0360.jpg,Apple___healthy,"Pepper,_bell___healthy",0.687215
plantwild/extracted/plantwild/images/apple leaf/google_0374.jpg,Apple___healthy,"Pepper,_bell___healthy",0.889332
plantwild/extracted/plantwild/images/apple leaf/google_0376.jpg,Apple___healthy,"Pepper,_bell___healthy",0.929783
plantwild/extracted/plantwild/images/apple leaf/google_0377.jpg,Apple___healthy,Corn___healthy,0.948652
plantwild/extracted/plantwild/images/apple leaf/google_0385.jpg,Apple___healthy,Tomato___Early_blight,0.356726
plantwild/extracted/plantwild/images/apple leaf/google_0386.jpg,Apple___healthy,Tomato___Septoria_leaf_spot,0.259351
plantwild/extracted/plantwild/images/apple leaf/google_0390.jpg,Apple___healthy,Squash___Powdery_mildew,0.602851
plantwild/extracted/plantwild/images/apple leaf/google_0392.jpg,Apple___healthy,"Pepper,_bell___healthy",0.619841
plantwild/extracted/plantwild/images/apple leaf/google_0396.jpg,Apple___healthy,Tomato___Septoria_leaf_spot,0.161119
plantwild/extracted/plantwild/images/apple leaf/google_0403.jpg,Apple___healthy,"Pepper,_bell___healthy",0.947289
plantwild/extracted/plantwild/images/apple leaf/google_0405.jpg,Apple___healthy,Strawberry___Leaf_scorch,0.212703
plantwild/extracted/plantwild/images/apple leaf/google_0407.jpg,Apple___healthy,"Pepper,_bell___healthy",0.514958
plantwild/extracted/plantwild/images/apple leaf/google_0422.jpg,Apple___healthy,Cherry___healthy,0.831617
plantwild/extracted/plantwild/images/apple leaf/google_0423.jpg,Apple___healthy,Tomato___Early_blight,0.175261
plantwild/extracted/plantwild/images/apple leaf/google_0425.jpg,Apple___healthy,Tomato___Septoria_leaf_spot,0.248664
plantwild/extracted/plantwild/images/apple leaf/google_0426.jpg,Apple___healthy,Tomato___Tomato_Yellow_Leaf_Curl_Virus,0.282217
plantwild/extracted/plantwild/images/apple leaf/google_0427.jpg,Apple___healthy,"Pepper,_bell___healthy",0.264513
plantwild/extracted/plantwild/images/apple leaf/google_0431.jpg,Apple___healthy,"Pepper,_bell___healthy",0.789188
plantwild/extracted/plantwild/images/apple leaf/google_0432.jpg,Apple___healthy,"Pepper,_bell___healthy",0.302272
plantwild/extracted/plantwild/images/apple leaf/google_0437.jpg,Apple___healthy,Tomato___Septoria_leaf_spot,0.100661
plantwild/extracted/plantwild/images/apple leaf/google_0446.jpg,Apple___healthy,Cherry___healthy,0.529298
plantwild/extracted/plantwild/images/apple leaf/google_0463.jpg,Apple___healthy,Tomato___Septoria_leaf_spot,0.179874
plantwild/extracted/plantwild/images/apple leaf/google_0466.jpg,Apple___healthy,Tomato___Septoria_leaf_spot,0.221851
plantwild/extracted/plantwild/images/apple leaf/google_0474.jpg,Apple___healthy,"Pepper,_bell___healthy",0.925761
plantwild/extracted/plantwild/images/apple leaf/google_0479.jpg,Apple___healthy,"Pepper,_bell___healthy",0.950195
plantwild/extracted/plantwild/images/apple leaf/google_0480.jpg,Apple___healthy,Tomato___Septoria_leaf_spot,0.251899
plantwild/extracted/plantwild/images/apple leaf/google_0481.jpg,Apple___healthy,"Pepper,_bell___healthy",0.896475
plantwild/extracted/plantwild/images/apple leaf/google_0493.jpg,Apple___healthy,Tomato___Early_blight,0.145943
plantwild/extracted/plantwild/images/apple leaf/google_0494.jpg,Apple___healthy,Tomato___Early_blight,0.371502
plantwild/extracted/plantwild/images/apple leaf/google_0497.jpg,Apple___healthy,Tomato___Septoria_leaf_spot,0.170128
plantwild/extracted/plantwild/images/apple leaf/google_0498.jpg,Apple___healthy,Grape___Esca_(Black_Measles),0.825826
plantwild/extracted/plantwild/images/apple leaf/google_0503.jpg,Apple___healthy,Tomato___Septoria_leaf_spot,0.306003
plantwild/extracted/plantwild/images/apple leaf/google_0505.jpg,Apple___healthy,"Pepper,_bell___healthy",0.781494
plantwild/extracted/plantwild/images/apple leaf/google_0506.jpg,Apple___healthy,Tomato___Septoria_leaf_spot,0.207627
plantwild/extracted/plantwild/images/apple leaf/google_0509.jpg,Apple___healthy,Grape___Esca_(Black_Measles),0.686539
plantwild/extracted/plantwild/images/apple leaf/google_0514.jpg,Apple___healthy,"Pepper,_bell___healthy",0.926442
plantwild/extracted/plantwild/images/apple leaf/google_0518.jpg,Apple___healthy,Tomato___healthy,0.881293
plantwild/extracted/plantwild/images/apple leaf/google_0521.jpg,Apple___healthy,Tomato___Early_blight,0.321925
plantwild/extracted/plantwild/images/apple leaf/google_0522.jpg,Apple___healthy,Peach___Bacterial_spot,0.615487
plantwild/extracted/plantwild/images/apple leaf/google_0527.jpg,Apple___healthy,"Pepper,_bell___healthy",0.596417
plantwild/extracted/plantwild/images/apple leaf/google_0529.jpg,Apple___healthy,Tomato___Septoria_leaf_spot,0.228760
plantwild/extracted/plantwild/images/apple leaf/google_0530.jpg,Apple___healthy,Tomato___healthy,0.529333
plantwild/extracted/plantwild/images/apple leaf/google_0535.jpg,Apple___healthy,Squash___Powdery_mildew,0.299998
plantwild/extracted/plantwild/images/apple leaf/google_0548.jpg,Apple___healthy,Tomato___Early_blight,0.495590
plantwild/extracted/plantwild/images/apple leaf/google_0550.jpg,Apple___healthy,Strawberry___Leaf_scorch,0.880380
plantwild/extracted/plantwild/images/apple leaf/google_0552.jpg,Apple___healthy,"Pepper,_bell___healthy",0.690323
plantwild/extracted/plantwild/images/apple leaf/google_0554.jpg,Apple___healthy,Peach___healthy,0.916895
plantwild/extracted/plantwild/images/apple leaf/google_0557.jpg,Apple___healthy,Peach___healthy,0.123257
plantwild/extracted/plantwild/images/apple leaf/google_0558.jpg,Apple___healthy,Tomato___Early_blight,0.245504
plantwild/extracted/plantwild/images/apple leaf/google_0566.jpg,Apple___healthy,Cherry___healthy,0.673592
plantwild/extracted/plantwild/images/apple leaf/google_0570.jpg,Apple___healthy,Tomato___Septoria_leaf_spot,0.327778
plantwild/extracted/plantwild/images/apple leaf/google_0571.jpg,Apple___healthy,Tomato___Septoria_leaf_spot,0.165922
plantwild/extracted/plantwild/images/apple leaf/google_0573.jpg,Apple___healthy,Tomato___Early_blight,0.280146
plantwild/extracted/plantwild/images/apple leaf/google_0576.jpg,Apple___healthy,Tomato___Early_blight,0.363605
plantwild/extracted/plantwild/images/apple leaf/google_0581.jpg,Apple___healthy,"Pepper,_bell___healthy",0.810506
plantwild/extracted/plantwild/images/apple leaf/google_0582.jpg,Apple___healthy,Tomato___Septoria_leaf_spot,0.168469
plantwild/extracted/plantwild/images/apple leaf/google_0585.jpg,Apple___healthy,Tomato___Early_blight,0.178599
plantwild/extracted/plantwild/images/apple rust/1.jpg,Apple___Cedar_apple_rust,Strawberry___Leaf_scorch,0.603274
plantwild/extracted/plantwild/images/apple rust/10.jpg,Apple___Cedar_apple_rust,"Pepper,_bell___healthy",0.389353
plantwild/extracted/plantwild/images/apple rust/100.jpg,Apple___Cedar_apple_rust,Cherry___healthy,0.837326
plantwild/extracted/plantwild/images/apple rust/102.jpg,Apple___Cedar_apple_rust,"Pepper,_bell___healthy",0.820329
plantwild/extracted/plantwild/images/apple rust/104.jpg,Apple___Cedar_apple_rust,Strawberry___Leaf_scorch,0.941771
plantwild/extracted/plantwild/images/apple rust/106.jpg,Apple___Cedar_apple_rust,Grape___Esca_(Black_Measles),0.307596
plantwild/extracted/plantwild/images/apple rust/107.jpg,Apple___Cedar_apple_rust,Corn___Cercospora_leaf_spot Gray_leaf_spot,0.790320
plantwild/extracted/plantwild/images/apple rust/108 - Copy (2).jpg,Apple___Cedar_apple_rust,Peach___Bacterial_spot,0.352253
plantwild/extracted/plantwild/images/apple rust/108 - Copy.jpg,Apple___Cedar_apple_rust,Cherry___healthy,0.704214
plantwild/extracted/plantwild/images/apple rust/11.jpg,Apple___Cedar_apple_rust,Strawberry___Leaf_scorch,0.839185
plantwild/extracted/plantwild/images/apple rust/113.jpg,Apple___Cedar_apple_rust,Strawberry___Leaf_scorch,0.357269
plantwild/extracted/plantwild/images/apple rust/114.jpg,Apple___Cedar_apple_rust,"Pepper,_bell___healthy",0.584182
plantwild/extracted/plantwild/images/apple rust/12.jpg,Apple___Cedar_apple_rust,Apple___healthy,0.951914
plantwild/extracted/plantwild/images/apple rust/124.jpg,Apple___Cedar_apple_rust,Strawberry___Leaf_scorch,0.230373
plantwild/extracted/plantwild/images/apple rust/125.jpg,Apple___Cedar_apple_rust,"Pepper,_bell___healthy",0.945622
plantwild/extracted/plantwild/images/apple rust/129.jpg,Apple___Cedar_apple_rust,Strawberry___Leaf_scorch,0.846504
plantwild/extracted/plantwild/images/apple rust/13.jpg,Apple___Cedar_apple_rust,Apple___healthy,0.955571
plantwild/extracted/plantwild/images/apple rust/130.jpg,Apple___Cedar_apple_rust,"Pepper,_bell___healthy",0.361484
plantwild/extracted/plantwild/images/apple rust/131.jpg,Apple___Cedar_apple_rust,Strawberry___Leaf_scorch,0.672638
plantwild/extracted/plantwild/images/apple rust/134.jpg,Apple___Cedar_apple_rust,"Pepper,_bell___healthy",0.945717
plantwild/extracted/plantwild/images/apple rust/136.jpg,Apple___Cedar_apple_rust,Strawberry___Leaf_scorch,0.950336
plantwild/extracted/plantwild/images/apple rust/137.jpg,Apple___Cedar_apple_rust,"Pepper,_bell___healthy",0.935351
plantwild/extracted/plantwild/images/apple rust/138.jpg,Apple___Cedar_apple_rust,Strawberry___Leaf_scorch,0.912329
plantwild/extracted/plantwild/images/apple rust/14 - Copy.jpg,Apple___Cedar_apple_rust,Tomato___Early_blight,0.355765
plantwild/extracted/plantwild/images/apple rust/14.jpg,Apple___Cedar_apple_rust,Strawberry___Leaf_scorch,0.671785
plantwild/extracted/plantwild/images/apple rust/143 - Copy.jpg,Apple___Cedar_apple_rust,Strawberry___Leaf_scorch,0.322287
plantwild/extracted/plantwild/images/apple rust/143.jpg,Apple___Cedar_apple_rust,Corn___healthy,0.433062
plantwild/extracted/plantwild/images/apple rust/147.jpg,Apple___Cedar_apple_rust,Apple___Cedar_apple_rust,0.822360
plantwild/extracted/plantwild/images/apple rust/148 - Copy.jpg,Apple___Cedar_apple_rust,Tomato___Early_blight,0.430159
plantwild/extracted/plantwild/images/apple rust/148.jpg,Apple___Cedar_apple_rust,"Pepper,_bell___healthy",0.401299
plantwild/extracted/plantwild/images/apple rust/149.jpg,Apple___Cedar_apple_rust,Strawberry___Leaf_scorch,0.920195
plantwild/extracted/plantwild/images/apple rust/150.jpg,Apple___Cedar_apple_rust,Tomato___Late_blight,0.941796
plantwild/extracted/plantwild/images/apple rust/151.jpg,Apple___Cedar_apple_rust,Strawberry___Leaf_scorch,0.544953
plantwild/extracted/plantwild/images/apple rust/152.jpg,Apple___Cedar_apple_rust,Strawberry___Leaf_scorch,0.713425
plantwild/extracted/plantwild/images/apple rust/153.jpg,Apple___Cedar_apple_rust,Grape___Esca_(Black_Measles),0.469912
plantwild/extracted/plantwild/images/apple rust/154.jpg,Apple___Cedar_apple_rust,Tomato___Tomato_Yellow_Leaf_Curl_Virus,0.134076
plantwild/extracted/plantwild/images/apple rust/155.jpg,Apple___Cedar_apple_rust,Strawberry___Leaf_scorch,0.776687
plantwild/extracted/plantwild/images/apple rust/156.jpg,Apple___Cedar_apple_rust,Cherry___healthy,0.309507
plantwild/extracted/plantwild/images/apple rust/157.jpg,Apple___Cedar_apple_rust,Corn___healthy,0.333745
plantwild/extracted/plantwild/images/apple rust/158.jpg,Apple___Cedar_apple_rust,Grape___Black_rot,0.818592
plantwild/extracted/plantwild/images/apple rust/159.jpg,Apple___Cedar_apple_rust,Strawberry___Leaf_scorch,0.944306
plantwild/extracted/plantwild/images/apple rust/16.jpg,Apple___Cedar_apple_rust,"Pepper,_bell___healthy",0.856113
plantwild/extracted/plantwild/images/apple rust/162.jpg,Apple___Cedar_apple_rust,Strawberry___Leaf_scorch,0.618537
plantwild/extracted/plantwild/images/apple rust/17.jpg,Apple___Cedar_apple_rust,Cherry___healthy,0.922227
plantwild/extracted/plantwild/images/apple rust/173.jpg,Apple___Cedar_apple_rust,Cherry___healthy,0.737312
plantwild/extracted/plantwild/images/apple rust/174.jpg,Apple___Cedar_apple_rust,Tomato___Late_blight,0.935056
plantwild/extracted/plantwild/images/apple rust/177.jpg,Apple___Cedar_apple_rust,Grape___Black_rot,0.572361
plantwild/extracted/plantwild/images/apple rust/178.jpg,Apple___Cedar_apple_rust,"Pepper,_bell___healthy",0.928634
plantwild/extracted/plantwild/images/apple rust/18.jpg,Apple___Cedar_apple_rust,Corn___healthy,0.530585
plantwild/extracted/plantwild/images/apple rust/181.jpg,Apple___Cedar_apple_rust,"Pepper,_bell___healthy",0.936556
plantwild/extracted/plantwild/images/apple rust/182.jpg,Apple___Cedar_apple_rust,Strawberry___Leaf_scorch,0.910925
plantwild/extracted/plantwild/images/apple rust/187.jpg,Apple___Cedar_apple_rust,Strawberry___Leaf_scorch,0.945095
plantwild/extracted/plantwild/images/apple rust/19.jpg,Apple___Cedar_apple_rust,"Pepper,_bell___healthy",0.423204
plantwild/extracted/plantwild/images/apple rust/199.jpg,Apple___Cedar_apple_rust,"Pepper,_bell___healthy",0.704438
plantwild/extracted/plantwild/images/apple rust/2.jpg,Apple___Cedar_apple_rust,Strawberry___Leaf_scorch,0.923954
plantwild/extracted/plantwild/images/apple rust/20.jpg,Apple___Cedar_apple_rust,Strawberry___Leaf_scorch,0.949433
plantwild/extracted/plantwild/images/apple rust/208.jpg,Apple___Cedar_apple_rust,"Pepper,_bell___healthy",0.946257
plantwild/extracted/plantwild/images/apple rust/21.jpg,Apple___Cedar_apple_rust,Tomato___Early_blight,0.330585
plantwild/extracted/plantwild/images/apple rust/22.jpg,Apple___Cedar_apple_rust,Corn___Cercospora_leaf_spot Gray_leaf_spot,0.919021
plantwild/extracted/plantwild/images/apple rust/23.jpg,Apple___Cedar_apple_rust,Corn___Cercospora_leaf_spot Gray_leaf_spot,0.250973
plantwild/extracted/plantwild/images/apple rust/24.jpg,Apple___Cedar_apple_rust,"Pepper,_bell___healthy",0.658667
plantwild/extracted/plantwild/images/apple rust/26 - Copy (2).jpg,Apple___Cedar_apple_rust,Corn___Common_rust,0.948017
plantwild/extracted/plantwild/images/apple rust/26 - Copy (3).jpg,Apple___Cedar_apple_rust,Tomato___Early_blight,0.952090
plantwild/extracted/plantwild/images/apple rust/26 - Copy.jpg,Apple___Cedar_apple_rust,Strawberry___Leaf_scorch,0.379097
plantwild/extracted/plantwild/images/apple rust/27.jpg,Apple___Cedar_apple_rust,Strawberry___Leaf_scorch,0.940540
plantwild/extracted/plantwild/images/apple rust/28.jpg,Apple___Cedar_apple_rust,Strawberry___Leaf_scorch,0.867032
plantwild/extracted/plantwild/images/apple rust/286.jpg,Apple___Cedar_apple_rust,Apple___healthy,0.479976
plantwild/extracted/plantwild/images/apple rust/3.jpg,Apple___Cedar_apple_rust,Cherry___healthy,0.527260
plantwild/extracted/plantwild/images/apple rust/30.jpg,Apple___Cedar_apple_rust,Strawberry___Leaf_scorch,0.861543
plantwild/extracted/plantwild/images/apple rust/31.jpg,Apple___Cedar_apple_rust,Strawberry___Leaf_scorch,0.455002
plantwild/extracted/plantwild/images/apple rust/33.jpg,Apple___Cedar_apple_rust,Strawberry___Leaf_scorch,0.541147
plantwild/extracted/plantwild/images/apple rust/34.jpg,Apple___Cedar_apple_rust,Corn___Cercospora_leaf_spot Gray_leaf_spot,0.857239
plantwild/extracted/plantwild/images/apple rust/35.jpg,Apple___Cedar_apple_rust,Strawberry___Leaf_scorch,0.944069
plantwild/extracted/plantwild/images/apple rust/36.jpg,Apple___Cedar_apple_rust,Strawberry___Leaf_scorch,0.422571
plantwild/extracted/plantwild/images/apple rust/4.jpg,Apple___Cedar_apple_rust,Strawberry___Leaf_scorch,0.704525
plantwild/extracted/plantwild/images/apple rust/40.jpg,Apple___Cedar_apple_rust,Strawberry___Leaf_scorch,0.952115
plantwild/extracted/plantwild/images/apple rust/41.jpg,Apple___Cedar_apple_rust,Strawberry___Leaf_scorch,0.768957
plantwild/extracted/plantwild/images/apple rust/42.jpg,Apple___Cedar_apple_rust,Apple___Cedar_apple_rust,0.786760
plantwild/extracted/plantwild/images/apple rust/43.jpg,Apple___Cedar_apple_rust,"Pepper,_bell___healthy",0.495559
plantwild/extracted/plantwild/images/apple rust/44.jpg,Apple___Cedar_apple_rust,"Pepper,_bell___healthy",0.878937
plantwild/extracted/plantwild/images/apple rust/45.jpg,Apple___Cedar_apple_rust,Strawberry___Leaf_scorch,0.944387
plantwild/extracted/plantwild/images/apple rust/46.jpg,Apple___Cedar_apple_rust,"Pepper,_bell___healthy",0.446619
plantwild/extracted/plantwild/images/apple rust/47.jpg,Apple___Cedar_apple_rust,Strawberry___Leaf_scorch,0.878514
plantwild/extracted/plantwild/images/apple rust/48.jpg,Apple___Cedar_apple_rust,Apple___Black_rot,0.941472
plantwild/extracted/plantwild/images/apple rust/49.jpg,Apple___Cedar_apple_rust,Strawberry___Leaf_scorch,0.565161
plantwild/extracted/plantwild/images/apple rust/5.jpg,Apple___Cedar_apple_rust,Strawberry___Leaf_scorch,0.950606
plantwild/extracted/plantwild/images/apple rust/50.jpg,Apple___Cedar_apple_rust,Apple___healthy,0.865625
plantwild/extracted/plantwild/images/apple rust/51 - Copy.jpg,Apple___Cedar_apple_rust,Apple___healthy,0.939237
plantwild/extracted/plantwild/images/apple rust/51.jpg,Apple___Cedar_apple_rust,Orange___Haunglongbing_(Citrus_greening),0.945835
plantwild/extracted/plantwild/images/apple rust/52.jpg,Apple___Cedar_apple_rust,Strawberry___Leaf_scorch,0.866367
plantwild/extracted/plantwild/images/apple rust/54.jpg,Apple___Cedar_apple_rust,Cherry___healthy,0.947168
plantwild/extracted/plantwild/images/apple rust/55.jpg,Apple___Cedar_apple_rust,Apple___Cedar_apple_rust,0.421033
plantwild/extracted/plantwild/images/apple rust/56.jpg,Apple___Cedar_apple_rust,Apple___Cedar_apple_rust,0.936014
plantwild/extracted/plantwild/images/apple rust/6.jpg,Apple___Cedar_apple_rust,Tomato___Late_blight,0.474579
plantwild/extracted/plantwild/images/apple rust/60.jpg,Apple___Cedar_apple_rust,Strawberry___Leaf_scorch,0.656597
plantwild/extracted/plantwild/images/apple rust/61.jpg,Apple___Cedar_apple_rust,"Pepper,_bell___healthy",0.918440
plantwild/extracted/plantwild/images/apple rust/63.jpg,Apple___Cedar_apple_rust,Corn___Cercospora_leaf_spot Gray_leaf_spot,0.481585
plantwild/extracted/plantwild/images/apple rust/64.jpg,Apple___Cedar_apple_rust,Apple___Cedar_apple_rust,0.639104
plantwild/extracted/plantwild/images/apple rust/65.jpg,Apple___Cedar_apple_rust,"Pepper,_bell___healthy",0.814152
plantwild/extracted/plantwild/images/apple rust/66.jpg,Apple___Cedar_apple_rust,Grape___Black_rot,0.944732
plantwild/extracted/plantwild/images/apple rust/67.jpg,Apple___Cedar_apple_rust,Strawberry___Leaf_scorch,0.892010
plantwild/extracted/plantwild/images/apple rust/68.jpg,Apple___Cedar_apple_rust,Strawberry___Leaf_scorch,0.664365
plantwild/extracted/plantwild/images/apple rust/69.jpg,Apple___Cedar_apple_rust,Strawberry___Leaf_scorch,0.930728
plantwild/extracted/plantwild/images/apple rust/7.jpg,Apple___Cedar_apple_rust,Corn___Cercospora_leaf_spot Gray_leaf_spot,0.457512
plantwild/extracted/plantwild/images/apple rust/71.jpg,Apple___Cedar_apple_rust,Corn___Northern_Leaf_Blight,0.410128
plantwild/extracted/plantwild/images/apple rust/73.jpg,Apple___Cedar_apple_rust,Strawberry___Leaf_scorch,0.915330
plantwild/extracted/plantwild/images/apple rust/74.jpg,Apple___Cedar_apple_rust,Apple___healthy,0.793455
plantwild/extracted/plantwild/images/apple rust/76.jpg,Apple___Cedar_apple_rust,Strawberry___Leaf_scorch,0.940792
plantwild/extracted/plantwild/images/apple rust/77.jpg,Apple___Cedar_apple_rust,Strawberry___Leaf_scorch,0.863288
plantwild/extracted/plantwild/images/apple rust/78.jpg,Apple___Cedar_apple_rust,Apple___Cedar_apple_rust,0.741119
plantwild/extracted/plantwild/images/apple rust/79.jpg,Apple___Cedar_apple_rust,Apple___healthy,0.268519
plantwild/extracted/plantwild/images/apple rust/8.jpg,Apple___Cedar_apple_rust,Apple___Cedar_apple_rust,0.905680
plantwild/extracted/plantwild/images/apple rust/80.jpg,Apple___Cedar_apple_rust,Apple___healthy,0.606265
plantwild/extracted/plantwild/images/apple rust/84.jpg,Apple___Cedar_apple_rust,Cherry___healthy,0.911325
plantwild/extracted/plantwild/images/apple rust/87.jpg,Apple___Cedar_apple_rust,Strawberry___Leaf_scorch,0.835371
plantwild/extracted/plantwild/images/apple rust/9.jpg,Apple___Cedar_apple_rust,Strawberry___Leaf_scorch,0.945450
plantwild/extracted/plantwild/images/apple rust/92.jpg,Apple___Cedar_apple_rust,Strawberry___Leaf_scorch,0.947108
plantwild/extracted/plantwild/images/apple rust/93.jpg,Apple___Cedar_apple_rust,Tomato___Late_blight,0.901005
plantwild/extracted/plantwild/images/apple rust/94.jpg,Apple___Cedar_apple_rust,Apple___Black_rot,0.516805
plantwild/extracted/plantwild/images/apple rust/95.jpg,Apple___Cedar_apple_rust,Corn___Northern_Leaf_Blight,0.857469
plantwild/extracted/plantwild/images/apple rust/96.jpg,Apple___Cedar_apple_rust,"Pepper,_bell___healthy",0.898537
plantwild/extracted/plantwild/images/apple rust/98.jpg,Apple___Cedar_apple_rust,Apple___healthy,0.479976
plantwild/extracted/plantwild/images/apple rust/google_0000.jpg,Apple___Cedar_apple_rust,"Pepper,_bell___healthy",0.768000
plantwild/extracted/plantwild/images/apple rust/google_0001.jpg,Apple___Cedar_apple_rust,Strawberry___Leaf_scorch,0.900779
plantwild/extracted/plantwild/images/apple rust/google_0002.jpg,Apple___Cedar_apple_rust,Cherry___healthy,0.488762
plantwild/extracted/plantwild/images/apple rust/google_0003.jpg,Apple___Cedar_apple_rust,Cherry___healthy,0.421469
plantwild/extracted/plantwild/images/apple rust/google_0005.jpg,Apple___Cedar_apple_rust,Cherry___healthy,0.912399
plantwild/extracted/plantwild/images/apple rust/google_0006.jpg,Apple___Cedar_apple_rust,Cherry___healthy,0.685293
plantwild/extracted/plantwild/images/apple rust/google_0007.jpg,Apple___Cedar_apple_rust,Corn___Cercospora_leaf_spot Gray_leaf_spot,0.616134
plantwild/extracted/plantwild/images/apple rust/google_0008.jpg,Apple___Cedar_apple_rust,Corn___Cercospora_leaf_spot Gray_leaf_spot,0.792603
plantwild/extracted/plantwild/images/apple rust/google_0009.jpg,Apple___Cedar_apple_rust,"Pepper,_bell___healthy",0.911375
plantwild/extracted/plantwild/images/apple rust/google_0010.jpg,Apple___Cedar_apple_rust,Corn___Cercospora_leaf_spot Gray_leaf_spot,0.784842
plantwild/extracted/plantwild/images/apple rust/google_0011.jpg,Apple___Cedar_apple_rust,"Pepper,_bell___healthy",0.754144
plantwild/extracted/plantwild/images/apple rust/google_0013.jpg,Apple___Cedar_apple_rust,Strawberry___Leaf_scorch,0.547764
plantwild/extracted/plantwild/images/apple rust/google_0015.jpg,Apple___Cedar_apple_rust,"Pepper,_bell___healthy",0.936547
plantwild/extracted/plantwild/images/apple rust/google_0017.jpg,Apple___Cedar_apple_rust,"Pepper,_bell___healthy",0.944297
plantwild/extracted/plantwild/images/apple rust/google_0018.jpg,Apple___Cedar_apple_rust,Cherry___healthy,0.452515
plantwild/extracted/plantwild/images/apple rust/google_0019.jpg,Apple___Cedar_apple_rust,Strawberry___Leaf_scorch,0.932194
plantwild/extracted/plantwild/images/apple rust/google_0021.jpg,Apple___Cedar_apple_rust,Strawberry___Leaf_scorch,0.858264
plantwild/extracted/plantwild/images/apple rust/google_0022.jpg,Apple___Cedar_apple_rust,Corn___healthy,0.399010
plantwild/extracted/plantwild/images/apple rust/google_0023.jpg,Apple___Cedar_apple_rust,Strawberry___Leaf_scorch,0.663529
plantwild/extracted/plantwild/images/apple rust/google_0026.jpg,Apple___Cedar_apple_rust,Strawberry___Leaf_scorch,0.757281
plantwild/extracted/plantwild/images/apple rust/google_0027.jpg,Apple___Cedar_apple_rust,Apple___Cedar_apple_rust,0.724009
plantwild/extracted/plantwild/images/apple rust/google_0028.jpg,Apple___Cedar_apple_rust,"Pepper,_bell___healthy",0.806629
plantwild/extracted/plantwild/images/apple rust/google_0030.jpg,Apple___Cedar_apple_rust,Strawberry___Leaf_scorch,0.625961
plantwild/extracted/plantwild/images/apple rust/google_0031.jpg,Apple___Cedar_apple_rust,"Pepper,_bell___healthy",0.785612
plantwild/extracted/plantwild/images/apple rust/google_0032.jpg,Apple___Cedar_apple_rust,Strawberry___Leaf_scorch,0.396235
plantwild/extracted/plantwild/images/apple rust/google_0033.jpg,Apple___Cedar_apple_rust,Strawberry___Leaf_scorch,0.911130
plantwild/extracted/plantwild/images/apple rust/google_0034.jpg,Apple___Cedar_apple_rust,Cherry___healthy,0.769870
plantwild/extracted/plantwild/images/apple rust/google_0035.jpg,Apple___Cedar_apple_rust,Corn___Cercospora_leaf_spot Gray_leaf_spot,0.664961
plantwild/extracted/plantwild/images/apple rust/google_0036.jpg,Apple___Cedar_apple_rust,Strawberry___Leaf_scorch,0.804100
plantwild/extracted/plantwild/images/apple rust/google_0037.jpg,Apple___Cedar_apple_rust,"Pepper,_bell___healthy",0.543439
plantwild/extracted/plantwild/images/apple rust/google_0038.jpg,Apple___Cedar_apple_rust,"Pepper,_bell___healthy",0.584455
plantwild/extracted/plantwild/images/apple rust/google_0039.jpg,Apple___Cedar_apple_rust,Cherry___healthy,0.830644
plantwild/extracted/plantwild/images/apple rust/google_0040.jpg,Apple___Cedar_apple_rust,"Pepper,_bell___healthy",0.854666
plantwild/extracted/plantwild/images/apple rust/google_0041.jpg,Apple___Cedar_apple_rust,Strawberry___Leaf_scorch,0.424357
plantwild/extracted/plantwild/images/apple rust/google_0042.jpg,Apple___Cedar_apple_rust,Corn___Cercospora_leaf_spot Gray_leaf_spot,0.483906
plantwild/extracted/plantwild/images/apple rust/google_0045.jpg,Apple___Cedar_apple_rust,Cherry___healthy,0.533434
plantwild/extracted/plantwild/images/apple rust/google_0046.jpg,Apple___Cedar_apple_rust,Cherry___healthy,0.915132
plantwild/extracted/plantwild/images/apple rust/google_0048.jpg,Apple___Cedar_apple_rust,Cherry___healthy,0.604358
plantwild/extracted/plantwild/images/apple rust/google_0049.jpg,Apple___Cedar_apple_rust,Strawberry___Leaf_scorch,0.599161
plantwild/extracted/plantwild/images/apple rust/google_0051.jpg,Apple___Cedar_apple_rust,Strawberry___Leaf_scorch,0.881628
plantwild/extracted/plantwild/images/apple rust/google_0052.jpg,Apple___Cedar_apple_rust,"Pepper,_bell___healthy",0.519869
plantwild/extracted/plantwild/images/apple rust/google_0053.jpg,Apple___Cedar_apple_rust,Cherry___healthy,0.621897
plantwild/extracted/plantwild/images/apple rust/google_0054.jpg,Apple___Cedar_apple_rust,"Pepper,_bell___healthy",0.304618
plantwild/extracted/plantwild/images/apple rust/google_0055.jpg,Apple___Cedar_apple_rust,Strawberry___Leaf_scorch,0.794723
plantwild/extracted/plantwild/images/apple rust/google_0056.jpg,Apple___Cedar_apple_rust,Tomato___Septoria_leaf_spot,0.355906
plantwild/extracted/plantwild/images/apple rust/google_0057.jpg,Apple___Cedar_apple_rust,Apple___Cedar_apple_rust,0.912808
plantwild/extracted/plantwild/images/apple rust/google_0058.jpg,Apple___Cedar_apple_rust,Peach___Bacterial_spot,0.670615
plantwild/extracted/plantwild/images/apple rust/google_0059.jpg,Apple___Cedar_apple_rust,Cherry___healthy,0.827914
plantwild/extracted/plantwild/images/apple rust/google_0060.jpg,Apple___Cedar_apple_rust,Cherry___healthy,0.673480
plantwild/extracted/plantwild/images/apple rust/google_0063.jpg,Apple___Cedar_apple_rust,Strawberry___Leaf_scorch,0.924843
plantwild/extracted/plantwild/images/apple rust/google_0064.jpg,Apple___Cedar_apple_rust,"Pepper,_bell___healthy",0.943515
plantwild/extracted/plantwild/images/apple rust/google_0065.jpg,Apple___Cedar_apple_rust,Strawberry___Leaf_scorch,0.340568
plantwild/extracted/plantwild/images/apple rust/google_0066.jpg,Apple___Cedar_apple_rust,Tomato___Late_blight,0.639281
plantwild/extracted/plantwild/images/apple rust/google_0067.jpg,Apple___Cedar_apple_rust,"Pepper,_bell___healthy",0.890609
plantwild/extracted/plantwild/images/apple rust/google_0068.jpg,Apple___Cedar_apple_rust,"Pepper,_bell___healthy",0.569486
plantwild/extracted/plantwild/images/apple rust/google_0069.jpg,Apple___Cedar_apple_rust,Squash___Powdery_mildew,0.886190
plantwild/extracted/plantwild/images/apple rust/google_0071.jpg,Apple___Cedar_apple_rust,Cherry___healthy,0.506033
plantwild/extracted/plantwild/images/apple rust/google_0072.jpg,Apple___Cedar_apple_rust,Cherry___healthy,0.924127
plantwild/extracted/plantwild/images/apple rust/google_0073.jpg,Apple___Cedar_apple_rust,"Pepper,_bell___healthy",0.599606
plantwild/extracted/plantwild/images/apple rust/google_0074.jpg,Apple___Cedar_apple_rust,"Pepper,_bell___healthy",0.950860
plantwild/extracted/plantwild/images/apple rust/google_0075.jpg,Apple___Cedar_apple_rust,Strawberry___Leaf_scorch,0.940228
plantwild/extracted/plantwild/images/apple rust/google_0078.jpg,Apple___Cedar_apple_rust,Strawberry___Leaf_scorch,0.891860
plantwild/extracted/plantwild/images/apple rust/google_0079.jpg,Apple___Cedar_apple_rust,Strawberry___Leaf_scorch,0.862423
plantwild/extracted/plantwild/images/apple rust/google_0080.jpg,Apple___Cedar_apple_rust,Cherry___healthy,0.729420
plantwild/extracted/plantwild/images/apple rust/google_0081.jpg,Apple___Cedar_apple_rust,Corn___Cercospora_leaf_spot Gray_leaf_spot,0.502962
plantwild/extracted/plantwild/images/apple rust/google_0082.jpg,Apple___Cedar_apple_rust,Cherry___healthy,0.886754
plantwild/extracted/plantwild/images/apple rust/google_0083.jpg,Apple___Cedar_apple_rust,Apple___Apple_scab,0.945142
plantwild/extracted/plantwild/images/apple rust/google_0084.jpg,Apple___Cedar_apple_rust,"Pepper,_bell___healthy",0.382950
plantwild/extracted/plantwild/images/apple rust/google_0085.jpg,Apple___Cedar_apple_rust,Strawberry___Leaf_scorch,0.481067
plantwild/extracted/plantwild/images/apple rust/google_0087.jpg,Apple___Cedar_apple_rust,Strawberry___Leaf_scorch,0.906649
plantwild/extracted/plantwild/images/apple rust/google_0088.jpg,Apple___Cedar_apple_rust,"Pepper,_bell___healthy",0.903847
plantwild/extracted/plantwild/images/apple rust/google_0089.jpg,Apple___Cedar_apple_rust,Strawberry___Leaf_scorch,0.907178
plantwild/extracted/plantwild/images/apple rust/google_0091.jpg,Apple___Cedar_apple_rust,Strawberry___Leaf_scorch,0.443274
plantwild/extracted/plantwild/images/apple rust/google_0092.jpg,Apple___Cedar_apple_rust,Apple___Black_rot,0.801153
plantwild/extracted/plantwild/images/apple rust/google_0093.jpg,Apple___Cedar_apple_rust,Strawberry___Leaf_scorch,0.814270
plantwild/extracted/plantwild/images/apple rust/google_0094.jpg,Apple___Cedar_apple_rust,Grape___Black_rot,0.486422
plantwild/extracted/plantwild/images/apple rust/google_0095.jpg,Apple___Cedar_apple_rust,Cherry___healthy,0.818326
plantwild/extracted/plantwild/images/apple rust/google_0096.jpg,Apple___Cedar_apple_rust,"Pepper,_bell___healthy",0.631703
plantwild/extracted/plantwild/images/apple rust/google_0097.jpg,Apple___Cedar_apple_rust,Apple___Black_rot,0.783071
plantwild/extracted/plantwild/images/apple rust/google_0098.jpg,Apple___Cedar_apple_rust,Cherry___healthy,0.495667
plantwild/extracted/plantwild/images/apple rust/google_0101.jpg,Apple___Cedar_apple_rust,"Pepper,_bell___healthy",0.883198
plantwild/extracted/plantwild/images/apple rust/google_0103.jpg,Apple___Cedar_apple_rust,Cherry___healthy,0.817215
plantwild/extracted/plantwild/images/apple rust/google_0106.jpg,Apple___Cedar_apple_rust,Cherry___healthy,0.880643
plantwild/extracted/plantwild/images/apple rust/google_0107.jpg,Apple___Cedar_apple_rust,Apple___Cedar_apple_rust,0.561955
plantwild/extracted/plantwild/images/apple rust/google_0111.jpg,Apple___Cedar_apple_rust,Apple___Black_rot,0.682070
plantwild/extracted/plantwild/images/apple rust/google_0112.jpg,Apple___Cedar_apple_rust,Strawberry___Leaf_scorch,0.946031
plantwild/extracted/plantwild/images/apple rust/google_0113.jpg,Apple___Cedar_apple_rust,Cherry___healthy,0.934968
plantwild/extracted/plantwild/images/apple rust/google_0114.jpg,Apple___Cedar_apple_rust,Corn___Cercospora_leaf_spot Gray_leaf_spot,0.513524
plantwild/extracted/plantwild/images/apple rust/google_0115.jpg,Apple___Cedar_apple_rust,Cherry___healthy,0.553062
plantwild/extracted/plantwild/images/apple rust/google_0117.jpg,Apple___Cedar_apple_rust,Cherry___healthy,0.817169
plantwild/extracted/plantwild/images/apple rust/google_0118.jpg,Apple___Cedar_apple_rust,Strawberry___Leaf_scorch,0.942025
plantwild/extracted/plantwild/images/apple rust/google_0119.jpg,Apple___Cedar_apple_rust,Cherry___healthy,0.492985
plantwild/extracted/plantwild/images/apple rust/google_0120.jpg,Apple___Cedar_apple_rust,Cherry___healthy,0.442262
plantwild/extracted/plantwild/images/apple rust/google_0121.jpg,Apple___Cedar_apple_rust,"Pepper,_bell___healthy",0.939931
plantwild/extracted/plantwild/images/apple rust/google_0122.jpg,Apple___Cedar_apple_rust,Corn___Common_rust,0.909957
plantwild/extracted/plantwild/images/apple rust/google_0123.jpg,Apple___Cedar_apple_rust,"Pepper,_bell___healthy",0.670958
plantwild/extracted/plantwild/images/apple rust/google_0124.jpg,Apple___Cedar_apple_rust,Cherry___healthy,0.731515
plantwild/extracted/plantwild/images/apple rust/google_0125.jpg,Apple___Cedar_apple_rust,"Pepper,_bell___healthy",0.941912
plantwild/extracted/plantwild/images/apple rust/google_0126.jpg,Apple___Cedar_apple_rust,Cherry___healthy,0.853136
plantwild/extracted/plantwild/images/apple rust/google_0127.jpg,Apple___Cedar_apple_rust,Strawberry___Leaf_scorch,0.854529
plantwild/extracted/plantwild/images/apple rust/google_0128.jpg,Apple___Cedar_apple_rust,Strawberry___Leaf_scorch,0.593728
plantwild/extracted/plantwild/images/apple rust/google_0129.jpg,Apple___Cedar_apple_rust,Cherry___healthy,0.785340
plantwild/extracted/plantwild/images/apple rust/google_0131.jpg,Apple___Cedar_apple_rust,Cherry___healthy,0.931048
plantwild/extracted/plantwild/images/apple rust/google_0132.jpg,Apple___Cedar_apple_rust,Strawberry___Leaf_scorch,0.901768
plantwild/extracted/plantwild/images/apple rust/google_0134.jpg,Apple___Cedar_apple_rust,Cherry___healthy,0.914897
plantwild/extracted/plantwild/images/apple rust/google_0135.jpg,Apple___Cedar_apple_rust,Apple___Cedar_apple_rust,0.297992
plantwild/extracted/plantwild/images/apple rust/google_0136.jpg,Apple___Cedar_apple_rust,Corn___Cercospora_leaf_spot Gray_leaf_spot,0.938871
plantwild/extracted/plantwild/images/apple rust/google_0137.jpg,Apple___Cedar_apple_rust,Tomato___Early_blight,0.491913
plantwild/extracted/plantwild/images/apple rust/google_0138.jpg,Apple___Cedar_apple_rust,Strawberry___Leaf_scorch,0.344434
plantwild/extracted/plantwild/images/apple rust/google_0139.jpg,Apple___Cedar_apple_rust,Apple___Black_rot,0.563693
plantwild/extracted/plantwild/images/apple rust/google_0140.jpg,Apple___Cedar_apple_rust,Strawberry___Leaf_scorch,0.793036
plantwild/extracted/plantwild/images/apple rust/google_0141.jpg,Apple___Cedar_apple_rust,"Pepper,_bell___healthy",0.293900
plantwild/extracted/plantwild/images/apple rust/google_0142.jpg,Apple___Cedar_apple_rust,Strawberry___Leaf_scorch,0.923459
plantwild/extracted/plantwild/images/apple rust/google_0143.jpg,Apple___Cedar_apple_rust,Strawberry___Leaf_scorch,0.876673
plantwild/extracted/plantwild/images/apple rust/google_0145.jpg,Apple___Cedar_apple_rust,Strawberry___Leaf_scorch,0.890051
plantwild/extracted/plantwild/images/apple rust/google_0146.jpg,Apple___Cedar_apple_rust,Strawberry___Leaf_scorch,0.424240
plantwild/extracted/plantwild/images/apple rust/google_0147.jpg,Apple___Cedar_apple_rust,Strawberry___Leaf_scorch,0.944529
plantwild/extracted/plantwild/images/apple rust/google_0149.jpg,Apple___Cedar_apple_rust,Strawberry___Leaf_scorch,0.936392
plantwild/extracted/plantwild/images/apple rust/google_0151.jpg,Apple___Cedar_apple_rust,Corn___Cercospora_leaf_spot Gray_leaf_spot,0.902493
plantwild/extracted/plantwild/images/apple rust/google_0152.jpg,Apple___Cedar_apple_rust,Tomato___healthy,0.426801
plantwild/extracted/plantwild/images/apple rust/google_0153.jpg,Apple___Cedar_apple_rust,Strawberry___Leaf_scorch,0.804375
plantwild/extracted/plantwild/images/apple rust/google_0155.jpg,Apple___Cedar_apple_rust,"Pepper,_bell___healthy",0.269023
plantwild/extracted/plantwild/images/apple rust/google_0157.jpg,Apple___Cedar_apple_rust,Corn___Cercospora_leaf_spot Gray_leaf_spot,0.397782
plantwild/extracted/plantwild/images/apple rust/google_0158.jpg,Apple___Cedar_apple_rust,Cherry___healthy,0.345908
plantwild/extracted/plantwild/images/apple rust/google_0159.jpg,Apple___Cedar_apple_rust,Strawberry___Leaf_scorch,0.724680
plantwild/extracted/plantwild/images/apple rust/google_0160.jpg,Apple___Cedar_apple_rust,Cherry___healthy,0.805659
plantwild/extracted/plantwild/images/apple rust/google_0165.jpg,Apple___Cedar_apple_rust,Apple___Cedar_apple_rust,0.938163
plantwild/extracted/plantwild/images/apple rust/google_0167.jpg,Apple___Cedar_apple_rust,"Pepper,_bell___healthy",0.944984
plantwild/extracted/plantwild/images/apple rust/google_0168.jpg,Apple___Cedar_apple_rust,Apple___Black_rot,0.362139
plantwild/extracted/plantwild/images/apple rust/google_0169.jpg,Apple___Cedar_apple_rust,Strawberry___Leaf_scorch,0.617287
plantwild/extracted/plantwild/images/apple rust/google_0171.jpg,Apple___Cedar_apple_rust,"Pepper,_bell___healthy",0.626944
plantwild/extracted/plantwild/images/apple rust/google_0172.jpg,Apple___Cedar_apple_rust,Squash___Powdery_mildew,0.937160
plantwild/extracted/plantwild/images/apple rust/google_0173.jpg,Apple___Cedar_apple_rust,"Pepper,_bell___healthy",0.931821
plantwild/extracted/plantwild/images/apple rust/google_0175.jpg,Apple___Cedar_apple_rust,"Pepper,_bell___healthy",0.521960
plantwild/extracted/plantwild/images/apple rust/google_0176.jpg,Apple___Cedar_apple_rust,"Pepper,_bell___healthy",0.789221
plantwild/extracted/plantwild/images/apple rust/google_0177.jpg,Apple___Cedar_apple_rust,Cherry___healthy,0.538529
plantwild/extracted/plantwild/images/apple rust/google_0180.jpg,Apple___Cedar_apple_rust,Grape___Black_rot,0.809075
plantwild/extracted/plantwild/images/apple rust/google_0181.jpg,Apple___Cedar_apple_rust,Corn___Cercospora_leaf_spot Gray_leaf_spot,0.664420
plantwild/extracted/plantwild/images/apple rust/google_0182.jpg,Apple___Cedar_apple_rust,Strawberry___Leaf_scorch,0.942992
plantwild/extracted/plantwild/images/apple rust/google_0183.jpg,Apple___Cedar_apple_rust,Cherry___healthy,0.579969
plantwild/extracted/plantwild/images/apple rust/google_0184.jpg,Apple___Cedar_apple_rust,Soybean___healthy,0.469788
plantwild/extracted/plantwild/images/apple rust/google_0185.jpg,Apple___Cedar_apple_rust,Cherry___healthy,0.422887
plantwild/extracted/plantwild/images/apple rust/google_0186.jpg,Apple___Cedar_apple_rust,Strawberry___Leaf_scorch,0.829853
plantwild/extracted/plantwild/images/apple rust/google_0187.jpg,Apple___Cedar_apple_rust,Cherry___healthy,0.361656
plantwild/extracted/plantwild/images/apple rust/google_0190.jpg,Apple___Cedar_apple_rust,Potato___Late_blight,0.375619
plantwild/extracted/plantwild/images/apple rust/google_0191.jpg,Apple___Cedar_apple_rust,"Pepper,_bell___healthy",0.750772
plantwild/extracted/plantwild/images/apple rust/google_0193.jpg,Apple___Cedar_apple_rust,Peach___Bacterial_spot,0.937734
plantwild/extracted/plantwild/images/apple rust/google_0194.jpg,Apple___Cedar_apple_rust,Strawberry___Leaf_scorch,0.934681
plantwild/extracted/plantwild/images/apple rust/google_0195.jpg,Apple___Cedar_apple_rust,Strawberry___Leaf_scorch,0.840201
plantwild/extracted/plantwild/images/apple rust/google_0196.jpg,Apple___Cedar_apple_rust,Corn___Cercospora_leaf_spot Gray_leaf_spot,0.403210
plantwild/extracted/plantwild/images/apple rust/google_0197.jpg,Apple___Cedar_apple_rust,Strawberry___Leaf_scorch,0.949411
plantwild/extracted/plantwild/images/apple rust/google_0198.jpg,Apple___Cedar_apple_rust,Cherry___healthy,0.927372
plantwild/extracted/plantwild/images/apple rust/google_0200.jpg,Apple___Cedar_apple_rust,Strawberry___Leaf_scorch,0.950709
plantwild/extracted/plantwild/images/apple rust/google_0201.jpg,Apple___Cedar_apple_rust,Squash___Powdery_mildew,0.557199
plantwild/extracted/plantwild/images/apple rust/google_0202.jpg,Apple___Cedar_apple_rust,Grape___Esca_(Black_Measles),0.427461
plantwild/extracted/plantwild/images/apple rust/google_0203.jpg,Apple___Cedar_apple_rust,Corn___Northern_Leaf_Blight,0.857171
plantwild/extracted/plantwild/images/apple rust/google_0205.jpg,Apple___Cedar_apple_rust,Cherry___healthy,0.649654
plantwild/extracted/plantwild/images/apple rust/google_0206.jpg,Apple___Cedar_apple_rust,Corn___Common_rust,0.938407
plantwild/extracted/plantwild/images/apple rust/google_0207.jpg,Apple___Cedar_apple_rust,Cherry___healthy,0.430168
plantwild/extracted/plantwild/images/apple rust/google_0209.jpg,Apple___Cedar_apple_rust,Strawberry___Leaf_scorch,0.551719
plantwild/extracted/plantwild/images/apple rust/google_0210.jpg,Apple___Cedar_apple_rust,Strawberry___Leaf_scorch,0.673877
plantwild/extracted/plantwild/images/apple rust/google_0211.jpg,Apple___Cedar_apple_rust,Squash___Powdery_mildew,0.694238
plantwild/extracted/plantwild/images/apple rust/google_0212.jpg,Apple___Cedar_apple_rust,"Pepper,_bell___healthy",0.492044
plantwild/extracted/plantwild/images/apple rust/google_0213.jpg,Apple___Cedar_apple_rust,Cherry___healthy,0.918078
plantwild/extracted/plantwild/images/apple rust/google_0214.jpg,Apple___Cedar_apple_rust,Apple___healthy,0.549700
plantwild/extracted/plantwild/images/apple rust/google_0215.jpg,Apple___Cedar_apple_rust,Corn___Northern_Leaf_Blight,0.739299
plantwild/extracted/plantwild/images/apple rust/google_0217.jpg,Apple___Cedar_apple_rust,Strawberry___Leaf_scorch,0.619210
plantwild/extracted/plantwild/images/apple rust/google_0218.jpg,Apple___Cedar_apple_rust,Strawberry___Leaf_scorch,0.198588
plantwild/extracted/plantwild/images/apple rust/google_0219.jpg,Apple___Cedar_apple_rust,Tomato___Early_blight,0.266445
plantwild/extracted/plantwild/images/apple rust/google_0220.jpg,Apple___Cedar_apple_rust,Tomato___Early_blight,0.320428
plantwild/extracted/plantwild/images/apple rust/google_0221.jpg,Apple___Cedar_apple_rust,Tomato___Early_blight,0.587538
plantwild/extracted/plantwild/images/apple rust/google_0222.jpg,Apple___Cedar_apple_rust,"Pepper,_bell___healthy",0.827163
plantwild/extracted/plantwild/images/apple rust/google_0226.jpg,Apple___Cedar_apple_rust,Strawberry___Leaf_scorch,0.950921
plantwild/extracted/plantwild/images/apple rust/google_0227.jpg,Apple___Cedar_apple_rust,Strawberry___Leaf_scorch,0.791752
plantwild/extracted/plantwild/images/apple rust/google_0228.jpg,Apple___Cedar_apple_rust,Strawberry___Leaf_scorch,0.928593
plantwild/extracted/plantwild/images/apple rust/google_0229.jpg,Apple___Cedar_apple_rust,Cherry___healthy,0.820728
plantwild/extracted/plantwild/images/apple rust/google_0230.jpg,Apple___Cedar_apple_rust,Corn___healthy,0.186999
plantwild/extracted/plantwild/images/apple rust/google_0233.jpg,Apple___Cedar_apple_rust,Tomato___Early_blight,0.491945
plantwild/extracted/plantwild/images/apple rust/google_0235.jpg,Apple___Cedar_apple_rust,Squash___Powdery_mildew,0.373952
plantwild/extracted/plantwild/images/apple rust/google_0236.jpg,Apple___Cedar_apple_rust,Strawberry___Leaf_scorch,0.894970
plantwild/extracted/plantwild/images/apple rust/google_0237.jpg,Apple___Cedar_apple_rust,Strawberry___Leaf_scorch,0.477066
plantwild/extracted/plantwild/images/apple rust/google_0238.jpg,Apple___Cedar_apple_rust,Strawberry___Leaf_scorch,0.926312
plantwild/extracted/plantwild/images/apple rust/google_0240.jpg,Apple___Cedar_apple_rust,Strawberry___Leaf_scorch,0.761507
plantwild/extracted/plantwild/images/apple rust/google_0243.jpg,Apple___Cedar_apple_rust,Strawberry___Leaf_scorch,0.943721
plantwild/extracted/plantwild/images/apple rust/google_0244.jpg,Apple___Cedar_apple_rust,"Pepper,_bell___healthy",0.553498
plantwild/extracted/plantwild/images/apple rust/google_0245.jpg,Apple___Cedar_apple_rust,"Pepper,_bell___healthy",0.889640
plantwild/extracted/plantwild/images/apple scab/1.jpg,Apple___Apple_scab,Grape___Black_rot,0.395526
plantwild/extracted/plantwild/images/apple scab/10.jpg,Apple___Apple_scab,Apple___healthy,0.921718
plantwild/extracted/plantwild/images/apple scab/11.jpg,Apple___Apple_scab,"Pepper,_bell___healthy",0.950263
plantwild/extracted/plantwild/images/apple scab/118.jpg,Apple___Apple_scab,Strawberry___Leaf_scorch,0.924054
plantwild/extracted/plantwild/images/apple scab/12.jpg,Apple___Apple_scab,"Pepper,_bell___healthy",0.944119
plantwild/extracted/plantwild/images/apple scab/13.jpg,Apple___Apple_scab,Peach___Bacterial_spot,0.807211
plantwild/extracted/plantwild/images/apple scab/14.jpg,Apple___Apple_scab,Strawberry___Leaf_scorch,0.771377
plantwild/extracted/plantwild/images/apple scab/15.jpg,Apple___Apple_scab,Tomato___Early_blight,0.662502
plantwild/extracted/plantwild/images/apple scab/16.jpg,Apple___Apple_scab,Apple___Apple_scab,0.498077
plantwild/extracted/plantwild/images/apple scab/17.jpg,Apple___Apple_scab,Cherry___healthy,0.510171
plantwild/extracted/plantwild/images/apple scab/18.jpg,Apple___Apple_scab,"Pepper,_bell___healthy",0.692481
plantwild/extracted/plantwild/images/apple scab/19.jpg,Apple___Apple_scab,Apple___healthy,0.930895
plantwild/extracted/plantwild/images/apple scab/2.jpg,Apple___Apple_scab,Tomato___healthy,0.864934
plantwild/extracted/plantwild/images/apple scab/20.jpg,Apple___Apple_scab,Tomato___Late_blight,0.946810
plantwild/extracted/plantwild/images/apple scab/21.jpg,Apple___Apple_scab,"Pepper,_bell___healthy",0.794794
plantwild/extracted/plantwild/images/apple scab/22.jpg,Apple___Apple_scab,"Pepper,_bell___healthy",0.538704
plantwild/extracted/plantwild/images/apple scab/23.jpg,Apple___Apple_scab,Grape___Esca_(Black_Measles),0.880965
plantwild/extracted/plantwild/images/apple scab/24.jpg,Apple___Apple_scab,Tomato___Late_blight,0.747808
plantwild/extracted/plantwild/images/apple scab/25.jpg,Apple___Apple_scab,Grape___Black_rot,0.394277
plantwild/extracted/plantwild/images/apple scab/26.jpg,Apple___Apple_scab,Corn___healthy,0.271230
plantwild/extracted/plantwild/images/apple scab/27.jpg,Apple___Apple_scab,Tomato___Late_blight,0.850561
plantwild/extracted/plantwild/images/apple scab/29.jpg,Apple___Apple_scab,Grape___Black_rot,0.572918
plantwild/extracted/plantwild/images/apple scab/3.jpg,Apple___Apple_scab,Apple___healthy,0.537460
plantwild/extracted/plantwild/images/apple scab/30.jpg,Apple___Apple_scab,Strawberry___Leaf_scorch,0.472860
plantwild/extracted/plantwild/images/apple scab/31.jpg,Apple___Apple_scab,Strawberry___Leaf_scorch,0.903804
plantwild/extracted/plantwild/images/apple scab/32.jpg,Apple___Apple_scab,Strawberry___Leaf_scorch,0.788993
plantwild/extracted/plantwild/images/apple scab/33.jpg,Apple___Apple_scab,Strawberry___Leaf_scorch,0.811022
plantwild/extracted/plantwild/images/apple scab/34.jpg,Apple___Apple_scab,Strawberry___Leaf_scorch,0.404260
plantwild/extracted/plantwild/images/apple scab/35.jpg,Apple___Apple_scab,Tomato___Tomato_mosaic_virus,0.376745
plantwild/extracted/plantwild/images/apple scab/37.jpg,Apple___Apple_scab,Strawberry___Leaf_scorch,0.863288
plantwild/extracted/plantwild/images/apple scab/38.jpg,Apple___Apple_scab,Apple___healthy,0.801386
plantwild/extracted/plantwild/images/apple scab/39.jpg,Apple___Apple_scab,Tomato___Early_blight,0.185207
plantwild/extracted/plantwild/images/apple scab/4.jpg,Apple___Apple_scab,Strawberry___Leaf_scorch,0.726159
plantwild/extracted/plantwild/images/apple scab/40.jpg,Apple___Apple_scab,Strawberry___Leaf_scorch,0.939873
plantwild/extracted/plantwild/images/apple scab/43 - Copy (2).jpg,Apple___Apple_scab,Potato___Late_blight,0.864597
plantwild/extracted/plantwild/images/apple scab/43 - Copy.jpg,Apple___Apple_scab,Strawberry___Leaf_scorch,0.834125
plantwild/extracted/plantwild/images/apple scab/43.jpg,Apple___Apple_scab,Strawberry___Leaf_scorch,0.383468
plantwild/extracted/plantwild/images/apple scab/44.jpg,Apple___Apple_scab,Tomato___Early_blight,0.874212
plantwild/extracted/plantwild/images/apple scab/45.jpg,Apple___Apple_scab,Strawberry___Leaf_scorch,0.932743
plantwild/extracted/plantwild/images/apple scab/46 - Copy.jpg,Apple___Apple_scab,Tomato___Late_blight,0.904282
plantwild/extracted/plantwild/images/apple scab/46.jpg,Apple___Apple_scab,"Pepper,_bell___healthy",0.714672
plantwild/extracted/plantwild/images/apple scab/47.jpg,Apple___Apple_scab,Tomato___Late_blight,0.650508
plantwild/extracted/plantwild/images/apple scab/48.jpg,Apple___Apple_scab,Strawberry___Leaf_scorch,0.542361
plantwild/extracted/plantwild/images/apple scab/49.jpg,Apple___Apple_scab,Apple___Apple_scab,0.942053
plantwild/extracted/plantwild/images/apple scab/5.jpg,Apple___Apple_scab,Strawberry___Leaf_scorch,0.920299
plantwild/extracted/plantwild/images/apple scab/50.jpg,Apple___Apple_scab,Orange___Haunglongbing_(Citrus_greening),0.727256
plantwild/extracted/plantwild/images/apple scab/51.jpg,Apple___Apple_scab,Strawberry___Leaf_scorch,0.908938
plantwild/extracted/plantwild/images/apple scab/52.jpg,Apple___Apple_scab,Strawberry___Leaf_scorch,0.199593
plantwild/extracted/plantwild/images/apple scab/53.jpg,Apple___Apple_scab,Apple___Black_rot,0.946677
plantwild/extracted/plantwild/images/apple scab/54.jpg,Apple___Apple_scab,Potato___Early_blight,0.939686
plantwild/extracted/plantwild/images/apple scab/56.jpg,Apple___Apple_scab,Apple___healthy,0.820419
plantwild/extracted/plantwild/images/apple scab/57 - Copy.jpg,Apple___Apple_scab,Tomato___Late_blight,0.771472
plantwild/extracted/plantwild/images/apple scab/57.jpg,Apple___Apple_scab,Strawberry___Leaf_scorch,0.937770
plantwild/extracted/plantwild/images/apple scab/59.jpg,Apple___Apple_scab,Apple___healthy,0.949879
plantwild/extracted/plantwild/images/apple scab/6.jpg,Apple___Apple_scab,"Pepper,_bell___healthy",0.757284
plantwild/extracted/plantwild/images/apple scab/60.jpg,Apple___Apple_scab,Cherry___healthy,0.588641
plantwild/extracted/plantwild/images/apple scab/61.jpg,Apple___Apple_scab,Strawberry___Leaf_scorch,0.298652
plantwild/extracted/plantwild/images/apple scab/62.jpg,Apple___Apple_scab,Apple___Cedar_apple_rust,0.639104
plantwild/extracted/plantwild/images/apple scab/63.jpg,Apple___Apple_scab,Corn___Northern_Leaf_Blight,0.535896
plantwild/extracted/plantwild/images/apple scab/64.jpg,Apple___Apple_scab,Strawberry___Leaf_scorch,0.920663
plantwild/extracted/plantwild/images/apple scab/65.jpg,Apple___Apple_scab,Apple___Cedar_apple_rust,0.741119
plantwild/extracted/plantwild/images/apple scab/66.jpg,Apple___Apple_scab,Strawberry___Leaf_scorch,0.510132
plantwild/extracted/plantwild/images/apple scab/67.jpg,Apple___Apple_scab,Grape___Leaf_blight_(Isariopsis_Leaf_Spot),0.403204
plantwild/extracted/plantwild/images/apple scab/68 - Copy (2).jpg,Apple___Apple_scab,Peach___Bacterial_spot,0.834599
plantwild/extracted/plantwild/images/apple scab/68 - Copy.jpg,Apple___Apple_scab,Peach___Bacterial_spot,0.291192
plantwild/extracted/plantwild/images/apple scab/68.jpg,Apple___Apple_scab,Strawberry___Leaf_scorch,0.630814
plantwild/extracted/plantwild/images/apple scab/69.jpg,Apple___Apple_scab,Tomato___healthy,0.184146
plantwild/extracted/plantwild/images/apple scab/71.jpg,Apple___Apple_scab,Corn___Cercospora_leaf_spot Gray_leaf_spot,0.313873
plantwild/extracted/plantwild/images/apple scab/72.jpg,Apple___Apple_scab,Corn___Cercospora_leaf_spot Gray_leaf_spot,0.689627
plantwild/extracted/plantwild/images/apple scab/73.jpg,Apple___Apple_scab,Potato___Early_blight,0.524804
plantwild/extracted/plantwild/images/apple scab/74.jpg,Apple___Apple_scab,Strawberry___Leaf_scorch,0.811847
plantwild/extracted/plantwild/images/apple scab/76.jpg,Apple___Apple_scab,Strawberry___Leaf_scorch,0.618537
plantwild/extracted/plantwild/images/apple scab/77.jpg,Apple___Apple_scab,Apple___Black_rot,0.532348
plantwild/extracted/plantwild/images/apple scab/8.jpg,Apple___Apple_scab,Strawberry___Leaf_scorch,0.915342
plantwild/extracted/plantwild/images/apple scab/80.jpg,Apple___Apple_scab,Tomato___Early_blight,0.879327
plantwild/extracted/plantwild/images/apple scab/82.jpg,Apple___Apple_scab,Corn___healthy,0.387423
plantwild/extracted/plantwild/images/apple scab/85.jpg,Apple___Apple_scab,Apple___healthy,0.906955
plantwild/extracted/plantwild/images/apple scab/86.jpg,Apple___Apple_scab,Grape___Esca_(Black_Measles),0.680324
plantwild/extracted/plantwild/images/apple scab/9.jpg,Apple___Apple_scab,Tomato___Early_blight,0.627751
plantwild/extracted/plantwild/images/apple scab/92.jpg,Apple___Apple_scab,"Pepper,_bell___healthy",0.934851
plantwild/extracted/plantwild/images/apple scab/95.jpg,Apple___Apple_scab,Strawberry___Leaf_scorch,0.728118
plantwild/extracted/plantwild/images/apple scab/96.jpg,Apple___Apple_scab,Strawberry___Leaf_scorch,0.658278
plantwild/extracted/plantwild/images/apple scab/97.jpg,Apple___Apple_scab,Apple___Apple_scab,0.928029
plantwild/extracted/plantwild/images/apple scab/google_0000.jpg,Apple___Apple_scab,Tomato___healthy,0.839586
plantwild/extracted/plantwild/images/apple scab/google_0001.jpg,Apple___Apple_scab,"Pepper,_bell___healthy",0.519325
plantwild/extracted/plantwild/images/apple scab/google_0002.jpg,Apple___Apple_scab,"Pepper,_bell___healthy",0.626937
plantwild/extracted/plantwild/images/apple scab/google_0006.jpg,Apple___Apple_scab,Apple___Apple_scab,0.856997
plantwild/extracted/plantwild/images/apple scab/google_0007.jpg,Apple___Apple_scab,"Pepper,_bell___healthy",0.918734
plantwild/extracted/plantwild/images/apple scab/google_0008.jpg,Apple___Apple_scab,Strawberry___Leaf_scorch,0.939369
plantwild/extracted/plantwild/images/apple scab/google_0009.jpg,Apple___Apple_scab,Strawberry___Leaf_scorch,0.922534
plantwild/extracted/plantwild/images/apple scab/google_0011.jpg,Apple___Apple_scab,Strawberry___Leaf_scorch,0.833838
plantwild/extracted/plantwild/images/apple scab/google_0012.jpg,Apple___Apple_scab,Strawberry___Leaf_scorch,0.891329
plantwild/extracted/plantwild/images/apple scab/google_0013.jpg,Apple___Apple_scab,Tomato___healthy,0.861241
plantwild/extracted/plantwild/images/apple scab/google_0014.jpg,Apple___Apple_scab,Corn___Cercospora_leaf_spot Gray_leaf_spot,0.750055
plantwild/extracted/plantwild/images/apple scab/google_0015.jpg,Apple___Apple_scab,Strawberry___Leaf_scorch,0.934998
plantwild/extracted/plantwild/images/apple scab/google_0016.jpg,Apple___Apple_scab,Strawberry___Leaf_scorch,0.941858
plantwild/extracted/plantwild/images/apple scab/google_0017.jpg,Apple___Apple_scab,Strawberry___Leaf_scorch,0.953039
plantwild/extracted/plantwild/images/apple scab/google_0018.jpg,Apple___Apple_scab,Corn___Common_rust,0.559159
plantwild/extracted/plantwild/images/apple scab/google_0019.jpg,Apple___Apple_scab,Strawberry___Leaf_scorch,0.750733
plantwild/extracted/plantwild/images/apple scab/google_0020.jpg,Apple___Apple_scab,Strawberry___Leaf_scorch,0.387716
plantwild/extracted/plantwild/images/apple scab/google_0021.jpg,Apple___Apple_scab,Strawberry___Leaf_scorch,0.806234
plantwild/extracted/plantwild/images/apple scab/google_0023.jpg,Apple___Apple_scab,Apple___Apple_scab,0.937961
plantwild/extracted/plantwild/images/apple scab/google_0024.jpg,Apple___Apple_scab,"Pepper,_bell___healthy",0.926599
plantwild/extracted/plantwild/images/apple scab/google_0025.jpg,Apple___Apple_scab,Strawberry___Leaf_scorch,0.951042
plantwild/extracted/plantwild/images/apple scab/google_0028.jpg,Apple___Apple_scab,Tomato___healthy,0.775552
plantwild/extracted/plantwild/images/apple scab/google_0029.jpg,Apple___Apple_scab,Tomato___healthy,0.395733
plantwild/extracted/plantwild/images/apple scab/google_0030.jpg,Apple___Apple_scab,Strawberry___Leaf_scorch,0.440689
plantwild/extracted/plantwild/images/apple scab/google_0031.jpg,Apple___Apple_scab,Strawberry___Leaf_scorch,0.594927
plantwild/extracted/plantwild/images/apple scab/google_0032.jpg,Apple___Apple_scab,"Pepper,_bell___healthy",0.713545
plantwild/extracted/plantwild/images/apple scab/google_0034.jpg,Apple___Apple_scab,"Pepper,_bell___healthy",0.742698
plantwild/extracted/plantwild/images/apple scab/google_0035.jpg,Apple___Apple_scab,Soybean___healthy,0.183389
plantwild/extracted/plantwild/images/apple scab/google_0036.jpg,Apple___Apple_scab,"Pepper,_bell___healthy",0.792404
plantwild/extracted/plantwild/images/apple scab/google_0037.jpg,Apple___Apple_scab,Tomato___Early_blight,0.366756
plantwild/extracted/plantwild/images/apple scab/google_0038.jpg,Apple___Apple_scab,"Pepper,_bell___healthy",0.732598
plantwild/extracted/plantwild/images/apple scab/google_0039.jpg,Apple___Apple_scab,"Pepper,_bell___healthy",0.935992
plantwild/extracted/plantwild/images/apple scab/google_0041.jpg,Apple___Apple_scab,Strawberry___Leaf_scorch,0.370884
plantwild/extracted/plantwild/images/apple scab/google_0042.jpg,Apple___Apple_scab,"Pepper,_bell___healthy",0.738559
plantwild/extracted/plantwild/images/apple scab/google_0043.jpg,Apple___Apple_scab,Corn___Common_rust,0.855537
plantwild/extracted/plantwild/images/apple scab/google_0045.jpg,Apple___Apple_scab,Strawberry___Leaf_scorch,0.551965
plantwild/extracted/plantwild/images/apple scab/google_0046.jpg,Apple___Apple_scab,"Pepper,_bell___healthy",0.892721
plantwild/extracted/plantwild/images/apple scab/google_0049.jpg,Apple___Apple_scab,Tomato___Early_blight,0.629412
plantwild/extracted/plantwild/images/apple scab/google_0050.jpg,Apple___Apple_scab,"Pepper,_bell___healthy",0.660825
plantwild/extracted/plantwild/images/apple scab/google_0053.jpg,Apple___Apple_scab,"Pepper,_bell___healthy",0.834207
plantwild/extracted/plantwild/images/apple scab/google_0055.jpg,Apple___Apple_scab,Corn___Northern_Leaf_Blight,0.241411
plantwild/extracted/plantwild/images/apple scab/google_0057.jpg,Apple___Apple_scab,Grape___Esca_(Black_Measles),0.211271
plantwild/extracted/plantwild/images/apple scab/google_0058 - Copy.jpg,Apple___Apple_scab,"Pepper,_bell___healthy",0.615006
plantwild/extracted/plantwild/images/apple scab/google_0058.jpg,Apple___Apple_scab,"Pepper,_bell___healthy",0.858469
plantwild/extracted/plantwild/images/apple scab/google_0059.jpg,Apple___Apple_scab,Strawberry___Leaf_scorch,0.540023
plantwild/extracted/plantwild/images/apple scab/google_0060.jpg,Apple___Apple_scab,Strawberry___Leaf_scorch,0.822829
plantwild/extracted/plantwild/images/apple scab/google_0062.jpg,Apple___Apple_scab,"Pepper,_bell___healthy",0.626279
plantwild/extracted/plantwild/images/apple scab/google_0064.jpg,Apple___Apple_scab,Strawberry___Leaf_scorch,0.530190
plantwild/extracted/plantwild/images/apple scab/google_0065.jpg,Apple___Apple_scab,Strawberry___Leaf_scorch,0.946509
plantwild/extracted/plantwild/images/apple scab/google_0067.jpg,Apple___Apple_scab,"Pepper,_bell___healthy",0.847804
plantwild/extracted/plantwild/images/apple scab/google_0068.jpg,Apple___Apple_scab,Apple___Black_rot,0.584858
plantwild/extracted/plantwild/images/apple scab/google_0069.jpg,Apple___Apple_scab,Strawberry___Leaf_scorch,0.512265
plantwild/extracted/plantwild/images/apple scab/google_0071.jpg,Apple___Apple_scab,Tomato___Early_blight,0.367130
plantwild/extracted/plantwild/images/apple scab/google_0072.jpg,Apple___Apple_scab,Strawberry___Leaf_scorch,0.856517
plantwild/extracted/plantwild/images/apple scab/google_0073.jpg,Apple___Apple_scab,Tomato___healthy,0.879677
plantwild/extracted/plantwild/images/apple scab/google_0074.jpg,Apple___Apple_scab,"Pepper,_bell___healthy",0.924137
plantwild/extracted/plantwild/images/apple scab/google_0075.jpg,Apple___Apple_scab,"Pepper,_bell___healthy",0.925674
plantwild/extracted/plantwild/images/apple scab/google_0078.jpg,Apple___Apple_scab,Tomato___Septoria_leaf_spot,0.177426
plantwild/extracted/plantwild/images/apple scab/google_0080.jpg,Apple___Apple_scab,"Pepper,_bell___healthy",0.762203
plantwild/extracted/plantwild/images/apple scab/google_0082.jpg,Apple___Apple_scab,Tomato___Early_blight,0.617991
plantwild/extracted/plantwild/images/apple scab/google_0084.jpg,Apple___Apple_scab,Strawberry___Leaf_scorch,0.666378
plantwild/extracted/plantwild/images/apple scab/google_0086.jpg,Apple___Apple_scab,"Pepper,_bell___healthy",0.501620
plantwild/extracted/plantwild/images/apple scab/google_0091.jpg,Apple___Apple_scab,Cherry___healthy,0.732740
plantwild/extracted/plantwild/images/apple scab/google_0092.jpg,Apple___Apple_scab,Tomato___Septoria_leaf_spot,0.303111
plantwild/extracted/plantwild/images/apple scab/google_0093.jpg,Apple___Apple_scab,"Pepper,_bell___healthy",0.900402
plantwild/extracted/plantwild/images/apple scab/google_0095.jpg,Apple___Apple_scab,"Pepper,_bell___healthy",0.909994
plantwild/extracted/plantwild/images/apple scab/google_0097.jpg,Apple___Apple_scab,"Pepper,_bell___healthy",0.891035
plantwild/extracted/plantwild/images/apple scab/google_0098.jpg,Apple___Apple_scab,"Pepper,_bell___healthy",0.564321
plantwild/extracted/plantwild/images/apple scab/google_0099.jpg,Apple___Apple_scab,Corn___Northern_Leaf_Blight,0.949484
plantwild/extracted/plantwild/images/apple scab/google_0103.jpg,Apple___Apple_scab,Strawberry___Leaf_scorch,0.530893
plantwild/extracted/plantwild/images/apple scab/google_0104.jpg,Apple___Apple_scab,"Pepper,_bell___healthy",0.689241
plantwild/extracted/plantwild/images/apple scab/google_0105.jpg,Apple___Apple_scab,"Pepper,_bell___healthy",0.811967
plantwild/extracted/plantwild/images/apple scab/google_0106.jpg,Apple___Apple_scab,"Pepper,_bell___healthy",0.670640
plantwild/extracted/plantwild/images/apple scab/google_0107.jpg,Apple___Apple_scab,Strawberry___Leaf_scorch,0.807703
plantwild/extracted/plantwild/images/apple scab/google_0108.jpg,Apple___Apple_scab,Tomato___Septoria_leaf_spot,0.237390
plantwild/extracted/plantwild/images/apple scab/google_0109.jpg,Apple___Apple_scab,Strawberry___Leaf_scorch,0.931613
plantwild/extracted/plantwild/images/apple scab/google_0110.jpg,Apple___Apple_scab,"Pepper,_bell___healthy",0.834828
plantwild/extracted/plantwild/images/apple scab/google_0111.jpg,Apple___Apple_scab,Strawberry___Leaf_scorch,0.793642
plantwild/extracted/plantwild/images/apple scab/google_0113.jpg,Apple___Apple_scab,"Pepper,_bell___healthy",0.776056
plantwild/extracted/plantwild/images/apple scab/google_0114.jpg,Apple___Apple_scab,"Pepper,_bell___healthy",0.604740
plantwild/extracted/plantwild/images/apple scab/google_0115.jpg,Apple___Apple_scab,Strawberry___Leaf_scorch,0.475450
plantwild/extracted/plantwild/images/apple scab/google_0117.jpg,Apple___Apple_scab,Grape___Esca_(Black_Measles),0.923001
plantwild/extracted/plantwild/images/apple scab/google_0118.jpg,Apple___Apple_scab,"Pepper,_bell___healthy",0.928713
plantwild/extracted/plantwild/images/apple scab/google_0119.jpg,Apple___Apple_scab,Peach___Bacterial_spot,0.938278
plantwild/extracted/plantwild/images/apple scab/google_0121.jpg,Apple___Apple_scab,Tomato___Late_blight,0.463101
plantwild/extracted/plantwild/images/apple scab/google_0122.jpg,Apple___Apple_scab,"Pepper,_bell___healthy",0.750452
plantwild/extracted/plantwild/images/apple scab/google_0123.jpg,Apple___Apple_scab,"Pepper,_bell___healthy",0.833562
plantwild/extracted/plantwild/images/apple scab/google_0124.jpg,Apple___Apple_scab,"Pepper,_bell___healthy",0.859541
plantwild/extracted/plantwild/images/apple scab/google_0125.jpg,Apple___Apple_scab,"Pepper,_bell___healthy",0.912492
plantwild/extracted/plantwild/images/apple scab/google_0129.jpg,Apple___Apple_scab,Cherry___healthy,0.866536
plantwild/extracted/plantwild/images/apple scab/google_0130.jpg,Apple___Apple_scab,"Pepper,_bell___healthy",0.910127
plantwild/extracted/plantwild/images/apple scab/google_0132.jpg,Apple___Apple_scab,Tomato___healthy,0.451604
plantwild/extracted/plantwild/images/apple scab/google_0133.jpg,Apple___Apple_scab,"Pepper,_bell___healthy",0.936781
plantwild/extracted/plantwild/images/apple scab/google_0134.jpg,Apple___Apple_scab,Tomato___Early_blight,0.922805
plantwild/extracted/plantwild/images/apple scab/google_0135.jpg,Apple___Apple_scab,"Pepper,_bell___healthy",0.793750
plantwild/extracted/plantwild/images/apple scab/google_0136.jpg,Apple___Apple_scab,Tomato___healthy,0.477032
plantwild/extracted/plantwild/images/apple scab/google_0137.jpg,Apple___Apple_scab,Apple___healthy,0.844322
plantwild/extracted/plantwild/images/apple scab/google_0138.jpg,Apple___Apple_scab,Strawberry___Leaf_scorch,0.947100
plantwild/extracted/plantwild/images/apple scab/google_0139.jpg,Apple___Apple_scab,Apple___Apple_scab,0.942090
plantwild/extracted/plantwild/images/apple scab/google_0140.jpg,Apple___Apple_scab,"Pepper,_bell___healthy",0.925752
plantwild/extracted/plantwild/images/apple scab/google_0142.jpg,Apple___Apple_scab,Tomato___healthy,0.872977
plantwild/extracted/plantwild/images/apple scab/google_0143.jpg,Apple___Apple_scab,Corn___Cercospora_leaf_spot Gray_leaf_spot,0.775252
plantwild/extracted/plantwild/images/apple scab/google_0144.jpg,Apple___Apple_scab,"Pepper,_bell___healthy",0.940011
plantwild/extracted/plantwild/images/apple scab/google_0146.jpg,Apple___Apple_scab,"Pepper,_bell___healthy",0.914675
plantwild/extracted/plantwild/images/apple scab/google_0147.jpg,Apple___Apple_scab,Tomato___healthy,0.796216
plantwild/extracted/plantwild/images/apple scab/google_0148.jpg,Apple___Apple_scab,"Pepper,_bell___healthy",0.535327
plantwild/extracted/plantwild/images/apple scab/google_0152.jpg,Apple___Apple_scab,Strawberry___Leaf_scorch,0.946571
plantwild/extracted/plantwild/images/apple scab/google_0153.jpg,Apple___Apple_scab,Tomato___Early_blight,0.624273
plantwild/extracted/plantwild/images/apple scab/google_0154.jpg,Apple___Apple_scab,Cherry___healthy,0.923297
plantwild/extracted/plantwild/images/apple scab/google_0155.jpg,Apple___Apple_scab,Tomato___Early_blight,0.262835
plantwild/extracted/plantwild/images/apple scab/google_0156.jpg,Apple___Apple_scab,Strawberry___Leaf_scorch,0.781829
plantwild/extracted/plantwild/images/apple scab/google_0157.jpg,Apple___Apple_scab,Strawberry___Leaf_scorch,0.549273
plantwild/extracted/plantwild/images/apple scab/google_0158.jpg,Apple___Apple_scab,Strawberry___Leaf_scorch,0.864565
plantwild/extracted/plantwild/images/apple scab/google_0163.jpg,Apple___Apple_scab,"Pepper,_bell___healthy",0.147377
plantwild/extracted/plantwild/images/apple scab/google_0165.jpg,Apple___Apple_scab,"Pepper,_bell___healthy",0.935250
plantwild/extracted/plantwild/images/apple scab/google_0167.jpg,Apple___Apple_scab,Corn___Common_rust,0.947106
plantwild/extracted/plantwild/images/apple scab/google_0168.jpg,Apple___Apple_scab,Cherry___healthy,0.872732
plantwild/extracted/plantwild/images/apple scab/google_0169.jpg,Apple___Apple_scab,Corn___Cercospora_leaf_spot Gray_leaf_spot,0.866726
plantwild/extracted/plantwild/images/apple scab/google_0174.jpg,Apple___Apple_scab,Apple___Apple_scab,0.882967
plantwild/extracted/plantwild/images/apple scab/google_0177.jpg,Apple___Apple_scab,Corn___healthy,0.577600
plantwild/extracted/plantwild/images/apple scab/google_0178.jpg,Apple___Apple_scab,Cherry___healthy,0.848421
plantwild/extracted/plantwild/images/apple scab/google_0183.jpg,Apple___Apple_scab,Strawberry___Leaf_scorch,0.855615
plantwild/extracted/plantwild/images/apple scab/google_0184.jpg,Apple___Apple_scab,Tomato___Septoria_leaf_spot,0.605548
plantwild/extracted/plantwild/images/apple scab/google_0187.jpg,Apple___Apple_scab,"Pepper,_bell___healthy",0.376432
plantwild/extracted/plantwild/images/apple scab/google_0188.jpg,Apple___Apple_scab,Cherry___healthy,0.920147
plantwild/extracted/plantwild/images/apple scab/google_0189.jpg,Apple___Apple_scab,Apple___healthy,0.897937
plantwild/extracted/plantwild/images/apple scab/google_0190.jpg,Apple___Apple_scab,Cherry___healthy,0.914329
plantwild/extracted/plantwild/images/apple scab/google_0191.jpg,Apple___Apple_scab,Strawberry___Leaf_scorch,0.881995
plantwild/extracted/plantwild/images/apple scab/google_0192.jpg,Apple___Apple_scab,Tomato___Septoria_leaf_spot,0.837326
plantwild/extracted/plantwild/images/apple scab/google_0193.jpg,Apple___Apple_scab,"Pepper,_bell___healthy",0.691317
plantwild/extracted/plantwild/images/apple scab/google_0194.jpg,Apple___Apple_scab,"Pepper,_bell___healthy",0.640399
plantwild/extracted/plantwild/images/apple scab/google_0195.jpg,Apple___Apple_scab,Strawberry___Leaf_scorch,0.862940
plantwild/extracted/plantwild/images/apple scab/google_0196.jpg,Apple___Apple_scab,Strawberry___Leaf_scorch,0.798643
plantwild/extracted/plantwild/images/apple scab/google_0199.jpg,Apple___Apple_scab,Peach___Bacterial_spot,0.914826
plantwild/extracted/plantwild/images/apple scab/google_0200.jpg,Apple___Apple_scab,Tomato___Early_blight,0.850267
plantwild/extracted/plantwild/images/apple scab/google_0201.jpg,Apple___Apple_scab,Tomato___Early_blight,0.352923
plantwild/extracted/plantwild/images/apple scab/google_0203.jpg,Apple___Apple_scab,Tomato___Early_blight,0.472922
plantwild/extracted/plantwild/images/apple scab/google_0204.jpg,Apple___Apple_scab,"Pepper,_bell___healthy",0.931093
plantwild/extracted/plantwild/images/apple scab/google_0205.jpg,Apple___Apple_scab,Cherry___healthy,0.484719
plantwild/extracted/plantwild/images/apple scab/google_0206.jpg,Apple___Apple_scab,Strawberry___Leaf_scorch,0.908030
plantwild/extracted/plantwild/images/apple scab/google_0207.jpg,Apple___Apple_scab,"Pepper,_bell___healthy",0.280138
plantwild/extracted/plantwild/images/apple scab/google_0208.jpg,Apple___Apple_scab,Tomato___Early_blight,0.840203
plantwild/extracted/plantwild/images/apple scab/google_0209.jpg,Apple___Apple_scab,"Pepper,_bell___healthy",0.950811
plantwild/extracted/plantwild/images/apple scab/google_0210.jpg,Apple___Apple_scab,"Pepper,_bell___healthy",0.684792
plantwild/extracted/plantwild/images/apple scab/google_0212.jpg,Apple___Apple_scab,"Pepper,_bell___healthy",0.593565
plantwild/extracted/plantwild/images/apple scab/google_0216.jpg,Apple___Apple_scab,Tomato___healthy,0.778125
plantwild/extracted/plantwild/images/apple scab/google_0218.jpg,Apple___Apple_scab,Strawberry___Leaf_scorch,0.815181
plantwild/extracted/plantwild/images/apple scab/google_0219.jpg,Apple___Apple_scab,Strawberry___Leaf_scorch,0.947893
plantwild/extracted/plantwild/images/apple scab/google_0222.jpg,Apple___Apple_scab,Cherry___healthy,0.647810
plantwild/extracted/plantwild/images/apple scab/google_0223.jpg,Apple___Apple_scab,Strawberry___Leaf_scorch,0.830327
plantwild/extracted/plantwild/images/apple scab/google_0224.jpg,Apple___Apple_scab,Peach___Bacterial_spot,0.912368
plantwild/extracted/plantwild/images/apple scab/google_0226.jpg,Apple___Apple_scab,Strawberry___Leaf_scorch,0.505365
plantwild/extracted/plantwild/images/apple scab/google_0230.jpg,Apple___Apple_scab,Blueberry___healthy,0.188153
plantwild/extracted/plantwild/images/apple scab/google_0232.jpg,Apple___Apple_scab,Strawberry___Leaf_scorch,0.942496
plantwild/extracted/plantwild/images/apple scab/google_0233.jpg,Apple___Apple_scab,"Pepper,_bell___healthy",0.912344
plantwild/extracted/plantwild/images/apple scab/google_0236.jpg,Apple___Apple_scab,Apple___Apple_scab,0.482539
plantwild/extracted/plantwild/images/apple scab/google_0238.jpg,Apple___Apple_scab,Tomato___healthy,0.524519
plantwild/extracted/plantwild/images/apple scab/google_0240.jpg,Apple___Apple_scab,"Pepper,_bell___healthy",0.916889
plantwild/extracted/plantwild/images/apple scab/google_0244.jpg,Apple___Apple_scab,Corn___Cercospora_leaf_spot Gray_leaf_spot,0.917373
plantwild/extracted/plantwild/images/apple scab/google_0245.jpg,Apple___Apple_scab,Corn___Cercospora_leaf_spot Gray_leaf_spot,0.623099
plantwild/extracted/plantwild/images/apple scab/google_0247.jpg,Apple___Apple_scab,"Pepper,_bell___healthy",0.590324
plantwild/extracted/plantwild/images/apple scab/google_0249.jpg,Apple___Apple_scab,Strawberry___Leaf_scorch,0.867762
plantwild/extracted/plantwild/images/apple scab/google_0251.jpg,Apple___Apple_scab,Corn___Northern_Leaf_Blight,0.460030
plantwild/extracted/plantwild/images/apple scab/google_0253.jpg,Apple___Apple_scab,Apple___Black_rot,0.275366
plantwild/extracted/plantwild/images/apple scab/google_0254.jpg,Apple___Apple_scab,Tomato___Septoria_leaf_spot,0.220768
plantwild/extracted/plantwild/images/apple scab/google_0256.jpg,Apple___Apple_scab,Tomato___Early_blight,0.478772
plantwild/extracted/plantwild/images/apple scab/google_0259.jpg,Apple___Apple_scab,"Pepper,_bell___healthy",0.807866
plantwild/extracted/plantwild/images/apple scab/google_0260.jpg,Apple___Apple_scab,Strawberry___Leaf_scorch,0.871817
plantwild/extracted/plantwild/images/apple scab/google_0262.jpg,Apple___Apple_scab,Tomato___Early_blight,0.234160
plantwild/extracted/plantwild/images/apple scab/google_0264.jpg,Apple___Apple_scab,Apple___Apple_scab,0.899004
plantwild/extracted/plantwild/images/apple scab/google_0268.jpg,Apple___Apple_scab,"Pepper,_bell___healthy",0.798374
plantwild/extracted/plantwild/images/apple scab/google_0270.jpg,Apple___Apple_scab,Tomato___Bacterial_spot,0.511414
plantwild/extracted/plantwild/images/apple scab/google_0272.jpg,Apple___Apple_scab,"Pepper,_bell___healthy",0.384570
plantwild/extracted/plantwild/images/apple scab/google_0273.jpg,Apple___Apple_scab,"Pepper,_bell___healthy",0.943575
plantwild/extracted/plantwild/images/apple scab/google_0274.jpg,Apple___Apple_scab,"Pepper,_bell___healthy",0.725524
plantwild/extracted/plantwild/images/apple scab/google_0281.jpg,Apple___Apple_scab,Strawberry___Leaf_scorch,0.295205
plantwild/extracted/plantwild/images/apple scab/google_0283.jpg,Apple___Apple_scab,Apple___Apple_scab,0.517680
plantwild/extracted/plantwild/images/apple scab/google_0284.jpg,Apple___Apple_scab,Grape___Esca_(Black_Measles),0.583179
plantwild/extracted/plantwild/images/apple scab/google_0285.jpg,Apple___Apple_scab,Strawberry___Leaf_scorch,0.936738
plantwild/extracted/plantwild/images/apple scab/google_0287.jpg,Apple___Apple_scab,Cherry___healthy,0.788238
plantwild/extracted/plantwild/images/apple scab/google_0288.jpg,Apple___Apple_scab,"Pepper,_bell___healthy",0.619588
plantwild/extracted/plantwild/images/apple scab/google_0289.jpg,Apple___Apple_scab,Apple___Apple_scab,0.754198
plantwild/extracted/plantwild/images/apple scab/google_0291.jpg,Apple___Apple_scab,"Pepper,_bell___healthy",0.757958
plantwild/extracted/plantwild/images/apple scab/google_0294.jpg,Apple___Apple_scab,"Pepper,_bell___healthy",0.732149
plantwild/extracted/plantwild/images/apple scab/google_0295.jpg,Apple___Apple_scab,Apple___Apple_scab,0.935055
plantwild/extracted/plantwild/images/apple scab/google_0296.jpg,Apple___Apple_scab,"Pepper,_bell___healthy",0.143945
plantwild/extracted/plantwild/images/apple scab/google_0297.jpg,Apple___Apple_scab,"Pepper,_bell___healthy",0.493191
plantwild/extracted/plantwild/images/apple scab/google_0298.jpg,Apple___Apple_scab,Cherry___healthy,0.423636
plantwild/extracted/plantwild/images/apple scab/google_0300.jpg,Apple___Apple_scab,"Pepper,_bell___healthy",0.860299
plantwild/extracted/plantwild/images/apple scab/google_0301.jpg,Apple___Apple_scab,"Pepper,_bell___healthy",0.863909
plantwild/extracted/plantwild/images/apple scab/google_0302.jpg,Apple___Apple_scab,Strawberry___Leaf_scorch,0.682472
plantwild/extracted/plantwild/images/apple scab/google_0304.jpg,Apple___Apple_scab,"Pepper,_bell___healthy",0.900965
plantwild/extracted/plantwild/images/apple scab/google_0305.jpg,Apple___Apple_scab,Apple___Apple_scab,0.325549
plantwild/extracted/plantwild/images/apple scab/google_0306.jpg,Apple___Apple_scab,Tomato___Septoria_leaf_spot,0.143199
plantwild/extracted/plantwild/images/apple scab/google_0310.jpg,Apple___Apple_scab,"Pepper,_bell___healthy",0.403134
plantwild/extracted/plantwild/images/apple scab/google_0312.jpg,Apple___Apple_scab,Strawberry___Leaf_scorch,0.509479
plantwild/extracted/plantwild/images/apple scab/google_0315.jpg,Apple___Apple_scab,Corn___Common_rust,0.924477
plantwild/extracted/plantwild/images/apple scab/google_0316.jpg,Apple___Apple_scab,Strawberry___Leaf_scorch,0.696384
plantwild/extracted/plantwild/images/apple scab/google_0317.jpg,Apple___Apple_scab,Strawberry___Leaf_scorch,0.931249
plantwild/extracted/plantwild/images/apple scab/google_0318.jpg,Apple___Apple_scab,Blueberry___healthy,0.841868
plantwild/extracted/plantwild/images/apple scab/google_0319.jpg,Apple___Apple_scab,Cherry___healthy,0.617093
plantwild/extracted/plantwild/images/apple scab/google_0320.jpg,Apple___Apple_scab,Tomato___Septoria_leaf_spot,0.160479
plantwild/extracted/plantwild/images/apple scab/google_0323.jpg,Apple___Apple_scab,Tomato___Early_blight,0.421724
plantwild/extracted/plantwild/images/apple scab/google_0325.jpg,Apple___Apple_scab,Apple___Apple_scab,0.762161
plantwild/extracted/plantwild/images/apple scab/google_0330.jpg,Apple___Apple_scab,"Pepper,_bell___healthy",0.801043
plantwild/extracted/plantwild/images/apple scab/google_0331.jpg,Apple___Apple_scab,Tomato___Early_blight,0.443163
plantwild/extracted/plantwild/images/apple scab/google_0332.jpg,Apple___Apple_scab,Tomato___Late_blight,0.935519
plantwild/extracted/plantwild/images/apple scab/google_0333.jpg,Apple___Apple_scab,"Pepper,_bell___healthy",0.748159
plantwild/extracted/plantwild/images/apple scab/google_0334.jpg,Apple___Apple_scab,"Pepper,_bell___healthy",0.437830
plantwild/extracted/plantwild/images/bell pepper leaf/1.jpg,"Pepper,_bell___healthy",Tomato___Septoria_leaf_spot,0.144457
plantwild/extracted/plantwild/images/bell pepper leaf/10.jpg,"Pepper,_bell___healthy",Tomato___Septoria_leaf_spot,0.211460
plantwild/extracted/plantwild/images/bell pepper leaf/101.jpg,"Pepper,_bell___healthy","Pepper,_bell___healthy",0.638605
plantwild/extracted/plantwild/images/bell pepper leaf/105.jpg,"Pepper,_bell___healthy",Tomato___Septoria_leaf_spot,0.167075
plantwild/extracted/plantwild/images/bell pepper leaf/108.jpg,"Pepper,_bell___healthy","Pepper,_bell___healthy",0.377958
plantwild/extracted/plantwild/images/bell pepper leaf/109.jpg,"Pepper,_bell___healthy",Tomato___Early_blight,0.149526
plantwild/extracted/plantwild/images/bell pepper leaf/11.jpg,"Pepper,_bell___healthy",Tomato___Late_blight,0.208366
plantwild/extracted/plantwild/images/bell pepper leaf/110.jpg,"Pepper,_bell___healthy","Pepper,_bell___healthy",0.921058
plantwild/extracted/plantwild/images/bell pepper leaf/12.jpg,"Pepper,_bell___healthy","Pepper,_bell___healthy",0.516055
plantwild/extracted/plantwild/images/bell pepper leaf/123.jpg,"Pepper,_bell___healthy",Cherry___healthy,0.436175
plantwild/extracted/plantwild/images/bell pepper leaf/125.jpg,"Pepper,_bell___healthy",Tomato___Early_blight,0.861041
plantwild/extracted/plantwild/images/bell pepper leaf/13.jpg,"Pepper,_bell___healthy","Pepper,_bell___healthy",0.950267
plantwild/extracted/plantwild/images/bell pepper leaf/14.jpg,"Pepper,_bell___healthy",Tomato___Septoria_leaf_spot,0.153912
plantwild/extracted/plantwild/images/bell pepper leaf/143.jpg,"Pepper,_bell___healthy",Tomato___healthy,0.800160
plantwild/extracted/plantwild/images/bell pepper leaf/15.jpg,"Pepper,_bell___healthy",Corn___healthy,0.619507
plantwild/extracted/plantwild/images/bell pepper leaf/152.jpg,"Pepper,_bell___healthy",Cherry___healthy,0.762700
plantwild/extracted/plantwild/images/bell pepper leaf/153.jpg,"Pepper,_bell___healthy",Tomato___Septoria_leaf_spot,0.208839
plantwild/extracted/plantwild/images/bell pepper leaf/154.jpg,"Pepper,_bell___healthy",Cherry___healthy,0.848600
plantwild/extracted/plantwild/images/bell pepper leaf/155.jpg,"Pepper,_bell___healthy",Grape___Esca_(Black_Measles),0.893308
plantwild/extracted/plantwild/images/bell pepper leaf/156.jpg,"Pepper,_bell___healthy",Cherry___healthy,0.857798
plantwild/extracted/plantwild/images/bell pepper leaf/157.jpg,"Pepper,_bell___healthy",Cherry___healthy,0.889998
plantwild/extracted/plantwild/images/bell pepper leaf/158.jpg,"Pepper,_bell___healthy",Tomato___Septoria_leaf_spot,0.126139
plantwild/extracted/plantwild/images/bell pepper leaf/159.jpg,"Pepper,_bell___healthy",Strawberry___Leaf_scorch,0.928723
plantwild/extracted/plantwild/images/bell pepper leaf/16.jpg,"Pepper,_bell___healthy",Tomato___Septoria_leaf_spot,0.246206
plantwild/extracted/plantwild/images/bell pepper leaf/160.jpg,"Pepper,_bell___healthy",Strawberry___Leaf_scorch,0.921421
plantwild/extracted/plantwild/images/bell pepper leaf/161.jpg,"Pepper,_bell___healthy","Pepper,_bell___healthy",0.615814
plantwild/extracted/plantwild/images/bell pepper leaf/162.jpg,"Pepper,_bell___healthy",Tomato___Early_blight,0.252503
plantwild/extracted/plantwild/images/bell pepper leaf/163.jpg,"Pepper,_bell___healthy",Tomato___Late_blight,0.511546
plantwild/extracted/plantwild/images/bell pepper leaf/167.jpg,"Pepper,_bell___healthy",Tomato___healthy,0.841214
plantwild/extracted/plantwild/images/bell pepper leaf/168.jpg,"Pepper,_bell___healthy","Pepper,_bell___healthy",0.947770
plantwild/extracted/plantwild/images/bell pepper leaf/17.jpg,"Pepper,_bell___healthy","Pepper,_bell___healthy",0.928096
plantwild/extracted/plantwild/images/bell pepper leaf/170.jpg,"Pepper,_bell___healthy",Cherry___healthy,0.880913
plantwild/extracted/plantwild/images/bell pepper leaf/171.jpg,"Pepper,_bell___healthy","Pepper,_bell___healthy",0.941922
plantwild/extracted/plantwild/images/bell pepper leaf/173.jpg,"Pepper,_bell___healthy",Strawberry___Leaf_scorch,0.944080
plantwild/extracted/plantwild/images/bell pepper leaf/174.jpg,"Pepper,_bell___healthy","Pepper,_bell___healthy",0.887316
plantwild/extracted/plantwild/images/bell pepper leaf/175.jpg,"Pepper,_bell___healthy",Tomato___Septoria_leaf_spot,0.169179
plantwild/extracted/plantwild/images/bell pepper leaf/177.jpg,"Pepper,_bell___healthy",Tomato___Septoria_leaf_spot,0.163853
plantwild/extracted/plantwild/images/bell pepper leaf/179.jpg,"Pepper,_bell___healthy","Pepper,_bell___healthy",0.838985
plantwild/extracted/plantwild/images/bell pepper leaf/18.jpg,"Pepper,_bell___healthy",Tomato___Septoria_leaf_spot,0.212254
plantwild/extracted/plantwild/images/bell pepper leaf/180.jpg,"Pepper,_bell___healthy",Cherry___healthy,0.931464
plantwild/extracted/plantwild/images/bell pepper leaf/185.jpg,"Pepper,_bell___healthy","Pepper,_bell___healthy",0.817742
plantwild/extracted/plantwild/images/bell pepper leaf/186.jpg,"Pepper,_bell___healthy","Pepper,_bell___healthy",0.627503
plantwild/extracted/plantwild/images/bell pepper leaf/189.jpg,"Pepper,_bell___healthy","Pepper,_bell___healthy",0.945548
plantwild/extracted/plantwild/images/bell pepper leaf/19.jpg,"Pepper,_bell___healthy","Pepper,_bell___healthy",0.952767
plantwild/extracted/plantwild/images/bell pepper leaf/190.jpg,"Pepper,_bell___healthy","Pepper,_bell___healthy",0.887354
plantwild/extracted/plantwild/images/bell pepper leaf/197.jpg,"Pepper,_bell___healthy","Pepper,_bell___healthy",0.718096
plantwild/extracted/plantwild/images/bell pepper leaf/198.jpg,"Pepper,_bell___healthy",Tomato___Tomato_Yellow_Leaf_Curl_Virus,0.219885
plantwild/extracted/plantwild/images/bell pepper leaf/2.jpg,"Pepper,_bell___healthy",Cherry___healthy,0.516776
plantwild/extracted/plantwild/images/bell pepper leaf/20.jpg,"Pepper,_bell___healthy",Tomato___healthy,0.683046
plantwild/extracted/plantwild/images/bell pepper leaf/205.jpg,"Pepper,_bell___healthy","Pepper,_bell___healthy",0.728067
plantwild/extracted/plantwild/images/bell pepper leaf/206.jpg,"Pepper,_bell___healthy",Cherry___healthy,0.778054
plantwild/extracted/plantwild/images/bell pepper leaf/207.jpg,"Pepper,_bell___healthy",Tomato___Early_blight,0.182813
plantwild/extracted/plantwild/images/bell pepper leaf/208.jpg,"Pepper,_bell___healthy","Pepper,_bell___healthy",0.930032
plantwild/extracted/plantwild/images/bell pepper leaf/21.jpg,"Pepper,_bell___healthy",Tomato___Early_blight,0.394475
plantwild/extracted/plantwild/images/bell pepper leaf/210.jpg,"Pepper,_bell___healthy",Tomato___Septoria_leaf_spot,0.235450
plantwild/extracted/plantwild/images/bell pepper leaf/212.jpg,"Pepper,_bell___healthy",Cherry___healthy,0.679079
plantwild/extracted/plantwild/images/bell pepper leaf/213.jpg,"Pepper,_bell___healthy","Pepper,_bell___healthy",0.895775
plantwild/extracted/plantwild/images/bell pepper leaf/214.jpg,"Pepper,_bell___healthy","Pepper,_bell___healthy",0.919731
plantwild/extracted/plantwild/images/bell pepper leaf/216.jpg,"Pepper,_bell___healthy","Pepper,_bell___healthy",0.944776
plantwild/extracted/plantwild/images/bell pepper leaf/219.jpg,"Pepper,_bell___healthy",Tomato___healthy,0.677763
plantwild/extracted/plantwild/images/bell pepper leaf/22.jpg,"Pepper,_bell___healthy","Pepper,_bell___healthy",0.851830
plantwild/extracted/plantwild/images/bell pepper leaf/222.jpg,"Pepper,_bell___healthy",Tomato___Septoria_leaf_spot,0.193140
plantwild/extracted/plantwild/images/bell pepper leaf/227.jpg,"Pepper,_bell___healthy","Pepper,_bell___healthy",0.466542
plantwild/extracted/plantwild/images/bell pepper leaf/228.jpg,"Pepper,_bell___healthy","Pepper,_bell___healthy",0.929786
plantwild/extracted/plantwild/images/bell pepper leaf/23.jpg,"Pepper,_bell___healthy",Tomato___Tomato_Yellow_Leaf_Curl_Virus,0.605189
plantwild/extracted/plantwild/images/bell pepper leaf/230.jpg,"Pepper,_bell___healthy","Pepper,_bell___healthy",0.946742
plantwild/extracted/plantwild/images/bell pepper leaf/233.jpg,"Pepper,_bell___healthy",Tomato___Early_blight,0.238207
plantwild/extracted/plantwild/images/bell pepper leaf/235.jpg,"Pepper,_bell___healthy",Corn___healthy,0.917087
plantwild/extracted/plantwild/images/bell pepper leaf/237.jpg,"Pepper,_bell___healthy","Pepper,_bell___healthy",0.816776
plantwild/extracted/plantwild/images/bell pepper leaf/24.jpg,"Pepper,_bell___healthy","Pepper,_bell___healthy",0.884272
plantwild/extracted/plantwild/images/bell pepper leaf/241.jpg,"Pepper,_bell___healthy","Pepper,_bell___healthy",0.942766
plantwild/extracted/plantwild/images/bell pepper leaf/242.jpg,"Pepper,_bell___healthy",Cherry___healthy,0.536207
plantwild/extracted/plantwild/images/bell pepper leaf/243.jpg,"Pepper,_bell___healthy",Tomato___healthy,0.415482
plantwild/extracted/plantwild/images/bell pepper leaf/244.jpg,"Pepper,_bell___healthy","Pepper,_bell___healthy",0.850733
plantwild/extracted/plantwild/images/bell pepper leaf/245.jpg,"Pepper,_bell___healthy",Tomato___healthy,0.860331
plantwild/extracted/plantwild/images/bell pepper leaf/248.jpg,"Pepper,_bell___healthy","Pepper,_bell___healthy",0.717251
plantwild/extracted/plantwild/images/bell pepper leaf/25.jpg,"Pepper,_bell___healthy",Strawberry___Leaf_scorch,0.664621
plantwild/extracted/plantwild/images/bell pepper leaf/253.jpg,"Pepper,_bell___healthy","Pepper,_bell___healthy",0.942625
plantwild/extracted/plantwild/images/bell pepper leaf/257.jpg,"Pepper,_bell___healthy",Strawberry___Leaf_scorch,0.775505
plantwild/extracted/plantwild/images/bell pepper leaf/258.jpg,"Pepper,_bell___healthy","Pepper,_bell___healthy",0.862622
plantwild/extracted/plantwild/images/bell pepper leaf/259.jpg,"Pepper,_bell___healthy",Tomato___Early_blight,0.416962
plantwild/extracted/plantwild/images/bell pepper leaf/26.jpg,"Pepper,_bell___healthy",Tomato___Late_blight,0.947953
plantwild/extracted/plantwild/images/bell pepper leaf/260.jpg,"Pepper,_bell___healthy",Tomato___Early_blight,0.349822
plantwild/extracted/plantwild/images/bell pepper leaf/262.jpg,"Pepper,_bell___healthy","Pepper,_bell___healthy",0.927544
plantwild/extracted/plantwild/images/bell pepper leaf/266.jpg,"Pepper,_bell___healthy",Tomato___healthy,0.490701
plantwild/extracted/plantwild/images/bell pepper leaf/267.jpg,"Pepper,_bell___healthy",Tomato___Tomato_Yellow_Leaf_Curl_Virus,0.802788
plantwild/extracted/plantwild/images/bell pepper leaf/27.jpg,"Pepper,_bell___healthy",Tomato___Septoria_leaf_spot,0.114136
plantwild/extracted/plantwild/images/bell pepper leaf/271.jpg,"Pepper,_bell___healthy",Strawberry___Leaf_scorch,0.525123
plantwild/extracted/plantwild/images/bell pepper leaf/272.jpg,"Pepper,_bell___healthy",Strawberry___Leaf_scorch,0.746544
plantwild/extracted/plantwild/images/bell pepper leaf/273.jpg,"Pepper,_bell___healthy","Pepper,_bell___healthy",0.950297
plantwild/extracted/plantwild/images/bell pepper leaf/275.jpg,"Pepper,_bell___healthy",Cherry___healthy,0.323979
plantwild/extracted/plantwild/images/bell pepper leaf/277.jpg,"Pepper,_bell___healthy",Tomato___Septoria_leaf_spot,0.185640
plantwild/extracted/plantwild/images/bell pepper leaf/278.jpg,"Pepper,_bell___healthy",Cherry___healthy,0.522546
plantwild/extracted/plantwild/images/bell pepper leaf/29.jpg,"Pepper,_bell___healthy","Pepper,_bell___healthy",0.745929
plantwild/extracted/plantwild/images/bell pepper leaf/3.jpg,"Pepper,_bell___healthy",Tomato___Early_blight,0.791619
plantwild/extracted/plantwild/images/bell pepper leaf/31.jpg,"Pepper,_bell___healthy",Tomato___Septoria_leaf_spot,0.234486
plantwild/extracted/plantwild/images/bell pepper leaf/32.jpg,"Pepper,_bell___healthy","Pepper,_bell___healthy",0.936101
plantwild/extracted/plantwild/images/bell pepper leaf/33.jpg,"Pepper,_bell___healthy","Pepper,_bell___healthy",0.732461
plantwild/extracted/plantwild/images/bell pepper leaf/34.jpg,"Pepper,_bell___healthy","Pepper,_bell___healthy",0.836080
plantwild/extracted/plantwild/images/bell pepper leaf/35.jpg,"Pepper,_bell___healthy","Pepper,_bell___healthy",0.903719
plantwild/extracted/plantwild/images/bell pepper leaf/36.jpg,"Pepper,_bell___healthy",Cherry___healthy,0.706741
plantwild/extracted/plantwild/images/bell pepper leaf/37.jpg,"Pepper,_bell___healthy","Pepper,_bell___healthy",0.600177
plantwild/extracted/plantwild/images/bell pepper leaf/38.jpg,"Pepper,_bell___healthy",Tomato___Septoria_leaf_spot,0.189069
plantwild/extracted/plantwild/images/bell pepper leaf/39.jpg,"Pepper,_bell___healthy",Strawberry___Leaf_scorch,0.351039
plantwild/extracted/plantwild/images/bell pepper leaf/4.jpg,"Pepper,_bell___healthy",Cherry___healthy,0.937332
plantwild/extracted/plantwild/images/bell pepper leaf/40 - Copy (2).jpg,"Pepper,_bell___healthy",Cherry___healthy,0.951467
plantwild/extracted/plantwild/images/bell pepper leaf/40 - Copy (3).jpg,"Pepper,_bell___healthy",Cherry___healthy,0.562968
plantwild/extracted/plantwild/images/bell pepper leaf/40 - Copy.jpg,"Pepper,_bell___healthy",Strawberry___Leaf_scorch,0.830862
plantwild/extracted/plantwild/images/bell pepper leaf/40.jpg,"Pepper,_bell___healthy",Cherry___healthy,0.951288
plantwild/extracted/plantwild/images/bell pepper leaf/41.jpg,"Pepper,_bell___healthy","Pepper,_bell___healthy",0.947666
plantwild/extracted/plantwild/images/bell pepper leaf/42.jpg,"Pepper,_bell___healthy",Tomato___Late_blight,0.923338
plantwild/extracted/plantwild/images/bell pepper leaf/44.jpg,"Pepper,_bell___healthy",Corn___healthy,0.550768
plantwild/extracted/plantwild/images/bell pepper leaf/45.jpg,"Pepper,_bell___healthy",Cherry___healthy,0.485883
plantwild/extracted/plantwild/images/bell pepper leaf/46.jpg,"Pepper,_bell___healthy","Pepper,_bell___healthy",0.894210
plantwild/extracted/plantwild/images/bell pepper leaf/47.jpg,"Pepper,_bell___healthy","Pepper,_bell___healthy",0.675062
plantwild/extracted/plantwild/images/bell pepper leaf/49.jpg,"Pepper,_bell___healthy","Pepper,_bell___healthy",0.930672
plantwild/extracted/plantwild/images/bell pepper leaf/5.jpg,"Pepper,_bell___healthy","Pepper,_bell___healthy",0.932327
plantwild/extracted/plantwild/images/bell pepper leaf/50.jpg,"Pepper,_bell___healthy",Tomato___Septoria_leaf_spot,0.168409
plantwild/extracted/plantwild/images/bell pepper leaf/51.jpg,"Pepper,_bell___healthy",Tomato___Late_blight,0.184908
plantwild/extracted/plantwild/images/bell pepper leaf/52.jpg,"Pepper,_bell___healthy",Tomato___Septoria_leaf_spot,0.129670
plantwild/extracted/plantwild/images/bell pepper leaf/53.jpg,"Pepper,_bell___healthy",Tomato___Septoria_leaf_spot,0.134655
plantwild/extracted/plantwild/images/bell pepper leaf/54.jpg,"Pepper,_bell___healthy",Tomato___Septoria_leaf_spot,0.167510
plantwild/extracted/plantwild/images/bell pepper leaf/56.jpg,"Pepper,_bell___healthy",Tomato___Tomato_Yellow_Leaf_Curl_Virus,0.156976
plantwild/extracted/plantwild/images/bell pepper leaf/58.jpg,"Pepper,_bell___healthy",Tomato___Early_blight,0.460882
plantwild/extracted/plantwild/images/bell pepper leaf/6.jpg,"Pepper,_bell___healthy",Strawberry___Leaf_scorch,0.497370
plantwild/extracted/plantwild/images/bell pepper leaf/60.jpg,"Pepper,_bell___healthy",Tomato___Septoria_leaf_spot,0.141155
plantwild/extracted/plantwild/images/bell pepper leaf/61.jpg,"Pepper,_bell___healthy",Tomato___Early_blight,0.210844
plantwild/extracted/plantwild/images/bell pepper leaf/63.jpg,"Pepper,_bell___healthy",Blueberry___healthy,0.688503
plantwild/extracted/plantwild/images/bell pepper leaf/65.jpg,"Pepper,_bell___healthy",Tomato___Septoria_leaf_spot,0.169727
plantwild/extracted/plantwild/images/bell pepper leaf/66.jpg,"Pepper,_bell___healthy","Pepper,_bell___healthy",0.916412
plantwild/extracted/plantwild/images/bell pepper leaf/68.jpg,"Pepper,_bell___healthy","Pepper,_bell___healthy",0.944235
plantwild/extracted/plantwild/images/bell pepper leaf/69.jpg,"Pepper,_bell___healthy",Cherry___healthy,0.923466
plantwild/extracted/plantwild/images/bell pepper leaf/7.jpg,"Pepper,_bell___healthy",Tomato___Septoria_leaf_spot,0.179996
plantwild/extracted/plantwild/images/bell pepper leaf/70 - Copy (2).jpg,"Pepper,_bell___healthy",Strawberry___Leaf_scorch,0.741799
plantwild/extracted/plantwild/images/bell pepper leaf/70 - Copy (3).jpg,"Pepper,_bell___healthy",Strawberry___Leaf_scorch,0.937683
plantwild/extracted/plantwild/images/bell pepper leaf/70 - Copy.jpg,"Pepper,_bell___healthy",Tomato___healthy,0.779672
plantwild/extracted/plantwild/images/bell pepper leaf/70.jpg,"Pepper,_bell___healthy",Tomato___Late_blight,0.716921
plantwild/extracted/plantwild/images/bell pepper leaf/72.jpg,"Pepper,_bell___healthy","Pepper,_bell___healthy",0.949465
plantwild/extracted/plantwild/images/bell pepper leaf/73.jpg,"Pepper,_bell___healthy",Tomato___Early_blight,0.522896
plantwild/extracted/plantwild/images/bell pepper leaf/75.jpg,"Pepper,_bell___healthy",Tomato___Septoria_leaf_spot,0.204619
plantwild/extracted/plantwild/images/bell pepper leaf/78.jpg,"Pepper,_bell___healthy",Blueberry___healthy,0.502754
plantwild/extracted/plantwild/images/bell pepper leaf/79.jpg,"Pepper,_bell___healthy",Cherry___healthy,0.932949
plantwild/extracted/plantwild/images/bell pepper leaf/8.jpg,"Pepper,_bell___healthy",Tomato___Early_blight,0.559101
plantwild/extracted/plantwild/images/bell pepper leaf/81.jpg,"Pepper,_bell___healthy",Tomato___Late_blight,0.313949
plantwild/extracted/plantwild/images/bell pepper leaf/82.jpg,"Pepper,_bell___healthy","Pepper,_bell___healthy",0.387778
plantwild/extracted/plantwild/images/bell pepper leaf/83.jpg,"Pepper,_bell___healthy",Strawberry___Leaf_scorch,0.448521
plantwild/extracted/plantwild/images/bell pepper leaf/84.jpg,"Pepper,_bell___healthy","Pepper,_bell___healthy",0.766413
plantwild/extracted/plantwild/images/bell pepper leaf/85.jpg,"Pepper,_bell___healthy",Cherry___healthy,0.875113
plantwild/extracted/plantwild/images/bell pepper leaf/9.jpg,"Pepper,_bell___healthy","Pepper,_bell___healthy",0.830396
plantwild/extracted/plantwild/images/bell pepper leaf/90.jpg,"Pepper,_bell___healthy",Tomato___Target_Spot,0.082985
plantwild/extracted/plantwild/images/bell pepper leaf/91.jpg,"Pepper,_bell___healthy","Pepper,_bell___healthy",0.942099
plantwild/extracted/plantwild/images/bell pepper leaf/93.jpg,"Pepper,_bell___healthy",Tomato___Early_blight,0.218338
plantwild/extracted/plantwild/images/bell pepper leaf/96.jpg,"Pepper,_bell___healthy","Pepper,_bell___healthy",0.945802
plantwild/extracted/plantwild/images/bell pepper leaf/97.jpg,"Pepper,_bell___healthy",Tomato___Septoria_leaf_spot,0.238201
plantwild/extracted/plantwild/images/bell pepper leaf/99.jpg,"Pepper,_bell___healthy",Tomato___Late_blight,0.703133
plantwild/extracted/plantwild/images/bell pepper leaf/google_0000.jpg,"Pepper,_bell___healthy",Blueberry___healthy,0.947891
plantwild/extracted/plantwild/images/bell pepper leaf/google_0001.jpg,"Pepper,_bell___healthy","Pepper,_bell___healthy",0.935349
plantwild/extracted/plantwild/images/bell pepper leaf/google_0002.jpg,"Pepper,_bell___healthy","Pepper,_bell___healthy",0.689267
plantwild/extracted/plantwild/images/bell pepper leaf/google_0003.jpg,"Pepper,_bell___healthy",Cherry___healthy,0.829390
plantwild/extracted/plantwild/images/bell pepper leaf/google_0004.jpg,"Pepper,_bell___healthy",Tomato___Early_blight,0.319820
plantwild/extracted/plantwild/images/bell pepper leaf/google_0006.jpg,"Pepper,_bell___healthy","Pepper,_bell___healthy",0.951873
plantwild/extracted/plantwild/images/bell pepper leaf/google_0007.jpg,"Pepper,_bell___healthy","Pepper,_bell___healthy",0.953405
plantwild/extracted/plantwild/images/bell pepper leaf/google_0012.jpg,"Pepper,_bell___healthy","Pepper,_bell___healthy",0.894653
plantwild/extracted/plantwild/images/bell pepper leaf/google_0013.jpg,"Pepper,_bell___healthy","Pepper,_bell___healthy",0.916346
plantwild/extracted/plantwild/images/bell pepper leaf/google_0014.jpg,"Pepper,_bell___healthy","Pepper,_bell___healthy",0.943368
plantwild/extracted/plantwild/images/bell pepper leaf/google_0015.jpg,"Pepper,_bell___healthy","Pepper,_bell___healthy",0.928588
plantwild/extracted/plantwild/images/bell pepper leaf/google_0016.jpg,"Pepper,_bell___healthy","Pepper,_bell___healthy",0.953201
plantwild/extracted/plantwild/images/bell pepper leaf/google_0017.jpg,"Pepper,_bell___healthy",Tomato___Early_blight,0.735436
plantwild/extracted/plantwild/images/bell pepper leaf/google_0024.jpg,"Pepper,_bell___healthy",Strawberry___Leaf_scorch,0.868166
plantwild/extracted/plantwild/images/bell pepper leaf/google_0026.jpg,"Pepper,_bell___healthy",Cherry___healthy,0.918032
plantwild/extracted/plantwild/images/bell pepper leaf/google_0027.jpg,"Pepper,_bell___healthy",Tomato___Septoria_leaf_spot,0.194478
plantwild/extracted/plantwild/images/bell pepper leaf/google_0032.jpg,"Pepper,_bell___healthy","Pepper,_bell___healthy",0.947697
plantwild/extracted/plantwild/images/bell pepper leaf/google_0044.jpg,"Pepper,_bell___healthy","Pepper,_bell___healthy",0.949940
plantwild/extracted/plantwild/images/bell pepper leaf/google_0053.jpg,"Pepper,_bell___healthy","Pepper,_bell___healthy",0.944810
plantwild/extracted/plantwild/images/bell pepper leaf/google_0055.jpg,"Pepper,_bell___healthy",Tomato___healthy,0.878326
plantwild/extracted/plantwild/images/bell pepper leaf/google_0057.jpg,"Pepper,_bell___healthy",Tomato___Septoria_leaf_spot,0.188441
plantwild/extracted/plantwild/images/bell pepper leaf/google_0059.jpg,"Pepper,_bell___healthy","Pepper,_bell___healthy",0.822751
plantwild/extracted/plantwild/images/bell pepper leaf/google_0064.jpg,"Pepper,_bell___healthy","Pepper,_bell___healthy",0.932510
plantwild/extracted/plantwild/images/bell pepper leaf/google_0066.jpg,"Pepper,_bell___healthy","Pepper,_bell___healthy",0.814078
plantwild/extracted/plantwild/images/bell pepper leaf/google_0067.jpg,"Pepper,_bell___healthy",Tomato___Early_blight,0.220424
plantwild/extracted/plantwild/images/bell pepper leaf/google_0068.jpg,"Pepper,_bell___healthy","Pepper,_bell___healthy",0.359632
plantwild/extracted/plantwild/images/bell pepper leaf/google_0070.jpg,"Pepper,_bell___healthy",Cherry___healthy,0.894855
plantwild/extracted/plantwild/images/bell pepper leaf/google_0072.jpg,"Pepper,_bell___healthy","Pepper,_bell___healthy",0.704127
plantwild/extracted/plantwild/images/bell pepper leaf/google_0075.jpg,"Pepper,_bell___healthy","Pepper,_bell___healthy",0.636182
plantwild/extracted/plantwild/images/bell pepper leaf/google_0081.jpg,"Pepper,_bell___healthy","Pepper,_bell___healthy",0.883596
plantwild/extracted/plantwild/images/bell pepper leaf/google_0083.jpg,"Pepper,_bell___healthy",Tomato___Septoria_leaf_spot,0.216923
plantwild/extracted/plantwild/images/bell pepper leaf/google_0084.jpg,"Pepper,_bell___healthy","Pepper,_bell___healthy",0.857335
plantwild/extracted/plantwild/images/bell pepper leaf/google_0085.jpg,"Pepper,_bell___healthy",Cherry___healthy,0.938683
plantwild/extracted/plantwild/images/bell pepper leaf/google_0088.jpg,"Pepper,_bell___healthy","Pepper,_bell___healthy",0.947201
plantwild/extracted/plantwild/images/bell pepper leaf/google_0091.jpg,"Pepper,_bell___healthy","Pepper,_bell___healthy",0.948790
plantwild/extracted/plantwild/images/bell pepper leaf/google_0094.jpg,"Pepper,_bell___healthy","Pepper,_bell___healthy",0.875142
plantwild/extracted/plantwild/images/bell pepper leaf/google_0096.jpg,"Pepper,_bell___healthy",Cherry___healthy,0.552139
plantwild/extracted/plantwild/images/bell pepper leaf/google_0097.jpg,"Pepper,_bell___healthy","Pepper,_bell___healthy",0.873636
plantwild/extracted/plantwild/images/bell pepper leaf/google_0098.jpg,"Pepper,_bell___healthy",Tomato___Septoria_leaf_spot,0.284866
plantwild/extracted/plantwild/images/bell pepper leaf/google_0099.jpg,"Pepper,_bell___healthy","Pepper,_bell___healthy",0.554238
plantwild/extracted/plantwild/images/bell pepper leaf/google_0101.jpg,"Pepper,_bell___healthy","Pepper,_bell___healthy",0.949914
plantwild/extracted/plantwild/images/bell pepper leaf/google_0102.jpg,"Pepper,_bell___healthy","Pepper,_bell___healthy",0.940140
plantwild/extracted/plantwild/images/bell pepper leaf/google_0104.jpg,"Pepper,_bell___healthy",Cherry___healthy,0.696544
plantwild/extracted/plantwild/images/bell pepper leaf/google_0105.jpg,"Pepper,_bell___healthy","Pepper,_bell___healthy",0.829498
plantwild/extracted/plantwild/images/bell pepper leaf/google_0108.jpg,"Pepper,_bell___healthy",Tomato___Septoria_leaf_spot,0.169614
plantwild/extracted/plantwild/images/bell pepper leaf/google_0110.jpg,"Pepper,_bell___healthy","Pepper,_bell___healthy",0.759429
plantwild/extracted/plantwild/images/bell pepper leaf/google_0112.jpg,"Pepper,_bell___healthy",Tomato___Septoria_leaf_spot,0.214515
plantwild/extracted/plantwild/images/bell pepper leaf/google_0115.jpg,"Pepper,_bell___healthy",Corn___healthy,0.862837
plantwild/extracted/plantwild/images/bell pepper leaf/google_0117.jpg,"Pepper,_bell___healthy",Strawberry___Leaf_scorch,0.764984
plantwild/extracted/plantwild/images/bell pepper leaf/google_0119.jpg,"Pepper,_bell___healthy",Strawberry___Leaf_scorch,0.940092
plantwild/extracted/plantwild/images/bell pepper leaf/google_0131.jpg,"Pepper,_bell___healthy","Pepper,_bell___healthy",0.910434
plantwild/extracted/plantwild/images/bell pepper leaf/google_0133.jpg,"Pepper,_bell___healthy","Pepper,_bell___healthy",0.943468
plantwild/extracted/plantwild/images/bell pepper leaf/google_0135.jpg,"Pepper,_bell___healthy","Pepper,_bell___healthy",0.474626
plantwild/extracted/plantwild/images/bell pepper leaf/google_0140.jpg,"Pepper,_bell___healthy","Pepper,_bell___healthy",0.925768
plantwild/extracted/plantwild/images/bell pepper leaf/google_0141.jpg,"Pepper,_bell___healthy","Pepper,_bell___healthy",0.898430
plantwild/extracted/plantwild/images/bell pepper leaf/google_0156.jpg,"Pepper,_bell___healthy","Pepper,_bell___healthy",0.744695
plantwild/extracted/plantwild/images/bell pepper leaf/google_0157.jpg,"Pepper,_bell___healthy","Pepper,_bell___healthy",0.561310
plantwild/extracted/plantwild/images/bell pepper leaf/google_0159.jpg,"Pepper,_bell___healthy","Pepper,_bell___healthy",0.952578
plantwild/extracted/plantwild/images/bell pepper leaf/google_0161.jpg,"Pepper,_bell___healthy","Pepper,_bell___healthy",0.931583
plantwild/extracted/plantwild/images/bell pepper leaf/google_0172.jpg,"Pepper,_bell___healthy","Pepper,_bell___healthy",0.889579
plantwild/extracted/plantwild/images/bell pepper leaf/google_0174.jpg,"Pepper,_bell___healthy","Pepper,_bell___healthy",0.939066
plantwild/extracted/plantwild/images/bell pepper leaf/google_0177.jpg,"Pepper,_bell___healthy","Pepper,_bell___healthy",0.915125
plantwild/extracted/plantwild/images/bell pepper leaf/google_0186.jpg,"Pepper,_bell___healthy","Pepper,_bell___healthy",0.881703
plantwild/extracted/plantwild/images/bell pepper leaf/google_0187.jpg,"Pepper,_bell___healthy",Tomato___Septoria_leaf_spot,0.171028
plantwild/extracted/plantwild/images/bell pepper leaf/google_0192.jpg,"Pepper,_bell___healthy",Cherry___healthy,0.952989
plantwild/extracted/plantwild/images/bell pepper leaf/google_0195.jpg,"Pepper,_bell___healthy","Pepper,_bell___healthy",0.951628
plantwild/extracted/plantwild/images/bell pepper leaf/google_0198.jpg,"Pepper,_bell___healthy","Pepper,_bell___healthy",0.948926
plantwild/extracted/plantwild/images/bell pepper leaf/google_0201.jpg,"Pepper,_bell___healthy",Strawberry___Leaf_scorch,0.385341
plantwild/extracted/plantwild/images/bell pepper leaf/google_0208.jpg,"Pepper,_bell___healthy","Pepper,_bell___healthy",0.950649
plantwild/extracted/plantwild/images/bell pepper leaf/google_0210.jpg,"Pepper,_bell___healthy",Tomato___Septoria_leaf_spot,0.295819
plantwild/extracted/plantwild/images/bell pepper leaf/google_0212.jpg,"Pepper,_bell___healthy","Pepper,_bell___healthy",0.882907
plantwild/extracted/plantwild/images/bell pepper leaf/google_0213.jpg,"Pepper,_bell___healthy",Tomato___healthy,0.881701
plantwild/extracted/plantwild/images/bell pepper leaf/google_0214.jpg,"Pepper,_bell___healthy",Cherry___healthy,0.869119
plantwild/extracted/plantwild/images/bell pepper leaf/google_0229.jpg,"Pepper,_bell___healthy","Pepper,_bell___healthy",0.861368
plantwild/extracted/plantwild/images/bell pepper leaf/google_0231.jpg,"Pepper,_bell___healthy",Strawberry___Leaf_scorch,0.585038
plantwild/extracted/plantwild/images/bell pepper leaf/google_0237.jpg,"Pepper,_bell___healthy",Cherry___healthy,0.794822
plantwild/extracted/plantwild/images/bell pepper leaf/google_0243.jpg,"Pepper,_bell___healthy","Pepper,_bell___healthy",0.942566
plantwild/extracted/plantwild/images/bell pepper leaf/google_0251.jpg,"Pepper,_bell___healthy","Pepper,_bell___healthy",0.940051
plantwild/extracted/plantwild/images/bell pepper leaf/google_0253.jpg,"Pepper,_bell___healthy","Pepper,_bell___healthy",0.789632
plantwild/extracted/plantwild/images/bell pepper leaf/google_0260.jpg,"Pepper,_bell___healthy",Tomato___Septoria_leaf_spot,0.193566
plantwild/extracted/plantwild/images/bell pepper leaf/google_0264.jpg,"Pepper,_bell___healthy","Pepper,_bell___healthy",0.505499
plantwild/extracted/plantwild/images/bell pepper leaf/google_0265.jpg,"Pepper,_bell___healthy",Cherry___healthy,0.857602
plantwild/extracted/plantwild/images/bell pepper leaf/google_0267.jpg,"Pepper,_bell___healthy",Tomato___Early_blight,0.289502
plantwild/extracted/plantwild/images/bell pepper leaf/google_0273.jpg,"Pepper,_bell___healthy",Tomato___healthy,0.540029
plantwild/extracted/plantwild/images/bell pepper leaf/google_0275.jpg,"Pepper,_bell___healthy","Pepper,_bell___healthy",0.916246
plantwild/extracted/plantwild/images/bell pepper leaf spot/1.jpg,"Pepper,_bell___Bacterial_spot","Pepper,_bell___healthy",0.604975
plantwild/extracted/plantwild/images/bell pepper leaf spot/10.jpg,"Pepper,_bell___Bacterial_spot","Pepper,_bell___healthy",0.916401
plantwild/extracted/plantwild/images/bell pepper leaf spot/11.jpg,"Pepper,_bell___Bacterial_spot","Pepper,_bell___healthy",0.371602
plantwild/extracted/plantwild/images/bell pepper leaf spot/12.jpg,"Pepper,_bell___Bacterial_spot",Blueberry___healthy,0.688503
plantwild/extracted/plantwild/images/bell pepper leaf spot/13.jpg,"Pepper,_bell___Bacterial_spot",Tomato___Late_blight,0.944914
plantwild/extracted/plantwild/images/bell pepper leaf spot/16.jpg,"Pepper,_bell___Bacterial_spot","Pepper,_bell___healthy",0.937436
plantwild/extracted/plantwild/images/bell pepper leaf spot/17.jpg,"Pepper,_bell___Bacterial_spot","Pepper,_bell___healthy",0.878868
plantwild/extracted/plantwild/images/bell pepper leaf spot/18.jpg,"Pepper,_bell___Bacterial_spot","Pepper,_bell___healthy",0.379436
plantwild/extracted/plantwild/images/bell pepper leaf spot/19.jpg,"Pepper,_bell___Bacterial_spot",Cherry___healthy,0.868886
plantwild/extracted/plantwild/images/bell pepper leaf spot/2.jpg,"Pepper,_bell___Bacterial_spot","Pepper,_bell___healthy",0.947840
plantwild/extracted/plantwild/images/bell pepper leaf spot/20.jpg,"Pepper,_bell___Bacterial_spot",Tomato___Early_blight,0.807701
plantwild/extracted/plantwild/images/bell pepper leaf spot/21.jpg,"Pepper,_bell___Bacterial_spot",Grape___Black_rot,0.793871
plantwild/extracted/plantwild/images/bell pepper leaf spot/22.jpg,"Pepper,_bell___Bacterial_spot",Strawberry___Leaf_scorch,0.328385
plantwild/extracted/plantwild/images/bell pepper leaf spot/29 - Copy (2).jpg,"Pepper,_bell___Bacterial_spot",Corn___Cercospora_leaf_spot Gray_leaf_spot,0.918361
plantwild/extracted/plantwild/images/bell pepper leaf spot/29 - Copy (3).jpg,"Pepper,_bell___Bacterial_spot",Corn___Common_rust,0.948048
plantwild/extracted/plantwild/images/bell pepper leaf spot/3.jpg,"Pepper,_bell___Bacterial_spot","Pepper,_bell___healthy",0.925145
plantwild/extracted/plantwild/images/bell pepper leaf spot/33.jpg,"Pepper,_bell___Bacterial_spot","Pepper,_bell___healthy",0.949983
plantwild/extracted/plantwild/images/bell pepper leaf spot/37.jpg,"Pepper,_bell___Bacterial_spot",Corn___healthy,0.167521
plantwild/extracted/plantwild/images/bell pepper leaf spot/39.jpg,"Pepper,_bell___Bacterial_spot",Strawberry___Leaf_scorch,0.897803
plantwild/extracted/plantwild/images/bell pepper leaf spot/4.jpg,"Pepper,_bell___Bacterial_spot",Cherry___healthy,0.768520
plantwild/extracted/plantwild/images/bell pepper leaf spot/41.jpg,"Pepper,_bell___Bacterial_spot",Cherry___healthy,0.950189
plantwild/extracted/plantwild/images/bell pepper leaf spot/44 - Copy (2).jpg,"Pepper,_bell___Bacterial_spot",Corn___healthy,0.784399
plantwild/extracted/plantwild/images/bell pepper leaf spot/44 - Copy.jpg,"Pepper,_bell___Bacterial_spot",Tomato___Early_blight,0.688545
plantwild/extracted/plantwild/images/bell pepper leaf spot/44.jpg,"Pepper,_bell___Bacterial_spot",Corn___healthy,0.949198
plantwild/extracted/plantwild/images/bell pepper leaf spot/5.jpg,"Pepper,_bell___Bacterial_spot",Cherry___healthy,0.399036
plantwild/extracted/plantwild/images/bell pepper leaf spot/51.jpg,"Pepper,_bell___Bacterial_spot",Cherry___healthy,0.696031
plantwild/extracted/plantwild/images/bell pepper leaf spot/7.jpg,"Pepper,_bell___Bacterial_spot","Pepper,_bell___healthy",0.669140
plantwild/extracted/plantwild/images/bell pepper leaf spot/8.jpg,"Pepper,_bell___Bacterial_spot",Strawberry___Leaf_scorch,0.884898
plantwild/extracted/plantwild/images/bell pepper leaf spot/google_0000.jpg,"Pepper,_bell___Bacterial_spot",Tomato___Early_blight,0.549189
plantwild/extracted/plantwild/images/bell pepper leaf spot/google_0001.jpg,"Pepper,_bell___Bacterial_spot",Strawberry___Leaf_scorch,0.949525
plantwild/extracted/plantwild/images/bell pepper leaf spot/google_0003.jpg,"Pepper,_bell___Bacterial_spot","Pepper,_bell___healthy",0.738215
plantwild/extracted/plantwild/images/bell pepper leaf spot/google_0004.jpg,"Pepper,_bell___Bacterial_spot","Pepper,_bell___Bacterial_spot",0.904783
plantwild/extracted/plantwild/images/bell pepper leaf spot/google_0006.jpg,"Pepper,_bell___Bacterial_spot",Squash___Powdery_mildew,0.791255
plantwild/extracted/plantwild/images/bell pepper leaf spot/google_0007.jpg,"Pepper,_bell___Bacterial_spot","Pepper,_bell___healthy",0.917512
plantwild/extracted/plantwild/images/bell pepper leaf spot/google_0009.jpg,"Pepper,_bell___Bacterial_spot",Corn___healthy,0.907325
plantwild/extracted/plantwild/images/bell pepper leaf spot/google_0011.jpg,"Pepper,_bell___Bacterial_spot",Grape___Black_rot,0.539526
plantwild/extracted/plantwild/images/bell pepper leaf spot/google_0012.jpg,"Pepper,_bell___Bacterial_spot","Pepper,_bell___healthy",0.947005
plantwild/extracted/plantwild/images/bell pepper leaf spot/google_0014.jpg,"Pepper,_bell___Bacterial_spot",Corn___Common_rust,0.439061
plantwild/extracted/plantwild/images/bell pepper leaf spot/google_0015.jpg,"Pepper,_bell___Bacterial_spot",Cherry___healthy,0.676823
plantwild/extracted/plantwild/images/bell pepper leaf spot/google_0016.jpg,"Pepper,_bell___Bacterial_spot",Cherry___healthy,0.945661
plantwild/extracted/plantwild/images/bell pepper leaf spot/google_0020.jpg,"Pepper,_bell___Bacterial_spot","Pepper,_bell___healthy",0.618274
plantwild/extracted/plantwild/images/bell pepper leaf spot/google_0022.jpg,"Pepper,_bell___Bacterial_spot",Blueberry___healthy,0.608971
plantwild/extracted/plantwild/images/bell pepper leaf spot/google_0023.jpg,"Pepper,_bell___Bacterial_spot","Pepper,_bell___healthy",0.835803
plantwild/extracted/plantwild/images/bell pepper leaf spot/google_0024.jpg,"Pepper,_bell___Bacterial_spot",Grape___Black_rot,0.669736
plantwild/extracted/plantwild/images/bell pepper leaf spot/google_0026.jpg,"Pepper,_bell___Bacterial_spot","Pepper,_bell___healthy",0.904945
plantwild/extracted/plantwild/images/bell pepper leaf spot/google_0027.jpg,"Pepper,_bell___Bacterial_spot","Pepper,_bell___healthy",0.944130
plantwild/extracted/plantwild/images/bell pepper leaf spot/google_0031.jpg,"Pepper,_bell___Bacterial_spot","Pepper,_bell___healthy",0.949689
plantwild/extracted/plantwild/images/bell pepper leaf spot/google_0034.jpg,"Pepper,_bell___Bacterial_spot",Corn___Common_rust,0.283580
plantwild/extracted/plantwild/images/bell pepper leaf spot/google_0035.jpg,"Pepper,_bell___Bacterial_spot","Pepper,_bell___Bacterial_spot",0.714650
plantwild/extracted/plantwild/images/bell pepper leaf spot/google_0036.jpg,"Pepper,_bell___Bacterial_spot",Cherry___healthy,0.578282
plantwild/extracted/plantwild/images/bell pepper leaf spot/google_0037.jpg,"Pepper,_bell___Bacterial_spot","Pepper,_bell___healthy",0.874847
plantwild/extracted/plantwild/images/bell pepper leaf spot/google_0040.jpg,"Pepper,_bell___Bacterial_spot",Tomato___Target_Spot,0.133190
plantwild/extracted/plantwild/images/bell pepper leaf spot/google_0047.jpg,"Pepper,_bell___Bacterial_spot","Pepper,_bell___Bacterial_spot",0.953600
plantwild/extracted/plantwild/images/bell pepper leaf spot/google_0048.jpg,"Pepper,_bell___Bacterial_spot",Grape___Esca_(Black_Measles),0.393200
plantwild/extracted/plantwild/images/bell pepper leaf spot/google_0050.jpg,"Pepper,_bell___Bacterial_spot",Blueberry___healthy,0.864742
plantwild/extracted/plantwild/images/bell pepper leaf spot/google_0053.jpg,"Pepper,_bell___Bacterial_spot","Pepper,_bell___healthy",0.941945
plantwild/extracted/plantwild/images/bell pepper leaf spot/google_0055.jpg,"Pepper,_bell___Bacterial_spot",Grape___Black_rot,0.344122
plantwild/extracted/plantwild/images/bell pepper leaf spot/google_0057.jpg,"Pepper,_bell___Bacterial_spot",Tomato___healthy,0.361238
plantwild/extracted/plantwild/images/bell pepper leaf spot/google_0062.jpg,"Pepper,_bell___Bacterial_spot","Pepper,_bell___healthy",0.942841
plantwild/extracted/plantwild/images/bell pepper leaf spot/google_0064.jpg,"Pepper,_bell___Bacterial_spot","Pepper,_bell___healthy",0.888602
plantwild/extracted/plantwild/images/bell pepper leaf spot/google_0065.jpg,"Pepper,_bell___Bacterial_spot",Tomato___Early_blight,0.612019
plantwild/extracted/plantwild/images/bell pepper leaf spot/google_0066.jpg,"Pepper,_bell___Bacterial_spot",Tomato___Early_blight,0.779521
plantwild/extracted/plantwild/images/bell pepper leaf spot/google_0069.jpg,"Pepper,_bell___Bacterial_spot",Tomato___healthy,0.585898
plantwild/extracted/plantwild/images/bell pepper leaf spot/google_0071.jpg,"Pepper,_bell___Bacterial_spot","Pepper,_bell___Bacterial_spot",0.508617
plantwild/extracted/plantwild/images/bell pepper leaf spot/google_0073.jpg,"Pepper,_bell___Bacterial_spot","Pepper,_bell___healthy",0.919899
plantwild/extracted/plantwild/images/bell pepper leaf spot/google_0083.jpg,"Pepper,_bell___Bacterial_spot",Tomato___Late_blight,0.791836
plantwild/extracted/plantwild/images/bell pepper leaf spot/google_0084.jpg,"Pepper,_bell___Bacterial_spot",Tomato___Early_blight,0.398224
plantwild/extracted/plantwild/images/bell pepper leaf spot/google_0085.jpg,"Pepper,_bell___Bacterial_spot",Cherry___healthy,0.568312
plantwild/extracted/plantwild/images/bell pepper leaf spot/google_0089.jpg,"Pepper,_bell___Bacterial_spot",Cherry___healthy,0.838176
plantwild/extracted/plantwild/images/bell pepper leaf spot/google_0090.jpg,"Pepper,_bell___Bacterial_spot",Cherry___healthy,0.466147
plantwild/extracted/plantwild/images/bell pepper leaf spot/google_0091.jpg,"Pepper,_bell___Bacterial_spot","Pepper,_bell___healthy",0.467090
plantwild/extracted/plantwild/images/bell pepper leaf spot/google_0092.jpg,"Pepper,_bell___Bacterial_spot",Grape___Esca_(Black_Measles),0.522829
plantwild/extracted/plantwild/images/bell pepper leaf spot/google_0095.jpg,"Pepper,_bell___Bacterial_spot","Pepper,_bell___healthy",0.916865
plantwild/extracted/plantwild/images/bell pepper leaf spot/google_0096.jpg,"Pepper,_bell___Bacterial_spot","Pepper,_bell___healthy",0.459060
plantwild/extracted/plantwild/images/bell pepper leaf spot/google_0097.jpg,"Pepper,_bell___Bacterial_spot","Pepper,_bell___healthy",0.931746
plantwild/extracted/plantwild/images/bell pepper leaf spot/google_0101.jpg,"Pepper,_bell___Bacterial_spot",Tomato___Septoria_leaf_spot,0.244415
plantwild/extracted/plantwild/images/bell pepper leaf spot/google_0102.jpg,"Pepper,_bell___Bacterial_spot",Tomato___Septoria_leaf_spot,0.239987
plantwild/extracted/plantwild/images/bell pepper leaf spot/google_0103.jpg,"Pepper,_bell___Bacterial_spot","Pepper,_bell___healthy",0.952236
plantwild/extracted/plantwild/images/bell pepper leaf spot/google_0118.jpg,"Pepper,_bell___Bacterial_spot",Corn___Common_rust,0.940780
plantwild/extracted/plantwild/images/bell pepper leaf spot/google_0122.jpg,"Pepper,_bell___Bacterial_spot",Tomato___Early_blight,0.873436
plantwild/extracted/plantwild/images/bell pepper leaf spot/google_0126.jpg,"Pepper,_bell___Bacterial_spot",Corn___Cercospora_leaf_spot Gray_leaf_spot,0.907483
plantwild/extracted/plantwild/images/bell pepper leaf spot/google_0136.jpg,"Pepper,_bell___Bacterial_spot",Grape___Black_rot,0.609755
plantwild/extracted/plantwild/images/bell pepper leaf spot/google_0137.jpg,"Pepper,_bell___Bacterial_spot","Pepper,_bell___Bacterial_spot",0.946753
plantwild/extracted/plantwild/images/bell pepper leaf spot/google_0144.jpg,"Pepper,_bell___Bacterial_spot",Apple___Black_rot,0.673760
plantwild/extracted/plantwild/images/bell pepper leaf spot/google_0147.jpg,"Pepper,_bell___Bacterial_spot",Grape___Black_rot,0.902989
plantwild/extracted/plantwild/images/bell pepper leaf spot/google_0151.jpg,"Pepper,_bell___Bacterial_spot",Apple___Black_rot,0.512091
plantwild/extracted/plantwild/images/bell pepper leaf spot/google_0153.jpg,"Pepper,_bell___Bacterial_spot","Pepper,_bell___healthy",0.495853
plantwild/extracted/plantwild/images/bell pepper leaf spot/google_0160.jpg,"Pepper,_bell___Bacterial_spot",Strawberry___Leaf_scorch,0.747299
plantwild/extracted/plantwild/images/bell pepper leaf spot/google_0162.jpg,"Pepper,_bell___Bacterial_spot",Tomato___Late_blight,0.671628
plantwild/extracted/plantwild/images/bell pepper leaf spot/google_0165.jpg,"Pepper,_bell___Bacterial_spot","Pepper,_bell___healthy",0.772685
plantwild/extracted/plantwild/images/bell pepper leaf spot/google_0166.jpg,"Pepper,_bell___Bacterial_spot","Pepper,_bell___healthy",0.423340
plantwild/extracted/plantwild/images/bell pepper leaf spot/google_0172.jpg,"Pepper,_bell___Bacterial_spot",Grape___Black_rot,0.913691
plantwild/extracted/plantwild/images/bell pepper leaf spot/google_0178.jpg,"Pepper,_bell___Bacterial_spot","Pepper,_bell___healthy",0.767764
plantwild/extracted/plantwild/images/bell pepper leaf spot/google_0179.jpg,"Pepper,_bell___Bacterial_spot","Pepper,_bell___healthy",0.503179
plantwild/extracted/plantwild/images/bell pepper leaf spot/google_0182.jpg,"Pepper,_bell___Bacterial_spot","Pepper,_bell___healthy",0.836865
plantwild/extracted/plantwild/images/bell pepper leaf spot/google_0184.jpg,"Pepper,_bell___Bacterial_spot","Pepper,_bell___Bacterial_spot",0.951082
plantwild/extracted/plantwild/images/bell pepper leaf spot/google_0191.jpg,"Pepper,_bell___Bacterial_spot","Pepper,_bell___Bacterial_spot",0.846021
plantwild/extracted/plantwild/images/bell pepper leaf spot/google_0195.jpg,"Pepper,_bell___Bacterial_spot",Strawberry___Leaf_scorch,0.198084
plantwild/extracted/plantwild/images/bell pepper leaf spot/google_0196.jpg,"Pepper,_bell___Bacterial_spot","Pepper,_bell___healthy",0.548792
plantwild/extracted/plantwild/images/bell pepper leaf spot/google_0206.jpg,"Pepper,_bell___Bacterial_spot","Pepper,_bell___healthy",0.895024
plantwild/extracted/plantwild/images/bell pepper leaf spot/google_0208.jpg,"Pepper,_bell___Bacterial_spot",Blueberry___healthy,0.627936
plantwild/extracted/plantwild/images/bell pepper leaf spot/google_0213.jpg,"Pepper,_bell___Bacterial_spot",Strawberry___Leaf_scorch,0.222447
plantwild/extracted/plantwild/images/bell pepper leaf spot/google_0214.jpg,"Pepper,_bell___Bacterial_spot","Pepper,_bell___healthy",0.940357
plantwild/extracted/plantwild/images/bell pepper leaf spot/google_0216.jpg,"Pepper,_bell___Bacterial_spot",Tomato___Septoria_leaf_spot,0.156963
plantwild/extracted/plantwild/images/bell pepper leaf spot/google_0222.jpg,"Pepper,_bell___Bacterial_spot",Cherry___healthy,0.921975
plantwild/extracted/plantwild/images/bell pepper leaf spot/google_0225.jpg,"Pepper,_bell___Bacterial_spot",Tomato___Septoria_leaf_spot,0.344282
plantwild/extracted/plantwild/images/bell pepper leaf spot/google_0238.jpg,"Pepper,_bell___Bacterial_spot","Pepper,_bell___Bacterial_spot",0.501847
plantwild/extracted/plantwild/images/bell pepper leaf spot/google_0251.jpg,"Pepper,_bell___Bacterial_spot",Strawberry___Leaf_scorch,0.744546
plantwild/extracted/plantwild/images/bell pepper leaf spot/google_0280.jpg,"Pepper,_bell___Bacterial_spot",Strawberry___Leaf_scorch,0.865976
plantwild/extracted/plantwild/images/bell pepper leaf spot/google_0282.jpg,"Pepper,_bell___Bacterial_spot",Strawberry___Leaf_scorch,0.952146
plantwild/extracted/plantwild/images/bell pepper leaf spot/google_0297.jpg,"Pepper,_bell___Bacterial_spot",Cherry___healthy,0.845160
plantwild/extracted/plantwild/images/bell pepper leaf spot/google_0307.jpg,"Pepper,_bell___Bacterial_spot",Corn___healthy,0.938152
plantwild/extracted/plantwild/images/bell pepper leaf spot/google_0314.jpg,"Pepper,_bell___Bacterial_spot",Tomato___Late_blight,0.648263
plantwild/extracted/plantwild/images/bell pepper leaf spot/google_0337.jpg,"Pepper,_bell___Bacterial_spot",Strawberry___Leaf_scorch,0.862727
plantwild/extracted/plantwild/images/bell pepper leaf spot/google_0341.jpg,"Pepper,_bell___Bacterial_spot",Cherry___healthy,0.864922
plantwild/extracted/plantwild/images/bell pepper leaf spot/google_0346.jpg,"Pepper,_bell___Bacterial_spot","Pepper,_bell___healthy",0.658956
plantwild/extracted/plantwild/images/bell pepper leaf spot/google_0361.jpg,"Pepper,_bell___Bacterial_spot",Cherry___healthy,0.744099
plantwild/extracted/plantwild/images/blueberry leaf/1.jpg,Blueberry___healthy,"Pepper,_bell___healthy",0.382966
plantwild/extracted/plantwild/images/blueberry leaf/10.jpg,Blueberry___healthy,Tomato___Early_blight,0.240650
plantwild/extracted/plantwild/images/blueberry leaf/100.jpg,Blueberry___healthy,Tomato___Septoria_leaf_spot,0.172036
plantwild/extracted/plantwild/images/blueberry leaf/101.jpg,Blueberry___healthy,Cherry___healthy,0.939362
plantwild/extracted/plantwild/images/blueberry leaf/102.jpg,Blueberry___healthy,Tomato___Septoria_leaf_spot,0.270863
plantwild/extracted/plantwild/images/blueberry leaf/103.jpg,Blueberry___healthy,Cherry___healthy,0.535974
plantwild/extracted/plantwild/images/blueberry leaf/104.jpg,Blueberry___healthy,Cherry___healthy,0.949305
plantwild/extracted/plantwild/images/blueberry leaf/105.jpg,Blueberry___healthy,Cherry___healthy,0.490288
plantwild/extracted/plantwild/images/blueberry leaf/106.jpg,Blueberry___healthy,"Pepper,_bell___healthy",0.541692
plantwild/extracted/plantwild/images/blueberry leaf/107.jpg,Blueberry___healthy,"Pepper,_bell___healthy",0.467225
plantwild/extracted/plantwild/images/blueberry leaf/108.jpg,Blueberry___healthy,"Pepper,_bell___healthy",0.536691
plantwild/extracted/plantwild/images/blueberry leaf/109.jpg,Blueberry___healthy,Tomato___Septoria_leaf_spot,0.224999
plantwild/extracted/plantwild/images/blueberry leaf/11.jpg,Blueberry___healthy,Tomato___Septoria_leaf_spot,0.177021
plantwild/extracted/plantwild/images/blueberry leaf/110.jpg,Blueberry___healthy,Tomato___Septoria_leaf_spot,0.108553
plantwild/extracted/plantwild/images/blueberry leaf/112.jpg,Blueberry___healthy,Grape___Black_rot,0.890001
plantwild/extracted/plantwild/images/blueberry leaf/113.jpg,Blueberry___healthy,Peach___Bacterial_spot,0.651230
plantwild/extracted/plantwild/images/blueberry leaf/114.jpg,Blueberry___healthy,Cherry___healthy,0.293525
plantwild/extracted/plantwild/images/blueberry leaf/115.jpg,Blueberry___healthy,Strawberry___Leaf_scorch,0.844098
plantwild/extracted/plantwild/images/blueberry leaf/116.jpg,Blueberry___healthy,Tomato___Septoria_leaf_spot,0.185964
plantwild/extracted/plantwild/images/blueberry leaf/117.jpg,Blueberry___healthy,Strawberry___Leaf_scorch,0.797552
plantwild/extracted/plantwild/images/blueberry leaf/118.jpg,Blueberry___healthy,Cherry___healthy,0.819020
plantwild/extracted/plantwild/images/blueberry leaf/119.jpg,Blueberry___healthy,Cherry___healthy,0.890184
plantwild/extracted/plantwild/images/blueberry leaf/12.jpg,Blueberry___healthy,Tomato___Septoria_leaf_spot,0.232885
plantwild/extracted/plantwild/images/blueberry leaf/120.jpg,Blueberry___healthy,Cherry___healthy,0.505886
plantwild/extracted/plantwild/images/blueberry leaf/121.jpg,Blueberry___healthy,Strawberry___Leaf_scorch,0.406095
plantwild/extracted/plantwild/images/blueberry leaf/122.jpg,Blueberry___healthy,Tomato___Septoria_leaf_spot,0.176225
plantwild/extracted/plantwild/images/blueberry leaf/123.jpg,Blueberry___healthy,Strawberry___Leaf_scorch,0.893192
plantwild/extracted/plantwild/images/blueberry leaf/124.jpg,Blueberry___healthy,Corn___healthy,0.347492
plantwild/extracted/plantwild/images/blueberry leaf/127.jpg,Blueberry___healthy,Strawberry___Leaf_scorch,0.898859
plantwild/extracted/plantwild/images/blueberry leaf/128.jpg,Blueberry___healthy,Tomato___Early_blight,0.425865
plantwild/extracted/plantwild/images/blueberry leaf/13.jpg,Blueberry___healthy,Cherry___healthy,0.937978
plantwild/extracted/plantwild/images/blueberry leaf/130.jpg,Blueberry___healthy,Grape___Black_rot,0.528316
plantwild/extracted/plantwild/images/blueberry leaf/131.jpg,Blueberry___healthy,"Pepper,_bell___healthy",0.513206
plantwild/extracted/plantwild/images/blueberry leaf/132.jpg,Blueberry___healthy,Tomato___Early_blight,0.648078
plantwild/extracted/plantwild/images/blueberry leaf/133.jpg,Blueberry___healthy,Tomato___Septoria_leaf_spot,0.174847
plantwild/extracted/plantwild/images/blueberry leaf/135.jpg,Blueberry___healthy,Grape___Black_rot,0.344902
plantwild/extracted/plantwild/images/blueberry leaf/137.jpg,Blueberry___healthy,Tomato___healthy,0.415608
plantwild/extracted/plantwild/images/blueberry leaf/138.jpg,Blueberry___healthy,Tomato___Late_blight,0.112007
plantwild/extracted/plantwild/images/blueberry leaf/14.jpg,Blueberry___healthy,"Pepper,_bell___healthy",0.715235
plantwild/extracted/plantwild/images/blueberry leaf/140.jpg,Blueberry___healthy,"Pepper,_bell___healthy",0.414852
plantwild/extracted/plantwild/images/blueberry leaf/141.jpg,Blueberry___healthy,Tomato___Septoria_leaf_spot,0.156272
plantwild/extracted/plantwild/images/blueberry leaf/143.jpg,Blueberry___healthy,"Pepper,_bell___healthy",0.936285
plantwild/extracted/plantwild/images/blueberry leaf/144.jpg,Blueberry___healthy,Grape___Black_rot,0.567005
plantwild/extracted/plantwild/images/blueberry leaf/146.jpg,Blueberry___healthy,Strawberry___Leaf_scorch,0.953556
plantwild/extracted/plantwild/images/blueberry leaf/147.jpg,Blueberry___healthy,Tomato___Late_blight,0.930485
plantwild/extracted/plantwild/images/blueberry leaf/15.jpg,Blueberry___healthy,Tomato___Early_blight,0.312543
plantwild/extracted/plantwild/images/blueberry leaf/151.jpg,Blueberry___healthy,Cherry___healthy,0.938930
plantwild/extracted/plantwild/images/blueberry leaf/154.jpg,Blueberry___healthy,Cherry___healthy,0.585774
plantwild/extracted/plantwild/images/blueberry leaf/156.jpg,Blueberry___healthy,Tomato___Late_blight,0.797734
plantwild/extracted/plantwild/images/blueberry leaf/158.jpg,Blueberry___healthy,Cherry___healthy,0.800435
plantwild/extracted/plantwild/images/blueberry leaf/159.jpg,Blueberry___healthy,Strawberry___Leaf_scorch,0.602914
plantwild/extracted/plantwild/images/blueberry leaf/16.jpg,Blueberry___healthy,Tomato___Septoria_leaf_spot,0.165706
plantwild/extracted/plantwild/images/blueberry leaf/169.jpg,Blueberry___healthy,Tomato___Septoria_leaf_spot,0.236493
plantwild/extracted/plantwild/images/blueberry leaf/17.jpg,Blueberry___healthy,Tomato___Septoria_leaf_spot,0.257940
plantwild/extracted/plantwild/images/blueberry leaf/170.jpg,Blueberry___healthy,Tomato___Septoria_leaf_spot,0.223808
plantwild/extracted/plantwild/images/blueberry leaf/171.jpg,Blueberry___healthy,Blueberry___healthy,0.943510
plantwild/extracted/plantwild/images/blueberry leaf/172.jpg,Blueberry___healthy,Tomato___Early_blight,0.561738
plantwild/extracted/plantwild/images/blueberry leaf/173.jpg,Blueberry___healthy,"Pepper,_bell___healthy",0.441769
plantwild/extracted/plantwild/images/blueberry leaf/174.jpg,Blueberry___healthy,Strawberry___Leaf_scorch,0.798492
plantwild/extracted/plantwild/images/blueberry leaf/175.jpg,Blueberry___healthy,Tomato___Early_blight,0.537646
plantwild/extracted/plantwild/images/blueberry leaf/177.jpg,Blueberry___healthy,Cherry___healthy,0.408863
plantwild/extracted/plantwild/images/blueberry leaf/178.jpg,Blueberry___healthy,"Pepper,_bell___healthy",0.951476
plantwild/extracted/plantwild/images/blueberry leaf/179.jpg,Blueberry___healthy,"Pepper,_bell___healthy",0.693400
plantwild/extracted/plantwild/images/blueberry leaf/18.jpg,Blueberry___healthy,Tomato___Early_blight,0.538020
plantwild/extracted/plantwild/images/blueberry leaf/180.jpg,Blueberry___healthy,Cherry___healthy,0.933187
plantwild/extracted/plantwild/images/blueberry leaf/181.jpg,Blueberry___healthy,"Pepper,_bell___healthy",0.191082
plantwild/extracted/plantwild/images/blueberry leaf/182.jpg,Blueberry___healthy,Tomato___Septoria_leaf_spot,0.213854
plantwild/extracted/plantwild/images/blueberry leaf/183.jpg,Blueberry___healthy,Strawberry___Leaf_scorch,0.950836
plantwild/extracted/plantwild/images/blueberry leaf/184.jpg,Blueberry___healthy,Cherry___healthy,0.788459
plantwild/extracted/plantwild/images/blueberry leaf/185.jpg,Blueberry___healthy,Cherry___healthy,0.909091
plantwild/extracted/plantwild/images/blueberry leaf/186.jpg,Blueberry___healthy,Corn___healthy,0.153282
plantwild/extracted/plantwild/images/blueberry leaf/187.jpg,Blueberry___healthy,Cherry___healthy,0.916722
plantwild/extracted/plantwild/images/blueberry leaf/188.jpg,Blueberry___healthy,Cherry___healthy,0.861336
plantwild/extracted/plantwild/images/blueberry leaf/189.jpg,Blueberry___healthy,Tomato___Septoria_leaf_spot,0.154061
plantwild/extracted/plantwild/images/blueberry leaf/19.jpg,Blueberry___healthy,Tomato___Septoria_leaf_spot,0.278109
plantwild/extracted/plantwild/images/blueberry leaf/190.jpg,Blueberry___healthy,Corn___Northern_Leaf_Blight,0.700396
plantwild/extracted/plantwild/images/blueberry leaf/191.jpg,Blueberry___healthy,Tomato___Septoria_leaf_spot,0.234158
plantwild/extracted/plantwild/images/blueberry leaf/194.jpg,Blueberry___healthy,Cherry___healthy,0.645119
plantwild/extracted/plantwild/images/blueberry leaf/195.jpg,Blueberry___healthy,"Pepper,_bell___healthy",0.738175
plantwild/extracted/plantwild/images/blueberry leaf/196.jpg,Blueberry___healthy,Tomato___Septoria_leaf_spot,0.256794
plantwild/extracted/plantwild/images/blueberry leaf/197.jpg,Blueberry___healthy,Tomato___Early_blight,0.720990
plantwild/extracted/plantwild/images/blueberry leaf/199.jpg,Blueberry___healthy,Tomato___Early_blight,0.627789
plantwild/extracted/plantwild/images/blueberry leaf/2.jpg,Blueberry___healthy,Cherry___healthy,0.874839
plantwild/extracted/plantwild/images/blueberry leaf/20.jpg,Blueberry___healthy,Tomato___Septoria_leaf_spot,0.466015
plantwild/extracted/plantwild/images/blueberry leaf/200.jpg,Blueberry___healthy,Tomato___Septoria_leaf_spot,0.139838
plantwild/extracted/plantwild/images/blueberry leaf/204.jpg,Blueberry___healthy,Tomato___Septoria_leaf_spot,0.182024
plantwild/extracted/plantwild/images/blueberry leaf/205.jpg,Blueberry___healthy,Cherry___healthy,0.771341
plantwild/extracted/plantwild/images/blueberry leaf/207.jpg,Blueberry___healthy,Tomato___Septoria_leaf_spot,0.236823
plantwild/extracted/plantwild/images/blueberry leaf/208.jpg,Blueberry___healthy,Tomato___Septoria_leaf_spot,0.172326
plantwild/extracted/plantwild/images/blueberry leaf/209.jpg,Blueberry___healthy,Cherry___healthy,0.905912
plantwild/extracted/plantwild/images/blueberry leaf/21.jpg,Blueberry___healthy,Tomato___Septoria_leaf_spot,0.265366
plantwild/extracted/plantwild/images/blueberry leaf/210.jpg,Blueberry___healthy,Strawberry___Leaf_scorch,0.724558
plantwild/extracted/plantwild/images/blueberry leaf/211.jpg,Blueberry___healthy,Strawberry___Leaf_scorch,0.942766
plantwild/extracted/plantwild/images/blueberry leaf/213.jpg,Blueberry___healthy,Grape___Black_rot,0.512339
plantwild/extracted/plantwild/images/blueberry leaf/214.jpg,Blueberry___healthy,Tomato___Septoria_leaf_spot,0.138076
plantwild/extracted/plantwild/images/blueberry leaf/215.jpg,Blueberry___healthy,Cherry___healthy,0.664912
plantwild/extracted/plantwild/images/blueberry leaf/216.jpg,Blueberry___healthy,Corn___healthy,0.936583
plantwild/extracted/plantwild/images/blueberry leaf/217.jpg,Blueberry___healthy,Tomato___Septoria_leaf_spot,0.136047
plantwild/extracted/plantwild/images/blueberry leaf/218.jpg,Blueberry___healthy,Cherry___healthy,0.924820
plantwild/extracted/plantwild/images/blueberry leaf/219.jpg,Blueberry___healthy,Cherry___healthy,0.856024
plantwild/extracted/plantwild/images/blueberry leaf/22.jpg,Blueberry___healthy,Tomato___Septoria_leaf_spot,0.239738
plantwild/extracted/plantwild/images/blueberry leaf/220.jpg,Blueberry___healthy,Cherry___healthy,0.888543
plantwild/extracted/plantwild/images/blueberry leaf/222.jpg,Blueberry___healthy,Tomato___Early_blight,0.359838
plantwild/extracted/plantwild/images/blueberry leaf/23.jpg,Blueberry___healthy,Tomato___Septoria_leaf_spot,0.169341
plantwild/extracted/plantwild/images/blueberry leaf/24.jpg,Blueberry___healthy,Tomato___Early_blight,0.773830
plantwild/extracted/plantwild/images/blueberry leaf/25.jpg,Blueberry___healthy,"Pepper,_bell___healthy",0.782552
plantwild/extracted/plantwild/images/blueberry leaf/26.jpg,Blueberry___healthy,Tomato___Septoria_leaf_spot,0.266706
plantwild/extracted/plantwild/images/blueberry leaf/27.jpg,Blueberry___healthy,Tomato___Septoria_leaf_spot,0.199122
plantwild/extracted/plantwild/images/blueberry leaf/28.jpg,Blueberry___healthy,Tomato___Early_blight,0.885397
plantwild/extracted/plantwild/images/blueberry leaf/29.jpg,Blueberry___healthy,Cherry___healthy,0.934676
plantwild/extracted/plantwild/images/blueberry leaf/3.jpg,Blueberry___healthy,Tomato___Early_blight,0.377976
plantwild/extracted/plantwild/images/blueberry leaf/30.jpg,Blueberry___healthy,Tomato___Early_blight,0.215490
plantwild/extracted/plantwild/images/blueberry leaf/31.jpg,Blueberry___healthy,Cherry___healthy,0.924900
plantwild/extracted/plantwild/images/blueberry leaf/32.jpg,Blueberry___healthy,Tomato___Septoria_leaf_spot,0.297401
plantwild/extracted/plantwild/images/blueberry leaf/33.jpg,Blueberry___healthy,Tomato___Tomato_mosaic_virus,0.304699
plantwild/extracted/plantwild/images/blueberry leaf/34.jpg,Blueberry___healthy,Tomato___Septoria_leaf_spot,0.253343
plantwild/extracted/plantwild/images/blueberry leaf/35.jpg,Blueberry___healthy,Tomato___Septoria_leaf_spot,0.094781
plantwild/extracted/plantwild/images/blueberry leaf/36.jpg,Blueberry___healthy,Cherry___healthy,0.917731
plantwild/extracted/plantwild/images/blueberry leaf/37.jpg,Blueberry___healthy,Tomato___Septoria_leaf_spot,0.125388
plantwild/extracted/plantwild/images/blueberry leaf/38.jpg,Blueberry___healthy,Tomato___Septoria_leaf_spot,0.163116
plantwild/extracted/plantwild/images/blueberry leaf/39.jpg,Blueberry___healthy,Tomato___Septoria_leaf_spot,0.104866
plantwild/extracted/plantwild/images/blueberry leaf/4.jpg,Blueberry___healthy,Tomato___Septoria_leaf_spot,0.113405
plantwild/extracted/plantwild/images/blueberry leaf/40.jpg,Blueberry___healthy,Tomato___Septoria_leaf_spot,0.204953
plantwild/extracted/plantwild/images/blueberry leaf/41.jpg,Blueberry___healthy,Tomato___Septoria_leaf_spot,0.188827
plantwild/extracted/plantwild/images/blueberry leaf/42.jpg,Blueberry___healthy,"Pepper,_bell___healthy",0.511796
plantwild/extracted/plantwild/images/blueberry leaf/43.jpg,Blueberry___healthy,Tomato___Septoria_leaf_spot,0.147279
plantwild/extracted/plantwild/images/blueberry leaf/44.jpg,Blueberry___healthy,Tomato___Septoria_leaf_spot,0.273560
plantwild/extracted/plantwild/images/blueberry leaf/45.jpg,Blueberry___healthy,Tomato___Early_blight,0.205434
plantwild/extracted/plantwild/images/blueberry leaf/47.jpg,Blueberry___healthy,Tomato___Late_blight,0.094286
plantwild/extracted/plantwild/images/blueberry leaf/48.jpg,Blueberry___healthy,Tomato___Early_blight,0.489238
plantwild/extracted/plantwild/images/blueberry leaf/49.jpg,Blueberry___healthy,Tomato___Early_blight,0.503201
plantwild/extracted/plantwild/images/blueberry leaf/5.jpg,Blueberry___healthy,Tomato___Septoria_leaf_spot,0.273903
plantwild/extracted/plantwild/images/blueberry leaf/50.jpg,Blueberry___healthy,Tomato___Early_blight,0.286094
plantwild/extracted/plantwild/images/blueberry leaf/51.jpg,Blueberry___healthy,Tomato___Septoria_leaf_spot,0.202192
plantwild/extracted/plantwild/images/blueberry leaf/52.jpg,Blueberry___healthy,Tomato___Septoria_leaf_spot,0.113662
plantwild/extracted/plantwild/images/blueberry leaf/53.jpg,Blueberry___healthy,Tomato___Septoria_leaf_spot,0.175069
plantwild/extracted/plantwild/images/blueberry leaf/54.jpg,Blueberry___healthy,Tomato___Septoria_leaf_spot,0.208901
plantwild/extracted/plantwild/images/blueberry leaf/56.jpg,Blueberry___healthy,Tomato___Septoria_leaf_spot,0.186929
plantwild/extracted/plantwild/images/blueberry leaf/57.jpg,Blueberry___healthy,Tomato___Septoria_leaf_spot,0.244407
plantwild/extracted/plantwild/images/blueberry leaf/58.jpg,Blueberry___healthy,"Pepper,_bell___healthy",0.793040
plantwild/extracted/plantwild/images/blueberry leaf/59.jpg,Blueberry___healthy,Tomato___Septoria_leaf_spot,0.276069
plantwild/extracted/plantwild/images/blueberry leaf/6.jpg,Blueberry___healthy,Blueberry___healthy,0.819416
plantwild/extracted/plantwild/images/blueberry leaf/60.jpg,Blueberry___healthy,Cherry___healthy,0.358179
plantwild/extracted/plantwild/images/blueberry leaf/61.jpg,Blueberry___healthy,Strawberry___Leaf_scorch,0.952960
plantwild/extracted/plantwild/images/blueberry leaf/62.jpg,Blueberry___healthy,Tomato___Septoria_leaf_spot,0.184416
plantwild/extracted/plantwild/images/blueberry leaf/63.jpg,Blueberry___healthy,Tomato___Septoria_leaf_spot,0.219676
plantwild/extracted/plantwild/images/blueberry leaf/65.jpg,Blueberry___healthy,Tomato___Early_blight,0.236517
plantwild/extracted/plantwild/images/blueberry leaf/66.jpg,Blueberry___healthy,Cherry___healthy,0.885806
plantwild/extracted/plantwild/images/blueberry leaf/67.jpg,Blueberry___healthy,Tomato___Septoria_leaf_spot,0.227412
plantwild/extracted/plantwild/images/blueberry leaf/7.jpg,Blueberry___healthy,Tomato___Septoria_leaf_spot,0.317752
plantwild/extracted/plantwild/images/blueberry leaf/70.jpg,Blueberry___healthy,Strawberry___Leaf_scorch,0.750870
plantwild/extracted/plantwild/images/blueberry leaf/71.jpg,Blueberry___healthy,Tomato___Septoria_leaf_spot,0.200583
plantwild/extracted/plantwild/images/blueberry leaf/72.jpg,Blueberry___healthy,Tomato___Septoria_leaf_spot,0.095346
plantwild/extracted/plantwild/images/blueberry leaf/73.jpg,Blueberry___healthy,Cherry___healthy,0.539564
plantwild/extracted/plantwild/images/blueberry leaf/74.jpg,Blueberry___healthy,Tomato___Early_blight,0.402351
plantwild/extracted/plantwild/images/blueberry leaf/75.jpg,Blueberry___healthy,Tomato___Septoria_leaf_spot,0.109520
plantwild/extracted/plantwild/images/blueberry leaf/77.jpg,Blueberry___healthy,Corn___Cercospora_leaf_spot Gray_leaf_spot,0.539579
plantwild/extracted/plantwild/images/blueberry leaf/78.jpg,Blueberry___healthy,Tomato___Septoria_leaf_spot,0.280327
plantwild/extracted/plantwild/images/blueberry leaf/79.jpg,Blueberry___healthy,Cherry___healthy,0.722864
plantwild/extracted/plantwild/images/blueberry leaf/8.jpg,Blueberry___healthy,Tomato___Early_blight,0.386425
plantwild/extracted/plantwild/images/blueberry leaf/80.jpg,Blueberry___healthy,Cherry___healthy,0.692869
plantwild/extracted/plantwild/images/blueberry leaf/81.jpg,Blueberry___healthy,Tomato___Early_blight,0.211441
plantwild/extracted/plantwild/images/blueberry leaf/82.jpg,Blueberry___healthy,"Pepper,_bell___healthy",0.936688
plantwild/extracted/plantwild/images/blueberry leaf/83.jpg,Blueberry___healthy,Grape___Black_rot,0.106134
plantwild/extracted/plantwild/images/blueberry leaf/86.jpg,Blueberry___healthy,Tomato___Early_blight,0.287953
plantwild/extracted/plantwild/images/blueberry leaf/87.jpg,Blueberry___healthy,Tomato___Septoria_leaf_spot,0.171029
plantwild/extracted/plantwild/images/blueberry leaf/88.jpg,Blueberry___healthy,Strawberry___Leaf_scorch,0.602162
plantwild/extracted/plantwild/images/blueberry leaf/89.jpg,Blueberry___healthy,Tomato___Septoria_leaf_spot,0.223805
plantwild/extracted/plantwild/images/blueberry leaf/9.jpg,Blueberry___healthy,Grape___Esca_(Black_Measles),0.729042
plantwild/extracted/plantwild/images/blueberry leaf/90.jpg,Blueberry___healthy,Grape___Black_rot,0.807300
plantwild/extracted/plantwild/images/blueberry leaf/91.jpg,Blueberry___healthy,"Pepper,_bell___healthy",0.877530
plantwild/extracted/plantwild/images/blueberry leaf/92.jpg,Blueberry___healthy,"Pepper,_bell___healthy",0.354967
plantwild/extracted/plantwild/images/blueberry leaf/93.jpg,Blueberry___healthy,Tomato___Septoria_leaf_spot,0.186878
plantwild/extracted/plantwild/images/blueberry leaf/94.jpg,Blueberry___healthy,Cherry___healthy,0.872410
plantwild/extracted/plantwild/images/blueberry leaf/96.jpg,Blueberry___healthy,Strawberry___Leaf_scorch,0.769776
plantwild/extracted/plantwild/images/blueberry leaf/97.jpg,Blueberry___healthy,Tomato___Early_blight,0.902564
plantwild/extracted/plantwild/images/blueberry leaf/98.jpg,Blueberry___healthy,Grape___Esca_(Black_Measles),0.798846
plantwild/extracted/plantwild/images/blueberry leaf/99.jpg,Blueberry___healthy,Tomato___Early_blight,0.599043
plantwild/extracted/plantwild/images/blueberry leaf/google_0001.jpg,Blueberry___healthy,Tomato___Early_blight,0.717791
plantwild/extracted/plantwild/images/blueberry leaf/google_0004.jpg,Blueberry___healthy,Tomato___Early_blight,0.570282
plantwild/extracted/plantwild/images/blueberry leaf/google_0005.jpg,Blueberry___healthy,Tomato___Early_blight,0.309447
plantwild/extracted/plantwild/images/blueberry leaf/google_0006.jpg,Blueberry___healthy,Tomato___Early_blight,0.353373
plantwild/extracted/plantwild/images/blueberry leaf/google_0008.jpg,Blueberry___healthy,"Pepper,_bell___healthy",0.737198
plantwild/extracted/plantwild/images/blueberry leaf/google_0009.jpg,Blueberry___healthy,"Pepper,_bell___healthy",0.727401
plantwild/extracted/plantwild/images/blueberry leaf/google_0011.jpg,Blueberry___healthy,Cherry___healthy,0.902440
plantwild/extracted/plantwild/images/blueberry leaf/google_0012.jpg,Blueberry___healthy,"Pepper,_bell___healthy",0.433201
plantwild/extracted/plantwild/images/blueberry leaf/google_0013.jpg,Blueberry___healthy,Tomato___Early_blight,0.324190
plantwild/extracted/plantwild/images/blueberry leaf/google_0014.jpg,Blueberry___healthy,Cherry___healthy,0.373761
plantwild/extracted/plantwild/images/blueberry leaf/google_0015.jpg,Blueberry___healthy,Tomato___Early_blight,0.313098
plantwild/extracted/plantwild/images/blueberry leaf/google_0016.jpg,Blueberry___healthy,"Pepper,_bell___healthy",0.591788
plantwild/extracted/plantwild/images/blueberry leaf/google_0019.jpg,Blueberry___healthy,"Pepper,_bell___healthy",0.761519
plantwild/extracted/plantwild/images/blueberry leaf/google_0020.jpg,Blueberry___healthy,Cherry___healthy,0.904839
plantwild/extracted/plantwild/images/blueberry leaf/google_0021.jpg,Blueberry___healthy,Tomato___Early_blight,0.258504
plantwild/extracted/plantwild/images/blueberry leaf/google_0022.jpg,Blueberry___healthy,"Pepper,_bell___healthy",0.884792
plantwild/extracted/plantwild/images/blueberry leaf/google_0023.jpg,Blueberry___healthy,Tomato___Septoria_leaf_spot,0.131333
plantwild/extracted/plantwild/images/blueberry leaf/google_0024.jpg,Blueberry___healthy,"Pepper,_bell___healthy",0.908555
plantwild/extracted/plantwild/images/blueberry leaf/google_0026.jpg,Blueberry___healthy,"Pepper,_bell___healthy",0.909903
plantwild/extracted/plantwild/images/blueberry leaf/google_0028.jpg,Blueberry___healthy,Strawberry___Leaf_scorch,0.905400
plantwild/extracted/plantwild/images/blueberry leaf/google_0031.jpg,Blueberry___healthy,Blueberry___healthy,0.328844
plantwild/extracted/plantwild/images/blueberry leaf/google_0036.jpg,Blueberry___healthy,Tomato___Early_blight,0.880915
plantwild/extracted/plantwild/images/blueberry leaf/google_0038.jpg,Blueberry___healthy,Tomato___Septoria_leaf_spot,0.216169
plantwild/extracted/plantwild/images/blueberry leaf/google_0041.jpg,Blueberry___healthy,"Pepper,_bell___healthy",0.904710
plantwild/extracted/plantwild/images/blueberry leaf/google_0046.jpg,Blueberry___healthy,Cherry___healthy,0.859407
plantwild/extracted/plantwild/images/blueberry leaf/google_0047.jpg,Blueberry___healthy,"Pepper,_bell___healthy",0.932562
plantwild/extracted/plantwild/images/blueberry leaf/google_0058.jpg,Blueberry___healthy,"Pepper,_bell___healthy",0.895122
plantwild/extracted/plantwild/images/blueberry leaf/google_0059.jpg,Blueberry___healthy,Tomato___Septoria_leaf_spot,0.215479
plantwild/extracted/plantwild/images/blueberry leaf/google_0066.jpg,Blueberry___healthy,Blueberry___healthy,0.741392
plantwild/extracted/plantwild/images/blueberry leaf/google_0068.jpg,Blueberry___healthy,Tomato___Septoria_leaf_spot,0.181355
plantwild/extracted/plantwild/images/blueberry leaf/google_0073.jpg,Blueberry___healthy,Cherry___healthy,0.489936
plantwild/extracted/plantwild/images/blueberry leaf/google_0086.jpg,Blueberry___healthy,Tomato___Septoria_leaf_spot,0.319143
plantwild/extracted/plantwild/images/blueberry leaf/google_0087.jpg,Blueberry___healthy,Blueberry___healthy,0.951933
plantwild/extracted/plantwild/images/blueberry leaf/google_0099.jpg,Blueberry___healthy,Cherry___healthy,0.933311
plantwild/extracted/plantwild/images/blueberry leaf/google_0103.jpg,Blueberry___healthy,Tomato___Septoria_leaf_spot,0.178911
plantwild/extracted/plantwild/images/blueberry leaf/google_0105.jpg,Blueberry___healthy,Tomato___Early_blight,0.308712
plantwild/extracted/plantwild/images/blueberry leaf/google_0109.jpg,Blueberry___healthy,Tomato___Septoria_leaf_spot,0.116252
plantwild/extracted/plantwild/images/blueberry leaf/google_0115.jpg,Blueberry___healthy,Grape___Black_rot,0.811808
plantwild/extracted/plantwild/images/blueberry leaf/google_0116.jpg,Blueberry___healthy,Cherry___healthy,0.622695
plantwild/extracted/plantwild/images/blueberry leaf/google_0121.jpg,Blueberry___healthy,Tomato___Septoria_leaf_spot,0.167757
plantwild/extracted/plantwild/images/blueberry leaf/google_0127.jpg,Blueberry___healthy,"Pepper,_bell___healthy",0.910174
plantwild/extracted/plantwild/images/blueberry leaf/google_0132.jpg,Blueberry___healthy,"Pepper,_bell___healthy",0.938160
plantwild/extracted/plantwild/images/blueberry leaf/google_0133.jpg,Blueberry___healthy,Tomato___Early_blight,0.830903
plantwild/extracted/plantwild/images/blueberry leaf/google_0135.jpg,Blueberry___healthy,Cherry___healthy,0.943026
plantwild/extracted/plantwild/images/blueberry leaf/google_0137.jpg,Blueberry___healthy,"Pepper,_bell___healthy",0.737452
plantwild/extracted/plantwild/images/blueberry leaf/google_0140.jpg,Blueberry___healthy,Tomato___Septoria_leaf_spot,0.090121
plantwild/extracted/plantwild/images/blueberry leaf/google_0143.jpg,Blueberry___healthy,Grape___Black_rot,0.927822
plantwild/extracted/plantwild/images/blueberry leaf/google_0144.jpg,Blueberry___healthy,"Pepper,_bell___healthy",0.948947
plantwild/extracted/plantwild/images/blueberry leaf/google_0145.jpg,Blueberry___healthy,Cherry___healthy,0.519922
plantwild/extracted/plantwild/images/blueberry leaf/google_0165.jpg,Blueberry___healthy,"Pepper,_bell___healthy",0.890338
plantwild/extracted/plantwild/images/blueberry leaf/google_0169.jpg,Blueberry___healthy,Tomato___Septoria_leaf_spot,0.224716
plantwild/extracted/plantwild/images/blueberry leaf/google_0171.jpg,Blueberry___healthy,Cherry___healthy,0.948895
plantwild/extracted/plantwild/images/blueberry leaf/google_0181.jpg,Blueberry___healthy,Tomato___Septoria_leaf_spot,0.373183
plantwild/extracted/plantwild/images/blueberry leaf/google_0185.jpg,Blueberry___healthy,"Pepper,_bell___healthy",0.338362
plantwild/extracted/plantwild/images/blueberry leaf/google_0190.jpg,Blueberry___healthy,Cherry___healthy,0.908366
plantwild/extracted/plantwild/images/blueberry leaf/google_0195.jpg,Blueberry___healthy,Blueberry___healthy,0.921663
plantwild/extracted/plantwild/images/blueberry leaf/google_0196.jpg,Blueberry___healthy,Tomato___Septoria_leaf_spot,0.216531
plantwild/extracted/plantwild/images/blueberry leaf/google_0199.jpg,Blueberry___healthy,"Pepper,_bell___healthy",0.934758
plantwild/extracted/plantwild/images/blueberry leaf/google_0206.jpg,Blueberry___healthy,"Pepper,_bell___healthy",0.886960
plantwild/extracted/plantwild/images/blueberry leaf/google_0210.jpg,Blueberry___healthy,Cherry___healthy,0.931100
plantwild/extracted/plantwild/images/blueberry leaf/google_0219.jpg,Blueberry___healthy,Tomato___Septoria_leaf_spot,0.255548
plantwild/extracted/plantwild/images/blueberry leaf/google_0226.jpg,Blueberry___healthy,Corn___healthy,0.684377
plantwild/extracted/plantwild/images/blueberry leaf/google_0239.jpg,Blueberry___healthy,"Pepper,_bell___healthy",0.868470
plantwild/extracted/plantwild/images/blueberry leaf/google_0240.jpg,Blueberry___healthy,Cherry___healthy,0.357312
plantwild/extracted/plantwild/images/blueberry leaf/google_0243.jpg,Blueberry___healthy,Strawberry___Leaf_scorch,0.938389
plantwild/extracted/plantwild/images/blueberry leaf/google_0246.jpg,Blueberry___healthy,Grape___Black_rot,0.671506
plantwild/extracted/plantwild/images/blueberry leaf/google_0253.jpg,Blueberry___healthy,"Pepper,_bell___healthy",0.706932
plantwild/extracted/plantwild/images/blueberry leaf/google_0279.jpg,Blueberry___healthy,Cherry___healthy,0.767231
plantwild/extracted/plantwild/images/blueberry leaf/google_0283.jpg,Blueberry___healthy,Strawberry___Leaf_scorch,0.701666
plantwild/extracted/plantwild/images/blueberry leaf/google_0287.jpg,Blueberry___healthy,Cherry___healthy,0.932839
plantwild/extracted/plantwild/images/blueberry leaf/google_0290.jpg,Blueberry___healthy,Cherry___healthy,0.778693
plantwild/extracted/plantwild/images/blueberry leaf/google_0291.jpg,Blueberry___healthy,Tomato___Septoria_leaf_spot,0.215526
plantwild/extracted/plantwild/images/blueberry leaf/google_0292.jpg,Blueberry___healthy,Cherry___healthy,0.878494
plantwild/extracted/plantwild/images/blueberry leaf/google_0308.jpg,Blueberry___healthy,Grape___Black_rot,0.503307
plantwild/extracted/plantwild/images/blueberry leaf/google_0309.jpg,Blueberry___healthy,Cherry___healthy,0.950462
plantwild/extracted/plantwild/images/blueberry leaf/google_0315.jpg,Blueberry___healthy,"Pepper,_bell___healthy",0.945846
plantwild/extracted/plantwild/images/blueberry leaf/google_0316.jpg,Blueberry___healthy,"Pepper,_bell___healthy",0.779363
plantwild/extracted/plantwild/images/blueberry leaf/google_0319.jpg,Blueberry___healthy,Tomato___Septoria_leaf_spot,0.393382
plantwild/extracted/plantwild/images/blueberry leaf/google_0331.jpg,Blueberry___healthy,Cherry___healthy,0.392268
plantwild/extracted/plantwild/images/blueberry leaf/google_0336.jpg,Blueberry___healthy,Cherry___healthy,0.835988
plantwild/extracted/plantwild/images/blueberry leaf/google_0355.jpg,Blueberry___healthy,"Pepper,_bell___healthy",0.546734
plantwild/extracted/plantwild/images/blueberry leaf/google_0360.jpg,Blueberry___healthy,Tomato___healthy,0.785533
plantwild/extracted/plantwild/images/blueberry leaf/google_0374.jpg,Blueberry___healthy,Tomato___Early_blight,0.856385
plantwild/extracted/plantwild/images/blueberry leaf/google_0381.jpg,Blueberry___healthy,Tomato___Septoria_leaf_spot,0.200391
plantwild/extracted/plantwild/images/blueberry leaf/google_0398.jpg,Blueberry___healthy,Tomato___Target_Spot,0.090218
plantwild/extracted/plantwild/images/blueberry leaf/google_0399.jpg,Blueberry___healthy,Tomato___Septoria_leaf_spot,0.190571
plantwild/extracted/plantwild/images/blueberry leaf/google_0402.jpg,Blueberry___healthy,"Pepper,_bell___healthy",0.901019
plantwild/extracted/plantwild/images/blueberry leaf/google_0414.jpg,Blueberry___healthy,Tomato___Septoria_leaf_spot,0.215862
plantwild/extracted/plantwild/images/blueberry leaf/google_0419.jpg,Blueberry___healthy,Cherry___healthy,0.782572
plantwild/extracted/plantwild/images/blueberry leaf/google_0431.jpg,Blueberry___healthy,Grape___Black_rot,0.868026
plantwild/extracted/plantwild/images/blueberry leaf/google_0441.jpg,Blueberry___healthy,Tomato___Septoria_leaf_spot,0.246355
plantwild/extracted/plantwild/images/blueberry leaf/google_0454.jpg,Blueberry___healthy,Tomato___Septoria_leaf_spot,0.219401
plantwild/extracted/plantwild/images/blueberry leaf/google_0455.jpg,Blueberry___healthy,"Pepper,_bell___healthy",0.937360
plantwild/extracted/plantwild/images/blueberry leaf/google_0481.jpg,Blueberry___healthy,Cherry___healthy,0.928163
plantwild/extracted/plantwild/images/blueberry leaf/google_0482.jpg,Blueberry___healthy,"Pepper,_bell___healthy",0.627643
plantwild/extracted/plantwild/images/blueberry leaf/google_0496.jpg,Blueberry___healthy,Tomato___Early_blight,0.370846
plantwild/extracted/plantwild/images/blueberry leaf/google_0497.jpg,Blueberry___healthy,Cherry___healthy,0.941316
plantwild/extracted/plantwild/images/blueberry leaf/google_0498.jpg,Blueberry___healthy,Tomato___Septoria_leaf_spot,0.629715
plantwild/extracted/plantwild/images/blueberry leaf/google_0500.jpg,Blueberry___healthy,Strawberry___Leaf_scorch,0.615473
plantwild/extracted/plantwild/images/blueberry leaf/google_0501.jpg,Blueberry___healthy,Strawberry___Leaf_scorch,0.713851
plantwild/extracted/plantwild/images/blueberry leaf/google_0502.jpg,Blueberry___healthy,Tomato___Late_blight,0.938958
plantwild/extracted/plantwild/images/blueberry leaf/google_0503.jpg,Blueberry___healthy,"Pepper,_bell___healthy",0.563940
plantwild/extracted/plantwild/images/blueberry leaf/google_0504.jpg,Blueberry___healthy,Tomato___Tomato_Yellow_Leaf_Curl_Virus,0.169149
plantwild/extracted/plantwild/images/cherry leaf/1.jpg,Cherry___healthy,Tomato___Septoria_leaf_spot,0.234785
plantwild/extracted/plantwild/images/cherry leaf/10.jpg,Cherry___healthy,Tomato___Septoria_leaf_spot,0.191382
plantwild/extracted/plantwild/images/cherry leaf/100.jpg,Cherry___healthy,"Pepper,_bell___healthy",0.843653
plantwild/extracted/plantwild/images/cherry leaf/101.jpg,Cherry___healthy,Tomato___Early_blight,0.534531
plantwild/extracted/plantwild/images/cherry leaf/102.jpg,Cherry___healthy,Tomato___Septoria_leaf_spot,0.255955
plantwild/extracted/plantwild/images/cherry leaf/103.jpg,Cherry___healthy,Grape___Esca_(Black_Measles),0.950587
plantwild/extracted/plantwild/images/cherry leaf/104.jpg,Cherry___healthy,Grape___Esca_(Black_Measles),0.719992
plantwild/extracted/plantwild/images/cherry leaf/105.jpg,Cherry___healthy,"Pepper,_bell___healthy",0.947293
plantwild/extracted/plantwild/images/cherry leaf/106.jpg,Cherry___healthy,Tomato___healthy,0.491620
plantwild/extracted/plantwild/images/cherry leaf/107.jpg,Cherry___healthy,"Pepper,_bell___healthy",0.898818
plantwild/extracted/plantwild/images/cherry leaf/108.jpg,Cherry___healthy,Tomato___Late_blight,0.145260
plantwild/extracted/plantwild/images/cherry leaf/109.jpg,Cherry___healthy,Tomato___Early_blight,0.192966
plantwild/extracted/plantwild/images/cherry leaf/11.jpg,Cherry___healthy,Tomato___Late_blight,0.113443
plantwild/extracted/plantwild/images/cherry leaf/110.jpg,Cherry___healthy,"Pepper,_bell___healthy",0.935454
plantwild/extracted/plantwild/images/cherry leaf/111.jpg,Cherry___healthy,"Pepper,_bell___healthy",0.853004
plantwild/extracted/plantwild/images/cherry leaf/112.jpg,Cherry___healthy,Apple___Black_rot,0.781011
plantwild/extracted/plantwild/images/cherry leaf/114.jpg,Cherry___healthy,"Pepper,_bell___healthy",0.952629
plantwild/extracted/plantwild/images/cherry leaf/115.jpg,Cherry___healthy,Tomato___Early_blight,0.664428
plantwild/extracted/plantwild/images/cherry leaf/116.jpg,Cherry___healthy,"Pepper,_bell___healthy",0.691779
plantwild/extracted/plantwild/images/cherry leaf/117.jpg,Cherry___healthy,"Pepper,_bell___healthy",0.195730
plantwild/extracted/plantwild/images/cherry leaf/118.jpg,Cherry___healthy,Strawberry___Leaf_scorch,0.910915
plantwild/extracted/plantwild/images/cherry leaf/119.jpg,Cherry___healthy,"Pepper,_bell___healthy",0.585079
plantwild/extracted/plantwild/images/cherry leaf/12.jpg,Cherry___healthy,Tomato___Septoria_leaf_spot,0.295948
plantwild/extracted/plantwild/images/cherry leaf/120.jpg,Cherry___healthy,Corn___healthy,0.455418
plantwild/extracted/plantwild/images/cherry leaf/121.jpg,Cherry___healthy,Tomato___Septoria_leaf_spot,0.212964
plantwild/extracted/plantwild/images/cherry leaf/122.jpg,Cherry___healthy,"Pepper,_bell___healthy",0.798646
plantwild/extracted/plantwild/images/cherry leaf/123.jpg,Cherry___healthy,"Pepper,_bell___healthy",0.747504
plantwild/extracted/plantwild/images/cherry leaf/124.jpg,Cherry___healthy,"Pepper,_bell___healthy",0.922132
plantwild/extracted/plantwild/images/cherry leaf/125.jpg,Cherry___healthy,Apple___Black_rot,0.549376
plantwild/extracted/plantwild/images/cherry leaf/126.jpg,Cherry___healthy,Tomato___Early_blight,0.262031
plantwild/extracted/plantwild/images/cherry leaf/127.jpg,Cherry___healthy,Cherry___healthy,0.644841
plantwild/extracted/plantwild/images/cherry leaf/128.jpg,Cherry___healthy,"Pepper,_bell___healthy",0.676527
plantwild/extracted/plantwild/images/cherry leaf/129.jpg,Cherry___healthy,Tomato___healthy,0.808666
plantwild/extracted/plantwild/images/cherry leaf/13.jpg,Cherry___healthy,Tomato___Septoria_leaf_spot,0.278576
plantwild/extracted/plantwild/images/cherry leaf/130.jpg,Cherry___healthy,Tomato___Septoria_leaf_spot,0.277050
plantwild/extracted/plantwild/images/cherry leaf/131.jpg,Cherry___healthy,Tomato___healthy,0.457370
plantwild/extracted/plantwild/images/cherry leaf/132.jpg,Cherry___healthy,Grape___Esca_(Black_Measles),0.371213
plantwild/extracted/plantwild/images/cherry leaf/133.jpg,Cherry___healthy,Apple___Black_rot,0.368170
plantwild/extracted/plantwild/images/cherry leaf/134.jpg,Cherry___healthy,Cherry___healthy,0.862337
plantwild/extracted/plantwild/images/cherry leaf/135.jpg,Cherry___healthy,Tomato___healthy,0.831650
plantwild/extracted/plantwild/images/cherry leaf/136.jpg,Cherry___healthy,Tomato___healthy,0.596574
plantwild/extracted/plantwild/images/cherry leaf/137.jpg,Cherry___healthy,Grape___Esca_(Black_Measles),0.806364
plantwild/extracted/plantwild/images/cherry leaf/138.jpg,Cherry___healthy,"Pepper,_bell___healthy",0.735966
plantwild/extracted/plantwild/images/cherry leaf/139.jpg,Cherry___healthy,Tomato___healthy,0.413188
plantwild/extracted/plantwild/images/cherry leaf/14.jpg,Cherry___healthy,"Pepper,_bell___healthy",0.916266
plantwild/extracted/plantwild/images/cherry leaf/140.jpg,Cherry___healthy,Grape___Esca_(Black_Measles),0.939309
plantwild/extracted/plantwild/images/cherry leaf/141.jpg,Cherry___healthy,"Pepper,_bell___healthy",0.856086
plantwild/extracted/plantwild/images/cherry leaf/143.jpg,Cherry___healthy,"Pepper,_bell___healthy",0.801996
plantwild/extracted/plantwild/images/cherry leaf/144.jpg,Cherry___healthy,Corn___healthy,0.730378
plantwild/extracted/plantwild/images/cherry leaf/145.jpg,Cherry___healthy,Cherry___healthy,0.935099
plantwild/extracted/plantwild/images/cherry leaf/146.jpg,Cherry___healthy,Cherry___healthy,0.235795
plantwild/extracted/plantwild/images/cherry leaf/15.jpg,Cherry___healthy,"Pepper,_bell___healthy",0.726960
plantwild/extracted/plantwild/images/cherry leaf/157.jpg,Cherry___healthy,Cherry___healthy,0.873935
plantwild/extracted/plantwild/images/cherry leaf/16.jpg,Cherry___healthy,Tomato___Septoria_leaf_spot,0.134717
plantwild/extracted/plantwild/images/cherry leaf/161.jpg,Cherry___healthy,Grape___Esca_(Black_Measles),0.941248
plantwild/extracted/plantwild/images/cherry leaf/165.jpg,Cherry___healthy,Tomato___Early_blight,0.400385
plantwild/extracted/plantwild/images/cherry leaf/166.jpg,Cherry___healthy,"Pepper,_bell___healthy",0.907259
plantwild/extracted/plantwild/images/cherry leaf/167.jpg,Cherry___healthy,Grape___Esca_(Black_Measles),0.947702
plantwild/extracted/plantwild/images/cherry leaf/168.jpg,Cherry___healthy,Tomato___Septoria_leaf_spot,0.185488
plantwild/extracted/plantwild/images/cherry leaf/17.jpg,Cherry___healthy,Strawberry___Leaf_scorch,0.859763
plantwild/extracted/plantwild/images/cherry leaf/170.jpg,Cherry___healthy,Grape___Esca_(Black_Measles),0.947702
plantwild/extracted/plantwild/images/cherry leaf/171.jpg,Cherry___healthy,Tomato___Septoria_leaf_spot,0.185488
plantwild/extracted/plantwild/images/cherry leaf/172.jpg,Cherry___healthy,Grape___Esca_(Black_Measles),0.953829
plantwild/extracted/plantwild/images/cherry leaf/173.jpg,Cherry___healthy,Tomato___Septoria_leaf_spot,0.145785
plantwild/extracted/plantwild/images/cherry leaf/174.jpg,Cherry___healthy,Tomato___Tomato_Yellow_Leaf_Curl_Virus,0.139725
plantwild/extracted/plantwild/images/cherry leaf/175.jpg,Cherry___healthy,Tomato___Early_blight,0.181518
plantwild/extracted/plantwild/images/cherry leaf/176.jpg,Cherry___healthy,Tomato___Septoria_leaf_spot,0.087991
plantwild/extracted/plantwild/images/cherry leaf/177.jpg,Cherry___healthy,Tomato___Septoria_leaf_spot,0.165963
plantwild/extracted/plantwild/images/cherry leaf/178.jpg,Cherry___healthy,Tomato___Septoria_leaf_spot,0.201605
plantwild/extracted/plantwild/images/cherry leaf/18.jpg,Cherry___healthy,Tomato___Septoria_leaf_spot,0.172975
plantwild/extracted/plantwild/images/cherry leaf/180.jpg,Cherry___healthy,Tomato___Septoria_leaf_spot,0.144809
plantwild/extracted/plantwild/images/cherry leaf/181.jpg,Cherry___healthy,"Pepper,_bell___healthy",0.794649
plantwild/extracted/plantwild/images/cherry leaf/182.jpg,Cherry___healthy,Tomato___Septoria_leaf_spot,0.180585
plantwild/extracted/plantwild/images/cherry leaf/183.jpg,Cherry___healthy,Tomato___Septoria_leaf_spot,0.213461
plantwild/extracted/plantwild/images/cherry leaf/184.jpg,Cherry___healthy,Tomato___Septoria_leaf_spot,0.175623
plantwild/extracted/plantwild/images/cherry leaf/185.jpg,Cherry___healthy,"Pepper,_bell___healthy",0.761772
plantwild/extracted/plantwild/images/cherry leaf/186.jpg,Cherry___healthy,Tomato___Septoria_leaf_spot,0.140739
plantwild/extracted/plantwild/images/cherry leaf/187.jpg,Cherry___healthy,Tomato___Septoria_leaf_spot,0.156848
plantwild/extracted/plantwild/images/cherry leaf/188.jpg,Cherry___healthy,Tomato___Septoria_leaf_spot,0.314809
plantwild/extracted/plantwild/images/cherry leaf/19.jpg,Cherry___healthy,"Pepper,_bell___healthy",0.885264
plantwild/extracted/plantwild/images/cherry leaf/191.jpg,Cherry___healthy,"Pepper,_bell___healthy",0.918439
plantwild/extracted/plantwild/images/cherry leaf/192.jpg,Cherry___healthy,Tomato___Septoria_leaf_spot,0.111243
plantwild/extracted/plantwild/images/cherry leaf/193.jpg,Cherry___healthy,Tomato___Septoria_leaf_spot,0.167151
plantwild/extracted/plantwild/images/cherry leaf/194.jpg,Cherry___healthy,Tomato___Septoria_leaf_spot,0.266635
plantwild/extracted/plantwild/images/cherry leaf/195.jpg,Cherry___healthy,Grape___Black_rot,0.566310
plantwild/extracted/plantwild/images/cherry leaf/2.jpg,Cherry___healthy,"Pepper,_bell___healthy",0.619218
plantwild/extracted/plantwild/images/cherry leaf/20.jpg,Cherry___healthy,Tomato___Septoria_leaf_spot,0.210010
plantwild/extracted/plantwild/images/cherry leaf/21.jpg,Cherry___healthy,Tomato___Early_blight,0.220726
plantwild/extracted/plantwild/images/cherry leaf/22.jpg,Cherry___healthy,Tomato___Septoria_leaf_spot,0.179800
plantwild/extracted/plantwild/images/cherry leaf/23.jpg,Cherry___healthy,Tomato___Septoria_leaf_spot,0.171086
plantwild/extracted/plantwild/images/cherry leaf/24.jpg,Cherry___healthy,Tomato___Early_blight,0.295072
plantwild/extracted/plantwild/images/cherry leaf/25.jpg,Cherry___healthy,Tomato___Early_blight,0.432013
plantwild/extracted/plantwild/images/cherry leaf/26.jpg,Cherry___healthy,Tomato___Septoria_leaf_spot,0.217036
plantwild/extracted/plantwild/images/cherry leaf/27.jpg,Cherry___healthy,Tomato___Late_blight,0.285201
plantwild/extracted/plantwild/images/cherry leaf/28.jpg,Cherry___healthy,Tomato___Septoria_leaf_spot,0.193542
plantwild/extracted/plantwild/images/cherry leaf/29.jpg,Cherry___healthy,"Pepper,_bell___healthy",0.695242
plantwild/extracted/plantwild/images/cherry leaf/3.jpg,Cherry___healthy,"Pepper,_bell___healthy",0.264981
plantwild/extracted/plantwild/images/cherry leaf/30.jpg,Cherry___healthy,Strawberry___Leaf_scorch,0.922039
plantwild/extracted/plantwild/images/cherry leaf/31.jpg,Cherry___healthy,Tomato___Septoria_leaf_spot,0.241353
plantwild/extracted/plantwild/images/cherry leaf/32.jpg,Cherry___healthy,Cherry___healthy,0.785294
plantwild/extracted/plantwild/images/cherry leaf/33.jpg,Cherry___healthy,Tomato___Septoria_leaf_spot,0.196267
plantwild/extracted/plantwild/images/cherry leaf/34.jpg,Cherry___healthy,"Pepper,_bell___healthy",0.876637
plantwild/extracted/plantwild/images/cherry leaf/35.jpg,Cherry___healthy,"Pepper,_bell___healthy",0.770479
plantwild/extracted/plantwild/images/cherry leaf/36.jpg,Cherry___healthy,Tomato___Septoria_leaf_spot,0.150013
plantwild/extracted/plantwild/images/cherry leaf/37.jpg,Cherry___healthy,Strawberry___Leaf_scorch,0.823934
plantwild/extracted/plantwild/images/cherry leaf/38.jpg,Cherry___healthy,Tomato___Septoria_leaf_spot,0.277087
plantwild/extracted/plantwild/images/cherry leaf/39.jpg,Cherry___healthy,"Pepper,_bell___healthy",0.907436
plantwild/extracted/plantwild/images/cherry leaf/4.jpg,Cherry___healthy,Tomato___Septoria_leaf_spot,0.203973
plantwild/extracted/plantwild/images/cherry leaf/40.jpg,Cherry___healthy,Tomato___Septoria_leaf_spot,0.222276
plantwild/extracted/plantwild/images/cherry leaf/41.jpg,Cherry___healthy,"Pepper,_bell___healthy",0.868374
plantwild/extracted/plantwild/images/cherry leaf/42.jpg,Cherry___healthy,Tomato___Septoria_leaf_spot,0.087762
plantwild/extracted/plantwild/images/cherry leaf/44.jpg,Cherry___healthy,Tomato___Septoria_leaf_spot,0.252373
plantwild/extracted/plantwild/images/cherry leaf/45.jpg,Cherry___healthy,"Pepper,_bell___healthy",0.689925
plantwild/extracted/plantwild/images/cherry leaf/46.jpg,Cherry___healthy,Tomato___Septoria_leaf_spot,0.275335
plantwild/extracted/plantwild/images/cherry leaf/47.jpg,Cherry___healthy,Tomato___Septoria_leaf_spot,0.160197
plantwild/extracted/plantwild/images/cherry leaf/48.jpg,Cherry___healthy,Tomato___Septoria_leaf_spot,0.130115
plantwild/extracted/plantwild/images/cherry leaf/49.jpg,Cherry___healthy,Tomato___Septoria_leaf_spot,0.192753
plantwild/extracted/plantwild/images/cherry leaf/5.jpg,Cherry___healthy,Tomato___Septoria_leaf_spot,0.119023
plantwild/extracted/plantwild/images/cherry leaf/50.jpg,Cherry___healthy,Tomato___Early_blight,0.274477
plantwild/extracted/plantwild/images/cherry leaf/51.jpg,Cherry___healthy,Grape___Esca_(Black_Measles),0.774303
plantwild/extracted/plantwild/images/cherry leaf/52.jpg,Cherry___healthy,"Pepper,_bell___healthy",0.254711
plantwild/extracted/plantwild/images/cherry leaf/53.jpg,Cherry___healthy,"Pepper,_bell___healthy",0.514448
plantwild/extracted/plantwild/images/cherry leaf/54.jpg,Cherry___healthy,"Pepper,_bell___healthy",0.192897
plantwild/extracted/plantwild/images/cherry leaf/55.jpg,Cherry___healthy,Tomato___Septoria_leaf_spot,0.298655
plantwild/extracted/plantwild/images/cherry leaf/56.jpg,Cherry___healthy,Tomato___Septoria_leaf_spot,0.110137
plantwild/extracted/plantwild/images/cherry leaf/57.jpg,Cherry___healthy,Tomato___Septoria_leaf_spot,0.171601
plantwild/extracted/plantwild/images/cherry leaf/58.jpg,Cherry___healthy,Blueberry___healthy,0.945794
plantwild/extracted/plantwild/images/cherry leaf/59.jpg,Cherry___healthy,Cherry___healthy,0.908231
plantwild/extracted/plantwild/images/cherry leaf/6.jpg,Cherry___healthy,Tomato___Late_blight,0.099837
plantwild/extracted/plantwild/images/cherry leaf/60.jpg,Cherry___healthy,"Pepper,_bell___healthy",0.845424
plantwild/extracted/plantwild/images/cherry leaf/61.jpg,Cherry___healthy,Tomato___Septoria_leaf_spot,0.217664
plantwild/extracted/plantwild/images/cherry leaf/62.jpg,Cherry___healthy,Apple___Black_rot,0.470062
plantwild/extracted/plantwild/images/cherry leaf/63.jpg,Cherry___healthy,Tomato___Septoria_leaf_spot,0.237011
plantwild/extracted/plantwild/images/cherry leaf/64.jpg,Cherry___healthy,"Pepper,_bell___healthy",0.925084
plantwild/extracted/plantwild/images/cherry leaf/65.jpg,Cherry___healthy,Tomato___healthy,0.820588
plantwild/extracted/plantwild/images/cherry leaf/66.jpg,Cherry___healthy,"Pepper,_bell___healthy",0.931014
plantwild/extracted/plantwild/images/cherry leaf/67.jpg,Cherry___healthy,Grape___Black_rot,0.335678
plantwild/extracted/plantwild/images/cherry leaf/68.jpg,Cherry___healthy,Blueberry___healthy,0.869662
plantwild/extracted/plantwild/images/cherry leaf/69.jpg,Cherry___healthy,"Pepper,_bell___healthy",0.554445
plantwild/extracted/plantwild/images/cherry leaf/7.jpg,Cherry___healthy,"Pepper,_bell___healthy",0.600863
plantwild/extracted/plantwild/images/cherry leaf/70.jpg,Cherry___healthy,Tomato___Septoria_leaf_spot,0.147317
plantwild/extracted/plantwild/images/cherry leaf/71.jpg,Cherry___healthy,"Pepper,_bell___healthy",0.934372
plantwild/extracted/plantwild/images/cherry leaf/72.jpg,Cherry___healthy,Cherry___healthy,0.393329
plantwild/extracted/plantwild/images/cherry leaf/73.jpg,Cherry___healthy,Tomato___Late_blight,0.291575
plantwild/extracted/plantwild/images/cherry leaf/74.jpg,Cherry___healthy,Tomato___Late_blight,0.371473
plantwild/extracted/plantwild/images/cherry leaf/75.jpg,Cherry___healthy,"Pepper,_bell___healthy",0.425993
plantwild/extracted/plantwild/images/cherry leaf/76.jpg,Cherry___healthy,Tomato___Late_blight,0.383980
plantwild/extracted/plantwild/images/cherry leaf/77.jpg,Cherry___healthy,"Pepper,_bell___healthy",0.945501
plantwild/extracted/plantwild/images/cherry leaf/78.jpg,Cherry___healthy,"Pepper,_bell___healthy",0.589501
plantwild/extracted/plantwild/images/cherry leaf/79.jpg,Cherry___healthy,Corn___healthy,0.281417
plantwild/extracted/plantwild/images/cherry leaf/8.jpg,Cherry___healthy,Apple___Apple_scab,0.189218
plantwild/extracted/plantwild/images/cherry leaf/80.jpg,Cherry___healthy,Strawberry___Leaf_scorch,0.532890
plantwild/extracted/plantwild/images/cherry leaf/81.jpg,Cherry___healthy,Grape___Black_rot,0.503589
plantwild/extracted/plantwild/images/cherry leaf/82.jpg,Cherry___healthy,Tomato___Early_blight,0.428136
plantwild/extracted/plantwild/images/cherry leaf/83.jpg,Cherry___healthy,Tomato___healthy,0.853067
plantwild/extracted/plantwild/images/cherry leaf/84.jpg,Cherry___healthy,"Pepper,_bell___healthy",0.947667
plantwild/extracted/plantwild/images/cherry leaf/85.jpg,Cherry___healthy,"Pepper,_bell___healthy",0.460828
plantwild/extracted/plantwild/images/cherry leaf/86.jpg,Cherry___healthy,Blueberry___healthy,0.939150
plantwild/extracted/plantwild/images/cherry leaf/87.jpg,Cherry___healthy,Tomato___Septoria_leaf_spot,0.258654
plantwild/extracted/plantwild/images/cherry leaf/88.jpg,Cherry___healthy,"Pepper,_bell___healthy",0.896175
plantwild/extracted/plantwild/images/cherry leaf/89.jpg,Cherry___healthy,"Pepper,_bell___healthy",0.948905
plantwild/extracted/plantwild/images/cherry leaf/9.jpg,Cherry___healthy,"Pepper,_bell___healthy",0.642596
plantwild/extracted/plantwild/images/cherry leaf/90.jpg,Cherry___healthy,Tomato___Septoria_leaf_spot,0.145547
plantwild/extracted/plantwild/images/cherry leaf/91.jpg,Cherry___healthy,Tomato___Septoria_leaf_spot,0.313666
plantwild/extracted/plantwild/images/cherry leaf/92.jpg,Cherry___healthy,Strawberry___Leaf_scorch,0.694243
plantwild/extracted/plantwild/images/cherry leaf/93.jpg,Cherry___healthy,"Pepper,_bell___healthy",0.362510
plantwild/extracted/plantwild/images/cherry leaf/94.jpg,Cherry___healthy,"Pepper,_bell___healthy",0.803566
plantwild/extracted/plantwild/images/cherry leaf/95.jpg,Cherry___healthy,Corn___healthy,0.361926
plantwild/extracted/plantwild/images/cherry leaf/96.jpg,Cherry___healthy,Tomato___healthy,0.938041
plantwild/extracted/plantwild/images/cherry leaf/97.jpg,Cherry___healthy,Tomato___healthy,0.301449
plantwild/extracted/plantwild/images/cherry leaf/98.jpg,Cherry___healthy,"Pepper,_bell___healthy",0.908327
plantwild/extracted/plantwild/images/cherry leaf/99.jpg,Cherry___healthy,Tomato___Early_blight,0.656660
plantwild/extracted/plantwild/images/cherry leaf/google_0000.jpg,Cherry___healthy,Tomato___Early_blight,0.384771
plantwild/extracted/plantwild/images/cherry leaf/google_0001.jpg,Cherry___healthy,"Pepper,_bell___healthy",0.920797
plantwild/extracted/plantwild/images/cherry leaf/google_0002.jpg,Cherry___healthy,Tomato___Septoria_leaf_spot,0.210208
plantwild/extracted/plantwild/images/cherry leaf/google_0004.jpg,Cherry___healthy,Tomato___Late_blight,0.169543
plantwild/extracted/plantwild/images/cherry leaf/google_0005.jpg,Cherry___healthy,"Pepper,_bell___healthy",0.806208
plantwild/extracted/plantwild/images/cherry leaf/google_0006.jpg,Cherry___healthy,"Pepper,_bell___healthy",0.942042
plantwild/extracted/plantwild/images/cherry leaf/google_0007.jpg,Cherry___healthy,"Pepper,_bell___healthy",0.511872
plantwild/extracted/plantwild/images/cherry leaf/google_0008.jpg,Cherry___healthy,"Pepper,_bell___healthy",0.564840
plantwild/extracted/plantwild/images/cherry leaf/google_0009.jpg,Cherry___healthy,Tomato___Septoria_leaf_spot,0.168252
plantwild/extracted/plantwild/images/cherry leaf/google_0011.jpg,Cherry___healthy,Tomato___Septoria_leaf_spot,0.291624
plantwild/extracted/plantwild/images/cherry leaf/google_0012.jpg,Cherry___healthy,"Pepper,_bell___healthy",0.520098
plantwild/extracted/plantwild/images/cherry leaf/google_0014.jpg,Cherry___healthy,Tomato___Septoria_leaf_spot,0.138108
plantwild/extracted/plantwild/images/cherry leaf/google_0015.jpg,Cherry___healthy,Blueberry___healthy,0.956141
plantwild/extracted/plantwild/images/cherry leaf/google_0016.jpg,Cherry___healthy,Tomato___Septoria_leaf_spot,0.226316
plantwild/extracted/plantwild/images/cherry leaf/google_0017.jpg,Cherry___healthy,"Pepper,_bell___healthy",0.917583
plantwild/extracted/plantwild/images/cherry leaf/google_0018.jpg,Cherry___healthy,Corn___healthy,0.943954
plantwild/extracted/plantwild/images/cherry leaf/google_0026.jpg,Cherry___healthy,"Pepper,_bell___healthy",0.948536
plantwild/extracted/plantwild/images/cherry leaf/google_0031.jpg,Cherry___healthy,"Pepper,_bell___healthy",0.941401
plantwild/extracted/plantwild/images/cherry leaf/google_0033.jpg,Cherry___healthy,Tomato___Septoria_leaf_spot,0.208195
plantwild/extracted/plantwild/images/cherry leaf/google_0036.jpg,Cherry___healthy,Tomato___Septoria_leaf_spot,0.314367
plantwild/extracted/plantwild/images/cherry leaf/google_0041.jpg,Cherry___healthy,Tomato___healthy,0.366573
plantwild/extracted/plantwild/images/cherry leaf/google_0042.jpg,Cherry___healthy,Tomato___Early_blight,0.197591
plantwild/extracted/plantwild/images/cherry leaf/google_0043.jpg,Cherry___healthy,"Pepper,_bell___healthy",0.477258
plantwild/extracted/plantwild/images/cherry leaf/google_0045.jpg,Cherry___healthy,"Pepper,_bell___healthy",0.632078
plantwild/extracted/plantwild/images/cherry leaf/google_0048.jpg,Cherry___healthy,Tomato___Septoria_leaf_spot,0.199138
plantwild/extracted/plantwild/images/cherry leaf/google_0054.jpg,Cherry___healthy,Tomato___Septoria_leaf_spot,0.174494
plantwild/extracted/plantwild/images/cherry leaf/google_0055.jpg,Cherry___healthy,"Pepper,_bell___healthy",0.936423
plantwild/extracted/plantwild/images/cherry leaf/google_0056.jpg,Cherry___healthy,Raspberry___healthy,0.815472
plantwild/extracted/plantwild/images/cherry leaf/google_0057.jpg,Cherry___healthy,Tomato___Septoria_leaf_spot,0.154775
plantwild/extracted/plantwild/images/cherry leaf/google_0061.jpg,Cherry___healthy,Tomato___Early_blight,0.572703
plantwild/extracted/plantwild/images/cherry leaf/google_0062.jpg,Cherry___healthy,Tomato___Early_blight,0.471853
plantwild/extracted/plantwild/images/cherry leaf/google_0063.jpg,Cherry___healthy,Tomato___Septoria_leaf_spot,0.210909
plantwild/extracted/plantwild/images/cherry leaf/google_0068.jpg,Cherry___healthy,Corn___healthy,0.721337
plantwild/extracted/plantwild/images/cherry leaf/google_0069.jpg,Cherry___healthy,Corn___healthy,0.337013
plantwild/extracted/plantwild/images/cherry leaf/google_0071.jpg,Cherry___healthy,"Pepper,_bell___healthy",0.774530
plantwild/extracted/plantwild/images/cherry leaf/google_0078.jpg,Cherry___healthy,"Pepper,_bell___healthy",0.726991
plantwild/extracted/plantwild/images/cherry leaf/google_0079.jpg,Cherry___healthy,"Pepper,_bell___healthy",0.936209
plantwild/extracted/plantwild/images/cherry leaf/google_0084.jpg,Cherry___healthy,"Pepper,_bell___healthy",0.525902
plantwild/extracted/plantwild/images/cherry leaf/google_0087.jpg,Cherry___healthy,Tomato___healthy,0.315514
plantwild/extracted/plantwild/images/cherry leaf/google_0090.jpg,Cherry___healthy,"Pepper,_bell___healthy",0.585961
plantwild/extracted/plantwild/images/cherry leaf/google_0091.jpg,Cherry___healthy,Tomato___Septoria_leaf_spot,0.148070
plantwild/extracted/plantwild/images/cherry leaf/google_0106.jpg,Cherry___healthy,"Pepper,_bell___healthy",0.945762
plantwild/extracted/plantwild/images/cherry leaf/google_0107.jpg,Cherry___healthy,Strawberry___Leaf_scorch,0.773160
plantwild/extracted/plantwild/images/cherry leaf/google_0111.jpg,Cherry___healthy,"Pepper,_bell___healthy",0.914474
plantwild/extracted/plantwild/images/cherry leaf/google_0120.jpg,Cherry___healthy,Squash___Powdery_mildew,0.943941
plantwild/extracted/plantwild/images/cherry leaf/google_0121.jpg,Cherry___healthy,"Pepper,_bell___healthy",0.680740
plantwild/extracted/plantwild/images/cherry leaf/google_0123.jpg,Cherry___healthy,Strawberry___Leaf_scorch,0.559695
plantwild/extracted/plantwild/images/cherry leaf/google_0124.jpg,Cherry___healthy,Strawberry___Leaf_scorch,0.264185
plantwild/extracted/plantwild/images/cherry leaf/google_0128.jpg,Cherry___healthy,Corn___healthy,0.942390
plantwild/extracted/plantwild/images/cherry leaf/google_0129.jpg,Cherry___healthy,"Pepper,_bell___healthy",0.925594
plantwild/extracted/plantwild/images/cherry leaf/google_0147.jpg,Cherry___healthy,Grape___healthy,0.496477
plantwild/extracted/plantwild/images/cherry leaf/google_0149.jpg,Cherry___healthy,Tomato___Septoria_leaf_spot,0.229269
plantwild/extracted/plantwild/images/cherry leaf/google_0152.jpg,Cherry___healthy,Strawberry___Leaf_scorch,0.432540
plantwild/extracted/plantwild/images/cherry leaf/google_0156.jpg,Cherry___healthy,"Pepper,_bell___healthy",0.926532
plantwild/extracted/plantwild/images/cherry leaf/google_0158.jpg,Cherry___healthy,Tomato___Septoria_leaf_spot,0.185934
plantwild/extracted/plantwild/images/cherry leaf/google_0162.jpg,Cherry___healthy,"Pepper,_bell___healthy",0.581063
plantwild/extracted/plantwild/images/cherry leaf/google_0163.jpg,Cherry___healthy,Cherry___healthy,0.939261
plantwild/extracted/plantwild/images/cherry leaf/google_0165.jpg,Cherry___healthy,Tomato___Septoria_leaf_spot,0.140221
plantwild/extracted/plantwild/images/cherry leaf/google_0166.jpg,Cherry___healthy,Cherry___healthy,0.947259
plantwild/extracted/plantwild/images/cherry leaf/google_0173.jpg,Cherry___healthy,"Pepper,_bell___healthy",0.519544
plantwild/extracted/plantwild/images/cherry leaf/google_0182.jpg,Cherry___healthy,"Pepper,_bell___healthy",0.782603
plantwild/extracted/plantwild/images/cherry leaf/google_0184.jpg,Cherry___healthy,Tomato___Late_blight,0.545587
plantwild/extracted/plantwild/images/cherry leaf/google_0193.jpg,Cherry___healthy,"Pepper,_bell___healthy",0.944939
plantwild/extracted/plantwild/images/cherry leaf/google_0198.jpg,Cherry___healthy,"Pepper,_bell___healthy",0.808384
plantwild/extracted/plantwild/images/cherry leaf/google_0204.jpg,Cherry___healthy,"Pepper,_bell___healthy",0.949895
plantwild/extracted/plantwild/images/cherry leaf/google_0205.jpg,Cherry___healthy,Tomato___Septoria_leaf_spot,0.159770
plantwild/extracted/plantwild/images/cherry leaf/google_0209.jpg,Cherry___healthy,Strawberry___Leaf_scorch,0.468241
plantwild/extracted/plantwild/images/cherry leaf/google_0211.jpg,Cherry___healthy,Cherry___healthy,0.948750
plantwild/extracted/plantwild/images/cherry leaf/google_0212.jpg,Cherry___healthy,Strawberry___Leaf_scorch,0.894151
plantwild/extracted/plantwild/images/cherry leaf/google_0213.jpg,Cherry___healthy,"Pepper,_bell___healthy",0.937079
plantwild/extracted/plantwild/images/cherry leaf/google_0215.jpg,Cherry___healthy,Strawberry___Leaf_scorch,0.880153
plantwild/extracted/plantwild/images/cherry leaf/google_0220.jpg,Cherry___healthy,Tomato___Early_blight,0.204447
plantwild/extracted/plantwild/images/cherry leaf/google_0224.jpg,Cherry___healthy,Strawberry___Leaf_scorch,0.458398
plantwild/extracted/plantwild/images/cherry leaf/google_0225.jpg,Cherry___healthy,Tomato___Septoria_leaf_spot,0.191011
plantwild/extracted/plantwild/images/cherry leaf/google_0228.jpg,Cherry___healthy,Cherry___healthy,0.797421
plantwild/extracted/plantwild/images/cherry leaf/google_0229.jpg,Cherry___healthy,"Pepper,_bell___healthy",0.937324
plantwild/extracted/plantwild/images/cherry leaf/google_0236.jpg,Cherry___healthy,"Pepper,_bell___healthy",0.952334
plantwild/extracted/plantwild/images/cherry leaf/google_0237.jpg,Cherry___healthy,Tomato___Septoria_leaf_spot,0.190228
plantwild/extracted/plantwild/images/cherry leaf/google_0243.jpg,Cherry___healthy,"Pepper,_bell___healthy",0.904834
plantwild/extracted/plantwild/images/cherry leaf/google_0246.jpg,Cherry___healthy,Corn___Cercospora_leaf_spot Gray_leaf_spot,0.651503
plantwild/extracted/plantwild/images/cherry leaf/google_0249.jpg,Cherry___healthy,Corn___healthy,0.898720
plantwild/extracted/plantwild/images/cherry leaf/google_0256.jpg,Cherry___healthy,Strawberry___Leaf_scorch,0.859475
plantwild/extracted/plantwild/images/cherry leaf/google_0258.jpg,Cherry___healthy,"Pepper,_bell___healthy",0.467078
plantwild/extracted/plantwild/images/cherry leaf/google_0263.jpg,Cherry___healthy,"Pepper,_bell___healthy",0.927126
plantwild/extracted/plantwild/images/cherry leaf/google_0282.jpg,Cherry___healthy,Tomato___Septoria_leaf_spot,0.242292
plantwild/extracted/plantwild/images/cherry leaf/google_0285.jpg,Cherry___healthy,Tomato___Late_blight,0.894770
plantwild/extracted/plantwild/images/cherry leaf/google_0286.jpg,Cherry___healthy,"Pepper,_bell___healthy",0.848513
plantwild/extracted/plantwild/images/cherry leaf/google_0321.jpg,Cherry___healthy,"Pepper,_bell___healthy",0.914405
plantwild/extracted/plantwild/images/cherry leaf/google_0322.jpg,Cherry___healthy,"Pepper,_bell___healthy",0.247521
plantwild/extracted/plantwild/images/cherry leaf/google_0323.jpg,Cherry___healthy,Tomato___Septoria_leaf_spot,0.122192
plantwild/extracted/plantwild/images/cherry leaf/google_0332.jpg,Cherry___healthy,Corn___healthy,0.582157
plantwild/extracted/plantwild/images/cherry leaf/google_0335.jpg,Cherry___healthy,"Pepper,_bell___healthy",0.751659
plantwild/extracted/plantwild/images/cherry leaf/google_0348.jpg,Cherry___healthy,Tomato___Septoria_leaf_spot,0.159378
plantwild/extracted/plantwild/images/cherry leaf/google_0349.jpg,Cherry___healthy,Tomato___Septoria_leaf_spot,0.178098
plantwild/extracted/plantwild/images/cherry leaf/google_0350.jpg,Cherry___healthy,"Pepper,_bell___healthy",0.337534
plantwild/extracted/plantwild/images/cherry leaf/google_0358.jpg,Cherry___healthy,"Pepper,_bell___healthy",0.952048
plantwild/extracted/plantwild/images/cherry leaf/google_0369.jpg,Cherry___healthy,"Pepper,_bell___healthy",0.947630
plantwild/extracted/plantwild/images/cherry leaf/google_0371.jpg,Cherry___healthy,Tomato___healthy,0.289183
plantwild/extracted/plantwild/images/cherry leaf/google_0382.jpg,Cherry___healthy,Tomato___Early_blight,0.404920
plantwild/extracted/plantwild/images/cherry leaf/google_0386.jpg,Cherry___healthy,Tomato___Tomato_Yellow_Leaf_Curl_Virus,0.233449
plantwild/extracted/plantwild/images/cherry leaf/google_0399.jpg,Cherry___healthy,Orange___Haunglongbing_(Citrus_greening),0.928114
plantwild/extracted/plantwild/images/cherry leaf/google_0406.jpg,Cherry___healthy,Blueberry___healthy,0.561912
plantwild/extracted/plantwild/images/cherry leaf/google_0408.jpg,Cherry___healthy,"Pepper,_bell___healthy",0.785169
plantwild/extracted/plantwild/images/cherry leaf/google_0415.jpg,Cherry___healthy,Tomato___healthy,0.669470
plantwild/extracted/plantwild/images/cherry leaf/google_0425.jpg,Cherry___healthy,Cherry___healthy,0.921508
plantwild/extracted/plantwild/images/cherry leaf/google_0438.jpg,Cherry___healthy,"Pepper,_bell___healthy",0.660607
plantwild/extracted/plantwild/images/cherry leaf/google_0443.jpg,Cherry___healthy,"Pepper,_bell___healthy",0.672698
plantwild/extracted/plantwild/images/cherry leaf/google_0453.jpg,Cherry___healthy,Apple___healthy,0.584115
plantwild/extracted/plantwild/images/cherry leaf/google_0455.jpg,Cherry___healthy,Tomato___Septoria_leaf_spot,0.157528
plantwild/extracted/plantwild/images/cherry leaf/google_0456.jpg,Cherry___healthy,Tomato___Late_blight,0.133100
plantwild/extracted/plantwild/images/cherry leaf/google_0461.jpg,Cherry___healthy,Corn___healthy,0.920174
plantwild/extracted/plantwild/images/cherry leaf/google_0463.jpg,Cherry___healthy,"Pepper,_bell___healthy",0.780600
plantwild/extracted/plantwild/images/cherry leaf/google_0467.jpg,Cherry___healthy,Strawberry___Leaf_scorch,0.326188
plantwild/extracted/plantwild/images/cherry leaf/google_0477.jpg,Cherry___healthy,"Pepper,_bell___healthy",0.947838
plantwild/extracted/plantwild/images/cherry powdery mildew/10.jpg,Cherry___Powdery_mildew,Grape___Black_rot,0.276349
plantwild/extracted/plantwild/images/cherry powdery mildew/102.jpg,Cherry___Powdery_mildew,Cherry___healthy,0.941133
plantwild/extracted/plantwild/images/cherry powdery mildew/103.jpg,Cherry___Powdery_mildew,Cherry___healthy,0.863137
plantwild/extracted/plantwild/images/cherry powdery mildew/106.jpg,Cherry___Powdery_mildew,Cherry___healthy,0.758940
plantwild/extracted/plantwild/images/cherry powdery mildew/107.jpg,Cherry___Powdery_mildew,Cherry___healthy,0.660689
plantwild/extracted/plantwild/images/cherry powdery mildew/108.jpg,Cherry___Powdery_mildew,"Pepper,_bell___healthy",0.346051
plantwild/extracted/plantwild/images/cherry powdery mildew/109.jpg,Cherry___Powdery_mildew,Strawberry___Leaf_scorch,0.939974
plantwild/extracted/plantwild/images/cherry powdery mildew/12.jpg,Cherry___Powdery_mildew,Strawberry___Leaf_scorch,0.636788
plantwild/extracted/plantwild/images/cherry powdery mildew/13.jpg,Cherry___Powdery_mildew,Cherry___healthy,0.545485
plantwild/extracted/plantwild/images/cherry powdery mildew/14.jpg,Cherry___Powdery_mildew,Grape___Black_rot,0.564943
plantwild/extracted/plantwild/images/cherry powdery mildew/141.jpg,Cherry___Powdery_mildew,Strawberry___Leaf_scorch,0.641073
plantwild/extracted/plantwild/images/cherry powdery mildew/15.jpg,Cherry___Powdery_mildew,"Pepper,_bell___healthy",0.864015
plantwild/extracted/plantwild/images/cherry powdery mildew/16.jpg,Cherry___Powdery_mildew,Strawberry___Leaf_scorch,0.860097
plantwild/extracted/plantwild/images/cherry powdery mildew/17.jpg,Cherry___Powdery_mildew,Corn___healthy,0.946592
plantwild/extracted/plantwild/images/cherry powdery mildew/18.jpg,Cherry___Powdery_mildew,Cherry___healthy,0.425470
plantwild/extracted/plantwild/images/cherry powdery mildew/2.jpg,Cherry___Powdery_mildew,Cherry___healthy,0.803074
plantwild/extracted/plantwild/images/cherry powdery mildew/20.jpg,Cherry___Powdery_mildew,Cherry___healthy,0.877705
plantwild/extracted/plantwild/images/cherry powdery mildew/21.jpg,Cherry___Powdery_mildew,Grape___Black_rot,0.494261
plantwild/extracted/plantwild/images/cherry powdery mildew/22.jpg,Cherry___Powdery_mildew,Strawberry___Leaf_scorch,0.949392
plantwild/extracted/plantwild/images/cherry powdery mildew/24.jpg,Cherry___Powdery_mildew,Strawberry___Leaf_scorch,0.946083
plantwild/extracted/plantwild/images/cherry powdery mildew/25.jpg,Cherry___Powdery_mildew,Strawberry___Leaf_scorch,0.475136
plantwild/extracted/plantwild/images/cherry powdery mildew/26.jpg,Cherry___Powdery_mildew,"Pepper,_bell___healthy",0.397648
plantwild/extracted/plantwild/images/cherry powdery mildew/27.jpg,Cherry___Powdery_mildew,Tomato___Early_blight,0.436105
plantwild/extracted/plantwild/images/cherry powdery mildew/28.jpg,Cherry___Powdery_mildew,Strawberry___Leaf_scorch,0.935932
plantwild/extracted/plantwild/images/cherry powdery mildew/29.jpg,Cherry___Powdery_mildew,Squash___Powdery_mildew,0.940344
plantwild/extracted/plantwild/images/cherry powdery mildew/31.jpg,Cherry___Powdery_mildew,Cherry___healthy,0.930792
plantwild/extracted/plantwild/images/cherry powdery mildew/32.jpg,Cherry___Powdery_mildew,"Pepper,_bell___healthy",0.532012
plantwild/extracted/plantwild/images/cherry powdery mildew/33.jpg,Cherry___Powdery_mildew,Strawberry___Leaf_scorch,0.950250
plantwild/extracted/plantwild/images/cherry powdery mildew/38.jpg,Cherry___Powdery_mildew,Strawberry___Leaf_scorch,0.932413
plantwild/extracted/plantwild/images/cherry powdery mildew/40.jpg,Cherry___Powdery_mildew,Corn___healthy,0.697384
plantwild/extracted/plantwild/images/cherry powdery mildew/41.jpg,Cherry___Powdery_mildew,Tomato___Late_blight,0.346925
plantwild/extracted/plantwild/images/cherry powdery mildew/43.jpg,Cherry___Powdery_mildew,"Pepper,_bell___healthy",0.496397
plantwild/extracted/plantwild/images/cherry powdery mildew/44.jpg,Cherry___Powdery_mildew,Cherry___Powdery_mildew,0.494765
plantwild/extracted/plantwild/images/cherry powdery mildew/45.jpg,Cherry___Powdery_mildew,Squash___Powdery_mildew,0.676746
plantwild/extracted/plantwild/images/cherry powdery mildew/46.jpg,Cherry___Powdery_mildew,"Pepper,_bell___healthy",0.945066
plantwild/extracted/plantwild/images/cherry powdery mildew/5.jpg,Cherry___Powdery_mildew,Strawberry___Leaf_scorch,0.391915
plantwild/extracted/plantwild/images/cherry powdery mildew/51.jpg,Cherry___Powdery_mildew,Strawberry___Leaf_scorch,0.766832
plantwild/extracted/plantwild/images/cherry powdery mildew/53.jpg,Cherry___Powdery_mildew,Cherry___healthy,0.432840
plantwild/extracted/plantwild/images/cherry powdery mildew/57.jpg,Cherry___Powdery_mildew,Potato___Early_blight,0.848651
plantwild/extracted/plantwild/images/cherry powdery mildew/58.jpg,Cherry___Powdery_mildew,Cherry___healthy,0.824417
plantwild/extracted/plantwild/images/cherry powdery mildew/59.jpg,Cherry___Powdery_mildew,Strawberry___Leaf_scorch,0.923981
plantwild/extracted/plantwild/images/cherry powdery mildew/6.jpg,Cherry___Powdery_mildew,Strawberry___Leaf_scorch,0.923895
plantwild/extracted/plantwild/images/cherry powdery mildew/60.jpg,Cherry___Powdery_mildew,Strawberry___Leaf_scorch,0.454004
plantwild/extracted/plantwild/images/cherry powdery mildew/64.jpg,Cherry___Powdery_mildew,Strawberry___Leaf_scorch,0.939793
plantwild/extracted/plantwild/images/cherry powdery mildew/65.jpg,Cherry___Powdery_mildew,Strawberry___Leaf_scorch,0.913501
plantwild/extracted/plantwild/images/cherry powdery mildew/67.jpg,Cherry___Powdery_mildew,Strawberry___Leaf_scorch,0.672508
plantwild/extracted/plantwild/images/cherry powdery mildew/68.jpg,Cherry___Powdery_mildew,Strawberry___Leaf_scorch,0.952103
plantwild/extracted/plantwild/images/cherry powdery mildew/76.jpg,Cherry___Powdery_mildew,Strawberry___Leaf_scorch,0.893651
plantwild/extracted/plantwild/images/cherry powdery mildew/8.jpg,Cherry___Powdery_mildew,Strawberry___Leaf_scorch,0.941771
plantwild/extracted/plantwild/images/cherry powdery mildew/80.jpg,Cherry___Powdery_mildew,Squash___Powdery_mildew,0.943983
plantwild/extracted/plantwild/images/cherry powdery mildew/86.jpg,Cherry___Powdery_mildew,Cherry___healthy,0.868159
plantwild/extracted/plantwild/images/cherry powdery mildew/88.jpg,Cherry___Powdery_mildew,Grape___Esca_(Black_Measles),0.870189
plantwild/extracted/plantwild/images/cherry powdery mildew/google_0003.jpg,Cherry___Powdery_mildew,Squash___Powdery_mildew,0.899204
plantwild/extracted/plantwild/images/cherry powdery mildew/google_0004.jpg,Cherry___Powdery_mildew,Strawberry___Leaf_scorch,0.840649
plantwild/extracted/plantwild/images/cherry powdery mildew/google_0006.jpg,Cherry___Powdery_mildew,Strawberry___Leaf_scorch,0.901579
plantwild/extracted/plantwild/images/cherry powdery mildew/google_0010.jpg,Cherry___Powdery_mildew,Cherry___healthy,0.800491
plantwild/extracted/plantwild/images/cherry powdery mildew/google_0011.jpg,Cherry___Powdery_mildew,Squash___Powdery_mildew,0.931937
plantwild/extracted/plantwild/images/cherry powdery mildew/google_0012.jpg,Cherry___Powdery_mildew,Cherry___healthy,0.469230
plantwild/extracted/plantwild/images/cherry powdery mildew/google_0013.jpg,Cherry___Powdery_mildew,"Pepper,_bell___healthy",0.532706
plantwild/extracted/plantwild/images/cherry powdery mildew/google_0018.jpg,Cherry___Powdery_mildew,Squash___Powdery_mildew,0.777201
plantwild/extracted/plantwild/images/cherry powdery mildew/google_0019.jpg,Cherry___Powdery_mildew,Cherry___healthy,0.207838
plantwild/extracted/plantwild/images/cherry powdery mildew/google_0021.jpg,Cherry___Powdery_mildew,"Pepper,_bell___healthy",0.499131
plantwild/extracted/plantwild/images/cherry powdery mildew/google_0022.jpg,Cherry___Powdery_mildew,Grape___Esca_(Black_Measles),0.313544
plantwild/extracted/plantwild/images/cherry powdery mildew/google_0023.jpg,Cherry___Powdery_mildew,Grape___Black_rot,0.607953
plantwild/extracted/plantwild/images/cherry powdery mildew/google_0024.jpg,Cherry___Powdery_mildew,Strawberry___Leaf_scorch,0.732869
plantwild/extracted/plantwild/images/cherry powdery mildew/google_0028.jpg,Cherry___Powdery_mildew,"Pepper,_bell___healthy",0.880075
plantwild/extracted/plantwild/images/cherry powdery mildew/google_0029.jpg,Cherry___Powdery_mildew,Cherry___healthy,0.460280
plantwild/extracted/plantwild/images/cherry powdery mildew/google_0031.jpg,Cherry___Powdery_mildew,Tomato___Early_blight,0.506636
plantwild/extracted/plantwild/images/cherry powdery mildew/google_0032.jpg,Cherry___Powdery_mildew,Grape___Black_rot,0.453593
plantwild/extracted/plantwild/images/cherry powdery mildew/google_0033.jpg,Cherry___Powdery_mildew,Tomato___Early_blight,0.506487
plantwild/extracted/plantwild/images/cherry powdery mildew/google_0035.jpg,Cherry___Powdery_mildew,Corn___Northern_Leaf_Blight,0.856078
plantwild/extracted/plantwild/images/cherry powdery mildew/google_0036.jpg,Cherry___Powdery_mildew,Tomato___Late_blight,0.947970
plantwild/extracted/plantwild/images/cherry powdery mildew/google_0038.jpg,Cherry___Powdery_mildew,Cherry___Powdery_mildew,0.952683
plantwild/extracted/plantwild/images/cherry powdery mildew/google_0047.jpg,Cherry___Powdery_mildew,Cherry___healthy,0.465554
plantwild/extracted/plantwild/images/cherry powdery mildew/google_0055.jpg,Cherry___Powdery_mildew,Corn___Common_rust,0.766130
plantwild/extracted/plantwild/images/cherry powdery mildew/google_0056.jpg,Cherry___Powdery_mildew,Cherry___healthy,0.905997
plantwild/extracted/plantwild/images/cherry powdery mildew/google_0057.jpg,Cherry___Powdery_mildew,Cherry___healthy,0.721487
plantwild/extracted/plantwild/images/cherry powdery mildew/google_0058.jpg,Cherry___Powdery_mildew,Tomato___Septoria_leaf_spot,0.281143
plantwild/extracted/plantwild/images/cherry powdery mildew/google_0060.jpg,Cherry___Powdery_mildew,Grape___Esca_(Black_Measles),0.940077
plantwild/extracted/plantwild/images/cherry powdery mildew/google_0062.jpg,Cherry___Powdery_mildew,Cherry___Powdery_mildew,0.949990
plantwild/extracted/plantwild/images/cherry powdery mildew/google_0064.jpg,Cherry___Powdery_mildew,"Pepper,_bell___healthy",0.925634
plantwild/extracted/plantwild/images/cherry powdery mildew/google_0068.jpg,Cherry___Powdery_mildew,Squash___Powdery_mildew,0.391961
plantwild/extracted/plantwild/images/cherry powdery mildew/google_0070.jpg,Cherry___Powdery_mildew,Tomato___Late_blight,0.940481
plantwild/extracted/plantwild/images/cherry powdery mildew/google_0071.jpg,Cherry___Powdery_mildew,Cherry___healthy,0.865421
plantwild/extracted/plantwild/images/cherry powdery mildew/google_0073.jpg,Cherry___Powdery_mildew,Tomato___Early_blight,0.825714
plantwild/extracted/plantwild/images/cherry powdery mildew/google_0074.jpg,Cherry___Powdery_mildew,Corn___healthy,0.576403
plantwild/extracted/plantwild/images/cherry powdery mildew/google_0075.jpg,Cherry___Powdery_mildew,Squash___Powdery_mildew,0.923194
plantwild/extracted/plantwild/images/cherry powdery mildew/google_0077.jpg,Cherry___Powdery_mildew,Strawberry___Leaf_scorch,0.948314
plantwild/extracted/plantwild/images/cherry powdery mildew/google_0084.jpg,Cherry___Powdery_mildew,Cherry___healthy,0.748487
plantwild/extracted/plantwild/images/cherry powdery mildew/google_0093.jpg,Cherry___Powdery_mildew,Apple___healthy,0.818251
plantwild/extracted/plantwild/images/cherry powdery mildew/google_0094.jpg,Cherry___Powdery_mildew,Cherry___Powdery_mildew,0.489792
plantwild/extracted/plantwild/images/cherry powdery mildew/google_0096.jpg,Cherry___Powdery_mildew,Cherry___healthy,0.576850
plantwild/extracted/plantwild/images/cherry powdery mildew/google_0097.jpg,Cherry___Powdery_mildew,Corn___healthy,0.949048
plantwild/extracted/plantwild/images/cherry powdery mildew/google_0105.jpg,Cherry___Powdery_mildew,Cherry___healthy,0.901317
plantwild/extracted/plantwild/images/cherry powdery mildew/google_0113.jpg,Cherry___Powdery_mildew,Tomato___Early_blight,0.181435
plantwild/extracted/plantwild/images/cherry powdery mildew/google_0115.jpg,Cherry___Powdery_mildew,Tomato___healthy,0.549727
plantwild/extracted/plantwild/images/cherry powdery mildew/google_0119.jpg,Cherry___Powdery_mildew,Cherry___healthy,0.895766
plantwild/extracted/plantwild/images/cherry powdery mildew/google_0120.jpg,Cherry___Powdery_mildew,Strawberry___Leaf_scorch,0.867028
plantwild/extracted/plantwild/images/cherry powdery mildew/google_0121.jpg,Cherry___Powdery_mildew,Strawberry___Leaf_scorch,0.921850
plantwild/extracted/plantwild/images/cherry powdery mildew/google_0124.jpg,Cherry___Powdery_mildew,Strawberry___Leaf_scorch,0.468039
plantwild/extracted/plantwild/images/cherry powdery mildew/google_0126.jpg,Cherry___Powdery_mildew,Strawberry___Leaf_scorch,0.413406
plantwild/extracted/plantwild/images/cherry powdery mildew/google_0128.jpg,Cherry___Powdery_mildew,Tomato___healthy,0.271143
plantwild/extracted/plantwild/images/cherry powdery mildew/google_0130.jpg,Cherry___Powdery_mildew,Blueberry___healthy,0.498162
plantwild/extracted/plantwild/images/cherry powdery mildew/google_0131.jpg,Cherry___Powdery_mildew,Strawberry___Leaf_scorch,0.881831
plantwild/extracted/plantwild/images/cherry powdery mildew/google_0136.jpg,Cherry___Powdery_mildew,Strawberry___Leaf_scorch,0.800451
plantwild/extracted/plantwild/images/cherry powdery mildew/google_0137.jpg,Cherry___Powdery_mildew,Corn___Common_rust,0.512863
plantwild/extracted/plantwild/images/cherry powdery mildew/google_0143.jpg,Cherry___Powdery_mildew,Cherry___Powdery_mildew,0.948111
plantwild/extracted/plantwild/images/cherry powdery mildew/google_0145.jpg,Cherry___Powdery_mildew,Strawberry___Leaf_scorch,0.464782
plantwild/extracted/plantwild/images/cherry powdery mildew/google_0147.jpg,Cherry___Powdery_mildew,"Pepper,_bell___healthy",0.446957
plantwild/extracted/plantwild/images/cherry powdery mildew/google_0152.jpg,Cherry___Powdery_mildew,Cherry___healthy,0.843611
plantwild/extracted/plantwild/images/cherry powdery mildew/google_0153.jpg,Cherry___Powdery_mildew,"Pepper,_bell___healthy",0.825498
plantwild/extracted/plantwild/images/cherry powdery mildew/google_0164.jpg,Cherry___Powdery_mildew,Cherry___healthy,0.786382
plantwild/extracted/plantwild/images/cherry powdery mildew/google_0169.jpg,Cherry___Powdery_mildew,Tomato___healthy,0.669852
plantwild/extracted/plantwild/images/cherry powdery mildew/google_0172.jpg,Cherry___Powdery_mildew,Cherry___healthy,0.302084
plantwild/extracted/plantwild/images/citrus greening disease/10.jpg,Orange___Haunglongbing_(Citrus_greening),Cherry___healthy,0.470227
plantwild/extracted/plantwild/images/citrus greening disease/101.jpg,Orange___Haunglongbing_(Citrus_greening),"Pepper,_bell___healthy",0.947946
plantwild/extracted/plantwild/images/citrus greening disease/103.jpg,Orange___Haunglongbing_(Citrus_greening),"Pepper,_bell___healthy",0.911215
plantwild/extracted/plantwild/images/citrus greening disease/108.jpg,Orange___Haunglongbing_(Citrus_greening),Strawberry___Leaf_scorch,0.901386
plantwild/extracted/plantwild/images/citrus greening disease/109.jpg,Orange___Haunglongbing_(Citrus_greening),"Pepper,_bell___healthy",0.913874
plantwild/extracted/plantwild/images/citrus greening disease/11.jpg,Orange___Haunglongbing_(Citrus_greening),Cherry___healthy,0.935289
plantwild/extracted/plantwild/images/citrus greening disease/113.jpg,Orange___Haunglongbing_(Citrus_greening),Squash___Powdery_mildew,0.433393
plantwild/extracted/plantwild/images/citrus greening disease/12 - Copy.jpg,Orange___Haunglongbing_(Citrus_greening),Cherry___healthy,0.839465
plantwild/extracted/plantwild/images/citrus greening disease/12.jpg,Orange___Haunglongbing_(Citrus_greening),"Pepper,_bell___healthy",0.433128
plantwild/extracted/plantwild/images/citrus greening disease/121.jpg,Orange___Haunglongbing_(Citrus_greening),Cherry___healthy,0.704349
plantwild/extracted/plantwild/images/citrus greening disease/13.jpg,Orange___Haunglongbing_(Citrus_greening),"Pepper,_bell___healthy",0.948279
plantwild/extracted/plantwild/images/citrus greening disease/130.jpg,Orange___Haunglongbing_(Citrus_greening),Tomato___Early_blight,0.535703
plantwild/extracted/plantwild/images/citrus greening disease/14.jpg,Orange___Haunglongbing_(Citrus_greening),Tomato___Late_blight,0.930999
plantwild/extracted/plantwild/images/citrus greening disease/15.jpg,Orange___Haunglongbing_(Citrus_greening),Cherry___healthy,0.436391
plantwild/extracted/plantwild/images/citrus greening disease/16.jpg,Orange___Haunglongbing_(Citrus_greening),Cherry___healthy,0.909979
plantwild/extracted/plantwild/images/citrus greening disease/17.jpg,Orange___Haunglongbing_(Citrus_greening),Cherry___healthy,0.918199
plantwild/extracted/plantwild/images/citrus greening disease/18.jpg,Orange___Haunglongbing_(Citrus_greening),Cherry___healthy,0.913309
plantwild/extracted/plantwild/images/citrus greening disease/19.jpg,Orange___Haunglongbing_(Citrus_greening),"Pepper,_bell___healthy",0.927790
plantwild/extracted/plantwild/images/citrus greening disease/20.jpg,Orange___Haunglongbing_(Citrus_greening),"Pepper,_bell___healthy",0.951550
plantwild/extracted/plantwild/images/citrus greening disease/22.jpg,Orange___Haunglongbing_(Citrus_greening),Cherry___healthy,0.509142
plantwild/extracted/plantwild/images/citrus greening disease/24.jpg,Orange___Haunglongbing_(Citrus_greening),"Pepper,_bell___healthy",0.947007
plantwild/extracted/plantwild/images/citrus greening disease/25 - Copy.jpg,Orange___Haunglongbing_(Citrus_greening),Tomato___Tomato_Yellow_Leaf_Curl_Virus,0.354643
plantwild/extracted/plantwild/images/citrus greening disease/25.jpg,Orange___Haunglongbing_(Citrus_greening),Cherry___healthy,0.888312
plantwild/extracted/plantwild/images/citrus greening disease/26 - Copy.jpg,Orange___Haunglongbing_(Citrus_greening),"Pepper,_bell___healthy",0.951607
plantwild/extracted/plantwild/images/citrus greening disease/26.jpg,Orange___Haunglongbing_(Citrus_greening),"Pepper,_bell___healthy",0.917131
plantwild/extracted/plantwild/images/citrus greening disease/27.jpg,Orange___Haunglongbing_(Citrus_greening),"Pepper,_bell___healthy",0.890412
plantwild/extracted/plantwild/images/citrus greening disease/28.jpg,Orange___Haunglongbing_(Citrus_greening),"Pepper,_bell___healthy",0.802476
plantwild/extracted/plantwild/images/citrus greening disease/29.jpg,Orange___Haunglongbing_(Citrus_greening),"Pepper,_bell___healthy",0.892875
plantwild/extracted/plantwild/images/citrus greening disease/3.jpg,Orange___Haunglongbing_(Citrus_greening),"Pepper,_bell___healthy",0.927556
plantwild/extracted/plantwild/images/citrus greening disease/34.jpg,Orange___Haunglongbing_(Citrus_greening),Cherry___healthy,0.893340
plantwild/extracted/plantwild/images/citrus greening disease/35.jpg,Orange___Haunglongbing_(Citrus_greening),Strawberry___Leaf_scorch,0.569462
plantwild/extracted/plantwild/images/citrus greening disease/39 - Copy (2).jpg,Orange___Haunglongbing_(Citrus_greening),Cherry___healthy,0.589869
plantwild/extracted/plantwild/images/citrus greening disease/39 - Copy.jpg,Orange___Haunglongbing_(Citrus_greening),Tomato___healthy,0.579135
plantwild/extracted/plantwild/images/citrus greening disease/39.jpg,Orange___Haunglongbing_(Citrus_greening),Squash___Powdery_mildew,0.331464
plantwild/extracted/plantwild/images/citrus greening disease/4.jpg,Orange___Haunglongbing_(Citrus_greening),"Pepper,_bell___healthy",0.895161
plantwild/extracted/plantwild/images/citrus greening disease/41.jpg,Orange___Haunglongbing_(Citrus_greening),Cherry___healthy,0.938414
plantwild/extracted/plantwild/images/citrus greening disease/42.jpg,Orange___Haunglongbing_(Citrus_greening),Cherry___healthy,0.901436
plantwild/extracted/plantwild/images/citrus greening disease/45.jpg,Orange___Haunglongbing_(Citrus_greening),"Pepper,_bell___healthy",0.441974
plantwild/extracted/plantwild/images/citrus greening disease/46.jpg,Orange___Haunglongbing_(Citrus_greening),Strawberry___Leaf_scorch,0.292579
plantwild/extracted/plantwild/images/citrus greening disease/47.jpg,Orange___Haunglongbing_(Citrus_greening),"Pepper,_bell___healthy",0.882893
plantwild/extracted/plantwild/images/citrus greening disease/48.jpg,Orange___Haunglongbing_(Citrus_greening),"Pepper,_bell___healthy",0.652079
plantwild/extracted/plantwild/images/citrus greening disease/49.jpg,Orange___Haunglongbing_(Citrus_greening),"Pepper,_bell___healthy",0.947013
plantwild/extracted/plantwild/images/citrus greening disease/5.jpg,Orange___Haunglongbing_(Citrus_greening),"Pepper,_bell___healthy",0.937079
plantwild/extracted/plantwild/images/citrus greening disease/50.jpg,Orange___Haunglongbing_(Citrus_greening),Cherry___healthy,0.946203
plantwild/extracted/plantwild/images/citrus greening disease/51.jpg,Orange___Haunglongbing_(Citrus_greening),"Pepper,_bell___healthy",0.922523
plantwild/extracted/plantwild/images/citrus greening disease/52.jpg,Orange___Haunglongbing_(Citrus_greening),Cherry___healthy,0.949916
plantwild/extracted/plantwild/images/citrus greening disease/55.jpg,Orange___Haunglongbing_(Citrus_greening),Cherry___healthy,0.829211
plantwild/extracted/plantwild/images/citrus greening disease/56 - Copy (2).jpg,Orange___Haunglongbing_(Citrus_greening),Strawberry___Leaf_scorch,0.553685
plantwild/extracted/plantwild/images/citrus greening disease/56 - Copy (3).jpg,Orange___Haunglongbing_(Citrus_greening),Tomato___Late_blight,0.953430
plantwild/extracted/plantwild/images/citrus greening disease/56 - Copy.jpg,Orange___Haunglongbing_(Citrus_greening),Cherry___healthy,0.908608
plantwild/extracted/plantwild/images/citrus greening disease/56.jpg,Orange___Haunglongbing_(Citrus_greening),Strawberry___Leaf_scorch,0.531528
plantwild/extracted/plantwild/images/citrus greening disease/58.jpg,Orange___Haunglongbing_(Citrus_greening),"Pepper,_bell___healthy",0.888668
plantwild/extracted/plantwild/images/citrus greening disease/59.jpg,Orange___Haunglongbing_(Citrus_greening),"Pepper,_bell___healthy",0.946221
plantwild/extracted/plantwild/images/citrus greening disease/6.jpg,Orange___Haunglongbing_(Citrus_greening),Cherry___healthy,0.922827
plantwild/extracted/plantwild/images/citrus greening disease/60 - Copy (2).jpg,Orange___Haunglongbing_(Citrus_greening),Cherry___healthy,0.940163
plantwild/extracted/plantwild/images/citrus greening disease/60 - Copy.jpg,Orange___Haunglongbing_(Citrus_greening),Tomato___Late_blight,0.950586
plantwild/extracted/plantwild/images/citrus greening disease/60.jpg,Orange___Haunglongbing_(Citrus_greening),Corn___healthy,0.433879
plantwild/extracted/plantwild/images/citrus greening disease/61.jpg,Orange___Haunglongbing_(Citrus_greening),Blueberry___healthy,0.947203
plantwild/extracted/plantwild/images/citrus greening disease/65.jpg,Orange___Haunglongbing_(Citrus_greening),"Pepper,_bell___healthy",0.824830
plantwild/extracted/plantwild/images/citrus greening disease/67.jpg,Orange___Haunglongbing_(Citrus_greening),Cherry___healthy,0.757988
plantwild/extracted/plantwild/images/citrus greening disease/68.jpg,Orange___Haunglongbing_(Citrus_greening),"Pepper,_bell___healthy",0.952049
plantwild/extracted/plantwild/images/citrus greening disease/69.jpg,Orange___Haunglongbing_(Citrus_greening),Cherry___healthy,0.948797
plantwild/extracted/plantwild/images/citrus greening disease/7.jpg,Orange___Haunglongbing_(Citrus_greening),Cherry___healthy,0.946713
plantwild/extracted/plantwild/images/citrus greening disease/70 - Copy.jpg,Orange___Haunglongbing_(Citrus_greening),Squash___Powdery_mildew,0.570865
plantwild/extracted/plantwild/images/citrus greening disease/70.jpg,Orange___Haunglongbing_(Citrus_greening),Cherry___healthy,0.879040
plantwild/extracted/plantwild/images/citrus greening disease/71.jpg,Orange___Haunglongbing_(Citrus_greening),Strawberry___Leaf_scorch,0.217802
plantwild/extracted/plantwild/images/citrus greening disease/74.jpg,Orange___Haunglongbing_(Citrus_greening),Corn___Northern_Leaf_Blight,0.699912
plantwild/extracted/plantwild/images/citrus greening disease/75.jpg,Orange___Haunglongbing_(Citrus_greening),"Pepper,_bell___healthy",0.828723
plantwild/extracted/plantwild/images/citrus greening disease/76.jpg,Orange___Haunglongbing_(Citrus_greening),"Pepper,_bell___healthy",0.920802
plantwild/extracted/plantwild/images/citrus greening disease/78 - Copy (2).jpg,Orange___Haunglongbing_(Citrus_greening),Orange___Haunglongbing_(Citrus_greening),0.951975
plantwild/extracted/plantwild/images/citrus greening disease/78 - Copy.jpg,Orange___Haunglongbing_(Citrus_greening),Tomato___Leaf_Mold,0.924356
plantwild/extracted/plantwild/images/citrus greening disease/78.jpg,Orange___Haunglongbing_(Citrus_greening),Orange___Haunglongbing_(Citrus_greening),0.923696
plantwild/extracted/plantwild/images/citrus greening disease/8.jpg,Orange___Haunglongbing_(Citrus_greening),Cherry___healthy,0.861534
plantwild/extracted/plantwild/images/citrus greening disease/83.jpg,Orange___Haunglongbing_(Citrus_greening),"Pepper,_bell___healthy",0.954977
plantwild/extracted/plantwild/images/citrus greening disease/84.jpg,Orange___Haunglongbing_(Citrus_greening),"Pepper,_bell___healthy",0.794937
plantwild/extracted/plantwild/images/citrus greening disease/85.jpg,Orange___Haunglongbing_(Citrus_greening),Strawberry___Leaf_scorch,0.565866
plantwild/extracted/plantwild/images/citrus greening disease/88.jpg,Orange___Haunglongbing_(Citrus_greening),Cherry___healthy,0.872890
plantwild/extracted/plantwild/images/citrus greening disease/92.jpg,Orange___Haunglongbing_(Citrus_greening),Cherry___healthy,0.919062
plantwild/extracted/plantwild/images/citrus greening disease/93.jpg,Orange___Haunglongbing_(Citrus_greening),"Pepper,_bell___healthy",0.949805
plantwild/extracted/plantwild/images/citrus greening disease/95.jpg,Orange___Haunglongbing_(Citrus_greening),Tomato___healthy,0.331948
plantwild/extracted/plantwild/images/citrus greening disease/97.jpg,Orange___Haunglongbing_(Citrus_greening),"Pepper,_bell___healthy",0.950550
plantwild/extracted/plantwild/images/citrus greening disease/google_0000.jpg,Orange___Haunglongbing_(Citrus_greening),"Pepper,_bell___healthy",0.753179
plantwild/extracted/plantwild/images/citrus greening disease/google_0001.jpg,Orange___Haunglongbing_(Citrus_greening),Tomato___Septoria_leaf_spot,0.336104
plantwild/extracted/plantwild/images/citrus greening disease/google_0002.jpg,Orange___Haunglongbing_(Citrus_greening),Cherry___healthy,0.355835
plantwild/extracted/plantwild/images/citrus greening disease/google_0003.jpg,Orange___Haunglongbing_(Citrus_greening),Cherry___healthy,0.625600
plantwild/extracted/plantwild/images/citrus greening disease/google_0004.jpg,Orange___Haunglongbing_(Citrus_greening),"Pepper,_bell___healthy",0.308132
plantwild/extracted/plantwild/images/citrus greening disease/google_0005.jpg,Orange___Haunglongbing_(Citrus_greening),"Pepper,_bell___healthy",0.907880
plantwild/extracted/plantwild/images/citrus greening disease/google_0008.jpg,Orange___Haunglongbing_(Citrus_greening),"Pepper,_bell___healthy",0.809776
plantwild/extracted/plantwild/images/citrus greening disease/google_0009.jpg,Orange___Haunglongbing_(Citrus_greening),"Pepper,_bell___healthy",0.919371
plantwild/extracted/plantwild/images/citrus greening disease/google_0010.jpg,Orange___Haunglongbing_(Citrus_greening),"Pepper,_bell___healthy",0.871596
plantwild/extracted/plantwild/images/citrus greening disease/google_0011 - Copy (2).jpg,Orange___Haunglongbing_(Citrus_greening),Cherry___healthy,0.682827
plantwild/extracted/plantwild/images/citrus greening disease/google_0011 - Copy.jpg,Orange___Haunglongbing_(Citrus_greening),Corn___healthy,0.464319
plantwild/extracted/plantwild/images/citrus greening disease/google_0011.jpg,Orange___Haunglongbing_(Citrus_greening),Tomato___Tomato_Yellow_Leaf_Curl_Virus,0.480038
plantwild/extracted/plantwild/images/citrus greening disease/google_0012.jpg,Orange___Haunglongbing_(Citrus_greening),"Pepper,_bell___healthy",0.876123
plantwild/extracted/plantwild/images/citrus greening disease/google_0013.jpg,Orange___Haunglongbing_(Citrus_greening),"Pepper,_bell___healthy",0.910900
plantwild/extracted/plantwild/images/citrus greening disease/google_0015.jpg,Orange___Haunglongbing_(Citrus_greening),"Pepper,_bell___healthy",0.538431
plantwild/extracted/plantwild/images/citrus greening disease/google_0017.jpg,Orange___Haunglongbing_(Citrus_greening),Strawberry___Leaf_scorch,0.468557
plantwild/extracted/plantwild/images/citrus greening disease/google_0018.jpg,Orange___Haunglongbing_(Citrus_greening),Cherry___healthy,0.929974
plantwild/extracted/plantwild/images/citrus greening disease/google_0019.jpg,Orange___Haunglongbing_(Citrus_greening),"Pepper,_bell___healthy",0.857419
plantwild/extracted/plantwild/images/citrus greening disease/google_0022.jpg,Orange___Haunglongbing_(Citrus_greening),"Pepper,_bell___healthy",0.869868
plantwild/extracted/plantwild/images/citrus greening disease/google_0023.jpg,Orange___Haunglongbing_(Citrus_greening),"Pepper,_bell___healthy",0.712501
plantwild/extracted/plantwild/images/citrus greening disease/google_0024.jpg,Orange___Haunglongbing_(Citrus_greening),Cherry___healthy,0.689017
plantwild/extracted/plantwild/images/citrus greening disease/google_0025.jpg,Orange___Haunglongbing_(Citrus_greening),"Pepper,_bell___healthy",0.851883
plantwild/extracted/plantwild/images/citrus greening disease/google_0026.jpg,Orange___Haunglongbing_(Citrus_greening),"Pepper,_bell___healthy",0.424529
plantwild/extracted/plantwild/images/citrus greening disease/google_0027.jpg,Orange___Haunglongbing_(Citrus_greening),Cherry___healthy,0.877037
plantwild/extracted/plantwild/images/citrus greening disease/google_0028.jpg,Orange___Haunglongbing_(Citrus_greening),Blueberry___healthy,0.951850
plantwild/extracted/plantwild/images/citrus greening disease/google_0029.jpg,Orange___Haunglongbing_(Citrus_greening),Cherry___healthy,0.944794
plantwild/extracted/plantwild/images/citrus greening disease/google_0034.jpg,Orange___Haunglongbing_(Citrus_greening),Cherry___healthy,0.949221
plantwild/extracted/plantwild/images/citrus greening disease/google_0036.jpg,Orange___Haunglongbing_(Citrus_greening),"Pepper,_bell___healthy",0.922324
plantwild/extracted/plantwild/images/citrus greening disease/google_0037.jpg,Orange___Haunglongbing_(Citrus_greening),"Pepper,_bell___healthy",0.882648
plantwild/extracted/plantwild/images/citrus greening disease/google_0038.jpg,Orange___Haunglongbing_(Citrus_greening),"Pepper,_bell___healthy",0.878674
plantwild/extracted/plantwild/images/citrus greening disease/google_0039.jpg,Orange___Haunglongbing_(Citrus_greening),"Pepper,_bell___healthy",0.899399
plantwild/extracted/plantwild/images/citrus greening disease/google_0040.jpg,Orange___Haunglongbing_(Citrus_greening),"Pepper,_bell___healthy",0.783095
plantwild/extracted/plantwild/images/citrus greening disease/google_0041.jpg,Orange___Haunglongbing_(Citrus_greening),Corn___healthy,0.689776
plantwild/extracted/plantwild/images/citrus greening disease/google_0042.jpg,Orange___Haunglongbing_(Citrus_greening),"Pepper,_bell___healthy",0.903622
plantwild/extracted/plantwild/images/citrus greening disease/google_0046.jpg,Orange___Haunglongbing_(Citrus_greening),"Pepper,_bell___healthy",0.767763
plantwild/extracted/plantwild/images/citrus greening disease/google_0047.jpg,Orange___Haunglongbing_(Citrus_greening),Corn___Common_rust,0.461070
plantwild/extracted/plantwild/images/citrus greening disease/google_0048.jpg,Orange___Haunglongbing_(Citrus_greening),Cherry___healthy,0.914076
plantwild/extracted/plantwild/images/citrus greening disease/google_0049.jpg,Orange___Haunglongbing_(Citrus_greening),Corn___Northern_Leaf_Blight,0.578449
plantwild/extracted/plantwild/images/citrus greening disease/google_0052.jpg,Orange___Haunglongbing_(Citrus_greening),Tomato___Septoria_leaf_spot,0.641157
plantwild/extracted/plantwild/images/citrus greening disease/google_0053.jpg,Orange___Haunglongbing_(Citrus_greening),Apple___Black_rot,0.248012
plantwild/extracted/plantwild/images/citrus greening disease/google_0054.jpg,Orange___Haunglongbing_(Citrus_greening),Cherry___healthy,0.948036
plantwild/extracted/plantwild/images/citrus greening disease/google_0055.jpg,Orange___Haunglongbing_(Citrus_greening),"Pepper,_bell___healthy",0.949904
plantwild/extracted/plantwild/images/citrus greening disease/google_0058.jpg,Orange___Haunglongbing_(Citrus_greening),Cherry___healthy,0.947035
plantwild/extracted/plantwild/images/citrus greening disease/google_0060.jpg,Orange___Haunglongbing_(Citrus_greening),"Pepper,_bell___healthy",0.756944
plantwild/extracted/plantwild/images/citrus greening disease/google_0061.jpg,Orange___Haunglongbing_(Citrus_greening),"Pepper,_bell___healthy",0.733722
plantwild/extracted/plantwild/images/citrus greening disease/google_0062.jpg,Orange___Haunglongbing_(Citrus_greening),"Pepper,_bell___healthy",0.907354
plantwild/extracted/plantwild/images/citrus greening disease/google_0063.jpg,Orange___Haunglongbing_(Citrus_greening),Orange___Haunglongbing_(Citrus_greening),0.513069
plantwild/extracted/plantwild/images/citrus greening disease/google_0064.jpg,Orange___Haunglongbing_(Citrus_greening),"Pepper,_bell___healthy",0.949104
plantwild/extracted/plantwild/images/citrus greening disease/google_0066.jpg,Orange___Haunglongbing_(Citrus_greening),"Pepper,_bell___healthy",0.942759
plantwild/extracted/plantwild/images/citrus greening disease/google_0067.jpg,Orange___Haunglongbing_(Citrus_greening),"Pepper,_bell___healthy",0.474201
plantwild/extracted/plantwild/images/citrus greening disease/google_0068.jpg,Orange___Haunglongbing_(Citrus_greening),Orange___Haunglongbing_(Citrus_greening),0.935192
plantwild/extracted/plantwild/images/citrus greening disease/google_0069.jpg,Orange___Haunglongbing_(Citrus_greening),Peach___Bacterial_spot,0.947756
plantwild/extracted/plantwild/images/citrus greening disease/google_0070.jpg,Orange___Haunglongbing_(Citrus_greening),Tomato___Septoria_leaf_spot,0.159376
plantwild/extracted/plantwild/images/citrus greening disease/google_0071.jpg,Orange___Haunglongbing_(Citrus_greening),"Pepper,_bell___healthy",0.930122
plantwild/extracted/plantwild/images/citrus greening disease/google_0072.jpg,Orange___Haunglongbing_(Citrus_greening),Grape___Black_rot,0.913996
plantwild/extracted/plantwild/images/citrus greening disease/google_0073.jpg,Orange___Haunglongbing_(Citrus_greening),"Pepper,_bell___healthy",0.377916
plantwild/extracted/plantwild/images/citrus greening disease/google_0074.jpg,Orange___Haunglongbing_(Citrus_greening),"Pepper,_bell___healthy",0.724353
plantwild/extracted/plantwild/images/citrus greening disease/google_0075.jpg,Orange___Haunglongbing_(Citrus_greening),Squash___Powdery_mildew,0.244289
plantwild/extracted/plantwild/images/citrus greening disease/google_0077.jpg,Orange___Haunglongbing_(Citrus_greening),"Pepper,_bell___healthy",0.902740
plantwild/extracted/plantwild/images/citrus greening disease/google_0078.jpg,Orange___Haunglongbing_(Citrus_greening),"Pepper,_bell___healthy",0.642518
plantwild/extracted/plantwild/images/citrus greening disease/google_0079.jpg,Orange___Haunglongbing_(Citrus_greening),Strawberry___Leaf_scorch,0.949717
plantwild/extracted/plantwild/images/citrus greening disease/google_0081.jpg,Orange___Haunglongbing_(Citrus_greening),"Pepper,_bell___healthy",0.697109
plantwild/extracted/plantwild/images/citrus greening disease/google_0083.jpg,Orange___Haunglongbing_(Citrus_greening),Tomato___Early_blight,0.289353
plantwild/extracted/plantwild/images/citrus greening disease/google_0084.jpg,Orange___Haunglongbing_(Citrus_greening),Cherry___healthy,0.483691
plantwild/extracted/plantwild/images/citrus greening disease/google_0085.jpg,Orange___Haunglongbing_(Citrus_greening),"Pepper,_bell___healthy",0.951801
plantwild/extracted/plantwild/images/citrus greening disease/google_0086.jpg,Orange___Haunglongbing_(Citrus_greening),"Pepper,_bell___healthy",0.943129
plantwild/extracted/plantwild/images/citrus greening disease/google_0089.jpg,Orange___Haunglongbing_(Citrus_greening),Cherry___healthy,0.463472
plantwild/extracted/plantwild/images/citrus greening disease/google_0091.jpg,Orange___Haunglongbing_(Citrus_greening),"Pepper,_bell___healthy",0.224026
plantwild/extracted/plantwild/images/citrus greening disease/google_0094.jpg,Orange___Haunglongbing_(Citrus_greening),Blueberry___healthy,0.500861
plantwild/extracted/plantwild/images/citrus greening disease/google_0097.jpg,Orange___Haunglongbing_(Citrus_greening),Cherry___healthy,0.939607
plantwild/extracted/plantwild/images/citrus greening disease/google_0098.jpg,Orange___Haunglongbing_(Citrus_greening),"Pepper,_bell___healthy",0.943786
plantwild/extracted/plantwild/images/citrus greening disease/google_0100.jpg,Orange___Haunglongbing_(Citrus_greening),"Pepper,_bell___healthy",0.907291
plantwild/extracted/plantwild/images/citrus greening disease/google_0107.jpg,Orange___Haunglongbing_(Citrus_greening),Cherry___healthy,0.940925
plantwild/extracted/plantwild/images/citrus greening disease/google_0110.jpg,Orange___Haunglongbing_(Citrus_greening),"Pepper,_bell___healthy",0.732311
plantwild/extracted/plantwild/images/citrus greening disease/google_0117.jpg,Orange___Haunglongbing_(Citrus_greening),"Pepper,_bell___healthy",0.947985
plantwild/extracted/plantwild/images/citrus greening disease/google_0119.jpg,Orange___Haunglongbing_(Citrus_greening),"Pepper,_bell___healthy",0.440072
plantwild/extracted/plantwild/images/citrus greening disease/google_0120.jpg,Orange___Haunglongbing_(Citrus_greening),"Pepper,_bell___healthy",0.484325
plantwild/extracted/plantwild/images/citrus greening disease/google_0121.jpg,Orange___Haunglongbing_(Citrus_greening),"Pepper,_bell___healthy",0.469859
plantwild/extracted/plantwild/images/citrus greening disease/google_0125.jpg,Orange___Haunglongbing_(Citrus_greening),"Pepper,_bell___healthy",0.574372
plantwild/extracted/plantwild/images/citrus greening disease/google_0126.jpg,Orange___Haunglongbing_(Citrus_greening),"Pepper,_bell___healthy",0.481177
plantwild/extracted/plantwild/images/citrus greening disease/google_0127.jpg,Orange___Haunglongbing_(Citrus_greening),"Pepper,_bell___healthy",0.701749
plantwild/extracted/plantwild/images/citrus greening disease/google_0129.jpg,Orange___Haunglongbing_(Citrus_greening),"Pepper,_bell___healthy",0.791130
plantwild/extracted/plantwild/images/citrus greening disease/google_0131.jpg,Orange___Haunglongbing_(Citrus_greening),"Pepper,_bell___healthy",0.940753
plantwild/extracted/plantwild/images/citrus greening disease/google_0133.jpg,Orange___Haunglongbing_(Citrus_greening),Strawberry___Leaf_scorch,0.404878
plantwild/extracted/plantwild/images/citrus greening disease/google_0134.jpg,Orange___Haunglongbing_(Citrus_greening),"Pepper,_bell___healthy",0.775734
plantwild/extracted/plantwild/images/citrus greening disease/google_0137.jpg,Orange___Haunglongbing_(Citrus_greening),Cherry___healthy,0.802496
plantwild/extracted/plantwild/images/citrus greening disease/google_0140.jpg,Orange___Haunglongbing_(Citrus_greening),Corn___healthy,0.949127
plantwild/extracted/plantwild/images/citrus greening disease/google_0144.jpg,Orange___Haunglongbing_(Citrus_greening),Cherry___healthy,0.931566
plantwild/extracted/plantwild/images/citrus greening disease/google_0145.jpg,Orange___Haunglongbing_(Citrus_greening),"Pepper,_bell___healthy",0.630815
plantwild/extracted/plantwild/images/citrus greening disease/google_0146.jpg,Orange___Haunglongbing_(Citrus_greening),"Pepper,_bell___healthy",0.922496
plantwild/extracted/plantwild/images/citrus greening disease/google_0147.jpg,Orange___Haunglongbing_(Citrus_greening),Cherry___healthy,0.945933
plantwild/extracted/plantwild/images/citrus greening disease/google_0149.jpg,Orange___Haunglongbing_(Citrus_greening),"Pepper,_bell___healthy",0.277914
plantwild/extracted/plantwild/images/citrus greening disease/google_0150.jpg,Orange___Haunglongbing_(Citrus_greening),"Pepper,_bell___healthy",0.925344
plantwild/extracted/plantwild/images/citrus greening disease/google_0151.jpg,Orange___Haunglongbing_(Citrus_greening),Peach___Bacterial_spot,0.702904
plantwild/extracted/plantwild/images/citrus greening disease/google_0152.jpg,Orange___Haunglongbing_(Citrus_greening),Cherry___healthy,0.915062
plantwild/extracted/plantwild/images/citrus greening disease/google_0154.jpg,Orange___Haunglongbing_(Citrus_greening),"Pepper,_bell___healthy",0.791550
plantwild/extracted/plantwild/images/citrus greening disease/google_0156.jpg,Orange___Haunglongbing_(Citrus_greening),"Pepper,_bell___healthy",0.330674
plantwild/extracted/plantwild/images/citrus greening disease/google_0157.jpg,Orange___Haunglongbing_(Citrus_greening),"Pepper,_bell___healthy",0.851295
plantwild/extracted/plantwild/images/citrus greening disease/google_0158.jpg,Orange___Haunglongbing_(Citrus_greening),Cherry___healthy,0.928769
plantwild/extracted/plantwild/images/citrus greening disease/google_0160.jpg,Orange___Haunglongbing_(Citrus_greening),Tomato___healthy,0.388433
plantwild/extracted/plantwild/images/citrus greening disease/google_0162.jpg,Orange___Haunglongbing_(Citrus_greening),Cherry___healthy,0.932945
plantwild/extracted/plantwild/images/citrus greening disease/google_0164.jpg,Orange___Haunglongbing_(Citrus_greening),Grape___Leaf_blight_(Isariopsis_Leaf_Spot),0.581745
plantwild/extracted/plantwild/images/citrus greening disease/google_0166.jpg,Orange___Haunglongbing_(Citrus_greening),"Pepper,_bell___healthy",0.615777
plantwild/extracted/plantwild/images/citrus greening disease/google_0169.jpg,Orange___Haunglongbing_(Citrus_greening),Grape___Black_rot,0.612236
plantwild/extracted/plantwild/images/citrus greening disease/google_0172.jpg,Orange___Haunglongbing_(Citrus_greening),Strawberry___Leaf_scorch,0.952517
plantwild/extracted/plantwild/images/citrus greening disease/google_0174.jpg,Orange___Haunglongbing_(Citrus_greening),"Pepper,_bell___healthy",0.844465
plantwild/extracted/plantwild/images/citrus greening disease/google_0182.jpg,Orange___Haunglongbing_(Citrus_greening),"Pepper,_bell___healthy",0.898324
plantwild/extracted/plantwild/images/citrus greening disease/google_0183.jpg,Orange___Haunglongbing_(Citrus_greening),"Pepper,_bell___healthy",0.842901
plantwild/extracted/plantwild/images/citrus greening disease/google_0185.jpg,Orange___Haunglongbing_(Citrus_greening),Strawberry___Leaf_scorch,0.637586
plantwild/extracted/plantwild/images/citrus greening disease/google_0186.jpg,Orange___Haunglongbing_(Citrus_greening),Cherry___healthy,0.930736
plantwild/extracted/plantwild/images/citrus greening disease/google_0187.jpg,Orange___Haunglongbing_(Citrus_greening),"Pepper,_bell___healthy",0.951592
plantwild/extracted/plantwild/images/citrus greening disease/google_0188.jpg,Orange___Haunglongbing_(Citrus_greening),"Pepper,_bell___healthy",0.873505
plantwild/extracted/plantwild/images/citrus greening disease/google_0189.jpg,Orange___Haunglongbing_(Citrus_greening),"Pepper,_bell___healthy",0.490394
plantwild/extracted/plantwild/images/citrus greening disease/google_0191.jpg,Orange___Haunglongbing_(Citrus_greening),"Pepper,_bell___healthy",0.266400
plantwild/extracted/plantwild/images/citrus greening disease/google_0193.jpg,Orange___Haunglongbing_(Citrus_greening),"Pepper,_bell___healthy",0.326245
plantwild/extracted/plantwild/images/citrus greening disease/google_0195.jpg,Orange___Haunglongbing_(Citrus_greening),Cherry___healthy,0.826377
plantwild/extracted/plantwild/images/citrus greening disease/google_0199.jpg,Orange___Haunglongbing_(Citrus_greening),Cherry___healthy,0.864130
plantwild/extracted/plantwild/images/citrus greening disease/google_0204.jpg,Orange___Haunglongbing_(Citrus_greening),Tomato___Late_blight,0.251364
plantwild/extracted/plantwild/images/citrus greening disease/google_0207.jpg,Orange___Haunglongbing_(Citrus_greening),"Pepper,_bell___healthy",0.601767
plantwild/extracted/plantwild/images/citrus greening disease/google_0208.jpg,Orange___Haunglongbing_(Citrus_greening),"Pepper,_bell___healthy",0.899009
plantwild/extracted/plantwild/images/citrus greening disease/google_0209.jpg,Orange___Haunglongbing_(Citrus_greening),Cherry___healthy,0.949767
plantwild/extracted/plantwild/images/citrus greening disease/google_0214.jpg,Orange___Haunglongbing_(Citrus_greening),"Pepper,_bell___healthy",0.669277
plantwild/extracted/plantwild/images/citrus greening disease/google_0216.jpg,Orange___Haunglongbing_(Citrus_greening),"Pepper,_bell___healthy",0.914918
plantwild/extracted/plantwild/images/citrus greening disease/google_0221.jpg,Orange___Haunglongbing_(Citrus_greening),"Pepper,_bell___healthy",0.938722
plantwild/extracted/plantwild/images/citrus greening disease/google_0222.jpg,Orange___Haunglongbing_(Citrus_greening),"Pepper,_bell___healthy",0.597176
plantwild/extracted/plantwild/images/citrus greening disease/google_0223.jpg,Orange___Haunglongbing_(Citrus_greening),Cherry___healthy,0.745884
plantwild/extracted/plantwild/images/citrus greening disease/google_0226.jpg,Orange___Haunglongbing_(Citrus_greening),Cherry___healthy,0.814208
plantwild/extracted/plantwild/images/citrus greening disease/google_0227.jpg,Orange___Haunglongbing_(Citrus_greening),"Pepper,_bell___healthy",0.307499
plantwild/extracted/plantwild/images/citrus greening disease/google_0228.jpg,Orange___Haunglongbing_(Citrus_greening),Strawberry___Leaf_scorch,0.807111
plantwild/extracted/plantwild/images/citrus greening disease/google_0229.jpg,Orange___Haunglongbing_(Citrus_greening),Corn___healthy,0.873201
plantwild/extracted/plantwild/images/citrus greening disease/google_0231.jpg,Orange___Haunglongbing_(Citrus_greening),Cherry___healthy,0.841264
plantwild/extracted/plantwild/images/citrus greening disease/google_0236.jpg,Orange___Haunglongbing_(Citrus_greening),"Pepper,_bell___healthy",0.953011
plantwild/extracted/plantwild/images/citrus greening disease/google_0237.jpg,Orange___Haunglongbing_(Citrus_greening),Corn___Cercospora_leaf_spot Gray_leaf_spot,0.701340
plantwild/extracted/plantwild/images/citrus greening disease/google_0251.jpg,Orange___Haunglongbing_(Citrus_greening),"Pepper,_bell___healthy",0.949467
plantwild/extracted/plantwild/images/citrus greening disease/google_0252.jpg,Orange___Haunglongbing_(Citrus_greening),Tomato___Septoria_leaf_spot,0.271777
plantwild/extracted/plantwild/images/citrus greening disease/google_0253 - Copy (2).jpg,Orange___Haunglongbing_(Citrus_greening),"Pepper,_bell___healthy",0.243898
plantwild/extracted/plantwild/images/citrus greening disease/google_0253 - Copy.jpg,Orange___Haunglongbing_(Citrus_greening),Soybean___healthy,0.936825
plantwild/extracted/plantwild/images/citrus greening disease/google_0253.jpg,Orange___Haunglongbing_(Citrus_greening),"Pepper,_bell___healthy",0.565460
plantwild/extracted/plantwild/images/citrus greening disease/google_0283.jpg,Orange___Haunglongbing_(Citrus_greening),Strawberry___Leaf_scorch,0.582870
plantwild/extracted/plantwild/images/citrus greening disease/google_0296.jpg,Orange___Haunglongbing_(Citrus_greening),Cherry___healthy,0.904789
plantwild/extracted/plantwild/images/citrus greening disease/google_0297.jpg,Orange___Haunglongbing_(Citrus_greening),Cherry___healthy,0.806400
plantwild/extracted/plantwild/images/citrus greening disease/google_0298.jpg,Orange___Haunglongbing_(Citrus_greening),Tomato___Early_blight,0.444244
plantwild/extracted/plantwild/images/citrus greening disease/google_0305.jpg,Orange___Haunglongbing_(Citrus_greening),Strawberry___Leaf_scorch,0.953926
plantwild/extracted/plantwild/images/citrus greening disease/google_0306.jpg,Orange___Haunglongbing_(Citrus_greening),Strawberry___Leaf_scorch,0.727587
plantwild/extracted/plantwild/images/citrus greening disease/google_0309.jpg,Orange___Haunglongbing_(Citrus_greening),"Pepper,_bell___healthy",0.877217
plantwild/extracted/plantwild/images/citrus greening disease/google_0312.jpg,Orange___Haunglongbing_(Citrus_greening),"Pepper,_bell___healthy",0.838904
plantwild/extracted/plantwild/images/citrus greening disease/google_0314.jpg,Orange___Haunglongbing_(Citrus_greening),Tomato___Early_blight,0.739719
plantwild/extracted/plantwild/images/citrus greening disease/google_0316.jpg,Orange___Haunglongbing_(Citrus_greening),Cherry___healthy,0.520037
plantwild/extracted/plantwild/images/citrus greening disease/google_0328.jpg,Orange___Haunglongbing_(Citrus_greening),"Pepper,_bell___healthy",0.952065
plantwild/extracted/plantwild/images/citrus greening disease/google_0329.jpg,Orange___Haunglongbing_(Citrus_greening),Corn___Cercospora_leaf_spot Gray_leaf_spot,0.467487
plantwild/extracted/plantwild/images/citrus greening disease/google_0354.jpg,Orange___Haunglongbing_(Citrus_greening),Tomato___healthy,0.296639
plantwild/extracted/plantwild/images/citrus greening disease/google_0355.jpg,Orange___Haunglongbing_(Citrus_greening),Strawberry___Leaf_scorch,0.857605
plantwild/extracted/plantwild/images/citrus greening disease/google_0356.jpg,Orange___Haunglongbing_(Citrus_greening),"Pepper,_bell___healthy",0.942498
plantwild/extracted/plantwild/images/citrus greening disease/google_0358.jpg,Orange___Haunglongbing_(Citrus_greening),"Pepper,_bell___healthy",0.918164
plantwild/extracted/plantwild/images/citrus greening disease/google_0361.jpg,Orange___Haunglongbing_(Citrus_greening),Corn___healthy,0.929277
plantwild/extracted/plantwild/images/citrus greening disease/google_0363.jpg,Orange___Haunglongbing_(Citrus_greening),Cherry___healthy,0.914061
plantwild/extracted/plantwild/images/corn gray leaf spot/1.jpg,Corn___Cercospora_leaf_spot Gray_leaf_spot,Corn___Cercospora_leaf_spot Gray_leaf_spot,0.939667
plantwild/extracted/plantwild/images/corn gray leaf spot/10.jpg,Corn___Cercospora_leaf_spot Gray_leaf_spot,Cherry___healthy,0.560260
plantwild/extracted/plantwild/images/corn gray leaf spot/100.jpg,Corn___Cercospora_leaf_spot Gray_leaf_spot,Cherry___healthy,0.883728
plantwild/extracted/plantwild/images/corn gray leaf spot/114.jpg,Corn___Cercospora_leaf_spot Gray_leaf_spot,Cherry___healthy,0.911730
plantwild/extracted/plantwild/images/corn gray leaf spot/12.jpg,Corn___Cercospora_leaf_spot Gray_leaf_spot,Cherry___healthy,0.806097
plantwild/extracted/plantwild/images/corn gray leaf spot/13.jpg,Corn___Cercospora_leaf_spot Gray_leaf_spot,Corn___Cercospora_leaf_spot Gray_leaf_spot,0.801305
plantwild/extracted/plantwild/images/corn gray leaf spot/14.jpg,Corn___Cercospora_leaf_spot Gray_leaf_spot,Corn___healthy,0.937172
plantwild/extracted/plantwild/images/corn gray leaf spot/15.jpg,Corn___Cercospora_leaf_spot Gray_leaf_spot,"Pepper,_bell___healthy",0.844738
plantwild/extracted/plantwild/images/corn gray leaf spot/17.jpg,Corn___Cercospora_leaf_spot Gray_leaf_spot,Corn___Cercospora_leaf_spot Gray_leaf_spot,0.854297
plantwild/extracted/plantwild/images/corn gray leaf spot/2 - Copy (3).jpg,Corn___Cercospora_leaf_spot Gray_leaf_spot,Strawberry___Leaf_scorch,0.422741
plantwild/extracted/plantwild/images/corn gray leaf spot/2 - Copy.jpg,Corn___Cercospora_leaf_spot Gray_leaf_spot,"Pepper,_bell___healthy",0.557790
plantwild/extracted/plantwild/images/corn gray leaf spot/20.jpg,Corn___Cercospora_leaf_spot Gray_leaf_spot,Corn___Northern_Leaf_Blight,0.544343
plantwild/extracted/plantwild/images/corn gray leaf spot/24.jpg,Corn___Cercospora_leaf_spot Gray_leaf_spot,Strawberry___Leaf_scorch,0.610924
plantwild/extracted/plantwild/images/corn gray leaf spot/26 - Copy (2).jpg,Corn___Cercospora_leaf_spot Gray_leaf_spot,Corn___healthy,0.866139
plantwild/extracted/plantwild/images/corn gray leaf spot/26 - Copy (3).jpg,Corn___Cercospora_leaf_spot Gray_leaf_spot,Corn___Cercospora_leaf_spot Gray_leaf_spot,0.906659
plantwild/extracted/plantwild/images/corn gray leaf spot/26 - Copy.jpg,Corn___Cercospora_leaf_spot Gray_leaf_spot,Corn___healthy,0.901251
plantwild/extracted/plantwild/images/corn gray leaf spot/26.jpg,Corn___Cercospora_leaf_spot Gray_leaf_spot,Cherry___healthy,0.287009
plantwild/extracted/plantwild/images/corn gray leaf spot/3.jpg,Corn___Cercospora_leaf_spot Gray_leaf_spot,Corn___Northern_Leaf_Blight,0.951007
plantwild/extracted/plantwild/images/corn gray leaf spot/30.jpg,Corn___Cercospora_leaf_spot Gray_leaf_spot,Corn___Cercospora_leaf_spot Gray_leaf_spot,0.943681
plantwild/extracted/plantwild/images/corn gray leaf spot/31.jpg,Corn___Cercospora_leaf_spot Gray_leaf_spot,Strawberry___Leaf_scorch,0.548918
plantwild/extracted/plantwild/images/corn gray leaf spot/32.jpg,Corn___Cercospora_leaf_spot Gray_leaf_spot,"Pepper,_bell___healthy",0.609790
plantwild/extracted/plantwild/images/corn gray leaf spot/33.jpg,Corn___Cercospora_leaf_spot Gray_leaf_spot,Corn___Cercospora_leaf_spot Gray_leaf_spot,0.902473
plantwild/extracted/plantwild/images/corn gray leaf spot/34.jpg,Corn___Cercospora_leaf_spot Gray_leaf_spot,Corn___Cercospora_leaf_spot Gray_leaf_spot,0.947936
plantwild/extracted/plantwild/images/corn gray leaf spot/35.jpg,Corn___Cercospora_leaf_spot Gray_leaf_spot,Strawberry___Leaf_scorch,0.547999
plantwild/extracted/plantwild/images/corn gray leaf spot/38.jpg,Corn___Cercospora_leaf_spot Gray_leaf_spot,Strawberry___Leaf_scorch,0.951006
plantwild/extracted/plantwild/images/corn gray leaf spot/39.jpg,Corn___Cercospora_leaf_spot Gray_leaf_spot,Cherry___healthy,0.631922
plantwild/extracted/plantwild/images/corn gray leaf spot/4 - Copy (2).jpg,Corn___Cercospora_leaf_spot Gray_leaf_spot,Cherry___healthy,0.891539
plantwild/extracted/plantwild/images/corn gray leaf spot/4 - Copy.jpg,Corn___Cercospora_leaf_spot Gray_leaf_spot,Strawberry___Leaf_scorch,0.842880
plantwild/extracted/plantwild/images/corn gray leaf spot/42.jpg,Corn___Cercospora_leaf_spot Gray_leaf_spot,Corn___Cercospora_leaf_spot Gray_leaf_spot,0.942641
plantwild/extracted/plantwild/images/corn gray leaf spot/44.jpg,Corn___Cercospora_leaf_spot Gray_leaf_spot,Corn___healthy,0.895888
plantwild/extracted/plantwild/images/corn gray leaf spot/45.jpg,Corn___Cercospora_leaf_spot Gray_leaf_spot,Cherry___healthy,0.315122
plantwild/extracted/plantwild/images/corn gray leaf spot/49.jpg,Corn___Cercospora_leaf_spot Gray_leaf_spot,Corn___Cercospora_leaf_spot Gray_leaf_spot,0.939938
plantwild/extracted/plantwild/images/corn gray leaf spot/5.jpg,Corn___Cercospora_leaf_spot Gray_leaf_spot,"Pepper,_bell___healthy",0.769018
plantwild/extracted/plantwild/images/corn gray leaf spot/51.jpg,Corn___Cercospora_leaf_spot Gray_leaf_spot,"Pepper,_bell___healthy",0.832910
plantwild/extracted/plantwild/images/corn gray leaf spot/6.jpg,Corn___Cercospora_leaf_spot Gray_leaf_spot,Strawberry___Leaf_scorch,0.347212
plantwild/extracted/plantwild/images/corn gray leaf spot/61 - Copy (2).jpg,Corn___Cercospora_leaf_spot Gray_leaf_spot,Corn___healthy,0.945615
plantwild/extracted/plantwild/images/corn gray leaf spot/61 - Copy.jpg,Corn___Cercospora_leaf_spot Gray_leaf_spot,Corn___healthy,0.948893
plantwild/extracted/plantwild/images/corn gray leaf spot/61.jpg,Corn___Cercospora_leaf_spot Gray_leaf_spot,Corn___healthy,0.397053
plantwild/extracted/plantwild/images/corn gray leaf spot/65.jpg,Corn___Cercospora_leaf_spot Gray_leaf_spot,Corn___Cercospora_leaf_spot Gray_leaf_spot,0.444047
plantwild/extracted/plantwild/images/corn gray leaf spot/68.jpg,Corn___Cercospora_leaf_spot Gray_leaf_spot,Corn___Cercospora_leaf_spot Gray_leaf_spot,0.800687
plantwild/extracted/plantwild/images/corn gray leaf spot/70 - Copy (2).jpg,Corn___Cercospora_leaf_spot Gray_leaf_spot,Cherry___healthy,0.899776
plantwild/extracted/plantwild/images/corn gray leaf spot/74.jpg,Corn___Cercospora_leaf_spot Gray_leaf_spot,Apple___Black_rot,0.340542
plantwild/extracted/plantwild/images/corn gray leaf spot/99.jpg,Corn___Cercospora_leaf_spot Gray_leaf_spot,Tomato___healthy,0.414291
plantwild/extracted/plantwild/images/corn gray leaf spot/add (1).jpg,Corn___Cercospora_leaf_spot Gray_leaf_spot,Tomato___healthy,0.418152
plantwild/extracted/plantwild/images/corn gray leaf spot/add (2).jpg,Corn___Cercospora_leaf_spot Gray_leaf_spot,Corn___Northern_Leaf_Blight,0.516153
plantwild/extracted/plantwild/images/corn gray leaf spot/add (3).jpg,Corn___Cercospora_leaf_spot Gray_leaf_spot,Corn___healthy,0.479249
plantwild/extracted/plantwild/images/corn gray leaf spot/add (4).jpg,Corn___Cercospora_leaf_spot Gray_leaf_spot,Cherry___healthy,0.850047
plantwild/extracted/plantwild/images/corn gray leaf spot/add (5).jpg,Corn___Cercospora_leaf_spot Gray_leaf_spot,Corn___Cercospora_leaf_spot Gray_leaf_spot,0.936122
plantwild/extracted/plantwild/images/corn gray leaf spot/add (6).jpg,Corn___Cercospora_leaf_spot Gray_leaf_spot,Corn___Cercospora_leaf_spot Gray_leaf_spot,0.917818
plantwild/extracted/plantwild/images/corn gray leaf spot/add (7).jpg,Corn___Cercospora_leaf_spot Gray_leaf_spot,Corn___Cercospora_leaf_spot Gray_leaf_spot,0.943681
plantwild/extracted/plantwild/images/corn gray leaf spot/add (8).jpg,Corn___Cercospora_leaf_spot Gray_leaf_spot,Corn___Cercospora_leaf_spot Gray_leaf_spot,0.930548
plantwild/extracted/plantwild/images/corn gray leaf spot/add (9).jpg,Corn___Cercospora_leaf_spot Gray_leaf_spot,Corn___healthy,0.935529
plantwild/extracted/plantwild/images/corn gray leaf spot/google_0000.jpg,Corn___Cercospora_leaf_spot Gray_leaf_spot,Cherry___healthy,0.513565
plantwild/extracted/plantwild/images/corn gray leaf spot/google_0001.jpg,Corn___Cercospora_leaf_spot Gray_leaf_spot,Corn___Cercospora_leaf_spot Gray_leaf_spot,0.948050
plantwild/extracted/plantwild/images/corn gray leaf spot/google_0002.jpg,Corn___Cercospora_leaf_spot Gray_leaf_spot,Corn___Cercospora_leaf_spot Gray_leaf_spot,0.738262
plantwild/extracted/plantwild/images/corn gray leaf spot/google_0003.jpg,Corn___Cercospora_leaf_spot Gray_leaf_spot,Corn___Cercospora_leaf_spot Gray_leaf_spot,0.897179
plantwild/extracted/plantwild/images/corn gray leaf spot/google_0004.jpg,Corn___Cercospora_leaf_spot Gray_leaf_spot,Cherry___healthy,0.842573
plantwild/extracted/plantwild/images/corn gray leaf spot/google_0005.jpg,Corn___Cercospora_leaf_spot Gray_leaf_spot,Cherry___healthy,0.612229
plantwild/extracted/plantwild/images/corn gray leaf spot/google_0006.jpg,Corn___Cercospora_leaf_spot Gray_leaf_spot,Corn___Cercospora_leaf_spot Gray_leaf_spot,0.936752
plantwild/extracted/plantwild/images/corn gray leaf spot/google_0007.jpg,Corn___Cercospora_leaf_spot Gray_leaf_spot,"Pepper,_bell___healthy",0.412987
plantwild/extracted/plantwild/images/corn gray leaf spot/google_0008.jpg,Corn___Cercospora_leaf_spot Gray_leaf_spot,Corn___Northern_Leaf_Blight,0.893804
plantwild/extracted/plantwild/images/corn gray leaf spot/google_0009.jpg,Corn___Cercospora_leaf_spot Gray_leaf_spot,Corn___healthy,0.948743
plantwild/extracted/plantwild/images/corn gray leaf spot/google_0010.jpg,Corn___Cercospora_leaf_spot Gray_leaf_spot,Corn___Cercospora_leaf_spot Gray_leaf_spot,0.938581
plantwild/extracted/plantwild/images/corn gray leaf spot/google_0011.jpg,Corn___Cercospora_leaf_spot Gray_leaf_spot,Corn___healthy,0.886064
plantwild/extracted/plantwild/images/corn gray leaf spot/google_0014.jpg,Corn___Cercospora_leaf_spot Gray_leaf_spot,"Pepper,_bell___healthy",0.641327
plantwild/extracted/plantwild/images/corn gray leaf spot/google_0015.jpg,Corn___Cercospora_leaf_spot Gray_leaf_spot,"Pepper,_bell___healthy",0.212071
plantwild/extracted/plantwild/images/corn gray leaf spot/google_0017.jpg,Corn___Cercospora_leaf_spot Gray_leaf_spot,Corn___healthy,0.271300
plantwild/extracted/plantwild/images/corn gray leaf spot/google_0018.jpg,Corn___Cercospora_leaf_spot Gray_leaf_spot,Corn___Cercospora_leaf_spot Gray_leaf_spot,0.917606
plantwild/extracted/plantwild/images/corn gray leaf spot/google_0020.jpg,Corn___Cercospora_leaf_spot Gray_leaf_spot,Corn___Cercospora_leaf_spot Gray_leaf_spot,0.936329
plantwild/extracted/plantwild/images/corn gray leaf spot/google_0021.jpg,Corn___Cercospora_leaf_spot Gray_leaf_spot,Corn___Cercospora_leaf_spot Gray_leaf_spot,0.542835
plantwild/extracted/plantwild/images/corn gray leaf spot/google_0023.jpg,Corn___Cercospora_leaf_spot Gray_leaf_spot,Corn___Cercospora_leaf_spot Gray_leaf_spot,0.945375
plantwild/extracted/plantwild/images/corn gray leaf spot/google_0024.jpg,Corn___Cercospora_leaf_spot Gray_leaf_spot,Tomato___Early_blight,0.224375
plantwild/extracted/plantwild/images/corn gray leaf spot/google_0025.jpg,Corn___Cercospora_leaf_spot Gray_leaf_spot,Corn___Cercospora_leaf_spot Gray_leaf_spot,0.915568
plantwild/extracted/plantwild/images/corn gray leaf spot/google_0026.jpg,Corn___Cercospora_leaf_spot Gray_leaf_spot,Tomato___healthy,0.462706
plantwild/extracted/plantwild/images/corn gray leaf spot/google_0028.jpg,Corn___Cercospora_leaf_spot Gray_leaf_spot,Corn___healthy,0.631820
plantwild/extracted/plantwild/images/corn gray leaf spot/google_0029.jpg,Corn___Cercospora_leaf_spot Gray_leaf_spot,"Pepper,_bell___healthy",0.678562
plantwild/extracted/plantwild/images/corn gray leaf spot/google_0033.jpg,Corn___Cercospora_leaf_spot Gray_leaf_spot,Corn___Cercospora_leaf_spot Gray_leaf_spot,0.914781
plantwild/extracted/plantwild/images/corn gray leaf spot/google_0034.jpg,Corn___Cercospora_leaf_spot Gray_leaf_spot,Corn___Cercospora_leaf_spot Gray_leaf_spot,0.794070
plantwild/extracted/plantwild/images/corn gray leaf spot/google_0035.jpg,Corn___Cercospora_leaf_spot Gray_leaf_spot,Corn___Cercospora_leaf_spot Gray_leaf_spot,0.953103
plantwild/extracted/plantwild/images/corn gray leaf spot/google_0036.jpg,Corn___Cercospora_leaf_spot Gray_leaf_spot,Corn___Cercospora_leaf_spot Gray_leaf_spot,0.741703
plantwild/extracted/plantwild/images/corn gray leaf spot/google_0038.jpg,Corn___Cercospora_leaf_spot Gray_leaf_spot,Corn___Cercospora_leaf_spot Gray_leaf_spot,0.897615
plantwild/extracted/plantwild/images/corn gray leaf spot/google_0040.jpg,Corn___Cercospora_leaf_spot Gray_leaf_spot,Corn___Common_rust,0.585585
plantwild/extracted/plantwild/images/corn gray leaf spot/google_0041.jpg,Corn___Cercospora_leaf_spot Gray_leaf_spot,Strawberry___Leaf_scorch,0.939762
plantwild/extracted/plantwild/images/corn gray leaf spot/google_0044.jpg,Corn___Cercospora_leaf_spot Gray_leaf_spot,Corn___Cercospora_leaf_spot Gray_leaf_spot,0.780047
plantwild/extracted/plantwild/images/corn gray leaf spot/google_0045.jpg,Corn___Cercospora_leaf_spot Gray_leaf_spot,Apple___Black_rot,0.279897
plantwild/extracted/plantwild/images/corn gray leaf spot/google_0046.jpg,Corn___Cercospora_leaf_spot Gray_leaf_spot,Tomato___Early_blight,0.470848
plantwild/extracted/plantwild/images/corn gray leaf spot/google_0047.jpg,Corn___Cercospora_leaf_spot Gray_leaf_spot,Corn___Cercospora_leaf_spot Gray_leaf_spot,0.943920
plantwild/extracted/plantwild/images/corn gray leaf spot/google_0048.jpg,Corn___Cercospora_leaf_spot Gray_leaf_spot,Corn___Cercospora_leaf_spot Gray_leaf_spot,0.922143
plantwild/extracted/plantwild/images/corn gray leaf spot/google_0049.jpg,Corn___Cercospora_leaf_spot Gray_leaf_spot,Corn___healthy,0.633607
plantwild/extracted/plantwild/images/corn gray leaf spot/google_0050.jpg,Corn___Cercospora_leaf_spot Gray_leaf_spot,Corn___Common_rust,0.912253
plantwild/extracted/plantwild/images/corn gray leaf spot/google_0051.jpg,Corn___Cercospora_leaf_spot Gray_leaf_spot,Corn___Cercospora_leaf_spot Gray_leaf_spot,0.941792
plantwild/extracted/plantwild/images/corn gray leaf spot/google_0053.jpg,Corn___Cercospora_leaf_spot Gray_leaf_spot,"Pepper,_bell___healthy",0.752884
plantwild/extracted/plantwild/images/corn gray leaf spot/google_0054.jpg,Corn___Cercospora_leaf_spot Gray_leaf_spot,"Pepper,_bell___healthy",0.916050
plantwild/extracted/plantwild/images/corn gray leaf spot/google_0055.jpg,Corn___Cercospora_leaf_spot Gray_leaf_spot,Corn___Cercospora_leaf_spot Gray_leaf_spot,0.939349
plantwild/extracted/plantwild/images/corn gray leaf spot/google_0057.jpg,Corn___Cercospora_leaf_spot Gray_leaf_spot,"Pepper,_bell___healthy",0.924681
plantwild/extracted/plantwild/images/corn gray leaf spot/google_0059.jpg,Corn___Cercospora_leaf_spot Gray_leaf_spot,Apple___Black_rot,0.409880
plantwild/extracted/plantwild/images/corn gray leaf spot/google_0060.jpg,Corn___Cercospora_leaf_spot Gray_leaf_spot,Strawberry___Leaf_scorch,0.793845
plantwild/extracted/plantwild/images/corn gray leaf spot/google_0061.jpg,Corn___Cercospora_leaf_spot Gray_leaf_spot,Corn___Cercospora_leaf_spot Gray_leaf_spot,0.906972
plantwild/extracted/plantwild/images/corn gray leaf spot/google_0062.jpg,Corn___Cercospora_leaf_spot Gray_leaf_spot,Corn___healthy,0.395851
plantwild/extracted/plantwild/images/corn gray leaf spot/google_0063.jpg,Corn___Cercospora_leaf_spot Gray_leaf_spot,"Pepper,_bell___healthy",0.922978
plantwild/extracted/plantwild/images/corn gray leaf spot/google_0064.jpg,Corn___Cercospora_leaf_spot Gray_leaf_spot,"Pepper,_bell___healthy",0.935421
plantwild/extracted/plantwild/images/corn gray leaf spot/google_0066.jpg,Corn___Cercospora_leaf_spot Gray_leaf_spot,"Pepper,_bell___healthy",0.862227
plantwild/extracted/plantwild/images/corn gray leaf spot/google_0067.jpg,Corn___Cercospora_leaf_spot Gray_leaf_spot,Corn___Cercospora_leaf_spot Gray_leaf_spot,0.953435
plantwild/extracted/plantwild/images/corn gray leaf spot/google_0068.jpg,Corn___Cercospora_leaf_spot Gray_leaf_spot,Corn___Cercospora_leaf_spot Gray_leaf_spot,0.951078
plantwild/extracted/plantwild/images/corn gray leaf spot/google_0072.jpg,Corn___Cercospora_leaf_spot Gray_leaf_spot,Corn___Cercospora_leaf_spot Gray_leaf_spot,0.932589
plantwild/extracted/plantwild/images/corn gray leaf spot/google_0074.jpg,Corn___Cercospora_leaf_spot Gray_leaf_spot,Corn___Cercospora_leaf_spot Gray_leaf_spot,0.741315
plantwild/extracted/plantwild/images/corn gray leaf spot/google_0075.jpg,Corn___Cercospora_leaf_spot Gray_leaf_spot,Corn___Cercospora_leaf_spot Gray_leaf_spot,0.936761
plantwild/extracted/plantwild/images/corn gray leaf spot/google_0076.jpg,Corn___Cercospora_leaf_spot Gray_leaf_spot,Corn___Cercospora_leaf_spot Gray_leaf_spot,0.928703
plantwild/extracted/plantwild/images/corn gray leaf spot/google_0077.jpg,Corn___Cercospora_leaf_spot Gray_leaf_spot,Corn___healthy,0.619121
plantwild/extracted/plantwild/images/corn gray leaf spot/google_0079.jpg,Corn___Cercospora_leaf_spot Gray_leaf_spot,Corn___healthy,0.912404
plantwild/extracted/plantwild/images/corn gray leaf spot/google_0081.jpg,Corn___Cercospora_leaf_spot Gray_leaf_spot,Corn___Cercospora_leaf_spot Gray_leaf_spot,0.933677
plantwild/extracted/plantwild/images/corn gray leaf spot/google_0083.jpg,Corn___Cercospora_leaf_spot Gray_leaf_spot,Corn___Northern_Leaf_Blight,0.949922
plantwild/extracted/plantwild/images/corn gray leaf spot/google_0084.jpg,Corn___Cercospora_leaf_spot Gray_leaf_spot,Corn___Cercospora_leaf_spot Gray_leaf_spot,0.944174
plantwild/extracted/plantwild/images/corn gray leaf spot/google_0086.jpg,Corn___Cercospora_leaf_spot Gray_leaf_spot,Corn___Cercospora_leaf_spot Gray_leaf_spot,0.936832
plantwild/extracted/plantwild/images/corn gray leaf spot/google_0087.jpg,Corn___Cercospora_leaf_spot Gray_leaf_spot,Corn___Cercospora_leaf_spot Gray_leaf_spot,0.945080
plantwild/extracted/plantwild/images/corn gray leaf spot/google_0088.jpg,Corn___Cercospora_leaf_spot Gray_leaf_spot,Corn___Cercospora_leaf_spot Gray_leaf_spot,0.725799
plantwild/extracted/plantwild/images/corn gray leaf spot/google_0089.jpg,Corn___Cercospora_leaf_spot Gray_leaf_spot,Corn___healthy,0.540887
plantwild/extracted/plantwild/images/corn gray leaf spot/google_0090.jpg,Corn___Cercospora_leaf_spot Gray_leaf_spot,Corn___healthy,0.496228
plantwild/extracted/plantwild/images/corn gray leaf spot/google_0094.jpg,Corn___Cercospora_leaf_spot Gray_leaf_spot,Corn___Cercospora_leaf_spot Gray_leaf_spot,0.950073
plantwild/extracted/plantwild/images/corn gray leaf spot/google_0095.jpg,Corn___Cercospora_leaf_spot Gray_leaf_spot,Corn___Cercospora_leaf_spot Gray_leaf_spot,0.941135
plantwild/extracted/plantwild/images/corn gray leaf spot/google_0096.jpg,Corn___Cercospora_leaf_spot Gray_leaf_spot,Corn___Cercospora_leaf_spot Gray_leaf_spot,0.945843
plantwild/extracted/plantwild/images/corn gray leaf spot/google_0097.jpg,Corn___Cercospora_leaf_spot Gray_leaf_spot,Strawberry___Leaf_scorch,0.863574
plantwild/extracted/plantwild/images/corn gray leaf spot/google_0100.jpg,Corn___Cercospora_leaf_spot Gray_leaf_spot,Tomato___healthy,0.236121
plantwild/extracted/plantwild/images/corn gray leaf spot/google_0101.jpg,Corn___Cercospora_leaf_spot Gray_leaf_spot,Corn___Cercospora_leaf_spot Gray_leaf_spot,0.935858
plantwild/extracted/plantwild/images/corn gray leaf spot/google_0102.jpg,Corn___Cercospora_leaf_spot Gray_leaf_spot,Corn___Cercospora_leaf_spot Gray_leaf_spot,0.904325
plantwild/extracted/plantwild/images/corn gray leaf spot/google_0104.jpg,Corn___Cercospora_leaf_spot Gray_leaf_spot,Corn___Northern_Leaf_Blight,0.938794
plantwild/extracted/plantwild/images/corn gray leaf spot/google_0105.jpg,Corn___Cercospora_leaf_spot Gray_leaf_spot,Strawberry___Leaf_scorch,0.797451
plantwild/extracted/plantwild/images/corn gray leaf spot/google_0106.jpg,Corn___Cercospora_leaf_spot Gray_leaf_spot,Corn___Northern_Leaf_Blight,0.946969
plantwild/extracted/plantwild/images/corn gray leaf spot/google_0107.jpg,Corn___Cercospora_leaf_spot Gray_leaf_spot,Corn___Cercospora_leaf_spot Gray_leaf_spot,0.849607
plantwild/extracted/plantwild/images/corn gray leaf spot/google_0108.jpg,Corn___Cercospora_leaf_spot Gray_leaf_spot,Corn___Cercospora_leaf_spot Gray_leaf_spot,0.959940
plantwild/extracted/plantwild/images/corn gray leaf spot/google_0109.jpg,Corn___Cercospora_leaf_spot Gray_leaf_spot,"Pepper,_bell___healthy",0.342444
plantwild/extracted/plantwild/images/corn gray leaf spot/google_0115.jpg,Corn___Cercospora_leaf_spot Gray_leaf_spot,Corn___Cercospora_leaf_spot Gray_leaf_spot,0.520576
plantwild/extracted/plantwild/images/corn gray leaf spot/google_0117.jpg,Corn___Cercospora_leaf_spot Gray_leaf_spot,Corn___healthy,0.807091
plantwild/extracted/plantwild/images/corn gray leaf spot/google_0118.jpg,Corn___Cercospora_leaf_spot Gray_leaf_spot,Strawberry___Leaf_scorch,0.290399
plantwild/extracted/plantwild/images/corn gray leaf spot/google_0119.jpg,Corn___Cercospora_leaf_spot Gray_leaf_spot,"Pepper,_bell___healthy",0.839239
plantwild/extracted/plantwild/images/corn gray leaf spot/google_0122.jpg,Corn___Cercospora_leaf_spot Gray_leaf_spot,Corn___Cercospora_leaf_spot Gray_leaf_spot,0.951869
plantwild/extracted/plantwild/images/corn gray leaf spot/google_0123.jpg,Corn___Cercospora_leaf_spot Gray_leaf_spot,Grape___Esca_(Black_Measles),0.810354
plantwild/extracted/plantwild/images/corn gray leaf spot/google_0124.jpg,Corn___Cercospora_leaf_spot Gray_leaf_spot,"Pepper,_bell___healthy",0.479912
plantwild/extracted/plantwild/images/corn gray leaf spot/google_0127.jpg,Corn___Cercospora_leaf_spot Gray_leaf_spot,Corn___Northern_Leaf_Blight,0.948476
plantwild/extracted/plantwild/images/corn gray leaf spot/google_0128.jpg,Corn___Cercospora_leaf_spot Gray_leaf_spot,Corn___Northern_Leaf_Blight,0.931833
plantwild/extracted/plantwild/images/corn gray leaf spot/google_0129.jpg,Corn___Cercospora_leaf_spot Gray_leaf_spot,"Pepper,_bell___healthy",0.774034
plantwild/extracted/plantwild/images/corn gray leaf spot/google_0133.jpg,Corn___Cercospora_leaf_spot Gray_leaf_spot,Corn___Cercospora_leaf_spot Gray_leaf_spot,0.800098
plantwild/extracted/plantwild/images/corn gray leaf spot/google_0134.jpg,Corn___Cercospora_leaf_spot Gray_leaf_spot,Cherry___healthy,0.792099
plantwild/extracted/plantwild/images/corn gray leaf spot/google_0136.jpg,Corn___Cercospora_leaf_spot Gray_leaf_spot,Tomato___Early_blight,0.930453
plantwild/extracted/plantwild/images/corn gray leaf spot/google_0138.jpg,Corn___Cercospora_leaf_spot Gray_leaf_spot,"Pepper,_bell___healthy",0.805368
plantwild/extracted/plantwild/images/corn gray leaf spot/google_0139.jpg,Corn___Cercospora_leaf_spot Gray_leaf_spot,Corn___healthy,0.944714
plantwild/extracted/plantwild/images/corn gray leaf spot/google_0140.jpg,Corn___Cercospora_leaf_spot Gray_leaf_spot,Corn___Cercospora_leaf_spot Gray_leaf_spot,0.919166
plantwild/extracted/plantwild/images/corn gray leaf spot/google_0141.jpg,Corn___Cercospora_leaf_spot Gray_leaf_spot,"Pepper,_bell___healthy",0.875226
plantwild/extracted/plantwild/images/corn gray leaf spot/google_0142.jpg,Corn___Cercospora_leaf_spot Gray_leaf_spot,Corn___healthy,0.946142
plantwild/extracted/plantwild/images/corn gray leaf spot/google_0143.jpg,Corn___Cercospora_leaf_spot Gray_leaf_spot,Strawberry___Leaf_scorch,0.684531
plantwild/extracted/plantwild/images/corn gray leaf spot/google_0144.jpg,Corn___Cercospora_leaf_spot Gray_leaf_spot,Corn___healthy,0.469045
plantwild/extracted/plantwild/images/corn gray leaf spot/google_0145.jpg,Corn___Cercospora_leaf_spot Gray_leaf_spot,Corn___Cercospora_leaf_spot Gray_leaf_spot,0.944535
plantwild/extracted/plantwild/images/corn gray leaf spot/google_0147.jpg,Corn___Cercospora_leaf_spot Gray_leaf_spot,Corn___Cercospora_leaf_spot Gray_leaf_spot,0.945439
plantwild/extracted/plantwild/images/corn gray leaf spot/google_0149.jpg,Corn___Cercospora_leaf_spot Gray_leaf_spot,Corn___Cercospora_leaf_spot Gray_leaf_spot,0.949549
plantwild/extracted/plantwild/images/corn gray leaf spot/google_0150.jpg,Corn___Cercospora_leaf_spot Gray_leaf_spot,Corn___Northern_Leaf_Blight,0.929228
plantwild/extracted/plantwild/images/corn gray leaf spot/google_0151.jpg,Corn___Cercospora_leaf_spot Gray_leaf_spot,Corn___Cercospora_leaf_spot Gray_leaf_spot,0.941234
plantwild/extracted/plantwild/images/corn gray leaf spot/google_0152.jpg,Corn___Cercospora_leaf_spot Gray_leaf_spot,Corn___Cercospora_leaf_spot Gray_leaf_spot,0.946215
plantwild/extracted/plantwild/images/corn gray leaf spot/google_0153.jpg,Corn___Cercospora_leaf_spot Gray_leaf_spot,Corn___healthy,0.951469
plantwild/extracted/plantwild/images/corn gray leaf spot/google_0155.jpg,Corn___Cercospora_leaf_spot Gray_leaf_spot,Corn___healthy,0.426424
plantwild/extracted/plantwild/images/corn gray leaf spot/google_0157.jpg,Corn___Cercospora_leaf_spot Gray_leaf_spot,"Pepper,_bell___healthy",0.498298
plantwild/extracted/plantwild/images/corn gray leaf spot/google_0159.jpg,Corn___Cercospora_leaf_spot Gray_leaf_spot,Corn___Cercospora_leaf_spot Gray_leaf_spot,0.811225
plantwild/extracted/plantwild/images/corn gray leaf spot/google_0160.jpg,Corn___Cercospora_leaf_spot Gray_leaf_spot,Tomato___Early_blight,0.240249
plantwild/extracted/plantwild/images/corn gray leaf spot/google_0161.jpg,Corn___Cercospora_leaf_spot Gray_leaf_spot,Corn___Cercospora_leaf_spot Gray_leaf_spot,0.951461
plantwild/extracted/plantwild/images/corn gray leaf spot/google_0162.jpg,Corn___Cercospora_leaf_spot Gray_leaf_spot,Corn___healthy,0.854325
plantwild/extracted/plantwild/images/corn gray leaf spot/google_0165.jpg,Corn___Cercospora_leaf_spot Gray_leaf_spot,Corn___Cercospora_leaf_spot Gray_leaf_spot,0.776254
plantwild/extracted/plantwild/images/corn gray leaf spot/google_0166.jpg,Corn___Cercospora_leaf_spot Gray_leaf_spot,Corn___Cercospora_leaf_spot Gray_leaf_spot,0.924670
plantwild/extracted/plantwild/images/corn gray leaf spot/google_0168.jpg,Corn___Cercospora_leaf_spot Gray_leaf_spot,Corn___Cercospora_leaf_spot Gray_leaf_spot,0.951204
plantwild/extracted/plantwild/images/corn gray leaf spot/google_0169.jpg,Corn___Cercospora_leaf_spot Gray_leaf_spot,Strawberry___Leaf_scorch,0.417017
plantwild/extracted/plantwild/images/corn gray leaf spot/google_0172.jpg,Corn___Cercospora_leaf_spot Gray_leaf_spot,Corn___Cercospora_leaf_spot Gray_leaf_spot,0.898501
plantwild/extracted/plantwild/images/corn gray leaf spot/google_0173.jpg,Corn___Cercospora_leaf_spot Gray_leaf_spot,Corn___healthy,0.496880
plantwild/extracted/plantwild/images/corn gray leaf spot/google_0174.jpg,Corn___Cercospora_leaf_spot Gray_leaf_spot,Corn___Northern_Leaf_Blight,0.787565
plantwild/extracted/plantwild/images/corn gray leaf spot/google_0175.jpg,Corn___Cercospora_leaf_spot Gray_leaf_spot,Corn___healthy,0.639764
plantwild/extracted/plantwild/images/corn gray leaf spot/google_0176.jpg,Corn___Cercospora_leaf_spot Gray_leaf_spot,"Pepper,_bell___healthy",0.594314
plantwild/extracted/plantwild/images/corn gray leaf spot/google_0179.jpg,Corn___Cercospora_leaf_spot Gray_leaf_spot,Tomato___Early_blight,0.696712
plantwild/extracted/plantwild/images/corn gray leaf spot/google_0180.jpg,Corn___Cercospora_leaf_spot Gray_leaf_spot,Strawberry___Leaf_scorch,0.909523
plantwild/extracted/plantwild/images/corn gray leaf spot/google_0182.jpg,Corn___Cercospora_leaf_spot Gray_leaf_spot,Corn___Cercospora_leaf_spot Gray_leaf_spot,0.935013
plantwild/extracted/plantwild/images/corn gray leaf spot/google_0186.jpg,Corn___Cercospora_leaf_spot Gray_leaf_spot,Tomato___Early_blight,0.338299
plantwild/extracted/plantwild/images/corn gray leaf spot/google_0187.jpg,Corn___Cercospora_leaf_spot Gray_leaf_spot,Corn___Cercospora_leaf_spot Gray_leaf_spot,0.862613
plantwild/extracted/plantwild/images/corn gray leaf spot/google_0188.jpg,Corn___Cercospora_leaf_spot Gray_leaf_spot,Corn___Cercospora_leaf_spot Gray_leaf_spot,0.951551
plantwild/extracted/plantwild/images/corn gray leaf spot/google_0189.jpg,Corn___Cercospora_leaf_spot Gray_leaf_spot,Corn___Cercospora_leaf_spot Gray_leaf_spot,0.459949
plantwild/extracted/plantwild/images/corn gray leaf spot/google_0190.jpg,Corn___Cercospora_leaf_spot Gray_leaf_spot,Corn___healthy,0.936322
plantwild/extracted/plantwild/images/corn gray leaf spot/google_0192.jpg,Corn___Cercospora_leaf_spot Gray_leaf_spot,Corn___Cercospora_leaf_spot Gray_leaf_spot,0.937476
plantwild/extracted/plantwild/images/corn gray leaf spot/google_0194.jpg,Corn___Cercospora_leaf_spot Gray_leaf_spot,Corn___Northern_Leaf_Blight,0.913253
plantwild/extracted/plantwild/images/corn gray leaf spot/google_0195.jpg,Corn___Cercospora_leaf_spot Gray_leaf_spot,Corn___Cercospora_leaf_spot Gray_leaf_spot,0.939400
plantwild/extracted/plantwild/images/corn gray leaf spot/google_0196.jpg,Corn___Cercospora_leaf_spot Gray_leaf_spot,Corn___Cercospora_leaf_spot Gray_leaf_spot,0.864837
plantwild/extracted/plantwild/images/corn gray leaf spot/google_0197.jpg,Corn___Cercospora_leaf_spot Gray_leaf_spot,Corn___Cercospora_leaf_spot Gray_leaf_spot,0.920928
plantwild/extracted/plantwild/images/corn gray leaf spot/google_0198.jpg,Corn___Cercospora_leaf_spot Gray_leaf_spot,Tomato___Early_blight,0.860145
plantwild/extracted/plantwild/images/corn gray leaf spot/google_0199.jpg,Corn___Cercospora_leaf_spot Gray_leaf_spot,"Pepper,_bell___healthy",0.799563
plantwild/extracted/plantwild/images/corn gray leaf spot/google_0203.jpg,Corn___Cercospora_leaf_spot Gray_leaf_spot,"Pepper,_bell___healthy",0.912852
plantwild/extracted/plantwild/images/corn gray leaf spot/google_0206.jpg,Corn___Cercospora_leaf_spot Gray_leaf_spot,Cherry___healthy,0.727369
plantwild/extracted/plantwild/images/corn gray leaf spot/google_0207.jpg,Corn___Cercospora_leaf_spot Gray_leaf_spot,Corn___Cercospora_leaf_spot Gray_leaf_spot,0.952010
plantwild/extracted/plantwild/images/corn gray leaf spot/google_0209.jpg,Corn___Cercospora_leaf_spot Gray_leaf_spot,"Pepper,_bell___healthy",0.491520
plantwild/extracted/plantwild/images/corn gray leaf spot/google_0211.jpg,Corn___Cercospora_leaf_spot Gray_leaf_spot,Corn___Cercospora_leaf_spot Gray_leaf_spot,0.946744
plantwild/extracted/plantwild/images/corn gray leaf spot/google_0214.jpg,Corn___Cercospora_leaf_spot Gray_leaf_spot,"Pepper,_bell___healthy",0.641330
plantwild/extracted/plantwild/images/corn gray leaf spot/google_0216.jpg,Corn___Cercospora_leaf_spot Gray_leaf_spot,Corn___Cercospora_leaf_spot Gray_leaf_spot,0.877358
plantwild/extracted/plantwild/images/corn gray leaf spot/google_0230.jpg,Corn___Cercospora_leaf_spot Gray_leaf_spot,Corn___Cercospora_leaf_spot Gray_leaf_spot,0.928861
plantwild/extracted/plantwild/images/corn gray leaf spot/google_0233.jpg,Corn___Cercospora_leaf_spot Gray_leaf_spot,Corn___Cercospora_leaf_spot Gray_leaf_spot,0.932072
plantwild/extracted/plantwild/images/corn gray leaf spot/google_0236.jpg,Corn___Cercospora_leaf_spot Gray_leaf_spot,Tomato___Early_blight,0.458038
plantwild/extracted/plantwild/images/corn gray leaf spot/google_0244.jpg,Corn___Cercospora_leaf_spot Gray_leaf_spot,"Pepper,_bell___healthy",0.319803
plantwild/extracted/plantwild/images/corn gray leaf spot/google_0245.jpg,Corn___Cercospora_leaf_spot Gray_leaf_spot,"Pepper,_bell___healthy",0.393746
plantwild/extracted/plantwild/images/corn gray leaf spot/google_0246.jpg,Corn___Cercospora_leaf_spot Gray_leaf_spot,"Pepper,_bell___healthy",0.538505
plantwild/extracted/plantwild/images/corn gray leaf spot/google_0257.jpg,Corn___Cercospora_leaf_spot Gray_leaf_spot,Corn___Northern_Leaf_Blight,0.954068
plantwild/extracted/plantwild/images/corn gray leaf spot/google_0258.jpg,Corn___Cercospora_leaf_spot Gray_leaf_spot,Corn___Cercospora_leaf_spot Gray_leaf_spot,0.933648
plantwild/extracted/plantwild/images/corn gray leaf spot/google_0270.jpg,Corn___Cercospora_leaf_spot Gray_leaf_spot,Tomato___Early_blight,0.794383
plantwild/extracted/plantwild/images/corn gray leaf spot/google_0274.jpg,Corn___Cercospora_leaf_spot Gray_leaf_spot,Corn___Cercospora_leaf_spot Gray_leaf_spot,0.946750
plantwild/extracted/plantwild/images/corn gray leaf spot/google_0286.jpg,Corn___Cercospora_leaf_spot Gray_leaf_spot,"Pepper,_bell___healthy",0.402042
plantwild/extracted/plantwild/images/corn gray leaf spot/google_0293.jpg,Corn___Cercospora_leaf_spot Gray_leaf_spot,Corn___Cercospora_leaf_spot Gray_leaf_spot,0.952565
plantwild/extracted/plantwild/images/corn gray leaf spot/google_0296.jpg,Corn___Cercospora_leaf_spot Gray_leaf_spot,Tomato___Early_blight,0.781559
plantwild/extracted/plantwild/images/corn gray leaf spot/google_0298.jpg,Corn___Cercospora_leaf_spot Gray_leaf_spot,Corn___Cercospora_leaf_spot Gray_leaf_spot,0.905042
plantwild/extracted/plantwild/images/corn gray leaf spot/google_0300.jpg,Corn___Cercospora_leaf_spot Gray_leaf_spot,Apple___Black_rot,0.404948
plantwild/extracted/plantwild/images/corn gray leaf spot/google_0301.jpg,Corn___Cercospora_leaf_spot Gray_leaf_spot,Corn___Common_rust,0.428428
plantwild/extracted/plantwild/images/corn gray leaf spot/google_0313.jpg,Corn___Cercospora_leaf_spot Gray_leaf_spot,Corn___Cercospora_leaf_spot Gray_leaf_spot,0.608898
plantwild/extracted/plantwild/images/corn gray leaf spot/google_0327.jpg,Corn___Cercospora_leaf_spot Gray_leaf_spot,Corn___Cercospora_leaf_spot Gray_leaf_spot,0.956900
plantwild/extracted/plantwild/images/corn gray leaf spot/google_0337.jpg,Corn___Cercospora_leaf_spot Gray_leaf_spot,Corn___Cercospora_leaf_spot Gray_leaf_spot,0.929241
plantwild/extracted/plantwild/images/corn gray leaf spot/google_0373.jpg,Corn___Cercospora_leaf_spot Gray_leaf_spot,"Pepper,_bell___healthy",0.529149
plantwild/extracted/plantwild/images/corn gray leaf spot/google_0385.jpg,Corn___Cercospora_leaf_spot Gray_leaf_spot,Corn___Cercospora_leaf_spot Gray_leaf_spot,0.949095
plantwild/extracted/plantwild/images/corn leaf/1.jpg,Corn___healthy,"Pepper,_bell___healthy",0.826970
plantwild/extracted/plantwild/images/corn leaf/10.jpg,Corn___healthy,Corn___healthy,0.950341
plantwild/extracted/plantwild/images/corn leaf/11.jpg,Corn___healthy,Tomato___Septoria_leaf_spot,0.225645
plantwild/extracted/plantwild/images/corn leaf/12.jpg,Corn___healthy,"Pepper,_bell___healthy",0.662822
plantwild/extracted/plantwild/images/corn leaf/13.jpg,Corn___healthy,Tomato___healthy,0.653559
plantwild/extracted/plantwild/images/corn leaf/14.jpg,Corn___healthy,Corn___healthy,0.950980
plantwild/extracted/plantwild/images/corn leaf/15.jpg,Corn___healthy,Corn___healthy,0.947499
plantwild/extracted/plantwild/images/corn leaf/16.jpg,Corn___healthy,Corn___healthy,0.504299
plantwild/extracted/plantwild/images/corn leaf/17.jpg,Corn___healthy,Cherry___healthy,0.677029
plantwild/extracted/plantwild/images/corn leaf/18.jpg,Corn___healthy,"Pepper,_bell___healthy",0.666548
plantwild/extracted/plantwild/images/corn leaf/19.jpg,Corn___healthy,Tomato___healthy,0.354069
plantwild/extracted/plantwild/images/corn leaf/2.jpg,Corn___healthy,Corn___healthy,0.903539
plantwild/extracted/plantwild/images/corn leaf/20.jpg,Corn___healthy,"Pepper,_bell___healthy",0.744959
plantwild/extracted/plantwild/images/corn leaf/21.jpg,Corn___healthy,Cherry___healthy,0.929610
plantwild/extracted/plantwild/images/corn leaf/22.jpg,Corn___healthy,Corn___Northern_Leaf_Blight,0.474941
plantwild/extracted/plantwild/images/corn leaf/23.jpg,Corn___healthy,Corn___healthy,0.953285
plantwild/extracted/plantwild/images/corn leaf/24.jpg,Corn___healthy,Cherry___healthy,0.939996
plantwild/extracted/plantwild/images/corn leaf/27.jpg,Corn___healthy,"Pepper,_bell___healthy",0.450740
plantwild/extracted/plantwild/images/corn leaf/28.jpg,Corn___healthy,Tomato___Septoria_leaf_spot,0.281468
plantwild/extracted/plantwild/images/corn leaf/29.jpg,Corn___healthy,Tomato___Septoria_leaf_spot,0.101269
plantwild/extracted/plantwild/images/corn leaf/3.jpg,Corn___healthy,"Pepper,_bell___healthy",0.932764
plantwild/extracted/plantwild/images/corn leaf/30.jpg,Corn___healthy,Tomato___Tomato_Yellow_Leaf_Curl_Virus,0.540631
plantwild/extracted/plantwild/images/corn leaf/31.jpg,Corn___healthy,"Pepper,_bell___healthy",0.937993
plantwild/extracted/plantwild/images/corn leaf/32.jpg,Corn___healthy,"Pepper,_bell___healthy",0.947069
plantwild/extracted/plantwild/images/corn leaf/33.jpg,Corn___healthy,Corn___healthy,0.951003
plantwild/extracted/plantwild/images/corn leaf/34 - Copy (2).jpg,Corn___healthy,"Pepper,_bell___healthy",0.870561
plantwild/extracted/plantwild/images/corn leaf/34 - Copy (3).jpg,Corn___healthy,Corn___healthy,0.948221
plantwild/extracted/plantwild/images/corn leaf/34 - Copy.jpg,Corn___healthy,Corn___healthy,0.946385
plantwild/extracted/plantwild/images/corn leaf/34.jpg,Corn___healthy,Corn___healthy,0.944830
plantwild/extracted/plantwild/images/corn leaf/35.jpg,Corn___healthy,Tomato___Target_Spot,0.098554
plantwild/extracted/plantwild/images/corn leaf/36.jpg,Corn___healthy,Tomato___Septoria_leaf_spot,0.117972
plantwild/extracted/plantwild/images/corn leaf/37.jpg,Corn___healthy,Tomato___Early_blight,0.449164
plantwild/extracted/plantwild/images/corn leaf/38.jpg,Corn___healthy,"Pepper,_bell___healthy",0.939291
plantwild/extracted/plantwild/images/corn leaf/39.jpg,Corn___healthy,"Pepper,_bell___healthy",0.941764
plantwild/extracted/plantwild/images/corn leaf/4.jpg,Corn___healthy,Cherry___healthy,0.893192
plantwild/extracted/plantwild/images/corn leaf/40.jpg,Corn___healthy,Corn___healthy,0.954456
plantwild/extracted/plantwild/images/corn leaf/41.jpg,Corn___healthy,"Pepper,_bell___healthy",0.726940
plantwild/extracted/plantwild/images/corn leaf/42.jpg,Corn___healthy,Corn___healthy,0.946225
plantwild/extracted/plantwild/images/corn leaf/43.jpg,Corn___healthy,Corn___healthy,0.753881
plantwild/extracted/plantwild/images/corn leaf/44.jpg,Corn___healthy,Corn___healthy,0.948730
plantwild/extracted/plantwild/images/corn leaf/45.jpg,Corn___healthy,Cherry___healthy,0.885313
plantwild/extracted/plantwild/images/corn leaf/46.jpg,Corn___healthy,"Pepper,_bell___healthy",0.937979
plantwild/extracted/plantwild/images/corn leaf/47.jpg,Corn___healthy,Tomato___Tomato_Yellow_Leaf_Curl_Virus,0.808123
plantwild/extracted/plantwild/images/corn leaf/48.jpg,Corn___healthy,"Pepper,_bell___healthy",0.507595
plantwild/extracted/plantwild/images/corn leaf/49.jpg,Corn___healthy,Corn___healthy,0.950150
plantwild/extracted/plantwild/images/corn leaf/5.jpg,Corn___healthy,"Pepper,_bell___healthy",0.920928
plantwild/extracted/plantwild/images/corn leaf/50.jpg,Corn___healthy,Corn___healthy,0.950270
plantwild/extracted/plantwild/images/corn leaf/51.jpg,Corn___healthy,Tomato___Early_blight,0.596127
plantwild/extracted/plantwild/images/corn leaf/54.jpg,Corn___healthy,"Pepper,_bell___healthy",0.940341
plantwild/extracted/plantwild/images/corn leaf/56.jpg,Corn___healthy,Corn___healthy,0.261649
plantwild/extracted/plantwild/images/corn leaf/57.jpg,Corn___healthy,Corn___healthy,0.951795
plantwild/extracted/plantwild/images/corn leaf/59.jpg,Corn___healthy,Tomato___Septoria_leaf_spot,0.159479
plantwild/extracted/plantwild/images/corn leaf/6.jpg,Corn___healthy,"Pepper,_bell___healthy",0.949935
plantwild/extracted/plantwild/images/corn leaf/60.jpg,Corn___healthy,Cherry___healthy,0.611513
plantwild/extracted/plantwild/images/corn leaf/62.jpg,Corn___healthy,Corn___healthy,0.945568
plantwild/extracted/plantwild/images/corn leaf/63.jpg,Corn___healthy,Peach___Bacterial_spot,0.532857
plantwild/extracted/plantwild/images/corn leaf/64.jpg,Corn___healthy,Cherry___healthy,0.910726
plantwild/extracted/plantwild/images/corn leaf/65.jpg,Corn___healthy,Tomato___Early_blight,0.246683
plantwild/extracted/plantwild/images/corn leaf/66.jpg,Corn___healthy,Cherry___healthy,0.913572
plantwild/extracted/plantwild/images/corn leaf/69.jpg,Corn___healthy,"Pepper,_bell___healthy",0.938418
plantwild/extracted/plantwild/images/corn leaf/7.jpg,Corn___healthy,Cherry___healthy,0.840273
plantwild/extracted/plantwild/images/corn leaf/70.jpg,Corn___healthy,Corn___healthy,0.837107
plantwild/extracted/plantwild/images/corn leaf/72.jpg,Corn___healthy,"Pepper,_bell___healthy",0.944782
plantwild/extracted/plantwild/images/corn leaf/74.jpg,Corn___healthy,Corn___healthy,0.950331
plantwild/extracted/plantwild/images/corn leaf/75.jpg,Corn___healthy,Corn___healthy,0.868286
plantwild/extracted/plantwild/images/corn leaf/77.jpg,Corn___healthy,Potato___healthy,0.478024
plantwild/extracted/plantwild/images/corn leaf/78.jpg,Corn___healthy,Cherry___healthy,0.495094
plantwild/extracted/plantwild/images/corn leaf/8.jpg,Corn___healthy,Cherry___healthy,0.896995
plantwild/extracted/plantwild/images/corn leaf/9.jpg,Corn___healthy,Tomato___Septoria_leaf_spot,0.134174
plantwild/extracted/plantwild/images/corn leaf/google_0000.jpg,Corn___healthy,Corn___healthy,0.940757
plantwild/extracted/plantwild/images/corn leaf/google_0001.jpg,Corn___healthy,"Pepper,_bell___healthy",0.551194
plantwild/extracted/plantwild/images/corn leaf/google_0002.jpg,Corn___healthy,"Pepper,_bell___healthy",0.920386
plantwild/extracted/plantwild/images/corn leaf/google_0003.jpg,Corn___healthy,"Pepper,_bell___healthy",0.885146
plantwild/extracted/plantwild/images/corn leaf/google_0004.jpg,Corn___healthy,Cherry___healthy,0.948758
plantwild/extracted/plantwild/images/corn leaf/google_0006.jpg,Corn___healthy,Corn___healthy,0.944913
plantwild/extracted/plantwild/images/corn leaf/google_0007.jpg,Corn___healthy,Corn___healthy,0.434122
plantwild/extracted/plantwild/images/corn leaf/google_0008.jpg,Corn___healthy,"Pepper,_bell___healthy",0.945810
plantwild/extracted/plantwild/images/corn leaf/google_0010.jpg,Corn___healthy,Tomato___Septoria_leaf_spot,0.116975
plantwild/extracted/plantwild/images/corn leaf/google_0011.jpg,Corn___healthy,Cherry___healthy,0.927827
plantwild/extracted/plantwild/images/corn leaf/google_0012.jpg,Corn___healthy,Corn___healthy,0.922229
plantwild/extracted/plantwild/images/corn leaf/google_0013.jpg,Corn___healthy,Corn___healthy,0.925551
plantwild/extracted/plantwild/images/corn leaf/google_0014.jpg,Corn___healthy,"Pepper,_bell___healthy",0.562838
plantwild/extracted/plantwild/images/corn leaf/google_0019.jpg,Corn___healthy,"Pepper,_bell___healthy",0.817311
plantwild/extracted/plantwild/images/corn leaf/google_0030.jpg,Corn___healthy,Corn___healthy,0.759923
plantwild/extracted/plantwild/images/corn leaf/google_0033.jpg,Corn___healthy,"Pepper,_bell___healthy",0.481225
plantwild/extracted/plantwild/images/corn leaf/google_0053.jpg,Corn___healthy,"Pepper,_bell___healthy",0.934635
plantwild/extracted/plantwild/images/corn leaf/google_0055.jpg,Corn___healthy,Tomato___Septoria_leaf_spot,0.152117
plantwild/extracted/plantwild/images/corn leaf/google_0063.jpg,Corn___healthy,Corn___healthy,0.951686
plantwild/extracted/plantwild/images/corn leaf/google_0074.jpg,Corn___healthy,Corn___Cercospora_leaf_spot Gray_leaf_spot,0.350386
plantwild/extracted/plantwild/images/corn leaf/google_0076.jpg,Corn___healthy,"Pepper,_bell___healthy",0.828939
plantwild/extracted/plantwild/images/corn leaf/google_0079.jpg,Corn___healthy,Corn___healthy,0.950926
plantwild/extracted/plantwild/images/corn leaf/google_0085.jpg,Corn___healthy,Corn___healthy,0.817077
plantwild/extracted/plantwild/images/corn leaf/google_0092.jpg,Corn___healthy,Corn___healthy,0.946536
plantwild/extracted/plantwild/images/corn leaf/google_0093.jpg,Corn___healthy,"Pepper,_bell___healthy",0.919053
plantwild/extracted/plantwild/images/corn leaf/google_0098.jpg,Corn___healthy,"Pepper,_bell___healthy",0.950115
plantwild/extracted/plantwild/images/corn leaf/google_0099.jpg,Corn___healthy,Corn___healthy,0.950881
plantwild/extracted/plantwild/images/corn leaf/google_0111.jpg,Corn___healthy,"Pepper,_bell___healthy",0.754616
plantwild/extracted/plantwild/images/corn leaf/google_0113.jpg,Corn___healthy,"Pepper,_bell___healthy",0.936962
plantwild/extracted/plantwild/images/corn leaf/google_0115.jpg,Corn___healthy,Tomato___Septoria_leaf_spot,0.228558
plantwild/extracted/plantwild/images/corn leaf/google_0119.jpg,Corn___healthy,Corn___healthy,0.950485
plantwild/extracted/plantwild/images/corn leaf/google_0124.jpg,Corn___healthy,"Pepper,_bell___healthy",0.768052
plantwild/extracted/plantwild/images/corn leaf/google_0133.jpg,Corn___healthy,Tomato___Early_blight,0.532715
plantwild/extracted/plantwild/images/corn leaf/google_0134.jpg,Corn___healthy,"Pepper,_bell___healthy",0.851826
plantwild/extracted/plantwild/images/corn leaf/google_0144.jpg,Corn___healthy,"Pepper,_bell___healthy",0.873964
plantwild/extracted/plantwild/images/corn leaf/google_0148.jpg,Corn___healthy,"Pepper,_bell___healthy",0.901905
plantwild/extracted/plantwild/images/corn leaf/google_0150.jpg,Corn___healthy,Cherry___healthy,0.915527
plantwild/extracted/plantwild/images/corn leaf/google_0161.jpg,Corn___healthy,"Pepper,_bell___healthy",0.904008
plantwild/extracted/plantwild/images/corn leaf/google_0168.jpg,Corn___healthy,"Pepper,_bell___healthy",0.698261
plantwild/extracted/plantwild/images/corn leaf/google_0169.jpg,Corn___healthy,"Pepper,_bell___healthy",0.944084
plantwild/extracted/plantwild/images/corn leaf/google_0185.jpg,Corn___healthy,"Pepper,_bell___healthy",0.751485
plantwild/extracted/plantwild/images/corn leaf/google_0188.jpg,Corn___healthy,"Pepper,_bell___healthy",0.924266
plantwild/extracted/plantwild/images/corn leaf/google_0190.jpg,Corn___healthy,Corn___healthy,0.939943
plantwild/extracted/plantwild/images/corn leaf/google_0191.jpg,Corn___healthy,Tomato___Septoria_leaf_spot,0.133451
plantwild/extracted/plantwild/images/corn leaf/google_0198.jpg,Corn___healthy,Corn___healthy,0.949076
plantwild/extracted/plantwild/images/corn leaf/google_0223.jpg,Corn___healthy,Corn___healthy,0.924837
plantwild/extracted/plantwild/images/corn leaf/google_0225.jpg,Corn___healthy,"Pepper,_bell___healthy",0.916776
plantwild/extracted/plantwild/images/corn leaf/google_0242.jpg,Corn___healthy,Corn___healthy,0.949081
plantwild/extracted/plantwild/images/corn leaf/google_0244.jpg,Corn___healthy,Tomato___Septoria_leaf_spot,0.141860
plantwild/extracted/plantwild/images/corn leaf/google_0247.jpg,Corn___healthy,"Pepper,_bell___healthy",0.927344
plantwild/extracted/plantwild/images/corn leaf/google_0260.jpg,Corn___healthy,Corn___healthy,0.951981
plantwild/extracted/plantwild/images/corn leaf/google_0266.jpg,Corn___healthy,Corn___healthy,0.953678
plantwild/extracted/plantwild/images/corn leaf/google_0269.jpg,Corn___healthy,"Pepper,_bell___healthy",0.883751
plantwild/extracted/plantwild/images/corn leaf/google_0275.jpg,Corn___healthy,Tomato___Septoria_leaf_spot,0.117139
plantwild/extracted/plantwild/images/corn leaf/google_0279.jpg,Corn___healthy,"Pepper,_bell___healthy",0.921559
plantwild/extracted/plantwild/images/corn leaf/google_0293.jpg,Corn___healthy,Corn___healthy,0.942261
plantwild/extracted/plantwild/images/corn leaf/google_0299.jpg,Corn___healthy,Cherry___healthy,0.754347
plantwild/extracted/plantwild/images/corn leaf/google_0308.jpg,Corn___healthy,Corn___healthy,0.890576
plantwild/extracted/plantwild/images/corn leaf/google_0316.jpg,Corn___healthy,Corn___healthy,0.942579
plantwild/extracted/plantwild/images/corn leaf/google_0322.jpg,Corn___healthy,Corn___healthy,0.764419
plantwild/extracted/plantwild/images/corn leaf/google_0331.jpg,Corn___healthy,Corn___healthy,0.811390
plantwild/extracted/plantwild/images/corn leaf/google_0366.jpg,Corn___healthy,Cherry___healthy,0.882187
plantwild/extracted/plantwild/images/corn leaf/google_0370.jpg,Corn___healthy,Tomato___Tomato_Yellow_Leaf_Curl_Virus,0.664281
plantwild/extracted/plantwild/images/corn leaf/google_0380.jpg,Corn___healthy,Cherry___healthy,0.759490
plantwild/extracted/plantwild/images/corn leaf/google_0389.jpg,Corn___healthy,Tomato___Tomato_Yellow_Leaf_Curl_Virus,0.202336
plantwild/extracted/plantwild/images/corn leaf/google_0395.jpg,Corn___healthy,"Pepper,_bell___healthy",0.919270
plantwild/extracted/plantwild/images/corn leaf/google_0411.jpg,Corn___healthy,"Pepper,_bell___healthy",0.877609
plantwild/extracted/plantwild/images/corn leaf/google_0423.jpg,Corn___healthy,Cherry___healthy,0.216420
plantwild/extracted/plantwild/images/corn leaf/google_0431.jpg,Corn___healthy,Tomato___Septoria_leaf_spot,0.175519
plantwild/extracted/plantwild/images/corn leaf/google_0432.jpg,Corn___healthy,Cherry___healthy,0.861572
plantwild/extracted/plantwild/images/corn leaf/google_0459.jpg,Corn___healthy,Cherry___healthy,0.817050
plantwild/extracted/plantwild/images/corn leaf/google_0483.jpg,Corn___healthy,"Pepper,_bell___healthy",0.330019
plantwild/extracted/plantwild/images/corn leaf/google_0537.jpg,Corn___healthy,Tomato___Target_Spot,0.091612
plantwild/extracted/plantwild/images/corn leaf/google_0538.jpg,Corn___healthy,"Pepper,_bell___healthy",0.936062
plantwild/extracted/plantwild/images/corn leaf/google_0543.jpg,Corn___healthy,Cherry___healthy,0.838255
plantwild/extracted/plantwild/images/corn leaf/google_0558.jpg,Corn___healthy,Apple___Black_rot,0.115467
plantwild/extracted/plantwild/images/corn leaf/google_0564.jpg,Corn___healthy,Cherry___healthy,0.658444
plantwild/extracted/plantwild/images/corn leaf/google_0571.jpg,Corn___healthy,Tomato___healthy,0.309712
plantwild/extracted/plantwild/images/corn leaf/google_0579.jpg,Corn___healthy,"Pepper,_bell___healthy",0.848215
plantwild/extracted/plantwild/images/corn leaf/google_0589.jpg,Corn___healthy,"Pepper,_bell___healthy",0.805654
plantwild/extracted/plantwild/images/corn leaf/google_0595.jpg,Corn___healthy,"Pepper,_bell___healthy",0.944861
plantwild/extracted/plantwild/images/corn leaf/google_0602.jpg,Corn___healthy,Cherry___healthy,0.829521
plantwild/extracted/plantwild/images/corn leaf/google_0610.jpg,Corn___healthy,"Pepper,_bell___healthy",0.900936
plantwild/extracted/plantwild/images/corn leaf/google_0618.jpg,Corn___healthy,Cherry___healthy,0.712318
plantwild/extracted/plantwild/images/corn leaf/google_0623.jpg,Corn___healthy,"Pepper,_bell___healthy",0.941827
plantwild/extracted/plantwild/images/corn leaf/google_0628.jpg,Corn___healthy,"Pepper,_bell___healthy",0.559231
plantwild/extracted/plantwild/images/corn leaf/google_0629.jpg,Corn___healthy,Cherry___healthy,0.930392
plantwild/extracted/plantwild/images/corn northern leaf blight/1 - Copy (2).jpg,Corn___Northern_Leaf_Blight,"Pepper,_bell___healthy",0.281379
plantwild/extracted/plantwild/images/corn northern leaf blight/1 - Copy (3).jpg,Corn___Northern_Leaf_Blight,"Pepper,_bell___healthy",0.403769
plantwild/extracted/plantwild/images/corn northern leaf blight/1 - Copy.jpg,Corn___Northern_Leaf_Blight,Corn___Cercospora_leaf_spot Gray_leaf_spot,0.954119
plantwild/extracted/plantwild/images/corn northern leaf blight/1.jpg,Corn___Northern_Leaf_Blight,Strawberry___Leaf_scorch,0.756164
plantwild/extracted/plantwild/images/corn northern leaf blight/10.jpg,Corn___Northern_Leaf_Blight,Corn___Northern_Leaf_Blight,0.908855
plantwild/extracted/plantwild/images/corn northern leaf blight/101.jpg,Corn___Northern_Leaf_Blight,Corn___healthy,0.885633
plantwild/extracted/plantwild/images/corn northern leaf blight/103.jpg,Corn___Northern_Leaf_Blight,Corn___healthy,0.332469
plantwild/extracted/plantwild/images/corn northern leaf blight/104.jpg,Corn___Northern_Leaf_Blight,Corn___healthy,0.942333
plantwild/extracted/plantwild/images/corn northern leaf blight/105.jpg,Corn___Northern_Leaf_Blight,Cherry___healthy,0.891655
plantwild/extracted/plantwild/images/corn northern leaf blight/11.jpg,Corn___Northern_Leaf_Blight,Cherry___healthy,0.806097
plantwild/extracted/plantwild/images/corn northern leaf blight/12.jpg,Corn___Northern_Leaf_Blight,Corn___Northern_Leaf_Blight,0.932076
plantwild/extracted/plantwild/images/corn northern leaf blight/13.jpg,Corn___Northern_Leaf_Blight,Corn___Northern_Leaf_Blight,0.544343
plantwild/extracted/plantwild/images/corn northern leaf blight/14.jpg,Corn___Northern_Leaf_Blight,Cherry___healthy,0.951004
plantwild/extracted/plantwild/images/corn northern leaf blight/16.jpg,Corn___Northern_Leaf_Blight,Corn___Northern_Leaf_Blight,0.841706
plantwild/extracted/plantwild/images/corn northern leaf blight/17.jpg,Corn___Northern_Leaf_Blight,"Pepper,_bell___healthy",0.753395
plantwild/extracted/plantwild/images/corn northern leaf blight/19.jpg,Corn___Northern_Leaf_Blight,Strawberry___Leaf_scorch,0.765826
plantwild/extracted/plantwild/images/corn northern leaf blight/2 - Copy (2).jpg,Corn___Northern_Leaf_Blight,Tomato___Late_blight,0.530911
plantwild/extracted/plantwild/images/corn northern leaf blight/2 - Copy (3).jpg,Corn___Northern_Leaf_Blight,Cherry___healthy,0.869402
plantwild/extracted/plantwild/images/corn northern leaf blight/2 - Copy.jpg,Corn___Northern_Leaf_Blight,Strawberry___Leaf_scorch,0.867626
plantwild/extracted/plantwild/images/corn northern leaf blight/2.jpg,Corn___Northern_Leaf_Blight,Cherry___healthy,0.802716
plantwild/extracted/plantwild/images/corn northern leaf blight/20.jpg,Corn___Northern_Leaf_Blight,"Pepper,_bell___healthy",0.795336
plantwild/extracted/plantwild/images/corn northern leaf blight/22.jpg,Corn___Northern_Leaf_Blight,Cherry___healthy,0.937159
plantwild/extracted/plantwild/images/corn northern leaf blight/23.jpg,Corn___Northern_Leaf_Blight,Corn___Northern_Leaf_Blight,0.940328
plantwild/extracted/plantwild/images/corn northern leaf blight/24.jpg,Corn___Northern_Leaf_Blight,Strawberry___Leaf_scorch,0.281470
plantwild/extracted/plantwild/images/corn northern leaf blight/27.jpg,Corn___Northern_Leaf_Blight,Corn___Northern_Leaf_Blight,0.700889
plantwild/extracted/plantwild/images/corn northern leaf blight/28.jpg,Corn___Northern_Leaf_Blight,"Pepper,_bell___healthy",0.732483
plantwild/extracted/plantwild/images/corn northern leaf blight/29.jpg,Corn___Northern_Leaf_Blight,Strawberry___Leaf_scorch,0.697063
plantwild/extracted/plantwild/images/corn northern leaf blight/3.jpg,Corn___Northern_Leaf_Blight,Cherry___healthy,0.823399
plantwild/extracted/plantwild/images/corn northern leaf blight/30.jpg,Corn___Northern_Leaf_Blight,Corn___Northern_Leaf_Blight,0.492722
plantwild/extracted/plantwild/images/corn northern leaf blight/31.jpg,Corn___Northern_Leaf_Blight,Cherry___healthy,0.867977
plantwild/extracted/plantwild/images/corn northern leaf blight/32.jpg,Corn___Northern_Leaf_Blight,Corn___Northern_Leaf_Blight,0.318583
plantwild/extracted/plantwild/images/corn northern leaf blight/33.jpg,Corn___Northern_Leaf_Blight,Cherry___healthy,0.852065
plantwild/extracted/plantwild/images/corn northern leaf blight/35.jpg,Corn___Northern_Leaf_Blight,"Pepper,_bell___healthy",0.891281
plantwild/extracted/plantwild/images/corn northern leaf blight/36.jpg,Corn___Northern_Leaf_Blight,Corn___healthy,0.868455
plantwild/extracted/plantwild/images/corn northern leaf blight/37.jpg,Corn___Northern_Leaf_Blight,Strawberry___Leaf_scorch,0.951006
plantwild/extracted/plantwild/images/corn northern leaf blight/38.jpg,Corn___Northern_Leaf_Blight,Corn___Northern_Leaf_Blight,0.448301
plantwild/extracted/plantwild/images/corn northern leaf blight/4.jpg,Corn___Northern_Leaf_Blight,Corn___Northern_Leaf_Blight,0.655348
plantwild/extracted/plantwild/images/corn northern leaf blight/40.jpg,Corn___Northern_Leaf_Blight,Corn___Cercospora_leaf_spot Gray_leaf_spot,0.914729
plantwild/extracted/plantwild/images/corn northern leaf blight/41.jpg,Corn___Northern_Leaf_Blight,"Pepper,_bell___healthy",0.868048
plantwild/extracted/plantwild/images/corn northern leaf blight/42.jpg,Corn___Northern_Leaf_Blight,Cherry___healthy,0.715272
plantwild/extracted/plantwild/images/corn northern leaf blight/43.jpg,Corn___Northern_Leaf_Blight,Corn___Cercospora_leaf_spot Gray_leaf_spot,0.595684
plantwild/extracted/plantwild/images/corn northern leaf blight/45.jpg,Corn___Northern_Leaf_Blight,"Pepper,_bell___healthy",0.796778
plantwild/extracted/plantwild/images/corn northern leaf blight/46.jpg,Corn___Northern_Leaf_Blight,Strawberry___Leaf_scorch,0.596544
plantwild/extracted/plantwild/images/corn northern leaf blight/47.jpg,Corn___Northern_Leaf_Blight,Corn___healthy,0.930224
plantwild/extracted/plantwild/images/corn northern leaf blight/48.jpg,Corn___Northern_Leaf_Blight,Cherry___healthy,0.348194
plantwild/extracted/plantwild/images/corn northern leaf blight/49.jpg,Corn___Northern_Leaf_Blight,Corn___healthy,0.569801
plantwild/extracted/plantwild/images/corn northern leaf blight/5.jpg,Corn___Northern_Leaf_Blight,"Pepper,_bell___healthy",0.897202
plantwild/extracted/plantwild/images/corn northern leaf blight/50.jpg,Corn___Northern_Leaf_Blight,Corn___healthy,0.942087
plantwild/extracted/plantwild/images/corn northern leaf blight/51.jpg,Corn___Northern_Leaf_Blight,"Pepper,_bell___healthy",0.494177
plantwild/extracted/plantwild/images/corn northern leaf blight/53.jpg,Corn___Northern_Leaf_Blight,Corn___healthy,0.403227
plantwild/extracted/plantwild/images/corn northern leaf blight/54.jpg,Corn___Northern_Leaf_Blight,"Pepper,_bell___healthy",0.428852
plantwild/extracted/plantwild/images/corn northern leaf blight/55.jpg,Corn___Northern_Leaf_Blight,Cherry___healthy,0.399617
plantwild/extracted/plantwild/images/corn northern leaf blight/56.jpg,Corn___Northern_Leaf_Blight,Corn___Cercospora_leaf_spot Gray_leaf_spot,0.435533
plantwild/extracted/plantwild/images/corn northern leaf blight/57.jpg,Corn___Northern_Leaf_Blight,Strawberry___Leaf_scorch,0.324591
plantwild/extracted/plantwild/images/corn northern leaf blight/58.jpg,Corn___Northern_Leaf_Blight,Tomato___Early_blight,0.675339
plantwild/extracted/plantwild/images/corn northern leaf blight/59.jpg,Corn___Northern_Leaf_Blight,Cherry___healthy,0.866262
plantwild/extracted/plantwild/images/corn northern leaf blight/6.jpg,Corn___Northern_Leaf_Blight,"Pepper,_bell___healthy",0.584202
plantwild/extracted/plantwild/images/corn northern leaf blight/61.jpg,Corn___Northern_Leaf_Blight,"Pepper,_bell___healthy",0.925499
plantwild/extracted/plantwild/images/corn northern leaf blight/62.jpg,Corn___Northern_Leaf_Blight,Corn___healthy,0.269409
plantwild/extracted/plantwild/images/corn northern leaf blight/64.jpg,Corn___Northern_Leaf_Blight,Corn___Northern_Leaf_Blight,0.454633
plantwild/extracted/plantwild/images/corn northern leaf blight/66.jpg,Corn___Northern_Leaf_Blight,Tomato___healthy,0.685513
plantwild/extracted/plantwild/images/corn northern leaf blight/68.jpg,Corn___Northern_Leaf_Blight,Corn___healthy,0.507789
plantwild/extracted/plantwild/images/corn northern leaf blight/69.jpg,Corn___Northern_Leaf_Blight,Cherry___healthy,0.724255
plantwild/extracted/plantwild/images/corn northern leaf blight/7.jpg,Corn___Northern_Leaf_Blight,"Pepper,_bell___healthy",0.386809
plantwild/extracted/plantwild/images/corn northern leaf blight/70 - Copy (3).jpg,Corn___Northern_Leaf_Blight,Corn___Northern_Leaf_Blight,0.927573
plantwild/extracted/plantwild/images/corn northern leaf blight/70 - Copy.jpg,Corn___Northern_Leaf_Blight,Corn___Cercospora_leaf_spot Gray_leaf_spot,0.493527
plantwild/extracted/plantwild/images/corn northern leaf blight/71.jpg,Corn___Northern_Leaf_Blight,Cherry___healthy,0.925619
plantwild/extracted/plantwild/images/corn northern leaf blight/72.jpg,Corn___Northern_Leaf_Blight,Cherry___healthy,0.896115
plantwild/extracted/plantwild/images/corn northern leaf blight/73.jpg,Corn___Northern_Leaf_Blight,Strawberry___Leaf_scorch,0.917103
plantwild/extracted/plantwild/images/corn northern leaf blight/76.jpg,Corn___Northern_Leaf_Blight,Corn___Cercospora_leaf_spot Gray_leaf_spot,0.867424
plantwild/extracted/plantwild/images/corn northern leaf blight/78.jpg,Corn___Northern_Leaf_Blight,"Pepper,_bell___healthy",0.844315
plantwild/extracted/plantwild/images/corn northern leaf blight/8.jpg,Corn___Northern_Leaf_Blight,Corn___healthy,0.766858
plantwild/extracted/plantwild/images/corn northern leaf blight/80.jpg,Corn___Northern_Leaf_Blight,"Pepper,_bell___healthy",0.683573
plantwild/extracted/plantwild/images/corn northern leaf blight/81.jpg,Corn___Northern_Leaf_Blight,Cherry___healthy,0.885419
plantwild/extracted/plantwild/images/corn northern leaf blight/82.jpg,Corn___Northern_Leaf_Blight,Corn___Cercospora_leaf_spot Gray_leaf_spot,0.345402
plantwild/extracted/plantwild/images/corn northern leaf blight/86 - Copy (2).jpg,Corn___Northern_Leaf_Blight,Corn___Northern_Leaf_Blight,0.954158
plantwild/extracted/plantwild/images/corn northern leaf blight/86 - Copy.jpg,Corn___Northern_Leaf_Blight,Corn___Northern_Leaf_Blight,0.932825
plantwild/extracted/plantwild/images/corn northern leaf blight/87.jpg,Corn___Northern_Leaf_Blight,Cherry___healthy,0.795195
plantwild/extracted/plantwild/images/corn northern leaf blight/88.jpg,Corn___Northern_Leaf_Blight,Corn___Northern_Leaf_Blight,0.784167
plantwild/extracted/plantwild/images/corn northern leaf blight/90 - Copy.jpg,Corn___Northern_Leaf_Blight,Cherry___healthy,0.851364
plantwild/extracted/plantwild/images/corn northern leaf blight/90.jpg,Corn___Northern_Leaf_Blight,Corn___Cercospora_leaf_spot Gray_leaf_spot,0.941866
plantwild/extracted/plantwild/images/corn northern leaf blight/91.jpg,Corn___Northern_Leaf_Blight,Cherry___healthy,0.609563
plantwild/extracted/plantwild/images/corn northern leaf blight/92.jpg,Corn___Northern_Leaf_Blight,Corn___healthy,0.951821
plantwild/extracted/plantwild/images/corn northern leaf blight/93.jpg,Corn___Northern_Leaf_Blight,Strawberry___Leaf_scorch,0.558873
plantwild/extracted/plantwild/images/corn northern leaf blight/95.jpg,Corn___Northern_Leaf_Blight,Corn___Cercospora_leaf_spot Gray_leaf_spot,0.672308
plantwild/extracted/plantwild/images/corn northern leaf blight/96.jpg,Corn___Northern_Leaf_Blight,Cherry___healthy,0.894031
plantwild/extracted/plantwild/images/corn northern leaf blight/97 - Copy.jpg,Corn___Northern_Leaf_Blight,"Pepper,_bell___healthy",0.866296
plantwild/extracted/plantwild/images/corn northern leaf blight/99.jpg,Corn___Northern_Leaf_Blight,Corn___Cercospora_leaf_spot Gray_leaf_spot,0.869313
plantwild/extracted/plantwild/images/corn northern leaf blight/add (10).jpg,Corn___Northern_Leaf_Blight,Corn___Cercospora_leaf_spot Gray_leaf_spot,0.652698
plantwild/extracted/plantwild/images/corn northern leaf blight/add (11).jpg,Corn___Northern_Leaf_Blight,Corn___Cercospora_leaf_spot Gray_leaf_spot,0.920019
plantwild/extracted/plantwild/images/corn northern leaf blight/add (12).jpg,Corn___Northern_Leaf_Blight,Tomato___healthy,0.532222
plantwild/extracted/plantwild/images/corn northern leaf blight/add (13).jpg,Corn___Northern_Leaf_Blight,Cherry___healthy,0.923755
plantwild/extracted/plantwild/images/corn northern leaf blight/add (14).jpg,Corn___Northern_Leaf_Blight,Cherry___healthy,0.897327
plantwild/extracted/plantwild/images/corn northern leaf blight/add (15).jpg,Corn___Northern_Leaf_Blight,Cherry___healthy,0.634561
plantwild/extracted/plantwild/images/corn northern leaf blight/add (17).jpg,Corn___Northern_Leaf_Blight,Corn___healthy,0.942087
plantwild/extracted/plantwild/images/corn northern leaf blight/add (18).jpg,Corn___Northern_Leaf_Blight,"Pepper,_bell___healthy",0.700579
plantwild/extracted/plantwild/images/corn northern leaf blight/add (19).jpg,Corn___Northern_Leaf_Blight,Corn___Northern_Leaf_Blight,0.586519
plantwild/extracted/plantwild/images/corn northern leaf blight/add (2).jpg,Corn___Northern_Leaf_Blight,"Pepper,_bell___healthy",0.489085
plantwild/extracted/plantwild/images/corn northern leaf blight/add (20).jpg,Corn___Northern_Leaf_Blight,"Pepper,_bell___healthy",0.909033
plantwild/extracted/plantwild/images/corn northern leaf blight/add (21).jpg,Corn___Northern_Leaf_Blight,Corn___Northern_Leaf_Blight,0.823352
plantwild/extracted/plantwild/images/corn northern leaf blight/add (22).jpg,Corn___Northern_Leaf_Blight,Strawberry___Leaf_scorch,0.604975
plantwild/extracted/plantwild/images/corn northern leaf blight/add (23).jpg,Corn___Northern_Leaf_Blight,Cherry___healthy,0.893775
plantwild/extracted/plantwild/images/corn northern leaf blight/add (24).jpg,Corn___Northern_Leaf_Blight,Strawberry___Leaf_scorch,0.917435
plantwild/extracted/plantwild/images/corn northern leaf blight/add (25).jpg,Corn___Northern_Leaf_Blight,"Pepper,_bell___healthy",0.842226
plantwild/extracted/plantwild/images/corn northern leaf blight/add (26).jpg,Corn___Northern_Leaf_Blight,Cherry___healthy,0.931938
plantwild/extracted/plantwild/images/corn northern leaf blight/add (27).jpg,Corn___Northern_Leaf_Blight,Corn___Northern_Leaf_Blight,0.832286
plantwild/extracted/plantwild/images/corn northern leaf blight/add (28).jpg,Corn___Northern_Leaf_Blight,Tomato___Early_blight,0.365412
plantwild/extracted/plantwild/images/corn northern leaf blight/add (29).jpg,Corn___Northern_Leaf_Blight,Corn___Northern_Leaf_Blight,0.947901
plantwild/extracted/plantwild/images/corn northern leaf blight/add (3).jpg,Corn___Northern_Leaf_Blight,Cherry___healthy,0.495646
plantwild/extracted/plantwild/images/corn northern leaf blight/add (30).jpg,Corn___Northern_Leaf_Blight,Corn___healthy,0.942333
plantwild/extracted/plantwild/images/corn northern leaf blight/add (4).jpg,Corn___Northern_Leaf_Blight,Corn___Cercospora_leaf_spot Gray_leaf_spot,0.954001
plantwild/extracted/plantwild/images/corn northern leaf blight/add (5).jpg,Corn___Northern_Leaf_Blight,Cherry___healthy,0.690689
plantwild/extracted/plantwild/images/corn northern leaf blight/add (6).jpg,Corn___Northern_Leaf_Blight,"Pepper,_bell___healthy",0.897202
plantwild/extracted/plantwild/images/corn northern leaf blight/add (7).jpg,Corn___Northern_Leaf_Blight,"Pepper,_bell___healthy",0.916049
plantwild/extracted/plantwild/images/corn northern leaf blight/add (8).jpg,Corn___Northern_Leaf_Blight,Corn___Northern_Leaf_Blight,0.932076
plantwild/extracted/plantwild/images/corn northern leaf blight/add (9).jpg,Corn___Northern_Leaf_Blight,Cherry___healthy,0.838654
plantwild/extracted/plantwild/images/corn northern leaf blight/google_0000.jpg,Corn___Northern_Leaf_Blight,Corn___Northern_Leaf_Blight,0.887501
plantwild/extracted/plantwild/images/corn northern leaf blight/google_0001.jpg,Corn___Northern_Leaf_Blight,"Pepper,_bell___healthy",0.927903
plantwild/extracted/plantwild/images/corn northern leaf blight/google_0002.jpg,Corn___Northern_Leaf_Blight,Corn___Cercospora_leaf_spot Gray_leaf_spot,0.936685
plantwild/extracted/plantwild/images/corn northern leaf blight/google_0003.jpg,Corn___Northern_Leaf_Blight,Corn___Northern_Leaf_Blight,0.948476
plantwild/extracted/plantwild/images/corn northern leaf blight/google_0005.jpg,Corn___Northern_Leaf_Blight,Strawberry___Leaf_scorch,0.712102
plantwild/extracted/plantwild/images/corn northern leaf blight/google_0006.jpg,Corn___Northern_Leaf_Blight,Cherry___healthy,0.767622
plantwild/extracted/plantwild/images/corn northern leaf blight/google_0007.jpg,Corn___Northern_Leaf_Blight,Strawberry___Leaf_scorch,0.447276
plantwild/extracted/plantwild/images/corn northern leaf blight/google_0008.jpg,Corn___Northern_Leaf_Blight,"Pepper,_bell___healthy",0.357541
plantwild/extracted/plantwild/images/corn northern leaf blight/google_0009.jpg,Corn___Northern_Leaf_Blight,Cherry___healthy,0.651052
plantwild/extracted/plantwild/images/corn northern leaf blight/google_0010.jpg,Corn___Northern_Leaf_Blight,Corn___Cercospora_leaf_spot Gray_leaf_spot,0.712008
plantwild/extracted/plantwild/images/corn northern leaf blight/google_0011.jpg,Corn___Northern_Leaf_Blight,Strawberry___Leaf_scorch,0.331123
plantwild/extracted/plantwild/images/corn northern leaf blight/google_0012.jpg,Corn___Northern_Leaf_Blight,Strawberry___Leaf_scorch,0.931326
plantwild/extracted/plantwild/images/corn northern leaf blight/google_0013.jpg,Corn___Northern_Leaf_Blight,"Pepper,_bell___healthy",0.924693
plantwild/extracted/plantwild/images/corn northern leaf blight/google_0014.jpg,Corn___Northern_Leaf_Blight,Cherry___healthy,0.789142
plantwild/extracted/plantwild/images/corn northern leaf blight/google_0015.jpg,Corn___Northern_Leaf_Blight,Corn___healthy,0.921776
plantwild/extracted/plantwild/images/corn northern leaf blight/google_0016.jpg,Corn___Northern_Leaf_Blight,Cherry___healthy,0.661784
plantwild/extracted/plantwild/images/corn northern leaf blight/google_0017.jpg,Corn___Northern_Leaf_Blight,Corn___Cercospora_leaf_spot Gray_leaf_spot,0.904267
plantwild/extracted/plantwild/images/corn northern leaf blight/google_0018.jpg,Corn___Northern_Leaf_Blight,Corn___healthy,0.493817
plantwild/extracted/plantwild/images/corn northern leaf blight/google_0019.jpg,Corn___Northern_Leaf_Blight,Corn___Northern_Leaf_Blight,0.954125
plantwild/extracted/plantwild/images/corn northern leaf blight/google_0020.jpg,Corn___Northern_Leaf_Blight,Strawberry___Leaf_scorch,0.451385
plantwild/extracted/plantwild/images/corn northern leaf blight/google_0021.jpg,Corn___Northern_Leaf_Blight,Cherry___healthy,0.806611
plantwild/extracted/plantwild/images/corn northern leaf blight/google_0022.jpg,Corn___Northern_Leaf_Blight,"Pepper,_bell___healthy",0.397228
plantwild/extracted/plantwild/images/corn northern leaf blight/google_0023.jpg,Corn___Northern_Leaf_Blight,Corn___Cercospora_leaf_spot Gray_leaf_spot,0.741703
plantwild/extracted/plantwild/images/corn northern leaf blight/google_0024.jpg,Corn___Northern_Leaf_Blight,Corn___Northern_Leaf_Blight,0.946969
plantwild/extracted/plantwild/images/corn northern leaf blight/google_0027.jpg,Corn___Northern_Leaf_Blight,Corn___Cercospora_leaf_spot Gray_leaf_spot,0.908795
plantwild/extracted/plantwild/images/corn northern leaf blight/google_0029.jpg,Corn___Northern_Leaf_Blight,Tomato___Late_blight,0.158739
plantwild/extracted/plantwild/images/corn northern leaf blight/google_0031.jpg,Corn___Northern_Leaf_Blight,Corn___healthy,0.631820
plantwild/extracted/plantwild/images/corn northern leaf blight/google_0032.jpg,Corn___Northern_Leaf_Blight,"Pepper,_bell___healthy",0.912708
plantwild/extracted/plantwild/images/corn northern leaf blight/google_0033.jpg,Corn___Northern_Leaf_Blight,Cherry___healthy,0.886678
plantwild/extracted/plantwild/images/corn northern leaf blight/google_0034.jpg,Corn___Northern_Leaf_Blight,Corn___Cercospora_leaf_spot Gray_leaf_spot,0.433408
plantwild/extracted/plantwild/images/corn northern leaf blight/google_0036.jpg,Corn___Northern_Leaf_Blight,Tomato___Early_blight,0.368785
plantwild/extracted/plantwild/images/corn northern leaf blight/google_0037.jpg,Corn___Northern_Leaf_Blight,Corn___Cercospora_leaf_spot Gray_leaf_spot,0.931086
plantwild/extracted/plantwild/images/corn northern leaf blight/google_0038.jpg,Corn___Northern_Leaf_Blight,"Pepper,_bell___healthy",0.838137
plantwild/extracted/plantwild/images/corn northern leaf blight/google_0039.jpg,Corn___Northern_Leaf_Blight,"Pepper,_bell___healthy",0.874758
plantwild/extracted/plantwild/images/corn northern leaf blight/google_0040.jpg,Corn___Northern_Leaf_Blight,Corn___healthy,0.912404
plantwild/extracted/plantwild/images/corn northern leaf blight/google_0041.jpg,Corn___Northern_Leaf_Blight,Tomato___Early_blight,0.479778
plantwild/extracted/plantwild/images/corn northern leaf blight/google_0042.jpg,Corn___Northern_Leaf_Blight,Corn___Northern_Leaf_Blight,0.771855
plantwild/extracted/plantwild/images/corn northern leaf blight/google_0043.jpg,Corn___Northern_Leaf_Blight,Corn___Cercospora_leaf_spot Gray_leaf_spot,0.314812
plantwild/extracted/plantwild/images/corn northern leaf blight/google_0044.jpg,Corn___Northern_Leaf_Blight,Corn___Northern_Leaf_Blight,0.428047
plantwild/extracted/plantwild/images/corn northern leaf blight/google_0045.jpg,Corn___Northern_Leaf_Blight,Corn___healthy,0.933465
plantwild/extracted/plantwild/images/corn northern leaf blight/google_0047.jpg,Corn___Northern_Leaf_Blight,Corn___Northern_Leaf_Blight,0.913253
plantwild/extracted/plantwild/images/corn northern leaf blight/google_0048.jpg,Corn___Northern_Leaf_Blight,Corn___healthy,0.897661
plantwild/extracted/plantwild/images/corn northern leaf blight/google_0049.jpg,Corn___Northern_Leaf_Blight,Tomato___Septoria_leaf_spot,0.236788
plantwild/extracted/plantwild/images/corn northern leaf blight/google_0050.jpg,Corn___Northern_Leaf_Blight,Corn___Northern_Leaf_Blight,0.837208
plantwild/extracted/plantwild/images/corn northern leaf blight/google_0051.jpg,Corn___Northern_Leaf_Blight,Tomato___Early_blight,0.210221
plantwild/extracted/plantwild/images/corn northern leaf blight/google_0053.jpg,Corn___Northern_Leaf_Blight,Corn___Cercospora_leaf_spot Gray_leaf_spot,0.903698
plantwild/extracted/plantwild/images/corn northern leaf blight/google_0055.jpg,Corn___Northern_Leaf_Blight,Corn___Cercospora_leaf_spot Gray_leaf_spot,0.944329
plantwild/extracted/plantwild/images/corn northern leaf blight/google_0056.jpg,Corn___Northern_Leaf_Blight,Corn___healthy,0.753792
plantwild/extracted/plantwild/images/corn northern leaf blight/google_0057.jpg,Corn___Northern_Leaf_Blight,Cherry___healthy,0.922274
plantwild/extracted/plantwild/images/corn northern leaf blight/google_0059.jpg,Corn___Northern_Leaf_Blight,Cherry___healthy,0.841263
plantwild/extracted/plantwild/images/corn northern leaf blight/google_0060.jpg,Corn___Northern_Leaf_Blight,Corn___Cercospora_leaf_spot Gray_leaf_spot,0.698460
plantwild/extracted/plantwild/images/corn northern leaf blight/google_0063.jpg,Corn___Northern_Leaf_Blight,"Pepper,_bell___healthy",0.375017
plantwild/extracted/plantwild/images/corn northern leaf blight/google_0064.jpg,Corn___Northern_Leaf_Blight,Corn___healthy,0.814995
plantwild/extracted/plantwild/images/corn northern leaf blight/google_0065.jpg,Corn___Northern_Leaf_Blight,Cherry___healthy,0.852535
plantwild/extracted/plantwild/images/corn northern leaf blight/google_0067.jpg,Corn___Northern_Leaf_Blight,Cherry___healthy,0.919484
plantwild/extracted/plantwild/images/corn northern leaf blight/google_0068.jpg,Corn___Northern_Leaf_Blight,Tomato___healthy,0.462706
plantwild/extracted/plantwild/images/corn northern leaf blight/google_0069.jpg,Corn___Northern_Leaf_Blight,Corn___Northern_Leaf_Blight,0.468012
plantwild/extracted/plantwild/images/corn northern leaf blight/google_0071.jpg,Corn___Northern_Leaf_Blight,Cherry___healthy,0.935239
plantwild/extracted/plantwild/images/corn northern leaf blight/google_0072.jpg,Corn___Northern_Leaf_Blight,"Pepper,_bell___healthy",0.594314
plantwild/extracted/plantwild/images/corn northern leaf blight/google_0073.jpg,Corn___Northern_Leaf_Blight,"Pepper,_bell___healthy",0.947605
plantwild/extracted/plantwild/images/corn northern leaf blight/google_0074.jpg,Corn___Northern_Leaf_Blight,"Pepper,_bell___healthy",0.591841
plantwild/extracted/plantwild/images/corn northern leaf blight/google_0075.jpg,Corn___Northern_Leaf_Blight,Corn___Northern_Leaf_Blight,0.746866
plantwild/extracted/plantwild/images/corn northern leaf blight/google_0076.jpg,Corn___Northern_Leaf_Blight,Cherry___healthy,0.596984
plantwild/extracted/plantwild/images/corn northern leaf blight/google_0077.jpg,Corn___Northern_Leaf_Blight,Corn___Common_rust,0.928028
plantwild/extracted/plantwild/images/corn northern leaf blight/google_0078.jpg,Corn___Northern_Leaf_Blight,Corn___healthy,0.485894
plantwild/extracted/plantwild/images/corn northern leaf blight/google_0079.jpg,Corn___Northern_Leaf_Blight,"Pepper,_bell___healthy",0.536296
plantwild/extracted/plantwild/images/corn northern leaf blight/google_0080.jpg,Corn___Northern_Leaf_Blight,Corn___Cercospora_leaf_spot Gray_leaf_spot,0.776577
plantwild/extracted/plantwild/images/corn northern leaf blight/google_0083.jpg,Corn___Northern_Leaf_Blight,Corn___healthy,0.952934
plantwild/extracted/plantwild/images/corn northern leaf blight/google_0085.jpg,Corn___Northern_Leaf_Blight,Corn___Cercospora_leaf_spot Gray_leaf_spot,0.541160
plantwild/extracted/plantwild/images/corn northern leaf blight/google_0086.jpg,Corn___Northern_Leaf_Blight,Corn___Northern_Leaf_Blight,0.954701
plantwild/extracted/plantwild/images/corn northern leaf blight/google_0088.jpg,Corn___Northern_Leaf_Blight,Corn___Northern_Leaf_Blight,0.956898
plantwild/extracted/plantwild/images/corn northern leaf blight/google_0090.jpg,Corn___Northern_Leaf_Blight,Corn___healthy,0.668697
plantwild/extracted/plantwild/images/corn northern leaf blight/google_0094.jpg,Corn___Northern_Leaf_Blight,Cherry___healthy,0.348902
plantwild/extracted/plantwild/images/corn northern leaf blight/google_0095.jpg,Corn___Northern_Leaf_Blight,Cherry___healthy,0.948974
plantwild/extracted/plantwild/images/corn northern leaf blight/google_0097.jpg,Corn___Northern_Leaf_Blight,Corn___healthy,0.877164
plantwild/extracted/plantwild/images/corn northern leaf blight/google_0098.jpg,Corn___Northern_Leaf_Blight,Tomato___Early_blight,0.264601
plantwild/extracted/plantwild/images/corn northern leaf blight/google_0099.jpg,Corn___Northern_Leaf_Blight,Cherry___healthy,0.872734
plantwild/extracted/plantwild/images/corn northern leaf blight/google_0101.jpg,Corn___Northern_Leaf_Blight,Corn___healthy,0.762112
plantwild/extracted/plantwild/images/corn northern leaf blight/google_0104.jpg,Corn___Northern_Leaf_Blight,Corn___healthy,0.476315
plantwild/extracted/plantwild/images/corn northern leaf blight/google_0105.jpg,Corn___Northern_Leaf_Blight,Corn___Northern_Leaf_Blight,0.881534
plantwild/extracted/plantwild/images/corn northern leaf blight/google_0106.jpg,Corn___Northern_Leaf_Blight,Corn___Cercospora_leaf_spot Gray_leaf_spot,0.920221
plantwild/extracted/plantwild/images/corn northern leaf blight/google_0107.jpg,Corn___Northern_Leaf_Blight,Cherry___healthy,0.268152
plantwild/extracted/plantwild/images/corn northern leaf blight/google_0109.jpg,Corn___Northern_Leaf_Blight,Corn___Northern_Leaf_Blight,0.937706
plantwild/extracted/plantwild/images/corn northern leaf blight/google_0110.jpg,Corn___Northern_Leaf_Blight,Strawberry___Leaf_scorch,0.885472
plantwild/extracted/plantwild/images/corn northern leaf blight/google_0112.jpg,Corn___Northern_Leaf_Blight,Corn___Cercospora_leaf_spot Gray_leaf_spot,0.513239
plantwild/extracted/plantwild/images/corn northern leaf blight/google_0113.jpg,Corn___Northern_Leaf_Blight,Corn___Cercospora_leaf_spot Gray_leaf_spot,0.894777
plantwild/extracted/plantwild/images/corn northern leaf blight/google_0114.jpg,Corn___Northern_Leaf_Blight,Corn___Cercospora_leaf_spot Gray_leaf_spot,0.654918
plantwild/extracted/plantwild/images/corn northern leaf blight/google_0117.jpg,Corn___Northern_Leaf_Blight,Corn___Northern_Leaf_Blight,0.693792
plantwild/extracted/plantwild/images/corn northern leaf blight/google_0118.jpg,Corn___Northern_Leaf_Blight,Tomato___Early_blight,0.575851
plantwild/extracted/plantwild/images/corn northern leaf blight/google_0120.jpg,Corn___Northern_Leaf_Blight,"Pepper,_bell___healthy",0.915831
plantwild/extracted/plantwild/images/corn northern leaf blight/google_0121.jpg,Corn___Northern_Leaf_Blight,Tomato___healthy,0.265480
plantwild/extracted/plantwild/images/corn northern leaf blight/google_0123.jpg,Corn___Northern_Leaf_Blight,Grape___Esca_(Black_Measles),0.641619
plantwild/extracted/plantwild/images/corn northern leaf blight/google_0125.jpg,Corn___Northern_Leaf_Blight,Cherry___healthy,0.908168
plantwild/extracted/plantwild/images/corn northern leaf blight/google_0126.jpg,Corn___Northern_Leaf_Blight,Corn___Cercospora_leaf_spot Gray_leaf_spot,0.945558
plantwild/extracted/plantwild/images/corn northern leaf blight/google_0127.jpg,Corn___Northern_Leaf_Blight,Corn___Northern_Leaf_Blight,0.938818
plantwild/extracted/plantwild/images/corn northern leaf blight/google_0129.jpg,Corn___Northern_Leaf_Blight,"Pepper,_bell___healthy",0.479912
plantwild/extracted/plantwild/images/corn northern leaf blight/google_0132.jpg,Corn___Northern_Leaf_Blight,Corn___Cercospora_leaf_spot Gray_leaf_spot,0.800098
plantwild/extracted/plantwild/images/corn northern leaf blight/google_0133.jpg,Corn___Northern_Leaf_Blight,Strawberry___Leaf_scorch,0.355100
plantwild/extracted/plantwild/images/corn northern leaf blight/google_0134.jpg,Corn___Northern_Leaf_Blight,Corn___Northern_Leaf_Blight,0.901818
plantwild/extracted/plantwild/images/corn northern leaf blight/google_0135.jpg,Corn___Northern_Leaf_Blight,Corn___healthy,0.938159
plantwild/extracted/plantwild/images/corn northern leaf blight/google_0143.jpg,Corn___Northern_Leaf_Blight,Cherry___healthy,0.938443
plantwild/extracted/plantwild/images/corn northern leaf blight/google_0149.jpg,Corn___Northern_Leaf_Blight,"Pepper,_bell___healthy",0.865639
plantwild/extracted/plantwild/images/corn northern leaf blight/google_0151.jpg,Corn___Northern_Leaf_Blight,Corn___Cercospora_leaf_spot Gray_leaf_spot,0.331478
plantwild/extracted/plantwild/images/corn northern leaf blight/google_0152.jpg,Corn___Northern_Leaf_Blight,Cherry___healthy,0.915267
plantwild/extracted/plantwild/images/corn northern leaf blight/google_0162.jpg,Corn___Northern_Leaf_Blight,Corn___Northern_Leaf_Blight,0.936169
plantwild/extracted/plantwild/images/corn northern leaf blight/google_0163.jpg,Corn___Northern_Leaf_Blight,Corn___Northern_Leaf_Blight,0.945365
plantwild/extracted/plantwild/images/corn northern leaf blight/google_0169.jpg,Corn___Northern_Leaf_Blight,"Pepper,_bell___healthy",0.329048
plantwild/extracted/plantwild/images/corn northern leaf blight/google_0175.jpg,Corn___Northern_Leaf_Blight,"Pepper,_bell___healthy",0.268605
plantwild/extracted/plantwild/images/corn rust/1.jpg,Corn___Common_rust,Corn___Cercospora_leaf_spot Gray_leaf_spot,0.305654
plantwild/extracted/plantwild/images/corn rust/10.jpg,Corn___Common_rust,Cherry___healthy,0.750608
plantwild/extracted/plantwild/images/corn rust/100.jpg,Corn___Common_rust,Corn___healthy,0.820438
plantwild/extracted/plantwild/images/corn rust/12.jpg,Corn___Common_rust,Strawberry___Leaf_scorch,0.836530
plantwild/extracted/plantwild/images/corn rust/13.jpg,Corn___Common_rust,Strawberry___Leaf_scorch,0.947124
plantwild/extracted/plantwild/images/corn rust/14.jpg,Corn___Common_rust,Cherry___healthy,0.886630
plantwild/extracted/plantwild/images/corn rust/15.jpg,Corn___Common_rust,Corn___Northern_Leaf_Blight,0.859414
plantwild/extracted/plantwild/images/corn rust/16.jpg,Corn___Common_rust,Corn___Cercospora_leaf_spot Gray_leaf_spot,0.932036
plantwild/extracted/plantwild/images/corn rust/17.jpg,Corn___Common_rust,Soybean___healthy,0.291173
plantwild/extracted/plantwild/images/corn rust/18.jpg,Corn___Common_rust,Cherry___healthy,0.910127
plantwild/extracted/plantwild/images/corn rust/19.jpg,Corn___Common_rust,Cherry___healthy,0.911910
plantwild/extracted/plantwild/images/corn rust/2.jpg,Corn___Common_rust,Cherry___healthy,0.875568
plantwild/extracted/plantwild/images/corn rust/20.jpg,Corn___Common_rust,Corn___Cercospora_leaf_spot Gray_leaf_spot,0.342945
plantwild/extracted/plantwild/images/corn rust/21.jpg,Corn___Common_rust,Strawberry___Leaf_scorch,0.425004
plantwild/extracted/plantwild/images/corn rust/22.jpg,Corn___Common_rust,Cherry___healthy,0.908745
plantwild/extracted/plantwild/images/corn rust/27.jpg,Corn___Common_rust,Strawberry___Leaf_scorch,0.843791
plantwild/extracted/plantwild/images/corn rust/28.jpg,Corn___Common_rust,Corn___healthy,0.806326
plantwild/extracted/plantwild/images/corn rust/29.jpg,Corn___Common_rust,Strawberry___Leaf_scorch,0.882995
plantwild/extracted/plantwild/images/corn rust/3.jpg,Corn___Common_rust,Corn___Cercospora_leaf_spot Gray_leaf_spot,0.836040
plantwild/extracted/plantwild/images/corn rust/30.jpg,Corn___Common_rust,Cherry___healthy,0.878481
plantwild/extracted/plantwild/images/corn rust/31.jpg,Corn___Common_rust,Cherry___healthy,0.490019
plantwild/extracted/plantwild/images/corn rust/32.jpg,Corn___Common_rust,"Pepper,_bell___healthy",0.561921
plantwild/extracted/plantwild/images/corn rust/33.jpg,Corn___Common_rust,Corn___Cercospora_leaf_spot Gray_leaf_spot,0.955053
plantwild/extracted/plantwild/images/corn rust/34.jpg,Corn___Common_rust,Cherry___healthy,0.837116
plantwild/extracted/plantwild/images/corn rust/35.jpg,Corn___Common_rust,Tomato___Early_blight,0.518870
plantwild/extracted/plantwild/images/corn rust/36.jpg,Corn___Common_rust,Corn___Cercospora_leaf_spot Gray_leaf_spot,0.890483
plantwild/extracted/plantwild/images/corn rust/37.jpg,Corn___Common_rust,Cherry___healthy,0.922723
plantwild/extracted/plantwild/images/corn rust/38.jpg,Corn___Common_rust,Corn___Northern_Leaf_Blight,0.912344
plantwild/extracted/plantwild/images/corn rust/39.jpg,Corn___Common_rust,Cherry___healthy,0.536740
plantwild/extracted/plantwild/images/corn rust/4.jpg,Corn___Common_rust,Strawberry___Leaf_scorch,0.334769
plantwild/extracted/plantwild/images/corn rust/40.jpg,Corn___Common_rust,Corn___Common_rust,0.669227
plantwild/extracted/plantwild/images/corn rust/41 - Copy.jpg,Corn___Common_rust,Strawberry___Leaf_scorch,0.904570
plantwild/extracted/plantwild/images/corn rust/41.jpg,Corn___Common_rust,Corn___Northern_Leaf_Blight,0.933922
plantwild/extracted/plantwild/images/corn rust/42.jpg,Corn___Common_rust,Cherry___healthy,0.490839
plantwild/extracted/plantwild/images/corn rust/43.jpg,Corn___Common_rust,"Pepper,_bell___healthy",0.906470
plantwild/extracted/plantwild/images/corn rust/44.jpg,Corn___Common_rust,Cherry___healthy,0.627759
plantwild/extracted/plantwild/images/corn rust/45.jpg,Corn___Common_rust,Cherry___healthy,0.606388
plantwild/extracted/plantwild/images/corn rust/46.jpg,Corn___Common_rust,Corn___healthy,0.656216
plantwild/extracted/plantwild/images/corn rust/47.jpg,Corn___Common_rust,Cherry___healthy,0.866262
plantwild/extracted/plantwild/images/corn rust/48.jpg,Corn___Common_rust,Corn___Cercospora_leaf_spot Gray_leaf_spot,0.929502
plantwild/extracted/plantwild/images/corn rust/5.jpg,Corn___Common_rust,Cherry___healthy,0.616282
plantwild/extracted/plantwild/images/corn rust/50.jpg,Corn___Common_rust,Corn___healthy,0.906890
plantwild/extracted/plantwild/images/corn rust/51.jpg,Corn___Common_rust,Cherry___healthy,0.709034
plantwild/extracted/plantwild/images/corn rust/52.jpg,Corn___Common_rust,Corn___Cercospora_leaf_spot Gray_leaf_spot,0.959303
plantwild/extracted/plantwild/images/corn rust/53.jpg,Corn___Common_rust,Strawberry___Leaf_scorch,0.604955
plantwild/extracted/plantwild/images/corn rust/54.jpg,Corn___Common_rust,Corn___Cercospora_leaf_spot Gray_leaf_spot,0.156098
plantwild/extracted/plantwild/images/corn rust/55.jpg,Corn___Common_rust,Cherry___healthy,0.918818
plantwild/extracted/plantwild/images/corn rust/56.jpg,Corn___Common_rust,Corn___Cercospora_leaf_spot Gray_leaf_spot,0.385806
plantwild/extracted/plantwild/images/corn rust/57.jpg,Corn___Common_rust,Corn___Cercospora_leaf_spot Gray_leaf_spot,0.429495
plantwild/extracted/plantwild/images/corn rust/58.jpg,Corn___Common_rust,Cherry___healthy,0.488657
plantwild/extracted/plantwild/images/corn rust/59.jpg,Corn___Common_rust,Corn___Cercospora_leaf_spot Gray_leaf_spot,0.842906
plantwild/extracted/plantwild/images/corn rust/6.jpg,Corn___Common_rust,Strawberry___Leaf_scorch,0.591835
plantwild/extracted/plantwild/images/corn rust/60.jpg,Corn___Common_rust,"Pepper,_bell___healthy",0.762333
plantwild/extracted/plantwild/images/corn rust/61.jpg,Corn___Common_rust,Cherry___healthy,0.753671
plantwild/extracted/plantwild/images/corn rust/62.jpg,Corn___Common_rust,"Pepper,_bell___healthy",0.584511
plantwild/extracted/plantwild/images/corn rust/63.jpg,Corn___Common_rust,Corn___Cercospora_leaf_spot Gray_leaf_spot,0.542459
plantwild/extracted/plantwild/images/corn rust/64.jpg,Corn___Common_rust,Cherry___healthy,0.834267
plantwild/extracted/plantwild/images/corn rust/65.jpg,Corn___Common_rust,"Pepper,_bell___healthy",0.398740
plantwild/extracted/plantwild/images/corn rust/66.jpg,Corn___Common_rust,"Pepper,_bell___healthy",0.936058
plantwild/extracted/plantwild/images/corn rust/67.jpg,Corn___Common_rust,Cherry___healthy,0.868880
plantwild/extracted/plantwild/images/corn rust/68.jpg,Corn___Common_rust,Cherry___healthy,0.667175
plantwild/extracted/plantwild/images/corn rust/69.jpg,Corn___Common_rust,"Pepper,_bell___healthy",0.722782
plantwild/extracted/plantwild/images/corn rust/7.jpg,Corn___Common_rust,Strawberry___Leaf_scorch,0.417634
plantwild/extracted/plantwild/images/corn rust/70.jpg,Corn___Common_rust,Corn___Northern_Leaf_Blight,0.754371
plantwild/extracted/plantwild/images/corn rust/71.jpg,Corn___Common_rust,Corn___Northern_Leaf_Blight,0.691717
plantwild/extracted/plantwild/images/corn rust/72.jpg,Corn___Common_rust,"Pepper,_bell___healthy",0.898641
plantwild/extracted/plantwild/images/corn rust/73.jpg,Corn___Common_rust,Cherry___healthy,0.523825
plantwild/extracted/plantwild/images/corn rust/74.jpg,Corn___Common_rust,Corn___Cercospora_leaf_spot Gray_leaf_spot,0.947787
plantwild/extracted/plantwild/images/corn rust/75.jpg,Corn___Common_rust,Cherry___healthy,0.515633
plantwild/extracted/plantwild/images/corn rust/76.jpg,Corn___Common_rust,"Pepper,_bell___healthy",0.801851
plantwild/extracted/plantwild/images/corn rust/77.jpg,Corn___Common_rust,Corn___Northern_Leaf_Blight,0.821684
plantwild/extracted/plantwild/images/corn rust/78.jpg,Corn___Common_rust,Corn___healthy,0.840924
plantwild/extracted/plantwild/images/corn rust/79.jpg,Corn___Common_rust,Cherry___healthy,0.917651
plantwild/extracted/plantwild/images/corn rust/8.jpg,Corn___Common_rust,"Pepper,_bell___healthy",0.650090
plantwild/extracted/plantwild/images/corn rust/80.jpg,Corn___Common_rust,Corn___Cercospora_leaf_spot Gray_leaf_spot,0.767088
plantwild/extracted/plantwild/images/corn rust/81.jpg,Corn___Common_rust,Soybean___healthy,0.341412
plantwild/extracted/plantwild/images/corn rust/82.jpg,Corn___Common_rust,Corn___Cercospora_leaf_spot Gray_leaf_spot,0.949575
plantwild/extracted/plantwild/images/corn rust/83.jpg,Corn___Common_rust,Cherry___healthy,0.923437
plantwild/extracted/plantwild/images/corn rust/84.jpg,Corn___Common_rust,Cherry___healthy,0.867616
plantwild/extracted/plantwild/images/corn rust/85.jpg,Corn___Common_rust,"Pepper,_bell___healthy",0.707441
plantwild/extracted/plantwild/images/corn rust/86.jpg,Corn___Common_rust,Strawberry___Leaf_scorch,0.835529
plantwild/extracted/plantwild/images/corn rust/87.jpg,Corn___Common_rust,Corn___Northern_Leaf_Blight,0.451305
plantwild/extracted/plantwild/images/corn rust/88.jpg,Corn___Common_rust,"Pepper,_bell___healthy",0.817369
plantwild/extracted/plantwild/images/corn rust/89.jpg,Corn___Common_rust,Strawberry___Leaf_scorch,0.930780
plantwild/extracted/plantwild/images/corn rust/9.jpg,Corn___Common_rust,Cherry___healthy,0.921318
plantwild/extracted/plantwild/images/corn rust/90.jpg,Corn___Common_rust,Corn___Northern_Leaf_Blight,0.241558
plantwild/extracted/plantwild/images/corn rust/92.jpg,Corn___Common_rust,Corn___Northern_Leaf_Blight,0.561258
plantwild/extracted/plantwild/images/corn rust/94.jpg,Corn___Common_rust,Corn___Cercospora_leaf_spot Gray_leaf_spot,0.951825
plantwild/extracted/plantwild/images/corn rust/95.jpg,Corn___Common_rust,"Pepper,_bell___healthy",0.948162
plantwild/extracted/plantwild/images/corn rust/96.jpg,Corn___Common_rust,Cherry___healthy,0.853261
plantwild/extracted/plantwild/images/corn rust/97.jpg,Corn___Common_rust,Cherry___healthy,0.889327
plantwild/extracted/plantwild/images/corn rust/98.jpg,Corn___Common_rust,Corn___Cercospora_leaf_spot Gray_leaf_spot,0.130311
plantwild/extracted/plantwild/images/corn rust/99.jpg,Corn___Common_rust,"Pepper,_bell___healthy",0.368782
plantwild/extracted/plantwild/images/corn rust/google_0000.jpg,Corn___Common_rust,Corn___Cercospora_leaf_spot Gray_leaf_spot,0.480532
plantwild/extracted/plantwild/images/corn rust/google_0001.jpg,Corn___Common_rust,Corn___Cercospora_leaf_spot Gray_leaf_spot,0.786802
plantwild/extracted/plantwild/images/corn rust/google_0002.jpg,Corn___Common_rust,Cherry___healthy,0.675705
plantwild/extracted/plantwild/images/corn rust/google_0003.jpg,Corn___Common_rust,Corn___Common_rust,0.597611
plantwild/extracted/plantwild/images/corn rust/google_0005.jpg,Corn___Common_rust,Corn___Cercospora_leaf_spot Gray_leaf_spot,0.280295
plantwild/extracted/plantwild/images/corn rust/google_0006.jpg,Corn___Common_rust,Corn___Cercospora_leaf_spot Gray_leaf_spot,0.893810
plantwild/extracted/plantwild/images/corn rust/google_0007.jpg,Corn___Common_rust,"Pepper,_bell___healthy",0.534076
plantwild/extracted/plantwild/images/corn rust/google_0008.jpg,Corn___Common_rust,Corn___Cercospora_leaf_spot Gray_leaf_spot,0.131696
plantwild/extracted/plantwild/images/corn rust/google_0009.jpg,Corn___Common_rust,Corn___Cercospora_leaf_spot Gray_leaf_spot,0.918392
plantwild/extracted/plantwild/images/corn rust/google_0011.jpg,Corn___Common_rust,"Pepper,_bell___healthy",0.398417
plantwild/extracted/plantwild/images/corn rust/google_0012.jpg,Corn___Common_rust,Corn___healthy,0.757703
plantwild/extracted/plantwild/images/corn rust/google_0013.jpg,Corn___Common_rust,Corn___Cercospora_leaf_spot Gray_leaf_spot,0.905518
plantwild/extracted/plantwild/images/corn rust/google_0014.jpg,Corn___Common_rust,Cherry___healthy,0.313657
plantwild/extracted/plantwild/images/corn rust/google_0015.jpg,Corn___Common_rust,Corn___Common_rust,0.690640
plantwild/extracted/plantwild/images/corn rust/google_0016.jpg,Corn___Common_rust,Soybean___healthy,0.331420
plantwild/extracted/plantwild/images/corn rust/google_0017.jpg,Corn___Common_rust,Corn___Cercospora_leaf_spot Gray_leaf_spot,0.956421
plantwild/extracted/plantwild/images/corn rust/google_0018.jpg,Corn___Common_rust,Corn___Cercospora_leaf_spot Gray_leaf_spot,0.858511
plantwild/extracted/plantwild/images/corn rust/google_0019.jpg,Corn___Common_rust,Corn___Cercospora_leaf_spot Gray_leaf_spot,0.956026
plantwild/extracted/plantwild/images/corn rust/google_0020.jpg,Corn___Common_rust,Corn___Northern_Leaf_Blight,0.171286
plantwild/extracted/plantwild/images/corn rust/google_0021.jpg,Corn___Common_rust,Corn___Cercospora_leaf_spot Gray_leaf_spot,0.941548
plantwild/extracted/plantwild/images/corn rust/google_0022.jpg,Corn___Common_rust,Corn___Cercospora_leaf_spot Gray_leaf_spot,0.617413
plantwild/extracted/plantwild/images/corn rust/google_0024.jpg,Corn___Common_rust,Strawberry___Leaf_scorch,0.394569
plantwild/extracted/plantwild/images/corn rust/google_0026.jpg,Corn___Common_rust,Corn___Cercospora_leaf_spot Gray_leaf_spot,0.938298
plantwild/extracted/plantwild/images/corn rust/google_0027.jpg,Corn___Common_rust,Corn___Cercospora_leaf_spot Gray_leaf_spot,0.932727
plantwild/extracted/plantwild/images/corn rust/google_0029.jpg,Corn___Common_rust,Corn___Cercospora_leaf_spot Gray_leaf_spot,0.207257
plantwild/extracted/plantwild/images/corn rust/google_0031.jpg,Corn___Common_rust,Corn___Cercospora_leaf_spot Gray_leaf_spot,0.238604
plantwild/extracted/plantwild/images/corn rust/google_0032.jpg,Corn___Common_rust,Corn___Cercospora_leaf_spot Gray_leaf_spot,0.938543
plantwild/extracted/plantwild/images/corn rust/google_0034.jpg,Corn___Common_rust,"Pepper,_bell___healthy",0.901723
plantwild/extracted/plantwild/images/corn rust/google_0035.jpg,Corn___Common_rust,Corn___Cercospora_leaf_spot Gray_leaf_spot,0.412292
plantwild/extracted/plantwild/images/corn rust/google_0037.jpg,Corn___Common_rust,Corn___Northern_Leaf_Blight,0.952382
plantwild/extracted/plantwild/images/corn rust/google_0039.jpg,Corn___Common_rust,Corn___Cercospora_leaf_spot Gray_leaf_spot,0.952621
plantwild/extracted/plantwild/images/corn rust/google_0040.jpg,Corn___Common_rust,Corn___Cercospora_leaf_spot Gray_leaf_spot,0.669315
plantwild/extracted/plantwild/images/corn rust/google_0042.jpg,Corn___Common_rust,Corn___Cercospora_leaf_spot Gray_leaf_spot,0.948182
plantwild/extracted/plantwild/images/corn rust/google_0044.jpg,Corn___Common_rust,Corn___Cercospora_leaf_spot Gray_leaf_spot,0.179341
plantwild/extracted/plantwild/images/corn rust/google_0045.jpg,Corn___Common_rust,Apple___Black_rot,0.235812
plantwild/extracted/plantwild/images/corn rust/google_0046.jpg,Corn___Common_rust,Corn___healthy,0.755386
plantwild/extracted/plantwild/images/corn rust/google_0048.jpg,Corn___Common_rust,Corn___Common_rust,0.799552
plantwild/extracted/plantwild/images/corn rust/google_0049.jpg,Corn___Common_rust,Corn___Common_rust,0.269252
plantwild/extracted/plantwild/images/corn rust/google_0050.jpg,Corn___Common_rust,Corn___Northern_Leaf_Blight,0.208429
plantwild/extracted/plantwild/images/corn rust/google_0052.jpg,Corn___Common_rust,Corn___healthy,0.933656
plantwild/extracted/plantwild/images/corn rust/google_0053.jpg,Corn___Common_rust,Corn___healthy,0.605854
plantwild/extracted/plantwild/images/corn rust/google_0056.jpg,Corn___Common_rust,Corn___Cercospora_leaf_spot Gray_leaf_spot,0.466457
plantwild/extracted/plantwild/images/corn rust/google_0057.jpg,Corn___Common_rust,Corn___Cercospora_leaf_spot Gray_leaf_spot,0.909844
plantwild/extracted/plantwild/images/corn rust/google_0058.jpg,Corn___Common_rust,Corn___Cercospora_leaf_spot Gray_leaf_spot,0.346486
plantwild/extracted/plantwild/images/corn rust/google_0059.jpg,Corn___Common_rust,Corn___Common_rust,0.672899
plantwild/extracted/plantwild/images/corn rust/google_0061.jpg,Corn___Common_rust,"Pepper,_bell___healthy",0.807455
plantwild/extracted/plantwild/images/corn rust/google_0063.jpg,Corn___Common_rust,Squash___Powdery_mildew,0.805520
plantwild/extracted/plantwild/images/corn rust/google_0064.jpg,Corn___Common_rust,"Pepper,_bell___healthy",0.944614
plantwild/extracted/plantwild/images/corn rust/google_0066.jpg,Corn___Common_rust,Corn___Cercospora_leaf_spot Gray_leaf_spot,0.918563
plantwild/extracted/plantwild/images/corn rust/google_0067.jpg,Corn___Common_rust,"Pepper,_bell___healthy",0.863594
plantwild/extracted/plantwild/images/corn rust/google_0068.jpg,Corn___Common_rust,Corn___Cercospora_leaf_spot Gray_leaf_spot,0.544535
plantwild/extracted/plantwild/images/corn rust/google_0071.jpg,Corn___Common_rust,Corn___Cercospora_leaf_spot Gray_leaf_spot,0.950032
plantwild/extracted/plantwild/images/corn rust/google_0072.jpg,Corn___Common_rust,Corn___Cercospora_leaf_spot Gray_leaf_spot,0.259899
plantwild/extracted/plantwild/images/corn rust/google_0074.jpg,Corn___Common_rust,Corn___Cercospora_leaf_spot Gray_leaf_spot,0.716928
plantwild/extracted/plantwild/images/corn rust/google_0077.jpg,Corn___Common_rust,Corn___Cercospora_leaf_spot Gray_leaf_spot,0.949494
plantwild/extracted/plantwild/images/corn rust/google_0078.jpg,Corn___Common_rust,Corn___healthy,0.918326
plantwild/extracted/plantwild/images/corn rust/google_0079.jpg,Corn___Common_rust,Corn___Cercospora_leaf_spot Gray_leaf_spot,0.944496
plantwild/extracted/plantwild/images/corn rust/google_0080.jpg,Corn___Common_rust,Corn___Northern_Leaf_Blight,0.614537
plantwild/extracted/plantwild/images/corn rust/google_0081.jpg,Corn___Common_rust,Corn___Cercospora_leaf_spot Gray_leaf_spot,0.874854
plantwild/extracted/plantwild/images/corn rust/google_0082.jpg,Corn___Common_rust,Grape___Esca_(Black_Measles),0.262665
plantwild/extracted/plantwild/images/corn rust/google_0084.jpg,Corn___Common_rust,Corn___Cercospora_leaf_spot Gray_leaf_spot,0.863508
plantwild/extracted/plantwild/images/corn rust/google_0086.jpg,Corn___Common_rust,Corn___healthy,0.577153
plantwild/extracted/plantwild/images/corn rust/google_0087.jpg,Corn___Common_rust,Corn___Cercospora_leaf_spot Gray_leaf_spot,0.865161
plantwild/extracted/plantwild/images/corn rust/google_0088.jpg,Corn___Common_rust,Corn___Cercospora_leaf_spot Gray_leaf_spot,0.950338
plantwild/extracted/plantwild/images/corn rust/google_0091.jpg,Corn___Common_rust,Corn___Cercospora_leaf_spot Gray_leaf_spot,0.853011
plantwild/extracted/plantwild/images/corn rust/google_0092.jpg,Corn___Common_rust,Corn___Cercospora_leaf_spot Gray_leaf_spot,0.958764
plantwild/extracted/plantwild/images/corn rust/google_0094.jpg,Corn___Common_rust,Corn___Cercospora_leaf_spot Gray_leaf_spot,0.513135
plantwild/extracted/plantwild/images/corn rust/google_0095.jpg,Corn___Common_rust,Corn___healthy,0.914742
plantwild/extracted/plantwild/images/corn rust/google_0096.jpg,Corn___Common_rust,Corn___Cercospora_leaf_spot Gray_leaf_spot,0.461024
plantwild/extracted/plantwild/images/corn rust/google_0097.jpg,Corn___Common_rust,"Pepper,_bell___healthy",0.912852
plantwild/extracted/plantwild/images/corn rust/google_0098.jpg,Corn___Common_rust,Cherry___healthy,0.881377
plantwild/extracted/plantwild/images/corn rust/google_0100.jpg,Corn___Common_rust,Corn___Cercospora_leaf_spot Gray_leaf_spot,0.776449
plantwild/extracted/plantwild/images/corn rust/google_0101.jpg,Corn___Common_rust,Corn___Cercospora_leaf_spot Gray_leaf_spot,0.735014
plantwild/extracted/plantwild/images/corn rust/google_0103.jpg,Corn___Common_rust,Corn___Northern_Leaf_Blight,0.956808
plantwild/extracted/plantwild/images/corn rust/google_0104.jpg,Corn___Common_rust,"Pepper,_bell___healthy",0.847651
plantwild/extracted/plantwild/images/corn rust/google_0105.jpg,Corn___Common_rust,Strawberry___Leaf_scorch,0.668223
plantwild/extracted/plantwild/images/corn rust/google_0107.jpg,Corn___Common_rust,Corn___Common_rust,0.948966
plantwild/extracted/plantwild/images/corn rust/google_0108.jpg,Corn___Common_rust,"Pepper,_bell___healthy",0.942104
plantwild/extracted/plantwild/images/corn rust/google_0109.jpg,Corn___Common_rust,Corn___Northern_Leaf_Blight,0.759545
plantwild/extracted/plantwild/images/corn rust/google_0112.jpg,Corn___Common_rust,"Pepper,_bell___healthy",0.883111
plantwild/extracted/plantwild/images/corn rust/google_0113.jpg,Corn___Common_rust,Corn___Northern_Leaf_Blight,0.328694
plantwild/extracted/plantwild/images/corn rust/google_0114.jpg,Corn___Common_rust,Corn___Cercospora_leaf_spot Gray_leaf_spot,0.900304
plantwild/extracted/plantwild/images/corn rust/google_0115.jpg,Corn___Common_rust,Corn___Common_rust,0.953851
plantwild/extracted/plantwild/images/corn rust/google_0117.jpg,Corn___Common_rust,Corn___Northern_Leaf_Blight,0.925267
plantwild/extracted/plantwild/images/corn rust/google_0118.jpg,Corn___Common_rust,Corn___Cercospora_leaf_spot Gray_leaf_spot,0.749459
plantwild/extracted/plantwild/images/corn rust/google_0119.jpg,Corn___Common_rust,Corn___Common_rust,0.942214
plantwild/extracted/plantwild/images/corn rust/google_0120.jpg,Corn___Common_rust,"Pepper,_bell___healthy",0.862105
plantwild/extracted/plantwild/images/corn rust/google_0121.jpg,Corn___Common_rust,Corn___healthy,0.636398
plantwild/extracted/plantwild/images/corn rust/google_0122.jpg,Corn___Common_rust,Strawberry___Leaf_scorch,0.842486
plantwild/extracted/plantwild/images/corn rust/google_0123.jpg,Corn___Common_rust,Corn___healthy,0.578152
plantwild/extracted/plantwild/images/corn rust/google_0124.jpg,Corn___Common_rust,Soybean___healthy,0.838576
plantwild/extracted/plantwild/images/corn rust/google_0125.jpg,Corn___Common_rust,"Pepper,_bell___healthy",0.878045
plantwild/extracted/plantwild/images/corn rust/google_0127.jpg,Corn___Common_rust,Corn___healthy,0.878368
plantwild/extracted/plantwild/images/corn rust/google_0131.jpg,Corn___Common_rust,Corn___healthy,0.164463
plantwild/extracted/plantwild/images/corn rust/google_0132.jpg,Corn___Common_rust,Strawberry___Leaf_scorch,0.475508
plantwild/extracted/plantwild/images/corn rust/google_0133.jpg,Corn___Common_rust,Corn___Northern_Leaf_Blight,0.290923
plantwild/extracted/plantwild/images/corn rust/google_0134.jpg,Corn___Common_rust,Cherry___healthy,0.490344
plantwild/extracted/plantwild/images/corn rust/google_0137.jpg,Corn___Common_rust,Corn___Northern_Leaf_Blight,0.764924
plantwild/extracted/plantwild/images/corn rust/google_0139.jpg,Corn___Common_rust,"Pepper,_bell___healthy",0.656290
plantwild/extracted/plantwild/images/corn rust/google_0140.jpg,Corn___Common_rust,Tomato___healthy,0.410558
plantwild/extracted/plantwild/images/corn rust/google_0141.jpg,Corn___Common_rust,"Pepper,_bell___healthy",0.447943
plantwild/extracted/plantwild/images/corn rust/google_0142.jpg,Corn___Common_rust,Corn___Cercospora_leaf_spot Gray_leaf_spot,0.177415
plantwild/extracted/plantwild/images/corn rust/google_0144.jpg,Corn___Common_rust,"Pepper,_bell___healthy",0.745993
plantwild/extracted/plantwild/images/corn rust/google_0146.jpg,Corn___Common_rust,"Pepper,_bell___healthy",0.657901
plantwild/extracted/plantwild/images/corn rust/google_0148.jpg,Corn___Common_rust,Corn___healthy,0.755970
plantwild/extracted/plantwild/images/corn rust/google_0149.jpg,Corn___Common_rust,Corn___Common_rust,0.522325
plantwild/extracted/plantwild/images/corn rust/google_0152.jpg,Corn___Common_rust,Corn___healthy,0.722246
plantwild/extracted/plantwild/images/corn rust/google_0153.jpg,Corn___Common_rust,Corn___healthy,0.942010
plantwild/extracted/plantwild/images/corn rust/google_0155.jpg,Corn___Common_rust,Strawberry___Leaf_scorch,0.921755
plantwild/extracted/plantwild/images/corn rust/google_0156.jpg,Corn___Common_rust,Corn___healthy,0.780890
plantwild/extracted/plantwild/images/corn rust/google_0157.jpg,Corn___Common_rust,Corn___Cercospora_leaf_spot Gray_leaf_spot,0.957643
plantwild/extracted/plantwild/images/corn rust/google_0160.jpg,Corn___Common_rust,Corn___Cercospora_leaf_spot Gray_leaf_spot,0.922768
plantwild/extracted/plantwild/images/corn rust/google_0161.jpg,Corn___Common_rust,Tomato___Septoria_leaf_spot,0.243032
plantwild/extracted/plantwild/images/corn rust/google_0162.jpg,Corn___Common_rust,"Pepper,_bell___healthy",0.837274
plantwild/extracted/plantwild/images/corn rust/google_0163.jpg,Corn___Common_rust,Corn___Cercospora_leaf_spot Gray_leaf_spot,0.869767
plantwild/extracted/plantwild/images/corn rust/google_0165.jpg,Corn___Common_rust,Corn___Common_rust,0.945720
plantwild/extracted/plantwild/images/corn rust/google_0166.jpg,Corn___Common_rust,"Pepper,_bell___healthy",0.841610
plantwild/extracted/plantwild/images/corn rust/google_0168.jpg,Corn___Common_rust,Strawberry___Leaf_scorch,0.809403
plantwild/extracted/plantwild/images/corn rust/google_0170.jpg,Corn___Common_rust,Squash___Powdery_mildew,0.439056
plantwild/extracted/plantwild/images/corn rust/google_0171.jpg,Corn___Common_rust,Corn___Cercospora_leaf_spot Gray_leaf_spot,0.933457
plantwild/extracted/plantwild/images/corn rust/google_0172.jpg,Corn___Common_rust,Strawberry___Leaf_scorch,0.629636
plantwild/extracted/plantwild/images/corn rust/google_0173.jpg,Corn___Common_rust,Strawberry___Leaf_scorch,0.908246
plantwild/extracted/plantwild/images/corn rust/google_0174.jpg,Corn___Common_rust,Tomato___Early_blight,0.665932
plantwild/extracted/plantwild/images/corn rust/google_0177.jpg,Corn___Common_rust,Corn___Cercospora_leaf_spot Gray_leaf_spot,0.703661
plantwild/extracted/plantwild/images/corn rust/google_0179.jpg,Corn___Common_rust,Corn___Cercospora_leaf_spot Gray_leaf_spot,0.829477
plantwild/extracted/plantwild/images/corn rust/google_0180.jpg,Corn___Common_rust,Corn___healthy,0.635702
plantwild/extracted/plantwild/images/corn rust/google_0181.jpg,Corn___Common_rust,Corn___Cercospora_leaf_spot Gray_leaf_spot,0.962986
plantwild/extracted/plantwild/images/corn rust/google_0182.jpg,Corn___Common_rust,Corn___healthy,0.338851
plantwild/extracted/plantwild/images/corn rust/google_0186.jpg,Corn___Common_rust,Tomato___Early_blight,0.598464
plantwild/extracted/plantwild/images/corn rust/google_0190.jpg,Corn___Common_rust,Grape___Black_rot,0.651169
plantwild/extracted/plantwild/images/corn rust/google_0191.jpg,Corn___Common_rust,Corn___Cercospora_leaf_spot Gray_leaf_spot,0.443768
plantwild/extracted/plantwild/images/corn rust/google_0196.jpg,Corn___Common_rust,Corn___healthy,0.570300
plantwild/extracted/plantwild/images/corn rust/google_0197.jpg,Corn___Common_rust,Corn___healthy,0.824982
plantwild/extracted/plantwild/images/corn rust/google_0202.jpg,Corn___Common_rust,Corn___healthy,0.944472
plantwild/extracted/plantwild/images/corn rust/google_0203.jpg,Corn___Common_rust,Strawberry___Leaf_scorch,0.922074
plantwild/extracted/plantwild/images/corn rust/google_0205.jpg,Corn___Common_rust,Corn___Cercospora_leaf_spot Gray_leaf_spot,0.920921
plantwild/extracted/plantwild/images/corn rust/google_0207.jpg,Corn___Common_rust,Tomato___Early_blight,0.809458
plantwild/extracted/plantwild/images/corn rust/google_0208.jpg,Corn___Common_rust,Corn___Common_rust,0.919673
plantwild/extracted/plantwild/images/corn rust/google_0211.jpg,Corn___Common_rust,Corn___Common_rust,0.944848
plantwild/extracted/plantwild/images/corn rust/google_0212.jpg,Corn___Common_rust,Cherry___healthy,0.557204
plantwild/extracted/plantwild/images/corn rust/google_0214.jpg,Corn___Common_rust,"Pepper,_bell___healthy",0.658927
plantwild/extracted/plantwild/images/corn rust/google_0220.jpg,Corn___Common_rust,Corn___Common_rust,0.437595
plantwild/extracted/plantwild/images/corn rust/google_0224.jpg,Corn___Common_rust,Corn___Cercospora_leaf_spot Gray_leaf_spot,0.514113
plantwild/extracted/plantwild/images/corn rust/google_0227.jpg,Corn___Common_rust,Strawberry___Leaf_scorch,0.675491
plantwild/extracted/plantwild/images/grape black rot/1.jpg,Grape___Black_rot,Grape___Black_rot,0.478233
plantwild/extracted/plantwild/images/grape black rot/10.jpg,Grape___Black_rot,"Pepper,_bell___healthy",0.733458
plantwild/extracted/plantwild/images/grape black rot/100.jpg,Grape___Black_rot,Tomato___Late_blight,0.946755
plantwild/extracted/plantwild/images/grape black rot/102.jpg,Grape___Black_rot,"Pepper,_bell___healthy",0.836802
plantwild/extracted/plantwild/images/grape black rot/103.jpg,Grape___Black_rot,"Pepper,_bell___healthy",0.921932
plantwild/extracted/plantwild/images/grape black rot/11.jpg,Grape___Black_rot,Strawberry___Leaf_scorch,0.375688
plantwild/extracted/plantwild/images/grape black rot/12.jpg,Grape___Black_rot,"Pepper,_bell___healthy",0.883090
plantwild/extracted/plantwild/images/grape black rot/13.jpg,Grape___Black_rot,"Pepper,_bell___healthy",0.690910
plantwild/extracted/plantwild/images/grape black rot/141.jpg,Grape___Black_rot,Strawberry___Leaf_scorch,0.286741
plantwild/extracted/plantwild/images/grape black rot/149.jpg,Grape___Black_rot,"Pepper,_bell___healthy",0.865558
plantwild/extracted/plantwild/images/grape black rot/15.jpg,Grape___Black_rot,"Pepper,_bell___healthy",0.935578
plantwild/extracted/plantwild/images/grape black rot/151.jpg,Grape___Black_rot,Strawberry___Leaf_scorch,0.939315
plantwild/extracted/plantwild/images/grape black rot/152.jpg,Grape___Black_rot,Grape___Esca_(Black_Measles),0.565741
plantwild/extracted/plantwild/images/grape black rot/155.jpg,Grape___Black_rot,"Pepper,_bell___healthy",0.891098
plantwild/extracted/plantwild/images/grape black rot/156.jpg,Grape___Black_rot,Cherry___healthy,0.676873
plantwild/extracted/plantwild/images/grape black rot/157.jpg,Grape___Black_rot,Cherry___healthy,0.676873
plantwild/extracted/plantwild/images/grape black rot/158.jpg,Grape___Black_rot,Corn___Northern_Leaf_Blight,0.395315
plantwild/extracted/plantwild/images/grape black rot/159.jpg,Grape___Black_rot,Strawberry___Leaf_scorch,0.924351
plantwild/extracted/plantwild/images/grape black rot/170.jpg,Grape___Black_rot,"Pepper,_bell___healthy",0.183097
plantwild/extracted/plantwild/images/grape black rot/171.jpg,Grape___Black_rot,Strawberry___Leaf_scorch,0.805000
plantwild/extracted/plantwild/images/grape black rot/176.jpg,Grape___Black_rot,Strawberry___Leaf_scorch,0.691619
plantwild/extracted/plantwild/images/grape black rot/177.jpg,Grape___Black_rot,"Pepper,_bell___healthy",0.794390
plantwild/extracted/plantwild/images/grape black rot/178.jpg,Grape___Black_rot,"Pepper,_bell___healthy",0.880367
plantwild/extracted/plantwild/images/grape black rot/18.jpg,Grape___Black_rot,Grape___Black_rot,0.777110
plantwild/extracted/plantwild/images/grape black rot/180.jpg,Grape___Black_rot,Apple___Apple_scab,0.644258
plantwild/extracted/plantwild/images/grape black rot/181.jpg,Grape___Black_rot,Tomato___Late_blight,0.759418
plantwild/extracted/plantwild/images/grape black rot/19.jpg,Grape___Black_rot,Apple___Apple_scab,0.865943
plantwild/extracted/plantwild/images/grape black rot/191.jpg,Grape___Black_rot,"Pepper,_bell___healthy",0.599018
plantwild/extracted/plantwild/images/grape black rot/193.jpg,Grape___Black_rot,"Pepper,_bell___healthy",0.935789
plantwild/extracted/plantwild/images/grape black rot/198.jpg,Grape___Black_rot,Tomato___Late_blight,0.832950
plantwild/extracted/plantwild/images/grape black rot/199.jpg,Grape___Black_rot,Strawberry___Leaf_scorch,0.829331
plantwild/extracted/plantwild/images/grape black rot/2.jpg,Grape___Black_rot,Cherry___healthy,0.726607
plantwild/extracted/plantwild/images/grape black rot/20 - Copy.jpg,Grape___Black_rot,"Pepper,_bell___healthy",0.680025
plantwild/extracted/plantwild/images/grape black rot/20.jpg,Grape___Black_rot,Strawberry___Leaf_scorch,0.743577
plantwild/extracted/plantwild/images/grape black rot/200.jpg,Grape___Black_rot,Cherry___healthy,0.657722
plantwild/extracted/plantwild/images/grape black rot/21.jpg,Grape___Black_rot,Tomato___Late_blight,0.939066
plantwild/extracted/plantwild/images/grape black rot/213.jpg,Grape___Black_rot,Strawberry___Leaf_scorch,0.929720
plantwild/extracted/plantwild/images/grape black rot/216.jpg,Grape___Black_rot,Grape___Esca_(Black_Measles),0.596725
plantwild/extracted/plantwild/images/grape black rot/22 - Copy.jpg,Grape___Black_rot,Grape___Black_rot,0.863010
plantwild/extracted/plantwild/images/grape black rot/22.jpg,Grape___Black_rot,Grape___Black_rot,0.935070
plantwild/extracted/plantwild/images/grape black rot/227.jpg,Grape___Black_rot,Grape___Leaf_blight_(Isariopsis_Leaf_Spot),0.924444
plantwild/extracted/plantwild/images/grape black rot/23.jpg,Grape___Black_rot,Strawberry___Leaf_scorch,0.827354
plantwild/extracted/plantwild/images/grape black rot/230.jpg,Grape___Black_rot,Tomato___Early_blight,0.364513
plantwild/extracted/plantwild/images/grape black rot/25.jpg,Grape___Black_rot,Tomato___Early_blight,0.470873
plantwild/extracted/plantwild/images/grape black rot/26.jpg,Grape___Black_rot,"Pepper,_bell___healthy",0.892891
plantwild/extracted/plantwild/images/grape black rot/28.jpg,Grape___Black_rot,"Pepper,_bell___healthy",0.788611
plantwild/extracted/plantwild/images/grape black rot/29.jpg,Grape___Black_rot,"Pepper,_bell___healthy",0.920238
plantwild/extracted/plantwild/images/grape black rot/3.jpg,Grape___Black_rot,Cherry___healthy,0.701910
plantwild/extracted/plantwild/images/grape black rot/31.jpg,Grape___Black_rot,Strawberry___Leaf_scorch,0.881221
plantwild/extracted/plantwild/images/grape black rot/32.jpg,Grape___Black_rot,Strawberry___Leaf_scorch,0.951384
plantwild/extracted/plantwild/images/grape black rot/33.jpg,Grape___Black_rot,"Pepper,_bell___healthy",0.947394
plantwild/extracted/plantwild/images/grape black rot/34.jpg,Grape___Black_rot,Strawberry___Leaf_scorch,0.933721
plantwild/extracted/plantwild/images/grape black rot/37.jpg,Grape___Black_rot,"Pepper,_bell___healthy",0.320817
plantwild/extracted/plantwild/images/grape black rot/38.jpg,Grape___Black_rot,Peach___Bacterial_spot,0.716891
plantwild/extracted/plantwild/images/grape black rot/39.jpg,Grape___Black_rot,Tomato___Late_blight,0.512032
plantwild/extracted/plantwild/images/grape black rot/4.jpg,Grape___Black_rot,"Pepper,_bell___healthy",0.664324
plantwild/extracted/plantwild/images/grape black rot/40.jpg,Grape___Black_rot,"Pepper,_bell___healthy",0.903610
plantwild/extracted/plantwild/images/grape black rot/42.jpg,Grape___Black_rot,Tomato___Early_blight,0.787085
plantwild/extracted/plantwild/images/grape black rot/43.jpg,Grape___Black_rot,Grape___Black_rot,0.334146
plantwild/extracted/plantwild/images/grape black rot/44.jpg,Grape___Black_rot,Grape___Black_rot,0.925687
plantwild/extracted/plantwild/images/grape black rot/45.jpg,Grape___Black_rot,Strawberry___Leaf_scorch,0.476363
plantwild/extracted/plantwild/images/grape black rot/46.jpg,Grape___Black_rot,Strawberry___Leaf_scorch,0.925108
plantwild/extracted/plantwild/images/grape black rot/49.jpg,Grape___Black_rot,Grape___Black_rot,0.933527
plantwild/extracted/plantwild/images/grape black rot/5.jpg,Grape___Black_rot,Cherry___healthy,0.813725
plantwild/extracted/plantwild/images/grape black rot/50.jpg,Grape___Black_rot,Strawberry___Leaf_scorch,0.913959
plantwild/extracted/plantwild/images/grape black rot/51.jpg,Grape___Black_rot,Cherry___healthy,0.462223
plantwild/extracted/plantwild/images/grape black rot/53.jpg,Grape___Black_rot,Tomato___Early_blight,0.295976
plantwild/extracted/plantwild/images/grape black rot/57.jpg,Grape___Black_rot,Strawberry___Leaf_scorch,0.483826
plantwild/extracted/plantwild/images/grape black rot/58.jpg,Grape___Black_rot,Cherry___healthy,0.376715
plantwild/extracted/plantwild/images/grape black rot/59.jpg,Grape___Black_rot,Grape___Black_rot,0.662931
plantwild/extracted/plantwild/images/grape black rot/6.jpg,Grape___Black_rot,"Pepper,_bell___healthy",0.918586
plantwild/extracted/plantwild/images/grape black rot/66.jpg,Grape___Black_rot,"Pepper,_bell___healthy",0.918575
plantwild/extracted/plantwild/images/grape black rot/67.jpg,Grape___Black_rot,Cherry___healthy,0.650642
plantwild/extracted/plantwild/images/grape black rot/68.jpg,Grape___Black_rot,"Pepper,_bell___healthy",0.943338
plantwild/extracted/plantwild/images/grape black rot/69.jpg,Grape___Black_rot,"Pepper,_bell___healthy",0.661152
plantwild/extracted/plantwild/images/grape black rot/7.jpg,Grape___Black_rot,"Pepper,_bell___healthy",0.773695
plantwild/extracted/plantwild/images/grape black rot/74.jpg,Grape___Black_rot,"Pepper,_bell___healthy",0.921265
plantwild/extracted/plantwild/images/grape black rot/75.jpg,Grape___Black_rot,Grape___Black_rot,0.333083
plantwild/extracted/plantwild/images/grape black rot/76.jpg,Grape___Black_rot,Strawberry___Leaf_scorch,0.704374
plantwild/extracted/plantwild/images/grape black rot/79.jpg,Grape___Black_rot,Tomato___Early_blight,0.236279
plantwild/extracted/plantwild/images/grape black rot/8 - Copy (2).jpg,Grape___Black_rot,Tomato___Early_blight,0.589056
plantwild/extracted/plantwild/images/grape black rot/8 - Copy.jpg,Grape___Black_rot,Corn___Cercospora_leaf_spot Gray_leaf_spot,0.871952
plantwild/extracted/plantwild/images/grape black rot/8.jpg,Grape___Black_rot,"Pepper,_bell___healthy",0.860673
plantwild/extracted/plantwild/images/grape black rot/9.jpg,Grape___Black_rot,"Pepper,_bell___healthy",0.568651
plantwild/extracted/plantwild/images/grape black rot/91.jpg,Grape___Black_rot,"Pepper,_bell___healthy",0.764806
plantwild/extracted/plantwild/images/grape black rot/96.jpg,Grape___Black_rot,Strawberry___Leaf_scorch,0.887559
plantwild/extracted/plantwild/images/grape black rot/98.jpg,Grape___Black_rot,"Pepper,_bell___healthy",0.943708
plantwild/extracted/plantwild/images/grape black rot/google_0000.jpg,Grape___Black_rot,Grape___Black_rot,0.793217
plantwild/extracted/plantwild/images/grape black rot/google_0001.jpg,Grape___Black_rot,Apple___Black_rot,0.912128
plantwild/extracted/plantwild/images/grape black rot/google_0002.jpg,Grape___Black_rot,Tomato___Septoria_leaf_spot,0.868419
plantwild/extracted/plantwild/images/grape black rot/google_0003.jpg,Grape___Black_rot,"Pepper,_bell___healthy",0.557929
plantwild/extracted/plantwild/images/grape black rot/google_0004.jpg,Grape___Black_rot,Apple___Cedar_apple_rust,0.328403
plantwild/extracted/plantwild/images/grape black rot/google_0005.jpg,Grape___Black_rot,"Pepper,_bell___healthy",0.885695
plantwild/extracted/plantwild/images/grape black rot/google_0006.jpg,Grape___Black_rot,Tomato___Early_blight,0.567865
plantwild/extracted/plantwild/images/grape black rot/google_0007.jpg,Grape___Black_rot,Apple___Black_rot,0.662311
plantwild/extracted/plantwild/images/grape black rot/google_0008.jpg,Grape___Black_rot,Grape___Black_rot,0.890254
plantwild/extracted/plantwild/images/grape black rot/google_0009.jpg,Grape___Black_rot,"Pepper,_bell___healthy",0.575503
plantwild/extracted/plantwild/images/grape black rot/google_0010.jpg,Grape___Black_rot,"Pepper,_bell___healthy",0.918571
plantwild/extracted/plantwild/images/grape black rot/google_0011.jpg,Grape___Black_rot,"Pepper,_bell___healthy",0.940862
plantwild/extracted/plantwild/images/grape black rot/google_0013.jpg,Grape___Black_rot,"Pepper,_bell___healthy",0.882194
plantwild/extracted/plantwild/images/grape black rot/google_0014 - Copy.jpg,Grape___Black_rot,"Pepper,_bell___healthy",0.340995
plantwild/extracted/plantwild/images/grape black rot/google_0014.jpg,Grape___Black_rot,"Pepper,_bell___healthy",0.948282
plantwild/extracted/plantwild/images/grape black rot/google_0015.jpg,Grape___Black_rot,Grape___Black_rot,0.924320
plantwild/extracted/plantwild/images/grape black rot/google_0017.jpg,Grape___Black_rot,Tomato___Late_blight,0.847913
plantwild/extracted/plantwild/images/grape black rot/google_0018.jpg,Grape___Black_rot,"Pepper,_bell___healthy",0.667219
plantwild/extracted/plantwild/images/grape black rot/google_0019.jpg,Grape___Black_rot,"Pepper,_bell___healthy",0.941572
plantwild/extracted/plantwild/images/grape black rot/google_0021.jpg,Grape___Black_rot,"Pepper,_bell___healthy",0.950194
plantwild/extracted/plantwild/images/grape black rot/google_0023.jpg,Grape___Black_rot,"Pepper,_bell___healthy",0.914758
plantwild/extracted/plantwild/images/grape black rot/google_0024.jpg,Grape___Black_rot,"Pepper,_bell___healthy",0.727254
plantwild/extracted/plantwild/images/grape black rot/google_0027.jpg,Grape___Black_rot,Grape___Black_rot,0.494412
plantwild/extracted/plantwild/images/grape black rot/google_0028.jpg,Grape___Black_rot,"Pepper,_bell___healthy",0.907991
plantwild/extracted/plantwild/images/grape black rot/google_0029.jpg,Grape___Black_rot,Grape___Black_rot,0.943710
plantwild/extracted/plantwild/images/grape black rot/google_0031.jpg,Grape___Black_rot,Cherry___healthy,0.923592
plantwild/extracted/plantwild/images/grape black rot/google_0032.jpg,Grape___Black_rot,"Pepper,_bell___healthy",0.826652
plantwild/extracted/plantwild/images/grape black rot/google_0033.jpg,Grape___Black_rot,Cherry___healthy,0.749966
plantwild/extracted/plantwild/images/grape black rot/google_0034.jpg,Grape___Black_rot,Corn___Cercospora_leaf_spot Gray_leaf_spot,0.589770
plantwild/extracted/plantwild/images/grape black rot/google_0035.jpg,Grape___Black_rot,Grape___Black_rot,0.339090
plantwild/extracted/plantwild/images/grape black rot/google_0036 - Copy.jpg,Grape___Black_rot,Strawberry___Leaf_scorch,0.349972
plantwild/extracted/plantwild/images/grape black rot/google_0036.jpg,Grape___Black_rot,Grape___Black_rot,0.704489
plantwild/extracted/plantwild/images/grape black rot/google_0037.jpg,Grape___Black_rot,Grape___Black_rot,0.518773
plantwild/extracted/plantwild/images/grape black rot/google_0038.jpg,Grape___Black_rot,Corn___Cercospora_leaf_spot Gray_leaf_spot,0.876651
plantwild/extracted/plantwild/images/grape black rot/google_0039.jpg,Grape___Black_rot,Cherry___healthy,0.643285
plantwild/extracted/plantwild/images/grape black rot/google_0040.jpg,Grape___Black_rot,Grape___Esca_(Black_Measles),0.494455
plantwild/extracted/plantwild/images/grape black rot/google_0041.jpg,Grape___Black_rot,"Pepper,_bell___healthy",0.399672
plantwild/extracted/plantwild/images/grape black rot/google_0043.jpg,Grape___Black_rot,Cherry___healthy,0.384266
plantwild/extracted/plantwild/images/grape black rot/google_0044.jpg,Grape___Black_rot,"Pepper,_bell___healthy",0.403893
plantwild/extracted/plantwild/images/grape black rot/google_0046.jpg,Grape___Black_rot,Grape___Black_rot,0.469154
plantwild/extracted/plantwild/images/grape black rot/google_0049.jpg,Grape___Black_rot,"Pepper,_bell___healthy",0.907390
plantwild/extracted/plantwild/images/grape black rot/google_0050.jpg,Grape___Black_rot,"Pepper,_bell___healthy",0.561129
plantwild/extracted/plantwild/images/grape black rot/google_0051.jpg,Grape___Black_rot,Cherry___healthy,0.506751
plantwild/extracted/plantwild/images/grape black rot/google_0052.jpg,Grape___Black_rot,Cherry___healthy,0.890400
plantwild/extracted/plantwild/images/grape black rot/google_0053 - Copy.jpg,Grape___Black_rot,"Pepper,_bell___healthy",0.946141
plantwild/extracted/plantwild/images/grape black rot/google_0053.jpg,Grape___Black_rot,Grape___healthy,0.220539
plantwild/extracted/plantwild/images/grape black rot/google_0059.jpg,Grape___Black_rot,Grape___Black_rot,0.550609
plantwild/extracted/plantwild/images/grape black rot/google_0061.jpg,Grape___Black_rot,Grape___Black_rot,0.920573
plantwild/extracted/plantwild/images/grape black rot/google_0063.jpg,Grape___Black_rot,"Pepper,_bell___healthy",0.912863
plantwild/extracted/plantwild/images/grape black rot/google_0064.jpg,Grape___Black_rot,"Pepper,_bell___healthy",0.866283
plantwild/extracted/plantwild/images/grape black rot/google_0066.jpg,Grape___Black_rot,Grape___Black_rot,0.680427
plantwild/extracted/plantwild/images/grape black rot/google_0067.jpg,Grape___Black_rot,Grape___Black_rot,0.800212
plantwild/extracted/plantwild/images/grape black rot/google_0068.jpg,Grape___Black_rot,Strawberry___Leaf_scorch,0.812126
plantwild/extracted/plantwild/images/grape black rot/google_0069.jpg,Grape___Black_rot,Cherry___healthy,0.896634
plantwild/extracted/plantwild/images/grape black rot/google_0071.jpg,Grape___Black_rot,"Pepper,_bell___healthy",0.834408
plantwild/extracted/plantwild/images/grape black rot/google_0072.jpg,Grape___Black_rot,Apple___Black_rot,0.922632
plantwild/extracted/plantwild/images/grape black rot/google_0075.jpg,Grape___Black_rot,Strawberry___Leaf_scorch,0.859903
plantwild/extracted/plantwild/images/grape black rot/google_0077.jpg,Grape___Black_rot,Cherry___healthy,0.764463
plantwild/extracted/plantwild/images/grape black rot/google_0080.jpg,Grape___Black_rot,"Pepper,_bell___healthy",0.557623
plantwild/extracted/plantwild/images/grape black rot/google_0081.jpg,Grape___Black_rot,Cherry___healthy,0.935242
plantwild/extracted/plantwild/images/grape black rot/google_0083.jpg,Grape___Black_rot,"Pepper,_bell___healthy",0.886384
plantwild/extracted/plantwild/images/grape black rot/google_0084.jpg,Grape___Black_rot,Orange___Haunglongbing_(Citrus_greening),0.498619
plantwild/extracted/plantwild/images/grape black rot/google_0085.jpg,Grape___Black_rot,Tomato___Early_blight,0.716122
plantwild/extracted/plantwild/images/grape black rot/google_0087.jpg,Grape___Black_rot,Apple___Black_rot,0.539481
plantwild/extracted/plantwild/images/grape black rot/google_0088.jpg,Grape___Black_rot,Tomato___Early_blight,0.898643
plantwild/extracted/plantwild/images/grape black rot/google_0089.jpg,Grape___Black_rot,Corn___Northern_Leaf_Blight,0.715263
plantwild/extracted/plantwild/images/grape black rot/google_0090.jpg,Grape___Black_rot,Tomato___Early_blight,0.907632
plantwild/extracted/plantwild/images/grape black rot/google_0092.jpg,Grape___Black_rot,Tomato___Early_blight,0.614367
plantwild/extracted/plantwild/images/grape black rot/google_0093.jpg,Grape___Black_rot,Tomato___Late_blight,0.626163
plantwild/extracted/plantwild/images/grape black rot/google_0095.jpg,Grape___Black_rot,Tomato___Late_blight,0.380550
plantwild/extracted/plantwild/images/grape black rot/google_0096.jpg,Grape___Black_rot,Corn___Cercospora_leaf_spot Gray_leaf_spot,0.424572
plantwild/extracted/plantwild/images/grape black rot/google_0097.jpg,Grape___Black_rot,"Pepper,_bell___healthy",0.794427
plantwild/extracted/plantwild/images/grape black rot/google_0101.jpg,Grape___Black_rot,Tomato___Late_blight,0.531451
plantwild/extracted/plantwild/images/grape black rot/google_0103.jpg,Grape___Black_rot,Tomato___Early_blight,0.359088
plantwild/extracted/plantwild/images/grape black rot/google_0104.jpg,Grape___Black_rot,Cherry___healthy,0.893790
plantwild/extracted/plantwild/images/grape black rot/google_0108.jpg,Grape___Black_rot,Apple___Apple_scab,0.596383
plantwild/extracted/plantwild/images/grape black rot/google_0110.jpg,Grape___Black_rot,Grape___Black_rot,0.650586
plantwild/extracted/plantwild/images/grape black rot/google_0111.jpg,Grape___Black_rot,Grape___Esca_(Black_Measles),0.774084
plantwild/extracted/plantwild/images/grape black rot/google_0118.jpg,Grape___Black_rot,Grape___Black_rot,0.897639
plantwild/extracted/plantwild/images/grape black rot/google_0119.jpg,Grape___Black_rot,"Pepper,_bell___healthy",0.843723
plantwild/extracted/plantwild/images/grape black rot/google_0123.jpg,Grape___Black_rot,"Pepper,_bell___healthy",0.539417
plantwild/extracted/plantwild/images/grape black rot/google_0124.jpg,Grape___Black_rot,Apple___Black_rot,0.459544
plantwild/extracted/plantwild/images/grape black rot/google_0128.jpg,Grape___Black_rot,Strawberry___Leaf_scorch,0.935890
plantwild/extracted/plantwild/images/grape black rot/google_0129.jpg,Grape___Black_rot,Cherry___healthy,0.817858
plantwild/extracted/plantwild/images/grape black rot/google_0130.jpg,Grape___Black_rot,Grape___Black_rot,0.873559
plantwild/extracted/plantwild/images/grape black rot/google_0131.jpg,Grape___Black_rot,Cherry___healthy,0.935863
plantwild/extracted/plantwild/images/grape black rot/google_0132.jpg,Grape___Black_rot,Tomato___Late_blight,0.528130
plantwild/extracted/plantwild/images/grape black rot/google_0133 - Copy (2).jpg,Grape___Black_rot,Grape___Black_rot,0.711427
plantwild/extracted/plantwild/images/grape black rot/google_0133 - Copy.jpg,Grape___Black_rot,Tomato___Septoria_leaf_spot,0.464342
plantwild/extracted/plantwild/images/grape black rot/google_0133.jpg,Grape___Black_rot,Tomato___Late_blight,0.939050
plantwild/extracted/plantwild/images/grape black rot/google_0134.jpg,Grape___Black_rot,"Pepper,_bell___healthy",0.948191
plantwild/extracted/plantwild/images/grape black rot/google_0135.jpg,Grape___Black_rot,"Pepper,_bell___healthy",0.943014
plantwild/extracted/plantwild/images/grape black rot/google_0142.jpg,Grape___Black_rot,"Pepper,_bell___healthy",0.891472
plantwild/extracted/plantwild/images/grape black rot/google_0143.jpg,Grape___Black_rot,"Pepper,_bell___healthy",0.452669
plantwild/extracted/plantwild/images/grape black rot/google_0147.jpg,Grape___Black_rot,"Pepper,_bell___healthy",0.499191
plantwild/extracted/plantwild/images/grape black rot/google_0149.jpg,Grape___Black_rot,Tomato___Late_blight,0.870400
plantwild/extracted/plantwild/images/grape black rot/google_0151.jpg,Grape___Black_rot,Grape___Black_rot,0.331851
plantwild/extracted/plantwild/images/grape black rot/google_0153.jpg,Grape___Black_rot,Grape___Black_rot,0.788288
plantwild/extracted/plantwild/images/grape black rot/google_0156.jpg,Grape___Black_rot,"Pepper,_bell___healthy",0.653315
plantwild/extracted/plantwild/images/grape black rot/google_0158.jpg,Grape___Black_rot,"Pepper,_bell___healthy",0.884996
plantwild/extracted/plantwild/images/grape black rot/google_0161.jpg,Grape___Black_rot,"Pepper,_bell___healthy",0.943086
plantwild/extracted/plantwild/images/grape black rot/google_0162.jpg,Grape___Black_rot,Tomato___Early_blight,0.320268
plantwild/extracted/plantwild/images/grape black rot/google_0166.jpg,Grape___Black_rot,"Pepper,_bell___healthy",0.942590
plantwild/extracted/plantwild/images/grape black rot/google_0171.jpg,Grape___Black_rot,Tomato___Early_blight,0.872960
plantwild/extracted/plantwild/images/grape black rot/google_0183.jpg,Grape___Black_rot,Tomato___Early_blight,0.349491
plantwild/extracted/plantwild/images/grape black rot/google_0186.jpg,Grape___Black_rot,Cherry___healthy,0.448440
plantwild/extracted/plantwild/images/grape black rot/google_0188.jpg,Grape___Black_rot,Strawberry___Leaf_scorch,0.921438
plantwild/extracted/plantwild/images/grape black rot/google_0197.jpg,Grape___Black_rot,Grape___Black_rot,0.952198
plantwild/extracted/plantwild/images/grape black rot/google_0202.jpg,Grape___Black_rot,"Pepper,_bell___healthy",0.435801
plantwild/extracted/plantwild/images/grape black rot/google_0204.jpg,Grape___Black_rot,"Pepper,_bell___healthy",0.664852
plantwild/extracted/plantwild/images/grape black rot/google_0209.jpg,Grape___Black_rot,Tomato___Late_blight,0.939218
plantwild/extracted/plantwild/images/grape black rot/google_0219.jpg,Grape___Black_rot,Grape___Black_rot,0.858298
plantwild/extracted/plantwild/images/grape black rot/google_0220.jpg,Grape___Black_rot,Grape___Black_rot,0.417226
plantwild/extracted/plantwild/images/grape black rot/google_0222.jpg,Grape___Black_rot,Tomato___Early_blight,0.240414
plantwild/extracted/plantwild/images/grape black rot/google_0223.jpg,Grape___Black_rot,"Pepper,_bell___healthy",0.389810
plantwild/extracted/plantwild/images/grape black rot/google_0230.jpg,Grape___Black_rot,Tomato___Early_blight,0.759217
plantwild/extracted/plantwild/images/grape black rot/google_0233.jpg,Grape___Black_rot,"Pepper,_bell___healthy",0.904587
plantwild/extracted/plantwild/images/grape black rot/google_0234.jpg,Grape___Black_rot,Tomato___healthy,0.190707
plantwild/extracted/plantwild/images/grape black rot/google_0237.jpg,Grape___Black_rot,Cherry___healthy,0.922819
plantwild/extracted/plantwild/images/grape black rot/google_0239.jpg,Grape___Black_rot,Strawberry___Leaf_scorch,0.933763
plantwild/extracted/plantwild/images/grape black rot/google_0258.jpg,Grape___Black_rot,Grape___Black_rot,0.938847
plantwild/extracted/plantwild/images/grape black rot/google_0260.jpg,Grape___Black_rot,Strawberry___Leaf_scorch,0.850116
plantwild/extracted/plantwild/images/grape black rot/google_0262.jpg,Grape___Black_rot,Tomato___Early_blight,0.866186
plantwild/extracted/plantwild/images/grape black rot/google_0269.jpg,Grape___Black_rot,Tomato___Early_blight,0.710193
plantwild/extracted/plantwild/images/grape black rot/google_0278 - Copy.jpg,Grape___Black_rot,Tomato___Late_blight,0.794218
plantwild/extracted/plantwild/images/grape black rot/google_0278.jpg,Grape___Black_rot,Tomato___Late_blight,0.893679
plantwild/extracted/plantwild/images/grape black rot/google_0283.jpg,Grape___Black_rot,Tomato___Late_blight,0.428470
plantwild/extracted/plantwild/images/grape black rot/google_0285.jpg,Grape___Black_rot,Corn___healthy,0.625464
plantwild/extracted/plantwild/images/grape black rot/google_0286.jpg,Grape___Black_rot,Grape___Black_rot,0.457032
plantwild/extracted/plantwild/images/grape black rot/google_0289.jpg,Grape___Black_rot,Strawberry___Leaf_scorch,0.304992
plantwild/extracted/plantwild/images/grape black rot/google_0291.jpg,Grape___Black_rot,"Pepper,_bell___healthy",0.672732
plantwild/extracted/plantwild/images/grape black rot/google_0293.jpg,Grape___Black_rot,"Pepper,_bell___healthy",0.452397
plantwild/extracted/plantwild/images/grape black rot/google_0303.jpg,Grape___Black_rot,Cherry___healthy,0.190585
plantwild/extracted/plantwild/images/grape black rot/google_0307.jpg,Grape___Black_rot,"Pepper,_bell___healthy",0.944161
plantwild/extracted/plantwild/images/grape black rot/google_0310.jpg,Grape___Black_rot,Grape___Black_rot,0.953195
plantwild/extracted/plantwild/images/grape black rot/google_0320 - Copy.jpg,Grape___Black_rot,Tomato___Late_blight,0.335416
plantwild/extracted/plantwild/images/grape black rot/google_0320.jpg,Grape___Black_rot,Tomato___Early_blight,0.862203
plantwild/extracted/plantwild/images/grape black rot/google_0325.jpg,Grape___Black_rot,"Pepper,_bell___healthy",0.873913
plantwild/extracted/plantwild/images/grape black rot/google_0330.jpg,Grape___Black_rot,Strawberry___Leaf_scorch,0.675329
plantwild/extracted/plantwild/images/grape black rot/google_0332.jpg,Grape___Black_rot,"Pepper,_bell___healthy",0.941536
plantwild/extracted/plantwild/images/grape black rot/google_0341.jpg,Grape___Black_rot,Grape___Black_rot,0.950646
plantwild/extracted/plantwild/images/grape black rot/google_0356.jpg,Grape___Black_rot,"Pepper,_bell___healthy",0.728800
plantwild/extracted/plantwild/images/grape leaf/1.jpg,Grape___healthy,Tomato___Early_blight,0.643224
plantwild/extracted/plantwild/images/grape leaf/10.jpg,Grape___healthy,Cherry___healthy,0.889879
plantwild/extracted/plantwild/images/grape leaf/101.jpg,Grape___healthy,Grape___Black_rot,0.671681
plantwild/extracted/plantwild/images/grape leaf/102.jpg,Grape___healthy,Tomato___Late_blight,0.947899
plantwild/extracted/plantwild/images/grape leaf/103.jpg,Grape___healthy,Strawberry___Leaf_scorch,0.304005
plantwild/extracted/plantwild/images/grape leaf/104.jpg,Grape___healthy,Strawberry___Leaf_scorch,0.242751
plantwild/extracted/plantwild/images/grape leaf/105.jpg,Grape___healthy,Tomato___Early_blight,0.398482
plantwild/extracted/plantwild/images/grape leaf/106.jpg,Grape___healthy,Tomato___Septoria_leaf_spot,0.307970
plantwild/extracted/plantwild/images/grape leaf/107.jpg,Grape___healthy,"Pepper,_bell___healthy",0.745393
plantwild/extracted/plantwild/images/grape leaf/108.jpg,Grape___healthy,Tomato___Late_blight,0.758434
plantwild/extracted/plantwild/images/grape leaf/109.jpg,Grape___healthy,Tomato___Septoria_leaf_spot,0.185503
plantwild/extracted/plantwild/images/grape leaf/11.jpg,Grape___healthy,Tomato___Septoria_leaf_spot,0.255239
plantwild/extracted/plantwild/images/grape leaf/110.jpg,Grape___healthy,Tomato___Septoria_leaf_spot,0.207188
plantwild/extracted/plantwild/images/grape leaf/111.jpg,Grape___healthy,"Pepper,_bell___healthy",0.927915
plantwild/extracted/plantwild/images/grape leaf/112.jpg,Grape___healthy,Tomato___Early_blight,0.771860
plantwild/extracted/plantwild/images/grape leaf/113.jpg,Grape___healthy,Tomato___Late_blight,0.811729
plantwild/extracted/plantwild/images/grape leaf/114.jpg,Grape___healthy,"Pepper,_bell___healthy",0.568798
plantwild/extracted/plantwild/images/grape leaf/117.jpg,Grape___healthy,Tomato___Septoria_leaf_spot,0.346337
plantwild/extracted/plantwild/images/grape leaf/12.jpg,Grape___healthy,Cherry___healthy,0.285970
plantwild/extracted/plantwild/images/grape leaf/122.jpg,Grape___healthy,Tomato___Early_blight,0.271535
plantwild/extracted/plantwild/images/grape leaf/123.jpg,Grape___healthy,Tomato___Septoria_leaf_spot,0.241629
plantwild/extracted/plantwild/images/grape leaf/124.jpg,Grape___healthy,Tomato___Early_blight,0.244955
plantwild/extracted/plantwild/images/grape leaf/125.jpg,Grape___healthy,Tomato___Septoria_leaf_spot,0.196992
plantwild/extracted/plantwild/images/grape leaf/127.jpg,Grape___healthy,Tomato___Septoria_leaf_spot,0.232449
plantwild/extracted/plantwild/images/grape leaf/128.jpg,Grape___healthy,Tomato___Septoria_leaf_spot,0.212839
plantwild/extracted/plantwild/images/grape leaf/129.jpg,Grape___healthy,Tomato___Septoria_leaf_spot,0.354342
plantwild/extracted/plantwild/images/grape leaf/13.jpg,Grape___healthy,Tomato___Early_blight,0.292738
plantwild/extracted/plantwild/images/grape leaf/130.jpg,Grape___healthy,Tomato___Septoria_leaf_spot,0.302411
plantwild/extracted/plantwild/images/grape leaf/131.jpg,Grape___healthy,Tomato___Late_blight,0.883617
plantwild/extracted/plantwild/images/grape leaf/132.jpg,Grape___healthy,Grape___healthy,0.619288
plantwild/extracted/plantwild/images/grape leaf/133.jpg,Grape___healthy,Tomato___Septoria_leaf_spot,0.361372
plantwild/extracted/plantwild/images/grape leaf/134.jpg,Grape___healthy,Tomato___Septoria_leaf_spot,0.116826
plantwild/extracted/plantwild/images/grape leaf/135.jpg,Grape___healthy,Tomato___Early_blight,0.357861
plantwild/extracted/plantwild/images/grape leaf/136.jpg,Grape___healthy,Tomato___Septoria_leaf_spot,0.160973
plantwild/extracted/plantwild/images/grape leaf/137.jpg,Grape___healthy,Tomato___Late_blight,0.529438
plantwild/extracted/plantwild/images/grape leaf/138.jpg,Grape___healthy,Tomato___Septoria_leaf_spot,0.141897
plantwild/extracted/plantwild/images/grape leaf/139.jpg,Grape___healthy,Tomato___Early_blight,0.360277
plantwild/extracted/plantwild/images/grape leaf/14.jpg,Grape___healthy,Grape___Esca_(Black_Measles),0.606676
plantwild/extracted/plantwild/images/grape leaf/140.jpg,Grape___healthy,Tomato___Septoria_leaf_spot,0.244113
plantwild/extracted/plantwild/images/grape leaf/141.jpg,Grape___healthy,Tomato___Septoria_leaf_spot,0.146290
plantwild/extracted/plantwild/images/grape leaf/142.jpg,Grape___healthy,Tomato___Early_blight,0.514768
plantwild/extracted/plantwild/images/grape leaf/143.jpg,Grape___healthy,Cherry___healthy,0.860920
plantwild/extracted/plantwild/images/grape leaf/144.jpg,Grape___healthy,Strawberry___Leaf_scorch,0.705473
plantwild/extracted/plantwild/images/grape leaf/145.jpg,Grape___healthy,Tomato___Septoria_leaf_spot,0.160932
plantwild/extracted/plantwild/images/grape leaf/146.jpg,Grape___healthy,"Pepper,_bell___healthy",0.865090
plantwild/extracted/plantwild/images/grape leaf/147.jpg,Grape___healthy,Cherry___healthy,0.943981
plantwild/extracted/plantwild/images/grape leaf/148.jpg,Grape___healthy,Tomato___Late_blight,0.179533
plantwild/extracted/plantwild/images/grape leaf/149.jpg,Grape___healthy,Tomato___Septoria_leaf_spot,0.224815
plantwild/extracted/plantwild/images/grape leaf/15.jpg,Grape___healthy,Tomato___Early_blight,0.169309
plantwild/extracted/plantwild/images/grape leaf/150.jpg,Grape___healthy,"Pepper,_bell___healthy",0.591774
plantwild/extracted/plantwild/images/grape leaf/151.jpg,Grape___healthy,"Pepper,_bell___healthy",0.896522
plantwild/extracted/plantwild/images/grape leaf/152.jpg,Grape___healthy,Tomato___Early_blight,0.389333
plantwild/extracted/plantwild/images/grape leaf/154.jpg,Grape___healthy,"Pepper,_bell___healthy",0.797448
plantwild/extracted/plantwild/images/grape leaf/155.jpg,Grape___healthy,Tomato___Septoria_leaf_spot,0.452133
plantwild/extracted/plantwild/images/grape leaf/156.jpg,Grape___healthy,Cherry___healthy,0.605089
plantwild/extracted/plantwild/images/grape leaf/157.jpg,Grape___healthy,Tomato___Early_blight,0.701173
plantwild/extracted/plantwild/images/grape leaf/158.jpg,Grape___healthy,Tomato___Septoria_leaf_spot,0.293905
plantwild/extracted/plantwild/images/grape leaf/159.jpg,Grape___healthy,Tomato___Septoria_leaf_spot,0.269912
plantwild/extracted/plantwild/images/grape leaf/163.jpg,Grape___healthy,Tomato___Early_blight,0.600774
plantwild/extracted/plantwild/images/grape leaf/164.jpg,Grape___healthy,Tomato___Late_blight,0.638375
plantwild/extracted/plantwild/images/grape leaf/165.jpg,Grape___healthy,Tomato___Septoria_leaf_spot,0.184017
plantwild/extracted/plantwild/images/grape leaf/166.jpg,Grape___healthy,Tomato___Early_blight,0.363835
plantwild/extracted/plantwild/images/grape leaf/167.jpg,Grape___healthy,Tomato___Early_blight,0.525723
plantwild/extracted/plantwild/images/grape leaf/168.jpg,Grape___healthy,Grape___Esca_(Black_Measles),0.555964
plantwild/extracted/plantwild/images/grape leaf/169.jpg,Grape___healthy,Tomato___Late_blight,0.253004
plantwild/extracted/plantwild/images/grape leaf/17.jpg,Grape___healthy,Strawberry___Leaf_scorch,0.484352
plantwild/extracted/plantwild/images/grape leaf/170.jpg,Grape___healthy,"Pepper,_bell___healthy",0.278508
plantwild/extracted/plantwild/images/grape leaf/171.jpg,Grape___healthy,Tomato___Septoria_leaf_spot,0.294397
plantwild/extracted/plantwild/images/grape leaf/172.jpg,Grape___healthy,Strawberry___healthy,0.144248
plantwild/extracted/plantwild/images/grape leaf/173.jpg,Grape___healthy,Tomato___Early_blight,0.513966
plantwild/extracted/plantwild/images/grape leaf/174.jpg,Grape___healthy,Tomato___Early_blight,0.246518
plantwild/extracted/plantwild/images/grape leaf/175.jpg,Grape___healthy,Cherry___healthy,0.878854
plantwild/extracted/plantwild/images/grape leaf/177.jpg,Grape___healthy,Strawberry___Leaf_scorch,0.891277
plantwild/extracted/plantwild/images/grape leaf/178.jpg,Grape___healthy,Tomato___Septoria_leaf_spot,0.139353
plantwild/extracted/plantwild/images/grape leaf/179.jpg,Grape___healthy,Strawberry___Leaf_scorch,0.408872
plantwild/extracted/plantwild/images/grape leaf/18.jpg,Grape___healthy,Cherry___healthy,0.354005
plantwild/extracted/plantwild/images/grape leaf/181.jpg,Grape___healthy,Tomato___Early_blight,0.415546
plantwild/extracted/plantwild/images/grape leaf/19.jpg,Grape___healthy,Tomato___Septoria_leaf_spot,0.234410
plantwild/extracted/plantwild/images/grape leaf/2.jpg,Grape___healthy,Cherry___healthy,0.908886
plantwild/extracted/plantwild/images/grape leaf/20.jpg,Grape___healthy,Grape___healthy,0.917199
plantwild/extracted/plantwild/images/grape leaf/21.jpg,Grape___healthy,Grape___healthy,0.430537
plantwild/extracted/plantwild/images/grape leaf/22.jpg,Grape___healthy,Cherry___healthy,0.951749
plantwild/extracted/plantwild/images/grape leaf/23.jpg,Grape___healthy,Tomato___Septoria_leaf_spot,0.173822
plantwild/extracted/plantwild/images/grape leaf/24.jpg,Grape___healthy,Tomato___Septoria_leaf_spot,0.131650
plantwild/extracted/plantwild/images/grape leaf/25.jpg,Grape___healthy,Tomato___Late_blight,0.388518
plantwild/extracted/plantwild/images/grape leaf/26.jpg,Grape___healthy,Grape___healthy,0.632241
plantwild/extracted/plantwild/images/grape leaf/28.jpg,Grape___healthy,Grape___healthy,0.200976
plantwild/extracted/plantwild/images/grape leaf/29.jpg,Grape___healthy,Tomato___Septoria_leaf_spot,0.319608
plantwild/extracted/plantwild/images/grape leaf/3.jpg,Grape___healthy,Tomato___Septoria_leaf_spot,0.394982
plantwild/extracted/plantwild/images/grape leaf/30.jpg,Grape___healthy,Tomato___Target_Spot,0.103028
plantwild/extracted/plantwild/images/grape leaf/32.jpg,Grape___healthy,Tomato___Septoria_leaf_spot,0.347692
plantwild/extracted/plantwild/images/grape leaf/33.jpg,Grape___healthy,"Pepper,_bell___healthy",0.843368
plantwild/extracted/plantwild/images/grape leaf/34.jpg,Grape___healthy,Tomato___Septoria_leaf_spot,0.149642
plantwild/extracted/plantwild/images/grape leaf/35.jpg,Grape___healthy,Tomato___Late_blight,0.813549
plantwild/extracted/plantwild/images/grape leaf/36.jpg,Grape___healthy,Cherry___healthy,0.807152
plantwild/extracted/plantwild/images/grape leaf/37.jpg,Grape___healthy,Grape___Black_rot,0.347969
plantwild/extracted/plantwild/images/grape leaf/38.jpg,Grape___healthy,Tomato___Septoria_leaf_spot,0.096717
plantwild/extracted/plantwild/images/grape leaf/39.jpg,Grape___healthy,Tomato___Septoria_leaf_spot,0.421911
plantwild/extracted/plantwild/images/grape leaf/4.jpg,Grape___healthy,Grape___healthy,0.478094
plantwild/extracted/plantwild/images/grape leaf/40.jpg,Grape___healthy,Tomato___Early_blight,0.233379
plantwild/extracted/plantwild/images/grape leaf/41.jpg,Grape___healthy,Tomato___Septoria_leaf_spot,0.223243
plantwild/extracted/plantwild/images/grape leaf/42.jpg,Grape___healthy,Tomato___Early_blight,0.710060
plantwild/extracted/plantwild/images/grape leaf/43.jpg,Grape___healthy,"Pepper,_bell___healthy",0.768599
plantwild/extracted/plantwild/images/grape leaf/44.jpg,Grape___healthy,Tomato___Septoria_leaf_spot,0.263647
plantwild/extracted/plantwild/images/grape leaf/45.jpg,Grape___healthy,Corn___Cercospora_leaf_spot Gray_leaf_spot,0.293731
plantwild/extracted/plantwild/images/grape leaf/46.jpg,Grape___healthy,Strawberry___Leaf_scorch,0.889096
plantwild/extracted/plantwild/images/grape leaf/47.jpg,Grape___healthy,Corn___healthy,0.805041
plantwild/extracted/plantwild/images/grape leaf/48.jpg,Grape___healthy,Tomato___Septoria_leaf_spot,0.501258
plantwild/extracted/plantwild/images/grape leaf/49.jpg,Grape___healthy,Tomato___Late_blight,0.476874
plantwild/extracted/plantwild/images/grape leaf/5.jpg,Grape___healthy,Tomato___Septoria_leaf_spot,0.279997
plantwild/extracted/plantwild/images/grape leaf/50.jpg,Grape___healthy,Tomato___Late_blight,0.199961
plantwild/extracted/plantwild/images/grape leaf/51.jpg,Grape___healthy,Tomato___Late_blight,0.945879
plantwild/extracted/plantwild/images/grape leaf/52.jpg,Grape___healthy,Cherry___healthy,0.862224
plantwild/extracted/plantwild/images/grape leaf/53.jpg,Grape___healthy,Apple___Apple_scab,0.726445
plantwild/extracted/plantwild/images/grape leaf/55.jpg,Grape___healthy,Tomato___Early_blight,0.313302
plantwild/extracted/plantwild/images/grape leaf/56.jpg,Grape___healthy,Tomato___Late_blight,0.925387
plantwild/extracted/plantwild/images/grape leaf/57.jpg,Grape___healthy,Tomato___Septoria_leaf_spot,0.354794
plantwild/extracted/plantwild/images/grape leaf/58.jpg,Grape___healthy,Tomato___Septoria_leaf_spot,0.224942
plantwild/extracted/plantwild/images/grape leaf/59.jpg,Grape___healthy,Corn___Cercospora_leaf_spot Gray_leaf_spot,0.447754
plantwild/extracted/plantwild/images/grape leaf/6.jpg,Grape___healthy,Cherry___healthy,0.473146
plantwild/extracted/plantwild/images/grape leaf/60.jpg,Grape___healthy,Tomato___Septoria_leaf_spot,0.352089
plantwild/extracted/plantwild/images/grape leaf/62.jpg,Grape___healthy,Tomato___Septoria_leaf_spot,0.180647
plantwild/extracted/plantwild/images/grape leaf/63.jpg,Grape___healthy,Grape___Black_rot,0.608820
plantwild/extracted/plantwild/images/grape leaf/64.jpg,Grape___healthy,Cherry___healthy,0.950977
plantwild/extracted/plantwild/images/grape leaf/65.jpg,Grape___healthy,Tomato___Septoria_leaf_spot,0.400503
plantwild/extracted/plantwild/images/grape leaf/66.jpg,Grape___healthy,Strawberry___Leaf_scorch,0.611487
plantwild/extracted/plantwild/images/grape leaf/67.jpg,Grape___healthy,Tomato___Septoria_leaf_spot,0.157015
plantwild/extracted/plantwild/images/grape leaf/68.jpg,Grape___healthy,Tomato___Septoria_leaf_spot,0.210830
plantwild/extracted/plantwild/images/grape leaf/69.jpg,Grape___healthy,Tomato___Early_blight,0.515880
plantwild/extracted/plantwild/images/grape leaf/7.jpg,Grape___healthy,Tomato___Septoria_leaf_spot,0.214892
plantwild/extracted/plantwild/images/grape leaf/70.jpg,Grape___healthy,Tomato___Late_blight,0.903215
plantwild/extracted/plantwild/images/grape leaf/71.jpg,Grape___healthy,Tomato___Septoria_leaf_spot,0.180194
plantwild/extracted/plantwild/images/grape leaf/72.jpg,Grape___healthy,Tomato___Septoria_leaf_spot,0.252791
plantwild/extracted/plantwild/images/grape leaf/74.jpg,Grape___healthy,Strawberry___Leaf_scorch,0.768182
plantwild/extracted/plantwild/images/grape leaf/75.jpg,Grape___healthy,Cherry___healthy,0.591195
plantwild/extracted/plantwild/images/grape leaf/76.jpg,Grape___healthy,Cherry___healthy,0.945933
plantwild/extracted/plantwild/images/grape leaf/79.jpg,Grape___healthy,"Pepper,_bell___healthy",0.945152
plantwild/extracted/plantwild/images/grape leaf/8.jpg,Grape___healthy,Tomato___Septoria_leaf_spot,0.189980
plantwild/extracted/plantwild/images/grape leaf/80.jpg,Grape___healthy,Tomato___Septoria_leaf_spot,0.261814
plantwild/extracted/plantwild/images/grape leaf/81.jpg,Grape___healthy,Tomato___Septoria_leaf_spot,0.171721
plantwild/extracted/plantwild/images/grape leaf/82.jpg,Grape___healthy,Tomato___Septoria_leaf_spot,0.363344
plantwild/extracted/plantwild/images/grape leaf/83.jpg,Grape___healthy,Grape___Esca_(Black_Measles),0.945280
plantwild/extracted/plantwild/images/grape leaf/84.jpg,Grape___healthy,Tomato___Septoria_leaf_spot,0.244382
plantwild/extracted/plantwild/images/grape leaf/85.jpg,Grape___healthy,Tomato___Septoria_leaf_spot,0.268595
plantwild/extracted/plantwild/images/grape leaf/86.jpg,Grape___healthy,Cherry___healthy,0.915878
plantwild/extracted/plantwild/images/grape leaf/87.jpg,Grape___healthy,Tomato___Septoria_leaf_spot,0.320668
plantwild/extracted/plantwild/images/grape leaf/88.jpg,Grape___healthy,Tomato___Septoria_leaf_spot,0.338269
plantwild/extracted/plantwild/images/grape leaf/89.jpg,Grape___healthy,Cherry___healthy,0.745164
plantwild/extracted/plantwild/images/grape leaf/9.jpg,Grape___healthy,Cherry___healthy,0.678869
plantwild/extracted/plantwild/images/grape leaf/90.jpg,Grape___healthy,"Pepper,_bell___healthy",0.863212
plantwild/extracted/plantwild/images/grape leaf/91.jpg,Grape___healthy,Tomato___Late_blight,0.713411
plantwild/extracted/plantwild/images/grape leaf/92.jpg,Grape___healthy,Cherry___healthy,0.533855
plantwild/extracted/plantwild/images/grape leaf/93.jpg,Grape___healthy,Tomato___Early_blight,0.334804
plantwild/extracted/plantwild/images/grape leaf/94.jpg,Grape___healthy,Raspberry___healthy,0.420696
plantwild/extracted/plantwild/images/grape leaf/95.jpg,Grape___healthy,Tomato___Early_blight,0.462886
plantwild/extracted/plantwild/images/grape leaf/96.jpg,Grape___healthy,Tomato___Septoria_leaf_spot,0.292784
plantwild/extracted/plantwild/images/grape leaf/97.jpg,Grape___healthy,Tomato___Late_blight,0.241887
plantwild/extracted/plantwild/images/grape leaf/98.jpg,Grape___healthy,Strawberry___Leaf_scorch,0.732780
plantwild/extracted/plantwild/images/grape leaf/99.jpg,Grape___healthy,"Pepper,_bell___healthy",0.888579
plantwild/extracted/plantwild/images/grape leaf/google_0000.jpg,Grape___healthy,Tomato___Septoria_leaf_spot,0.397146
plantwild/extracted/plantwild/images/grape leaf/google_0002.jpg,Grape___healthy,Raspberry___healthy,0.791529
plantwild/extracted/plantwild/images/grape leaf/google_0004.jpg,Grape___healthy,Tomato___Early_blight,0.173449
plantwild/extracted/plantwild/images/grape leaf/google_0008.jpg,Grape___healthy,Tomato___Septoria_leaf_spot,0.133226
plantwild/extracted/plantwild/images/grape leaf/google_0009.jpg,Grape___healthy,Grape___Black_rot,0.198648
plantwild/extracted/plantwild/images/grape leaf/google_0010.jpg,Grape___healthy,Cherry___healthy,0.281045
plantwild/extracted/plantwild/images/grape leaf/google_0012.jpg,Grape___healthy,Tomato___Late_blight,0.668840
plantwild/extracted/plantwild/images/grape leaf/google_0015.jpg,Grape___healthy,Grape___Black_rot,0.382314
plantwild/extracted/plantwild/images/grape leaf/google_0024.jpg,Grape___healthy,Tomato___Septoria_leaf_spot,0.230770
plantwild/extracted/plantwild/images/grape leaf/google_0031.jpg,Grape___healthy,Tomato___Early_blight,0.295753
plantwild/extracted/plantwild/images/grape leaf/google_0044.jpg,Grape___healthy,Tomato___Late_blight,0.942221
plantwild/extracted/plantwild/images/grape leaf/google_0046.jpg,Grape___healthy,Tomato___Early_blight,0.308589
plantwild/extracted/plantwild/images/grape leaf/google_0047.jpg,Grape___healthy,Tomato___Septoria_leaf_spot,0.363321
plantwild/extracted/plantwild/images/grape leaf/google_0058.jpg,Grape___healthy,Grape___healthy,0.847075
plantwild/extracted/plantwild/images/grape leaf/google_0059.jpg,Grape___healthy,Tomato___Septoria_leaf_spot,0.395279
plantwild/extracted/plantwild/images/grape leaf/google_0061.jpg,Grape___healthy,Apple___healthy,0.868746
plantwild/extracted/plantwild/images/grape leaf/google_0063.jpg,Grape___healthy,Grape___healthy,0.933662
plantwild/extracted/plantwild/images/grape leaf/google_0070.jpg,Grape___healthy,Cherry___healthy,0.826063
plantwild/extracted/plantwild/images/grape leaf/google_0076.jpg,Grape___healthy,Tomato___Early_blight,0.538234
plantwild/extracted/plantwild/images/grape leaf/google_0085.jpg,Grape___healthy,Tomato___Late_blight,0.144137
plantwild/extracted/plantwild/images/grape leaf/google_0090.jpg,Grape___healthy,Strawberry___Leaf_scorch,0.883180
plantwild/extracted/plantwild/images/grape leaf/google_0091.jpg,Grape___healthy,Cherry___healthy,0.770543
plantwild/extracted/plantwild/images/grape leaf/google_0092.jpg,Grape___healthy,Grape___Black_rot,0.820738
plantwild/extracted/plantwild/images/grape leaf/google_0108.jpg,Grape___healthy,Tomato___Early_blight,0.710118
plantwild/extracted/plantwild/images/grape leaf/google_0115.jpg,Grape___healthy,Apple___Apple_scab,0.783441
plantwild/extracted/plantwild/images/grape leaf/google_0127.jpg,Grape___healthy,Grape___healthy,0.704947
plantwild/extracted/plantwild/images/grape leaf/google_0147.jpg,Grape___healthy,Tomato___Septoria_leaf_spot,0.186617
plantwild/extracted/plantwild/images/grape leaf/google_0149.jpg,Grape___healthy,"Pepper,_bell___healthy",0.943476
plantwild/extracted/plantwild/images/grape leaf/google_0151.jpg,Grape___healthy,Tomato___Septoria_leaf_spot,0.189995
plantwild/extracted/plantwild/images/grape leaf/google_0170.jpg,Grape___healthy,Tomato___Septoria_leaf_spot,0.163042
plantwild/extracted/plantwild/images/grape leaf/google_0180.jpg,Grape___healthy,Tomato___Septoria_leaf_spot,0.271718
plantwild/extracted/plantwild/images/grape leaf/google_0189.jpg,Grape___healthy,Tomato___Septoria_leaf_spot,0.270972
plantwild/extracted/plantwild/images/grape leaf/google_0192.jpg,Grape___healthy,"Pepper,_bell___healthy",0.279464
plantwild/extracted/plantwild/images/grape leaf/google_0238.jpg,Grape___healthy,Tomato___Septoria_leaf_spot,0.178870
plantwild/extracted/plantwild/images/grape leaf/google_0246.jpg,Grape___healthy,Grape___Black_rot,0.915402
plantwild/extracted/plantwild/images/grape leaf/google_0286.jpg,Grape___healthy,Corn___healthy,0.916947
plantwild/extracted/plantwild/images/grape leaf/google_0287.jpg,Grape___healthy,Corn___healthy,0.833480
plantwild/extracted/plantwild/images/grape leaf/google_0325.jpg,Grape___healthy,Cherry___healthy,0.916410
plantwild/extracted/plantwild/images/grape leaf/google_0337.jpg,Grape___healthy,Cherry___healthy,0.217742
plantwild/extracted/plantwild/images/grape leaf/google_0361.jpg,Grape___healthy,Tomato___Early_blight,0.357393
plantwild/extracted/plantwild/images/grape leaf/google_0367.jpg,Grape___healthy,Cherry___healthy,0.926709
plantwild/extracted/plantwild/images/grape leaf/google_0370.jpg,Grape___healthy,Cherry___healthy,0.652037
plantwild/extracted/plantwild/images/peach leaf/1.jpg,Peach___healthy,"Pepper,_bell___healthy",0.668407
plantwild/extracted/plantwild/images/peach leaf/10.jpg,Peach___healthy,Tomato___Target_Spot,0.093042
plantwild/extracted/plantwild/images/peach leaf/100.jpg,Peach___healthy,Cherry___healthy,0.936473
plantwild/extracted/plantwild/images/peach leaf/106.jpg,Peach___healthy,Cherry___healthy,0.742073
plantwild/extracted/plantwild/images/peach leaf/109.jpg,Peach___healthy,Cherry___healthy,0.920846
plantwild/extracted/plantwild/images/peach leaf/11.jpg,Peach___healthy,"Pepper,_bell___healthy",0.691686
plantwild/extracted/plantwild/images/peach leaf/111.jpg,Peach___healthy,Cherry___healthy,0.553598
plantwild/extracted/plantwild/images/peach leaf/117.jpg,Peach___healthy,Cherry___healthy,0.939680
plantwild/extracted/plantwild/images/peach leaf/13.jpg,Peach___healthy,Tomato___Septoria_leaf_spot,0.236538
plantwild/extracted/plantwild/images/peach leaf/138.jpg,Peach___healthy,"Pepper,_bell___healthy",0.823551
plantwild/extracted/plantwild/images/peach leaf/139.jpg,Peach___healthy,Cherry___healthy,0.931060
plantwild/extracted/plantwild/images/peach leaf/14.jpg,Peach___healthy,"Pepper,_bell___healthy",0.617176
plantwild/extracted/plantwild/images/peach leaf/142.jpg,Peach___healthy,"Pepper,_bell___healthy",0.912328
plantwild/extracted/plantwild/images/peach leaf/143.jpg,Peach___healthy,"Pepper,_bell___healthy",0.876664
plantwild/extracted/plantwild/images/peach leaf/145.jpg,Peach___healthy,Cherry___healthy,0.900040
plantwild/extracted/plantwild/images/peach leaf/146 - Copy (2).jpg,Peach___healthy,Tomato___Early_blight,0.851160
plantwild/extracted/plantwild/images/peach leaf/146 - Copy (3).jpg,Peach___healthy,Cherry___healthy,0.949666
plantwild/extracted/plantwild/images/peach leaf/146 - Copy.jpg,Peach___healthy,Cherry___healthy,0.945997
plantwild/extracted/plantwild/images/peach leaf/146.jpg,Peach___healthy,Cherry___healthy,0.943675
plantwild/extracted/plantwild/images/peach leaf/147.jpg,Peach___healthy,"Pepper,_bell___healthy",0.887610
plantwild/extracted/plantwild/images/peach leaf/148.jpg,Peach___healthy,Cherry___healthy,0.477545
plantwild/extracted/plantwild/images/peach leaf/149.jpg,Peach___healthy,Strawberry___Leaf_scorch,0.605108
plantwild/extracted/plantwild/images/peach leaf/15.jpg,Peach___healthy,"Pepper,_bell___healthy",0.952449
plantwild/extracted/plantwild/images/peach leaf/150.jpg,Peach___healthy,Cherry___healthy,0.950794
plantwild/extracted/plantwild/images/peach leaf/152.jpg,Peach___healthy,Cherry___healthy,0.935458
plantwild/extracted/plantwild/images/peach leaf/153.jpg,Peach___healthy,Cherry___healthy,0.944172
plantwild/extracted/plantwild/images/peach leaf/154.jpg,Peach___healthy,Cherry___healthy,0.947023
plantwild/extracted/plantwild/images/peach leaf/157.jpg,Peach___healthy,Cherry___healthy,0.944149
plantwild/extracted/plantwild/images/peach leaf/158.jpg,Peach___healthy,Strawberry___Leaf_scorch,0.461620
plantwild/extracted/plantwild/images/peach leaf/159.jpg,Peach___healthy,Cherry___healthy,0.931696
plantwild/extracted/plantwild/images/peach leaf/16.jpg,Peach___healthy,Tomato___Septoria_leaf_spot,0.138405
plantwild/extracted/plantwild/images/peach leaf/161.jpg,Peach___healthy,"Pepper,_bell___healthy",0.915573
plantwild/extracted/plantwild/images/peach leaf/163.jpg,Peach___healthy,Cherry___healthy,0.937826
plantwild/extracted/plantwild/images/peach leaf/164.jpg,Peach___healthy,Cherry___healthy,0.856003
plantwild/extracted/plantwild/images/peach leaf/165.jpg,Peach___healthy,Cherry___healthy,0.885103
plantwild/extracted/plantwild/images/peach leaf/166.jpg,Peach___healthy,"Pepper,_bell___healthy",0.943234
plantwild/extracted/plantwild/images/peach leaf/17.jpg,Peach___healthy,"Pepper,_bell___healthy",0.731882
plantwild/extracted/plantwild/images/peach leaf/170.jpg,Peach___healthy,Corn___healthy,0.220702
plantwild/extracted/plantwild/images/peach leaf/171.jpg,Peach___healthy,Strawberry___Leaf_scorch,0.767655
plantwild/extracted/plantwild/images/peach leaf/172.jpg,Peach___healthy,Corn___healthy,0.483977
plantwild/extracted/plantwild/images/peach leaf/173.jpg,Peach___healthy,"Pepper,_bell___healthy",0.944889
plantwild/extracted/plantwild/images/peach leaf/174.jpg,Peach___healthy,Tomato___Early_blight,0.293581
plantwild/extracted/plantwild/images/peach leaf/178.jpg,Peach___healthy,Cherry___healthy,0.939735
plantwild/extracted/plantwild/images/peach leaf/18.jpg,Peach___healthy,Cherry___healthy,0.551372
plantwild/extracted/plantwild/images/peach leaf/181.jpg,Peach___healthy,Cherry___healthy,0.562880
plantwild/extracted/plantwild/images/peach leaf/182.jpg,Peach___healthy,Strawberry___Leaf_scorch,0.632370
plantwild/extracted/plantwild/images/peach leaf/184.jpg,Peach___healthy,"Pepper,_bell___healthy",0.933805
plantwild/extracted/plantwild/images/peach leaf/185.jpg,Peach___healthy,Cherry___healthy,0.428141
plantwild/extracted/plantwild/images/peach leaf/186.jpg,Peach___healthy,Cherry___healthy,0.952081
plantwild/extracted/plantwild/images/peach leaf/189.jpg,Peach___healthy,"Pepper,_bell___healthy",0.949977
plantwild/extracted/plantwild/images/peach leaf/19.jpg,Peach___healthy,Tomato___Septoria_leaf_spot,0.197661
plantwild/extracted/plantwild/images/peach leaf/194.jpg,Peach___healthy,Tomato___Septoria_leaf_spot,0.228254
plantwild/extracted/plantwild/images/peach leaf/2.jpg,Peach___healthy,"Pepper,_bell___healthy",0.603706
plantwild/extracted/plantwild/images/peach leaf/20.jpg,Peach___healthy,"Pepper,_bell___healthy",0.496064
plantwild/extracted/plantwild/images/peach leaf/202.jpg,Peach___healthy,Cherry___healthy,0.943882
plantwild/extracted/plantwild/images/peach leaf/205.jpg,Peach___healthy,Cherry___healthy,0.952205
plantwild/extracted/plantwild/images/peach leaf/207.jpg,Peach___healthy,"Pepper,_bell___healthy",0.911527
plantwild/extracted/plantwild/images/peach leaf/208.jpg,Peach___healthy,Strawberry___Leaf_scorch,0.919181
plantwild/extracted/plantwild/images/peach leaf/21.jpg,Peach___healthy,Corn___healthy,0.737219
plantwild/extracted/plantwild/images/peach leaf/212.jpg,Peach___healthy,Cherry___healthy,0.938061
plantwild/extracted/plantwild/images/peach leaf/216.jpg,Peach___healthy,"Pepper,_bell___healthy",0.461973
plantwild/extracted/plantwild/images/peach leaf/22.jpg,Peach___healthy,"Pepper,_bell___healthy",0.424214
plantwild/extracted/plantwild/images/peach leaf/227.jpg,Peach___healthy,Cherry___healthy,0.816569
plantwild/extracted/plantwild/images/peach leaf/23.jpg,Peach___healthy,"Pepper,_bell___healthy",0.462932
plantwild/extracted/plantwild/images/peach leaf/234.jpg,Peach___healthy,Grape___Black_rot,0.261012
plantwild/extracted/plantwild/images/peach leaf/236.jpg,Peach___healthy,Cherry___healthy,0.950103
plantwild/extracted/plantwild/images/peach leaf/24.jpg,Peach___healthy,Tomato___Septoria_leaf_spot,0.110245
plantwild/extracted/plantwild/images/peach leaf/25.jpg,Peach___healthy,Cherry___healthy,0.929391
plantwild/extracted/plantwild/images/peach leaf/254.jpg,Peach___healthy,Cherry___healthy,0.939549
plantwild/extracted/plantwild/images/peach leaf/257.jpg,Peach___healthy,Cherry___healthy,0.950922
plantwild/extracted/plantwild/images/peach leaf/259.jpg,Peach___healthy,Cherry___healthy,0.854137
plantwild/extracted/plantwild/images/peach leaf/26.jpg,Peach___healthy,Cherry___healthy,0.628313
plantwild/extracted/plantwild/images/peach leaf/263.jpg,Peach___healthy,Cherry___healthy,0.944468
plantwild/extracted/plantwild/images/peach leaf/265.jpg,Peach___healthy,Cherry___healthy,0.953983
plantwild/extracted/plantwild/images/peach leaf/27.jpg,Peach___healthy,Tomato___Septoria_leaf_spot,0.149201
plantwild/extracted/plantwild/images/peach leaf/28.jpg,Peach___healthy,Cherry___healthy,0.908332
plantwild/extracted/plantwild/images/peach leaf/281.jpg,Peach___healthy,Cherry___healthy,0.941506
plantwild/extracted/plantwild/images/peach leaf/283.jpg,Peach___healthy,Cherry___healthy,0.948034
plantwild/extracted/plantwild/images/peach leaf/29.jpg,Peach___healthy,"Pepper,_bell___healthy",0.792180
plantwild/extracted/plantwild/images/peach leaf/297.jpg,Peach___healthy,Strawberry___Leaf_scorch,0.612369
plantwild/extracted/plantwild/images/peach leaf/3.jpg,Peach___healthy,Cherry___Powdery_mildew,0.717931
plantwild/extracted/plantwild/images/peach leaf/30.jpg,Peach___healthy,"Pepper,_bell___healthy",0.737092
plantwild/extracted/plantwild/images/peach leaf/31.jpg,Peach___healthy,Cherry___healthy,0.927047
plantwild/extracted/plantwild/images/peach leaf/32.jpg,Peach___healthy,"Pepper,_bell___healthy",0.943866
plantwild/extracted/plantwild/images/peach leaf/34.jpg,Peach___healthy,Cherry___healthy,0.911743
plantwild/extracted/plantwild/images/peach leaf/35.jpg,Peach___healthy,Tomato___Septoria_leaf_spot,0.184694
plantwild/extracted/plantwild/images/peach leaf/36.jpg,Peach___healthy,Tomato___Septoria_leaf_spot,0.245799
plantwild/extracted/plantwild/images/peach leaf/38.jpg,Peach___healthy,Cherry___healthy,0.853686
plantwild/extracted/plantwild/images/peach leaf/39.jpg,Peach___healthy,Cherry___healthy,0.953649
plantwild/extracted/plantwild/images/peach leaf/4.jpg,Peach___healthy,"Pepper,_bell___healthy",0.878376
plantwild/extracted/plantwild/images/peach leaf/40.jpg,Peach___healthy,Cherry___healthy,0.943886
plantwild/extracted/plantwild/images/peach leaf/41 - Copy (2).jpg,Peach___healthy,Corn___healthy,0.893767
plantwild/extracted/plantwild/images/peach leaf/41 - Copy (3).jpg,Peach___healthy,Corn___healthy,0.924380
plantwild/extracted/plantwild/images/peach leaf/41 - Copy.jpg,Peach___healthy,Corn___healthy,0.640676
plantwild/extracted/plantwild/images/peach leaf/41.jpg,Peach___healthy,Corn___healthy,0.950432
plantwild/extracted/plantwild/images/peach leaf/44.jpg,Peach___healthy,Cherry___healthy,0.910676
plantwild/extracted/plantwild/images/peach leaf/46.jpg,Peach___healthy,"Pepper,_bell___healthy",0.948933
plantwild/extracted/plantwild/images/peach leaf/50.jpg,Peach___healthy,Strawberry___Leaf_scorch,0.368024
plantwild/extracted/plantwild/images/peach leaf/51.jpg,Peach___healthy,"Pepper,_bell___healthy",0.934134
plantwild/extracted/plantwild/images/peach leaf/53.jpg,Peach___healthy,Cherry___healthy,0.531684
plantwild/extracted/plantwild/images/peach leaf/56.jpg,Peach___healthy,Blueberry___healthy,0.951685
plantwild/extracted/plantwild/images/peach leaf/58.jpg,Peach___healthy,Cherry___healthy,0.933090
plantwild/extracted/plantwild/images/peach leaf/59.jpg,Peach___healthy,Tomato___Early_blight,0.162852
plantwild/extracted/plantwild/images/peach leaf/6.jpg,Peach___healthy,"Pepper,_bell___healthy",0.926482
plantwild/extracted/plantwild/images/peach leaf/60.jpg,Peach___healthy,Strawberry___Leaf_scorch,0.953206
plantwild/extracted/plantwild/images/peach leaf/61.jpg,Peach___healthy,Strawberry___Leaf_scorch,0.843586
plantwild/extracted/plantwild/images/peach leaf/64.jpg,Peach___healthy,Tomato___Late_blight,0.935390
plantwild/extracted/plantwild/images/peach leaf/65.jpg,Peach___healthy,"Pepper,_bell___healthy",0.260305
plantwild/extracted/plantwild/images/peach leaf/67.jpg,Peach___healthy,"Pepper,_bell___healthy",0.880840
plantwild/extracted/plantwild/images/peach leaf/7.jpg,Peach___healthy,Cherry___healthy,0.949203
plantwild/extracted/plantwild/images/peach leaf/70.jpg,Peach___healthy,Cherry___healthy,0.744086
plantwild/extracted/plantwild/images/peach leaf/71.jpg,Peach___healthy,Cherry___healthy,0.941856
plantwild/extracted/plantwild/images/peach leaf/75.jpg,Peach___healthy,Cherry___healthy,0.856059
plantwild/extracted/plantwild/images/peach leaf/77.jpg,Peach___healthy,Corn___healthy,0.954392
plantwild/extracted/plantwild/images/peach leaf/78.jpg,Peach___healthy,"Pepper,_bell___healthy",0.860973
plantwild/extracted/plantwild/images/peach leaf/8.jpg,Peach___healthy,Tomato___Septoria_leaf_spot,0.130510
plantwild/extracted/plantwild/images/peach leaf/86.jpg,Peach___healthy,Cherry___healthy,0.944395
plantwild/extracted/plantwild/images/peach leaf/89.jpg,Peach___healthy,Cherry___healthy,0.949617
plantwild/extracted/plantwild/images/peach leaf/9.jpg,Peach___healthy,Cherry___healthy,0.886729
plantwild/extracted/plantwild/images/peach leaf/99.jpg,Peach___healthy,Cherry___healthy,0.926174
plantwild/extracted/plantwild/images/peach leaf/google_0000.jpg,Peach___healthy,Tomato___Septoria_leaf_spot,0.195358
plantwild/extracted/plantwild/images/peach leaf/google_0001.jpg,Peach___healthy,Tomato___Septoria_leaf_spot,0.224544
plantwild/extracted/plantwild/images/peach leaf/google_0005.jpg,Peach___healthy,Tomato___Septoria_leaf_spot,0.245787
plantwild/extracted/plantwild/images/peach leaf/google_0009.jpg,Peach___healthy,Tomato___Early_blight,0.208502
plantwild/extracted/plantwild/images/peach leaf/google_0012.jpg,Peach___healthy,"Pepper,_bell___healthy",0.942484
plantwild/extracted/plantwild/images/peach leaf/google_0015.jpg,Peach___healthy,Tomato___healthy,0.566813
plantwild/extracted/plantwild/images/peach leaf/google_0024.jpg,Peach___healthy,"Pepper,_bell___healthy",0.943960
plantwild/extracted/plantwild/images/peach leaf/google_0035.jpg,Peach___healthy,"Pepper,_bell___healthy",0.915314
plantwild/extracted/plantwild/images/peach leaf/google_0053.jpg,Peach___healthy,Blueberry___healthy,0.838210
plantwild/extracted/plantwild/images/peach leaf/google_0054.jpg,Peach___healthy,"Pepper,_bell___healthy",0.945739
plantwild/extracted/plantwild/images/peach leaf/google_0057.jpg,Peach___healthy,Tomato___Septoria_leaf_spot,0.185009
plantwild/extracted/plantwild/images/peach leaf/google_0058.jpg,Peach___healthy,"Pepper,_bell___healthy",0.850604
plantwild/extracted/plantwild/images/peach leaf/google_0063.jpg,Peach___healthy,"Pepper,_bell___healthy",0.922348
plantwild/extracted/plantwild/images/peach leaf/google_0068.jpg,Peach___healthy,Tomato___Early_blight,0.229643
plantwild/extracted/plantwild/images/peach leaf/google_0077.jpg,Peach___healthy,Tomato___Septoria_leaf_spot,0.211371
plantwild/extracted/plantwild/images/peach leaf/google_0082.jpg,Peach___healthy,Cherry___healthy,0.866527
plantwild/extracted/plantwild/images/peach leaf/google_0083.jpg,Peach___healthy,Strawberry___Leaf_scorch,0.490248
plantwild/extracted/plantwild/images/peach leaf/google_0084.jpg,Peach___healthy,"Pepper,_bell___healthy",0.734488
plantwild/extracted/plantwild/images/peach leaf/google_0117.jpg,Peach___healthy,"Pepper,_bell___healthy",0.545929
plantwild/extracted/plantwild/images/peach leaf/google_0136.jpg,Peach___healthy,Tomato___Septoria_leaf_spot,0.134143
plantwild/extracted/plantwild/images/peach leaf/google_0159.jpg,Peach___healthy,Tomato___Septoria_leaf_spot,0.110649
plantwild/extracted/plantwild/images/peach leaf/google_0173.jpg,Peach___healthy,"Pepper,_bell___healthy",0.839746
plantwild/extracted/plantwild/images/peach leaf/google_0178.jpg,Peach___healthy,Tomato___Early_blight,0.416461
plantwild/extracted/plantwild/images/peach leaf/google_0180.jpg,Peach___healthy,"Pepper,_bell___healthy",0.948237
plantwild/extracted/plantwild/images/peach leaf/google_0183.jpg,Peach___healthy,Tomato___Septoria_leaf_spot,0.112365
plantwild/extracted/plantwild/images/peach leaf/google_0212.jpg,Peach___healthy,Tomato___Septoria_leaf_spot,0.126868
plantwild/extracted/plantwild/images/peach leaf/google_0218.jpg,Peach___healthy,"Pepper,_bell___healthy",0.908255
plantwild/extracted/plantwild/images/peach leaf/google_0224.jpg,Peach___healthy,"Pepper,_bell___healthy",0.754921
plantwild/extracted/plantwild/images/peach leaf/google_0234.jpg,Peach___healthy,Cherry___healthy,0.935753
plantwild/extracted/plantwild/images/peach leaf/google_0263.jpg,Peach___healthy,Tomato___Septoria_leaf_spot,0.317350
plantwild/extracted/plantwild/images/peach leaf/google_0308.jpg,Peach___healthy,"Pepper,_bell___healthy",0.591615
plantwild/extracted/plantwild/images/peach leaf/google_0311.jpg,Peach___healthy,Cherry___healthy,0.626478
plantwild/extracted/plantwild/images/peach leaf/google_0328.jpg,Peach___healthy,Tomato___Septoria_leaf_spot,0.221471
plantwild/extracted/plantwild/images/peach leaf/google_0339.jpg,Peach___healthy,"Pepper,_bell___healthy",0.939536
plantwild/extracted/plantwild/images/peach leaf/google_0343.jpg,Peach___healthy,Cherry___healthy,0.842426
plantwild/extracted/plantwild/images/peach leaf/google_0396.jpg,Peach___healthy,Cherry___healthy,0.414775
plantwild/extracted/plantwild/images/peach leaf/google_0412.jpg,Peach___healthy,"Pepper,_bell___healthy",0.949762
plantwild/extracted/plantwild/images/potato early blight/1.jpg,Potato___Early_blight,Strawberry___Leaf_scorch,0.904270
plantwild/extracted/plantwild/images/potato early blight/10.jpg,Potato___Early_blight,Strawberry___Leaf_scorch,0.874501
plantwild/extracted/plantwild/images/potato early blight/100.jpg,Potato___Early_blight,Strawberry___Leaf_scorch,0.455494
plantwild/extracted/plantwild/images/potato early blight/11.jpg,Potato___Early_blight,Corn___Common_rust,0.495940
plantwild/extracted/plantwild/images/potato early blight/13.jpg,Potato___Early_blight,Cherry___healthy,0.935951
plantwild/extracted/plantwild/images/potato early blight/14.jpg,Potato___Early_blight,"Pepper,_bell___healthy",0.935463
plantwild/extracted/plantwild/images/potato early blight/15.jpg,Potato___Early_blight,"Pepper,_bell___healthy",0.930602
plantwild/extracted/plantwild/images/potato early blight/16.jpg,Potato___Early_blight,Cherry___healthy,0.610335
plantwild/extracted/plantwild/images/potato early blight/17.jpg,Potato___Early_blight,Tomato___Late_blight,0.936184
plantwild/extracted/plantwild/images/potato early blight/18.jpg,Potato___Early_blight,Cherry___healthy,0.927256
plantwild/extracted/plantwild/images/potato early blight/19 - Copy.jpg,Potato___Early_blight,Potato___Early_blight,0.870496
plantwild/extracted/plantwild/images/potato early blight/19.jpg,Potato___Early_blight,Strawberry___Leaf_scorch,0.920500
plantwild/extracted/plantwild/images/potato early blight/2.jpg,Potato___Early_blight,Cherry___healthy,0.751785
plantwild/extracted/plantwild/images/potato early blight/21.jpg,Potato___Early_blight,Soybean___healthy,0.686446
plantwild/extracted/plantwild/images/potato early blight/22.jpg,Potato___Early_blight,Tomato___Late_blight,0.816017
plantwild/extracted/plantwild/images/potato early blight/23.jpg,Potato___Early_blight,Potato___Early_blight,0.579735
plantwild/extracted/plantwild/images/potato early blight/3.jpg,Potato___Early_blight,"Pepper,_bell___healthy",0.776553
plantwild/extracted/plantwild/images/potato early blight/30 - Copy.jpg,Potato___Early_blight,Potato___Early_blight,0.510965
plantwild/extracted/plantwild/images/potato early blight/30.jpg,Potato___Early_blight,Potato___Early_blight,0.941382
plantwild/extracted/plantwild/images/potato early blight/31.jpg,Potato___Early_blight,Strawberry___Leaf_scorch,0.455494
plantwild/extracted/plantwild/images/potato early blight/33.jpg,Potato___Early_blight,Cherry___healthy,0.517323
plantwild/extracted/plantwild/images/potato early blight/34.jpg,Potato___Early_blight,Tomato___Late_blight,0.863385
plantwild/extracted/plantwild/images/potato early blight/37.jpg,Potato___Early_blight,Cherry___healthy,0.818902
plantwild/extracted/plantwild/images/potato early blight/38.jpg,Potato___Early_blight,Cherry___healthy,0.481340
plantwild/extracted/plantwild/images/potato early blight/41.jpg,Potato___Early_blight,Potato___Early_blight,0.930215
plantwild/extracted/plantwild/images/potato early blight/42.jpg,Potato___Early_blight,Cherry___healthy,0.839649
plantwild/extracted/plantwild/images/potato early blight/44.jpg,Potato___Early_blight,Squash___Powdery_mildew,0.858034
plantwild/extracted/plantwild/images/potato early blight/45.jpg,Potato___Early_blight,Tomato___Late_blight,0.867235
plantwild/extracted/plantwild/images/potato early blight/47.jpg,Potato___Early_blight,Corn___Northern_Leaf_Blight,0.676132
plantwild/extracted/plantwild/images/potato early blight/5.jpg,Potato___Early_blight,Grape___Black_rot,0.902127
plantwild/extracted/plantwild/images/potato early blight/50.jpg,Potato___Early_blight,Cherry___healthy,0.585666
plantwild/extracted/plantwild/images/potato early blight/51.jpg,Potato___Early_blight,Squash___Powdery_mildew,0.557047
plantwild/extracted/plantwild/images/potato early blight/53.jpg,Potato___Early_blight,Squash___Powdery_mildew,0.793690
plantwild/extracted/plantwild/images/potato early blight/55.jpg,Potato___Early_blight,Cherry___healthy,0.572884
plantwild/extracted/plantwild/images/potato early blight/56 - Copy.jpg,Potato___Early_blight,Tomato___Early_blight,0.477443
plantwild/extracted/plantwild/images/potato early blight/56.jpg,Potato___Early_blight,Cherry___healthy,0.901659
plantwild/extracted/plantwild/images/potato early blight/57.jpg,Potato___Early_blight,Cherry___healthy,0.518777
plantwild/extracted/plantwild/images/potato early blight/59.jpg,Potato___Early_blight,Grape___Black_rot,0.527029
plantwild/extracted/plantwild/images/potato early blight/6.jpg,Potato___Early_blight,Cherry___healthy,0.872751
plantwild/extracted/plantwild/images/potato early blight/60.jpg,Potato___Early_blight,"Pepper,_bell___healthy",0.817598
plantwild/extracted/plantwild/images/potato early blight/61 - Copy (2).jpg,Potato___Early_blight,Tomato___Late_blight,0.432804
plantwild/extracted/plantwild/images/potato early blight/61 - Copy.jpg,Potato___Early_blight,Corn___Northern_Leaf_Blight,0.844740
plantwild/extracted/plantwild/images/potato early blight/61.jpg,Potato___Early_blight,Corn___Northern_Leaf_Blight,0.938183
plantwild/extracted/plantwild/images/potato early blight/62.jpg,Potato___Early_blight,Cherry___healthy,0.919982
plantwild/extracted/plantwild/images/potato early blight/64.jpg,Potato___Early_blight,Cherry___healthy,0.929223
plantwild/extracted/plantwild/images/potato early blight/65 - Copy (2).jpg,Potato___Early_blight,"Pepper,_bell___healthy",0.709745
plantwild/extracted/plantwild/images/potato early blight/65 - Copy.jpg,Potato___Early_blight,Strawberry___Leaf_scorch,0.888920
plantwild/extracted/plantwild/images/potato early blight/65.jpg,Potato___Early_blight,Tomato___Early_blight,0.680018
plantwild/extracted/plantwild/images/potato early blight/68.jpg,Potato___Early_blight,Corn___Northern_Leaf_Blight,0.434297
plantwild/extracted/plantwild/images/potato early blight/69.jpg,Potato___Early_blight,"Pepper,_bell___healthy",0.932238
plantwild/extracted/plantwild/images/potato early blight/7.jpg,Potato___Early_blight,Cherry___healthy,0.949857
plantwild/extracted/plantwild/images/potato early blight/70 - Copy.jpg,Potato___Early_blight,Strawberry___Leaf_scorch,0.949954
plantwild/extracted/plantwild/images/potato early blight/70.jpg,Potato___Early_blight,Grape___Leaf_blight_(Isariopsis_Leaf_Spot),0.949293
plantwild/extracted/plantwild/images/potato early blight/75.jpg,Potato___Early_blight,Cherry___healthy,0.924072
plantwild/extracted/plantwild/images/potato early blight/78.jpg,Potato___Early_blight,Tomato___Late_blight,0.467876
plantwild/extracted/plantwild/images/potato early blight/8.jpg,Potato___Early_blight,"Pepper,_bell___healthy",0.551062
plantwild/extracted/plantwild/images/potato early blight/9.jpg,Potato___Early_blight,Cherry___healthy,0.946150
plantwild/extracted/plantwild/images/potato early blight/google_0001.jpg,Potato___Early_blight,Cherry___healthy,0.846702
plantwild/extracted/plantwild/images/potato early blight/google_0002.jpg,Potato___Early_blight,Cherry___healthy,0.942711
plantwild/extracted/plantwild/images/potato early blight/google_0003.jpg,Potato___Early_blight,Cherry___healthy,0.649087
plantwild/extracted/plantwild/images/potato early blight/google_0004.jpg,Potato___Early_blight,Grape___Black_rot,0.468331
plantwild/extracted/plantwild/images/potato early blight/google_0005.jpg,Potato___Early_blight,Tomato___Early_blight,0.872541
plantwild/extracted/plantwild/images/potato early blight/google_0006.jpg,Potato___Early_blight,Cherry___healthy,0.864308
plantwild/extracted/plantwild/images/potato early blight/google_0007.jpg,Potato___Early_blight,Cherry___healthy,0.768927
plantwild/extracted/plantwild/images/potato early blight/google_0008.jpg,Potato___Early_blight,"Pepper,_bell___healthy",0.778934
plantwild/extracted/plantwild/images/potato early blight/google_0009.jpg,Potato___Early_blight,Cherry___healthy,0.648881
plantwild/extracted/plantwild/images/potato early blight/google_0010.jpg,Potato___Early_blight,Corn___Common_rust,0.939080
plantwild/extracted/plantwild/images/potato early blight/google_0011.jpg,Potato___Early_blight,Cherry___healthy,0.584698
plantwild/extracted/plantwild/images/potato early blight/google_0012.jpg,Potato___Early_blight,"Pepper,_bell___healthy",0.915119
plantwild/extracted/plantwild/images/potato early blight/google_0013.jpg,Potato___Early_blight,Strawberry___Leaf_scorch,0.757172
plantwild/extracted/plantwild/images/potato early blight/google_0014.jpg,Potato___Early_blight,Tomato___Early_blight,0.690425
plantwild/extracted/plantwild/images/potato early blight/google_0015.jpg,Potato___Early_blight,Strawberry___Leaf_scorch,0.882133
plantwild/extracted/plantwild/images/potato early blight/google_0016 - Copy.jpg,Potato___Early_blight,Cherry___healthy,0.288643
plantwild/extracted/plantwild/images/potato early blight/google_0017.jpg,Potato___Early_blight,"Pepper,_bell___healthy",0.908067
plantwild/extracted/plantwild/images/potato early blight/google_0018.jpg,Potato___Early_blight,Potato___Early_blight,0.827181
plantwild/extracted/plantwild/images/potato early blight/google_0020.jpg,Potato___Early_blight,Tomato___Early_blight,0.620082
plantwild/extracted/plantwild/images/potato early blight/google_0021.jpg,Potato___Early_blight,Cherry___healthy,0.789721
plantwild/extracted/plantwild/images/potato early blight/google_0022.jpg,Potato___Early_blight,"Pepper,_bell___healthy",0.747185
plantwild/extracted/plantwild/images/potato early blight/google_0024.jpg,Potato___Early_blight,Cherry___healthy,0.622320
plantwild/extracted/plantwild/images/potato early blight/google_0027.jpg,Potato___Early_blight,Tomato___Early_blight,0.392923
plantwild/extracted/plantwild/images/potato early blight/google_0030.jpg,Potato___Early_blight,Cherry___healthy,0.605334
plantwild/extracted/plantwild/images/potato early blight/google_0031 - Copy.jpg,Potato___Early_blight,Squash___Powdery_mildew,0.276132
plantwild/extracted/plantwild/images/potato early blight/google_0031.jpg,Potato___Early_blight,Strawberry___Leaf_scorch,0.466113
plantwild/extracted/plantwild/images/potato early blight/google_0032 - Copy.jpg,Potato___Early_blight,Strawberry___Leaf_scorch,0.443341
plantwild/extracted/plantwild/images/potato early blight/google_0035.jpg,Potato___Early_blight,Strawberry___Leaf_scorch,0.953131
plantwild/extracted/plantwild/images/potato early blight/google_0036.jpg,Potato___Early_blight,Cherry___healthy,0.936110
plantwild/extracted/plantwild/images/potato early blight/google_0037.jpg,Potato___Early_blight,Potato___Early_blight,0.896308
plantwild/extracted/plantwild/images/potato early blight/google_0039 - Copy (5).jpg,Potato___Early_blight,Potato___Early_blight,0.953647
plantwild/extracted/plantwild/images/potato early blight/google_0039 - Copy.jpg,Potato___Early_blight,Potato___Early_blight,0.949135
plantwild/extracted/plantwild/images/potato early blight/google_0039.jpg,Potato___Early_blight,Tomato___Early_blight,0.682268
plantwild/extracted/plantwild/images/potato early blight/google_0040.jpg,Potato___Early_blight,Cherry___healthy,0.909631
plantwild/extracted/plantwild/images/potato early blight/google_0045.jpg,Potato___Early_blight,Cherry___healthy,0.300423
plantwild/extracted/plantwild/images/potato early blight/google_0048.jpg,Potato___Early_blight,"Pepper,_bell___healthy",0.946636
plantwild/extracted/plantwild/images/potato early blight/google_0050.jpg,Potato___Early_blight,Corn___Common_rust,0.928542
plantwild/extracted/plantwild/images/potato early blight/google_0051.jpg,Potato___Early_blight,"Pepper,_bell___healthy",0.853926
plantwild/extracted/plantwild/images/potato early blight/google_0052.jpg,Potato___Early_blight,Potato___Early_blight,0.768330
plantwild/extracted/plantwild/images/potato early blight/google_0053.jpg,Potato___Early_blight,Grape___Black_rot,0.740074
plantwild/extracted/plantwild/images/potato early blight/google_0054.jpg,Potato___Early_blight,Corn___Northern_Leaf_Blight,0.952771
plantwild/extracted/plantwild/images/potato early blight/google_0055.jpg,Potato___Early_blight,"Pepper,_bell___healthy",0.700763
plantwild/extracted/plantwild/images/potato early blight/google_0056.jpg,Potato___Early_blight,Strawberry___Leaf_scorch,0.882668
plantwild/extracted/plantwild/images/potato early blight/google_0058.jpg,Potato___Early_blight,Corn___Common_rust,0.679123
plantwild/extracted/plantwild/images/potato early blight/google_0062 - Copy (2).jpg,Potato___Early_blight,Corn___healthy,0.829495
plantwild/extracted/plantwild/images/potato early blight/google_0062 - Copy.jpg,Potato___Early_blight,Corn___Northern_Leaf_Blight,0.585020
plantwild/extracted/plantwild/images/potato early blight/google_0062.jpg,Potato___Early_blight,Potato___Early_blight,0.407187
plantwild/extracted/plantwild/images/potato early blight/google_0063.jpg,Potato___Early_blight,Grape___Black_rot,0.889745
plantwild/extracted/plantwild/images/potato early blight/google_0066.jpg,Potato___Early_blight,"Pepper,_bell___healthy",0.721590
plantwild/extracted/plantwild/images/potato early blight/google_0068.jpg,Potato___Early_blight,Tomato___Early_blight,0.949196
plantwild/extracted/plantwild/images/potato early blight/google_0070.jpg,Potato___Early_blight,"Pepper,_bell___healthy",0.652616
plantwild/extracted/plantwild/images/potato early blight/google_0071.jpg,Potato___Early_blight,Tomato___Septoria_leaf_spot,0.932771
plantwild/extracted/plantwild/images/potato early blight/google_0072.jpg,Potato___Early_blight,"Pepper,_bell___healthy",0.902345
plantwild/extracted/plantwild/images/potato early blight/google_0075 - Copy (2).jpg,Potato___Early_blight,Grape___Black_rot,0.846341
plantwild/extracted/plantwild/images/potato early blight/google_0075 - Copy (3).jpg,Potato___Early_blight,Potato___Early_blight,0.672905
plantwild/extracted/plantwild/images/potato early blight/google_0075 - Copy.jpg,Potato___Early_blight,Tomato___Late_blight,0.825623
plantwild/extracted/plantwild/images/potato early blight/google_0075.jpg,Potato___Early_blight,Cherry___healthy,0.603896
plantwild/extracted/plantwild/images/potato early blight/google_0076.jpg,Potato___Early_blight,Strawberry___Leaf_scorch,0.735399
plantwild/extracted/plantwild/images/potato early blight/google_0077.jpg,Potato___Early_blight,"Pepper,_bell___healthy",0.843597
plantwild/extracted/plantwild/images/potato early blight/google_0078.jpg,Potato___Early_blight,Tomato___Late_blight,0.376481
plantwild/extracted/plantwild/images/potato early blight/google_0079.jpg,Potato___Early_blight,Corn___Northern_Leaf_Blight,0.515204
plantwild/extracted/plantwild/images/potato early blight/google_0080 - Copy.jpg,Potato___Early_blight,Strawberry___Leaf_scorch,0.676217
plantwild/extracted/plantwild/images/potato early blight/google_0080.jpg,Potato___Early_blight,"Pepper,_bell___healthy",0.342783
plantwild/extracted/plantwild/images/potato early blight/google_0081.jpg,Potato___Early_blight,Potato___Early_blight,0.655980
plantwild/extracted/plantwild/images/potato early blight/google_0083.jpg,Potato___Early_blight,Cherry___healthy,0.944660
plantwild/extracted/plantwild/images/potato early blight/google_0084.jpg,Potato___Early_blight,Potato___Early_blight,0.912427
plantwild/extracted/plantwild/images/potato early blight/google_0086.jpg,Potato___Early_blight,"Pepper,_bell___healthy",0.940794
plantwild/extracted/plantwild/images/potato early blight/google_0089.jpg,Potato___Early_blight,"Pepper,_bell___healthy",0.228641
plantwild/extracted/plantwild/images/potato early blight/google_0092.jpg,Potato___Early_blight,Cherry___healthy,0.890785
plantwild/extracted/plantwild/images/potato early blight/google_0095.jpg,Potato___Early_blight,Strawberry___Leaf_scorch,0.884789
plantwild/extracted/plantwild/images/potato early blight/google_0096.jpg,Potato___Early_blight,"Pepper,_bell___healthy",0.437542
plantwild/extracted/plantwild/images/potato early blight/google_0097.jpg,Potato___Early_blight,Cherry___healthy,0.943945
plantwild/extracted/plantwild/images/potato early blight/google_0098.jpg,Potato___Early_blight,Potato___Early_blight,0.950908
plantwild/extracted/plantwild/images/potato early blight/google_0100.jpg,Potato___Early_blight,Squash___Powdery_mildew,0.931640
plantwild/extracted/plantwild/images/potato early blight/google_0105 - Copy.jpg,Potato___Early_blight,Potato___Early_blight,0.238208
plantwild/extracted/plantwild/images/potato early blight/google_0105.jpg,Potato___Early_blight,Corn___Northern_Leaf_Blight,0.665027
plantwild/extracted/plantwild/images/potato early blight/google_0110.jpg,Potato___Early_blight,Corn___Northern_Leaf_Blight,0.934308
plantwild/extracted/plantwild/images/potato early blight/google_0111.jpg,Potato___Early_blight,Corn___Common_rust,0.942847
plantwild/extracted/plantwild/images/potato early blight/google_0112.jpg,Potato___Early_blight,"Pepper,_bell___healthy",0.573295
plantwild/extracted/plantwild/images/potato early blight/google_0116.jpg,Potato___Early_blight,Tomato___Early_blight,0.912104
plantwild/extracted/plantwild/images/potato early blight/google_0117.jpg,Potato___Early_blight,Strawberry___Leaf_scorch,0.950267
plantwild/extracted/plantwild/images/potato early blight/google_0118.jpg,Potato___Early_blight,"Pepper,_bell___healthy",0.792125
plantwild/extracted/plantwild/images/potato early blight/google_0119.jpg,Potato___Early_blight,Cherry___healthy,0.903659
plantwild/extracted/plantwild/images/potato early blight/google_0120.jpg,Potato___Early_blight,Cherry___healthy,0.947712
plantwild/extracted/plantwild/images/potato early blight/google_0123.jpg,Potato___Early_blight,"Pepper,_bell___healthy",0.949295
plantwild/extracted/plantwild/images/potato early blight/google_0126.jpg,Potato___Early_blight,"Pepper,_bell___healthy",0.905742
plantwild/extracted/plantwild/images/potato early blight/google_0128.jpg,Potato___Early_blight,Cherry___healthy,0.935358
plantwild/extracted/plantwild/images/potato early blight/google_0129.jpg,Potato___Early_blight,"Pepper,_bell___healthy",0.907854
plantwild/extracted/plantwild/images/potato early blight/google_0131.jpg,Potato___Early_blight,Cherry___healthy,0.602555
plantwild/extracted/plantwild/images/potato early blight/google_0133.jpg,Potato___Early_blight,"Pepper,_bell___healthy",0.694301
plantwild/extracted/plantwild/images/potato early blight/google_0139 - Copy (2).jpg,Potato___Early_blight,Strawberry___Leaf_scorch,0.946825
plantwild/extracted/plantwild/images/potato early blight/google_0139 - Copy.jpg,Potato___Early_blight,Strawberry___Leaf_scorch,0.942237
plantwild/extracted/plantwild/images/potato early blight/google_0139.jpg,Potato___Early_blight,Tomato___Early_blight,0.869038
plantwild/extracted/plantwild/images/potato early blight/google_0143.jpg,Potato___Early_blight,Tomato___Early_blight,0.905276
plantwild/extracted/plantwild/images/potato early blight/google_0145.jpg,Potato___Early_blight,Tomato___Early_blight,0.709836
plantwild/extracted/plantwild/images/potato early blight/google_0147.jpg,Potato___Early_blight,Tomato___Early_blight,0.713346
plantwild/extracted/plantwild/images/potato early blight/google_0149.jpg,Potato___Early_blight,Cherry___healthy,0.477068
plantwild/extracted/plantwild/images/potato early blight/google_0152.jpg,Potato___Early_blight,Potato___Early_blight,0.875971
plantwild/extracted/plantwild/images/potato early blight/google_0153 - Copy (3).jpg,Potato___Early_blight,Potato___Early_blight,0.954107
plantwild/extracted/plantwild/images/potato early blight/google_0153 - Copy.jpg,Potato___Early_blight,Potato___Early_blight,0.948558
plantwild/extracted/plantwild/images/potato early blight/google_0153.jpg,Potato___Early_blight,Potato___Early_blight,0.941541
plantwild/extracted/plantwild/images/potato early blight/google_0154.jpg,Potato___Early_blight,Corn___Cercospora_leaf_spot Gray_leaf_spot,0.396492
plantwild/extracted/plantwild/images/potato early blight/google_0156.jpg,Potato___Early_blight,"Pepper,_bell___healthy",0.445902
plantwild/extracted/plantwild/images/potato early blight/google_0158.jpg,Potato___Early_blight,Tomato___Late_blight,0.590500
plantwild/extracted/plantwild/images/potato early blight/google_0164.jpg,Potato___Early_blight,Strawberry___Leaf_scorch,0.950565
plantwild/extracted/plantwild/images/potato early blight/google_0168.jpg,Potato___Early_blight,Potato___Early_blight,0.770422
plantwild/extracted/plantwild/images/potato early blight/google_0170.jpg,Potato___Early_blight,Tomato___Early_blight,0.672008
plantwild/extracted/plantwild/images/potato early blight/google_0171.jpg,Potato___Early_blight,Tomato___Early_blight,0.892136
plantwild/extracted/plantwild/images/potato early blight/google_0173.jpg,Potato___Early_blight,Tomato___Late_blight,0.395488
plantwild/extracted/plantwild/images/potato early blight/google_0174.jpg,Potato___Early_blight,Cherry___healthy,0.949425
plantwild/extracted/plantwild/images/potato early blight/google_0177.jpg,Potato___Early_blight,Strawberry___Leaf_scorch,0.640172
plantwild/extracted/plantwild/images/potato early blight/google_0178.jpg,Potato___Early_blight,Strawberry___Leaf_scorch,0.633642
plantwild/extracted/plantwild/images/potato early blight/google_0182.jpg,Potato___Early_blight,Cherry___healthy,0.918348
plantwild/extracted/plantwild/images/potato early blight/google_0183.jpg,Potato___Early_blight,Cherry___healthy,0.952705
plantwild/extracted/plantwild/images/potato early blight/google_0184.jpg,Potato___Early_blight,Tomato___Early_blight,0.910594
plantwild/extracted/plantwild/images/potato early blight/google_0185.jpg,Potato___Early_blight,"Pepper,_bell___healthy",0.924515
plantwild/extracted/plantwild/images/potato early blight/google_0187.jpg,Potato___Early_blight,Cherry___healthy,0.894343
plantwild/extracted/plantwild/images/potato early blight/google_0188.jpg,Potato___Early_blight,Tomato___Early_blight,0.614221
plantwild/extracted/plantwild/images/potato early blight/google_0189.jpg,Potato___Early_blight,Tomato___Late_blight,0.951104
plantwild/extracted/plantwild/images/potato early blight/google_0190.jpg,Potato___Early_blight,Grape___Leaf_blight_(Isariopsis_Leaf_Spot),0.864678
plantwild/extracted/plantwild/images/potato early blight/google_0192 - Copy.jpg,Potato___Early_blight,Tomato___Septoria_leaf_spot,0.342466
plantwild/extracted/plantwild/images/potato early blight/google_0192.jpg,Potato___Early_blight,Tomato___Septoria_leaf_spot,0.205153
plantwild/extracted/plantwild/images/potato early blight/google_0194.jpg,Potato___Early_blight,Potato___Early_blight,0.952922
plantwild/extracted/plantwild/images/potato early blight/google_0195.jpg,Potato___Early_blight,Potato___Early_blight,0.102760
plantwild/extracted/plantwild/images/potato early blight/google_0197.jpg,Potato___Early_blight,Strawberry___Leaf_scorch,0.279659
plantwild/extracted/plantwild/images/potato early blight/google_0198.jpg,Potato___Early_blight,"Pepper,_bell___healthy",0.935330
plantwild/extracted/plantwild/images/potato early blight/google_0200.jpg,Potato___Early_blight,Tomato___Septoria_leaf_spot,0.903525
plantwild/extracted/plantwild/images/potato early blight/google_0201.jpg,Potato___Early_blight,"Pepper,_bell___healthy",0.904685
plantwild/extracted/plantwild/images/potato early blight/google_0202.jpg,Potato___Early_blight,Cherry___healthy,0.643967
plantwild/extracted/plantwild/images/potato early blight/google_0206.jpg,Potato___Early_blight,Tomato___Early_blight,0.913636
plantwild/extracted/plantwild/images/potato early blight/google_0207.jpg,Potato___Early_blight,Cherry___healthy,0.276247
plantwild/extracted/plantwild/images/potato early blight/google_0208 - Copy (2).jpg,Potato___Early_blight,Potato___Early_blight,0.953583
plantwild/extracted/plantwild/images/potato early blight/google_0208 - Copy (3).jpg,Potato___Early_blight,Potato___Early_blight,0.951041
plantwild/extracted/plantwild/images/potato early blight/google_0208 - Copy.jpg,Potato___Early_blight,Potato___Late_blight,0.949493
plantwild/extracted/plantwild/images/potato early blight/google_0208.jpg,Potato___Early_blight,Potato___Late_blight,0.949454
plantwild/extracted/plantwild/images/potato early blight/google_0213 - Copy (4).jpg,Potato___Early_blight,Potato___Early_blight,0.951332
plantwild/extracted/plantwild/images/potato early blight/google_0213 - Copy (5).jpg,Potato___Early_blight,Potato___Early_blight,0.824403
plantwild/extracted/plantwild/images/potato early blight/google_0213 - Copy (6).jpg,Potato___Early_blight,Potato___Early_blight,0.955373
plantwild/extracted/plantwild/images/potato early blight/google_0213 - Copy (7).jpg,Potato___Early_blight,Potato___Early_blight,0.954932
plantwild/extracted/plantwild/images/potato early blight/google_0213 - Copy (8).jpg,Potato___Early_blight,Potato___Early_blight,0.951703
plantwild/extracted/plantwild/images/potato early blight/google_0213 - Copy.jpg,Potato___Early_blight,Potato___Early_blight,0.951584
plantwild/extracted/plantwild/images/potato early blight/google_0213.jpg,Potato___Early_blight,Potato___Early_blight,0.953235
plantwild/extracted/plantwild/images/potato early blight/google_0215.jpg,Potato___Early_blight,Cherry___healthy,0.727190
plantwild/extracted/plantwild/images/potato early blight/google_0216.jpg,Potato___Early_blight,Potato___Early_blight,0.417489
plantwild/extracted/plantwild/images/potato early blight/google_0224.jpg,Potato___Early_blight,Strawberry___Leaf_scorch,0.417250
plantwild/extracted/plantwild/images/potato early blight/google_0225.jpg,Potato___Early_blight,Cherry___healthy,0.611855
plantwild/extracted/plantwild/images/potato early blight/google_0230.jpg,Potato___Early_blight,Tomato___Late_blight,0.818191
plantwild/extracted/plantwild/images/potato early blight/google_0240.jpg,Potato___Early_blight,Tomato___Septoria_leaf_spot,0.229117
plantwild/extracted/plantwild/images/potato early blight/google_0241.jpg,Potato___Early_blight,Potato___Early_blight,0.904986
plantwild/extracted/plantwild/images/potato early blight/google_0252.jpg,Potato___Early_blight,Apple___Apple_scab,0.945873
plantwild/extracted/plantwild/images/potato early blight/google_0253.jpg,Potato___Early_blight,Apple___Apple_scab,0.783484
plantwild/extracted/plantwild/images/potato early blight/google_0265.jpg,Potato___Early_blight,Potato___Early_blight,0.950213
plantwild/extracted/plantwild/images/potato early blight/google_0274 - Copy.jpg,Potato___Early_blight,Potato___Early_blight,0.649413
plantwild/extracted/plantwild/images/potato early blight/google_0274.jpg,Potato___Early_blight,Tomato___Early_blight,0.936391
plantwild/extracted/plantwild/images/potato early blight/google_0276.jpg,Potato___Early_blight,Tomato___Early_blight,0.903622
plantwild/extracted/plantwild/images/potato early blight/google_0277.jpg,Potato___Early_blight,Strawberry___Leaf_scorch,0.622883
plantwild/extracted/plantwild/images/potato early blight/google_0284.jpg,Potato___Early_blight,"Pepper,_bell___healthy",0.377042
plantwild/extracted/plantwild/images/potato early blight/google_0306 - Copy (11).jpg,Potato___Early_blight,Potato___Early_blight,0.954483
plantwild/extracted/plantwild/images/potato early blight/google_0306 - Copy (7).jpg,Potato___Early_blight,Potato___Early_blight,0.949578
plantwild/extracted/plantwild/images/potato early blight/google_0306 - Copy (8).jpg,Potato___Early_blight,Potato___Early_blight,0.944722
plantwild/extracted/plantwild/images/potato early blight/google_0306 - Copy (9).jpg,Potato___Early_blight,Potato___Early_blight,0.940181
plantwild/extracted/plantwild/images/potato early blight/google_0306 - Copy.jpg,Potato___Early_blight,Potato___Early_blight,0.937877
plantwild/extracted/plantwild/images/potato early blight/google_0306.jpg,Potato___Early_blight,Potato___Early_blight,0.675545
plantwild/extracted/plantwild/images/potato early blight/google_0313 - Copy (3).jpg,Potato___Early_blight,Potato___Early_blight,0.683801
plantwild/extracted/plantwild/images/potato early blight/google_0313 - Copy (4).jpg,Potato___Early_blight,Tomato___Early_blight,0.944362
plantwild/extracted/plantwild/images/potato early blight/google_0313 - Copy.jpg,Potato___Early_blight,Cherry___healthy,0.940999
plantwild/extracted/plantwild/images/potato early blight/google_0320.jpg,Potato___Early_blight,Potato___Early_blight,0.950050
plantwild/extracted/plantwild/images/potato early blight/google_0345.jpg,Potato___Early_blight,Corn___Cercospora_leaf_spot Gray_leaf_spot,0.904612
plantwild/extracted/plantwild/images/potato early blight/google_0352.jpg,Potato___Early_blight,Potato___Early_blight,0.954257
plantwild/extracted/plantwild/images/potato early blight/google_0366.jpg,Potato___Early_blight,Potato___Early_blight,0.899131
plantwild/extracted/plantwild/images/potato late blight/1.jpg,Potato___Late_blight,Strawberry___Leaf_scorch,0.953316
plantwild/extracted/plantwild/images/potato late blight/10.jpg,Potato___Late_blight,Cherry___healthy,0.572884
plantwild/extracted/plantwild/images/potato late blight/101.jpg,Potato___Late_blight,Tomato___Late_blight,0.871224
plantwild/extracted/plantwild/images/potato late blight/104.jpg,Potato___Late_blight,"Pepper,_bell___healthy",0.909179
plantwild/extracted/plantwild/images/potato late blight/105.jpg,Potato___Late_blight,Grape___Black_rot,0.607417
plantwild/extracted/plantwild/images/potato late blight/106.jpg,Potato___Late_blight,Corn___Common_rust,0.929812
plantwild/extracted/plantwild/images/potato late blight/109.jpg,Potato___Late_blight,Strawberry___Leaf_scorch,0.904234
plantwild/extracted/plantwild/images/potato late blight/11.jpg,Potato___Late_blight,Tomato___Late_blight,0.590509
plantwild/extracted/plantwild/images/potato late blight/110.jpg,Potato___Late_blight,Cherry___healthy,0.942906
plantwild/extracted/plantwild/images/potato late blight/12.jpg,Potato___Late_blight,Cherry___healthy,0.471641
plantwild/extracted/plantwild/images/potato late blight/13.jpg,Potato___Late_blight,Tomato___Late_blight,0.700203
plantwild/extracted/plantwild/images/potato late blight/15.jpg,Potato___Late_blight,Cherry___healthy,0.735919
plantwild/extracted/plantwild/images/potato late blight/16.jpg,Potato___Late_blight,Cherry___healthy,0.888592
plantwild/extracted/plantwild/images/potato late blight/18.jpg,Potato___Late_blight,Cherry___healthy,0.446005
plantwild/extracted/plantwild/images/potato late blight/19.jpg,Potato___Late_blight,Cherry___healthy,0.925121
plantwild/extracted/plantwild/images/potato late blight/2.jpg,Potato___Late_blight,Cherry___healthy,0.756266
plantwild/extracted/plantwild/images/potato late blight/20.jpg,Potato___Late_blight,"Pepper,_bell___healthy",0.655199
plantwild/extracted/plantwild/images/potato late blight/21.jpg,Potato___Late_blight,"Pepper,_bell___healthy",0.908930
plantwild/extracted/plantwild/images/potato late blight/22.jpg,Potato___Late_blight,"Pepper,_bell___healthy",0.395976
plantwild/extracted/plantwild/images/potato late blight/23.jpg,Potato___Late_blight,"Pepper,_bell___healthy",0.800953
plantwild/extracted/plantwild/images/potato late blight/24.jpg,Potato___Late_blight,Cherry___healthy,0.944150
plantwild/extracted/plantwild/images/potato late blight/25.jpg,Potato___Late_blight,Tomato___Late_blight,0.935320
plantwild/extracted/plantwild/images/potato late blight/28 - Copy.jpg,Potato___Late_blight,Tomato___Late_blight,0.689315
plantwild/extracted/plantwild/images/potato late blight/28.jpg,Potato___Late_blight,Potato___Late_blight,0.580749
plantwild/extracted/plantwild/images/potato late blight/29.jpg,Potato___Late_blight,Tomato___Late_blight,0.914034
plantwild/extracted/plantwild/images/potato late blight/3.jpg,Potato___Late_blight,Cherry___healthy,0.947372
plantwild/extracted/plantwild/images/potato late blight/30 - Copy.jpg,Potato___Late_blight,Tomato___Late_blight,0.928663
plantwild/extracted/plantwild/images/potato late blight/30.jpg,Potato___Late_blight,Corn___Common_rust,0.891332
plantwild/extracted/plantwild/images/potato late blight/32.jpg,Potato___Late_blight,"Pepper,_bell___healthy",0.629932
plantwild/extracted/plantwild/images/potato late blight/33.jpg,Potato___Late_blight,Cherry___healthy,0.949311
plantwild/extracted/plantwild/images/potato late blight/34 - Copy (2).jpg,Potato___Late_blight,Tomato___healthy,0.512787
plantwild/extracted/plantwild/images/potato late blight/34 - Copy (3).jpg,Potato___Late_blight,Tomato___Late_blight,0.929521
plantwild/extracted/plantwild/images/potato late blight/34 - Copy.jpg,Potato___Late_blight,Corn___Common_rust,0.937342
plantwild/extracted/plantwild/images/potato late blight/34.jpg,Potato___Late_blight,Peach___Bacterial_spot,0.806264
plantwild/extracted/plantwild/images/potato late blight/35.jpg,Potato___Late_blight,Apple___Apple_scab,0.603030
plantwild/extracted/plantwild/images/potato late blight/36 - Copy.jpg,Potato___Late_blight,Tomato___Early_blight,0.916459
plantwild/extracted/plantwild/images/potato late blight/36.jpg,Potato___Late_blight,Potato___Late_blight,0.577708
plantwild/extracted/plantwild/images/potato late blight/37.jpg,Potato___Late_blight,Cherry___healthy,0.359721
plantwild/extracted/plantwild/images/potato late blight/38 - Copy.jpg,Potato___Late_blight,Tomato___Late_blight,0.581752
plantwild/extracted/plantwild/images/potato late blight/38.jpg,Potato___Late_blight,"Pepper,_bell___healthy",0.761204
plantwild/extracted/plantwild/images/potato late blight/39.jpg,Potato___Late_blight,Apple___Apple_scab,0.597238
plantwild/extracted/plantwild/images/potato late blight/4.jpg,Potato___Late_blight,"Pepper,_bell___healthy",0.630338
plantwild/extracted/plantwild/images/potato late blight/41.jpg,Potato___Late_blight,Potato___Late_blight,0.854276
plantwild/extracted/plantwild/images/potato late blight/43.jpg,Potato___Late_blight,Tomato___Late_blight,0.931457
plantwild/extracted/plantwild/images/potato late blight/44.jpg,Potato___Late_blight,Tomato___Late_blight,0.816008
plantwild/extracted/plantwild/images/potato late blight/45 - Copy (2).jpg,Potato___Late_blight,Tomato___Late_blight,0.897412
plantwild/extracted/plantwild/images/potato late blight/45 - Copy (3).jpg,Potato___Late_blight,Apple___Apple_scab,0.403844
plantwild/extracted/plantwild/images/potato late blight/45 - Copy.jpg,Potato___Late_blight,Tomato___Late_blight,0.953379
plantwild/extracted/plantwild/images/potato late blight/45.jpg,Potato___Late_blight,Tomato___Late_blight,0.952093
plantwild/extracted/plantwild/images/potato late blight/47.jpg,Potato___Late_blight,Cherry___healthy,0.948922
plantwild/extracted/plantwild/images/potato late blight/5.jpg,Potato___Late_blight,"Pepper,_bell___healthy",0.737353
plantwild/extracted/plantwild/images/potato late blight/50.jpg,Potato___Late_blight,"Pepper,_bell___healthy",0.949977
plantwild/extracted/plantwild/images/potato late blight/52.jpg,Potato___Late_blight,Cherry___healthy,0.928272
plantwild/extracted/plantwild/images/potato late blight/56.jpg,Potato___Late_blight,Tomato___Septoria_leaf_spot,0.495196
plantwild/extracted/plantwild/images/potato late blight/58.jpg,Potato___Late_blight,Cherry___healthy,0.941346
plantwild/extracted/plantwild/images/potato late blight/59.jpg,Potato___Late_blight,Tomato___Early_blight,0.416526
plantwild/extracted/plantwild/images/potato late blight/6.jpg,Potato___Late_blight,"Pepper,_bell___healthy",0.928009
plantwild/extracted/plantwild/images/potato late blight/60.jpg,Potato___Late_blight,Apple___Apple_scab,0.892082
plantwild/extracted/plantwild/images/potato late blight/61.jpg,Potato___Late_blight,Cherry___healthy,0.887149
plantwild/extracted/plantwild/images/potato late blight/63.jpg,Potato___Late_blight,Tomato___Late_blight,0.731920
plantwild/extracted/plantwild/images/potato late blight/64.jpg,Potato___Late_blight,Cherry___healthy,0.815280
plantwild/extracted/plantwild/images/potato late blight/65.jpg,Potato___Late_blight,Tomato___Early_blight,0.450303
plantwild/extracted/plantwild/images/potato late blight/66.jpg,Potato___Late_blight,Tomato___Early_blight,0.362190
plantwild/extracted/plantwild/images/potato late blight/67.jpg,Potato___Late_blight,"Pepper,_bell___healthy",0.653206
plantwild/extracted/plantwild/images/potato late blight/68.jpg,Potato___Late_blight,Cherry___healthy,0.727846
plantwild/extracted/plantwild/images/potato late blight/69.jpg,Potato___Late_blight,Cherry___healthy,0.942485
plantwild/extracted/plantwild/images/potato late blight/7.jpg,Potato___Late_blight,Cherry___healthy,0.930591
plantwild/extracted/plantwild/images/potato late blight/70 - Copy (2).jpg,Potato___Late_blight,"Pepper,_bell___healthy",0.791767
plantwild/extracted/plantwild/images/potato late blight/70 - Copy (3).jpg,Potato___Late_blight,Tomato___Late_blight,0.947631
plantwild/extracted/plantwild/images/potato late blight/71.jpg,Potato___Late_blight,Corn___Common_rust,0.811271
plantwild/extracted/plantwild/images/potato late blight/75.jpg,Potato___Late_blight,Cherry___healthy,0.729632
plantwild/extracted/plantwild/images/potato late blight/78 - Copy.jpg,Potato___Late_blight,Potato___Early_blight,0.712699
plantwild/extracted/plantwild/images/potato late blight/78.jpg,Potato___Late_blight,Tomato___Late_blight,0.950398
plantwild/extracted/plantwild/images/potato late blight/79.jpg,Potato___Late_blight,Corn___Northern_Leaf_Blight,0.435130
plantwild/extracted/plantwild/images/potato late blight/8.jpg,Potato___Late_blight,Cherry___healthy,0.864001
plantwild/extracted/plantwild/images/potato late blight/80 - Copy.jpg,Potato___Late_blight,Strawberry___Leaf_scorch,0.920991
plantwild/extracted/plantwild/images/potato late blight/81.jpg,Potato___Late_blight,Cherry___healthy,0.465706
plantwild/extracted/plantwild/images/potato late blight/82.jpg,Potato___Late_blight,Cherry___healthy,0.938837
plantwild/extracted/plantwild/images/potato late blight/85.jpg,Potato___Late_blight,Cherry___healthy,0.671818
plantwild/extracted/plantwild/images/potato late blight/86.jpg,Potato___Late_blight,Tomato___Late_blight,0.922949
plantwild/extracted/plantwild/images/potato late blight/87.jpg,Potato___Late_blight,"Pepper,_bell___healthy",0.815499
plantwild/extracted/plantwild/images/potato late blight/88.jpg,Potato___Late_blight,Blueberry___healthy,0.400449
plantwild/extracted/plantwild/images/potato late blight/9.jpg,Potato___Late_blight,Cherry___healthy,0.744180
plantwild/extracted/plantwild/images/potato late blight/92.jpg,Potato___Late_blight,Cherry___healthy,0.911508
plantwild/extracted/plantwild/images/potato late blight/93.jpg,Potato___Late_blight,Strawberry___Leaf_scorch,0.793065
plantwild/extracted/plantwild/images/potato late blight/95.jpg,Potato___Late_blight,Tomato___Late_blight,0.951510
plantwild/extracted/plantwild/images/potato late blight/96.jpg,Potato___Late_blight,Cherry___healthy,0.876147
plantwild/extracted/plantwild/images/potato late blight/97.jpg,Potato___Late_blight,"Pepper,_bell___healthy",0.941916
plantwild/extracted/plantwild/images/potato late blight/98.jpg,Potato___Late_blight,Cherry___healthy,0.552398
plantwild/extracted/plantwild/images/potato late blight/add (1).jpg,Potato___Late_blight,Cherry___healthy,0.329956
plantwild/extracted/plantwild/images/potato late blight/add (2).jpg,Potato___Late_blight,Potato___Late_blight,0.543433
plantwild/extracted/plantwild/images/potato late blight/add (3).jpg,Potato___Late_blight,"Pepper,_bell___healthy",0.492175
plantwild/extracted/plantwild/images/potato late blight/add (4).jpg,Potato___Late_blight,Tomato___Late_blight,0.946276
plantwild/extracted/plantwild/images/potato late blight/add (5).jpg,Potato___Late_blight,Tomato___Late_blight,0.402594
plantwild/extracted/plantwild/images/potato late blight/add (6).jpg,Potato___Late_blight,Tomato___Late_blight,0.531579
plantwild/extracted/plantwild/images/potato late blight/add (7).jpg,Potato___Late_blight,Cherry___healthy,0.937239
plantwild/extracted/plantwild/images/potato late blight/google_0000.jpg,Potato___Late_blight,Strawberry___Leaf_scorch,0.921672
plantwild/extracted/plantwild/images/potato late blight/google_0002.jpg,Potato___Late_blight,"Pepper,_bell___healthy",0.736520
plantwild/extracted/plantwild/images/potato late blight/google_0006.jpg,Potato___Late_blight,"Pepper,_bell___healthy",0.492175
plantwild/extracted/plantwild/images/potato late blight/google_0010 - Copy (2).jpg,Potato___Late_blight,Potato___Late_blight,0.953138
plantwild/extracted/plantwild/images/potato late blight/google_0010 - Copy.jpg,Potato___Late_blight,Potato___Late_blight,0.949009
plantwild/extracted/plantwild/images/potato late blight/google_0010.jpg,Potato___Late_blight,Potato___Late_blight,0.947411
plantwild/extracted/plantwild/images/potato late blight/google_0011.jpg,Potato___Late_blight,"Pepper,_bell___healthy",0.905728
plantwild/extracted/plantwild/images/potato late blight/google_0012.jpg,Potato___Late_blight,Tomato___Late_blight,0.948748
plantwild/extracted/plantwild/images/potato late blight/google_0013.jpg,Potato___Late_blight,Cherry___healthy,0.713561
plantwild/extracted/plantwild/images/potato late blight/google_0015.jpg,Potato___Late_blight,Potato___Late_blight,0.949944
plantwild/extracted/plantwild/images/potato late blight/google_0021.jpg,Potato___Late_blight,Potato___Early_blight,0.266694
plantwild/extracted/plantwild/images/potato late blight/google_0022.jpg,Potato___Late_blight,Tomato___Late_blight,0.917868
plantwild/extracted/plantwild/images/potato late blight/google_0023.jpg,Potato___Late_blight,Tomato___Late_blight,0.402594
plantwild/extracted/plantwild/images/potato late blight/google_0024 - Copy.jpg,Potato___Late_blight,"Pepper,_bell___healthy",0.920011
plantwild/extracted/plantwild/images/potato late blight/google_0026.jpg,Potato___Late_blight,Tomato___Early_blight,0.733123
plantwild/extracted/plantwild/images/potato late blight/google_0029.jpg,Potato___Late_blight,"Pepper,_bell___healthy",0.881298
plantwild/extracted/plantwild/images/potato late blight/google_0030.jpg,Potato___Late_blight,"Pepper,_bell___healthy",0.943568
plantwild/extracted/plantwild/images/potato late blight/google_0032.jpg,Potato___Late_blight,Corn___healthy,0.904400
plantwild/extracted/plantwild/images/potato late blight/google_0033.jpg,Potato___Late_blight,Corn___Common_rust,0.931376
plantwild/extracted/plantwild/images/potato late blight/google_0035.jpg,Potato___Late_blight,"Pepper,_bell___healthy",0.377042
plantwild/extracted/plantwild/images/potato late blight/google_0036.jpg,Potato___Late_blight,Tomato___Late_blight,0.837748
plantwild/extracted/plantwild/images/potato late blight/google_0038.jpg,Potato___Late_blight,Tomato___Late_blight,0.629569
plantwild/extracted/plantwild/images/potato late blight/google_0039 - Copy (2).jpg,Potato___Late_blight,Potato___Late_blight,0.951137
plantwild/extracted/plantwild/images/potato late blight/google_0039 - Copy (3).jpg,Potato___Late_blight,Potato___Late_blight,0.952078
plantwild/extracted/plantwild/images/potato late blight/google_0039 - Copy (4).jpg,Potato___Late_blight,Potato___Late_blight,0.949031
plantwild/extracted/plantwild/images/potato late blight/google_0039.jpg,Potato___Late_blight,Tomato___Early_blight,0.515911
plantwild/extracted/plantwild/images/potato late blight/google_0042.jpg,Potato___Late_blight,Cherry___healthy,0.940120
plantwild/extracted/plantwild/images/potato late blight/google_0043.jpg,Potato___Late_blight,"Pepper,_bell___healthy",0.930490
plantwild/extracted/plantwild/images/potato late blight/google_0045.jpg,Potato___Late_blight,Cherry___healthy,0.929901
plantwild/extracted/plantwild/images/potato late blight/google_0048.jpg,Potato___Late_blight,Cherry___healthy,0.947712
plantwild/extracted/plantwild/images/potato late blight/google_0049.jpg,Potato___Late_blight,Tomato___Late_blight,0.507081
plantwild/extracted/plantwild/images/potato late blight/google_0050.jpg,Potato___Late_blight,"Pepper,_bell___healthy",0.343221
plantwild/extracted/plantwild/images/potato late blight/google_0051.jpg,Potato___Late_blight,Tomato___Early_blight,0.395202
plantwild/extracted/plantwild/images/potato late blight/google_0052 - Copy.jpg,Potato___Late_blight,Tomato___Late_blight,0.951671
plantwild/extracted/plantwild/images/potato late blight/google_0052.jpg,Potato___Late_blight,Tomato___Late_blight,0.933940
plantwild/extracted/plantwild/images/potato late blight/google_0053.jpg,Potato___Late_blight,"Pepper,_bell___healthy",0.753603
plantwild/extracted/plantwild/images/potato late blight/google_0054.jpg,Potato___Late_blight,"Pepper,_bell___healthy",0.907854
plantwild/extracted/plantwild/images/potato late blight/google_0055.jpg,Potato___Late_blight,Squash___Powdery_mildew,0.367023
plantwild/extracted/plantwild/images/potato late blight/google_0057.jpg,Potato___Late_blight,"Pepper,_bell___healthy",0.804016
plantwild/extracted/plantwild/images/potato late blight/google_0059.jpg,Potato___Late_blight,Cherry___healthy,0.857944
plantwild/extracted/plantwild/images/potato late blight/google_0063.jpg,Potato___Late_blight,Tomato___Late_blight,0.908439
plantwild/extracted/plantwild/images/potato late blight/google_0064.jpg,Potato___Late_blight,Tomato___Late_blight,0.918747
plantwild/extracted/plantwild/images/potato late blight/google_0066 - Copy (2).jpg,Potato___Late_blight,Strawberry___Leaf_scorch,0.793833
plantwild/extracted/plantwild/images/potato late blight/google_0066 - Copy.jpg,Potato___Late_blight,Tomato___Late_blight,0.919047
plantwild/extracted/plantwild/images/potato late blight/google_0066.jpg,Potato___Late_blight,Cherry___healthy,0.859452
plantwild/extracted/plantwild/images/potato late blight/google_0067.jpg,Potato___Late_blight,Cherry___healthy,0.859821
plantwild/extracted/plantwild/images/potato late blight/google_0068.jpg,Potato___Late_blight,"Pepper,_bell___healthy",0.863083
plantwild/extracted/plantwild/images/potato late blight/google_0071.jpg,Potato___Late_blight,Corn___Cercospora_leaf_spot Gray_leaf_spot,0.522306
plantwild/extracted/plantwild/images/potato late blight/google_0074.jpg,Potato___Late_blight,"Pepper,_bell___healthy",0.873993
plantwild/extracted/plantwild/images/potato late blight/google_0075.jpg,Potato___Late_blight,"Pepper,_bell___healthy",0.938791
plantwild/extracted/plantwild/images/potato late blight/google_0076.jpg,Potato___Late_blight,Strawberry___Leaf_scorch,0.826368
plantwild/extracted/plantwild/images/potato late blight/google_0077.jpg,Potato___Late_blight,Tomato___Septoria_leaf_spot,0.244099
plantwild/extracted/plantwild/images/potato late blight/google_0078.jpg,Potato___Late_blight,Corn___healthy,0.294308
plantwild/extracted/plantwild/images/potato late blight/google_0079.jpg,Potato___Late_blight,Strawberry___Leaf_scorch,0.507808
plantwild/extracted/plantwild/images/potato late blight/google_0082.jpg,Potato___Late_blight,"Pepper,_bell___healthy",0.952825
plantwild/extracted/plantwild/images/potato late blight/google_0084.jpg,Potato___Late_blight,Tomato___Late_blight,0.913596
plantwild/extracted/plantwild/images/potato late blight/google_0085.jpg,Potato___Late_blight,Tomato___Late_blight,0.941957
plantwild/extracted/plantwild/images/potato late blight/google_0086.jpg,Potato___Late_blight,Cherry___healthy,0.714815
plantwild/extracted/plantwild/images/potato late blight/google_0087.jpg,Potato___Late_blight,Tomato___Late_blight,0.491572
plantwild/extracted/plantwild/images/potato late blight/google_0089.jpg,Potato___Late_blight,Tomato___Late_blight,0.931244
plantwild/extracted/plantwild/images/potato late blight/google_0090.jpg,Potato___Late_blight,Cherry___healthy,0.608657
plantwild/extracted/plantwild/images/potato late blight/google_0092.jpg,Potato___Late_blight,Strawberry___Leaf_scorch,0.337261
plantwild/extracted/plantwild/images/potato late blight/google_0097 - Copy.jpg,Potato___Late_blight,Strawberry___Leaf_scorch,0.397775
plantwild/extracted/plantwild/images/potato late blight/google_0097.jpg,Potato___Late_blight,Tomato___Late_blight,0.827746
plantwild/extracted/plantwild/images/potato late blight/google_0098 - Copy - Copy (2).jpg,Potato___Late_blight,Potato___Late_blight,0.951993
plantwild/extracted/plantwild/images/potato late blight/google_0098.jpg,Potato___Late_blight,Cherry___healthy,0.928529
plantwild/extracted/plantwild/images/potato late blight/google_0100.jpg,Potato___Late_blight,Cherry___healthy,0.347090
plantwild/extracted/plantwild/images/potato late blight/google_0102.jpg,Potato___Late_blight,Tomato___Late_blight,0.764960
plantwild/extracted/plantwild/images/potato late blight/google_0105.jpg,Potato___Late_blight,Cherry___healthy,0.330373
plantwild/extracted/plantwild/images/potato late blight/google_0107.jpg,Potato___Late_blight,Tomato___Late_blight,0.888059
plantwild/extracted/plantwild/images/potato late blight/google_0110 - Copy.jpg,Potato___Late_blight,Tomato___Late_blight,0.617800
plantwild/extracted/plantwild/images/potato late blight/google_0110.jpg,Potato___Late_blight,Strawberry___Leaf_scorch,0.532663
plantwild/extracted/plantwild/images/potato late blight/google_0112.jpg,Potato___Late_blight,Tomato___Late_blight,0.930251
plantwild/extracted/plantwild/images/potato late blight/google_0113.jpg,Potato___Late_blight,"Pepper,_bell___healthy",0.789078
plantwild/extracted/plantwild/images/potato late blight/google_0114.jpg,Potato___Late_blight,"Pepper,_bell___healthy",0.748700
plantwild/extracted/plantwild/images/potato late blight/google_0118.jpg,Potato___Late_blight,"Pepper,_bell___healthy",0.607514
plantwild/extracted/plantwild/images/potato late blight/google_0120.jpg,Potato___Late_blight,Strawberry___Leaf_scorch,0.949916
plantwild/extracted/plantwild/images/potato late blight/google_0121.jpg,Potato___Late_blight,Cherry___healthy,0.938165
plantwild/extracted/plantwild/images/potato late blight/google_0130 - Copy.jpg,Potato___Late_blight,Corn___Northern_Leaf_Blight,0.387112
plantwild/extracted/plantwild/images/potato late blight/google_0130.jpg,Potato___Late_blight,Tomato___Late_blight,0.945043
plantwild/extracted/plantwild/images/potato late blight/google_0131.jpg,Potato___Late_blight,Potato___Late_blight,0.214820
plantwild/extracted/plantwild/images/potato late blight/google_0135.jpg,Potato___Late_blight,Tomato___Late_blight,0.933164
plantwild/extracted/plantwild/images/potato late blight/google_0136.jpg,Potato___Late_blight,Corn___Northern_Leaf_Blight,0.792421
plantwild/extracted/plantwild/images/potato late blight/google_0137.jpg,Potato___Late_blight,"Pepper,_bell___healthy",0.839462
plantwild/extracted/plantwild/images/potato late blight/google_0138.jpg,Potato___Late_blight,Cherry___healthy,0.929459
plantwild/extracted/plantwild/images/potato late blight/google_0140.jpg,Potato___Late_blight,"Pepper,_bell___healthy",0.529265
plantwild/extracted/plantwild/images/potato late blight/google_0143.jpg,Potato___Late_blight,"Pepper,_bell___healthy",0.938623
plantwild/extracted/plantwild/images/potato late blight/google_0149.jpg,Potato___Late_blight,"Pepper,_bell___healthy",0.946636
plantwild/extracted/plantwild/images/potato late blight/google_0151.jpg,Potato___Late_blight,Tomato___Late_blight,0.914344
plantwild/extracted/plantwild/images/potato late blight/google_0152.jpg,Potato___Late_blight,"Pepper,_bell___healthy",0.949295
plantwild/extracted/plantwild/images/potato late blight/google_0153 - Copy (2).jpg,Potato___Late_blight,Potato___Late_blight,0.952426
plantwild/extracted/plantwild/images/potato late blight/google_0154.jpg,Potato___Late_blight,Tomato___Late_blight,0.900534
plantwild/extracted/plantwild/images/potato late blight/google_0155.jpg,Potato___Late_blight,Potato___Late_blight,0.553266
plantwild/extracted/plantwild/images/potato late blight/google_0156.jpg,Potato___Late_blight,Potato___Late_blight,0.800224
plantwild/extracted/plantwild/images/potato late blight/google_0157.jpg,Potato___Late_blight,Tomato___Late_blight,0.946654
plantwild/extracted/plantwild/images/potato late blight/google_0158.jpg,Potato___Late_blight,Apple___Apple_scab,0.332041
plantwild/extracted/plantwild/images/potato late blight/google_0159.jpg,Potato___Late_blight,"Pepper,_bell___healthy",0.769195
plantwild/extracted/plantwild/images/potato late blight/google_0160.jpg,Potato___Late_blight,"Pepper,_bell___healthy",0.915090
plantwild/extracted/plantwild/images/potato late blight/google_0162.jpg,Potato___Late_blight,Cherry___healthy,0.900015
plantwild/extracted/plantwild/images/potato late blight/google_0167.jpg,Potato___Late_blight,Tomato___Late_blight,0.531579
plantwild/extracted/plantwild/images/potato late blight/google_0169.jpg,Potato___Late_blight,Tomato___Late_blight,0.873331
plantwild/extracted/plantwild/images/potato late blight/google_0174.jpg,Potato___Late_blight,Blueberry___healthy,0.917747
plantwild/extracted/plantwild/images/potato late blight/google_0175.jpg,Potato___Late_blight,Tomato___Late_blight,0.717905
plantwild/extracted/plantwild/images/potato late blight/google_0178.jpg,Potato___Late_blight,Cherry___healthy,0.861655
plantwild/extracted/plantwild/images/potato late blight/google_0179.jpg,Potato___Late_blight,Potato___Late_blight,0.952815
plantwild/extracted/plantwild/images/potato late blight/google_0182 - Copy.jpg,Potato___Late_blight,Corn___healthy,0.814845
plantwild/extracted/plantwild/images/potato late blight/google_0183.jpg,Potato___Late_blight,Tomato___Late_blight,0.905159
plantwild/extracted/plantwild/images/potato late blight/google_0184.jpg,Potato___Late_blight,Tomato___Late_blight,0.949845
plantwild/extracted/plantwild/images/potato late blight/google_0185.jpg,Potato___Late_blight,"Pepper,_bell___healthy",0.932971
plantwild/extracted/plantwild/images/potato late blight/google_0194 - Copy.jpg,Potato___Late_blight,Potato___Late_blight,0.948310
plantwild/extracted/plantwild/images/potato late blight/google_0195 - Copy.jpg,Potato___Late_blight,Cherry___healthy,0.891923
plantwild/extracted/plantwild/images/potato late blight/google_0197.jpg,Potato___Late_blight,Cherry___healthy,0.909548
plantwild/extracted/plantwild/images/potato late blight/google_0205.jpg,Potato___Late_blight,Cherry___healthy,0.606379
plantwild/extracted/plantwild/images/potato late blight/google_0208.jpg,Potato___Late_blight,"Pepper,_bell___healthy",0.386371
plantwild/extracted/plantwild/images/potato late blight/google_0212.jpg,Potato___Late_blight,"Pepper,_bell___healthy",0.949028
plantwild/extracted/plantwild/images/potato late blight/google_0213 - Copy (2).jpg,Potato___Late_blight,Potato___Late_blight,0.949081
plantwild/extracted/plantwild/images/potato late blight/google_0213 - Copy (3).jpg,Potato___Late_blight,Potato___Late_blight,0.949964
plantwild/extracted/plantwild/images/potato late blight/google_0219 - Copy.jpg,Potato___Late_blight,Tomato___Late_blight,0.914729
plantwild/extracted/plantwild/images/potato late blight/google_0219.jpg,Potato___Late_blight,Tomato___Late_blight,0.950648
plantwild/extracted/plantwild/images/potato late blight/google_0225.jpg,Potato___Late_blight,Tomato___Tomato_Yellow_Leaf_Curl_Virus,0.594588
plantwild/extracted/plantwild/images/potato late blight/google_0234.jpg,Potato___Late_blight,Tomato___Late_blight,0.875816
plantwild/extracted/plantwild/images/potato late blight/google_0235.jpg,Potato___Late_blight,Tomato___Septoria_leaf_spot,0.152313
plantwild/extracted/plantwild/images/potato late blight/google_0240 - Copy.jpg,Potato___Late_blight,Tomato___Septoria_leaf_spot,0.210057
plantwild/extracted/plantwild/images/potato late blight/google_0240.jpg,Potato___Late_blight,Strawberry___Leaf_scorch,0.631126
plantwild/extracted/plantwild/images/potato late blight/google_0246.jpg,Potato___Late_blight,Strawberry___Leaf_scorch,0.302812
plantwild/extracted/plantwild/images/potato late blight/google_0253.jpg,Potato___Late_blight,Tomato___Late_blight,0.946382
plantwild/extracted/plantwild/images/potato late blight/google_0265 - Copy.jpg,Potato___Late_blight,Potato___Late_blight,0.950172
plantwild/extracted/plantwild/images/potato late blight/google_0266.jpg,Potato___Late_blight,Tomato___Late_blight,0.895763
plantwild/extracted/plantwild/images/potato late blight/google_0271.jpg,Potato___Late_blight,Cherry___healthy,0.873375
plantwild/extracted/plantwild/images/potato late blight/google_0274 - Copy (2).jpg,Potato___Late_blight,Potato___Late_blight,0.948890
plantwild/extracted/plantwild/images/potato late blight/google_0274 - Copy (3).jpg,Potato___Late_blight,Tomato___Late_blight,0.952336
plantwild/extracted/plantwild/images/potato late blight/google_0282.jpg,Potato___Late_blight,Cherry___healthy,0.886870
plantwild/extracted/plantwild/images/potato late blight/google_0303 - Copy (2).jpg,Potato___Late_blight,Strawberry___Leaf_scorch,0.850186
plantwild/extracted/plantwild/images/potato late blight/google_0303 - Copy.jpg,Potato___Late_blight,Tomato___Late_blight,0.951759
plantwild/extracted/plantwild/images/potato late blight/google_0303.jpg,Potato___Late_blight,Tomato___Late_blight,0.847634
plantwild/extracted/plantwild/images/potato late blight/google_0306 - Copy (2).jpg,Potato___Late_blight,Potato___Late_blight,0.928499
plantwild/extracted/plantwild/images/potato late blight/google_0306 - Copy (3).jpg,Potato___Late_blight,Potato___Late_blight,0.952486
plantwild/extracted/plantwild/images/potato late blight/google_0306 - Copy (4).jpg,Potato___Late_blight,Potato___Late_blight,0.954271
plantwild/extracted/plantwild/images/potato late blight/google_0306 - Copy (5).jpg,Potato___Late_blight,Potato___Late_blight,0.954149
plantwild/extracted/plantwild/images/potato late blight/google_0306 - Copy (6).jpg,Potato___Late_blight,Potato___Late_blight,0.953935
plantwild/extracted/plantwild/images/potato late blight/google_0313 - Copy (2) - Copy.jpg,Potato___Late_blight,Tomato___Late_blight,0.958245
plantwild/extracted/plantwild/images/potato late blight/google_0313 - Copy (2).jpg,Potato___Late_blight,Tomato___Late_blight,0.946107
plantwild/extracted/plantwild/images/potato late blight/google_0313 - Copy (3) - Copy.jpg,Potato___Late_blight,Tomato___Late_blight,0.903094
plantwild/extracted/plantwild/images/potato late blight/google_0320 - Copy.jpg,Potato___Late_blight,Potato___Late_blight,0.951643
plantwild/extracted/plantwild/images/potato leaf/1.jpg,Potato___healthy,Cherry___healthy,0.863231
plantwild/extracted/plantwild/images/potato leaf/10.jpg,Potato___healthy,Tomato___Septoria_leaf_spot,0.156001
plantwild/extracted/plantwild/images/potato leaf/101.jpg,Potato___healthy,Corn___Cercospora_leaf_spot Gray_leaf_spot,0.171979
plantwild/extracted/plantwild/images/potato leaf/104.jpg,Potato___healthy,Cherry___healthy,0.921690
plantwild/extracted/plantwild/images/potato leaf/106.jpg,Potato___healthy,"Pepper,_bell___healthy",0.870379
plantwild/extracted/plantwild/images/potato leaf/107.jpg,Potato___healthy,Strawberry___Leaf_scorch,0.873960
plantwild/extracted/plantwild/images/potato leaf/108.jpg,Potato___healthy,Cherry___healthy,0.932308
plantwild/extracted/plantwild/images/potato leaf/109.jpg,Potato___healthy,Tomato___Early_blight,0.420655
plantwild/extracted/plantwild/images/potato leaf/11.jpg,Potato___healthy,Cherry___healthy,0.897889
plantwild/extracted/plantwild/images/potato leaf/110.jpg,Potato___healthy,Cherry___healthy,0.461304
plantwild/extracted/plantwild/images/potato leaf/12.jpg,Potato___healthy,Tomato___Early_blight,0.420655
plantwild/extracted/plantwild/images/potato leaf/13.jpg,Potato___healthy,Tomato___Tomato_Yellow_Leaf_Curl_Virus,0.217674
plantwild/extracted/plantwild/images/potato leaf/14.jpg,Potato___healthy,Strawberry___Leaf_scorch,0.726460
plantwild/extracted/plantwild/images/potato leaf/15.jpg,Potato___healthy,Corn___healthy,0.924633
plantwild/extracted/plantwild/images/potato leaf/16.jpg,Potato___healthy,Strawberry___Leaf_scorch,0.911005
plantwild/extracted/plantwild/images/potato leaf/17.jpg,Potato___healthy,Tomato___Septoria_leaf_spot,0.221345
plantwild/extracted/plantwild/images/potato leaf/18.jpg,Potato___healthy,Tomato___Septoria_leaf_spot,0.205908
plantwild/extracted/plantwild/images/potato leaf/19.jpg,Potato___healthy,Cherry___healthy,0.813190
plantwild/extracted/plantwild/images/potato leaf/2.jpg,Potato___healthy,Strawberry___Leaf_scorch,0.414670
plantwild/extracted/plantwild/images/potato leaf/20.jpg,Potato___healthy,Cherry___healthy,0.301390
plantwild/extracted/plantwild/images/potato leaf/21.jpg,Potato___healthy,Tomato___Early_blight,0.407113
plantwild/extracted/plantwild/images/potato leaf/22.jpg,Potato___healthy,Tomato___Septoria_leaf_spot,0.204797
plantwild/extracted/plantwild/images/potato leaf/23.jpg,Potato___healthy,Tomato___Septoria_leaf_spot,0.384423
plantwild/extracted/plantwild/images/potato leaf/24.jpg,Potato___healthy,Tomato___Septoria_leaf_spot,0.168541
plantwild/extracted/plantwild/images/potato leaf/25.jpg,Potato___healthy,Tomato___Early_blight,0.421401
plantwild/extracted/plantwild/images/potato leaf/26.jpg,Potato___healthy,Cherry___healthy,0.923044
plantwild/extracted/plantwild/images/potato leaf/27.jpg,Potato___healthy,Cherry___healthy,0.946351
plantwild/extracted/plantwild/images/potato leaf/28.jpg,Potato___healthy,Tomato___Septoria_leaf_spot,0.258151
plantwild/extracted/plantwild/images/potato leaf/29.jpg,Potato___healthy,Tomato___Early_blight,0.252377
plantwild/extracted/plantwild/images/potato leaf/3.jpg,Potato___healthy,"Pepper,_bell___healthy",0.945286
plantwild/extracted/plantwild/images/potato leaf/30.jpg,Potato___healthy,Cherry___healthy,0.925462
plantwild/extracted/plantwild/images/potato leaf/31.jpg,Potato___healthy,"Pepper,_bell___healthy",0.625846
plantwild/extracted/plantwild/images/potato leaf/32.jpg,Potato___healthy,Corn___Northern_Leaf_Blight,0.488480
plantwild/extracted/plantwild/images/potato leaf/33.jpg,Potato___healthy,Cherry___healthy,0.951841
plantwild/extracted/plantwild/images/potato leaf/34.jpg,Potato___healthy,Cherry___healthy,0.949849
plantwild/extracted/plantwild/images/potato leaf/35.jpg,Potato___healthy,Tomato___Septoria_leaf_spot,0.224000
plantwild/extracted/plantwild/images/potato leaf/36.jpg,Potato___healthy,"Pepper,_bell___healthy",0.502296
plantwild/extracted/plantwild/images/potato leaf/37.jpg,Potato___healthy,Squash___Powdery_mildew,0.760485
plantwild/extracted/plantwild/images/potato leaf/38.jpg,Potato___healthy,Tomato___Septoria_leaf_spot,0.223649
plantwild/extracted/plantwild/images/potato leaf/39.jpg,Potato___healthy,Tomato___Septoria_leaf_spot,0.134093
plantwild/extracted/plantwild/images/potato leaf/4.jpg,Potato___healthy,Tomato___Septoria_leaf_spot,0.280077
plantwild/extracted/plantwild/images/potato leaf/40.jpg,Potato___healthy,Tomato___Early_blight,0.877114
plantwild/extracted/plantwild/images/potato leaf/41.jpg,Potato___healthy,"Pepper,_bell___healthy",0.797018
plantwild/extracted/plantwild/images/potato leaf/42.jpg,Potato___healthy,Strawberry___Leaf_scorch,0.664004
plantwild/extracted/plantwild/images/potato leaf/43.jpg,Potato___healthy,Tomato___Early_blight,0.824816
plantwild/extracted/plantwild/images/potato leaf/45.jpg,Potato___healthy,Cherry___healthy,0.940642
plantwild/extracted/plantwild/images/potato leaf/46.jpg,Potato___healthy,Cherry___healthy,0.493824
plantwild/extracted/plantwild/images/potato leaf/47.jpg,Potato___healthy,Tomato___Early_blight,0.479566
plantwild/extracted/plantwild/images/potato leaf/48.jpg,Potato___healthy,"Pepper,_bell___healthy",0.837976
plantwild/extracted/plantwild/images/potato leaf/49.jpg,Potato___healthy,Cherry___healthy,0.951975
plantwild/extracted/plantwild/images/potato leaf/5.jpg,Potato___healthy,"Pepper,_bell___healthy",0.443649
plantwild/extracted/plantwild/images/potato leaf/50.jpg,Potato___healthy,Cherry___healthy,0.783055
plantwild/extracted/plantwild/images/potato leaf/51.jpg,Potato___healthy,Cherry___healthy,0.878747
plantwild/extracted/plantwild/images/potato leaf/52.jpg,Potato___healthy,Cherry___healthy,0.916126
plantwild/extracted/plantwild/images/potato leaf/53.jpg,Potato___healthy,Cherry___healthy,0.897815
plantwild/extracted/plantwild/images/potato leaf/54.jpg,Potato___healthy,Tomato___Septoria_leaf_spot,0.115579
plantwild/extracted/plantwild/images/potato leaf/57.jpg,Potato___healthy,"Pepper,_bell___healthy",0.516507
plantwild/extracted/plantwild/images/potato leaf/58.jpg,Potato___healthy,"Pepper,_bell___healthy",0.573066
plantwild/extracted/plantwild/images/potato leaf/59.jpg,Potato___healthy,Tomato___Septoria_leaf_spot,0.258097
plantwild/extracted/plantwild/images/potato leaf/6.jpg,Potato___healthy,Cherry___healthy,0.945801
plantwild/extracted/plantwild/images/potato leaf/61.jpg,Potato___healthy,Grape___Leaf_blight_(Isariopsis_Leaf_Spot),0.704413
plantwild/extracted/plantwild/images/potato leaf/62.jpg,Potato___healthy,Corn___healthy,0.594370
plantwild/extracted/plantwild/images/potato leaf/63.jpg,Potato___healthy,Cherry___healthy,0.754121
plantwild/extracted/plantwild/images/potato leaf/64.jpg,Potato___healthy,Tomato___Early_blight,0.303227
plantwild/extracted/plantwild/images/potato leaf/65.jpg,Potato___healthy,Cherry___healthy,0.916403
plantwild/extracted/plantwild/images/potato leaf/66.jpg,Potato___healthy,Tomato___Septoria_leaf_spot,0.700857
plantwild/extracted/plantwild/images/potato leaf/67.jpg,Potato___healthy,Strawberry___Leaf_scorch,0.574478
plantwild/extracted/plantwild/images/potato leaf/68.jpg,Potato___healthy,Strawberry___Leaf_scorch,0.594941
plantwild/extracted/plantwild/images/potato leaf/69.jpg,Potato___healthy,Strawberry___Leaf_scorch,0.505703
plantwild/extracted/plantwild/images/potato leaf/7.jpg,Potato___healthy,Tomato___Tomato_mosaic_virus,0.864790
plantwild/extracted/plantwild/images/potato leaf/70.jpg,Potato___healthy,Strawberry___Leaf_scorch,0.456544
plantwild/extracted/plantwild/images/potato leaf/71.jpg,Potato___healthy,Cherry___healthy,0.454206
plantwild/extracted/plantwild/images/potato leaf/72.jpg,Potato___healthy,Cherry___healthy,0.808505
plantwild/extracted/plantwild/images/potato leaf/73.jpg,Potato___healthy,Corn___Northern_Leaf_Blight,0.920051
plantwild/extracted/plantwild/images/potato leaf/74.jpg,Potato___healthy,Cherry___healthy,0.948141
plantwild/extracted/plantwild/images/potato leaf/75.jpg,Potato___healthy,Cherry___healthy,0.880050
plantwild/extracted/plantwild/images/potato leaf/76.jpg,Potato___healthy,Cherry___healthy,0.767163
plantwild/extracted/plantwild/images/potato leaf/77.jpg,Potato___healthy,Cherry___healthy,0.928671
plantwild/extracted/plantwild/images/potato leaf/78.jpg,Potato___healthy,Cherry___healthy,0.830725
plantwild/extracted/plantwild/images/potato leaf/79.jpg,Potato___healthy,Strawberry___Leaf_scorch,0.920396
plantwild/extracted/plantwild/images/potato leaf/8.jpg,Potato___healthy,Cherry___healthy,0.397762
plantwild/extracted/plantwild/images/potato leaf/82.jpg,Potato___healthy,Tomato___Septoria_leaf_spot,0.126635
plantwild/extracted/plantwild/images/potato leaf/84.jpg,Potato___healthy,Tomato___Septoria_leaf_spot,0.197227
plantwild/extracted/plantwild/images/potato leaf/85.jpg,Potato___healthy,"Pepper,_bell___healthy",0.948964
plantwild/extracted/plantwild/images/potato leaf/86.jpg,Potato___healthy,Tomato___Early_blight,0.507854
plantwild/extracted/plantwild/images/potato leaf/87.jpg,Potato___healthy,Strawberry___Leaf_scorch,0.702752
plantwild/extracted/plantwild/images/potato leaf/88.jpg,Potato___healthy,Tomato___Tomato_mosaic_virus,0.511660
plantwild/extracted/plantwild/images/potato leaf/89.jpg,Potato___healthy,Cherry___healthy,0.950654
plantwild/extracted/plantwild/images/potato leaf/9.jpg,Potato___healthy,Cherry___healthy,0.946453
plantwild/extracted/plantwild/images/potato leaf/90.jpg,Potato___healthy,Cherry___healthy,0.916933
plantwild/extracted/plantwild/images/potato leaf/91.jpg,Potato___healthy,Cherry___healthy,0.943771
plantwild/extracted/plantwild/images/potato leaf/92.jpg,Potato___healthy,"Pepper,_bell___healthy",0.873179
plantwild/extracted/plantwild/images/potato leaf/93.jpg,Potato___healthy,Corn___Northern_Leaf_Blight,0.935486
plantwild/extracted/plantwild/images/potato leaf/94.jpg,Potato___healthy,Corn___Northern_Leaf_Blight,0.798175
plantwild/extracted/plantwild/images/potato leaf/95.jpg,Potato___healthy,Tomato___Septoria_leaf_spot,0.286732
plantwild/extracted/plantwild/images/potato leaf/96.jpg,Potato___healthy,Cherry___healthy,0.909815
plantwild/extracted/plantwild/images/potato leaf/97.jpg,Potato___healthy,Grape___Esca_(Black_Measles),0.536210
plantwild/extracted/plantwild/images/potato leaf/98.jpg,Potato___healthy,Tomato___healthy,0.192614
plantwild/extracted/plantwild/images/potato leaf/99.jpg,Potato___healthy,Grape___Leaf_blight_(Isariopsis_Leaf_Spot),0.886329
plantwild/extracted/plantwild/images/potato leaf/google_0000.jpg,Potato___healthy,"Pepper,_bell___healthy",0.719833
plantwild/extracted/plantwild/images/potato leaf/google_0001.jpg,Potato___healthy,"Pepper,_bell___healthy",0.436516
plantwild/extracted/plantwild/images/potato leaf/google_0002.jpg,Potato___healthy,Tomato___Early_blight,0.396284
plantwild/extracted/plantwild/images/potato leaf/google_0003.jpg,Potato___healthy,Cherry___healthy,0.949672
plantwild/extracted/plantwild/images/potato leaf/google_0005.jpg,Potato___healthy,Cherry___healthy,0.866650
plantwild/extracted/plantwild/images/potato leaf/google_0006.jpg,Potato___healthy,Cherry___healthy,0.919366
plantwild/extracted/plantwild/images/potato leaf/google_0007.jpg,Potato___healthy,Strawberry___Leaf_scorch,0.935067
plantwild/extracted/plantwild/images/potato leaf/google_0008.jpg,Potato___healthy,Soybean___healthy,0.143166
plantwild/extracted/plantwild/images/potato leaf/google_0011.jpg,Potato___healthy,Tomato___Late_blight,0.509474
plantwild/extracted/plantwild/images/potato leaf/google_0012.jpg,Potato___healthy,Tomato___Early_blight,0.454397
plantwild/extracted/plantwild/images/potato leaf/google_0021.jpg,Potato___healthy,Tomato___Late_blight,0.476766
plantwild/extracted/plantwild/images/potato leaf/google_0023.jpg,Potato___healthy,Corn___healthy,0.871512
plantwild/extracted/plantwild/images/potato leaf/google_0025.jpg,Potato___healthy,Tomato___Septoria_leaf_spot,0.250777
plantwild/extracted/plantwild/images/potato leaf/google_0029.jpg,Potato___healthy,Cherry___healthy,0.568469
plantwild/extracted/plantwild/images/potato leaf/google_0030.jpg,Potato___healthy,"Pepper,_bell___healthy",0.769901
plantwild/extracted/plantwild/images/potato leaf/google_0031.jpg,Potato___healthy,Tomato___Early_blight,0.376694
plantwild/extracted/plantwild/images/potato leaf/google_0034.jpg,Potato___healthy,"Pepper,_bell___healthy",0.605975
plantwild/extracted/plantwild/images/potato leaf/google_0043.jpg,Potato___healthy,"Pepper,_bell___healthy",0.945721
plantwild/extracted/plantwild/images/potato leaf/google_0045.jpg,Potato___healthy,Tomato___Late_blight,0.932294
plantwild/extracted/plantwild/images/potato leaf/google_0046.jpg,Potato___healthy,Tomato___Septoria_leaf_spot,0.168922
plantwild/extracted/plantwild/images/potato leaf/google_0047.jpg,Potato___healthy,Strawberry___Leaf_scorch,0.583280
plantwild/extracted/plantwild/images/potato leaf/google_0056.jpg,Potato___healthy,"Pepper,_bell___healthy",0.929487
plantwild/extracted/plantwild/images/potato leaf/google_0060.jpg,Potato___healthy,Cherry___healthy,0.827652
plantwild/extracted/plantwild/images/potato leaf/google_0063.jpg,Potato___healthy,"Pepper,_bell___healthy",0.521049
plantwild/extracted/plantwild/images/potato leaf/google_0064.jpg,Potato___healthy,Tomato___Septoria_leaf_spot,0.149450
plantwild/extracted/plantwild/images/potato leaf/google_0068.jpg,Potato___healthy,Cherry___healthy,0.943949
plantwild/extracted/plantwild/images/potato leaf/google_0070.jpg,Potato___healthy,Tomato___Early_blight,0.224527
plantwild/extracted/plantwild/images/potato leaf/google_0082.jpg,Potato___healthy,Tomato___Septoria_leaf_spot,0.347482
plantwild/extracted/plantwild/images/potato leaf/google_0087.jpg,Potato___healthy,"Pepper,_bell___healthy",0.835992
plantwild/extracted/plantwild/images/potato leaf/google_0088.jpg,Potato___healthy,Tomato___Early_blight,0.794723
plantwild/extracted/plantwild/images/potato leaf/google_0090.jpg,Potato___healthy,Tomato___Early_blight,0.440681
plantwild/extracted/plantwild/images/potato leaf/google_0091.jpg,Potato___healthy,Tomato___Early_blight,0.348920
plantwild/extracted/plantwild/images/potato leaf/google_0097.jpg,Potato___healthy,Tomato___Early_blight,0.213787
plantwild/extracted/plantwild/images/potato leaf/google_0099.jpg,Potato___healthy,"Pepper,_bell___healthy",0.847581
plantwild/extracted/plantwild/images/potato leaf/google_0105.jpg,Potato___healthy,"Pepper,_bell___healthy",0.914687
plantwild/extracted/plantwild/images/potato leaf/google_0106.jpg,Potato___healthy,Strawberry___Leaf_scorch,0.928527
plantwild/extracted/plantwild/images/potato leaf/google_0110.jpg,Potato___healthy,"Pepper,_bell___healthy",0.926251
plantwild/extracted/plantwild/images/potato leaf/google_0114.jpg,Potato___healthy,"Pepper,_bell___healthy",0.929482
plantwild/extracted/plantwild/images/potato leaf/google_0116.jpg,Potato___healthy,"Pepper,_bell___healthy",0.941050
plantwild/extracted/plantwild/images/potato leaf/google_0119.jpg,Potato___healthy,Tomato___Early_blight,0.544177
plantwild/extracted/plantwild/images/potato leaf/google_0123.jpg,Potato___healthy,"Pepper,_bell___healthy",0.950490
plantwild/extracted/plantwild/images/potato leaf/google_0126.jpg,Potato___healthy,Tomato___Septoria_leaf_spot,0.313125
plantwild/extracted/plantwild/images/potato leaf/google_0128.jpg,Potato___healthy,"Pepper,_bell___healthy",0.443340
plantwild/extracted/plantwild/images/potato leaf/google_0129.jpg,Potato___healthy,"Pepper,_bell___healthy",0.721475
plantwild/extracted/plantwild/images/potato leaf/google_0130.jpg,Potato___healthy,Tomato___Target_Spot,0.147848
plantwild/extracted/plantwild/images/potato leaf/google_0132.jpg,Potato___healthy,"Pepper,_bell___healthy",0.932661
plantwild/extracted/plantwild/images/potato leaf/google_0137.jpg,Potato___healthy,"Pepper,_bell___healthy",0.773995
plantwild/extracted/plantwild/images/potato leaf/google_0139.jpg,Potato___healthy,"Pepper,_bell___healthy",0.922020
plantwild/extracted/plantwild/images/potato leaf/google_0142.jpg,Potato___healthy,Tomato___Early_blight,0.158065
plantwild/extracted/plantwild/images/potato leaf/google_0143.jpg,Potato___healthy,"Pepper,_bell___healthy",0.862674
plantwild/extracted/plantwild/images/potato leaf/google_0148.jpg,Potato___healthy,Cherry___healthy,0.952735
plantwild/extracted/plantwild/images/potato leaf/google_0149.jpg,Potato___healthy,Corn___healthy,0.903450
plantwild/extracted/plantwild/images/potato leaf/google_0153.jpg,Potato___healthy,Corn___healthy,0.951998
plantwild/extracted/plantwild/images/potato leaf/google_0157.jpg,Potato___healthy,"Pepper,_bell___healthy",0.635432
plantwild/extracted/plantwild/images/potato leaf/google_0159.jpg,Potato___healthy,Tomato___Septoria_leaf_spot,0.280582
plantwild/extracted/plantwild/images/potato leaf/google_0165.jpg,Potato___healthy,"Pepper,_bell___healthy",0.951493
plantwild/extracted/plantwild/images/potato leaf/google_0173.jpg,Potato___healthy,"Pepper,_bell___healthy",0.505245
plantwild/extracted/plantwild/images/potato leaf/google_0177.jpg,Potato___healthy,Cherry___healthy,0.590674
plantwild/extracted/plantwild/images/potato leaf/google_0193.jpg,Potato___healthy,Tomato___Septoria_leaf_spot,0.129374
plantwild/extracted/plantwild/images/potato leaf/google_0196.jpg,Potato___healthy,Tomato___Septoria_leaf_spot,0.194205
plantwild/extracted/plantwild/images/potato leaf/google_0201.jpg,Potato___healthy,Corn___healthy,0.530121
plantwild/extracted/plantwild/images/potato leaf/google_0203.jpg,Potato___healthy,Cherry___healthy,0.920455
plantwild/extracted/plantwild/images/potato leaf/google_0205.jpg,Potato___healthy,"Pepper,_bell___healthy",0.829765
plantwild/extracted/plantwild/images/potato leaf/google_0207.jpg,Potato___healthy,Cherry___healthy,0.589129
plantwild/extracted/plantwild/images/potato leaf/google_0216.jpg,Potato___healthy,Tomato___Early_blight,0.494961
plantwild/extracted/plantwild/images/potato leaf/google_0218.jpg,Potato___healthy,Cherry___healthy,0.758963
plantwild/extracted/plantwild/images/potato leaf/google_0219.jpg,Potato___healthy,Cherry___healthy,0.948182
plantwild/extracted/plantwild/images/potato leaf/google_0229.jpg,Potato___healthy,"Pepper,_bell___healthy",0.950720
plantwild/extracted/plantwild/images/potato leaf/google_0243.jpg,Potato___healthy,Grape___Black_rot,0.718224
plantwild/extracted/plantwild/images/potato leaf/google_0245.jpg,Potato___healthy,"Pepper,_bell___healthy",0.943818
plantwild/extracted/plantwild/images/potato leaf/google_0258.jpg,Potato___healthy,"Pepper,_bell___healthy",0.905070
plantwild/extracted/plantwild/images/potato leaf/google_0259.jpg,Potato___healthy,Tomato___Early_blight,0.350855
plantwild/extracted/plantwild/images/potato leaf/google_0262.jpg,Potato___healthy,"Pepper,_bell___healthy",0.941663
plantwild/extracted/plantwild/images/potato leaf/google_0273.jpg,Potato___healthy,"Pepper,_bell___healthy",0.934251
plantwild/extracted/plantwild/images/potato leaf/google_0275.jpg,Potato___healthy,Tomato___Septoria_leaf_spot,0.213611
plantwild/extracted/plantwild/images/potato leaf/google_0281.jpg,Potato___healthy,Cherry___healthy,0.665507
plantwild/extracted/plantwild/images/potato leaf/google_0287.jpg,Potato___healthy,Tomato___Early_blight,0.313298
plantwild/extracted/plantwild/images/potato leaf/google_0292.jpg,Potato___healthy,"Pepper,_bell___healthy",0.943912
plantwild/extracted/plantwild/images/potato leaf/google_0293.jpg,Potato___healthy,Tomato___Septoria_leaf_spot,0.181491
plantwild/extracted/plantwild/images/potato leaf/google_0298.jpg,Potato___healthy,"Pepper,_bell___healthy",0.948997
plantwild/extracted/plantwild/images/potato leaf/google_0299.jpg,Potato___healthy,Tomato___Septoria_leaf_spot,0.239988
plantwild/extracted/plantwild/images/potato leaf/google_0303.jpg,Potato___healthy,"Pepper,_bell___healthy",0.797558
plantwild/extracted/plantwild/images/potato leaf/google_0308.jpg,Potato___healthy,Cherry___healthy,0.777808
plantwild/extracted/plantwild/images/potato leaf/google_0311.jpg,Potato___healthy,Tomato___Late_blight,0.779286
plantwild/extracted/plantwild/images/potato leaf/google_0315.jpg,Potato___healthy,"Pepper,_bell___healthy",0.936371
plantwild/extracted/plantwild/images/potato leaf/google_0316.jpg,Potato___healthy,"Pepper,_bell___healthy",0.484321
plantwild/extracted/plantwild/images/potato leaf/google_0319.jpg,Potato___healthy,Tomato___Septoria_leaf_spot,0.181035
plantwild/extracted/plantwild/images/potato leaf/google_0322.jpg,Potato___healthy,"Pepper,_bell___healthy",0.882032
plantwild/extracted/plantwild/images/potato leaf/google_0323.jpg,Potato___healthy,"Pepper,_bell___healthy",0.551808
plantwild/extracted/plantwild/images/potato leaf/google_0326.jpg,Potato___healthy,"Pepper,_bell___healthy",0.938847
plantwild/extracted/plantwild/images/potato leaf/google_0328.jpg,Potato___healthy,Cherry___healthy,0.747892
plantwild/extracted/plantwild/images/potato leaf/google_0333.jpg,Potato___healthy,"Pepper,_bell___healthy",0.949874
plantwild/extracted/plantwild/images/potato leaf/google_0349.jpg,Potato___healthy,"Pepper,_bell___healthy",0.901844
plantwild/extracted/plantwild/images/potato leaf/google_0358.jpg,Potato___healthy,"Pepper,_bell___healthy",0.688631
plantwild/extracted/plantwild/images/potato leaf/google_0360.jpg,Potato___healthy,"Pepper,_bell___healthy",0.949486
plantwild/extracted/plantwild/images/potato leaf/google_0374.jpg,Potato___healthy,"Pepper,_bell___healthy",0.877729
plantwild/extracted/plantwild/images/potato leaf/google_0376.jpg,Potato___healthy,Cherry___healthy,0.513654
plantwild/extracted/plantwild/images/potato leaf/google_0386.jpg,Potato___healthy,Tomato___Septoria_leaf_spot,0.198627
plantwild/extracted/plantwild/images/potato leaf/google_0388.jpg,Potato___healthy,Cherry___healthy,0.836607
plantwild/extracted/plantwild/images/potato leaf/google_0390.jpg,Potato___healthy,"Pepper,_bell___healthy",0.927759
plantwild/extracted/plantwild/images/potato leaf/google_0397.jpg,Potato___healthy,Corn___healthy,0.468256
plantwild/extracted/plantwild/images/potato leaf/google_0402.jpg,Potato___healthy,Cherry___healthy,0.380270
plantwild/extracted/plantwild/images/potato leaf/google_0408.jpg,Potato___healthy,"Pepper,_bell___healthy",0.884339
plantwild/extracted/plantwild/images/potato leaf/google_0418.jpg,Potato___healthy,"Pepper,_bell___healthy",0.952886
plantwild/extracted/plantwild/images/potato leaf/google_0429.jpg,Potato___healthy,"Pepper,_bell___healthy",0.937931
plantwild/extracted/plantwild/images/potato leaf/google_0430.jpg,Potato___healthy,Tomato___Tomato_Yellow_Leaf_Curl_Virus,0.195190
plantwild/extracted/plantwild/images/potato leaf/google_0432.jpg,Potato___healthy,Tomato___Septoria_leaf_spot,0.141226
plantwild/extracted/plantwild/images/potato leaf/google_0436.jpg,Potato___healthy,Cherry___healthy,0.950955
plantwild/extracted/plantwild/images/potato leaf/google_0440.jpg,Potato___healthy,Corn___healthy,0.888987
plantwild/extracted/plantwild/images/potato leaf/google_0442.jpg,Potato___healthy,Grape___Black_rot,0.559353
plantwild/extracted/plantwild/images/potato leaf/google_0451.jpg,Potato___healthy,Cherry___healthy,0.940223
plantwild/extracted/plantwild/images/potato leaf/google_0452.jpg,Potato___healthy,"Pepper,_bell___healthy",0.827019
plantwild/extracted/plantwild/images/potato leaf/google_0455.jpg,Potato___healthy,"Pepper,_bell___healthy",0.945834
plantwild/extracted/plantwild/images/potato leaf/google_0463.jpg,Potato___healthy,Strawberry___Leaf_scorch,0.944805
plantwild/extracted/plantwild/images/potato leaf/google_0468.jpg,Potato___healthy,Cherry___healthy,0.781241
plantwild/extracted/plantwild/images/potato leaf/google_0473.jpg,Potato___healthy,"Pepper,_bell___healthy",0.901805
plantwild/extracted/plantwild/images/potato leaf/google_0495.jpg,Potato___healthy,Cherry___healthy,0.737490
plantwild/extracted/plantwild/images/potato leaf/google_0499.jpg,Potato___healthy,Strawberry___Leaf_scorch,0.734149
plantwild/extracted/plantwild/images/potato leaf/google_0511.jpg,Potato___healthy,Cherry___healthy,0.941683
plantwild/extracted/plantwild/images/potato leaf/google_0512.jpg,Potato___healthy,"Pepper,_bell___healthy",0.935454
plantwild/extracted/plantwild/images/potato leaf/google_0525.jpg,Potato___healthy,"Pepper,_bell___healthy",0.932493
plantwild/extracted/plantwild/images/potato leaf/google_0528.jpg,Potato___healthy,Tomato___Septoria_leaf_spot,0.274979
plantwild/extracted/plantwild/images/potato leaf/google_0529.jpg,Potato___healthy,"Pepper,_bell___healthy",0.947029
plantwild/extracted/plantwild/images/potato leaf/google_0531.jpg,Potato___healthy,"Pepper,_bell___healthy",0.897469
plantwild/extracted/plantwild/images/potato leaf/google_0538.jpg,Potato___healthy,Cherry___healthy,0.946746
plantwild/extracted/plantwild/images/potato leaf/google_0543.jpg,Potato___healthy,Cherry___healthy,0.882585
plantwild/extracted/plantwild/images/potato leaf/google_0547.jpg,Potato___healthy,Cherry___healthy,0.949971
plantwild/extracted/plantwild/images/potato leaf/google_0550.jpg,Potato___healthy,"Pepper,_bell___healthy",0.698463
plantwild/extracted/plantwild/images/potato leaf/google_0552.jpg,Potato___healthy,"Pepper,_bell___healthy",0.832326
plantwild/extracted/plantwild/images/potato leaf/google_0561.jpg,Potato___healthy,Tomato___Septoria_leaf_spot,0.208800
plantwild/extracted/plantwild/images/potato leaf/google_0562.jpg,Potato___healthy,"Pepper,_bell___healthy",0.640150
plantwild/extracted/plantwild/images/potato leaf/google_0571.jpg,Potato___healthy,"Pepper,_bell___healthy",0.529851
plantwild/extracted/plantwild/images/potato leaf/google_0572.jpg,Potato___healthy,"Pepper,_bell___healthy",0.921261
plantwild/extracted/plantwild/images/potato leaf/google_0576.jpg,Potato___healthy,"Pepper,_bell___healthy",0.667399
plantwild/extracted/plantwild/images/potato leaf/google_0583.jpg,Potato___healthy,"Pepper,_bell___healthy",0.842052
plantwild/extracted/plantwild/images/potato leaf/google_0618.jpg,Potato___healthy,Corn___healthy,0.896591
plantwild/extracted/plantwild/images/potato leaf/google_0625.jpg,Potato___healthy,"Pepper,_bell___healthy",0.822181
plantwild/extracted/plantwild/images/potato leaf/google_0632.jpg,Potato___healthy,Tomato___Early_blight,0.336332
plantwild/extracted/plantwild/images/potato leaf/google_0641.jpg,Potato___healthy,Tomato___Septoria_leaf_spot,0.392746
plantwild/extracted/plantwild/images/potato leaf/google_0644.jpg,Potato___healthy,Tomato___Septoria_leaf_spot,0.251597
plantwild/extracted/plantwild/images/potato leaf/google_0650.jpg,Potato___healthy,"Pepper,_bell___healthy",0.816442
plantwild/extracted/plantwild/images/potato leaf/google_0656.jpg,Potato___healthy,Tomato___Early_blight,0.201314
plantwild/extracted/plantwild/images/potato leaf/google_0662.jpg,Potato___healthy,Cherry___healthy,0.923225
plantwild/extracted/plantwild/images/potato leaf/google_0663.jpg,Potato___healthy,Tomato___Early_blight,0.582031
plantwild/extracted/plantwild/images/potato leaf/google_0667.jpg,Potato___healthy,"Pepper,_bell___healthy",0.939292
plantwild/extracted/plantwild/images/potato leaf/google_0668.jpg,Potato___healthy,Tomato___Early_blight,0.445390
plantwild/extracted/plantwild/images/potato leaf/google_0673.jpg,Potato___healthy,"Pepper,_bell___healthy",0.514306
plantwild/extracted/plantwild/images/potato leaf/google_0675.jpg,Potato___healthy,"Pepper,_bell___healthy",0.456851
plantwild/extracted/plantwild/images/potato leaf/google_0677.jpg,Potato___healthy,"Pepper,_bell___healthy",0.924039
plantwild/extracted/plantwild/images/potato leaf/google_0681.jpg,Potato___healthy,Tomato___healthy,0.854251
plantwild/extracted/plantwild/images/raspberry leaf/1.jpg,Raspberry___healthy,Cherry___healthy,0.757898
plantwild/extracted/plantwild/images/raspberry leaf/10.jpg,Raspberry___healthy,Strawberry___Leaf_scorch,0.577847
plantwild/extracted/plantwild/images/raspberry leaf/100.jpg,Raspberry___healthy,Strawberry___Leaf_scorch,0.787093
plantwild/extracted/plantwild/images/raspberry leaf/101.jpg,Raspberry___healthy,Tomato___Septoria_leaf_spot,0.224879
plantwild/extracted/plantwild/images/raspberry leaf/102.jpg,Raspberry___healthy,Strawberry___Leaf_scorch,0.947946
plantwild/extracted/plantwild/images/raspberry leaf/103.jpg,Raspberry___healthy,Tomato___Septoria_leaf_spot,0.219175
plantwild/extracted/plantwild/images/raspberry leaf/104.jpg,Raspberry___healthy,Tomato___Septoria_leaf_spot,0.151501
plantwild/extracted/plantwild/images/raspberry leaf/105.jpg,Raspberry___healthy,Cherry___healthy,0.913173
plantwild/extracted/plantwild/images/raspberry leaf/106.jpg,Raspberry___healthy,Tomato___Septoria_leaf_spot,0.271928
plantwild/extracted/plantwild/images/raspberry leaf/107.jpg,Raspberry___healthy,Tomato___healthy,0.680775
plantwild/extracted/plantwild/images/raspberry leaf/108.jpg,Raspberry___healthy,Tomato___Septoria_leaf_spot,0.251021
plantwild/extracted/plantwild/images/raspberry leaf/109.jpg,Raspberry___healthy,Strawberry___Leaf_scorch,0.953269
plantwild/extracted/plantwild/images/raspberry leaf/11.jpg,Raspberry___healthy,Tomato___Septoria_leaf_spot,0.131152
plantwild/extracted/plantwild/images/raspberry leaf/112.jpg,Raspberry___healthy,Strawberry___Leaf_scorch,0.881156
plantwild/extracted/plantwild/images/raspberry leaf/113.jpg,Raspberry___healthy,"Pepper,_bell___healthy",0.810588
plantwild/extracted/plantwild/images/raspberry leaf/114.jpg,Raspberry___healthy,"Pepper,_bell___healthy",0.697671
plantwild/extracted/plantwild/images/raspberry leaf/115.jpg,Raspberry___healthy,Tomato___Early_blight,0.365884
plantwild/extracted/plantwild/images/raspberry leaf/116.jpg,Raspberry___healthy,Strawberry___Leaf_scorch,0.949990
plantwild/extracted/plantwild/images/raspberry leaf/117.jpg,Raspberry___healthy,"Pepper,_bell___healthy",0.699489
plantwild/extracted/plantwild/images/raspberry leaf/118.jpg,Raspberry___healthy,Strawberry___Leaf_scorch,0.947566
plantwild/extracted/plantwild/images/raspberry leaf/119.jpg,Raspberry___healthy,Tomato___Septoria_leaf_spot,0.132879
plantwild/extracted/plantwild/images/raspberry leaf/12.jpg,Raspberry___healthy,Strawberry___Leaf_scorch,0.946006
plantwild/extracted/plantwild/images/raspberry leaf/120 - Copy.jpg,Raspberry___healthy,Tomato___Septoria_leaf_spot,0.247512
plantwild/extracted/plantwild/images/raspberry leaf/120.jpg,Raspberry___healthy,Tomato___Septoria_leaf_spot,0.220867
plantwild/extracted/plantwild/images/raspberry leaf/121.jpg,Raspberry___healthy,Tomato___Septoria_leaf_spot,0.250831
plantwild/extracted/plantwild/images/raspberry leaf/122.jpg,Raspberry___healthy,Tomato___Late_blight,0.617698
plantwild/extracted/plantwild/images/raspberry leaf/125.jpg,Raspberry___healthy,Grape___Esca_(Black_Measles),0.745690
plantwild/extracted/plantwild/images/raspberry leaf/126.jpg,Raspberry___healthy,Strawberry___Leaf_scorch,0.924287
plantwild/extracted/plantwild/images/raspberry leaf/127.jpg,Raspberry___healthy,Tomato___Septoria_leaf_spot,0.272989
plantwild/extracted/plantwild/images/raspberry leaf/129.jpg,Raspberry___healthy,"Pepper,_bell___healthy",0.929774
plantwild/extracted/plantwild/images/raspberry leaf/13.jpg,Raspberry___healthy,Tomato___Early_blight,0.316844
plantwild/extracted/plantwild/images/raspberry leaf/130.jpg,Raspberry___healthy,Cherry___healthy,0.847064
plantwild/extracted/plantwild/images/raspberry leaf/131.jpg,Raspberry___healthy,Cherry___healthy,0.264777
plantwild/extracted/plantwild/images/raspberry leaf/132.jpg,Raspberry___healthy,Strawberry___Leaf_scorch,0.493623
plantwild/extracted/plantwild/images/raspberry leaf/133.jpg,Raspberry___healthy,Strawberry___Leaf_scorch,0.947050
plantwild/extracted/plantwild/images/raspberry leaf/136.jpg,Raspberry___healthy,Strawberry___Leaf_scorch,0.579573
plantwild/extracted/plantwild/images/raspberry leaf/14.jpg,Raspberry___healthy,Tomato___Early_blight,0.307327
plantwild/extracted/plantwild/images/raspberry leaf/15.jpg,Raspberry___healthy,Tomato___Early_blight,0.268777
plantwild/extracted/plantwild/images/raspberry leaf/16.jpg,Raspberry___healthy,"Pepper,_bell___healthy",0.310644
plantwild/extracted/plantwild/images/raspberry leaf/17.jpg,Raspberry___healthy,Tomato___Early_blight,0.157764
plantwild/extracted/plantwild/images/raspberry leaf/18.jpg,Raspberry___healthy,Tomato___Septoria_leaf_spot,0.247007
plantwild/extracted/plantwild/images/raspberry leaf/19.jpg,Raspberry___healthy,Grape___Esca_(Black_Measles),0.530151
plantwild/extracted/plantwild/images/raspberry leaf/2.jpg,Raspberry___healthy,Tomato___healthy,0.410287
plantwild/extracted/plantwild/images/raspberry leaf/20.jpg,Raspberry___healthy,Tomato___Early_blight,0.262557
plantwild/extracted/plantwild/images/raspberry leaf/21.jpg,Raspberry___healthy,Tomato___Early_blight,0.243225
plantwild/extracted/plantwild/images/raspberry leaf/22.jpg,Raspberry___healthy,Tomato___Septoria_leaf_spot,0.209217
plantwild/extracted/plantwild/images/raspberry leaf/23.jpg,Raspberry___healthy,Tomato___Septoria_leaf_spot,0.209533
plantwild/extracted/plantwild/images/raspberry leaf/24.jpg,Raspberry___healthy,Tomato___Septoria_leaf_spot,0.193806
plantwild/extracted/plantwild/images/raspberry leaf/25.jpg,Raspberry___healthy,Tomato___Septoria_leaf_spot,0.214292
plantwild/extracted/plantwild/images/raspberry leaf/26.jpg,Raspberry___healthy,Tomato___Septoria_leaf_spot,0.243049
plantwild/extracted/plantwild/images/raspberry leaf/27.jpg,Raspberry___healthy,Tomato___Septoria_leaf_spot,0.182939
plantwild/extracted/plantwild/images/raspberry leaf/28.jpg,Raspberry___healthy,Tomato___Septoria_leaf_spot,0.149922
plantwild/extracted/plantwild/images/raspberry leaf/29.jpg,Raspberry___healthy,"Pepper,_bell___healthy",0.710353
plantwild/extracted/plantwild/images/raspberry leaf/3.jpg,Raspberry___healthy,Tomato___Septoria_leaf_spot,0.258835
plantwild/extracted/plantwild/images/raspberry leaf/30.jpg,Raspberry___healthy,Strawberry___Leaf_scorch,0.813160
plantwild/extracted/plantwild/images/raspberry leaf/31.jpg,Raspberry___healthy,Tomato___Septoria_leaf_spot,0.129021
plantwild/extracted/plantwild/images/raspberry leaf/32.jpg,Raspberry___healthy,Tomato___Septoria_leaf_spot,0.281528
plantwild/extracted/plantwild/images/raspberry leaf/33.jpg,Raspberry___healthy,Tomato___Septoria_leaf_spot,0.225120
plantwild/extracted/plantwild/images/raspberry leaf/34.jpg,Raspberry___healthy,Cherry___healthy,0.950815
plantwild/extracted/plantwild/images/raspberry leaf/35.jpg,Raspberry___healthy,Grape___healthy,0.265508
plantwild/extracted/plantwild/images/raspberry leaf/36.jpg,Raspberry___healthy,Cherry___healthy,0.657600
plantwild/extracted/plantwild/images/raspberry leaf/37.jpg,Raspberry___healthy,"Pepper,_bell___healthy",0.901292
plantwild/extracted/plantwild/images/raspberry leaf/38.jpg,Raspberry___healthy,Cherry___healthy,0.835721
plantwild/extracted/plantwild/images/raspberry leaf/39.jpg,Raspberry___healthy,Tomato___Septoria_leaf_spot,0.190959
plantwild/extracted/plantwild/images/raspberry leaf/4.jpg,Raspberry___healthy,Cherry___healthy,0.680771
plantwild/extracted/plantwild/images/raspberry leaf/40.jpg,Raspberry___healthy,Cherry___healthy,0.945517
plantwild/extracted/plantwild/images/raspberry leaf/41.jpg,Raspberry___healthy,Tomato___Septoria_leaf_spot,0.179498
plantwild/extracted/plantwild/images/raspberry leaf/42.jpg,Raspberry___healthy,Cherry___healthy,0.906116
plantwild/extracted/plantwild/images/raspberry leaf/43.jpg,Raspberry___healthy,Tomato___Late_blight,0.124165
plantwild/extracted/plantwild/images/raspberry leaf/44.jpg,Raspberry___healthy,Apple___Apple_scab,0.935640
plantwild/extracted/plantwild/images/raspberry leaf/46.jpg,Raspberry___healthy,Tomato___Septoria_leaf_spot,0.237548
plantwild/extracted/plantwild/images/raspberry leaf/47.jpg,Raspberry___healthy,Cherry___healthy,0.938478
plantwild/extracted/plantwild/images/raspberry leaf/48.jpg,Raspberry___healthy,Tomato___Septoria_leaf_spot,0.277830
plantwild/extracted/plantwild/images/raspberry leaf/49.jpg,Raspberry___healthy,Tomato___Septoria_leaf_spot,0.225511
plantwild/extracted/plantwild/images/raspberry leaf/5.jpg,Raspberry___healthy,Tomato___Septoria_leaf_spot,0.259354
plantwild/extracted/plantwild/images/raspberry leaf/50.jpg,Raspberry___healthy,Tomato___Septoria_leaf_spot,0.314744
plantwild/extracted/plantwild/images/raspberry leaf/51.jpg,Raspberry___healthy,Tomato___Septoria_leaf_spot,0.207847
plantwild/extracted/plantwild/images/raspberry leaf/52.jpg,Raspberry___healthy,"Pepper,_bell___healthy",0.670690
plantwild/extracted/plantwild/images/raspberry leaf/53.jpg,Raspberry___healthy,Strawberry___Leaf_scorch,0.590114
plantwild/extracted/plantwild/images/raspberry leaf/54.jpg,Raspberry___healthy,Tomato___Septoria_leaf_spot,0.213247
plantwild/extracted/plantwild/images/raspberry leaf/55.jpg,Raspberry___healthy,"Pepper,_bell___healthy",0.714874
plantwild/extracted/plantwild/images/raspberry leaf/56.jpg,Raspberry___healthy,"Pepper,_bell___healthy",0.724084
plantwild/extracted/plantwild/images/raspberry leaf/57.jpg,Raspberry___healthy,Tomato___Septoria_leaf_spot,0.237039
plantwild/extracted/plantwild/images/raspberry leaf/58.jpg,Raspberry___healthy,"Pepper,_bell___healthy",0.724084
plantwild/extracted/plantwild/images/raspberry leaf/59.jpg,Raspberry___healthy,Tomato___Septoria_leaf_spot,0.237039
plantwild/extracted/plantwild/images/raspberry leaf/6.jpg,Raspberry___healthy,Cherry___healthy,0.875489
plantwild/extracted/plantwild/images/raspberry leaf/60.jpg,Raspberry___healthy,Tomato___Septoria_leaf_spot,0.233862
plantwild/extracted/plantwild/images/raspberry leaf/61.jpg,Raspberry___healthy,Tomato___Septoria_leaf_spot,0.201906
plantwild/extracted/plantwild/images/raspberry leaf/62.jpg,Raspberry___healthy,Tomato___Septoria_leaf_spot,0.124010
plantwild/extracted/plantwild/images/raspberry leaf/63.jpg,Raspberry___healthy,Tomato___Early_blight,0.471847
plantwild/extracted/plantwild/images/raspberry leaf/64.jpg,Raspberry___healthy,Tomato___Early_blight,0.188605
plantwild/extracted/plantwild/images/raspberry leaf/65.jpg,Raspberry___healthy,Strawberry___Leaf_scorch,0.465283
plantwild/extracted/plantwild/images/raspberry leaf/66.jpg,Raspberry___healthy,Cherry___healthy,0.413272
plantwild/extracted/plantwild/images/raspberry leaf/67.jpg,Raspberry___healthy,Tomato___Septoria_leaf_spot,0.223953
plantwild/extracted/plantwild/images/raspberry leaf/68.jpg,Raspberry___healthy,Tomato___Early_blight,0.292735
plantwild/extracted/plantwild/images/raspberry leaf/69.jpg,Raspberry___healthy,Tomato___Early_blight,0.199354
plantwild/extracted/plantwild/images/raspberry leaf/7.jpg,Raspberry___healthy,Tomato___Septoria_leaf_spot,0.175400
plantwild/extracted/plantwild/images/raspberry leaf/70.jpg,Raspberry___healthy,Tomato___Septoria_leaf_spot,0.170290
plantwild/extracted/plantwild/images/raspberry leaf/71.jpg,Raspberry___healthy,Tomato___Septoria_leaf_spot,0.224587
plantwild/extracted/plantwild/images/raspberry leaf/72.jpg,Raspberry___healthy,Tomato___Septoria_leaf_spot,0.324948
plantwild/extracted/plantwild/images/raspberry leaf/73.jpg,Raspberry___healthy,Tomato___Tomato_mosaic_virus,0.942835
plantwild/extracted/plantwild/images/raspberry leaf/74.jpg,Raspberry___healthy,"Pepper,_bell___healthy",0.933090
plantwild/extracted/plantwild/images/raspberry leaf/75.jpg,Raspberry___healthy,Tomato___Septoria_leaf_spot,0.237709
plantwild/extracted/plantwild/images/raspberry leaf/76.jpg,Raspberry___healthy,Tomato___Early_blight,0.375151
plantwild/extracted/plantwild/images/raspberry leaf/77.jpg,Raspberry___healthy,Cherry___healthy,0.876852
plantwild/extracted/plantwild/images/raspberry leaf/78.jpg,Raspberry___healthy,Strawberry___Leaf_scorch,0.871077
plantwild/extracted/plantwild/images/raspberry leaf/79.jpg,Raspberry___healthy,"Pepper,_bell___healthy",0.947494
plantwild/extracted/plantwild/images/raspberry leaf/8.jpg,Raspberry___healthy,Tomato___Septoria_leaf_spot,0.234454
plantwild/extracted/plantwild/images/raspberry leaf/80.jpg,Raspberry___healthy,Strawberry___Leaf_scorch,0.346724
plantwild/extracted/plantwild/images/raspberry leaf/81.jpg,Raspberry___healthy,Strawberry___Leaf_scorch,0.924334
plantwild/extracted/plantwild/images/raspberry leaf/82.jpg,Raspberry___healthy,"Pepper,_bell___healthy",0.877633
plantwild/extracted/plantwild/images/raspberry leaf/83.jpg,Raspberry___healthy,Tomato___Septoria_leaf_spot,0.226215
plantwild/extracted/plantwild/images/raspberry leaf/84.jpg,Raspberry___healthy,"Pepper,_bell___healthy",0.515662
plantwild/extracted/plantwild/images/raspberry leaf/85.jpg,Raspberry___healthy,Tomato___Early_blight,0.189525
plantwild/extracted/plantwild/images/raspberry leaf/86.jpg,Raspberry___healthy,Tomato___Septoria_leaf_spot,0.257470
plantwild/extracted/plantwild/images/raspberry leaf/87.jpg,Raspberry___healthy,Tomato___Septoria_leaf_spot,0.278791
plantwild/extracted/plantwild/images/raspberry leaf/88.jpg,Raspberry___healthy,Tomato___healthy,0.758552
plantwild/extracted/plantwild/images/raspberry leaf/89.jpg,Raspberry___healthy,Tomato___Septoria_leaf_spot,0.159725
plantwild/extracted/plantwild/images/raspberry leaf/9.jpg,Raspberry___healthy,Tomato___Septoria_leaf_spot,0.227034
plantwild/extracted/plantwild/images/raspberry leaf/90.jpg,Raspberry___healthy,Tomato___Septoria_leaf_spot,0.164177
plantwild/extracted/plantwild/images/raspberry leaf/91.jpg,Raspberry___healthy,Strawberry___Leaf_scorch,0.837887
plantwild/extracted/plantwild/images/raspberry leaf/92.jpg,Raspberry___healthy,Cherry___healthy,0.565325
plantwild/extracted/plantwild/images/raspberry leaf/93.jpg,Raspberry___healthy,Tomato___Septoria_leaf_spot,0.165478
plantwild/extracted/plantwild/images/raspberry leaf/94.jpg,Raspberry___healthy,Strawberry___Leaf_scorch,0.946471
plantwild/extracted/plantwild/images/raspberry leaf/95.jpg,Raspberry___healthy,Tomato___Early_blight,0.163509
plantwild/extracted/plantwild/images/raspberry leaf/97.jpg,Raspberry___healthy,Strawberry___Leaf_scorch,0.900739
plantwild/extracted/plantwild/images/raspberry leaf/98.jpg,Raspberry___healthy,Tomato___Early_blight,0.232087
plantwild/extracted/plantwild/images/raspberry leaf/google_0000.jpg,Raspberry___healthy,Strawberry___Leaf_scorch,0.598037
plantwild/extracted/plantwild/images/raspberry leaf/google_0001.jpg,Raspberry___healthy,Tomato___Early_blight,0.384529
plantwild/extracted/plantwild/images/raspberry leaf/google_0002.jpg,Raspberry___healthy,Corn___healthy,0.850028
plantwild/extracted/plantwild/images/raspberry leaf/google_0003.jpg,Raspberry___healthy,Tomato___healthy,0.843239
plantwild/extracted/plantwild/images/raspberry leaf/google_0004.jpg,Raspberry___healthy,Tomato___Septoria_leaf_spot,0.152521
plantwild/extracted/plantwild/images/raspberry leaf/google_0005.jpg,Raspberry___healthy,Cherry___healthy,0.945592
plantwild/extracted/plantwild/images/raspberry leaf/google_0006.jpg,Raspberry___healthy,Strawberry___Leaf_scorch,0.750912
plantwild/extracted/plantwild/images/raspberry leaf/google_0010.jpg,Raspberry___healthy,Tomato___healthy,0.264188
plantwild/extracted/plantwild/images/raspberry leaf/google_0012.jpg,Raspberry___healthy,Tomato___Septoria_leaf_spot,0.141467
plantwild/extracted/plantwild/images/raspberry leaf/google_0015.jpg,Raspberry___healthy,Corn___healthy,0.741837
plantwild/extracted/plantwild/images/raspberry leaf/google_0017.jpg,Raspberry___healthy,Strawberry___Leaf_scorch,0.851466
plantwild/extracted/plantwild/images/raspberry leaf/google_0019.jpg,Raspberry___healthy,Strawberry___Leaf_scorch,0.914296
plantwild/extracted/plantwild/images/raspberry leaf/google_0025.jpg,Raspberry___healthy,"Pepper,_bell___healthy",0.613168
plantwild/extracted/plantwild/images/raspberry leaf/google_0048.jpg,Raspberry___healthy,Tomato___Septoria_leaf_spot,0.221649
plantwild/extracted/plantwild/images/raspberry leaf/google_0054.jpg,Raspberry___healthy,Tomato___healthy,0.509717
plantwild/extracted/plantwild/images/raspberry leaf/google_0056.jpg,Raspberry___healthy,Tomato___Late_blight,0.266026
plantwild/extracted/plantwild/images/raspberry leaf/google_0062.jpg,Raspberry___healthy,"Pepper,_bell___healthy",0.517172
plantwild/extracted/plantwild/images/raspberry leaf/google_0064.jpg,Raspberry___healthy,"Pepper,_bell___healthy",0.508437
plantwild/extracted/plantwild/images/raspberry leaf/google_0065.jpg,Raspberry___healthy,Tomato___Early_blight,0.182814
plantwild/extracted/plantwild/images/raspberry leaf/google_0066.jpg,Raspberry___healthy,"Pepper,_bell___healthy",0.837050
plantwild/extracted/plantwild/images/raspberry leaf/google_0075.jpg,Raspberry___healthy,Tomato___Early_blight,0.192316
plantwild/extracted/plantwild/images/raspberry leaf/google_0079.jpg,Raspberry___healthy,Tomato___Septoria_leaf_spot,0.203746
plantwild/extracted/plantwild/images/raspberry leaf/google_0086.jpg,Raspberry___healthy,Tomato___Septoria_leaf_spot,0.187342
plantwild/extracted/plantwild/images/raspberry leaf/google_0088.jpg,Raspberry___healthy,Strawberry___Leaf_scorch,0.678250
plantwild/extracted/plantwild/images/raspberry leaf/google_0092.jpg,Raspberry___healthy,Tomato___Septoria_leaf_spot,0.192709
plantwild/extracted/plantwild/images/raspberry leaf/google_0096.jpg,Raspberry___healthy,Strawberry___Leaf_scorch,0.521422
plantwild/extracted/plantwild/images/raspberry leaf/google_0097.jpg,Raspberry___healthy,"Pepper,_bell___healthy",0.506818
plantwild/extracted/plantwild/images/raspberry leaf/google_0100.jpg,Raspberry___healthy,"Pepper,_bell___healthy",0.928278
plantwild/extracted/plantwild/images/raspberry leaf/google_0108.jpg,Raspberry___healthy,Strawberry___Leaf_scorch,0.402462
plantwild/extracted/plantwild/images/raspberry leaf/google_0109.jpg,Raspberry___healthy,Strawberry___Leaf_scorch,0.950588
plantwild/extracted/plantwild/images/raspberry leaf/google_0114.jpg,Raspberry___healthy,Strawberry___Leaf_scorch,0.386156
plantwild/extracted/plantwild/images/raspberry leaf/google_0117.jpg,Raspberry___healthy,Tomato___Septoria_leaf_spot,0.256654
plantwild/extracted/plantwild/images/raspberry leaf/google_0118.jpg,Raspberry___healthy,Cherry___healthy,0.712522
plantwild/extracted/plantwild/images/raspberry leaf/google_0121.jpg,Raspberry___healthy,Tomato___Early_blight,0.295890
plantwild/extracted/plantwild/images/raspberry leaf/google_0124.jpg,Raspberry___healthy,Strawberry___Leaf_scorch,0.917255
plantwild/extracted/plantwild/images/raspberry leaf/google_0127.jpg,Raspberry___healthy,Tomato___healthy,0.819007
plantwild/extracted/plantwild/images/raspberry leaf/google_0132.jpg,Raspberry___healthy,Tomato___healthy,0.631045
plantwild/extracted/plantwild/images/raspberry leaf/google_0138.jpg,Raspberry___healthy,Tomato___Septoria_leaf_spot,0.243335
plantwild/extracted/plantwild/images/raspberry leaf/google_0140.jpg,Raspberry___healthy,Corn___healthy,0.865114
plantwild/extracted/plantwild/images/raspberry leaf/google_0143.jpg,Raspberry___healthy,Strawberry___Leaf_scorch,0.889138
plantwild/extracted/plantwild/images/raspberry leaf/google_0146.jpg,Raspberry___healthy,Strawberry___Leaf_scorch,0.941504
plantwild/extracted/plantwild/images/raspberry leaf/google_0147.jpg,Raspberry___healthy,Tomato___Early_blight,0.369886
plantwild/extracted/plantwild/images/raspberry leaf/google_0162.jpg,Raspberry___healthy,Tomato___Septoria_leaf_spot,0.283370
plantwild/extracted/plantwild/images/raspberry leaf/google_0164.jpg,Raspberry___healthy,Raspberry___healthy,0.761504
plantwild/extracted/plantwild/images/raspberry leaf/google_0171.jpg,Raspberry___healthy,Tomato___Septoria_leaf_spot,0.169941
plantwild/extracted/plantwild/images/raspberry leaf/google_0178.jpg,Raspberry___healthy,Strawberry___Leaf_scorch,0.590436
plantwild/extracted/plantwild/images/raspberry leaf/google_0180.jpg,Raspberry___healthy,Grape___Black_rot,0.473696
plantwild/extracted/plantwild/images/raspberry leaf/google_0181.jpg,Raspberry___healthy,Tomato___Early_blight,0.272865
plantwild/extracted/plantwild/images/raspberry leaf/google_0187.jpg,Raspberry___healthy,Tomato___Septoria_leaf_spot,0.106808
plantwild/extracted/plantwild/images/raspberry leaf/google_0190.jpg,Raspberry___healthy,Tomato___Septoria_leaf_spot,0.198942
plantwild/extracted/plantwild/images/raspberry leaf/google_0199.jpg,Raspberry___healthy,"Pepper,_bell___healthy",0.785849
plantwild/extracted/plantwild/images/raspberry leaf/google_0205.jpg,Raspberry___healthy,Strawberry___Leaf_scorch,0.952891
plantwild/extracted/plantwild/images/raspberry leaf/google_0211.jpg,Raspberry___healthy,Tomato___Septoria_leaf_spot,0.276611
plantwild/extracted/plantwild/images/soybean leaf/1.jpg,Soybean___healthy,"Pepper,_bell___healthy",0.597448
plantwild/extracted/plantwild/images/soybean leaf/10.jpg,Soybean___healthy,"Pepper,_bell___healthy",0.943094
plantwild/extracted/plantwild/images/soybean leaf/101.jpg,Soybean___healthy,Cherry___healthy,0.455977
plantwild/extracted/plantwild/images/soybean leaf/102.jpg,Soybean___healthy,Cherry___healthy,0.919240
plantwild/extracted/plantwild/images/soybean leaf/104.jpg,Soybean___healthy,Cherry___healthy,0.932816
plantwild/extracted/plantwild/images/soybean leaf/105.jpg,Soybean___healthy,Cherry___healthy,0.771255
plantwild/extracted/plantwild/images/soybean leaf/108.jpg,Soybean___healthy,Cherry___healthy,0.759236
plantwild/extracted/plantwild/images/soybean leaf/11.jpg,Soybean___healthy,Cherry___healthy,0.940748
plantwild/extracted/plantwild/images/soybean leaf/110.jpg,Soybean___healthy,Cherry___healthy,0.646829
plantwild/extracted/plantwild/images/soybean leaf/113.jpg,Soybean___healthy,Tomato___healthy,0.345733
plantwild/extracted/plantwild/images/soybean leaf/115.jpg,Soybean___healthy,"Pepper,_bell___healthy",0.689480
plantwild/extracted/plantwild/images/soybean leaf/116.jpg,Soybean___healthy,Tomato___Early_blight,0.693274
plantwild/extracted/plantwild/images/soybean leaf/117.jpg,Soybean___healthy,Strawberry___Leaf_scorch,0.834987
plantwild/extracted/plantwild/images/soybean leaf/12.jpg,Soybean___healthy,Cherry___healthy,0.622082
plantwild/extracted/plantwild/images/soybean leaf/126.jpg,Soybean___healthy,Cherry___healthy,0.948959
plantwild/extracted/plantwild/images/soybean leaf/13.jpg,Soybean___healthy,Grape___Black_rot,0.415732
plantwild/extracted/plantwild/images/soybean leaf/14.jpg,Soybean___healthy,Cherry___healthy,0.843384
plantwild/extracted/plantwild/images/soybean leaf/145.jpg,Soybean___healthy,Corn___healthy,0.621462
plantwild/extracted/plantwild/images/soybean leaf/147.jpg,Soybean___healthy,Cherry___healthy,0.929799
plantwild/extracted/plantwild/images/soybean leaf/15.jpg,Soybean___healthy,Cherry___healthy,0.926419
plantwild/extracted/plantwild/images/soybean leaf/153.jpg,Soybean___healthy,Cherry___healthy,0.949589
plantwild/extracted/plantwild/images/soybean leaf/154.jpg,Soybean___healthy,Cherry___healthy,0.939307
plantwild/extracted/plantwild/images/soybean leaf/155.jpg,Soybean___healthy,"Pepper,_bell___healthy",0.743678
plantwild/extracted/plantwild/images/soybean leaf/157.jpg,Soybean___healthy,Cherry___healthy,0.451249
plantwild/extracted/plantwild/images/soybean leaf/158.jpg,Soybean___healthy,"Pepper,_bell___healthy",0.830576
plantwild/extracted/plantwild/images/soybean leaf/16.jpg,Soybean___healthy,Cherry___healthy,0.812154
plantwild/extracted/plantwild/images/soybean leaf/160.jpg,Soybean___healthy,"Pepper,_bell___healthy",0.556148
plantwild/extracted/plantwild/images/soybean leaf/162.jpg,Soybean___healthy,"Pepper,_bell___healthy",0.938816
plantwild/extracted/plantwild/images/soybean leaf/163.jpg,Soybean___healthy,"Pepper,_bell___healthy",0.945077
plantwild/extracted/plantwild/images/soybean leaf/164.jpg,Soybean___healthy,Cherry___healthy,0.493195
plantwild/extracted/plantwild/images/soybean leaf/165.jpg,Soybean___healthy,Cherry___healthy,0.657825
plantwild/extracted/plantwild/images/soybean leaf/166.jpg,Soybean___healthy,Cherry___healthy,0.946037
plantwild/extracted/plantwild/images/soybean leaf/17.jpg,Soybean___healthy,Cherry___healthy,0.809992
plantwild/extracted/plantwild/images/soybean leaf/171.jpg,Soybean___healthy,Cherry___healthy,0.934866
plantwild/extracted/plantwild/images/soybean leaf/173.jpg,Soybean___healthy,Cherry___healthy,0.442257
plantwild/extracted/plantwild/images/soybean leaf/174.jpg,Soybean___healthy,Cherry___healthy,0.536715
plantwild/extracted/plantwild/images/soybean leaf/177.jpg,Soybean___healthy,Cherry___healthy,0.819221
plantwild/extracted/plantwild/images/soybean leaf/179.jpg,Soybean___healthy,Strawberry___Leaf_scorch,0.938824
plantwild/extracted/plantwild/images/soybean leaf/18.jpg,Soybean___healthy,"Pepper,_bell___healthy",0.517706
plantwild/extracted/plantwild/images/soybean leaf/180.jpg,Soybean___healthy,Cherry___healthy,0.901024
plantwild/extracted/plantwild/images/soybean leaf/182.jpg,Soybean___healthy,Cherry___healthy,0.778069
plantwild/extracted/plantwild/images/soybean leaf/183.jpg,Soybean___healthy,Cherry___healthy,0.878378
plantwild/extracted/plantwild/images/soybean leaf/189.jpg,Soybean___healthy,Cherry___healthy,0.839094
plantwild/extracted/plantwild/images/soybean leaf/19.jpg,Soybean___healthy,Cherry___healthy,0.787797
plantwild/extracted/plantwild/images/soybean leaf/2.jpg,Soybean___healthy,Cherry___healthy,0.845174
plantwild/extracted/plantwild/images/soybean leaf/20.jpg,Soybean___healthy,"Pepper,_bell___healthy",0.757320
plantwild/extracted/plantwild/images/soybean leaf/201.jpg,Soybean___healthy,Cherry___healthy,0.909771
plantwild/extracted/plantwild/images/soybean leaf/202.jpg,Soybean___healthy,Cherry___healthy,0.802038
plantwild/extracted/plantwild/images/soybean leaf/204.jpg,Soybean___healthy,Strawberry___Leaf_scorch,0.646470
plantwild/extracted/plantwild/images/soybean leaf/206.jpg,Soybean___healthy,Strawberry___Leaf_scorch,0.483660
plantwild/extracted/plantwild/images/soybean leaf/21.jpg,Soybean___healthy,Corn___healthy,0.794452
plantwild/extracted/plantwild/images/soybean leaf/216.jpg,Soybean___healthy,"Pepper,_bell___healthy",0.941418
plantwild/extracted/plantwild/images/soybean leaf/217.jpg,Soybean___healthy,Cherry___healthy,0.947587
plantwild/extracted/plantwild/images/soybean leaf/218.jpg,Soybean___healthy,"Pepper,_bell___healthy",0.629656
plantwild/extracted/plantwild/images/soybean leaf/219.jpg,Soybean___healthy,Squash___Powdery_mildew,0.676046
plantwild/extracted/plantwild/images/soybean leaf/22.jpg,Soybean___healthy,"Pepper,_bell___healthy",0.949153
plantwild/extracted/plantwild/images/soybean leaf/222.jpg,Soybean___healthy,Cherry___healthy,0.946336
plantwild/extracted/plantwild/images/soybean leaf/225.jpg,Soybean___healthy,Cherry___healthy,0.948715
plantwild/extracted/plantwild/images/soybean leaf/228.jpg,Soybean___healthy,"Pepper,_bell___healthy",0.632552
plantwild/extracted/plantwild/images/soybean leaf/23.jpg,Soybean___healthy,Cherry___healthy,0.942856
plantwild/extracted/plantwild/images/soybean leaf/233.jpg,Soybean___healthy,Cherry___healthy,0.945072
plantwild/extracted/plantwild/images/soybean leaf/24.jpg,Soybean___healthy,Grape___Black_rot,0.353838
plantwild/extracted/plantwild/images/soybean leaf/240.jpg,Soybean___healthy,Squash___Powdery_mildew,0.534513
plantwild/extracted/plantwild/images/soybean leaf/241.jpg,Soybean___healthy,Strawberry___Leaf_scorch,0.891381
plantwild/extracted/plantwild/images/soybean leaf/242.jpg,Soybean___healthy,Cherry___healthy,0.938744
plantwild/extracted/plantwild/images/soybean leaf/243.jpg,Soybean___healthy,"Pepper,_bell___healthy",0.874943
plantwild/extracted/plantwild/images/soybean leaf/244.jpg,Soybean___healthy,Tomato___healthy,0.638294
plantwild/extracted/plantwild/images/soybean leaf/247.jpg,Soybean___healthy,Corn___healthy,0.919023
plantwild/extracted/plantwild/images/soybean leaf/250.jpg,Soybean___healthy,Corn___healthy,0.612239
plantwild/extracted/plantwild/images/soybean leaf/252.jpg,Soybean___healthy,"Pepper,_bell___healthy",0.904270
plantwild/extracted/plantwild/images/soybean leaf/257.jpg,Soybean___healthy,"Pepper,_bell___healthy",0.729839
plantwild/extracted/plantwild/images/soybean leaf/26.jpg,Soybean___healthy,Cherry___healthy,0.874772
plantwild/extracted/plantwild/images/soybean leaf/263.jpg,Soybean___healthy,Cherry___healthy,0.954590
plantwild/extracted/plantwild/images/soybean leaf/27.jpg,Soybean___healthy,Grape___Black_rot,0.821392
plantwild/extracted/plantwild/images/soybean leaf/272.jpg,Soybean___healthy,Cherry___healthy,0.930570
plantwild/extracted/plantwild/images/soybean leaf/276.jpg,Soybean___healthy,Cherry___healthy,0.907354
plantwild/extracted/plantwild/images/soybean leaf/28.jpg,Soybean___healthy,"Pepper,_bell___healthy",0.893340
plantwild/extracted/plantwild/images/soybean leaf/284.jpg,Soybean___healthy,"Pepper,_bell___healthy",0.941477
plantwild/extracted/plantwild/images/soybean leaf/286.jpg,Soybean___healthy,Cherry___healthy,0.947920
plantwild/extracted/plantwild/images/soybean leaf/287.jpg,Soybean___healthy,Grape___Black_rot,0.514395
plantwild/extracted/plantwild/images/soybean leaf/289.jpg,Soybean___healthy,"Pepper,_bell___healthy",0.267155
plantwild/extracted/plantwild/images/soybean leaf/29.jpg,Soybean___healthy,Strawberry___Leaf_scorch,0.337576
plantwild/extracted/plantwild/images/soybean leaf/292.jpg,Soybean___healthy,Cherry___healthy,0.949902
plantwild/extracted/plantwild/images/soybean leaf/293.jpg,Soybean___healthy,Cherry___healthy,0.950435
plantwild/extracted/plantwild/images/soybean leaf/296.jpg,Soybean___healthy,Grape___Black_rot,0.901956
plantwild/extracted/plantwild/images/soybean leaf/297.jpg,Soybean___healthy,Cherry___healthy,0.793246
plantwild/extracted/plantwild/images/soybean leaf/298.jpg,Soybean___healthy,Cherry___healthy,0.876240
plantwild/extracted/plantwild/images/soybean leaf/3.jpg,Soybean___healthy,"Pepper,_bell___healthy",0.937325
plantwild/extracted/plantwild/images/soybean leaf/301.jpg,Soybean___healthy,"Pepper,_bell___healthy",0.951629
plantwild/extracted/plantwild/images/soybean leaf/304.jpg,Soybean___healthy,"Pepper,_bell___healthy",0.664109
plantwild/extracted/plantwild/images/soybean leaf/308.jpg,Soybean___healthy,Squash___Powdery_mildew,0.318684
plantwild/extracted/plantwild/images/soybean leaf/31.jpg,Soybean___healthy,"Pepper,_bell___healthy",0.937525
plantwild/extracted/plantwild/images/soybean leaf/311.jpg,Soybean___healthy,Cherry___healthy,0.916447
plantwild/extracted/plantwild/images/soybean leaf/319.jpg,Soybean___healthy,Grape___Black_rot,0.938968
plantwild/extracted/plantwild/images/soybean leaf/32.jpg,Soybean___healthy,Cherry___healthy,0.667136
plantwild/extracted/plantwild/images/soybean leaf/320.jpg,Soybean___healthy,Tomato___Septoria_leaf_spot,0.224693
plantwild/extracted/plantwild/images/soybean leaf/33.jpg,Soybean___healthy,Cherry___healthy,0.908238
plantwild/extracted/plantwild/images/soybean leaf/331.jpg,Soybean___healthy,Cherry___healthy,0.942562
plantwild/extracted/plantwild/images/soybean leaf/335.jpg,Soybean___healthy,"Pepper,_bell___healthy",0.947402
plantwild/extracted/plantwild/images/soybean leaf/339.jpg,Soybean___healthy,"Pepper,_bell___healthy",0.681839
plantwild/extracted/plantwild/images/soybean leaf/34.jpg,Soybean___healthy,Cherry___healthy,0.946984
plantwild/extracted/plantwild/images/soybean leaf/35.jpg,Soybean___healthy,Cherry___healthy,0.913752
plantwild/extracted/plantwild/images/soybean leaf/36.jpg,Soybean___healthy,"Pepper,_bell___healthy",0.922077
plantwild/extracted/plantwild/images/soybean leaf/37.jpg,Soybean___healthy,Cherry___healthy,0.889956
plantwild/extracted/plantwild/images/soybean leaf/38.jpg,Soybean___healthy,Cherry___healthy,0.833053
plantwild/extracted/plantwild/images/soybean leaf/39.jpg,Soybean___healthy,Strawberry___Leaf_scorch,0.943115
plantwild/extracted/plantwild/images/soybean leaf/4.jpg,Soybean___healthy,"Pepper,_bell___healthy",0.945739
plantwild/extracted/plantwild/images/soybean leaf/42.jpg,Soybean___healthy,Cherry___healthy,0.556064
plantwild/extracted/plantwild/images/soybean leaf/44.jpg,Soybean___healthy,Cherry___healthy,0.922386
plantwild/extracted/plantwild/images/soybean leaf/45.jpg,Soybean___healthy,Tomato___healthy,0.748143
plantwild/extracted/plantwild/images/soybean leaf/46.jpg,Soybean___healthy,Cherry___healthy,0.915350
plantwild/extracted/plantwild/images/soybean leaf/47.jpg,Soybean___healthy,"Pepper,_bell___healthy",0.690839
plantwild/extracted/plantwild/images/soybean leaf/49.jpg,Soybean___healthy,"Pepper,_bell___healthy",0.938787
plantwild/extracted/plantwild/images/soybean leaf/5.jpg,Soybean___healthy,"Pepper,_bell___healthy",0.850568
plantwild/extracted/plantwild/images/soybean leaf/50.jpg,Soybean___healthy,Cherry___healthy,0.943989
plantwild/extracted/plantwild/images/soybean leaf/51.jpg,Soybean___healthy,Cherry___healthy,0.951445
plantwild/extracted/plantwild/images/soybean leaf/53.jpg,Soybean___healthy,Strawberry___Leaf_scorch,0.947413
plantwild/extracted/plantwild/images/soybean leaf/55.jpg,Soybean___healthy,Cherry___healthy,0.945107
plantwild/extracted/plantwild/images/soybean leaf/56.jpg,Soybean___healthy,Cherry___healthy,0.945680
plantwild/extracted/plantwild/images/soybean leaf/58.jpg,Soybean___healthy,Corn___healthy,0.419624
plantwild/extracted/plantwild/images/soybean leaf/59.jpg,Soybean___healthy,"Pepper,_bell___healthy",0.749600
plantwild/extracted/plantwild/images/soybean leaf/6.jpg,Soybean___healthy,"Pepper,_bell___healthy",0.910438
plantwild/extracted/plantwild/images/soybean leaf/60.jpg,Soybean___healthy,Cherry___healthy,0.920717
plantwild/extracted/plantwild/images/soybean leaf/61.jpg,Soybean___healthy,Cherry___healthy,0.953656
plantwild/extracted/plantwild/images/soybean leaf/62.jpg,Soybean___healthy,Cherry___healthy,0.918637
plantwild/extracted/plantwild/images/soybean leaf/63.jpg,Soybean___healthy,Grape___Leaf_blight_(Isariopsis_Leaf_Spot),0.838924
plantwild/extracted/plantwild/images/soybean leaf/67.jpg,Soybean___healthy,Cherry___healthy,0.441585
plantwild/extracted/plantwild/images/soybean leaf/69.jpg,Soybean___healthy,Cherry___healthy,0.910473
plantwild/extracted/plantwild/images/soybean leaf/7.jpg,Soybean___healthy,Soybean___healthy,0.949943
plantwild/extracted/plantwild/images/soybean leaf/70.jpg,Soybean___healthy,Cherry___healthy,0.949230
plantwild/extracted/plantwild/images/soybean leaf/72.jpg,Soybean___healthy,Cherry___healthy,0.841942
plantwild/extracted/plantwild/images/soybean leaf/73.jpg,Soybean___healthy,Cherry___healthy,0.558208
plantwild/extracted/plantwild/images/soybean leaf/75.jpg,Soybean___healthy,Cherry___healthy,0.878408
plantwild/extracted/plantwild/images/soybean leaf/76.jpg,Soybean___healthy,Strawberry___Leaf_scorch,0.941767
plantwild/extracted/plantwild/images/soybean leaf/77.jpg,Soybean___healthy,Cherry___healthy,0.489846
plantwild/extracted/plantwild/images/soybean leaf/78.jpg,Soybean___healthy,Tomato___Early_blight,0.700220
plantwild/extracted/plantwild/images/soybean leaf/8.jpg,Soybean___healthy,"Pepper,_bell___healthy",0.814854
plantwild/extracted/plantwild/images/soybean leaf/81.jpg,Soybean___healthy,Cherry___healthy,0.927822
plantwild/extracted/plantwild/images/soybean leaf/82.jpg,Soybean___healthy,Cherry___healthy,0.917876
plantwild/extracted/plantwild/images/soybean leaf/84.jpg,Soybean___healthy,Cherry___healthy,0.917876
plantwild/extracted/plantwild/images/soybean leaf/86.jpg,Soybean___healthy,Strawberry___Leaf_scorch,0.477273
plantwild/extracted/plantwild/images/soybean leaf/87.jpg,Soybean___healthy,Cherry___healthy,0.937277
plantwild/extracted/plantwild/images/soybean leaf/88.jpg,Soybean___healthy,"Pepper,_bell___healthy",0.948222
plantwild/extracted/plantwild/images/soybean leaf/9.jpg,Soybean___healthy,Tomato___Septoria_leaf_spot,0.230755
plantwild/extracted/plantwild/images/soybean leaf/92.jpg,Soybean___healthy,"Pepper,_bell___healthy",0.736064
plantwild/extracted/plantwild/images/soybean leaf/93.jpg,Soybean___healthy,Cherry___healthy,0.908064
plantwild/extracted/plantwild/images/soybean leaf/95.jpg,Soybean___healthy,Corn___Northern_Leaf_Blight,0.923662
plantwild/extracted/plantwild/images/soybean leaf/97.jpg,Soybean___healthy,Cherry___healthy,0.833621
plantwild/extracted/plantwild/images/soybean leaf/99.jpg,Soybean___healthy,"Pepper,_bell___healthy",0.846813
plantwild/extracted/plantwild/images/soybean leaf/google_0000.jpg,Soybean___healthy,Cherry___healthy,0.552273
plantwild/extracted/plantwild/images/soybean leaf/google_0001.jpg,Soybean___healthy,Tomato___Septoria_leaf_spot,0.225559
plantwild/extracted/plantwild/images/soybean leaf/google_0002.jpg,Soybean___healthy,Tomato___Septoria_leaf_spot,0.213255
plantwild/extracted/plantwild/images/soybean leaf/google_0004.jpg,Soybean___healthy,"Pepper,_bell___healthy",0.373632
plantwild/extracted/plantwild/images/soybean leaf/google_0005.jpg,Soybean___healthy,Tomato___Septoria_leaf_spot,0.158973
plantwild/extracted/plantwild/images/soybean leaf/google_0007.jpg,Soybean___healthy,"Pepper,_bell___healthy",0.776894
plantwild/extracted/plantwild/images/soybean leaf/google_0008.jpg,Soybean___healthy,Cherry___healthy,0.454969
plantwild/extracted/plantwild/images/soybean leaf/google_0010.jpg,Soybean___healthy,Tomato___Early_blight,0.247124
plantwild/extracted/plantwild/images/soybean leaf/google_0014.jpg,Soybean___healthy,Tomato___Early_blight,0.103925
plantwild/extracted/plantwild/images/soybean leaf/google_0015.jpg,Soybean___healthy,Corn___healthy,0.802794
plantwild/extracted/plantwild/images/soybean leaf/google_0027.jpg,Soybean___healthy,"Pepper,_bell___healthy",0.930066
plantwild/extracted/plantwild/images/soybean leaf/google_0028.jpg,Soybean___healthy,"Pepper,_bell___healthy",0.923841
plantwild/extracted/plantwild/images/soybean leaf/google_0032.jpg,Soybean___healthy,Tomato___Septoria_leaf_spot,0.231764
plantwild/extracted/plantwild/images/soybean leaf/google_0033.jpg,Soybean___healthy,Tomato___Septoria_leaf_spot,0.129061
plantwild/extracted/plantwild/images/soybean leaf/google_0042.jpg,Soybean___healthy,Strawberry___Leaf_scorch,0.881031
plantwild/extracted/plantwild/images/soybean leaf/google_0048.jpg,Soybean___healthy,Tomato___Septoria_leaf_spot,0.158671
plantwild/extracted/plantwild/images/soybean leaf/google_0057.jpg,Soybean___healthy,Tomato___Septoria_leaf_spot,0.258796
plantwild/extracted/plantwild/images/soybean leaf/google_0074.jpg,Soybean___healthy,"Pepper,_bell___healthy",0.924868
plantwild/extracted/plantwild/images/soybean leaf/google_0108.jpg,Soybean___healthy,"Pepper,_bell___healthy",0.935641
plantwild/extracted/plantwild/images/soybean leaf/google_0114.jpg,Soybean___healthy,"Pepper,_bell___healthy",0.872807
plantwild/extracted/plantwild/images/soybean leaf/google_0128.jpg,Soybean___healthy,Tomato___Septoria_leaf_spot,0.369134
plantwild/extracted/plantwild/images/soybean leaf/google_0129.jpg,Soybean___healthy,Tomato___healthy,0.287821
plantwild/extracted/plantwild/images/soybean leaf/google_0148.jpg,Soybean___healthy,Tomato___Septoria_leaf_spot,0.153111
plantwild/extracted/plantwild/images/soybean leaf/google_0164.jpg,Soybean___healthy,Corn___healthy,0.764378
plantwild/extracted/plantwild/images/soybean leaf/google_0172.jpg,Soybean___healthy,Soybean___healthy,0.795047
plantwild/extracted/plantwild/images/soybean leaf/google_0174.jpg,Soybean___healthy,"Pepper,_bell___healthy",0.923792
plantwild/extracted/plantwild/images/soybean leaf/google_0200.jpg,Soybean___healthy,"Pepper,_bell___healthy",0.509380
plantwild/extracted/plantwild/images/soybean leaf/google_0209.jpg,Soybean___healthy,"Pepper,_bell___healthy",0.647467
plantwild/extracted/plantwild/images/soybean leaf/google_0225.jpg,Soybean___healthy,Tomato___Septoria_leaf_spot,0.225606
plantwild/extracted/plantwild/images/soybean leaf/google_0229.jpg,Soybean___healthy,Cherry___healthy,0.716580
plantwild/extracted/plantwild/images/soybean leaf/google_0261.jpg,Soybean___healthy,"Pepper,_bell___healthy",0.873923
plantwild/extracted/plantwild/images/soybean leaf/google_0270.jpg,Soybean___healthy,Corn___healthy,0.863303
plantwild/extracted/plantwild/images/soybean leaf/google_0305.jpg,Soybean___healthy,Strawberry___Leaf_scorch,0.946259
plantwild/extracted/plantwild/images/soybean leaf/google_0310.jpg,Soybean___healthy,"Pepper,_bell___healthy",0.914550
plantwild/extracted/plantwild/images/soybean leaf/google_0312.jpg,Soybean___healthy,"Pepper,_bell___healthy",0.929225
plantwild/extracted/plantwild/images/soybean leaf/google_0317.jpg,Soybean___healthy,"Pepper,_bell___healthy",0.949801
plantwild/extracted/plantwild/images/soybean leaf/google_0352.jpg,Soybean___healthy,Strawberry___Leaf_scorch,0.672403
plantwild/extracted/plantwild/images/soybean leaf/google_0357.jpg,Soybean___healthy,Corn___healthy,0.944159
plantwild/extracted/plantwild/images/soybean leaf/google_0371.jpg,Soybean___healthy,"Pepper,_bell___healthy",0.776068
plantwild/extracted/plantwild/images/soybean leaf/google_0377.jpg,Soybean___healthy,"Pepper,_bell___healthy",0.895329
plantwild/extracted/plantwild/images/soybean leaf/google_0379.jpg,Soybean___healthy,"Pepper,_bell___healthy",0.932522
plantwild/extracted/plantwild/images/soybean leaf/google_0388.jpg,Soybean___healthy,Cherry___healthy,0.946211
plantwild/extracted/plantwild/images/soybean leaf/google_0406.jpg,Soybean___healthy,Blueberry___healthy,0.788778
plantwild/extracted/plantwild/images/soybean leaf/google_0422.jpg,Soybean___healthy,Corn___healthy,0.942814
plantwild/extracted/plantwild/images/soybean leaf/google_0443.jpg,Soybean___healthy,"Pepper,_bell___healthy",0.528802
plantwild/extracted/plantwild/images/soybean leaf/google_0462.jpg,Soybean___healthy,Cherry___healthy,0.694258
plantwild/extracted/plantwild/images/soybean leaf/google_0464.jpg,Soybean___healthy,"Pepper,_bell___healthy",0.629848
plantwild/extracted/plantwild/images/soybean leaf/google_0470.jpg,Soybean___healthy,"Pepper,_bell___healthy",0.885450
plantwild/extracted/plantwild/images/soybean leaf/google_0479.jpg,Soybean___healthy,Cherry___healthy,0.463259
plantwild/extracted/plantwild/images/soybean leaf/google_0480.jpg,Soybean___healthy,Corn___healthy,0.463547
plantwild/extracted/plantwild/images/soybean leaf/google_0487.jpg,Soybean___healthy,Tomato___Early_blight,0.188441
plantwild/extracted/plantwild/images/soybean leaf/google_0508.jpg,Soybean___healthy,"Pepper,_bell___healthy",0.915707
plantwild/extracted/plantwild/images/soybean leaf/google_0509.jpg,Soybean___healthy,"Pepper,_bell___healthy",0.884689
plantwild/extracted/plantwild/images/soybean leaf/google_0525.jpg,Soybean___healthy,Cherry___healthy,0.893365
plantwild/extracted/plantwild/images/soybean leaf/google_0526.jpg,Soybean___healthy,Cherry___healthy,0.946198
plantwild/extracted/plantwild/images/soybean leaf/google_0528.jpg,Soybean___healthy,Tomato___Tomato_Yellow_Leaf_Curl_Virus,0.850061
plantwild/extracted/plantwild/images/soybean leaf/google_0532.jpg,Soybean___healthy,"Pepper,_bell___healthy",0.642600
plantwild/extracted/plantwild/images/soybean leaf/google_0535.jpg,Soybean___healthy,Cherry___healthy,0.897150
plantwild/extracted/plantwild/images/soybean leaf/google_0537.jpg,Soybean___healthy,Tomato___Early_blight,0.254135
plantwild/extracted/plantwild/images/soybean leaf/google_0539.jpg,Soybean___healthy,Tomato___Septoria_leaf_spot,0.210380
plantwild/extracted/plantwild/images/soybean leaf/google_0542.jpg,Soybean___healthy,Tomato___Septoria_leaf_spot,0.132462
plantwild/extracted/plantwild/images/soybean leaf/google_0543.jpg,Soybean___healthy,Cherry___healthy,0.951896
plantwild/extracted/plantwild/images/soybean leaf/google_0553.jpg,Soybean___healthy,"Pepper,_bell___healthy",0.940736
plantwild/extracted/plantwild/images/soybean leaf/google_0555.jpg,Soybean___healthy,"Pepper,_bell___healthy",0.509354
plantwild/extracted/plantwild/images/soybean leaf/google_0556.jpg,Soybean___healthy,Tomato___Septoria_leaf_spot,0.242298
plantwild/extracted/plantwild/images/soybean leaf/google_0557.jpg,Soybean___healthy,"Pepper,_bell___healthy",0.924112
plantwild/extracted/plantwild/images/soybean leaf/google_0560.jpg,Soybean___healthy,Cherry___healthy,0.847282
plantwild/extracted/plantwild/images/soybean leaf/google_0562.jpg,Soybean___healthy,Tomato___Septoria_leaf_spot,0.208954
plantwild/extracted/plantwild/images/soybean leaf/google_0564.jpg,Soybean___healthy,Cherry___healthy,0.922157
plantwild/extracted/plantwild/images/soybean leaf/google_0566.jpg,Soybean___healthy,Tomato___Early_blight,0.320692
plantwild/extracted/plantwild/images/soybean leaf/google_0567.jpg,Soybean___healthy,"Pepper,_bell___healthy",0.916755
plantwild/extracted/plantwild/images/soybean leaf/google_0568.jpg,Soybean___healthy,"Pepper,_bell___healthy",0.918958
plantwild/extracted/plantwild/images/soybean leaf/google_0571.jpg,Soybean___healthy,"Pepper,_bell___healthy",0.942480
plantwild/extracted/plantwild/images/soybean leaf/google_0573.jpg,Soybean___healthy,"Pepper,_bell___healthy",0.944847
plantwild/extracted/plantwild/images/soybean leaf/google_0577.jpg,Soybean___healthy,"Pepper,_bell___healthy",0.345122
plantwild/extracted/plantwild/images/soybean leaf/google_0579.jpg,Soybean___healthy,Tomato___Septoria_leaf_spot,0.368592
plantwild/extracted/plantwild/images/soybean leaf/google_0580.jpg,Soybean___healthy,Cherry___healthy,0.865425
plantwild/extracted/plantwild/images/soybean leaf/google_0582.jpg,Soybean___healthy,Tomato___Septoria_leaf_spot,0.160537
plantwild/extracted/plantwild/images/soybean leaf/google_0583.jpg,Soybean___healthy,Cherry___healthy,0.938271
plantwild/extracted/plantwild/images/soybean leaf/google_0585.jpg,Soybean___healthy,Tomato___Septoria_leaf_spot,0.283928
plantwild/extracted/plantwild/images/soybean leaf/google_0587.jpg,Soybean___healthy,"Pepper,_bell___healthy",0.952465
plantwild/extracted/plantwild/images/soybean leaf/google_0588.jpg,Soybean___healthy,"Pepper,_bell___healthy",0.915657
plantwild/extracted/plantwild/images/soybean leaf/google_0589.jpg,Soybean___healthy,Corn___Northern_Leaf_Blight,0.076989
plantwild/extracted/plantwild/images/soybean leaf/google_0592.jpg,Soybean___healthy,Tomato___Early_blight,0.312881
plantwild/extracted/plantwild/images/soybean leaf/google_0594.jpg,Soybean___healthy,Tomato___Early_blight,0.419026
plantwild/extracted/plantwild/images/soybean leaf/google_0601.jpg,Soybean___healthy,"Pepper,_bell___healthy",0.873162
plantwild/extracted/plantwild/images/soybean leaf/google_0602.jpg,Soybean___healthy,Tomato___Septoria_leaf_spot,0.186133
plantwild/extracted/plantwild/images/soybean leaf/google_0603.jpg,Soybean___healthy,Cherry___healthy,0.479143
plantwild/extracted/plantwild/images/soybean leaf/google_0604.jpg,Soybean___healthy,"Pepper,_bell___healthy",0.949799
plantwild/extracted/plantwild/images/soybean leaf/google_0605.jpg,Soybean___healthy,Cherry___healthy,0.923480
plantwild/extracted/plantwild/images/soybean leaf/google_0606.jpg,Soybean___healthy,"Pepper,_bell___healthy",0.819645
plantwild/extracted/plantwild/images/soybean leaf/google_0607.jpg,Soybean___healthy,"Pepper,_bell___healthy",0.876865
plantwild/extracted/plantwild/images/soybean leaf/google_0608.jpg,Soybean___healthy,Cherry___healthy,0.753440
plantwild/extracted/plantwild/images/squash powdery mildew/1.jpg,Squash___Powdery_mildew,Squash___Powdery_mildew,0.884606
plantwild/extracted/plantwild/images/squash powdery mildew/10.jpg,Squash___Powdery_mildew,Strawberry___Leaf_scorch,0.906793
plantwild/extracted/plantwild/images/squash powdery mildew/101.jpg,Squash___Powdery_mildew,Strawberry___Leaf_scorch,0.366795
plantwild/extracted/plantwild/images/squash powdery mildew/102.jpg,Squash___Powdery_mildew,Cherry___healthy,0.625222
plantwild/extracted/plantwild/images/squash powdery mildew/103.jpg,Squash___Powdery_mildew,"Pepper,_bell___healthy",0.618207
plantwild/extracted/plantwild/images/squash powdery mildew/106.jpg,Squash___Powdery_mildew,Strawberry___Leaf_scorch,0.707146
plantwild/extracted/plantwild/images/squash powdery mildew/108.jpg,Squash___Powdery_mildew,Tomato___Late_blight,0.222853
plantwild/extracted/plantwild/images/squash powdery mildew/11.jpg,Squash___Powdery_mildew,Cherry___healthy,0.917307
plantwild/extracted/plantwild/images/squash powdery mildew/114.jpg,Squash___Powdery_mildew,Squash___Powdery_mildew,0.946631
plantwild/extracted/plantwild/images/squash powdery mildew/115.jpg,Squash___Powdery_mildew,Cherry___healthy,0.932272
plantwild/extracted/plantwild/images/squash powdery mildew/116.jpg,Squash___Powdery_mildew,Strawberry___Leaf_scorch,0.335755
plantwild/extracted/plantwild/images/squash powdery mildew/119.jpg,Squash___Powdery_mildew,Cherry___healthy,0.913506
plantwild/extracted/plantwild/images/squash powdery mildew/12.jpg,Squash___Powdery_mildew,Strawberry___Leaf_scorch,0.946166
plantwild/extracted/plantwild/images/squash powdery mildew/120.jpg,Squash___Powdery_mildew,Strawberry___Leaf_scorch,0.306379
plantwild/extracted/plantwild/images/squash powdery mildew/121.jpg,Squash___Powdery_mildew,Strawberry___Leaf_scorch,0.936617
plantwild/extracted/plantwild/images/squash powdery mildew/123.jpg,Squash___Powdery_mildew,"Pepper,_bell___healthy",0.559655
plantwild/extracted/plantwild/images/squash powdery mildew/129 - Copy.jpg,Squash___Powdery_mildew,Squash___Powdery_mildew,0.895708
plantwild/extracted/plantwild/images/squash powdery mildew/129.jpg,Squash___Powdery_mildew,Strawberry___Leaf_scorch,0.939476
plantwild/extracted/plantwild/images/squash powdery mildew/13.jpg,Squash___Powdery_mildew,Cherry___healthy,0.931499
plantwild/extracted/plantwild/images/squash powdery mildew/130.jpg,Squash___Powdery_mildew,Strawberry___Leaf_scorch,0.801854
plantwild/extracted/plantwild/images/squash powdery mildew/14.jpg,Squash___Powdery_mildew,Cherry___healthy,0.931971
plantwild/extracted/plantwild/images/squash powdery mildew/140.jpg,Squash___Powdery_mildew,Grape___Black_rot,0.337811
plantwild/extracted/plantwild/images/squash powdery mildew/15.jpg,Squash___Powdery_mildew,Squash___Powdery_mildew,0.799544
plantwild/extracted/plantwild/images/squash powdery mildew/152.jpg,Squash___Powdery_mildew,Strawberry___Leaf_scorch,0.910624
plantwild/extracted/plantwild/images/squash powdery mildew/16.jpg,Squash___Powdery_mildew,Strawberry___Leaf_scorch,0.858357
plantwild/extracted/plantwild/images/squash powdery mildew/17.jpg,Squash___Powdery_mildew,Squash___Powdery_mildew,0.921388
plantwild/extracted/plantwild/images/squash powdery mildew/170.jpg,Squash___Powdery_mildew,Strawberry___Leaf_scorch,0.848115
plantwild/extracted/plantwild/images/squash powdery mildew/172.jpg,Squash___Powdery_mildew,Squash___Powdery_mildew,0.406924
plantwild/extracted/plantwild/images/squash powdery mildew/178.jpg,Squash___Powdery_mildew,Squash___Powdery_mildew,0.950147
plantwild/extracted/plantwild/images/squash powdery mildew/18.jpg,Squash___Powdery_mildew,Cherry___healthy,0.840256
plantwild/extracted/plantwild/images/squash powdery mildew/183.jpg,Squash___Powdery_mildew,Cherry___healthy,0.644050
plantwild/extracted/plantwild/images/squash powdery mildew/19.jpg,Squash___Powdery_mildew,Cherry___healthy,0.934602
plantwild/extracted/plantwild/images/squash powdery mildew/2.jpg,Squash___Powdery_mildew,Strawberry___Leaf_scorch,0.947934
plantwild/extracted/plantwild/images/squash powdery mildew/20.jpg,Squash___Powdery_mildew,Squash___Powdery_mildew,0.767606
plantwild/extracted/plantwild/images/squash powdery mildew/21.jpg,Squash___Powdery_mildew,Squash___Powdery_mildew,0.891991
plantwild/extracted/plantwild/images/squash powdery mildew/22.jpg,Squash___Powdery_mildew,Squash___Powdery_mildew,0.938137
plantwild/extracted/plantwild/images/squash powdery mildew/23.jpg,Squash___Powdery_mildew,Cherry___healthy,0.320477
plantwild/extracted/plantwild/images/squash powdery mildew/24.jpg,Squash___Powdery_mildew,Cherry___healthy,0.892592
plantwild/extracted/plantwild/images/squash powdery mildew/25.jpg,Squash___Powdery_mildew,Strawberry___Leaf_scorch,0.701023
plantwild/extracted/plantwild/images/squash powdery mildew/28.jpg,Squash___Powdery_mildew,Squash___Powdery_mildew,0.745952
plantwild/extracted/plantwild/images/squash powdery mildew/29.jpg,Squash___Powdery_mildew,Grape___Esca_(Black_Measles),0.410999
plantwild/extracted/plantwild/images/squash powdery mildew/3.jpg,Squash___Powdery_mildew,Grape___Black_rot,0.357828
plantwild/extracted/plantwild/images/squash powdery mildew/30.jpg,Squash___Powdery_mildew,Strawberry___Leaf_scorch,0.334130
plantwild/extracted/plantwild/images/squash powdery mildew/31.jpg,Squash___Powdery_mildew,Tomato___Late_blight,0.938923
plantwild/extracted/plantwild/images/squash powdery mildew/32.jpg,Squash___Powdery_mildew,Cherry___healthy,0.820842
plantwild/extracted/plantwild/images/squash powdery mildew/33.jpg,Squash___Powdery_mildew,Strawberry___Leaf_scorch,0.603905
plantwild/extracted/plantwild/images/squash powdery mildew/34.jpg,Squash___Powdery_mildew,Corn___healthy,0.343115
plantwild/extracted/plantwild/images/squash powdery mildew/35.jpg,Squash___Powdery_mildew,Squash___Powdery_mildew,0.952810
plantwild/extracted/plantwild/images/squash powdery mildew/37.jpg,Squash___Powdery_mildew,"Pepper,_bell___healthy",0.940676
plantwild/extracted/plantwild/images/squash powdery mildew/38.jpg,Squash___Powdery_mildew,Strawberry___Leaf_scorch,0.435407
plantwild/extracted/plantwild/images/squash powdery mildew/39.jpg,Squash___Powdery_mildew,Squash___Powdery_mildew,0.924140
plantwild/extracted/plantwild/images/squash powdery mildew/4.jpg,Squash___Powdery_mildew,Cherry___healthy,0.926265
plantwild/extracted/plantwild/images/squash powdery mildew/40.jpg,Squash___Powdery_mildew,Squash___Powdery_mildew,0.431617
plantwild/extracted/plantwild/images/squash powdery mildew/41.jpg,Squash___Powdery_mildew,Strawberry___Leaf_scorch,0.923955
plantwild/extracted/plantwild/images/squash powdery mildew/42.jpg,Squash___Powdery_mildew,Tomato___Late_blight,0.614452
plantwild/extracted/plantwild/images/squash powdery mildew/44.jpg,Squash___Powdery_mildew,Strawberry___Leaf_scorch,0.849541
plantwild/extracted/plantwild/images/squash powdery mildew/45.jpg,Squash___Powdery_mildew,"Pepper,_bell___healthy",0.814629
plantwild/extracted/plantwild/images/squash powdery mildew/47.jpg,Squash___Powdery_mildew,Squash___Powdery_mildew,0.918795
plantwild/extracted/plantwild/images/squash powdery mildew/48.jpg,Squash___Powdery_mildew,Squash___Powdery_mildew,0.899322
plantwild/extracted/plantwild/images/squash powdery mildew/5.jpg,Squash___Powdery_mildew,Squash___Powdery_mildew,0.795419
plantwild/extracted/plantwild/images/squash powdery mildew/50.jpg,Squash___Powdery_mildew,Tomato___healthy,0.372309
plantwild/extracted/plantwild/images/squash powdery mildew/51.jpg,Squash___Powdery_mildew,Strawberry___Leaf_scorch,0.676367
plantwild/extracted/plantwild/images/squash powdery mildew/52.jpg,Squash___Powdery_mildew,Squash___Powdery_mildew,0.952030
plantwild/extracted/plantwild/images/squash powdery mildew/53.jpg,Squash___Powdery_mildew,Strawberry___Leaf_scorch,0.561460
plantwild/extracted/plantwild/images/squash powdery mildew/54.jpg,Squash___Powdery_mildew,Squash___Powdery_mildew,0.943943
plantwild/extracted/plantwild/images/squash powdery mildew/55.jpg,Squash___Powdery_mildew,Strawberry___Leaf_scorch,0.894007
plantwild/extracted/plantwild/images/squash powdery mildew/56.jpg,Squash___Powdery_mildew,Squash___Powdery_mildew,0.578477
plantwild/extracted/plantwild/images/squash powdery mildew/58.jpg,Squash___Powdery_mildew,Squash___Powdery_mildew,0.933962
plantwild/extracted/plantwild/images/squash powdery mildew/59.jpg,Squash___Powdery_mildew,"Pepper,_bell___healthy",0.924266
plantwild/extracted/plantwild/images/squash powdery mildew/6.jpg,Squash___Powdery_mildew,"Pepper,_bell___healthy",0.923323
plantwild/extracted/plantwild/images/squash powdery mildew/60.jpg,Squash___Powdery_mildew,Squash___Powdery_mildew,0.940887
plantwild/extracted/plantwild/images/squash powdery mildew/61.jpg,Squash___Powdery_mildew,Squash___Powdery_mildew,0.949787
plantwild/extracted/plantwild/images/squash powdery mildew/62.jpg,Squash___Powdery_mildew,Squash___Powdery_mildew,0.944756
plantwild/extracted/plantwild/images/squash powdery mildew/65.jpg,Squash___Powdery_mildew,Squash___Powdery_mildew,0.944505
plantwild/extracted/plantwild/images/squash powdery mildew/66.jpg,Squash___Powdery_mildew,"Pepper,_bell___healthy",0.894308
plantwild/extracted/plantwild/images/squash powdery mildew/68.jpg,Squash___Powdery_mildew,Tomato___Late_blight,0.352368
plantwild/extracted/plantwild/images/squash powdery mildew/69.jpg,Squash___Powdery_mildew,Squash___Powdery_mildew,0.812062
plantwild/extracted/plantwild/images/squash powdery mildew/7.jpg,Squash___Powdery_mildew,Cherry___healthy,0.874727
plantwild/extracted/plantwild/images/squash powdery mildew/71.jpg,Squash___Powdery_mildew,Tomato___Late_blight,0.944036
plantwild/extracted/plantwild/images/squash powdery mildew/72.jpg,Squash___Powdery_mildew,"Pepper,_bell___healthy",0.942240
plantwild/extracted/plantwild/images/squash powdery mildew/73.jpg,Squash___Powdery_mildew,Cherry___healthy,0.776455
plantwild/extracted/plantwild/images/squash powdery mildew/75.jpg,Squash___Powdery_mildew,Strawberry___Leaf_scorch,0.226045
plantwild/extracted/plantwild/images/squash powdery mildew/77.jpg,Squash___Powdery_mildew,"Pepper,_bell___healthy",0.904964
plantwild/extracted/plantwild/images/squash powdery mildew/78.jpg,Squash___Powdery_mildew,Cherry___healthy,0.897749
plantwild/extracted/plantwild/images/squash powdery mildew/79.jpg,Squash___Powdery_mildew,Strawberry___Leaf_scorch,0.400918
plantwild/extracted/plantwild/images/squash powdery mildew/8.jpg,Squash___Powdery_mildew,Squash___Powdery_mildew,0.821661
plantwild/extracted/plantwild/images/squash powdery mildew/81.jpg,Squash___Powdery_mildew,Squash___Powdery_mildew,0.944883
plantwild/extracted/plantwild/images/squash powdery mildew/82.jpg,Squash___Powdery_mildew,Strawberry___Leaf_scorch,0.634866
plantwild/extracted/plantwild/images/squash powdery mildew/83.jpg,Squash___Powdery_mildew,Corn___Common_rust,0.543478
plantwild/extracted/plantwild/images/squash powdery mildew/84.jpg,Squash___Powdery_mildew,Strawberry___Leaf_scorch,0.730476
plantwild/extracted/plantwild/images/squash powdery mildew/88.jpg,Squash___Powdery_mildew,Cherry___healthy,0.942919
plantwild/extracted/plantwild/images/squash powdery mildew/9.jpg,Squash___Powdery_mildew,Strawberry___Leaf_scorch,0.704881
plantwild/extracted/plantwild/images/squash powdery mildew/93.jpg,Squash___Powdery_mildew,Cherry___healthy,0.924800
plantwild/extracted/plantwild/images/squash powdery mildew/google_0000.jpg,Squash___Powdery_mildew,"Pepper,_bell___healthy",0.763290
plantwild/extracted/plantwild/images/squash powdery mildew/google_0001.jpg,Squash___Powdery_mildew,"Pepper,_bell___healthy",0.458946
plantwild/extracted/plantwild/images/squash powdery mildew/google_0002.jpg,Squash___Powdery_mildew,Squash___Powdery_mildew,0.667513
plantwild/extracted/plantwild/images/squash powdery mildew/google_0003.jpg,Squash___Powdery_mildew,Grape___healthy,0.274875
plantwild/extracted/plantwild/images/squash powdery mildew/google_0004.jpg,Squash___Powdery_mildew,"Pepper,_bell___healthy",0.786974
plantwild/extracted/plantwild/images/squash powdery mildew/google_0005.jpg,Squash___Powdery_mildew,Squash___Powdery_mildew,0.897148
plantwild/extracted/plantwild/images/squash powdery mildew/google_0006.jpg,Squash___Powdery_mildew,Corn___Cercospora_leaf_spot Gray_leaf_spot,0.494063
plantwild/extracted/plantwild/images/squash powdery mildew/google_0007.jpg,Squash___Powdery_mildew,Squash___Powdery_mildew,0.947340
plantwild/extracted/plantwild/images/squash powdery mildew/google_0008.jpg,Squash___Powdery_mildew,Squash___Powdery_mildew,0.920670
plantwild/extracted/plantwild/images/squash powdery mildew/google_0009.jpg,Squash___Powdery_mildew,Cherry___healthy,0.692510
plantwild/extracted/plantwild/images/squash powdery mildew/google_0010.jpg,Squash___Powdery_mildew,Squash___Powdery_mildew,0.948756
plantwild/extracted/plantwild/images/squash powdery mildew/google_0011.jpg,Squash___Powdery_mildew,Squash___Powdery_mildew,0.883261
plantwild/extracted/plantwild/images/squash powdery mildew/google_0013.jpg,Squash___Powdery_mildew,Squash___Powdery_mildew,0.921931
plantwild/extracted/plantwild/images/squash powdery mildew/google_0014.jpg,Squash___Powdery_mildew,Cherry___healthy,0.864428
plantwild/extracted/plantwild/images/squash powdery mildew/google_0016.jpg,Squash___Powdery_mildew,"Pepper,_bell___healthy",0.769252
plantwild/extracted/plantwild/images/squash powdery mildew/google_0017.jpg,Squash___Powdery_mildew,Corn___Cercospora_leaf_spot Gray_leaf_spot,0.583494
plantwild/extracted/plantwild/images/squash powdery mildew/google_0018.jpg,Squash___Powdery_mildew,Strawberry___Leaf_scorch,0.946873
plantwild/extracted/plantwild/images/squash powdery mildew/google_0019.jpg,Squash___Powdery_mildew,Cherry___healthy,0.792312
plantwild/extracted/plantwild/images/squash powdery mildew/google_0024.jpg,Squash___Powdery_mildew,"Pepper,_bell___healthy",0.559815
plantwild/extracted/plantwild/images/squash powdery mildew/google_0025.jpg,Squash___Powdery_mildew,Squash___Powdery_mildew,0.302027
plantwild/extracted/plantwild/images/squash powdery mildew/google_0026.jpg,Squash___Powdery_mildew,Grape___Esca_(Black_Measles),0.360972
plantwild/extracted/plantwild/images/squash powdery mildew/google_0027.jpg,Squash___Powdery_mildew,Squash___Powdery_mildew,0.892100
plantwild/extracted/plantwild/images/squash powdery mildew/google_0028.jpg,Squash___Powdery_mildew,Squash___Powdery_mildew,0.912112
plantwild/extracted/plantwild/images/squash powdery mildew/google_0029.jpg,Squash___Powdery_mildew,Squash___Powdery_mildew,0.650721
plantwild/extracted/plantwild/images/squash powdery mildew/google_0030.jpg,Squash___Powdery_mildew,Cherry___healthy,0.887053
plantwild/extracted/plantwild/images/squash powdery mildew/google_0031.jpg,Squash___Powdery_mildew,Cherry___healthy,0.914746
plantwild/extracted/plantwild/images/squash powdery mildew/google_0032.jpg,Squash___Powdery_mildew,Squash___Powdery_mildew,0.915916
plantwild/extracted/plantwild/images/squash powdery mildew/google_0033.jpg,Squash___Powdery_mildew,Squash___Powdery_mildew,0.664880
plantwild/extracted/plantwild/images/squash powdery mildew/google_0034.jpg,Squash___Powdery_mildew,Strawberry___Leaf_scorch,0.404107
plantwild/extracted/plantwild/images/squash powdery mildew/google_0035.jpg,Squash___Powdery_mildew,Squash___Powdery_mildew,0.948218
plantwild/extracted/plantwild/images/squash powdery mildew/google_0036.jpg,Squash___Powdery_mildew,Corn___Cercospora_leaf_spot Gray_leaf_spot,0.281532
plantwild/extracted/plantwild/images/squash powdery mildew/google_0039.jpg,Squash___Powdery_mildew,Cherry___healthy,0.672714
plantwild/extracted/plantwild/images/squash powdery mildew/google_0041.jpg,Squash___Powdery_mildew,Cherry___healthy,0.925066
plantwild/extracted/plantwild/images/squash powdery mildew/google_0042.jpg,Squash___Powdery_mildew,Strawberry___Leaf_scorch,0.315128
plantwild/extracted/plantwild/images/squash powdery mildew/google_0043.jpg,Squash___Powdery_mildew,Squash___Powdery_mildew,0.932194
plantwild/extracted/plantwild/images/squash powdery mildew/google_0044.jpg,Squash___Powdery_mildew,Strawberry___Leaf_scorch,0.945856
plantwild/extracted/plantwild/images/squash powdery mildew/google_0045.jpg,Squash___Powdery_mildew,Squash___Powdery_mildew,0.907575
plantwild/extracted/plantwild/images/squash powdery mildew/google_0047.jpg,Squash___Powdery_mildew,Strawberry___Leaf_scorch,0.865558
plantwild/extracted/plantwild/images/squash powdery mildew/google_0048.jpg,Squash___Powdery_mildew,Cherry___healthy,0.858178
plantwild/extracted/plantwild/images/squash powdery mildew/google_0049.jpg,Squash___Powdery_mildew,Squash___Powdery_mildew,0.807779
plantwild/extracted/plantwild/images/squash powdery mildew/google_0050.jpg,Squash___Powdery_mildew,Strawberry___Leaf_scorch,0.517884
plantwild/extracted/plantwild/images/squash powdery mildew/google_0051.jpg,Squash___Powdery_mildew,Cherry___healthy,0.591643
plantwild/extracted/plantwild/images/squash powdery mildew/google_0058.jpg,Squash___Powdery_mildew,Cherry___healthy,0.757785
plantwild/extracted/plantwild/images/squash powdery mildew/google_0059.jpg,Squash___Powdery_mildew,Strawberry___Leaf_scorch,0.246492
plantwild/extracted/plantwild/images/squash powdery mildew/google_0060.jpg,Squash___Powdery_mildew,"Pepper,_bell___healthy",0.864251
plantwild/extracted/plantwild/images/squash powdery mildew/google_0061.jpg,Squash___Powdery_mildew,"Pepper,_bell___healthy",0.822160
plantwild/extracted/plantwild/images/squash powdery mildew/google_0062.jpg,Squash___Powdery_mildew,Squash___Powdery_mildew,0.860576
plantwild/extracted/plantwild/images/squash powdery mildew/google_0063.jpg,Squash___Powdery_mildew,Cherry___healthy,0.809224
plantwild/extracted/plantwild/images/squash powdery mildew/google_0064.jpg,Squash___Powdery_mildew,Cherry___healthy,0.935788
plantwild/extracted/plantwild/images/squash powdery mildew/google_0065.jpg,Squash___Powdery_mildew,Tomato___healthy,0.879608
plantwild/extracted/plantwild/images/squash powdery mildew/google_0066.jpg,Squash___Powdery_mildew,Peach___Bacterial_spot,0.767594
plantwild/extracted/plantwild/images/squash powdery mildew/google_0068.jpg,Squash___Powdery_mildew,Squash___Powdery_mildew,0.929071
plantwild/extracted/plantwild/images/squash powdery mildew/google_0069.jpg,Squash___Powdery_mildew,Strawberry___Leaf_scorch,0.881210
plantwild/extracted/plantwild/images/squash powdery mildew/google_0070.jpg,Squash___Powdery_mildew,Cherry___healthy,0.661624
plantwild/extracted/plantwild/images/squash powdery mildew/google_0073.jpg,Squash___Powdery_mildew,Grape___Black_rot,0.249168
plantwild/extracted/plantwild/images/squash powdery mildew/google_0074.jpg,Squash___Powdery_mildew,Strawberry___Leaf_scorch,0.879009
plantwild/extracted/plantwild/images/squash powdery mildew/google_0075.jpg,Squash___Powdery_mildew,Corn___healthy,0.771412
plantwild/extracted/plantwild/images/squash powdery mildew/google_0076.jpg,Squash___Powdery_mildew,Squash___Powdery_mildew,0.461340
plantwild/extracted/plantwild/images/squash powdery mildew/google_0079.jpg,Squash___Powdery_mildew,Strawberry___Leaf_scorch,0.262715
plantwild/extracted/plantwild/images/squash powdery mildew/google_0080.jpg,Squash___Powdery_mildew,Squash___Powdery_mildew,0.950148
plantwild/extracted/plantwild/images/squash powdery mildew/google_0081.jpg,Squash___Powdery_mildew,Squash___Powdery_mildew,0.948631
plantwild/extracted/plantwild/images/squash powdery mildew/google_0082.jpg,Squash___Powdery_mildew,Strawberry___Leaf_scorch,0.725337
plantwild/extracted/plantwild/images/squash powdery mildew/google_0083.jpg,Squash___Powdery_mildew,Cherry___healthy,0.862092
plantwild/extracted/plantwild/images/squash powdery mildew/google_0093.jpg,Squash___Powdery_mildew,Cherry___healthy,0.712590
plantwild/extracted/plantwild/images/squash powdery mildew/google_0094.jpg,Squash___Powdery_mildew,Squash___Powdery_mildew,0.950488
plantwild/extracted/plantwild/images/squash powdery mildew/google_0098.jpg,Squash___Powdery_mildew,Cherry___healthy,0.207838
plantwild/extracted/plantwild/images/squash powdery mildew/google_0099.jpg,Squash___Powdery_mildew,Strawberry___Leaf_scorch,0.946477
plantwild/extracted/plantwild/images/squash powdery mildew/google_0100.jpg,Squash___Powdery_mildew,Squash___Powdery_mildew,0.939354
plantwild/extracted/plantwild/images/squash powdery mildew/google_0101.jpg,Squash___Powdery_mildew,Cherry___healthy,0.956507
plantwild/extracted/plantwild/images/squash powdery mildew/google_0102.jpg,Squash___Powdery_mildew,Strawberry___Leaf_scorch,0.696281
plantwild/extracted/plantwild/images/squash powdery mildew/google_0103.jpg,Squash___Powdery_mildew,Squash___Powdery_mildew,0.582512
plantwild/extracted/plantwild/images/squash powdery mildew/google_0104.jpg,Squash___Powdery_mildew,Squash___Powdery_mildew,0.923950
plantwild/extracted/plantwild/images/squash powdery mildew/google_0105.jpg,Squash___Powdery_mildew,Squash___Powdery_mildew,0.947404
plantwild/extracted/plantwild/images/squash powdery mildew/google_0106.jpg,Squash___Powdery_mildew,Squash___Powdery_mildew,0.777201
plantwild/extracted/plantwild/images/squash powdery mildew/google_0107.jpg,Squash___Powdery_mildew,Cherry___healthy,0.793725
plantwild/extracted/plantwild/images/squash powdery mildew/google_0109.jpg,Squash___Powdery_mildew,Strawberry___Leaf_scorch,0.898347
plantwild/extracted/plantwild/images/squash powdery mildew/google_0110.jpg,Squash___Powdery_mildew,Corn___healthy,0.543974
plantwild/extracted/plantwild/images/squash powdery mildew/google_0112.jpg,Squash___Powdery_mildew,Cherry___healthy,0.493556
plantwild/extracted/plantwild/images/squash powdery mildew/google_0119.jpg,Squash___Powdery_mildew,Squash___Powdery_mildew,0.844669
plantwild/extracted/plantwild/images/squash powdery mildew/google_0120.jpg,Squash___Powdery_mildew,Strawberry___Leaf_scorch,0.578867
plantwild/extracted/plantwild/images/squash powdery mildew/google_0122.jpg,Squash___Powdery_mildew,Cherry___healthy,0.665119
plantwild/extracted/plantwild/images/squash powdery mildew/google_0123.jpg,Squash___Powdery_mildew,Cherry___healthy,0.925691
plantwild/extracted/plantwild/images/squash powdery mildew/google_0124.jpg,Squash___Powdery_mildew,Strawberry___Leaf_scorch,0.851164
plantwild/extracted/plantwild/images/squash powdery mildew/google_0125.jpg,Squash___Powdery_mildew,Cherry___healthy,0.853428
plantwild/extracted/plantwild/images/squash powdery mildew/google_0126.jpg,Squash___Powdery_mildew,Squash___Powdery_mildew,0.812882
plantwild/extracted/plantwild/images/squash powdery mildew/google_0132.jpg,Squash___Powdery_mildew,Cherry___healthy,0.746914
plantwild/extracted/plantwild/images/squash powdery mildew/google_0133.jpg,Squash___Powdery_mildew,"Pepper,_bell___healthy",0.567446
plantwild/extracted/plantwild/images/squash powdery mildew/google_0134.jpg,Squash___Powdery_mildew,Strawberry___Leaf_scorch,0.397774
plantwild/extracted/plantwild/images/squash powdery mildew/google_0136.jpg,Squash___Powdery_mildew,Cherry___healthy,0.683416
plantwild/extracted/plantwild/images/squash powdery mildew/google_0138.jpg,Squash___Powdery_mildew,Cherry___healthy,0.892715
plantwild/extracted/plantwild/images/squash powdery mildew/google_0139.jpg,Squash___Powdery_mildew,Squash___Powdery_mildew,0.931078
plantwild/extracted/plantwild/images/squash powdery mildew/google_0142.jpg,Squash___Powdery_mildew,Strawberry___Leaf_scorch,0.267786
plantwild/extracted/plantwild/images/squash powdery mildew/google_0143.jpg,Squash___Powdery_mildew,Squash___Powdery_mildew,0.479955
plantwild/extracted/plantwild/images/squash powdery mildew/google_0144.jpg,Squash___Powdery_mildew,Tomato___Late_blight,0.848911
plantwild/extracted/plantwild/images/squash powdery mildew/google_0145.jpg,Squash___Powdery_mildew,Cherry___healthy,0.873969
plantwild/extracted/plantwild/images/squash powdery mildew/google_0146.jpg,Squash___Powdery_mildew,Cherry___healthy,0.828067
plantwild/extracted/plantwild/images/squash powdery mildew/google_0147.jpg,Squash___Powdery_mildew,Cherry___healthy,0.639407
plantwild/extracted/plantwild/images/squash powdery mildew/google_0148.jpg,Squash___Powdery_mildew,Corn___Cercospora_leaf_spot Gray_leaf_spot,0.630018
plantwild/extracted/plantwild/images/squash powdery mildew/google_0149.jpg,Squash___Powdery_mildew,Blueberry___healthy,0.169911
plantwild/extracted/plantwild/images/squash powdery mildew/google_0150.jpg,Squash___Powdery_mildew,Cherry___healthy,0.688476
plantwild/extracted/plantwild/images/squash powdery mildew/google_0151.jpg,Squash___Powdery_mildew,Squash___Powdery_mildew,0.927502
plantwild/extracted/plantwild/images/squash powdery mildew/google_0152.jpg,Squash___Powdery_mildew,Grape___Black_rot,0.596474
plantwild/extracted/plantwild/images/squash powdery mildew/google_0155.jpg,Squash___Powdery_mildew,Strawberry___Leaf_scorch,0.767089
plantwild/extracted/plantwild/images/squash powdery mildew/google_0156.jpg,Squash___Powdery_mildew,Cherry___healthy,0.609735
plantwild/extracted/plantwild/images/squash powdery mildew/google_0157.jpg,Squash___Powdery_mildew,Squash___Powdery_mildew,0.951582
plantwild/extracted/plantwild/images/squash powdery mildew/google_0158.jpg,Squash___Powdery_mildew,Cherry___healthy,0.804406
plantwild/extracted/plantwild/images/squash powdery mildew/google_0159.jpg,Squash___Powdery_mildew,Cherry___healthy,0.946953
plantwild/extracted/plantwild/images/squash powdery mildew/google_0161.jpg,Squash___Powdery_mildew,Cherry___healthy,0.736439
plantwild/extracted/plantwild/images/squash powdery mildew/google_0162.jpg,Squash___Powdery_mildew,"Pepper,_bell___healthy",0.797404
plantwild/extracted/plantwild/images/squash powdery mildew/google_0168.jpg,Squash___Powdery_mildew,Strawberry___Leaf_scorch,0.909919
plantwild/extracted/plantwild/images/squash powdery mildew/google_0169.jpg,Squash___Powdery_mildew,Squash___Powdery_mildew,0.952636
plantwild/extracted/plantwild/images/squash powdery mildew/google_0173.jpg,Squash___Powdery_mildew,Squash___Powdery_mildew,0.949306
plantwild/extracted/plantwild/images/squash powdery mildew/google_0174.jpg,Squash___Powdery_mildew,Squash___Powdery_mildew,0.321980
plantwild/extracted/plantwild/images/squash powdery mildew/google_0175.jpg,Squash___Powdery_mildew,Grape___Esca_(Black_Measles),0.561479
plantwild/extracted/plantwild/images/squash powdery mildew/google_0176.jpg,Squash___Powdery_mildew,Cherry___healthy,0.911642
plantwild/extracted/plantwild/images/squash powdery mildew/google_0180.jpg,Squash___Powdery_mildew,Strawberry___Leaf_scorch,0.829041
plantwild/extracted/plantwild/images/squash powdery mildew/google_0181.jpg,Squash___Powdery_mildew,Cherry___healthy,0.518917
plantwild/extracted/plantwild/images/squash powdery mildew/google_0182.jpg,Squash___Powdery_mildew,Cherry___healthy,0.840542
plantwild/extracted/plantwild/images/squash powdery mildew/google_0183.jpg,Squash___Powdery_mildew,Apple___healthy,0.190451
plantwild/extracted/plantwild/images/squash powdery mildew/google_0189.jpg,Squash___Powdery_mildew,Tomato___Late_blight,0.947970
plantwild/extracted/plantwild/images/squash powdery mildew/google_0190.jpg,Squash___Powdery_mildew,Cherry___healthy,0.901278
plantwild/extracted/plantwild/images/squash powdery mildew/google_0191.jpg,Squash___Powdery_mildew,Strawberry___Leaf_scorch,0.946609
plantwild/extracted/plantwild/images/squash powdery mildew/google_0192.jpg,Squash___Powdery_mildew,Cherry___healthy,0.648337
plantwild/extracted/plantwild/images/squash powdery mildew/google_0193.jpg,Squash___Powdery_mildew,Grape___Black_rot,0.818250
plantwild/extracted/plantwild/images/squash powdery mildew/google_0196.jpg,Squash___Powdery_mildew,Cherry___healthy,0.820573
plantwild/extracted/plantwild/images/squash powdery mildew/google_0198.jpg,Squash___Powdery_mildew,Strawberry___Leaf_scorch,0.928038
plantwild/extracted/plantwild/images/squash powdery mildew/google_0201.jpg,Squash___Powdery_mildew,Strawberry___Leaf_scorch,0.459350
plantwild/extracted/plantwild/images/squash powdery mildew/google_0202.jpg,Squash___Powdery_mildew,Cherry___healthy,0.896793
plantwild/extracted/plantwild/images/squash powdery mildew/google_0208.jpg,Squash___Powdery_mildew,Cherry___healthy,0.805008
plantwild/extracted/plantwild/images/squash powdery mildew/google_0209.jpg,Squash___Powdery_mildew,Corn___Common_rust,0.231800
plantwild/extracted/plantwild/images/squash powdery mildew/google_0210.jpg,Squash___Powdery_mildew,Grape___Black_rot,0.793369
plantwild/extracted/plantwild/images/squash powdery mildew/google_0213.jpg,Squash___Powdery_mildew,Squash___Powdery_mildew,0.947546
plantwild/extracted/plantwild/images/squash powdery mildew/google_0214.jpg,Squash___Powdery_mildew,Cherry___healthy,0.782023
plantwild/extracted/plantwild/images/squash powdery mildew/google_0215.jpg,Squash___Powdery_mildew,Squash___Powdery_mildew,0.934372
plantwild/extracted/plantwild/images/squash powdery mildew/google_0217.jpg,Squash___Powdery_mildew,"Pepper,_bell___healthy",0.950228
plantwild/extracted/plantwild/images/squash powdery mildew/google_0218.jpg,Squash___Powdery_mildew,Grape___Black_rot,0.857007
plantwild/extracted/plantwild/images/squash powdery mildew/google_0226.jpg,Squash___Powdery_mildew,Grape___Esca_(Black_Measles),0.937444
plantwild/extracted/plantwild/images/squash powdery mildew/google_0227.jpg,Squash___Powdery_mildew,Grape___Black_rot,0.698181
plantwild/extracted/plantwild/images/squash powdery mildew/google_0228.jpg,Squash___Powdery_mildew,Strawberry___Leaf_scorch,0.798834
plantwild/extracted/plantwild/images/squash powdery mildew/google_0233.jpg,Squash___Powdery_mildew,Cherry___healthy,0.748487
plantwild/extracted/plantwild/images/squash powdery mildew/google_0236.jpg,Squash___Powdery_mildew,Squash___Powdery_mildew,0.708387
plantwild/extracted/plantwild/images/squash powdery mildew/google_0244.jpg,Squash___Powdery_mildew,Cherry___healthy,0.499167
plantwild/extracted/plantwild/images/squash powdery mildew/google_0247.jpg,Squash___Powdery_mildew,Squash___Powdery_mildew,0.935437
plantwild/extracted/plantwild/images/squash powdery mildew/google_0248.jpg,Squash___Powdery_mildew,Squash___Powdery_mildew,0.943741
plantwild/extracted/plantwild/images/squash powdery mildew/google_0249.jpg,Squash___Powdery_mildew,Strawberry___Leaf_scorch,0.918783
plantwild/extracted/plantwild/images/squash powdery mildew/google_0252.jpg,Squash___Powdery_mildew,Cherry___healthy,0.332462
plantwild/extracted/plantwild/images/squash powdery mildew/google_0256.jpg,Squash___Powdery_mildew,Strawberry___Leaf_scorch,0.941130
plantwild/extracted/plantwild/images/squash powdery mildew/google_0258.jpg,Squash___Powdery_mildew,Strawberry___Leaf_scorch,0.594734
plantwild/extracted/plantwild/images/squash powdery mildew/google_0263.jpg,Squash___Powdery_mildew,Tomato___Early_blight,0.858212
plantwild/extracted/plantwild/images/squash powdery mildew/google_0266.jpg,Squash___Powdery_mildew,Cherry___healthy,0.943170
plantwild/extracted/plantwild/images/squash powdery mildew/google_0274.jpg,Squash___Powdery_mildew,Strawberry___Leaf_scorch,0.947360
plantwild/extracted/plantwild/images/squash powdery mildew/google_0275.jpg,Squash___Powdery_mildew,Squash___Powdery_mildew,0.940461
plantwild/extracted/plantwild/images/squash powdery mildew/google_0284.jpg,Squash___Powdery_mildew,Strawberry___Leaf_scorch,0.525499
plantwild/extracted/plantwild/images/squash powdery mildew/google_0285.jpg,Squash___Powdery_mildew,Strawberry___Leaf_scorch,0.941636
plantwild/extracted/plantwild/images/squash powdery mildew/google_0286.jpg,Squash___Powdery_mildew,Strawberry___Leaf_scorch,0.344527
plantwild/extracted/plantwild/images/squash powdery mildew/google_0287.jpg,Squash___Powdery_mildew,Tomato___Early_blight,0.524237
plantwild/extracted/plantwild/images/squash powdery mildew/google_0290.jpg,Squash___Powdery_mildew,Grape___Black_rot,0.938151
plantwild/extracted/plantwild/images/squash powdery mildew/google_0291.jpg,Squash___Powdery_mildew,Squash___Powdery_mildew,0.920659
plantwild/extracted/plantwild/images/squash powdery mildew/google_0295.jpg,Squash___Powdery_mildew,Grape___Black_rot,0.485781
plantwild/extracted/plantwild/images/squash powdery mildew/google_0298.jpg,Squash___Powdery_mildew,Strawberry___Leaf_scorch,0.857653
plantwild/extracted/plantwild/images/squash powdery mildew/google_0299.jpg,Squash___Powdery_mildew,Strawberry___Leaf_scorch,0.677994
plantwild/extracted/plantwild/images/squash powdery mildew/google_0304.jpg,Squash___Powdery_mildew,Strawberry___Leaf_scorch,0.945620
plantwild/extracted/plantwild/images/squash powdery mildew/google_0308.jpg,Squash___Powdery_mildew,Squash___Powdery_mildew,0.501373
plantwild/extracted/plantwild/images/squash powdery mildew/google_0309.jpg,Squash___Powdery_mildew,Tomato___healthy,0.316974
plantwild/extracted/plantwild/images/squash powdery mildew/google_0312.jpg,Squash___Powdery_mildew,Squash___Powdery_mildew,0.947157
plantwild/extracted/plantwild/images/squash powdery mildew/google_0315.jpg,Squash___Powdery_mildew,Cherry___healthy,0.951033
plantwild/extracted/plantwild/images/squash powdery mildew/google_0325.jpg,Squash___Powdery_mildew,Strawberry___Leaf_scorch,0.746381
plantwild/extracted/plantwild/images/squash powdery mildew/google_0326.jpg,Squash___Powdery_mildew,Cherry___healthy,0.817572
plantwild/extracted/plantwild/images/squash powdery mildew/google_0327.jpg,Squash___Powdery_mildew,Corn___Northern_Leaf_Blight,0.121093
plantwild/extracted/plantwild/images/squash powdery mildew/google_0329.jpg,Squash___Powdery_mildew,Strawberry___Leaf_scorch,0.915382
plantwild/extracted/plantwild/images/squash powdery mildew/google_0331.jpg,Squash___Powdery_mildew,Squash___Powdery_mildew,0.640175
plantwild/extracted/plantwild/images/squash powdery mildew/google_0350.jpg,Squash___Powdery_mildew,Squash___Powdery_mildew,0.942071
plantwild/extracted/plantwild/images/squash powdery mildew/google_0354.jpg,Squash___Powdery_mildew,Corn___Cercospora_leaf_spot Gray_leaf_spot,0.586651
plantwild/extracted/plantwild/images/squash powdery mildew/google_0358.jpg,Squash___Powdery_mildew,Grape___Black_rot,0.906580
plantwild/extracted/plantwild/images/squash powdery mildew/google_0362.jpg,Squash___Powdery_mildew,Cherry___healthy,0.929946
plantwild/extracted/plantwild/images/squash powdery mildew/google_0363.jpg,Squash___Powdery_mildew,Cherry___healthy,0.886804
plantwild/extracted/plantwild/images/squash powdery mildew/google_0364.jpg,Squash___Powdery_mildew,Strawberry___Leaf_scorch,0.698673
plantwild/extracted/plantwild/images/squash powdery mildew/google_0365.jpg,Squash___Powdery_mildew,Strawberry___Leaf_scorch,0.950676
plantwild/extracted/plantwild/images/squash powdery mildew/google_0370.jpg,Squash___Powdery_mildew,Cherry___healthy,0.830280
plantwild/extracted/plantwild/images/squash powdery mildew/google_0374.jpg,Squash___Powdery_mildew,Squash___Powdery_mildew,0.947859
plantwild/extracted/plantwild/images/squash powdery mildew/google_0375.jpg,Squash___Powdery_mildew,Cherry___healthy,0.704167
plantwild/extracted/plantwild/images/squash powdery mildew/google_0376.jpg,Squash___Powdery_mildew,Squash___Powdery_mildew,0.904684
plantwild/extracted/plantwild/images/squash powdery mildew/google_0377.jpg,Squash___Powdery_mildew,Cherry___healthy,0.511544
plantwild/extracted/plantwild/images/squash powdery mildew/google_0378.jpg,Squash___Powdery_mildew,Squash___Powdery_mildew,0.702640
plantwild/extracted/plantwild/images/squash powdery mildew/google_0388.jpg,Squash___Powdery_mildew,Tomato___Early_blight,0.370359
plantwild/extracted/plantwild/images/squash powdery mildew/google_0389.jpg,Squash___Powdery_mildew,Cherry___healthy,0.404231
plantwild/extracted/plantwild/images/squash powdery mildew/google_0397.jpg,Squash___Powdery_mildew,Tomato___healthy,0.487838
plantwild/extracted/plantwild/images/squash powdery mildew/google_0410.jpg,Squash___Powdery_mildew,Grape___Black_rot,0.935664
plantwild/extracted/plantwild/images/strawberry leaf/1.jpg,Strawberry___healthy,Strawberry___Leaf_scorch,0.901480
plantwild/extracted/plantwild/images/strawberry leaf/10.jpg,Strawberry___healthy,Tomato___Early_blight,0.341752
plantwild/extracted/plantwild/images/strawberry leaf/11.jpg,Strawberry___healthy,Tomato___Septoria_leaf_spot,0.193006
plantwild/extracted/plantwild/images/strawberry leaf/12.jpg,Strawberry___healthy,Tomato___Early_blight,0.224830
plantwild/extracted/plantwild/images/strawberry leaf/13.jpg,Strawberry___healthy,Strawberry___Leaf_scorch,0.874746
plantwild/extracted/plantwild/images/strawberry leaf/14.jpg,Strawberry___healthy,Tomato___Septoria_leaf_spot,0.174879
plantwild/extracted/plantwild/images/strawberry leaf/15.jpg,Strawberry___healthy,Strawberry___Leaf_scorch,0.949062
plantwild/extracted/plantwild/images/strawberry leaf/16.jpg,Strawberry___healthy,Tomato___Septoria_leaf_spot,0.226750
plantwild/extracted/plantwild/images/strawberry leaf/17.jpg,Strawberry___healthy,Tomato___Early_blight,0.549801
plantwild/extracted/plantwild/images/strawberry leaf/18.jpg,Strawberry___healthy,Cherry___healthy,0.893492
plantwild/extracted/plantwild/images/strawberry leaf/19.jpg,Strawberry___healthy,Tomato___Septoria_leaf_spot,0.242699
plantwild/extracted/plantwild/images/strawberry leaf/2.jpg,Strawberry___healthy,Tomato___Late_blight,0.744867
plantwild/extracted/plantwild/images/strawberry leaf/20.jpg,Strawberry___healthy,"Pepper,_bell___healthy",0.924482
plantwild/extracted/plantwild/images/strawberry leaf/21.jpg,Strawberry___healthy,Strawberry___Leaf_scorch,0.929392
plantwild/extracted/plantwild/images/strawberry leaf/22.jpg,Strawberry___healthy,Corn___healthy,0.450328
plantwild/extracted/plantwild/images/strawberry leaf/23.jpg,Strawberry___healthy,Cherry___healthy,0.701613
plantwild/extracted/plantwild/images/strawberry leaf/24.jpg,Strawberry___healthy,Tomato___Septoria_leaf_spot,0.210591
plantwild/extracted/plantwild/images/strawberry leaf/25.jpg,Strawberry___healthy,Cherry___healthy,0.884096
plantwild/extracted/plantwild/images/strawberry leaf/26.jpg,Strawberry___healthy,Tomato___Septoria_leaf_spot,0.181192
plantwild/extracted/plantwild/images/strawberry leaf/27.jpg,Strawberry___healthy,Strawberry___Leaf_scorch,0.950641
plantwild/extracted/plantwild/images/strawberry leaf/28.jpg,Strawberry___healthy,Tomato___Septoria_leaf_spot,0.135371
plantwild/extracted/plantwild/images/strawberry leaf/29.jpg,Strawberry___healthy,"Pepper,_bell___healthy",0.502289
plantwild/extracted/plantwild/images/strawberry leaf/3.jpg,Strawberry___healthy,Strawberry___Leaf_scorch,0.542583
plantwild/extracted/plantwild/images/strawberry leaf/30.jpg,Strawberry___healthy,Tomato___Septoria_leaf_spot,0.251045
plantwild/extracted/plantwild/images/strawberry leaf/31.jpg,Strawberry___healthy,Tomato___Septoria_leaf_spot,0.235415
plantwild/extracted/plantwild/images/strawberry leaf/32.jpg,Strawberry___healthy,Tomato___Septoria_leaf_spot,0.291308
plantwild/extracted/plantwild/images/strawberry leaf/33.jpg,Strawberry___healthy,Tomato___Early_blight,0.457116
plantwild/extracted/plantwild/images/strawberry leaf/34.jpg,Strawberry___healthy,Strawberry___Leaf_scorch,0.948837
plantwild/extracted/plantwild/images/strawberry leaf/35.jpg,Strawberry___healthy,Tomato___Septoria_leaf_spot,0.219582
plantwild/extracted/plantwild/images/strawberry leaf/36.jpg,Strawberry___healthy,Tomato___Septoria_leaf_spot,0.252298
plantwild/extracted/plantwild/images/strawberry leaf/37.jpg,Strawberry___healthy,Strawberry___Leaf_scorch,0.942051
plantwild/extracted/plantwild/images/strawberry leaf/38.jpg,Strawberry___healthy,Strawberry___Leaf_scorch,0.832705
plantwild/extracted/plantwild/images/strawberry leaf/39.jpg,Strawberry___healthy,Cherry___healthy,0.711047
plantwild/extracted/plantwild/images/strawberry leaf/4.jpg,Strawberry___healthy,Tomato___Septoria_leaf_spot,0.164962
plantwild/extracted/plantwild/images/strawberry leaf/40.jpg,Strawberry___healthy,Strawberry___Leaf_scorch,0.946862
plantwild/extracted/plantwild/images/strawberry leaf/41.jpg,Strawberry___healthy,Tomato___Septoria_leaf_spot,0.275413
plantwild/extracted/plantwild/images/strawberry leaf/42.jpg,Strawberry___healthy,Tomato___Septoria_leaf_spot,0.272258
plantwild/extracted/plantwild/images/strawberry leaf/43.jpg,Strawberry___healthy,Tomato___Septoria_leaf_spot,0.228299
plantwild/extracted/plantwild/images/strawberry leaf/44.jpg,Strawberry___healthy,Strawberry___Leaf_scorch,0.947223
plantwild/extracted/plantwild/images/strawberry leaf/45.jpg,Strawberry___healthy,Tomato___Early_blight,0.205304
plantwild/extracted/plantwild/images/strawberry leaf/46.jpg,Strawberry___healthy,Corn___healthy,0.447873
plantwild/extracted/plantwild/images/strawberry leaf/47.jpg,Strawberry___healthy,Strawberry___Leaf_scorch,0.938514
plantwild/extracted/plantwild/images/strawberry leaf/48.jpg,Strawberry___healthy,Tomato___Septoria_leaf_spot,0.209659
plantwild/extracted/plantwild/images/strawberry leaf/49.jpg,Strawberry___healthy,Tomato___Septoria_leaf_spot,0.132622
plantwild/extracted/plantwild/images/strawberry leaf/5.jpg,Strawberry___healthy,Tomato___Septoria_leaf_spot,0.149673
plantwild/extracted/plantwild/images/strawberry leaf/50.jpg,Strawberry___healthy,Cherry___healthy,0.945597
plantwild/extracted/plantwild/images/strawberry leaf/52.jpg,Strawberry___healthy,Tomato___Septoria_leaf_spot,0.174883
plantwild/extracted/plantwild/images/strawberry leaf/53.jpg,Strawberry___healthy,Strawberry___Leaf_scorch,0.838388
plantwild/extracted/plantwild/images/strawberry leaf/54.jpg,Strawberry___healthy,"Pepper,_bell___healthy",0.920722
plantwild/extracted/plantwild/images/strawberry leaf/56.jpg,Strawberry___healthy,Tomato___Early_blight,0.266434
plantwild/extracted/plantwild/images/strawberry leaf/57.jpg,Strawberry___healthy,Strawberry___Leaf_scorch,0.950102
plantwild/extracted/plantwild/images/strawberry leaf/58.jpg,Strawberry___healthy,Strawberry___Leaf_scorch,0.953437
plantwild/extracted/plantwild/images/strawberry leaf/59.jpg,Strawberry___healthy,Tomato___Early_blight,0.655471
plantwild/extracted/plantwild/images/strawberry leaf/6.jpg,Strawberry___healthy,Tomato___Septoria_leaf_spot,0.192075
plantwild/extracted/plantwild/images/strawberry leaf/60.jpg,Strawberry___healthy,Corn___healthy,0.916315
plantwild/extracted/plantwild/images/strawberry leaf/61.jpg,Strawberry___healthy,Strawberry___Leaf_scorch,0.944181
plantwild/extracted/plantwild/images/strawberry leaf/62.jpg,Strawberry___healthy,Strawberry___Leaf_scorch,0.499927
plantwild/extracted/plantwild/images/strawberry leaf/63.jpg,Strawberry___healthy,Cherry___healthy,0.877756
plantwild/extracted/plantwild/images/strawberry leaf/64.jpg,Strawberry___healthy,Tomato___Septoria_leaf_spot,0.212137
plantwild/extracted/plantwild/images/strawberry leaf/66.jpg,Strawberry___healthy,Tomato___Early_blight,0.581420
plantwild/extracted/plantwild/images/strawberry leaf/67.jpg,Strawberry___healthy,Tomato___Septoria_leaf_spot,0.232806
plantwild/extracted/plantwild/images/strawberry leaf/68.jpg,Strawberry___healthy,Strawberry___Leaf_scorch,0.923955
plantwild/extracted/plantwild/images/strawberry leaf/69.jpg,Strawberry___healthy,Strawberry___Leaf_scorch,0.941068
plantwild/extracted/plantwild/images/strawberry leaf/7.jpg,Strawberry___healthy,Cherry___healthy,0.784760
plantwild/extracted/plantwild/images/strawberry leaf/70.jpg,Strawberry___healthy,Strawberry___Leaf_scorch,0.946463
plantwild/extracted/plantwild/images/strawberry leaf/71.jpg,Strawberry___healthy,Strawberry___Leaf_scorch,0.485458
plantwild/extracted/plantwild/images/strawberry leaf/72.jpg,Strawberry___healthy,Strawberry___Leaf_scorch,0.502458
plantwild/extracted/plantwild/images/strawberry leaf/75.jpg,Strawberry___healthy,Cherry___healthy,0.684554
plantwild/extracted/plantwild/images/strawberry leaf/76.jpg,Strawberry___healthy,Tomato___Septoria_leaf_spot,0.268940
plantwild/extracted/plantwild/images/strawberry leaf/77.jpg,Strawberry___healthy,Tomato___Early_blight,0.394179
plantwild/extracted/plantwild/images/strawberry leaf/8.jpg,Strawberry___healthy,Tomato___Early_blight,0.320862
plantwild/extracted/plantwild/images/strawberry leaf/80.jpg,Strawberry___healthy,Tomato___Early_blight,0.471659
plantwild/extracted/plantwild/images/strawberry leaf/9.jpg,Strawberry___healthy,Tomato___Early_blight,0.257683
plantwild/extracted/plantwild/images/strawberry leaf/google_0001.jpg,Strawberry___healthy,Strawberry___healthy,0.862662
plantwild/extracted/plantwild/images/strawberry leaf/google_0004.jpg,Strawberry___healthy,Cherry___healthy,0.921892
plantwild/extracted/plantwild/images/strawberry leaf/google_0006.jpg,Strawberry___healthy,Strawberry___Leaf_scorch,0.950383
plantwild/extracted/plantwild/images/strawberry leaf/google_0007.jpg,Strawberry___healthy,Tomato___Early_blight,0.654154
plantwild/extracted/plantwild/images/strawberry leaf/google_0015.jpg,Strawberry___healthy,"Pepper,_bell___healthy",0.468637
plantwild/extracted/plantwild/images/strawberry leaf/google_0018.jpg,Strawberry___healthy,Tomato___Early_blight,0.435896
plantwild/extracted/plantwild/images/strawberry leaf/google_0022.jpg,Strawberry___healthy,"Pepper,_bell___healthy",0.505736
plantwild/extracted/plantwild/images/strawberry leaf/google_0038.jpg,Strawberry___healthy,Tomato___Septoria_leaf_spot,0.306603
plantwild/extracted/plantwild/images/strawberry leaf/google_0044.jpg,Strawberry___healthy,Tomato___Septoria_leaf_spot,0.158172
plantwild/extracted/plantwild/images/strawberry leaf/google_0046.jpg,Strawberry___healthy,Grape___Black_rot,0.612831
plantwild/extracted/plantwild/images/strawberry leaf/google_0051.jpg,Strawberry___healthy,Tomato___Septoria_leaf_spot,0.351010
plantwild/extracted/plantwild/images/strawberry leaf/google_0054.jpg,Strawberry___healthy,Tomato___Early_blight,0.168335
plantwild/extracted/plantwild/images/strawberry leaf/google_0057.jpg,Strawberry___healthy,Tomato___Early_blight,0.304303
plantwild/extracted/plantwild/images/strawberry leaf/google_0064.jpg,Strawberry___healthy,Strawberry___Leaf_scorch,0.939763
plantwild/extracted/plantwild/images/strawberry leaf/google_0070.jpg,Strawberry___healthy,Tomato___Early_blight,0.532415
plantwild/extracted/plantwild/images/strawberry leaf/google_0075.jpg,Strawberry___healthy,Tomato___Early_blight,0.432177
plantwild/extracted/plantwild/images/strawberry leaf/google_0076.jpg,Strawberry___healthy,Strawberry___Leaf_scorch,0.951044
plantwild/extracted/plantwild/images/strawberry leaf/google_0079.jpg,Strawberry___healthy,"Pepper,_bell___healthy",0.845630
plantwild/extracted/plantwild/images/strawberry leaf/google_0080.jpg,Strawberry___healthy,Tomato___Early_blight,0.297930
plantwild/extracted/plantwild/images/strawberry leaf/google_0082.jpg,Strawberry___healthy,Strawberry___Leaf_scorch,0.765005
plantwild/extracted/plantwild/images/strawberry leaf/google_0083.jpg,Strawberry___healthy,Tomato___healthy,0.678433
plantwild/extracted/plantwild/images/strawberry leaf/google_0086.jpg,Strawberry___healthy,Strawberry___Leaf_scorch,0.236156
plantwild/extracted/plantwild/images/strawberry leaf/google_0089.jpg,Strawberry___healthy,Tomato___Septoria_leaf_spot,0.316350
plantwild/extracted/plantwild/images/strawberry leaf/google_0099.jpg,Strawberry___healthy,Tomato___healthy,0.469860
plantwild/extracted/plantwild/images/strawberry leaf/google_0101.jpg,Strawberry___healthy,Tomato___Early_blight,0.462381
plantwild/extracted/plantwild/images/strawberry leaf/google_0106.jpg,Strawberry___healthy,Tomato___healthy,0.386037
plantwild/extracted/plantwild/images/strawberry leaf/google_0109.jpg,Strawberry___healthy,Tomato___Septoria_leaf_spot,0.357020
plantwild/extracted/plantwild/images/strawberry leaf/google_0116.jpg,Strawberry___healthy,Tomato___Septoria_leaf_spot,0.189861
plantwild/extracted/plantwild/images/strawberry leaf/google_0127.jpg,Strawberry___healthy,Squash___Powdery_mildew,0.586361
plantwild/extracted/plantwild/images/strawberry leaf/google_0128.jpg,Strawberry___healthy,Tomato___Early_blight,0.395833
plantwild/extracted/plantwild/images/strawberry leaf/google_0132.jpg,Strawberry___healthy,Tomato___Septoria_leaf_spot,0.219009
plantwild/extracted/plantwild/images/strawberry leaf/google_0140.jpg,Strawberry___healthy,Tomato___Septoria_leaf_spot,0.212627
plantwild/extracted/plantwild/images/strawberry leaf/google_0142.jpg,Strawberry___healthy,"Pepper,_bell___healthy",0.739465
plantwild/extracted/plantwild/images/strawberry leaf/google_0163.jpg,Strawberry___healthy,Strawberry___Leaf_scorch,0.413077
plantwild/extracted/plantwild/images/strawberry leaf/google_0168.jpg,Strawberry___healthy,Corn___healthy,0.814328
plantwild/extracted/plantwild/images/strawberry leaf/google_0178.jpg,Strawberry___healthy,Tomato___Early_blight,0.274171
plantwild/extracted/plantwild/images/strawberry leaf/google_0186.jpg,Strawberry___healthy,Tomato___Early_blight,0.166271
plantwild/extracted/plantwild/images/strawberry leaf/google_0187.jpg,Strawberry___healthy,Tomato___Septoria_leaf_spot,0.178054
plantwild/extracted/plantwild/images/strawberry leaf/google_0189.jpg,Strawberry___healthy,Tomato___Late_blight,0.324000
plantwild/extracted/plantwild/images/strawberry leaf/google_0197.jpg,Strawberry___healthy,Cherry___healthy,0.506715
plantwild/extracted/plantwild/images/strawberry leaf/google_0201.jpg,Strawberry___healthy,Tomato___Early_blight,0.205031
plantwild/extracted/plantwild/images/strawberry leaf/google_0207.jpg,Strawberry___healthy,Tomato___Septoria_leaf_spot,0.221918
plantwild/extracted/plantwild/images/strawberry leaf/google_0210.jpg,Strawberry___healthy,Grape___Esca_(Black_Measles),0.743268
plantwild/extracted/plantwild/images/strawberry leaf/google_0215.jpg,Strawberry___healthy,Corn___healthy,0.273172
plantwild/extracted/plantwild/images/strawberry leaf/google_0216.jpg,Strawberry___healthy,Raspberry___healthy,0.240934
plantwild/extracted/plantwild/images/strawberry leaf/google_0217.jpg,Strawberry___healthy,"Pepper,_bell___healthy",0.655476
plantwild/extracted/plantwild/images/strawberry leaf/google_0222.jpg,Strawberry___healthy,Tomato___Early_blight,0.293242
plantwild/extracted/plantwild/images/strawberry leaf/google_0230.jpg,Strawberry___healthy,Tomato___Septoria_leaf_spot,0.126676
plantwild/extracted/plantwild/images/strawberry leaf/google_0239.jpg,Strawberry___healthy,"Pepper,_bell___healthy",0.894529
plantwild/extracted/plantwild/images/strawberry leaf/google_0240.jpg,Strawberry___healthy,Grape___Esca_(Black_Measles),0.395586
plantwild/extracted/plantwild/images/strawberry leaf/google_0241.jpg,Strawberry___healthy,Tomato___Septoria_leaf_spot,0.236542
plantwild/extracted/plantwild/images/strawberry leaf/google_0244.jpg,Strawberry___healthy,Tomato___Early_blight,0.155899
plantwild/extracted/plantwild/images/strawberry leaf/google_0245.jpg,Strawberry___healthy,Tomato___Early_blight,0.444138
plantwild/extracted/plantwild/images/strawberry leaf/google_0254.jpg,Strawberry___healthy,Cherry___healthy,0.639588
plantwild/extracted/plantwild/images/strawberry leaf/google_0255.jpg,Strawberry___healthy,Tomato___Septoria_leaf_spot,0.245900
plantwild/extracted/plantwild/images/strawberry leaf/google_0256.jpg,Strawberry___healthy,Strawberry___Leaf_scorch,0.889449
plantwild/extracted/plantwild/images/strawberry leaf/google_0258.jpg,Strawberry___healthy,Strawberry___Leaf_scorch,0.910417
plantwild/extracted/plantwild/images/strawberry leaf/google_0260.jpg,Strawberry___healthy,Strawberry___Leaf_scorch,0.948063
plantwild/extracted/plantwild/images/strawberry leaf/google_0264.jpg,Strawberry___healthy,Strawberry___Leaf_scorch,0.952666
plantwild/extracted/plantwild/images/strawberry leaf/google_0276.jpg,Strawberry___healthy,Strawberry___Leaf_scorch,0.946313
plantwild/extracted/plantwild/images/strawberry leaf/google_0277.jpg,Strawberry___healthy,Corn___healthy,0.941692
plantwild/extracted/plantwild/images/strawberry leaf/google_0278.jpg,Strawberry___healthy,Strawberry___Leaf_scorch,0.411914
plantwild/extracted/plantwild/images/strawberry leaf/google_0290.jpg,Strawberry___healthy,Tomato___healthy,0.648133
plantwild/extracted/plantwild/images/strawberry leaf/google_0294.jpg,Strawberry___healthy,Tomato___Early_blight,0.247947
plantwild/extracted/plantwild/images/strawberry leaf/google_0296.jpg,Strawberry___healthy,"Pepper,_bell___healthy",0.665012
plantwild/extracted/plantwild/images/strawberry leaf/google_0306.jpg,Strawberry___healthy,Cherry___healthy,0.950456
plantwild/extracted/plantwild/images/strawberry leaf/google_0319.jpg,Strawberry___healthy,Strawberry___Leaf_scorch,0.947902
plantwild/extracted/plantwild/images/strawberry leaf/google_0324.jpg,Strawberry___healthy,Tomato___healthy,0.346014
plantwild/extracted/plantwild/images/strawberry leaf/google_0330.jpg,Strawberry___healthy,Strawberry___Leaf_scorch,0.852789
plantwild/extracted/plantwild/images/strawberry leaf/google_0338.jpg,Strawberry___healthy,Corn___healthy,0.916947
plantwild/extracted/plantwild/images/strawberry leaf/google_0342.jpg,Strawberry___healthy,Tomato___Early_blight,0.319758
plantwild/extracted/plantwild/images/strawberry leaf/google_0346.jpg,Strawberry___healthy,Corn___healthy,0.756653
plantwild/extracted/plantwild/images/strawberry leaf/google_0363.jpg,Strawberry___healthy,Cherry___healthy,0.637312
plantwild/extracted/plantwild/images/strawberry leaf/google_0366.jpg,Strawberry___healthy,Tomato___Septoria_leaf_spot,0.242064
plantwild/extracted/plantwild/images/strawberry leaf/google_0368.jpg,Strawberry___healthy,Tomato___Early_blight,0.313448
plantwild/extracted/plantwild/images/strawberry leaf/google_0373.jpg,Strawberry___healthy,Strawberry___Leaf_scorch,0.945272
plantwild/extracted/plantwild/images/strawberry leaf/google_0381.jpg,Strawberry___healthy,Strawberry___healthy,0.522143
plantwild/extracted/plantwild/images/strawberry leaf/google_0393.jpg,Strawberry___healthy,Strawberry___Leaf_scorch,0.950359
plantwild/extracted/plantwild/images/strawberry leaf/google_0394.jpg,Strawberry___healthy,"Pepper,_bell___healthy",0.738791
plantwild/extracted/plantwild/images/strawberry leaf/google_0399.jpg,Strawberry___healthy,Grape___Black_rot,0.422883
plantwild/extracted/plantwild/images/strawberry leaf/google_0402.jpg,Strawberry___healthy,Apple___Black_rot,0.373170
plantwild/extracted/plantwild/images/strawberry leaf/google_0405.jpg,Strawberry___healthy,Cherry___healthy,0.738029
plantwild/extracted/plantwild/images/strawberry leaf/google_0407.jpg,Strawberry___healthy,Strawberry___Leaf_scorch,0.544068
plantwild/extracted/plantwild/images/strawberry leaf/google_0411.jpg,Strawberry___healthy,Tomato___Early_blight,0.252146
plantwild/extracted/plantwild/images/strawberry leaf/google_0413.jpg,Strawberry___healthy,Strawberry___Leaf_scorch,0.951384
plantwild/extracted/plantwild/images/strawberry leaf/google_0415.jpg,Strawberry___healthy,Tomato___Septoria_leaf_spot,0.186127
plantwild/extracted/plantwild/images/strawberry leaf/google_0417.jpg,Strawberry___healthy,Strawberry___Leaf_scorch,0.940141
plantwild/extracted/plantwild/images/strawberry leaf/google_0423.jpg,Strawberry___healthy,Cherry___healthy,0.438712
plantwild/extracted/plantwild/images/strawberry leaf/google_0428.jpg,Strawberry___healthy,Strawberry___Leaf_scorch,0.435209
plantwild/extracted/plantwild/images/strawberry leaf/google_0433.jpg,Strawberry___healthy,Strawberry___Leaf_scorch,0.298948
plantwild/extracted/plantwild/images/strawberry leaf/google_0458.jpg,Strawberry___healthy,Strawberry___Leaf_scorch,0.950603
plantwild/extracted/plantwild/images/strawberry leaf/google_0461.jpg,Strawberry___healthy,Tomato___Early_blight,0.468448
plantwild/extracted/plantwild/images/strawberry leaf/google_0477.jpg,Strawberry___healthy,Strawberry___Leaf_scorch,0.951247
plantwild/extracted/plantwild/images/strawberry leaf/google_0480.jpg,Strawberry___healthy,Strawberry___Leaf_scorch,0.951579
plantwild/extracted/plantwild/images/strawberry leaf/google_0485.jpg,Strawberry___healthy,Tomato___Late_blight,0.266026
plantwild/extracted/plantwild/images/strawberry leaf/google_0487.jpg,Strawberry___healthy,Cherry___healthy,0.455337
plantwild/extracted/plantwild/images/strawberry leaf/google_0489.jpg,Strawberry___healthy,Tomato___Septoria_leaf_spot,0.169525
plantwild/extracted/plantwild/images/strawberry leaf/google_0490.jpg,Strawberry___healthy,Tomato___Late_blight,0.875131
plantwild/extracted/plantwild/images/strawberry leaf/google_0495.jpg,Strawberry___healthy,Strawberry___Leaf_scorch,0.947749
plantwild/extracted/plantwild/images/strawberry leaf/google_0498.jpg,Strawberry___healthy,Tomato___Septoria_leaf_spot,0.264153
plantwild/extracted/plantwild/images/strawberry leaf/google_0502.jpg,Strawberry___healthy,Tomato___healthy,0.806627
plantwild/extracted/plantwild/images/strawberry leaf/google_0504.jpg,Strawberry___healthy,Strawberry___Leaf_scorch,0.949790
plantwild/extracted/plantwild/images/strawberry leaf/google_0505.jpg,Strawberry___healthy,Tomato___Septoria_leaf_spot,0.179663
plantwild/extracted/plantwild/images/strawberry leaf/google_0506.jpg,Strawberry___healthy,Strawberry___Leaf_scorch,0.950921
plantwild/extracted/plantwild/images/strawberry leaf/google_0522.jpg,Strawberry___healthy,Strawberry___Leaf_scorch,0.939280
plantwild/extracted/plantwild/images/strawberry leaf/google_0524.jpg,Strawberry___healthy,Tomato___Septoria_leaf_spot,0.176386
plantwild/extracted/plantwild/images/strawberry leaf/google_0526.jpg,Strawberry___healthy,Tomato___Septoria_leaf_spot,0.140109
plantwild/extracted/plantwild/images/strawberry leaf/google_0542.jpg,Strawberry___healthy,Cherry___healthy,0.949298
plantwild/extracted/plantwild/images/strawberry leaf/google_0543.jpg,Strawberry___healthy,Strawberry___Leaf_scorch,0.447834
plantwild/extracted/plantwild/images/strawberry leaf/google_0545.jpg,Strawberry___healthy,Strawberry___Leaf_scorch,0.919580
plantwild/extracted/plantwild/images/strawberry leaf/google_0546.jpg,Strawberry___healthy,Tomato___healthy,0.866627
plantwild/extracted/plantwild/images/strawberry leaf/google_0549.jpg,Strawberry___healthy,Strawberry___Leaf_scorch,0.632501
plantwild/extracted/plantwild/images/strawberry leaf/google_0553.jpg,Strawberry___healthy,Strawberry___Leaf_scorch,0.930731
plantwild/extracted/plantwild/images/strawberry leaf/google_0572.jpg,Strawberry___healthy,Corn___healthy,0.940213
plantwild/extracted/plantwild/images/strawberry leaf/google_0574.jpg,Strawberry___healthy,Strawberry___Leaf_scorch,0.942677
plantwild/extracted/plantwild/images/strawberry leaf/google_0585.jpg,Strawberry___healthy,Apple___healthy,0.252766
plantwild/extracted/plantwild/images/strawberry leaf/google_0592.jpg,Strawberry___healthy,Tomato___Early_blight,0.525669
plantwild/extracted/plantwild/images/strawberry leaf/google_0599.jpg,Strawberry___healthy,Strawberry___Leaf_scorch,0.101042
plantwild/extracted/plantwild/images/strawberry leaf/google_0604.jpg,Strawberry___healthy,Tomato___healthy,0.349096
plantwild/extracted/plantwild/images/strawberry leaf/google_0605.jpg,Strawberry___healthy,Strawberry___Leaf_scorch,0.591327
plantwild/extracted/plantwild/images/strawberry leaf/google_0615.jpg,Strawberry___healthy,Strawberry___Leaf_scorch,0.856635
plantwild/extracted/plantwild/images/strawberry leaf/google_0616.jpg,Strawberry___healthy,Corn___healthy,0.945439
plantwild/extracted/plantwild/images/strawberry leaf/google_0623.jpg,Strawberry___healthy,Cherry___healthy,0.904729
plantwild/extracted/plantwild/images/strawberry leaf/google_0629.jpg,Strawberry___healthy,Strawberry___Leaf_scorch,0.913157
plantwild/extracted/plantwild/images/strawberry leaf/google_0632.jpg,Strawberry___healthy,Strawberry___Leaf_scorch,0.467507
plantwild/extracted/plantwild/images/strawberry leaf/google_0637.jpg,Strawberry___healthy,Cherry___healthy,0.855994
plantwild/extracted/plantwild/images/strawberry leaf scorch/1.jpg,Strawberry___Leaf_scorch,Strawberry___Leaf_scorch,0.948324
plantwild/extracted/plantwild/images/strawberry leaf scorch/11.jpg,Strawberry___Leaf_scorch,Strawberry___Leaf_scorch,0.954180
plantwild/extracted/plantwild/images/strawberry leaf scorch/14.jpg,Strawberry___Leaf_scorch,Strawberry___Leaf_scorch,0.953883
plantwild/extracted/plantwild/images/strawberry leaf scorch/6.jpg,Strawberry___Leaf_scorch,Strawberry___Leaf_scorch,0.952878
plantwild/extracted/plantwild/images/strawberry leaf scorch/7.jpg,Strawberry___Leaf_scorch,Strawberry___Leaf_scorch,0.951963
plantwild/extracted/plantwild/images/strawberry leaf scorch/9.jpg,Strawberry___Leaf_scorch,Strawberry___Leaf_scorch,0.952155
plantwild/extracted/plantwild/images/strawberry leaf scorch/google_0000.jpg,Strawberry___Leaf_scorch,Strawberry___Leaf_scorch,0.951195
plantwild/extracted/plantwild/images/strawberry leaf scorch/google_0001.jpg,Strawberry___Leaf_scorch,Strawberry___Leaf_scorch,0.951390
plantwild/extracted/plantwild/images/strawberry leaf scorch/google_0002.jpg,Strawberry___Leaf_scorch,Strawberry___Leaf_scorch,0.950949
plantwild/extracted/plantwild/images/strawberry leaf scorch/google_0003.jpg,Strawberry___Leaf_scorch,Strawberry___Leaf_scorch,0.950664
plantwild/extracted/plantwild/images/strawberry leaf scorch/google_0005.jpg,Strawberry___Leaf_scorch,Strawberry___Leaf_scorch,0.944640
plantwild/extracted/plantwild/images/strawberry leaf scorch/google_0006.jpg,Strawberry___Leaf_scorch,Strawberry___Leaf_scorch,0.629715
plantwild/extracted/plantwild/images/strawberry leaf scorch/google_0007.jpg,Strawberry___Leaf_scorch,Tomato___Septoria_leaf_spot,0.196766
plantwild/extracted/plantwild/images/strawberry leaf scorch/google_0008.jpg,Strawberry___Leaf_scorch,Strawberry___Leaf_scorch,0.952181
plantwild/extracted/plantwild/images/strawberry leaf scorch/google_0009.jpg,Strawberry___Leaf_scorch,Strawberry___Leaf_scorch,0.891663
plantwild/extracted/plantwild/images/strawberry leaf scorch/google_0010.jpg,Strawberry___Leaf_scorch,Tomato___Septoria_leaf_spot,0.218582
plantwild/extracted/plantwild/images/strawberry leaf scorch/google_0012.jpg,Strawberry___Leaf_scorch,Strawberry___Leaf_scorch,0.950710
plantwild/extracted/plantwild/images/strawberry leaf scorch/google_0013.jpg,Strawberry___Leaf_scorch,Strawberry___Leaf_scorch,0.646928
plantwild/extracted/plantwild/images/strawberry leaf scorch/google_0014.jpg,Strawberry___Leaf_scorch,Tomato___Septoria_leaf_spot,0.141592
plantwild/extracted/plantwild/images/strawberry leaf scorch/google_0015.jpg,Strawberry___Leaf_scorch,Strawberry___Leaf_scorch,0.950951
plantwild/extracted/plantwild/images/strawberry leaf scorch/google_0016.jpg,Strawberry___Leaf_scorch,Strawberry___Leaf_scorch,0.935177
plantwild/extracted/plantwild/images/strawberry leaf scorch/google_0017.jpg,Strawberry___Leaf_scorch,Tomato___Early_blight,0.308532
plantwild/extracted/plantwild/images/strawberry leaf scorch/google_0018.jpg,Strawberry___Leaf_scorch,Strawberry___Leaf_scorch,0.816092
plantwild/extracted/plantwild/images/strawberry leaf scorch/google_0020.jpg,Strawberry___Leaf_scorch,Strawberry___Leaf_scorch,0.951685
plantwild/extracted/plantwild/images/strawberry leaf scorch/google_0022.jpg,Strawberry___Leaf_scorch,Strawberry___Leaf_scorch,0.525665
plantwild/extracted/plantwild/images/strawberry leaf scorch/google_0023.jpg,Strawberry___Leaf_scorch,Strawberry___Leaf_scorch,0.940373
plantwild/extracted/plantwild/images/strawberry leaf scorch/google_0025.jpg,Strawberry___Leaf_scorch,Strawberry___Leaf_scorch,0.951450
plantwild/extracted/plantwild/images/strawberry leaf scorch/google_0026.jpg,Strawberry___Leaf_scorch,Strawberry___Leaf_scorch,0.951909
plantwild/extracted/plantwild/images/strawberry leaf scorch/google_0027.jpg,Strawberry___Leaf_scorch,Strawberry___Leaf_scorch,0.952715
plantwild/extracted/plantwild/images/strawberry leaf scorch/google_0030.jpg,Strawberry___Leaf_scorch,Strawberry___Leaf_scorch,0.952468
plantwild/extracted/plantwild/images/strawberry leaf scorch/google_0031.jpg,Strawberry___Leaf_scorch,Strawberry___Leaf_scorch,0.939635
plantwild/extracted/plantwild/images/strawberry leaf scorch/google_0032.jpg,Strawberry___Leaf_scorch,Strawberry___Leaf_scorch,0.948632
plantwild/extracted/plantwild/images/strawberry leaf scorch/google_0035.jpg,Strawberry___Leaf_scorch,Strawberry___Leaf_scorch,0.944023
plantwild/extracted/plantwild/images/strawberry leaf scorch/google_0036.jpg,Strawberry___Leaf_scorch,Strawberry___Leaf_scorch,0.950476
plantwild/extracted/plantwild/images/strawberry leaf scorch/google_0037.jpg,Strawberry___Leaf_scorch,Strawberry___Leaf_scorch,0.952291
plantwild/extracted/plantwild/images/strawberry leaf scorch/google_0039.jpg,Strawberry___Leaf_scorch,Grape___Black_rot,0.734902
plantwild/extracted/plantwild/images/strawberry leaf scorch/google_0040.jpg,Strawberry___Leaf_scorch,Strawberry___Leaf_scorch,0.947815
plantwild/extracted/plantwild/images/strawberry leaf scorch/google_0043.jpg,Strawberry___Leaf_scorch,Strawberry___Leaf_scorch,0.950818
plantwild/extracted/plantwild/images/strawberry leaf scorch/google_0045.jpg,Strawberry___Leaf_scorch,Strawberry___Leaf_scorch,0.953385
plantwild/extracted/plantwild/images/strawberry leaf scorch/google_0053.jpg,Strawberry___Leaf_scorch,Strawberry___Leaf_scorch,0.540003
plantwild/extracted/plantwild/images/strawberry leaf scorch/google_0054.jpg,Strawberry___Leaf_scorch,Strawberry___Leaf_scorch,0.953973
plantwild/extracted/plantwild/images/strawberry leaf scorch/google_0055.jpg,Strawberry___Leaf_scorch,Strawberry___Leaf_scorch,0.557698
plantwild/extracted/plantwild/images/strawberry leaf scorch/google_0060.jpg,Strawberry___Leaf_scorch,Strawberry___Leaf_scorch,0.950243
plantwild/extracted/plantwild/images/strawberry leaf scorch/google_0062.jpg,Strawberry___Leaf_scorch,Strawberry___Leaf_scorch,0.952051
plantwild/extracted/plantwild/images/strawberry leaf scorch/google_0063.jpg,Strawberry___Leaf_scorch,Strawberry___Leaf_scorch,0.951260
plantwild/extracted/plantwild/images/strawberry leaf scorch/google_0068.jpg,Strawberry___Leaf_scorch,Strawberry___Leaf_scorch,0.951297
plantwild/extracted/plantwild/images/strawberry leaf scorch/google_0074.jpg,Strawberry___Leaf_scorch,Strawberry___Leaf_scorch,0.949817
plantwild/extracted/plantwild/images/strawberry leaf scorch/google_0078.jpg,Strawberry___Leaf_scorch,Strawberry___Leaf_scorch,0.844396
plantwild/extracted/plantwild/images/strawberry leaf scorch/google_0079.jpg,Strawberry___Leaf_scorch,Strawberry___Leaf_scorch,0.943263
plantwild/extracted/plantwild/images/strawberry leaf scorch/google_0080.jpg,Strawberry___Leaf_scorch,Strawberry___Leaf_scorch,0.462845
plantwild/extracted/plantwild/images/strawberry leaf scorch/google_0082.jpg,Strawberry___Leaf_scorch,Grape___Esca_(Black_Measles),0.932941
plantwild/extracted/plantwild/images/strawberry leaf scorch/google_0084.jpg,Strawberry___Leaf_scorch,Strawberry___Leaf_scorch,0.949483
plantwild/extracted/plantwild/images/strawberry leaf scorch/google_0085.jpg,Strawberry___Leaf_scorch,Tomato___Late_blight,0.921617
plantwild/extracted/plantwild/images/strawberry leaf scorch/google_0087.jpg,Strawberry___Leaf_scorch,Grape___Esca_(Black_Measles),0.814415
plantwild/extracted/plantwild/images/strawberry leaf scorch/google_0089.jpg,Strawberry___Leaf_scorch,Corn___Common_rust,0.941642
plantwild/extracted/plantwild/images/strawberry leaf scorch/google_0093.jpg,Strawberry___Leaf_scorch,Strawberry___Leaf_scorch,0.950056
plantwild/extracted/plantwild/images/strawberry leaf scorch/google_0094.jpg,Strawberry___Leaf_scorch,Strawberry___Leaf_scorch,0.949619
plantwild/extracted/plantwild/images/strawberry leaf scorch/google_0095.jpg,Strawberry___Leaf_scorch,Strawberry___Leaf_scorch,0.949114
plantwild/extracted/plantwild/images/strawberry leaf scorch/google_0096.jpg,Strawberry___Leaf_scorch,Strawberry___Leaf_scorch,0.881717
plantwild/extracted/plantwild/images/strawberry leaf scorch/google_0109.jpg,Strawberry___Leaf_scorch,Strawberry___Leaf_scorch,0.895820
plantwild/extracted/plantwild/images/strawberry leaf scorch/google_0117.jpg,Strawberry___Leaf_scorch,Cherry___healthy,0.684159
plantwild/extracted/plantwild/images/strawberry leaf scorch/google_0119.jpg,Strawberry___Leaf_scorch,Strawberry___Leaf_scorch,0.951917
plantwild/extracted/plantwild/images/strawberry leaf scorch/google_0122.jpg,Strawberry___Leaf_scorch,Strawberry___Leaf_scorch,0.837305
plantwild/extracted/plantwild/images/strawberry leaf scorch/google_0123.jpg,Strawberry___Leaf_scorch,Strawberry___Leaf_scorch,0.950857
plantwild/extracted/plantwild/images/strawberry leaf scorch/google_0124.jpg,Strawberry___Leaf_scorch,Tomato___Septoria_leaf_spot,0.817050
plantwild/extracted/plantwild/images/strawberry leaf scorch/google_0133.jpg,Strawberry___Leaf_scorch,Strawberry___Leaf_scorch,0.953682
plantwild/extracted/plantwild/images/strawberry leaf scorch/google_0139.jpg,Strawberry___Leaf_scorch,Cherry___healthy,0.432555
plantwild/extracted/plantwild/images/strawberry leaf scorch/google_0152.jpg,Strawberry___Leaf_scorch,Strawberry___Leaf_scorch,0.877886
plantwild/extracted/plantwild/images/strawberry leaf scorch/google_0154.jpg,Strawberry___Leaf_scorch,Strawberry___Leaf_scorch,0.901042
plantwild/extracted/plantwild/images/strawberry leaf scorch/google_0159.jpg,Strawberry___Leaf_scorch,Strawberry___Leaf_scorch,0.940244
plantwild/extracted/plantwild/images/strawberry leaf scorch/google_0171.jpg,Strawberry___Leaf_scorch,Strawberry___Leaf_scorch,0.950794
plantwild/extracted/plantwild/images/strawberry leaf scorch/google_0175.jpg,Strawberry___Leaf_scorch,Tomato___Septoria_leaf_spot,0.196223
plantwild/extracted/plantwild/images/strawberry leaf scorch/google_0177.jpg,Strawberry___Leaf_scorch,Strawberry___Leaf_scorch,0.941370
plantwild/extracted/plantwild/images/strawberry leaf scorch/google_0186.jpg,Strawberry___Leaf_scorch,Strawberry___Leaf_scorch,0.903048
plantwild/extracted/plantwild/images/strawberry leaf scorch/google_0187.jpg,Strawberry___Leaf_scorch,Strawberry___Leaf_scorch,0.950812
plantwild/extracted/plantwild/images/strawberry leaf scorch/google_0188.jpg,Strawberry___Leaf_scorch,Strawberry___Leaf_scorch,0.950923
plantwild/extracted/plantwild/images/tomato bacterial leaf spot/1.jpg,Tomato___Bacterial_spot,"Pepper,_bell___healthy",0.482492
plantwild/extracted/plantwild/images/tomato bacterial leaf spot/10.jpg,Tomato___Bacterial_spot,Strawberry___Leaf_scorch,0.949812
plantwild/extracted/plantwild/images/tomato bacterial leaf spot/102.jpg,Tomato___Bacterial_spot,Strawberry___Leaf_scorch,0.620285
plantwild/extracted/plantwild/images/tomato bacterial leaf spot/103.jpg,Tomato___Bacterial_spot,Orange___Haunglongbing_(Citrus_greening),0.946411
plantwild/extracted/plantwild/images/tomato bacterial leaf spot/104.jpg,Tomato___Bacterial_spot,"Pepper,_bell___healthy",0.948948
plantwild/extracted/plantwild/images/tomato bacterial leaf spot/108.jpg,Tomato___Bacterial_spot,"Pepper,_bell___healthy",0.683618
plantwild/extracted/plantwild/images/tomato bacterial leaf spot/109.jpg,Tomato___Bacterial_spot,"Pepper,_bell___healthy",0.523717
plantwild/extracted/plantwild/images/tomato bacterial leaf spot/11 - Copy (2).jpg,Tomato___Bacterial_spot,Tomato___Late_blight,0.912989
plantwild/extracted/plantwild/images/tomato bacterial leaf spot/11 - Copy (3).jpg,Tomato___Bacterial_spot,Tomato___Early_blight,0.797237
plantwild/extracted/plantwild/images/tomato bacterial leaf spot/11 - Copy.jpg,Tomato___Bacterial_spot,Tomato___Late_blight,0.492023
plantwild/extracted/plantwild/images/tomato bacterial leaf spot/11.jpg,Tomato___Bacterial_spot,"Pepper,_bell___healthy",0.774560
plantwild/extracted/plantwild/images/tomato bacterial leaf spot/114.jpg,Tomato___Bacterial_spot,Tomato___Early_blight,0.349322
plantwild/extracted/plantwild/images/tomato bacterial leaf spot/116.jpg,Tomato___Bacterial_spot,Cherry___healthy,0.899364
plantwild/extracted/plantwild/images/tomato bacterial leaf spot/119.jpg,Tomato___Bacterial_spot,Cherry___healthy,0.623658
plantwild/extracted/plantwild/images/tomato bacterial leaf spot/12.jpg,Tomato___Bacterial_spot,Cherry___healthy,0.523296
plantwild/extracted/plantwild/images/tomato bacterial leaf spot/120.jpg,Tomato___Bacterial_spot,"Pepper,_bell___healthy",0.617165
plantwild/extracted/plantwild/images/tomato bacterial leaf spot/122.jpg,Tomato___Bacterial_spot,Corn___healthy,0.612244
plantwild/extracted/plantwild/images/tomato bacterial leaf spot/125.jpg,Tomato___Bacterial_spot,Cherry___healthy,0.911216
plantwild/extracted/plantwild/images/tomato bacterial leaf spot/127.jpg,Tomato___Bacterial_spot,Tomato___Early_blight,0.950279
plantwild/extracted/plantwild/images/tomato bacterial leaf spot/128.jpg,Tomato___Bacterial_spot,Tomato___Early_blight,0.820207
plantwild/extracted/plantwild/images/tomato bacterial leaf spot/130.jpg,Tomato___Bacterial_spot,Cherry___healthy,0.421527
plantwild/extracted/plantwild/images/tomato bacterial leaf spot/132.jpg,Tomato___Bacterial_spot,"Pepper,_bell___healthy",0.919405
plantwild/extracted/plantwild/images/tomato bacterial leaf spot/137.jpg,Tomato___Bacterial_spot,Strawberry___Leaf_scorch,0.755080
plantwild/extracted/plantwild/images/tomato bacterial leaf spot/14.jpg,Tomato___Bacterial_spot,Tomato___healthy,0.254103
plantwild/extracted/plantwild/images/tomato bacterial leaf spot/145.jpg,Tomato___Bacterial_spot,Tomato___Early_blight,0.661415
plantwild/extracted/plantwild/images/tomato bacterial leaf spot/147.jpg,Tomato___Bacterial_spot,Peach___Bacterial_spot,0.898838
plantwild/extracted/plantwild/images/tomato bacterial leaf spot/148.jpg,Tomato___Bacterial_spot,Corn___Common_rust,0.942966
plantwild/extracted/plantwild/images/tomato bacterial leaf spot/149.jpg,Tomato___Bacterial_spot,Cherry___healthy,0.936525
plantwild/extracted/plantwild/images/tomato bacterial leaf spot/15.jpg,Tomato___Bacterial_spot,Cherry___healthy,0.933335
plantwild/extracted/plantwild/images/tomato bacterial leaf spot/153.jpg,Tomato___Bacterial_spot,Tomato___Early_blight,0.234038
plantwild/extracted/plantwild/images/tomato bacterial leaf spot/157.jpg,Tomato___Bacterial_spot,Grape___Black_rot,0.911351
plantwild/extracted/plantwild/images/tomato bacterial leaf spot/159.jpg,Tomato___Bacterial_spot,Squash___Powdery_mildew,0.947713
plantwild/extracted/plantwild/images/tomato bacterial leaf spot/16.jpg,Tomato___Bacterial_spot,"Pepper,_bell___healthy",0.819511
plantwild/extracted/plantwild/images/tomato bacterial leaf spot/167.jpg,Tomato___Bacterial_spot,Strawberry___Leaf_scorch,0.624293
plantwild/extracted/plantwild/images/tomato bacterial leaf spot/168.jpg,Tomato___Bacterial_spot,Cherry___healthy,0.920470
plantwild/extracted/plantwild/images/tomato bacterial leaf spot/169.jpg,Tomato___Bacterial_spot,Cherry___healthy,0.938663
plantwild/extracted/plantwild/images/tomato bacterial leaf spot/17.jpg,Tomato___Bacterial_spot,Cherry___healthy,0.828839
plantwild/extracted/plantwild/images/tomato bacterial leaf spot/175.jpg,Tomato___Bacterial_spot,Cherry___healthy,0.919310
plantwild/extracted/plantwild/images/tomato bacterial leaf spot/176.jpg,Tomato___Bacterial_spot,Cherry___healthy,0.905815
plantwild/extracted/plantwild/images/tomato bacterial leaf spot/177.jpg,Tomato___Bacterial_spot,"Pepper,_bell___Bacterial_spot",0.887941
plantwild/extracted/plantwild/images/tomato bacterial leaf spot/178.jpg,Tomato___Bacterial_spot,Corn___Northern_Leaf_Blight,0.437748
plantwild/extracted/plantwild/images/tomato bacterial leaf spot/179.jpg,Tomato___Bacterial_spot,Corn___Cercospora_leaf_spot Gray_leaf_spot,0.084540
plantwild/extracted/plantwild/images/tomato bacterial leaf spot/18.jpg,Tomato___Bacterial_spot,Strawberry___Leaf_scorch,0.771993
plantwild/extracted/plantwild/images/tomato bacterial leaf spot/180.jpg,Tomato___Bacterial_spot,Corn___healthy,0.950909
plantwild/extracted/plantwild/images/tomato bacterial leaf spot/181.jpg,Tomato___Bacterial_spot,Corn___healthy,0.939283
plantwild/extracted/plantwild/images/tomato bacterial leaf spot/183.jpg,Tomato___Bacterial_spot,Cherry___healthy,0.603475
plantwild/extracted/plantwild/images/tomato bacterial leaf spot/184.jpg,Tomato___Bacterial_spot,Tomato___Late_blight,0.514954
plantwild/extracted/plantwild/images/tomato bacterial leaf spot/185.jpg,Tomato___Bacterial_spot,Cherry___healthy,0.538784
plantwild/extracted/plantwild/images/tomato bacterial leaf spot/187.jpg,Tomato___Bacterial_spot,Cherry___healthy,0.948850
plantwild/extracted/plantwild/images/tomato bacterial leaf spot/188.jpg,Tomato___Bacterial_spot,Tomato___Late_blight,0.322532
plantwild/extracted/plantwild/images/tomato bacterial leaf spot/19.jpg,Tomato___Bacterial_spot,Corn___healthy,0.951888
plantwild/extracted/plantwild/images/tomato bacterial leaf spot/196.jpg,Tomato___Bacterial_spot,"Pepper,_bell___healthy",0.811919
plantwild/extracted/plantwild/images/tomato bacterial leaf spot/198.jpg,Tomato___Bacterial_spot,"Pepper,_bell___healthy",0.841910
plantwild/extracted/plantwild/images/tomato bacterial leaf spot/2.jpg,Tomato___Bacterial_spot,Soybean___healthy,0.846708
plantwild/extracted/plantwild/images/tomato bacterial leaf spot/20.jpg,Tomato___Bacterial_spot,Corn___Common_rust,0.270622
plantwild/extracted/plantwild/images/tomato bacterial leaf spot/200.jpg,Tomato___Bacterial_spot,Cherry___healthy,0.756019
plantwild/extracted/plantwild/images/tomato bacterial leaf spot/22.jpg,Tomato___Bacterial_spot,Squash___Powdery_mildew,0.883238
plantwild/extracted/plantwild/images/tomato bacterial leaf spot/24.jpg,Tomato___Bacterial_spot,Tomato___Late_blight,0.629439
plantwild/extracted/plantwild/images/tomato bacterial leaf spot/27 - Copy.jpg,Tomato___Bacterial_spot,Cherry___healthy,0.864587
plantwild/extracted/plantwild/images/tomato bacterial leaf spot/27.jpg,Tomato___Bacterial_spot,Cherry___healthy,0.861200
plantwild/extracted/plantwild/images/tomato bacterial leaf spot/28.jpg,Tomato___Bacterial_spot,Potato___Early_blight,0.459238
plantwild/extracted/plantwild/images/tomato bacterial leaf spot/3.jpg,Tomato___Bacterial_spot,Cherry___healthy,0.938085
plantwild/extracted/plantwild/images/tomato bacterial leaf spot/30.jpg,Tomato___Bacterial_spot,"Pepper,_bell___healthy",0.873158
plantwild/extracted/plantwild/images/tomato bacterial leaf spot/31.jpg,Tomato___Bacterial_spot,Tomato___Early_blight,0.794642
plantwild/extracted/plantwild/images/tomato bacterial leaf spot/32.jpg,Tomato___Bacterial_spot,Tomato___Early_blight,0.640335
plantwild/extracted/plantwild/images/tomato bacterial leaf spot/33.jpg,Tomato___Bacterial_spot,Corn___healthy,0.825942
plantwild/extracted/plantwild/images/tomato bacterial leaf spot/36.jpg,Tomato___Bacterial_spot,Cherry___healthy,0.836901
plantwild/extracted/plantwild/images/tomato bacterial leaf spot/37.jpg,Tomato___Bacterial_spot,Squash___Powdery_mildew,0.904324
plantwild/extracted/plantwild/images/tomato bacterial leaf spot/4.jpg,Tomato___Bacterial_spot,Tomato___Early_blight,0.846143
plantwild/extracted/plantwild/images/tomato bacterial leaf spot/41.jpg,Tomato___Bacterial_spot,Strawberry___Leaf_scorch,0.885545
plantwild/extracted/plantwild/images/tomato bacterial leaf spot/42.jpg,Tomato___Bacterial_spot,Corn___Common_rust,0.224338
plantwild/extracted/plantwild/images/tomato bacterial leaf spot/43.jpg,Tomato___Bacterial_spot,Tomato___Early_blight,0.336467
plantwild/extracted/plantwild/images/tomato bacterial leaf spot/44.jpg,Tomato___Bacterial_spot,Tomato___Early_blight,0.824559
plantwild/extracted/plantwild/images/tomato bacterial leaf spot/45.jpg,Tomato___Bacterial_spot,"Pepper,_bell___healthy",0.879655
plantwild/extracted/plantwild/images/tomato bacterial leaf spot/46.jpg,Tomato___Bacterial_spot,Grape___Black_rot,0.935543
plantwild/extracted/plantwild/images/tomato bacterial leaf spot/47.jpg,Tomato___Bacterial_spot,"Pepper,_bell___healthy",0.881950
plantwild/extracted/plantwild/images/tomato bacterial leaf spot/48.jpg,Tomato___Bacterial_spot,"Pepper,_bell___healthy",0.939003
plantwild/extracted/plantwild/images/tomato bacterial leaf spot/49.jpg,Tomato___Bacterial_spot,Strawberry___Leaf_scorch,0.947150
plantwild/extracted/plantwild/images/tomato bacterial leaf spot/5.jpg,Tomato___Bacterial_spot,Tomato___Early_blight,0.860610
plantwild/extracted/plantwild/images/tomato bacterial leaf spot/50.jpg,Tomato___Bacterial_spot,Tomato___Late_blight,0.947060
plantwild/extracted/plantwild/images/tomato bacterial leaf spot/51.jpg,Tomato___Bacterial_spot,"Pepper,_bell___Bacterial_spot",0.861904
plantwild/extracted/plantwild/images/tomato bacterial leaf spot/52.jpg,Tomato___Bacterial_spot,Strawberry___Leaf_scorch,0.904539
plantwild/extracted/plantwild/images/tomato bacterial leaf spot/56.jpg,Tomato___Bacterial_spot,Tomato___Early_blight,0.903131
plantwild/extracted/plantwild/images/tomato bacterial leaf spot/57.jpg,Tomato___Bacterial_spot,Corn___healthy,0.949074
plantwild/extracted/plantwild/images/tomato bacterial leaf spot/6 - Copy (2).jpg,Tomato___Bacterial_spot,Cherry___healthy,0.695426
plantwild/extracted/plantwild/images/tomato bacterial leaf spot/6 - Copy (3).jpg,Tomato___Bacterial_spot,"Pepper,_bell___healthy",0.437475
plantwild/extracted/plantwild/images/tomato bacterial leaf spot/6 - Copy.jpg,Tomato___Bacterial_spot,Tomato___Septoria_leaf_spot,0.928455
plantwild/extracted/plantwild/images/tomato bacterial leaf spot/6.jpg,Tomato___Bacterial_spot,Cherry___healthy,0.564016
plantwild/extracted/plantwild/images/tomato bacterial leaf spot/62.jpg,Tomato___Bacterial_spot,Cherry___healthy,0.226664
plantwild/extracted/plantwild/images/tomato bacterial leaf spot/63.jpg,Tomato___Bacterial_spot,Strawberry___Leaf_scorch,0.893524
plantwild/extracted/plantwild/images/tomato bacterial leaf spot/64.jpg,Tomato___Bacterial_spot,"Pepper,_bell___healthy",0.926320
plantwild/extracted/plantwild/images/tomato bacterial leaf spot/65.jpg,Tomato___Bacterial_spot,"Pepper,_bell___healthy",0.577104
plantwild/extracted/plantwild/images/tomato bacterial leaf spot/7.jpg,Tomato___Bacterial_spot,Cherry___healthy,0.859038
plantwild/extracted/plantwild/images/tomato bacterial leaf spot/70.jpg,Tomato___Bacterial_spot,Cherry___healthy,0.942891
plantwild/extracted/plantwild/images/tomato bacterial leaf spot/71.jpg,Tomato___Bacterial_spot,"Pepper,_bell___healthy",0.935140
plantwild/extracted/plantwild/images/tomato bacterial leaf spot/73.jpg,Tomato___Bacterial_spot,Cherry___healthy,0.878307
plantwild/extracted/plantwild/images/tomato bacterial leaf spot/76.jpg,Tomato___Bacterial_spot,Strawberry___Leaf_scorch,0.886689
plantwild/extracted/plantwild/images/tomato bacterial leaf spot/77.jpg,Tomato___Bacterial_spot,Strawberry___Leaf_scorch,0.915257
plantwild/extracted/plantwild/images/tomato bacterial leaf spot/78.jpg,Tomato___Bacterial_spot,Strawberry___Leaf_scorch,0.920257
plantwild/extracted/plantwild/images/tomato bacterial leaf spot/79.jpg,Tomato___Bacterial_spot,Tomato___Late_blight,0.890183
plantwild/extracted/plantwild/images/tomato bacterial leaf spot/8.jpg,Tomato___Bacterial_spot,"Pepper,_bell___healthy",0.893717
plantwild/extracted/plantwild/images/tomato bacterial leaf spot/80.jpg,Tomato___Bacterial_spot,"Pepper,_bell___healthy",0.906958
plantwild/extracted/plantwild/images/tomato bacterial leaf spot/81.jpg,Tomato___Bacterial_spot,Corn___healthy,0.950086
plantwild/extracted/plantwild/images/tomato bacterial leaf spot/82.jpg,Tomato___Bacterial_spot,Tomato___Late_blight,0.562364
plantwild/extracted/plantwild/images/tomato bacterial leaf spot/84.jpg,Tomato___Bacterial_spot,Cherry___healthy,0.947672
plantwild/extracted/plantwild/images/tomato bacterial leaf spot/9.jpg,Tomato___Bacterial_spot,"Pepper,_bell___healthy",0.951439
plantwild/extracted/plantwild/images/tomato bacterial leaf spot/92.jpg,Tomato___Bacterial_spot,"Pepper,_bell___healthy",0.830768
plantwild/extracted/plantwild/images/tomato bacterial leaf spot/93.jpg,Tomato___Bacterial_spot,"Pepper,_bell___healthy",0.924480
plantwild/extracted/plantwild/images/tomato bacterial leaf spot/94.jpg,Tomato___Bacterial_spot,"Pepper,_bell___healthy",0.646515
plantwild/extracted/plantwild/images/tomato bacterial leaf spot/95.jpg,Tomato___Bacterial_spot,Cherry___healthy,0.655217
plantwild/extracted/plantwild/images/tomato bacterial leaf spot/96.jpg,Tomato___Bacterial_spot,Tomato___Late_blight,0.730950
plantwild/extracted/plantwild/images/tomato bacterial leaf spot/97.jpg,Tomato___Bacterial_spot,Cherry___healthy,0.488623
plantwild/extracted/plantwild/images/tomato bacterial leaf spot/98.jpg,Tomato___Bacterial_spot,"Pepper,_bell___healthy",0.949596
plantwild/extracted/plantwild/images/tomato bacterial leaf spot/99.jpg,Tomato___Bacterial_spot,Grape___Black_rot,0.786793
plantwild/extracted/plantwild/images/tomato bacterial leaf spot/google_0000.jpg,Tomato___Bacterial_spot,Strawberry___Leaf_scorch,0.757583
plantwild/extracted/plantwild/images/tomato bacterial leaf spot/google_0001.jpg,Tomato___Bacterial_spot,Cherry___healthy,0.906410
plantwild/extracted/plantwild/images/tomato bacterial leaf spot/google_0002.jpg,Tomato___Bacterial_spot,"Pepper,_bell___healthy",0.420103
plantwild/extracted/plantwild/images/tomato bacterial leaf spot/google_0004.jpg,Tomato___Bacterial_spot,Strawberry___Leaf_scorch,0.933663
plantwild/extracted/plantwild/images/tomato bacterial leaf spot/google_0009.jpg,Tomato___Bacterial_spot,Grape___Black_rot,0.756807
plantwild/extracted/plantwild/images/tomato bacterial leaf spot/google_0011.jpg,Tomato___Bacterial_spot,Cherry___healthy,0.638227
plantwild/extracted/plantwild/images/tomato bacterial leaf spot/google_0012.jpg,Tomato___Bacterial_spot,Cherry___healthy,0.222429
plantwild/extracted/plantwild/images/tomato bacterial leaf spot/google_0013.jpg,Tomato___Bacterial_spot,Cherry___healthy,0.462198
plantwild/extracted/plantwild/images/tomato bacterial leaf spot/google_0014.jpg,Tomato___Bacterial_spot,Strawberry___Leaf_scorch,0.927800
plantwild/extracted/plantwild/images/tomato bacterial leaf spot/google_0015.jpg,Tomato___Bacterial_spot,Cherry___healthy,0.862252
plantwild/extracted/plantwild/images/tomato bacterial leaf spot/google_0017.jpg,Tomato___Bacterial_spot,"Pepper,_bell___healthy",0.919952
plantwild/extracted/plantwild/images/tomato bacterial leaf spot/google_0018.jpg,Tomato___Bacterial_spot,Corn___Common_rust,0.582541
plantwild/extracted/plantwild/images/tomato bacterial leaf spot/google_0019.jpg,Tomato___Bacterial_spot,Grape___Black_rot,0.478706
plantwild/extracted/plantwild/images/tomato bacterial leaf spot/google_0020.jpg,Tomato___Bacterial_spot,Tomato___healthy,0.521620
plantwild/extracted/plantwild/images/tomato bacterial leaf spot/google_0021.jpg,Tomato___Bacterial_spot,Cherry___healthy,0.904597
plantwild/extracted/plantwild/images/tomato bacterial leaf spot/google_0022.jpg,Tomato___Bacterial_spot,Tomato___Early_blight,0.794746
plantwild/extracted/plantwild/images/tomato bacterial leaf spot/google_0023.jpg,Tomato___Bacterial_spot,Cherry___healthy,0.920417
plantwild/extracted/plantwild/images/tomato bacterial leaf spot/google_0025.jpg,Tomato___Bacterial_spot,"Pepper,_bell___healthy",0.767143
plantwild/extracted/plantwild/images/tomato bacterial leaf spot/google_0029.jpg,Tomato___Bacterial_spot,Grape___Black_rot,0.546294
plantwild/extracted/plantwild/images/tomato bacterial leaf spot/google_0030.jpg,Tomato___Bacterial_spot,Cherry___healthy,0.929156
plantwild/extracted/plantwild/images/tomato bacterial leaf spot/google_0032.jpg,Tomato___Bacterial_spot,Tomato___Early_blight,0.658422
plantwild/extracted/plantwild/images/tomato bacterial leaf spot/google_0033.jpg,Tomato___Bacterial_spot,Tomato___healthy,0.760012
plantwild/extracted/plantwild/images/tomato bacterial leaf spot/google_0034.jpg,Tomato___Bacterial_spot,Cherry___healthy,0.769158
plantwild/extracted/plantwild/images/tomato bacterial leaf spot/google_0035.jpg,Tomato___Bacterial_spot,Grape___Black_rot,0.707639
plantwild/extracted/plantwild/images/tomato bacterial leaf spot/google_0036.jpg,Tomato___Bacterial_spot,"Pepper,_bell___healthy",0.776264
plantwild/extracted/plantwild/images/tomato bacterial leaf spot/google_0037.jpg,Tomato___Bacterial_spot,Tomato___Septoria_leaf_spot,0.789388
plantwild/extracted/plantwild/images/tomato bacterial leaf spot/google_0039.jpg,Tomato___Bacterial_spot,Tomato___Septoria_leaf_spot,0.624249
plantwild/extracted/plantwild/images/tomato bacterial leaf spot/google_0040.jpg,Tomato___Bacterial_spot,Grape___Black_rot,0.266515
plantwild/extracted/plantwild/images/tomato bacterial leaf spot/google_0042.jpg,Tomato___Bacterial_spot,Grape___Black_rot,0.925094
plantwild/extracted/plantwild/images/tomato bacterial leaf spot/google_0043.jpg,Tomato___Bacterial_spot,Grape___Black_rot,0.396698
plantwild/extracted/plantwild/images/tomato bacterial leaf spot/google_0044.jpg,Tomato___Bacterial_spot,"Pepper,_bell___healthy",0.526792
plantwild/extracted/plantwild/images/tomato bacterial leaf spot/google_0048.jpg,Tomato___Bacterial_spot,Grape___Black_rot,0.949986
plantwild/extracted/plantwild/images/tomato bacterial leaf spot/google_0050.jpg,Tomato___Bacterial_spot,Tomato___Septoria_leaf_spot,0.854389
plantwild/extracted/plantwild/images/tomato bacterial leaf spot/google_0051.jpg,Tomato___Bacterial_spot,Cherry___healthy,0.927039
plantwild/extracted/plantwild/images/tomato bacterial leaf spot/google_0053.jpg,Tomato___Bacterial_spot,Tomato___Early_blight,0.594622
plantwild/extracted/plantwild/images/tomato bacterial leaf spot/google_0054.jpg,Tomato___Bacterial_spot,Corn___Common_rust,0.941749
plantwild/extracted/plantwild/images/tomato bacterial leaf spot/google_0055.jpg,Tomato___Bacterial_spot,Tomato___Septoria_leaf_spot,0.932771
plantwild/extracted/plantwild/images/tomato bacterial leaf spot/google_0056.jpg,Tomato___Bacterial_spot,Cherry___healthy,0.395022
plantwild/extracted/plantwild/images/tomato bacterial leaf spot/google_0057.jpg,Tomato___Bacterial_spot,Strawberry___Leaf_scorch,0.482588
plantwild/extracted/plantwild/images/tomato bacterial leaf spot/google_0059.jpg,Tomato___Bacterial_spot,Strawberry___Leaf_scorch,0.747299
plantwild/extracted/plantwild/images/tomato bacterial leaf spot/google_0060.jpg,Tomato___Bacterial_spot,Tomato___healthy,0.594216
plantwild/extracted/plantwild/images/tomato bacterial leaf spot/google_0061.jpg,Tomato___Bacterial_spot,Strawberry___Leaf_scorch,0.699302
plantwild/extracted/plantwild/images/tomato bacterial leaf spot/google_0065.jpg,Tomato___Bacterial_spot,"Pepper,_bell___healthy",0.775491
plantwild/extracted/plantwild/images/tomato bacterial leaf spot/google_0066.jpg,Tomato___Bacterial_spot,Tomato___Septoria_leaf_spot,0.504211
plantwild/extracted/plantwild/images/tomato bacterial leaf spot/google_0067.jpg,Tomato___Bacterial_spot,Cherry___healthy,0.905971
plantwild/extracted/plantwild/images/tomato bacterial leaf spot/google_0070.jpg,Tomato___Bacterial_spot,Tomato___Early_blight,0.771862
plantwild/extracted/plantwild/images/tomato bacterial leaf spot/google_0071.jpg,Tomato___Bacterial_spot,Tomato___Septoria_leaf_spot,0.948464
plantwild/extracted/plantwild/images/tomato bacterial leaf spot/google_0072.jpg,Tomato___Bacterial_spot,Cherry___healthy,0.805938
plantwild/extracted/plantwild/images/tomato bacterial leaf spot/google_0073.jpg,Tomato___Bacterial_spot,Tomato___Septoria_leaf_spot,0.943464
plantwild/extracted/plantwild/images/tomato bacterial leaf spot/google_0074.jpg,Tomato___Bacterial_spot,Cherry___healthy,0.937562
plantwild/extracted/plantwild/images/tomato bacterial leaf spot/google_0075.jpg,Tomato___Bacterial_spot,Cherry___healthy,0.355606
plantwild/extracted/plantwild/images/tomato bacterial leaf spot/google_0077.jpg,Tomato___Bacterial_spot,Tomato___Septoria_leaf_spot,0.373568
plantwild/extracted/plantwild/images/tomato bacterial leaf spot/google_0080.jpg,Tomato___Bacterial_spot,Potato___Early_blight,0.936812
plantwild/extracted/plantwild/images/tomato bacterial leaf spot/google_0081.jpg,Tomato___Bacterial_spot,Cherry___healthy,0.820290
plantwild/extracted/plantwild/images/tomato bacterial leaf spot/google_0082.jpg,Tomato___Bacterial_spot,Strawberry___Leaf_scorch,0.362287
plantwild/extracted/plantwild/images/tomato bacterial leaf spot/google_0083.jpg,Tomato___Bacterial_spot,Potato___Early_blight,0.253964
plantwild/extracted/plantwild/images/tomato bacterial leaf spot/google_0084.jpg,Tomato___Bacterial_spot,"Pepper,_bell___healthy",0.779210
plantwild/extracted/plantwild/images/tomato bacterial leaf spot/google_0087.jpg,Tomato___Bacterial_spot,"Pepper,_bell___healthy",0.738374
plantwild/extracted/plantwild/images/tomato bacterial leaf spot/google_0088.jpg,Tomato___Bacterial_spot,"Pepper,_bell___healthy",0.860801
plantwild/extracted/plantwild/images/tomato bacterial leaf spot/google_0091.jpg,Tomato___Bacterial_spot,"Pepper,_bell___healthy",0.655806
plantwild/extracted/plantwild/images/tomato bacterial leaf spot/google_0092.jpg,Tomato___Bacterial_spot,Cherry___healthy,0.427954
plantwild/extracted/plantwild/images/tomato bacterial leaf spot/google_0093.jpg,Tomato___Bacterial_spot,Grape___Black_rot,0.404260
plantwild/extracted/plantwild/images/tomato bacterial leaf spot/google_0094.jpg,Tomato___Bacterial_spot,Grape___Black_rot,0.388295
plantwild/extracted/plantwild/images/tomato bacterial leaf spot/google_0095.jpg,Tomato___Bacterial_spot,Tomato___healthy,0.341784
plantwild/extracted/plantwild/images/tomato bacterial leaf spot/google_0099.jpg,Tomato___Bacterial_spot,Strawberry___Leaf_scorch,0.901618
plantwild/extracted/plantwild/images/tomato bacterial leaf spot/google_0100.jpg,Tomato___Bacterial_spot,Strawberry___Leaf_scorch,0.726874
plantwild/extracted/plantwild/images/tomato bacterial leaf spot/google_0103.jpg,Tomato___Bacterial_spot,Cherry___healthy,0.931663
plantwild/extracted/plantwild/images/tomato bacterial leaf spot/google_0107.jpg,Tomato___Bacterial_spot,Corn___Common_rust,0.878416
plantwild/extracted/plantwild/images/tomato bacterial leaf spot/google_0109.jpg,Tomato___Bacterial_spot,Cherry___healthy,0.736330
plantwild/extracted/plantwild/images/tomato bacterial leaf spot/google_0111.jpg,Tomato___Bacterial_spot,Tomato___Septoria_leaf_spot,0.950579
plantwild/extracted/plantwild/images/tomato bacterial leaf spot/google_0112.jpg,Tomato___Bacterial_spot,"Pepper,_bell___healthy",0.573295
plantwild/extracted/plantwild/images/tomato bacterial leaf spot/google_0113.jpg,Tomato___Bacterial_spot,Tomato___Septoria_leaf_spot,0.949999
plantwild/extracted/plantwild/images/tomato bacterial leaf spot/google_0114.jpg,Tomato___Bacterial_spot,"Pepper,_bell___healthy",0.918568
plantwild/extracted/plantwild/images/tomato bacterial leaf spot/google_0117.jpg,Tomato___Bacterial_spot,Cherry___healthy,0.573341
plantwild/extracted/plantwild/images/tomato bacterial leaf spot/google_0120.jpg,Tomato___Bacterial_spot,"Pepper,_bell___healthy",0.748348
plantwild/extracted/plantwild/images/tomato bacterial leaf spot/google_0121.jpg,Tomato___Bacterial_spot,Strawberry___Leaf_scorch,0.897866
plantwild/extracted/plantwild/images/tomato bacterial leaf spot/google_0125.jpg,Tomato___Bacterial_spot,Strawberry___Leaf_scorch,0.407465
plantwild/extracted/plantwild/images/tomato bacterial leaf spot/google_0126.jpg,Tomato___Bacterial_spot,Grape___Black_rot,0.511918
plantwild/extracted/plantwild/images/tomato bacterial leaf spot/google_0128.jpg,Tomato___Bacterial_spot,Strawberry___Leaf_scorch,0.937867
plantwild/extracted/plantwild/images/tomato bacterial leaf spot/google_0129.jpg,Tomato___Bacterial_spot,Cherry___healthy,0.835091
plantwild/extracted/plantwild/images/tomato bacterial leaf spot/google_0131.jpg,Tomato___Bacterial_spot,Cherry___healthy,0.358352
plantwild/extracted/plantwild/images/tomato bacterial leaf spot/google_0132.jpg,Tomato___Bacterial_spot,Cherry___healthy,0.350379
plantwild/extracted/plantwild/images/tomato bacterial leaf spot/google_0133.jpg,Tomato___Bacterial_spot,Cherry___healthy,0.908336
plantwild/extracted/plantwild/images/tomato bacterial leaf spot/google_0134.jpg,Tomato___Bacterial_spot,Cherry___healthy,0.935977
plantwild/extracted/plantwild/images/tomato bacterial leaf spot/google_0136.jpg,Tomato___Bacterial_spot,Tomato___Septoria_leaf_spot,0.712781
plantwild/extracted/plantwild/images/tomato bacterial leaf spot/google_0137.jpg,Tomato___Bacterial_spot,Tomato___Septoria_leaf_spot,0.840456
plantwild/extracted/plantwild/images/tomato bacterial leaf spot/google_0138.jpg,Tomato___Bacterial_spot,Tomato___Early_blight,0.274749
plantwild/extracted/plantwild/images/tomato bacterial leaf spot/google_0139.jpg,Tomato___Bacterial_spot,Cherry___healthy,0.921158
plantwild/extracted/plantwild/images/tomato bacterial leaf spot/google_0140.jpg,Tomato___Bacterial_spot,Cherry___healthy,0.880421
plantwild/extracted/plantwild/images/tomato bacterial leaf spot/google_0144.jpg,Tomato___Bacterial_spot,Tomato___Early_blight,0.838270
plantwild/extracted/plantwild/images/tomato bacterial leaf spot/google_0146.jpg,Tomato___Bacterial_spot,Cherry___healthy,0.900909
plantwild/extracted/plantwild/images/tomato bacterial leaf spot/google_0150.jpg,Tomato___Bacterial_spot,Cherry___healthy,0.939826
plantwild/extracted/plantwild/images/tomato bacterial leaf spot/google_0156.jpg,Tomato___Bacterial_spot,"Pepper,_bell___healthy",0.333236
plantwild/extracted/plantwild/images/tomato bacterial leaf spot/google_0157.jpg,Tomato___Bacterial_spot,Cherry___healthy,0.918737
plantwild/extracted/plantwild/images/tomato bacterial leaf spot/google_0158.jpg,Tomato___Bacterial_spot,"Pepper,_bell___healthy",0.924105
plantwild/extracted/plantwild/images/tomato bacterial leaf spot/google_0159.jpg,Tomato___Bacterial_spot,"Pepper,_bell___healthy",0.819277
plantwild/extracted/plantwild/images/tomato bacterial leaf spot/google_0160.jpg,Tomato___Bacterial_spot,Cherry___healthy,0.949104
plantwild/extracted/plantwild/images/tomato bacterial leaf spot/google_0163.jpg,Tomato___Bacterial_spot,"Pepper,_bell___healthy",0.934409
plantwild/extracted/plantwild/images/tomato bacterial leaf spot/google_0166.jpg,Tomato___Bacterial_spot,Strawberry___Leaf_scorch,0.845332
plantwild/extracted/plantwild/images/tomato bacterial leaf spot/google_0168.jpg,Tomato___Bacterial_spot,"Pepper,_bell___healthy",0.419586
plantwild/extracted/plantwild/images/tomato bacterial leaf spot/google_0169.jpg,Tomato___Bacterial_spot,Cherry___healthy,0.945661
plantwild/extracted/plantwild/images/tomato bacterial leaf spot/google_0171.jpg,Tomato___Bacterial_spot,Tomato___Early_blight,0.172526
plantwild/extracted/plantwild/images/tomato bacterial leaf spot/google_0172.jpg,Tomato___Bacterial_spot,Strawberry___Leaf_scorch,0.950055
plantwild/extracted/plantwild/images/tomato bacterial leaf spot/google_0173.jpg,Tomato___Bacterial_spot,Cherry___healthy,0.824413
plantwild/extracted/plantwild/images/tomato bacterial leaf spot/google_0174.jpg,Tomato___Bacterial_spot,Cherry___healthy,0.667715
plantwild/extracted/plantwild/images/tomato bacterial leaf spot/google_0175.jpg,Tomato___Bacterial_spot,"Pepper,_bell___Bacterial_spot",0.382141
plantwild/extracted/plantwild/images/tomato bacterial leaf spot/google_0176.jpg,Tomato___Bacterial_spot,Cherry___healthy,0.683662
plantwild/extracted/plantwild/images/tomato bacterial leaf spot/google_0186.jpg,Tomato___Bacterial_spot,Cherry___healthy,0.916981
plantwild/extracted/plantwild/images/tomato bacterial leaf spot/google_0188.jpg,Tomato___Bacterial_spot,Grape___Black_rot,0.512843
plantwild/extracted/plantwild/images/tomato bacterial leaf spot/google_0189.jpg,Tomato___Bacterial_spot,Strawberry___Leaf_scorch,0.417594
plantwild/extracted/plantwild/images/tomato bacterial leaf spot/google_0195.jpg,Tomato___Bacterial_spot,Cherry___healthy,0.820117
plantwild/extracted/plantwild/images/tomato bacterial leaf spot/google_0224.jpg,Tomato___Bacterial_spot,Tomato___Early_blight,0.296406
plantwild/extracted/plantwild/images/tomato bacterial leaf spot/google_0225.jpg,Tomato___Bacterial_spot,Raspberry___healthy,0.473694
plantwild/extracted/plantwild/images/tomato bacterial leaf spot/google_0228.jpg,Tomato___Bacterial_spot,Strawberry___Leaf_scorch,0.776047
plantwild/extracted/plantwild/images/tomato bacterial leaf spot/google_0231.jpg,Tomato___Bacterial_spot,"Pepper,_bell___healthy",0.939703
plantwild/extracted/plantwild/images/tomato bacterial leaf spot/google_0233.jpg,Tomato___Bacterial_spot,"Pepper,_bell___healthy",0.444076
plantwild/extracted/plantwild/images/tomato bacterial leaf spot/google_0247.jpg,Tomato___Bacterial_spot,Cherry___healthy,0.938677
plantwild/extracted/plantwild/images/tomato bacterial leaf spot/google_0249.jpg,Tomato___Bacterial_spot,"Pepper,_bell___healthy",0.669529
plantwild/extracted/plantwild/images/tomato bacterial leaf spot/google_0251.jpg,Tomato___Bacterial_spot,"Pepper,_bell___healthy",0.920500
plantwild/extracted/plantwild/images/tomato bacterial leaf spot/google_0254.jpg,Tomato___Bacterial_spot,Strawberry___Leaf_scorch,0.624178
plantwild/extracted/plantwild/images/tomato bacterial leaf spot/google_0255.jpg,Tomato___Bacterial_spot,"Pepper,_bell___healthy",0.871156
plantwild/extracted/plantwild/images/tomato bacterial leaf spot/google_0260.jpg,Tomato___Bacterial_spot,"Pepper,_bell___healthy",0.709153
plantwild/extracted/plantwild/images/tomato bacterial leaf spot/google_0261.jpg,Tomato___Bacterial_spot,"Pepper,_bell___healthy",0.915669
plantwild/extracted/plantwild/images/tomato bacterial leaf spot/google_0262.jpg,Tomato___Bacterial_spot,Tomato___Bacterial_spot,0.914803
plantwild/extracted/plantwild/images/tomato bacterial leaf spot/google_0265.jpg,Tomato___Bacterial_spot,"Pepper,_bell___healthy",0.729836
plantwild/extracted/plantwild/images/tomato bacterial leaf spot/google_0267.jpg,Tomato___Bacterial_spot,Strawberry___Leaf_scorch,0.465515
plantwild/extracted/plantwild/images/tomato bacterial leaf spot/google_0271.jpg,Tomato___Bacterial_spot,Tomato___Late_blight,0.763456
plantwild/extracted/plantwild/images/tomato bacterial leaf spot/google_0274.jpg,Tomato___Bacterial_spot,Apple___Apple_scab,0.481180
plantwild/extracted/plantwild/images/tomato bacterial leaf spot/google_0275.jpg,Tomato___Bacterial_spot,Cherry___Powdery_mildew,0.289484
plantwild/extracted/plantwild/images/tomato bacterial leaf spot/google_0276.jpg,Tomato___Bacterial_spot,"Pepper,_bell___healthy",0.793793
plantwild/extracted/plantwild/images/tomato bacterial leaf spot/google_0277.jpg,Tomato___Bacterial_spot,Strawberry___Leaf_scorch,0.266860
plantwild/extracted/plantwild/images/tomato bacterial leaf spot/google_0283.jpg,Tomato___Bacterial_spot,Corn___Common_rust,0.938752
plantwild/extracted/plantwild/images/tomato bacterial leaf spot/google_0286.jpg,Tomato___Bacterial_spot,Squash___Powdery_mildew,0.826165
plantwild/extracted/plantwild/images/tomato bacterial leaf spot/google_0292.jpg,Tomato___Bacterial_spot,Tomato___Early_blight,0.892136
plantwild/extracted/plantwild/images/tomato bacterial leaf spot/google_0293.jpg,Tomato___Bacterial_spot,"Pepper,_bell___healthy",0.496042
plantwild/extracted/plantwild/images/tomato bacterial leaf spot/google_0296.jpg,Tomato___Bacterial_spot,"Pepper,_bell___healthy",0.228641
plantwild/extracted/plantwild/images/tomato bacterial leaf spot/google_0307.jpg,Tomato___Bacterial_spot,Cherry___healthy,0.518538
plantwild/extracted/plantwild/images/tomato bacterial leaf spot/google_0308.jpg,Tomato___Bacterial_spot,Strawberry___Leaf_scorch,0.934954
plantwild/extracted/plantwild/images/tomato bacterial leaf spot/google_0310.jpg,Tomato___Bacterial_spot,Tomato___Leaf_Mold,0.630195
plantwild/extracted/plantwild/images/tomato bacterial leaf spot/google_0315.jpg,Tomato___Bacterial_spot,Tomato___Early_blight,0.547917
plantwild/extracted/plantwild/images/tomato bacterial leaf spot/google_0319.jpg,Tomato___Bacterial_spot,"Pepper,_bell___healthy",0.598209
plantwild/extracted/plantwild/images/tomato bacterial leaf spot/google_0324.jpg,Tomato___Bacterial_spot,Grape___Black_rot,0.615315
plantwild/extracted/plantwild/images/tomato bacterial leaf spot/google_0328.jpg,Tomato___Bacterial_spot,"Pepper,_bell___healthy",0.910732
plantwild/extracted/plantwild/images/tomato bacterial leaf spot/google_0338.jpg,Tomato___Bacterial_spot,Cherry___healthy,0.835738
plantwild/extracted/plantwild/images/tomato bacterial leaf spot/google_0351.jpg,Tomato___Bacterial_spot,Cherry___healthy,0.935344
plantwild/extracted/plantwild/images/tomato bacterial leaf spot/google_0390.jpg,Tomato___Bacterial_spot,Tomato___Septoria_leaf_spot,0.946068
plantwild/extracted/plantwild/images/tomato bacterial leaf spot/google_0395.jpg,Tomato___Bacterial_spot,Tomato___Septoria_leaf_spot,0.948295
plantwild/extracted/plantwild/images/tomato bacterial leaf spot/google_0400.jpg,Tomato___Bacterial_spot,Grape___Black_rot,0.632672
plantwild/extracted/plantwild/images/tomato bacterial leaf spot/google_0405.jpg,Tomato___Bacterial_spot,"Pepper,_bell___healthy",0.322613
plantwild/extracted/plantwild/images/tomato bacterial leaf spot/google_0408.jpg,Tomato___Bacterial_spot,Cherry___healthy,0.345279
plantwild/extracted/plantwild/images/tomato bacterial leaf spot/google_0410.jpg,Tomato___Bacterial_spot,Tomato___Septoria_leaf_spot,0.947113
plantwild/extracted/plantwild/images/tomato bacterial leaf spot/google_0411.jpg,Tomato___Bacterial_spot,"Pepper,_bell___healthy",0.726514
plantwild/extracted/plantwild/images/tomato bacterial leaf spot/google_0413.jpg,Tomato___Bacterial_spot,Strawberry___Leaf_scorch,0.929270
plantwild/extracted/plantwild/images/tomato bacterial leaf spot/google_0415.jpg,Tomato___Bacterial_spot,Cherry___healthy,0.912417
plantwild/extracted/plantwild/images/tomato bacterial leaf spot/google_0416.jpg,Tomato___Bacterial_spot,Tomato___Bacterial_spot,0.932341
plantwild/extracted/plantwild/images/tomato bacterial leaf spot/google_0421.jpg,Tomato___Bacterial_spot,Strawberry___Leaf_scorch,0.915379
plantwild/extracted/plantwild/images/tomato bacterial leaf spot/google_0427.jpg,Tomato___Bacterial_spot,Cherry___healthy,0.934631
plantwild/extracted/plantwild/images/tomato bacterial leaf spot/google_0429.jpg,Tomato___Bacterial_spot,Tomato___Early_blight,0.212087
plantwild/extracted/plantwild/images/tomato bacterial leaf spot/google_0432.jpg,Tomato___Bacterial_spot,Tomato___Early_blight,0.618271
plantwild/extracted/plantwild/images/tomato bacterial leaf spot/google_0436.jpg,Tomato___Bacterial_spot,"Pepper,_bell___healthy",0.391531
plantwild/extracted/plantwild/images/tomato bacterial leaf spot/google_0438.jpg,Tomato___Bacterial_spot,Strawberry___Leaf_scorch,0.821099
plantwild/extracted/plantwild/images/tomato bacterial leaf spot/google_0444.jpg,Tomato___Bacterial_spot,"Pepper,_bell___healthy",0.713176
plantwild/extracted/plantwild/images/tomato bacterial leaf spot/google_0449.jpg,Tomato___Bacterial_spot,Tomato___Early_blight,0.946385
plantwild/extracted/plantwild/images/tomato bacterial leaf spot/google_0458.jpg,Tomato___Bacterial_spot,"Pepper,_bell___healthy",0.914555
plantwild/extracted/plantwild/images/tomato bacterial leaf spot/google_0465.jpg,Tomato___Bacterial_spot,"Pepper,_bell___healthy",0.666206
plantwild/extracted/plantwild/images/tomato bacterial leaf spot/google_0466.jpg,Tomato___Bacterial_spot,Strawberry___Leaf_scorch,0.947349
plantwild/extracted/plantwild/images/tomato early blight/1.jpg,Tomato___Early_blight,"Pepper,_bell___healthy",0.617479
plantwild/extracted/plantwild/images/tomato early blight/10.jpg,Tomato___Early_blight,Grape___Black_rot,0.905457
plantwild/extracted/plantwild/images/tomato early blight/104.jpg,Tomato___Early_blight,Tomato___Late_blight,0.658724
plantwild/extracted/plantwild/images/tomato early blight/109.jpg,Tomato___Early_blight,Tomato___Late_blight,0.914706
plantwild/extracted/plantwild/images/tomato early blight/118.jpg,Tomato___Early_blight,Potato___Early_blight,0.246917
plantwild/extracted/plantwild/images/tomato early blight/12.jpg,Tomato___Early_blight,"Pepper,_bell___healthy",0.933238
plantwild/extracted/plantwild/images/tomato early blight/120.jpg,Tomato___Early_blight,Tomato___Early_blight,0.921822
plantwild/extracted/plantwild/images/tomato early blight/121.jpg,Tomato___Early_blight,Potato___Early_blight,0.562597
plantwild/extracted/plantwild/images/tomato early blight/124.jpg,Tomato___Early_blight,Strawberry___Leaf_scorch,0.950780
plantwild/extracted/plantwild/images/tomato early blight/127.jpg,Tomato___Early_blight,Tomato___Early_blight,0.344269
plantwild/extracted/plantwild/images/tomato early blight/128.jpg,Tomato___Early_blight,Tomato___Early_blight,0.829450
plantwild/extracted/plantwild/images/tomato early blight/129.jpg,Tomato___Early_blight,Strawberry___Leaf_scorch,0.506432
plantwild/extracted/plantwild/images/tomato early blight/13.jpg,Tomato___Early_blight,Grape___Black_rot,0.598403
plantwild/extracted/plantwild/images/tomato early blight/130.jpg,Tomato___Early_blight,"Pepper,_bell___healthy",0.908156
plantwild/extracted/plantwild/images/tomato early blight/133.jpg,Tomato___Early_blight,Squash___Powdery_mildew,0.423341
plantwild/extracted/plantwild/images/tomato early blight/136.jpg,Tomato___Early_blight,Grape___Black_rot,0.696664
plantwild/extracted/plantwild/images/tomato early blight/137.jpg,Tomato___Early_blight,Tomato___Late_blight,0.413800
plantwild/extracted/plantwild/images/tomato early blight/14.jpg,Tomato___Early_blight,"Pepper,_bell___healthy",0.819967
plantwild/extracted/plantwild/images/tomato early blight/140.jpg,Tomato___Early_blight,Strawberry___Leaf_scorch,0.931568
plantwild/extracted/plantwild/images/tomato early blight/142.jpg,Tomato___Early_blight,Corn___healthy,0.921315
plantwild/extracted/plantwild/images/tomato early blight/143.jpg,Tomato___Early_blight,Cherry___healthy,0.870265
plantwild/extracted/plantwild/images/tomato early blight/146.jpg,Tomato___Early_blight,Tomato___Late_blight,0.831181
plantwild/extracted/plantwild/images/tomato early blight/152.jpg,Tomato___Early_blight,Strawberry___Leaf_scorch,0.619859
plantwild/extracted/plantwild/images/tomato early blight/155.jpg,Tomato___Early_blight,Cherry___healthy,0.873054
plantwild/extracted/plantwild/images/tomato early blight/159.jpg,Tomato___Early_blight,"Pepper,_bell___healthy",0.921360
plantwild/extracted/plantwild/images/tomato early blight/160.jpg,Tomato___Early_blight,Tomato___Late_blight,0.915161
plantwild/extracted/plantwild/images/tomato early blight/161 - Copy (2).jpg,Tomato___Early_blight,Corn___healthy,0.939631
plantwild/extracted/plantwild/images/tomato early blight/163.jpg,Tomato___Early_blight,Tomato___Late_blight,0.798025
plantwild/extracted/plantwild/images/tomato early blight/165.jpg,Tomato___Early_blight,Grape___Black_rot,0.908207
plantwild/extracted/plantwild/images/tomato early blight/166.jpg,Tomato___Early_blight,Strawberry___Leaf_scorch,0.576087
plantwild/extracted/plantwild/images/tomato early blight/168.jpg,Tomato___Early_blight,Cherry___healthy,0.627546
plantwild/extracted/plantwild/images/tomato early blight/17.jpg,Tomato___Early_blight,Strawberry___Leaf_scorch,0.436378
plantwild/extracted/plantwild/images/tomato early blight/172.jpg,Tomato___Early_blight,Grape___Black_rot,0.845746
plantwild/extracted/plantwild/images/tomato early blight/173.jpg,Tomato___Early_blight,"Pepper,_bell___healthy",0.501770
plantwild/extracted/plantwild/images/tomato early blight/175.jpg,Tomato___Early_blight,Cherry___healthy,0.581387
plantwild/extracted/plantwild/images/tomato early blight/177.jpg,Tomato___Early_blight,Grape___Black_rot,0.893260
plantwild/extracted/plantwild/images/tomato early blight/178.jpg,Tomato___Early_blight,"Pepper,_bell___healthy",0.899234
plantwild/extracted/plantwild/images/tomato early blight/179.jpg,Tomato___Early_blight,Squash___Powdery_mildew,0.879336
plantwild/extracted/plantwild/images/tomato early blight/182.jpg,Tomato___Early_blight,"Pepper,_bell___healthy",0.883047
plantwild/extracted/plantwild/images/tomato early blight/183.jpg,Tomato___Early_blight,Cherry___healthy,0.567475
plantwild/extracted/plantwild/images/tomato early blight/186.jpg,Tomato___Early_blight,Tomato___Early_blight,0.929280
plantwild/extracted/plantwild/images/tomato early blight/188.jpg,Tomato___Early_blight,Tomato___Late_blight,0.791704
plantwild/extracted/plantwild/images/tomato early blight/189.jpg,Tomato___Early_blight,Strawberry___Leaf_scorch,0.761446
plantwild/extracted/plantwild/images/tomato early blight/19.jpg,Tomato___Early_blight,Tomato___Early_blight,0.897705
plantwild/extracted/plantwild/images/tomato early blight/191.jpg,Tomato___Early_blight,Grape___Black_rot,0.940686
plantwild/extracted/plantwild/images/tomato early blight/193.jpg,Tomato___Early_blight,Grape___Black_rot,0.405648
plantwild/extracted/plantwild/images/tomato early blight/194.jpg,Tomato___Early_blight,Strawberry___Leaf_scorch,0.848049
plantwild/extracted/plantwild/images/tomato early blight/199 - Copy.jpg,Tomato___Early_blight,Potato___Early_blight,0.446245
plantwild/extracted/plantwild/images/tomato early blight/199.jpg,Tomato___Early_blight,Corn___Northern_Leaf_Blight,0.742087
plantwild/extracted/plantwild/images/tomato early blight/2.jpg,Tomato___Early_blight,Grape___Esca_(Black_Measles),0.858333
plantwild/extracted/plantwild/images/tomato early blight/201.jpg,Tomato___Early_blight,Grape___Black_rot,0.833840
plantwild/extracted/plantwild/images/tomato early blight/202.jpg,Tomato___Early_blight,Strawberry___Leaf_scorch,0.365211
plantwild/extracted/plantwild/images/tomato early blight/208.jpg,Tomato___Early_blight,"Pepper,_bell___healthy",0.726048
plantwild/extracted/plantwild/images/tomato early blight/21.jpg,Tomato___Early_blight,Cherry___healthy,0.360678
plantwild/extracted/plantwild/images/tomato early blight/210.jpg,Tomato___Early_blight,Grape___Black_rot,0.935110
plantwild/extracted/plantwild/images/tomato early blight/211.jpg,Tomato___Early_blight,Tomato___Late_blight,0.835394
plantwild/extracted/plantwild/images/tomato early blight/212.jpg,Tomato___Early_blight,Potato___Early_blight,0.845479
plantwild/extracted/plantwild/images/tomato early blight/214.jpg,Tomato___Early_blight,Tomato___Late_blight,0.943752
plantwild/extracted/plantwild/images/tomato early blight/216.jpg,Tomato___Early_blight,Grape___Black_rot,0.812651
plantwild/extracted/plantwild/images/tomato early blight/218.jpg,Tomato___Early_blight,Strawberry___Leaf_scorch,0.789975
plantwild/extracted/plantwild/images/tomato early blight/219.jpg,Tomato___Early_blight,Tomato___Early_blight,0.759030
plantwild/extracted/plantwild/images/tomato early blight/221.jpg,Tomato___Early_blight,Potato___Early_blight,0.851995
plantwild/extracted/plantwild/images/tomato early blight/223.jpg,Tomato___Early_blight,Tomato___Late_blight,0.904187
plantwild/extracted/plantwild/images/tomato early blight/227.jpg,Tomato___Early_blight,Cherry___healthy,0.803294
plantwild/extracted/plantwild/images/tomato early blight/23.jpg,Tomato___Early_blight,"Pepper,_bell___healthy",0.801703
plantwild/extracted/plantwild/images/tomato early blight/233.jpg,Tomato___Early_blight,Strawberry___Leaf_scorch,0.951067
plantwild/extracted/plantwild/images/tomato early blight/234.jpg,Tomato___Early_blight,Cherry___healthy,0.877217
plantwild/extracted/plantwild/images/tomato early blight/238.jpg,Tomato___Early_blight,Grape___Black_rot,0.296891
plantwild/extracted/plantwild/images/tomato early blight/242.jpg,Tomato___Early_blight,"Pepper,_bell___healthy",0.715982
plantwild/extracted/plantwild/images/tomato early blight/244.jpg,Tomato___Early_blight,Tomato___Late_blight,0.891495
plantwild/extracted/plantwild/images/tomato early blight/246.jpg,Tomato___Early_blight,Potato___Early_blight,0.930215
plantwild/extracted/plantwild/images/tomato early blight/25 - Copy (2).jpg,Tomato___Early_blight,Cherry___healthy,0.949712
plantwild/extracted/plantwild/images/tomato early blight/25 - Copy (3).jpg,Tomato___Early_blight,Corn___Northern_Leaf_Blight,0.556836
plantwild/extracted/plantwild/images/tomato early blight/25 - Copy (4).jpg,Tomato___Early_blight,Tomato___Late_blight,0.834374
plantwild/extracted/plantwild/images/tomato early blight/25 - Copy (5).jpg,Tomato___Early_blight,Tomato___Late_blight,0.939334
plantwild/extracted/plantwild/images/tomato early blight/25 - Copy (6).jpg,Tomato___Early_blight,Tomato___Early_blight,0.927171
plantwild/extracted/plantwild/images/tomato early blight/25 - Copy (7).jpg,Tomato___Early_blight,Tomato___Early_blight,0.832560
plantwild/extracted/plantwild/images/tomato early blight/25 - Copy (8).jpg,Tomato___Early_blight,Tomato___Late_blight,0.505308
plantwild/extracted/plantwild/images/tomato early blight/25.jpg,Tomato___Early_blight,Tomato___Early_blight,0.517947
plantwild/extracted/plantwild/images/tomato early blight/251.jpg,Tomato___Early_blight,"Pepper,_bell___healthy",0.417163
plantwild/extracted/plantwild/images/tomato early blight/252.jpg,Tomato___Early_blight,"Pepper,_bell___healthy",0.660558
plantwild/extracted/plantwild/images/tomato early blight/255.jpg,Tomato___Early_blight,"Pepper,_bell___healthy",0.335142
plantwild/extracted/plantwild/images/tomato early blight/258.jpg,Tomato___Early_blight,Tomato___Late_blight,0.444424
plantwild/extracted/plantwild/images/tomato early blight/259.jpg,Tomato___Early_blight,Cherry___healthy,0.617007
plantwild/extracted/plantwild/images/tomato early blight/26 - Copy (2).jpg,Tomato___Early_blight,"Pepper,_bell___healthy",0.347945
plantwild/extracted/plantwild/images/tomato early blight/26 - Copy.jpg,Tomato___Early_blight,Tomato___Late_blight,0.954109
plantwild/extracted/plantwild/images/tomato early blight/26.jpg,Tomato___Early_blight,Tomato___Early_blight,0.749745
plantwild/extracted/plantwild/images/tomato early blight/260.jpg,Tomato___Early_blight,Cherry___healthy,0.884713
plantwild/extracted/plantwild/images/tomato early blight/274.jpg,Tomato___Early_blight,"Pepper,_bell___healthy",0.921700
plantwild/extracted/plantwild/images/tomato early blight/28.jpg,Tomato___Early_blight,Tomato___Early_blight,0.392203
plantwild/extracted/plantwild/images/tomato early blight/285.jpg,Tomato___Early_blight,Tomato___Early_blight,0.866265
plantwild/extracted/plantwild/images/tomato early blight/287.jpg,Tomato___Early_blight,Grape___Black_rot,0.756066
plantwild/extracted/plantwild/images/tomato early blight/288.jpg,Tomato___Early_blight,Cherry___healthy,0.441311
plantwild/extracted/plantwild/images/tomato early blight/29.jpg,Tomato___Early_blight,Grape___Black_rot,0.944918
plantwild/extracted/plantwild/images/tomato early blight/291.jpg,Tomato___Early_blight,"Pepper,_bell___healthy",0.855576
plantwild/extracted/plantwild/images/tomato early blight/3.jpg,Tomato___Early_blight,Tomato___Early_blight,0.833081
plantwild/extracted/plantwild/images/tomato early blight/30.jpg,Tomato___Early_blight,Squash___Powdery_mildew,0.343627
plantwild/extracted/plantwild/images/tomato early blight/31.jpg,Tomato___Early_blight,Grape___Black_rot,0.925401
plantwild/extracted/plantwild/images/tomato early blight/314.jpg,Tomato___Early_blight,Tomato___Late_blight,0.951983
plantwild/extracted/plantwild/images/tomato early blight/316.jpg,Tomato___Early_blight,Cherry___healthy,0.934636
plantwild/extracted/plantwild/images/tomato early blight/321.jpg,Tomato___Early_blight,Tomato___Late_blight,0.513178
plantwild/extracted/plantwild/images/tomato early blight/33.jpg,Tomato___Early_blight,"Pepper,_bell___healthy",0.947816
plantwild/extracted/plantwild/images/tomato early blight/36.jpg,Tomato___Early_blight,Strawberry___Leaf_scorch,0.948193
plantwild/extracted/plantwild/images/tomato early blight/38.jpg,Tomato___Early_blight,"Pepper,_bell___healthy",0.463745
plantwild/extracted/plantwild/images/tomato early blight/39.jpg,Tomato___Early_blight,Tomato___healthy,0.901192
plantwild/extracted/plantwild/images/tomato early blight/4.jpg,Tomato___Early_blight,"Pepper,_bell___healthy",0.678871
plantwild/extracted/plantwild/images/tomato early blight/43.jpg,Tomato___Early_blight,Squash___Powdery_mildew,0.720643
plantwild/extracted/plantwild/images/tomato early blight/46.jpg,Tomato___Early_blight,Tomato___Late_blight,0.950907
plantwild/extracted/plantwild/images/tomato early blight/47.jpg,Tomato___Early_blight,Grape___Black_rot,0.369441
plantwild/extracted/plantwild/images/tomato early blight/52 - Copy.jpg,Tomato___Early_blight,Tomato___Early_blight,0.933476
plantwild/extracted/plantwild/images/tomato early blight/52.jpg,Tomato___Early_blight,Tomato___Late_blight,0.743334
plantwild/extracted/plantwild/images/tomato early blight/53.jpg,Tomato___Early_blight,Tomato___Late_blight,0.953988
plantwild/extracted/plantwild/images/tomato early blight/55.jpg,Tomato___Early_blight,Strawberry___Leaf_scorch,0.424133
plantwild/extracted/plantwild/images/tomato early blight/59.jpg,Tomato___Early_blight,Cherry___healthy,0.552595
plantwild/extracted/plantwild/images/tomato early blight/6.jpg,Tomato___Early_blight,"Pepper,_bell___healthy",0.308572
plantwild/extracted/plantwild/images/tomato early blight/62.jpg,Tomato___Early_blight,Cherry___healthy,0.896878
plantwild/extracted/plantwild/images/tomato early blight/65.jpg,Tomato___Early_blight,"Pepper,_bell___healthy",0.941161
plantwild/extracted/plantwild/images/tomato early blight/66.jpg,Tomato___Early_blight,Strawberry___Leaf_scorch,0.571322
plantwild/extracted/plantwild/images/tomato early blight/67 - Copy.jpg,Tomato___Early_blight,Corn___healthy,0.930545
plantwild/extracted/plantwild/images/tomato early blight/67.jpg,Tomato___Early_blight,Grape___Esca_(Black_Measles),0.858703
plantwild/extracted/plantwild/images/tomato early blight/671 - Copy.jpg,Tomato___Early_blight,Tomato___Early_blight,0.866392
plantwild/extracted/plantwild/images/tomato early blight/671.jpg,Tomato___Early_blight,Potato___Early_blight,0.926849
plantwild/extracted/plantwild/images/tomato early blight/7.jpg,Tomato___Early_blight,Tomato___Early_blight,0.906575
plantwild/extracted/plantwild/images/tomato early blight/72.jpg,Tomato___Early_blight,Cherry___healthy,0.673626
plantwild/extracted/plantwild/images/tomato early blight/74.jpg,Tomato___Early_blight,Cherry___healthy,0.214978
plantwild/extracted/plantwild/images/tomato early blight/77.jpg,Tomato___Early_blight,Cherry___healthy,0.938589
plantwild/extracted/plantwild/images/tomato early blight/82 - Copy.jpg,Tomato___Early_blight,Potato___Early_blight,0.778015
plantwild/extracted/plantwild/images/tomato early blight/82.jpg,Tomato___Early_blight,Tomato___Late_blight,0.951016
plantwild/extracted/plantwild/images/tomato early blight/86.jpg,Tomato___Early_blight,Squash___Powdery_mildew,0.891039
plantwild/extracted/plantwild/images/tomato early blight/87.jpg,Tomato___Early_blight,"Pepper,_bell___healthy",0.790348
plantwild/extracted/plantwild/images/tomato early blight/89.jpg,Tomato___Early_blight,Tomato___Septoria_leaf_spot,0.123991
plantwild/extracted/plantwild/images/tomato early blight/93.jpg,Tomato___Early_blight,Potato___Early_blight,0.348128
plantwild/extracted/plantwild/images/tomato early blight/96.jpg,Tomato___Early_blight,Cherry___healthy,0.878025
plantwild/extracted/plantwild/images/tomato early blight/google_0000.jpg,Tomato___Early_blight,Tomato___Early_blight,0.492581
plantwild/extracted/plantwild/images/tomato early blight/google_0002.jpg,Tomato___Early_blight,Tomato___healthy,0.541560
plantwild/extracted/plantwild/images/tomato early blight/google_0003.jpg,Tomato___Early_blight,Cherry___healthy,0.950860
plantwild/extracted/plantwild/images/tomato early blight/google_0004.jpg,Tomato___Early_blight,"Pepper,_bell___healthy",0.822695
plantwild/extracted/plantwild/images/tomato early blight/google_0005.jpg,Tomato___Early_blight,Tomato___Late_blight,0.916011
plantwild/extracted/plantwild/images/tomato early blight/google_0007.jpg,Tomato___Early_blight,Potato___Early_blight,0.917020
plantwild/extracted/plantwild/images/tomato early blight/google_0008.jpg,Tomato___Early_blight,Corn___Common_rust,0.942847
plantwild/extracted/plantwild/images/tomato early blight/google_0009.jpg,Tomato___Early_blight,Cherry___healthy,0.551043
plantwild/extracted/plantwild/images/tomato early blight/google_0013.jpg,Tomato___Early_blight,Cherry___healthy,0.782890
plantwild/extracted/plantwild/images/tomato early blight/google_0014.jpg,Tomato___Early_blight,"Pepper,_bell___healthy",0.904685
plantwild/extracted/plantwild/images/tomato early blight/google_0015.jpg,Tomato___Early_blight,Strawberry___Leaf_scorch,0.643715
plantwild/extracted/plantwild/images/tomato early blight/google_0016.jpg,Tomato___Early_blight,"Pepper,_bell___healthy",0.925025
plantwild/extracted/plantwild/images/tomato early blight/google_0017.jpg,Tomato___Early_blight,Cherry___healthy,0.892615
plantwild/extracted/plantwild/images/tomato early blight/google_0018.jpg,Tomato___Early_blight,Tomato___Early_blight,0.812433
plantwild/extracted/plantwild/images/tomato early blight/google_0020.jpg,Tomato___Early_blight,Grape___Black_rot,0.422336
plantwild/extracted/plantwild/images/tomato early blight/google_0021.jpg,Tomato___Early_blight,Tomato___healthy,0.669961
plantwild/extracted/plantwild/images/tomato early blight/google_0022.jpg,Tomato___Early_blight,"Pepper,_bell___healthy",0.659510
plantwild/extracted/plantwild/images/tomato early blight/google_0024.jpg,Tomato___Early_blight,Tomato___Early_blight,0.921929
plantwild/extracted/plantwild/images/tomato early blight/google_0028.jpg,Tomato___Early_blight,Cherry___healthy,0.941969
plantwild/extracted/plantwild/images/tomato early blight/google_0031.jpg,Tomato___Early_blight,Cherry___healthy,0.466986
plantwild/extracted/plantwild/images/tomato early blight/google_0032.jpg,Tomato___Early_blight,Cherry___healthy,0.920058
plantwild/extracted/plantwild/images/tomato early blight/google_0033.jpg,Tomato___Early_blight,"Pepper,_bell___healthy",0.416800
plantwild/extracted/plantwild/images/tomato early blight/google_0035.jpg,Tomato___Early_blight,Tomato___Late_blight,0.465409
plantwild/extracted/plantwild/images/tomato early blight/google_0036.jpg,Tomato___Early_blight,Cherry___healthy,0.611855
plantwild/extracted/plantwild/images/tomato early blight/google_0038.jpg,Tomato___Early_blight,"Pepper,_bell___healthy",0.924573
plantwild/extracted/plantwild/images/tomato early blight/google_0040.jpg,Tomato___Early_blight,Tomato___Early_blight,0.673122
plantwild/extracted/plantwild/images/tomato early blight/google_0041.jpg,Tomato___Early_blight,Squash___Powdery_mildew,0.931640
plantwild/extracted/plantwild/images/tomato early blight/google_0042.jpg,Tomato___Early_blight,Corn___Common_rust,0.946465
plantwild/extracted/plantwild/images/tomato early blight/google_0043.jpg,Tomato___Early_blight,Tomato___Early_blight,0.738329
plantwild/extracted/plantwild/images/tomato early blight/google_0044.jpg,Tomato___Early_blight,Tomato___Early_blight,0.872541
plantwild/extracted/plantwild/images/tomato early blight/google_0045.jpg,Tomato___Early_blight,Cherry___healthy,0.911895
plantwild/extracted/plantwild/images/tomato early blight/google_0046.jpg,Tomato___Early_blight,Cherry___healthy,0.584698
plantwild/extracted/plantwild/images/tomato early blight/google_0047.jpg,Tomato___Early_blight,"Pepper,_bell___healthy",0.535571
plantwild/extracted/plantwild/images/tomato early blight/google_0048.jpg,Tomato___Early_blight,Tomato___Early_blight,0.378148
plantwild/extracted/plantwild/images/tomato early blight/google_0050.jpg,Tomato___Early_blight,Tomato___Septoria_leaf_spot,0.947710
plantwild/extracted/plantwild/images/tomato early blight/google_0052.jpg,Tomato___Early_blight,Grape___Esca_(Black_Measles),0.278619
plantwild/extracted/plantwild/images/tomato early blight/google_0053.jpg,Tomato___Early_blight,Cherry___healthy,0.749469
plantwild/extracted/plantwild/images/tomato early blight/google_0054.jpg,Tomato___Early_blight,Corn___healthy,0.709619
plantwild/extracted/plantwild/images/tomato early blight/google_0055.jpg,Tomato___Early_blight,"Pepper,_bell___healthy",0.770908
plantwild/extracted/plantwild/images/tomato early blight/google_0056.jpg,Tomato___Early_blight,"Pepper,_bell___healthy",0.777598
plantwild/extracted/plantwild/images/tomato early blight/google_0057.jpg,Tomato___Early_blight,Tomato___Early_blight,0.796837
plantwild/extracted/plantwild/images/tomato early blight/google_0058.jpg,Tomato___Early_blight,"Pepper,_bell___healthy",0.421874
plantwild/extracted/plantwild/images/tomato early blight/google_0059.jpg,Tomato___Early_blight,Tomato___Early_blight,0.730100
plantwild/extracted/plantwild/images/tomato early blight/google_0060.jpg,Tomato___Early_blight,"Pepper,_bell___healthy",0.385952
plantwild/extracted/plantwild/images/tomato early blight/google_0061.jpg,Tomato___Early_blight,"Pepper,_bell___healthy",0.926412
plantwild/extracted/plantwild/images/tomato early blight/google_0062.jpg,Tomato___Early_blight,Tomato___Late_blight,0.886984
plantwild/extracted/plantwild/images/tomato early blight/google_0065.jpg,Tomato___Early_blight,Tomato___healthy,0.674198
plantwild/extracted/plantwild/images/tomato early blight/google_0066.jpg,Tomato___Early_blight,Strawberry___Leaf_scorch,0.906399
plantwild/extracted/plantwild/images/tomato early blight/google_0068.jpg,Tomato___Early_blight,Tomato___Septoria_leaf_spot,0.899796
plantwild/extracted/plantwild/images/tomato early blight/google_0069.jpg,Tomato___Early_blight,"Pepper,_bell___healthy",0.696499
plantwild/extracted/plantwild/images/tomato early blight/google_0070.jpg,Tomato___Early_blight,Cherry___healthy,0.938330
plantwild/extracted/plantwild/images/tomato early blight/google_0071.jpg,Tomato___Early_blight,Tomato___Early_blight,0.919714
plantwild/extracted/plantwild/images/tomato early blight/google_0073.jpg,Tomato___Early_blight,Tomato___Early_blight,0.404902
plantwild/extracted/plantwild/images/tomato early blight/google_0074.jpg,Tomato___Early_blight,Strawberry___Leaf_scorch,0.951147
plantwild/extracted/plantwild/images/tomato early blight/google_0076.jpg,Tomato___Early_blight,"Pepper,_bell___healthy",0.947970
plantwild/extracted/plantwild/images/tomato early blight/google_0077.jpg,Tomato___Early_blight,Tomato___Early_blight,0.327480
plantwild/extracted/plantwild/images/tomato early blight/google_0080.jpg,Tomato___Early_blight,Tomato___Early_blight,0.916455
plantwild/extracted/plantwild/images/tomato early blight/google_0081.jpg,Tomato___Early_blight,"Pepper,_bell___healthy",0.750606
plantwild/extracted/plantwild/images/tomato early blight/google_0083.jpg,Tomato___Early_blight,"Pepper,_bell___healthy",0.940115
plantwild/extracted/plantwild/images/tomato early blight/google_0087.jpg,Tomato___Early_blight,"Pepper,_bell___healthy",0.465954
plantwild/extracted/plantwild/images/tomato early blight/google_0088.jpg,Tomato___Early_blight,"Pepper,_bell___healthy",0.429215
plantwild/extracted/plantwild/images/tomato early blight/google_0089.jpg,Tomato___Early_blight,Strawberry___Leaf_scorch,0.942627
plantwild/extracted/plantwild/images/tomato early blight/google_0091.jpg,Tomato___Early_blight,Tomato___Late_blight,0.952635
plantwild/extracted/plantwild/images/tomato early blight/google_0093.jpg,Tomato___Early_blight,Corn___Northern_Leaf_Blight,0.542123
plantwild/extracted/plantwild/images/tomato early blight/google_0094.jpg,Tomato___Early_blight,Cherry___healthy,0.584749
plantwild/extracted/plantwild/images/tomato early blight/google_0095 - Copy.jpg,Tomato___Early_blight,Tomato___Septoria_leaf_spot,0.952440
plantwild/extracted/plantwild/images/tomato early blight/google_0095.jpg,Tomato___Early_blight,Tomato___Late_blight,0.952556
plantwild/extracted/plantwild/images/tomato early blight/google_0096.jpg,Tomato___Early_blight,"Pepper,_bell___healthy",0.694301
plantwild/extracted/plantwild/images/tomato early blight/google_0098.jpg,Tomato___Early_blight,"Pepper,_bell___healthy",0.553293
plantwild/extracted/plantwild/images/tomato early blight/google_0099.jpg,Tomato___Early_blight,Cherry___healthy,0.325561
plantwild/extracted/plantwild/images/tomato early blight/google_0100.jpg,Tomato___Early_blight,Cherry___healthy,0.915644
plantwild/extracted/plantwild/images/tomato early blight/google_0101.jpg,Tomato___Early_blight,Potato___Early_blight,0.815956
plantwild/extracted/plantwild/images/tomato early blight/google_0103.jpg,Tomato___Early_blight,"Pepper,_bell___healthy",0.792555
plantwild/extracted/plantwild/images/tomato early blight/google_0105.jpg,Tomato___Early_blight,Strawberry___Leaf_scorch,0.834206
plantwild/extracted/plantwild/images/tomato early blight/google_0106.jpg,Tomato___Early_blight,Tomato___Early_blight,0.838028
plantwild/extracted/plantwild/images/tomato early blight/google_0110.jpg,Tomato___Early_blight,Strawberry___Leaf_scorch,0.919671
plantwild/extracted/plantwild/images/tomato early blight/google_0111.jpg,Tomato___Early_blight,Corn___Cercospora_leaf_spot Gray_leaf_spot,0.561234
plantwild/extracted/plantwild/images/tomato early blight/google_0112.jpg,Tomato___Early_blight,"Pepper,_bell___healthy",0.835463
plantwild/extracted/plantwild/images/tomato early blight/google_0117.jpg,Tomato___Early_blight,"Pepper,_bell___healthy",0.904718
plantwild/extracted/plantwild/images/tomato early blight/google_0119.jpg,Tomato___Early_blight,Tomato___Septoria_leaf_spot,0.582769
plantwild/extracted/plantwild/images/tomato early blight/google_0120.jpg,Tomato___Early_blight,"Pepper,_bell___healthy",0.700763
plantwild/extracted/plantwild/images/tomato early blight/google_0123.jpg,Tomato___Early_blight,"Pepper,_bell___healthy",0.867341
plantwild/extracted/plantwild/images/tomato early blight/google_0127.jpg,Tomato___Early_blight,Tomato___Septoria_leaf_spot,0.294992
plantwild/extracted/plantwild/images/tomato early blight/google_0130.jpg,Tomato___Early_blight,"Pepper,_bell___healthy",0.525061
plantwild/extracted/plantwild/images/tomato early blight/google_0131.jpg,Tomato___Early_blight,Cherry___healthy,0.936303
plantwild/extracted/plantwild/images/tomato early blight/google_0132.jpg,Tomato___Early_blight,"Pepper,_bell___healthy",0.602326
plantwild/extracted/plantwild/images/tomato early blight/google_0133.jpg,Tomato___Early_blight,Potato___Early_blight,0.912427
plantwild/extracted/plantwild/images/tomato early blight/google_0136.jpg,Tomato___Early_blight,Tomato___Early_blight,0.777191
plantwild/extracted/plantwild/images/tomato early blight/google_0137.jpg,Tomato___Early_blight,Tomato___Late_blight,0.590500
plantwild/extracted/plantwild/images/tomato early blight/google_0138.jpg,Tomato___Early_blight,"Pepper,_bell___healthy",0.897123
plantwild/extracted/plantwild/images/tomato early blight/google_0139.jpg,Tomato___Early_blight,Cherry___healthy,0.796014
plantwild/extracted/plantwild/images/tomato early blight/google_0140.jpg,Tomato___Early_blight,"Pepper,_bell___healthy",0.935909
plantwild/extracted/plantwild/images/tomato early blight/google_0141.jpg,Tomato___Early_blight,Strawberry___Leaf_scorch,0.944399
plantwild/extracted/plantwild/images/tomato early blight/google_0143.jpg,Tomato___Early_blight,Cherry___healthy,0.820157
plantwild/extracted/plantwild/images/tomato early blight/google_0145.jpg,Tomato___Early_blight,"Pepper,_bell___healthy",0.926737
plantwild/extracted/plantwild/images/tomato early blight/google_0146.jpg,Tomato___Early_blight,Cherry___healthy,0.927186
plantwild/extracted/plantwild/images/tomato early blight/google_0149.jpg,Tomato___Early_blight,Grape___Black_rot,0.454151
plantwild/extracted/plantwild/images/tomato early blight/google_0152.jpg,Tomato___Early_blight,Grape___Black_rot,0.740074
plantwild/extracted/plantwild/images/tomato early blight/google_0154.jpg,Tomato___Early_blight,"Pepper,_bell___healthy",0.841496
plantwild/extracted/plantwild/images/tomato early blight/google_0157.jpg,Tomato___Early_blight,Cherry___healthy,0.899300
plantwild/extracted/plantwild/images/tomato early blight/google_0159.jpg,Tomato___Early_blight,Cherry___healthy,0.704365
plantwild/extracted/plantwild/images/tomato early blight/google_0160.jpg,Tomato___Early_blight,"Pepper,_bell___healthy",0.404101
plantwild/extracted/plantwild/images/tomato early blight/google_0161.jpg,Tomato___Early_blight,Strawberry___Leaf_scorch,0.577461
plantwild/extracted/plantwild/images/tomato early blight/google_0163.jpg,Tomato___Early_blight,Tomato___Early_blight,0.672008
plantwild/extracted/plantwild/images/tomato early blight/google_0167.jpg,Tomato___Early_blight,"Pepper,_bell___healthy",0.871706
plantwild/extracted/plantwild/images/tomato early blight/google_0173.jpg,Tomato___Early_blight,Tomato___Early_blight,0.357014
plantwild/extracted/plantwild/images/tomato early blight/google_0174.jpg,Tomato___Early_blight,Corn___healthy,0.954927
plantwild/extracted/plantwild/images/tomato early blight/google_0177.jpg,Tomato___Early_blight,"Pepper,_bell___healthy",0.490555
plantwild/extracted/plantwild/images/tomato early blight/google_0178.jpg,Tomato___Early_blight,Potato___Late_blight,0.769613
plantwild/extracted/plantwild/images/tomato early blight/google_0179.jpg,Tomato___Early_blight,Tomato___Early_blight,0.502777
plantwild/extracted/plantwild/images/tomato early blight/google_0181.jpg,Tomato___Early_blight,Tomato___Early_blight,0.392983
plantwild/extracted/plantwild/images/tomato early blight/google_0183.jpg,Tomato___Early_blight,Tomato___Septoria_leaf_spot,0.338404
plantwild/extracted/plantwild/images/tomato early blight/google_0185.jpg,Tomato___Early_blight,Tomato___Early_blight,0.891180
plantwild/extracted/plantwild/images/tomato early blight/google_0187.jpg,Tomato___Early_blight,Cherry___healthy,0.934036
plantwild/extracted/plantwild/images/tomato early blight/google_0188.jpg,Tomato___Early_blight,Tomato___Early_blight,0.411283
plantwild/extracted/plantwild/images/tomato early blight/google_0189.jpg,Tomato___Early_blight,Cherry___healthy,0.473361
plantwild/extracted/plantwild/images/tomato early blight/google_0192.jpg,Tomato___Early_blight,Tomato___Late_blight,0.954523
plantwild/extracted/plantwild/images/tomato early blight/google_0196.jpg,Tomato___Early_blight,Tomato___Late_blight,0.523364
plantwild/extracted/plantwild/images/tomato early blight/google_0198.jpg,Tomato___Early_blight,Cherry___healthy,0.585628
plantwild/extracted/plantwild/images/tomato early blight/google_0200.jpg,Tomato___Early_blight,Tomato___Early_blight,0.455035
plantwild/extracted/plantwild/images/tomato early blight/google_0201.jpg,Tomato___Early_blight,Cherry___healthy,0.479486
plantwild/extracted/plantwild/images/tomato early blight/google_0208.jpg,Tomato___Early_blight,Grape___Black_rot,0.910546
plantwild/extracted/plantwild/images/tomato early blight/google_0209.jpg,Tomato___Early_blight,Strawberry___Leaf_scorch,0.718131
plantwild/extracted/plantwild/images/tomato early blight/google_0210.jpg,Tomato___Early_blight,Cherry___healthy,0.226141
plantwild/extracted/plantwild/images/tomato early blight/google_0211.jpg,Tomato___Early_blight,Strawberry___Leaf_scorch,0.819124
plantwild/extracted/plantwild/images/tomato early blight/google_0213.jpg,Tomato___Early_blight,"Pepper,_bell___healthy",0.721636
plantwild/extracted/plantwild/images/tomato early blight/google_0219.jpg,Tomato___Early_blight,"Pepper,_bell___healthy",0.698058
plantwild/extracted/plantwild/images/tomato early blight/google_0220.jpg,Tomato___Early_blight,Tomato___Late_blight,0.939576
plantwild/extracted/plantwild/images/tomato early blight/google_0221.jpg,Tomato___Early_blight,Tomato___Septoria_leaf_spot,0.647750
plantwild/extracted/plantwild/images/tomato early blight/google_0223.jpg,Tomato___Early_blight,Cherry___healthy,0.454287
plantwild/extracted/plantwild/images/tomato early blight/google_0224.jpg,Tomato___Early_blight,Cherry___healthy,0.854121
plantwild/extracted/plantwild/images/tomato early blight/google_0225.jpg,Tomato___Early_blight,Strawberry___Leaf_scorch,0.938578
plantwild/extracted/plantwild/images/tomato early blight/google_0226.jpg,Tomato___Early_blight,Tomato___Early_blight,0.420942
plantwild/extracted/plantwild/images/tomato early blight/google_0227.jpg,Tomato___Early_blight,"Pepper,_bell___healthy",0.261800
plantwild/extracted/plantwild/images/tomato early blight/google_0230.jpg,Tomato___Early_blight,"Pepper,_bell___healthy",0.574106
plantwild/extracted/plantwild/images/tomato early blight/google_0233.jpg,Tomato___Early_blight,"Pepper,_bell___healthy",0.939092
plantwild/extracted/plantwild/images/tomato early blight/google_0235.jpg,Tomato___Early_blight,"Pepper,_bell___healthy",0.826242
plantwild/extracted/plantwild/images/tomato early blight/google_0246.jpg,Tomato___Early_blight,"Pepper,_bell___healthy",0.855017
plantwild/extracted/plantwild/images/tomato early blight/google_0247.jpg,Tomato___Early_blight,"Pepper,_bell___healthy",0.602395
plantwild/extracted/plantwild/images/tomato early blight/google_0249.jpg,Tomato___Early_blight,Tomato___Early_blight,0.812920
plantwild/extracted/plantwild/images/tomato early blight/google_0250.jpg,Tomato___Early_blight,Tomato___Early_blight,0.840264
plantwild/extracted/plantwild/images/tomato early blight/google_0256.jpg,Tomato___Early_blight,Grape___Black_rot,0.567724
plantwild/extracted/plantwild/images/tomato early blight/google_0258.jpg,Tomato___Early_blight,"Pepper,_bell___healthy",0.824371
plantwild/extracted/plantwild/images/tomato early blight/google_0259.jpg,Tomato___Early_blight,Tomato___Late_blight,0.944693
plantwild/extracted/plantwild/images/tomato early blight/google_0260.jpg,Tomato___Early_blight,Tomato___Early_blight,0.892136
plantwild/extracted/plantwild/images/tomato early blight/google_0261.jpg,Tomato___Early_blight,Cherry___healthy,0.890076
plantwild/extracted/plantwild/images/tomato early blight/google_0264.jpg,Tomato___Early_blight,Tomato___Early_blight,0.543012
plantwild/extracted/plantwild/images/tomato early blight/google_0265.jpg,Tomato___Early_blight,Strawberry___Leaf_scorch,0.503212
plantwild/extracted/plantwild/images/tomato early blight/google_0267.jpg,Tomato___Early_blight,Corn___Northern_Leaf_Blight,0.480001
plantwild/extracted/plantwild/images/tomato early blight/google_0268.jpg,Tomato___Early_blight,Strawberry___Leaf_scorch,0.846422
plantwild/extracted/plantwild/images/tomato early blight/google_0269.jpg,Tomato___Early_blight,Cherry___healthy,0.487910
plantwild/extracted/plantwild/images/tomato early blight/google_0270.jpg,Tomato___Early_blight,"Pepper,_bell___healthy",0.742112
plantwild/extracted/plantwild/images/tomato early blight/google_0271.jpg,Tomato___Early_blight,Tomato___Early_blight,0.912104
plantwild/extracted/plantwild/images/tomato early blight/google_0272.jpg,Tomato___Early_blight,"Pepper,_bell___healthy",0.937015
plantwild/extracted/plantwild/images/tomato early blight/google_0273.jpg,Tomato___Early_blight,Cherry___healthy,0.595145
plantwild/extracted/plantwild/images/tomato early blight/google_0274.jpg,Tomato___Early_blight,"Pepper,_bell___healthy",0.501207
plantwild/extracted/plantwild/images/tomato early blight/google_0280.jpg,Tomato___Early_blight,"Pepper,_bell___healthy",0.440922
plantwild/extracted/plantwild/images/tomato early blight/google_0282.jpg,Tomato___Early_blight,Tomato___Septoria_leaf_spot,0.192399
plantwild/extracted/plantwild/images/tomato early blight/google_0283.jpg,Tomato___Early_blight,Cherry___healthy,0.946189
plantwild/extracted/plantwild/images/tomato early blight/google_0284.jpg,Tomato___Early_blight,"Pepper,_bell___healthy",0.936283
plantwild/extracted/plantwild/images/tomato early blight/google_0287.jpg,Tomato___Early_blight,Cherry___healthy,0.605334
plantwild/extracted/plantwild/images/tomato early blight/google_0288.jpg,Tomato___Early_blight,"Pepper,_bell___healthy",0.811275
plantwild/extracted/plantwild/images/tomato early blight/google_0290.jpg,Tomato___Early_blight,Cherry___healthy,0.734673
plantwild/extracted/plantwild/images/tomato early blight/google_0291.jpg,Tomato___Early_blight,Cherry___healthy,0.881543
plantwild/extracted/plantwild/images/tomato early blight/google_0292.jpg,Tomato___Early_blight,Cherry___healthy,0.636643
plantwild/extracted/plantwild/images/tomato early blight/google_0295.jpg,Tomato___Early_blight,"Pepper,_bell___healthy",0.901223
plantwild/extracted/plantwild/images/tomato early blight/google_0298.jpg,Tomato___Early_blight,Tomato___Late_blight,0.946425
plantwild/extracted/plantwild/images/tomato early blight/google_0305.jpg,Tomato___Early_blight,Grape___Black_rot,0.822139
plantwild/extracted/plantwild/images/tomato early blight/google_0307.jpg,Tomato___Early_blight,Strawberry___Leaf_scorch,0.553658
plantwild/extracted/plantwild/images/tomato early blight/google_0309.jpg,Tomato___Early_blight,Strawberry___Leaf_scorch,0.769587
plantwild/extracted/plantwild/images/tomato early blight/google_0310.jpg,Tomato___Early_blight,Cherry___healthy,0.938196
plantwild/extracted/plantwild/images/tomato early blight/google_0315.jpg,Tomato___Early_blight,Tomato___Septoria_leaf_spot,0.230978
plantwild/extracted/plantwild/images/tomato early blight/google_0317.jpg,Tomato___Early_blight,Cherry___healthy,0.872977
plantwild/extracted/plantwild/images/tomato early blight/google_0319.jpg,Tomato___Early_blight,Corn___healthy,0.178601
plantwild/extracted/plantwild/images/tomato early blight/google_0322.jpg,Tomato___Early_blight,Strawberry___Leaf_scorch,0.515144
plantwild/extracted/plantwild/images/tomato early blight/google_0326.jpg,Tomato___Early_blight,Tomato___Late_blight,0.511517
plantwild/extracted/plantwild/images/tomato early blight/google_0328.jpg,Tomato___Early_blight,"Pepper,_bell___healthy",0.945200
plantwild/extracted/plantwild/images/tomato early blight/google_0332.jpg,Tomato___Early_blight,"Pepper,_bell___healthy",0.943938
plantwild/extracted/plantwild/images/tomato early blight/google_0334.jpg,Tomato___Early_blight,Tomato___Late_blight,0.949332
plantwild/extracted/plantwild/images/tomato early blight/google_0340.jpg,Tomato___Early_blight,"Pepper,_bell___healthy",0.738934
plantwild/extracted/plantwild/images/tomato early blight/google_0341.jpg,Tomato___Early_blight,Cherry___healthy,0.843244
plantwild/extracted/plantwild/images/tomato early blight/google_0343.jpg,Tomato___Early_blight,Tomato___Septoria_leaf_spot,0.903525
plantwild/extracted/plantwild/images/tomato early blight/google_0344.jpg,Tomato___Early_blight,"Pepper,_bell___healthy",0.910732
plantwild/extracted/plantwild/images/tomato early blight/google_0345.jpg,Tomato___Early_blight,Peach___Bacterial_spot,0.751880
plantwild/extracted/plantwild/images/tomato early blight/google_0347.jpg,Tomato___Early_blight,Tomato___Early_blight,0.941577
plantwild/extracted/plantwild/images/tomato early blight/google_0349.jpg,Tomato___Early_blight,Potato___Early_blight,0.904986
plantwild/extracted/plantwild/images/tomato early blight/google_0350.jpg,Tomato___Early_blight,Tomato___Early_blight,0.736473
plantwild/extracted/plantwild/images/tomato early blight/google_0353.jpg,Tomato___Early_blight,Corn___Northern_Leaf_Blight,0.340194
plantwild/extracted/plantwild/images/tomato early blight/google_0354.jpg,Tomato___Early_blight,Tomato___Early_blight,0.937810
plantwild/extracted/plantwild/images/tomato early blight/google_0355.jpg,Tomato___Early_blight,Tomato___Early_blight,0.783702
plantwild/extracted/plantwild/images/tomato early blight/google_0356.jpg,Tomato___Early_blight,Cherry___healthy,0.938271
plantwild/extracted/plantwild/images/tomato early blight/google_0357.jpg,Tomato___Early_blight,Tomato___Septoria_leaf_spot,0.902564
plantwild/extracted/plantwild/images/tomato early blight/google_0358.jpg,Tomato___Early_blight,Grape___Black_rot,0.424575
plantwild/extracted/plantwild/images/tomato early blight/google_0362.jpg,Tomato___Early_blight,Strawberry___Leaf_scorch,0.511174
plantwild/extracted/plantwild/images/tomato early blight/google_0366.jpg,Tomato___Early_blight,"Pepper,_bell___healthy",0.705224
plantwild/extracted/plantwild/images/tomato early blight/google_0372.jpg,Tomato___Early_blight,Tomato___Late_blight,0.402594
plantwild/extracted/plantwild/images/tomato early blight/google_0373.jpg,Tomato___Early_blight,"Pepper,_bell___healthy",0.805684
plantwild/extracted/plantwild/images/tomato early blight/google_0374.jpg,Tomato___Early_blight,Tomato___Early_blight,0.940493
plantwild/extracted/plantwild/images/tomato early blight/google_0383.jpg,Tomato___Early_blight,"Pepper,_bell___healthy",0.543063
plantwild/extracted/plantwild/images/tomato early blight/google_0386.jpg,Tomato___Early_blight,"Pepper,_bell___healthy",0.579757
plantwild/extracted/plantwild/images/tomato early blight/google_0387.jpg,Tomato___Early_blight,Tomato___Early_blight,0.736514
plantwild/extracted/plantwild/images/tomato early blight/google_0390.jpg,Tomato___Early_blight,"Pepper,_bell___healthy",0.798690
plantwild/extracted/plantwild/images/tomato early blight/google_0393.jpg,Tomato___Early_blight,Tomato___Early_blight,0.642063
plantwild/extracted/plantwild/images/tomato early blight/google_0394.jpg,Tomato___Early_blight,Tomato___Late_blight,0.847449
plantwild/extracted/plantwild/images/tomato early blight/google_0397.jpg,Tomato___Early_blight,Tomato___Early_blight,0.946781
plantwild/extracted/plantwild/images/tomato early blight/google_0400.jpg,Tomato___Early_blight,Cherry___healthy,0.908201
plantwild/extracted/plantwild/images/tomato early blight/google_0404.jpg,Tomato___Early_blight,Apple___Apple_scab,0.334817
plantwild/extracted/plantwild/images/tomato early blight/google_0406.jpg,Tomato___Early_blight,Corn___Northern_Leaf_Blight,0.269106
plantwild/extracted/plantwild/images/tomato early blight/google_0411.jpg,Tomato___Early_blight,Tomato___Early_blight,0.949924
plantwild/extracted/plantwild/images/tomato early blight/google_0414.jpg,Tomato___Early_blight,Tomato___Late_blight,0.648557
plantwild/extracted/plantwild/images/tomato early blight/google_0422.jpg,Tomato___Early_blight,Tomato___Early_blight,0.945175
plantwild/extracted/plantwild/images/tomato early blight/google_0427.jpg,Tomato___Early_blight,Soybean___healthy,0.413198
plantwild/extracted/plantwild/images/tomato early blight/google_0432.jpg,Tomato___Early_blight,Tomato___Early_blight,0.918531
plantwild/extracted/plantwild/images/tomato late blight/10.jpg,Tomato___Late_blight,"Pepper,_bell___healthy",0.946001
plantwild/extracted/plantwild/images/tomato late blight/100.jpg,Tomato___Late_blight,Tomato___Late_blight,0.946736
plantwild/extracted/plantwild/images/tomato late blight/101.jpg,Tomato___Late_blight,Strawberry___Leaf_scorch,0.947150
plantwild/extracted/plantwild/images/tomato late blight/102.jpg,Tomato___Late_blight,Tomato___Early_blight,0.650850
plantwild/extracted/plantwild/images/tomato late blight/103.jpg,Tomato___Late_blight,Tomato___Late_blight,0.398844
plantwild/extracted/plantwild/images/tomato late blight/104.jpg,Tomato___Late_blight,Tomato___Late_blight,0.952546
plantwild/extracted/plantwild/images/tomato late blight/107.jpg,Tomato___Late_blight,Tomato___healthy,0.275334
plantwild/extracted/plantwild/images/tomato late blight/108.jpg,Tomato___Late_blight,"Pepper,_bell___healthy",0.889861
plantwild/extracted/plantwild/images/tomato late blight/109.jpg,Tomato___Late_blight,Corn___healthy,0.886372
plantwild/extracted/plantwild/images/tomato late blight/11.jpg,Tomato___Late_blight,Cherry___healthy,0.276915
plantwild/extracted/plantwild/images/tomato late blight/113.jpg,Tomato___Late_blight,Strawberry___Leaf_scorch,0.946010
plantwild/extracted/plantwild/images/tomato late blight/12.jpg,Tomato___Late_blight,Strawberry___Leaf_scorch,0.638851
plantwild/extracted/plantwild/images/tomato late blight/120.jpg,Tomato___Late_blight,"Pepper,_bell___healthy",0.919357
plantwild/extracted/plantwild/images/tomato late blight/121.jpg,Tomato___Late_blight,Tomato___Early_blight,0.703998
plantwild/extracted/plantwild/images/tomato late blight/122.jpg,Tomato___Late_blight,Tomato___Early_blight,0.299860
plantwild/extracted/plantwild/images/tomato late blight/127.jpg,Tomato___Late_blight,Tomato___Late_blight,0.930164
plantwild/extracted/plantwild/images/tomato late blight/13.jpg,Tomato___Late_blight,Tomato___Late_blight,0.887246
plantwild/extracted/plantwild/images/tomato late blight/130 - Copy (2).jpg,Tomato___Late_blight,"Pepper,_bell___healthy",0.755600
plantwild/extracted/plantwild/images/tomato late blight/130 - Copy.jpg,Tomato___Late_blight,Tomato___Late_blight,0.955184
plantwild/extracted/plantwild/images/tomato late blight/130.jpg,Tomato___Late_blight,Tomato___Late_blight,0.700392
plantwild/extracted/plantwild/images/tomato late blight/134.jpg,Tomato___Late_blight,"Pepper,_bell___healthy",0.228032
plantwild/extracted/plantwild/images/tomato late blight/135.jpg,Tomato___Late_blight,Tomato___Late_blight,0.956964
plantwild/extracted/plantwild/images/tomato late blight/136.jpg,Tomato___Late_blight,Cherry___healthy,0.914486
plantwild/extracted/plantwild/images/tomato late blight/137.jpg,Tomato___Late_blight,Tomato___Late_blight,0.648118
plantwild/extracted/plantwild/images/tomato late blight/14.jpg,Tomato___Late_blight,Cherry___healthy,0.897496
plantwild/extracted/plantwild/images/tomato late blight/142.jpg,Tomato___Late_blight,Strawberry___Leaf_scorch,0.945595
plantwild/extracted/plantwild/images/tomato late blight/143.jpg,Tomato___Late_blight,Strawberry___Leaf_scorch,0.500234
plantwild/extracted/plantwild/images/tomato late blight/147.jpg,Tomato___Late_blight,Cherry___healthy,0.898159
plantwild/extracted/plantwild/images/tomato late blight/149.jpg,Tomato___Late_blight,Strawberry___Leaf_scorch,0.895748
plantwild/extracted/plantwild/images/tomato late blight/159.jpg,Tomato___Late_blight,Tomato___Late_blight,0.432686
plantwild/extracted/plantwild/images/tomato late blight/16.jpg,Tomato___Late_blight,Strawberry___Leaf_scorch,0.897430
plantwild/extracted/plantwild/images/tomato late blight/160.jpg,Tomato___Late_blight,Cherry___healthy,0.943031
plantwild/extracted/plantwild/images/tomato late blight/162.jpg,Tomato___Late_blight,Tomato___Late_blight,0.467254
plantwild/extracted/plantwild/images/tomato late blight/163.jpg,Tomato___Late_blight,Tomato___Late_blight,0.832847
plantwild/extracted/plantwild/images/tomato late blight/166.jpg,Tomato___Late_blight,Apple___healthy,0.377161
plantwild/extracted/plantwild/images/tomato late blight/167.jpg,Tomato___Late_blight,"Pepper,_bell___healthy",0.911641
plantwild/extracted/plantwild/images/tomato late blight/168.jpg,Tomato___Late_blight,"Pepper,_bell___healthy",0.692260
plantwild/extracted/plantwild/images/tomato late blight/17.jpg,Tomato___Late_blight,Cherry___healthy,0.929750
plantwild/extracted/plantwild/images/tomato late blight/170.jpg,Tomato___Late_blight,Tomato___Late_blight,0.950762
plantwild/extracted/plantwild/images/tomato late blight/171.jpg,Tomato___Late_blight,"Pepper,_bell___healthy",0.580654
plantwild/extracted/plantwild/images/tomato late blight/172.jpg,Tomato___Late_blight,Cherry___healthy,0.502319
plantwild/extracted/plantwild/images/tomato late blight/173.jpg,Tomato___Late_blight,Tomato___Late_blight,0.499805
plantwild/extracted/plantwild/images/tomato late blight/175.jpg,Tomato___Late_blight,Cherry___healthy,0.791157
plantwild/extracted/plantwild/images/tomato late blight/177.jpg,Tomato___Late_blight,Cherry___healthy,0.926409
plantwild/extracted/plantwild/images/tomato late blight/179.jpg,Tomato___Late_blight,Strawberry___Leaf_scorch,0.585440
plantwild/extracted/plantwild/images/tomato late blight/18.jpg,Tomato___Late_blight,"Pepper,_bell___healthy",0.929125
plantwild/extracted/plantwild/images/tomato late blight/180.jpg,Tomato___Late_blight,Corn___Northern_Leaf_Blight,0.948468
plantwild/extracted/plantwild/images/tomato late blight/181.jpg,Tomato___Late_blight,Cherry___healthy,0.912184
plantwild/extracted/plantwild/images/tomato late blight/182.jpg,Tomato___Late_blight,"Pepper,_bell___healthy",0.892168
plantwild/extracted/plantwild/images/tomato late blight/185 - Copy.jpg,Tomato___Late_blight,Tomato___Early_blight,0.890779
plantwild/extracted/plantwild/images/tomato late blight/185.jpg,Tomato___Late_blight,Cherry___healthy,0.566255
plantwild/extracted/plantwild/images/tomato late blight/186.jpg,Tomato___Late_blight,"Pepper,_bell___healthy",0.941322
plantwild/extracted/plantwild/images/tomato late blight/189.jpg,Tomato___Late_blight,"Pepper,_bell___healthy",0.402562
plantwild/extracted/plantwild/images/tomato late blight/19.jpg,Tomato___Late_blight,Tomato___Late_blight,0.916952
plantwild/extracted/plantwild/images/tomato late blight/190.jpg,Tomato___Late_blight,"Pepper,_bell___healthy",0.332781
plantwild/extracted/plantwild/images/tomato late blight/192.jpg,Tomato___Late_blight,"Pepper,_bell___healthy",0.930277
plantwild/extracted/plantwild/images/tomato late blight/196.jpg,Tomato___Late_blight,"Pepper,_bell___healthy",0.662183
plantwild/extracted/plantwild/images/tomato late blight/197.jpg,Tomato___Late_blight,"Pepper,_bell___healthy",0.788505
plantwild/extracted/plantwild/images/tomato late blight/198.jpg,Tomato___Late_blight,Tomato___Late_blight,0.953882
plantwild/extracted/plantwild/images/tomato late blight/199.jpg,Tomato___Late_blight,Tomato___Late_blight,0.744506
plantwild/extracted/plantwild/images/tomato late blight/200.jpg,Tomato___Late_blight,"Pepper,_bell___healthy",0.896151
plantwild/extracted/plantwild/images/tomato late blight/201.jpg,Tomato___Late_blight,Cherry___healthy,0.877699
plantwild/extracted/plantwild/images/tomato late blight/203.jpg,Tomato___Late_blight,Cherry___healthy,0.862992
plantwild/extracted/plantwild/images/tomato late blight/204.jpg,Tomato___Late_blight,Tomato___Late_blight,0.948839
plantwild/extracted/plantwild/images/tomato late blight/205.jpg,Tomato___Late_blight,"Pepper,_bell___healthy",0.749604
plantwild/extracted/plantwild/images/tomato late blight/207.jpg,Tomato___Late_blight,Tomato___Late_blight,0.791704
plantwild/extracted/plantwild/images/tomato late blight/209.jpg,Tomato___Late_blight,Cherry___healthy,0.389187
plantwild/extracted/plantwild/images/tomato late blight/212.jpg,Tomato___Late_blight,Tomato___Late_blight,0.667456
plantwild/extracted/plantwild/images/tomato late blight/216.jpg,Tomato___Late_blight,"Pepper,_bell___healthy",0.855940
plantwild/extracted/plantwild/images/tomato late blight/217.jpg,Tomato___Late_blight,Tomato___Late_blight,0.421808
plantwild/extracted/plantwild/images/tomato late blight/22.jpg,Tomato___Late_blight,"Pepper,_bell___healthy",0.711999
plantwild/extracted/plantwild/images/tomato late blight/220.jpg,Tomato___Late_blight,Strawberry___Leaf_scorch,0.784319
plantwild/extracted/plantwild/images/tomato late blight/223.jpg,Tomato___Late_blight,Tomato___Late_blight,0.949545
plantwild/extracted/plantwild/images/tomato late blight/224.jpg,Tomato___Late_blight,Tomato___Late_blight,0.905673
plantwild/extracted/plantwild/images/tomato late blight/226 - Copy (2).jpg,Tomato___Late_blight,Tomato___Late_blight,0.929059
plantwild/extracted/plantwild/images/tomato late blight/226 - Copy (3).jpg,Tomato___Late_blight,Tomato___Late_blight,0.944594
plantwild/extracted/plantwild/images/tomato late blight/226 - Copy.jpg,Tomato___Late_blight,Cherry___healthy,0.563750
plantwild/extracted/plantwild/images/tomato late blight/226.jpg,Tomato___Late_blight,"Pepper,_bell___healthy",0.817564
plantwild/extracted/plantwild/images/tomato late blight/228.jpg,Tomato___Late_blight,Cherry___healthy,0.725074
plantwild/extracted/plantwild/images/tomato late blight/233.jpg,Tomato___Late_blight,Tomato___Late_blight,0.945088
plantwild/extracted/plantwild/images/tomato late blight/234.jpg,Tomato___Late_blight,Tomato___Late_blight,0.953013
plantwild/extracted/plantwild/images/tomato late blight/238.jpg,Tomato___Late_blight,"Pepper,_bell___healthy",0.683188
plantwild/extracted/plantwild/images/tomato late blight/24.jpg,Tomato___Late_blight,Tomato___Late_blight,0.737658
plantwild/extracted/plantwild/images/tomato late blight/246.jpg,Tomato___Late_blight,Tomato___Late_blight,0.497098
plantwild/extracted/plantwild/images/tomato late blight/25.jpg,Tomato___Late_blight,Tomato___Late_blight,0.948566
plantwild/extracted/plantwild/images/tomato late blight/3.jpg,Tomato___Late_blight,"Pepper,_bell___healthy",0.944992
plantwild/extracted/plantwild/images/tomato late blight/30.jpg,Tomato___Late_blight,"Pepper,_bell___healthy",0.607040
plantwild/extracted/plantwild/images/tomato late blight/31.jpg,Tomato___Late_blight,"Pepper,_bell___healthy",0.941184
plantwild/extracted/plantwild/images/tomato late blight/32.jpg,Tomato___Late_blight,Cherry___healthy,0.948452
plantwild/extracted/plantwild/images/tomato late blight/33.jpg,Tomato___Late_blight,"Pepper,_bell___healthy",0.890017
plantwild/extracted/plantwild/images/tomato late blight/35.jpg,Tomato___Late_blight,Tomato___Late_blight,0.915710
plantwild/extracted/plantwild/images/tomato late blight/36.jpg,Tomato___Late_blight,Strawberry___Leaf_scorch,0.819939
plantwild/extracted/plantwild/images/tomato late blight/39.jpg,Tomato___Late_blight,Orange___Haunglongbing_(Citrus_greening),0.946411
plantwild/extracted/plantwild/images/tomato late blight/4.jpg,Tomato___Late_blight,Squash___Powdery_mildew,0.110505
plantwild/extracted/plantwild/images/tomato late blight/40.jpg,Tomato___Late_blight,Peach___Bacterial_spot,0.480395
plantwild/extracted/plantwild/images/tomato late blight/41.jpg,Tomato___Late_blight,"Pepper,_bell___healthy",0.676423
plantwild/extracted/plantwild/images/tomato late blight/42.jpg,Tomato___Late_blight,Cherry___healthy,0.878760
plantwild/extracted/plantwild/images/tomato late blight/44.jpg,Tomato___Late_blight,Tomato___Late_blight,0.950996
plantwild/extracted/plantwild/images/tomato late blight/47.jpg,Tomato___Late_blight,"Pepper,_bell___healthy",0.924495
plantwild/extracted/plantwild/images/tomato late blight/48.jpg,Tomato___Late_blight,Cherry___healthy,0.849590
plantwild/extracted/plantwild/images/tomato late blight/5.jpg,Tomato___Late_blight,Strawberry___Leaf_scorch,0.408384
plantwild/extracted/plantwild/images/tomato late blight/50.jpg,Tomato___Late_blight,Tomato___Late_blight,0.628602
plantwild/extracted/plantwild/images/tomato late blight/51.jpg,Tomato___Late_blight,Tomato___Late_blight,0.895140
plantwild/extracted/plantwild/images/tomato late blight/54.jpg,Tomato___Late_blight,Cherry___healthy,0.940730
plantwild/extracted/plantwild/images/tomato late blight/56.jpg,Tomato___Late_blight,"Pepper,_bell___healthy",0.797552
plantwild/extracted/plantwild/images/tomato late blight/57.jpg,Tomato___Late_blight,"Pepper,_bell___healthy",0.542605
plantwild/extracted/plantwild/images/tomato late blight/58.jpg,Tomato___Late_blight,Cherry___healthy,0.878697
plantwild/extracted/plantwild/images/tomato late blight/6.jpg,Tomato___Late_blight,Strawberry___Leaf_scorch,0.671815
plantwild/extracted/plantwild/images/tomato late blight/60.jpg,Tomato___Late_blight,Strawberry___Leaf_scorch,0.759033
plantwild/extracted/plantwild/images/tomato late blight/61.jpg,Tomato___Late_blight,Strawberry___Leaf_scorch,0.691596
plantwild/extracted/plantwild/images/tomato late blight/65 - Copy.jpg,Tomato___Late_blight,Corn___healthy,0.905442
plantwild/extracted/plantwild/images/tomato late blight/65.jpg,Tomato___Late_blight,Corn___healthy,0.858307
plantwild/extracted/plantwild/images/tomato late blight/66.jpg,Tomato___Late_blight,Strawberry___Leaf_scorch,0.916784
plantwild/extracted/plantwild/images/tomato late blight/67 - Copy.jpg,Tomato___Late_blight,Corn___healthy,0.930545
plantwild/extracted/plantwild/images/tomato late blight/68.jpg,Tomato___Late_blight,Tomato___Late_blight,0.927924
plantwild/extracted/plantwild/images/tomato late blight/69.jpg,Tomato___Late_blight,"Pepper,_bell___healthy",0.920784
plantwild/extracted/plantwild/images/tomato late blight/7.jpg,Tomato___Late_blight,Tomato___Late_blight,0.946490
plantwild/extracted/plantwild/images/tomato late blight/70.jpg,Tomato___Late_blight,Cherry___healthy,0.867315
plantwild/extracted/plantwild/images/tomato late blight/73.jpg,Tomato___Late_blight,Squash___Powdery_mildew,0.865573
plantwild/extracted/plantwild/images/tomato late blight/74.jpg,Tomato___Late_blight,Cherry___healthy,0.930470
plantwild/extracted/plantwild/images/tomato late blight/75.jpg,Tomato___Late_blight,Tomato___Late_blight,0.950907
plantwild/extracted/plantwild/images/tomato late blight/76.jpg,Tomato___Late_blight,Tomato___Late_blight,0.938534
plantwild/extracted/plantwild/images/tomato late blight/77.jpg,Tomato___Late_blight,Tomato___Late_blight,0.930549
plantwild/extracted/plantwild/images/tomato late blight/78.jpg,Tomato___Late_blight,"Pepper,_bell___healthy",0.937126
plantwild/extracted/plantwild/images/tomato late blight/79.jpg,Tomato___Late_blight,Tomato___healthy,0.446528
plantwild/extracted/plantwild/images/tomato late blight/8.jpg,Tomato___Late_blight,"Pepper,_bell___healthy",0.730505
plantwild/extracted/plantwild/images/tomato late blight/81.jpg,Tomato___Late_blight,"Pepper,_bell___healthy",0.412553
plantwild/extracted/plantwild/images/tomato late blight/83.jpg,Tomato___Late_blight,"Pepper,_bell___healthy",0.607988
plantwild/extracted/plantwild/images/tomato late blight/84.jpg,Tomato___Late_blight,Tomato___Late_blight,0.937608
plantwild/extracted/plantwild/images/tomato late blight/85.jpg,Tomato___Late_blight,Strawberry___Leaf_scorch,0.657790
plantwild/extracted/plantwild/images/tomato late blight/86 - Copy.jpg,Tomato___Late_blight,Strawberry___Leaf_scorch,0.581067
plantwild/extracted/plantwild/images/tomato late blight/86.jpg,Tomato___Late_blight,Tomato___Early_blight,0.146506
plantwild/extracted/plantwild/images/tomato late blight/89.jpg,Tomato___Late_blight,Strawberry___Leaf_scorch,0.557867
plantwild/extracted/plantwild/images/tomato late blight/9.jpg,Tomato___Late_blight,Strawberry___Leaf_scorch,0.686060
plantwild/extracted/plantwild/images/tomato late blight/90.jpg,Tomato___Late_blight,"Pepper,_bell___healthy",0.947487
plantwild/extracted/plantwild/images/tomato late blight/96.jpg,Tomato___Late_blight,Strawberry___Leaf_scorch,0.807206
plantwild/extracted/plantwild/images/tomato late blight/98.jpg,Tomato___Late_blight,Strawberry___Leaf_scorch,0.935883
plantwild/extracted/plantwild/images/tomato late blight/99.jpg,Tomato___Late_blight,Tomato___Late_blight,0.949361
plantwild/extracted/plantwild/images/tomato late blight/add (1).jpg,Tomato___Late_blight,"Pepper,_bell___healthy",0.797282
plantwild/extracted/plantwild/images/tomato late blight/add (12).jpg,Tomato___Late_blight,Tomato___Late_blight,0.832847
plantwild/extracted/plantwild/images/tomato late blight/add (13).jpg,Tomato___Late_blight,"Pepper,_bell___healthy",0.948779
plantwild/extracted/plantwild/images/tomato late blight/add (14).jpg,Tomato___Late_blight,Strawberry___Leaf_scorch,0.784319
plantwild/extracted/plantwild/images/tomato late blight/add (15).jpg,Tomato___Late_blight,"Pepper,_bell___healthy",0.548315
plantwild/extracted/plantwild/images/tomato late blight/add (2).jpg,Tomato___Late_blight,Tomato___Early_blight,0.703998
plantwild/extracted/plantwild/images/tomato late blight/add (3).jpg,Tomato___Late_blight,Tomato___Early_blight,0.559668
plantwild/extracted/plantwild/images/tomato late blight/add (4).jpg,Tomato___Late_blight,Tomato___Late_blight,0.467254
plantwild/extracted/plantwild/images/tomato late blight/add (5).jpg,Tomato___Late_blight,Tomato___Late_blight,0.955012
plantwild/extracted/plantwild/images/tomato late blight/add (6).jpg,Tomato___Late_blight,Corn___healthy,0.534437
plantwild/extracted/plantwild/images/tomato late blight/add (8).jpg,Tomato___Late_blight,Strawberry___Leaf_scorch,0.688692
plantwild/extracted/plantwild/images/tomato late blight/add (9).jpg,Tomato___Late_blight,Tomato___healthy,0.275334
plantwild/extracted/plantwild/images/tomato late blight/google_0000.jpg,Tomato___Late_blight,"Pepper,_bell___healthy",0.917482
plantwild/extracted/plantwild/images/tomato late blight/google_0001.jpg,Tomato___Late_blight,"Pepper,_bell___healthy",0.862000
plantwild/extracted/plantwild/images/tomato late blight/google_0005.jpg,Tomato___Late_blight,Tomato___Late_blight,0.861546
plantwild/extracted/plantwild/images/tomato late blight/google_0007.jpg,Tomato___Late_blight,"Pepper,_bell___healthy",0.836929
plantwild/extracted/plantwild/images/tomato late blight/google_0008.jpg,Tomato___Late_blight,Cherry___healthy,0.551043
plantwild/extracted/plantwild/images/tomato late blight/google_0009.jpg,Tomato___Late_blight,Tomato___Late_blight,0.950726
plantwild/extracted/plantwild/images/tomato late blight/google_0012.jpg,Tomato___Late_blight,Corn___Common_rust,0.920499
plantwild/extracted/plantwild/images/tomato late blight/google_0013.jpg,Tomato___Late_blight,Strawberry___Leaf_scorch,0.803059
plantwild/extracted/plantwild/images/tomato late blight/google_0015.jpg,Tomato___Late_blight,"Pepper,_bell___healthy",0.432807
plantwild/extracted/plantwild/images/tomato late blight/google_0016.jpg,Tomato___Late_blight,"Pepper,_bell___healthy",0.908067
plantwild/extracted/plantwild/images/tomato late blight/google_0018.jpg,Tomato___Late_blight,Tomato___Late_blight,0.955203
plantwild/extracted/plantwild/images/tomato late blight/google_0021.jpg,Tomato___Late_blight,"Pepper,_bell___healthy",0.952419
plantwild/extracted/plantwild/images/tomato late blight/google_0022.jpg,Tomato___Late_blight,"Pepper,_bell___healthy",0.397139
plantwild/extracted/plantwild/images/tomato late blight/google_0023.jpg,Tomato___Late_blight,Cherry___healthy,0.941784
plantwild/extracted/plantwild/images/tomato late blight/google_0024.jpg,Tomato___Late_blight,Strawberry___Leaf_scorch,0.912551
plantwild/extracted/plantwild/images/tomato late blight/google_0031.jpg,Tomato___Late_blight,"Pepper,_bell___healthy",0.824944
plantwild/extracted/plantwild/images/tomato late blight/google_0032.jpg,Tomato___Late_blight,Tomato___Late_blight,0.954258
plantwild/extracted/plantwild/images/tomato late blight/google_0035.jpg,Tomato___Late_blight,"Pepper,_bell___healthy",0.749270
plantwild/extracted/plantwild/images/tomato late blight/google_0041.jpg,Tomato___Late_blight,Cherry___healthy,0.841079
plantwild/extracted/plantwild/images/tomato late blight/google_0043.jpg,Tomato___Late_blight,Tomato___Late_blight,0.619640
plantwild/extracted/plantwild/images/tomato late blight/google_0044.jpg,Tomato___Late_blight,Strawberry___Leaf_scorch,0.936946
plantwild/extracted/plantwild/images/tomato late blight/google_0045.jpg,Tomato___Late_blight,"Pepper,_bell___healthy",0.931434
plantwild/extracted/plantwild/images/tomato late blight/google_0048.jpg,Tomato___Late_blight,"Pepper,_bell___healthy",0.943043
plantwild/extracted/plantwild/images/tomato late blight/google_0050.jpg,Tomato___Late_blight,"Pepper,_bell___healthy",0.923470
plantwild/extracted/plantwild/images/tomato late blight/google_0056.jpg,Tomato___Late_blight,Tomato___Late_blight,0.402594
plantwild/extracted/plantwild/images/tomato late blight/google_0057.jpg,Tomato___Late_blight,"Pepper,_bell___healthy",0.917392
plantwild/extracted/plantwild/images/tomato late blight/google_0058.jpg,Tomato___Late_blight,"Pepper,_bell___healthy",0.891275
plantwild/extracted/plantwild/images/tomato late blight/google_0059.jpg,Tomato___Late_blight,"Pepper,_bell___healthy",0.877666
plantwild/extracted/plantwild/images/tomato late blight/google_0062.jpg,Tomato___Late_blight,"Pepper,_bell___healthy",0.893995
plantwild/extracted/plantwild/images/tomato late blight/google_0063.jpg,Tomato___Late_blight,Cherry___healthy,0.653136
plantwild/extracted/plantwild/images/tomato late blight/google_0065 - Copy.jpg,Tomato___Late_blight,Tomato___Late_blight,0.948846
plantwild/extracted/plantwild/images/tomato late blight/google_0065.jpg,Tomato___Late_blight,Tomato___Late_blight,0.953382
plantwild/extracted/plantwild/images/tomato late blight/google_0066.jpg,Tomato___Late_blight,Cherry___healthy,0.802638
plantwild/extracted/plantwild/images/tomato late blight/google_0067.jpg,Tomato___Late_blight,"Pepper,_bell___healthy",0.687186
plantwild/extracted/plantwild/images/tomato late blight/google_0068.jpg,Tomato___Late_blight,"Pepper,_bell___healthy",0.896460
plantwild/extracted/plantwild/images/tomato late blight/google_0072.jpg,Tomato___Late_blight,Tomato___Early_blight,0.343052
plantwild/extracted/plantwild/images/tomato late blight/google_0073.jpg,Tomato___Late_blight,"Pepper,_bell___healthy",0.397818
plantwild/extracted/plantwild/images/tomato late blight/google_0074.jpg,Tomato___Late_blight,Cherry___healthy,0.672090
plantwild/extracted/plantwild/images/tomato late blight/google_0077.jpg,Tomato___Late_blight,"Pepper,_bell___healthy",0.841575
plantwild/extracted/plantwild/images/tomato late blight/google_0080.jpg,Tomato___Late_blight,"Pepper,_bell___healthy",0.837617
plantwild/extracted/plantwild/images/tomato late blight/google_0081.jpg,Tomato___Late_blight,Strawberry___Leaf_scorch,0.809591
plantwild/extracted/plantwild/images/tomato late blight/google_0082.jpg,Tomato___Late_blight,"Pepper,_bell___healthy",0.553864
plantwild/extracted/plantwild/images/tomato late blight/google_0083.jpg,Tomato___Late_blight,"Pepper,_bell___healthy",0.922969
plantwild/extracted/plantwild/images/tomato late blight/google_0084.jpg,Tomato___Late_blight,"Pepper,_bell___healthy",0.894371
plantwild/extracted/plantwild/images/tomato late blight/google_0085.jpg,Tomato___Late_blight,"Pepper,_bell___healthy",0.919660
plantwild/extracted/plantwild/images/tomato late blight/google_0086.jpg,Tomato___Late_blight,Strawberry___Leaf_scorch,0.861469
plantwild/extracted/plantwild/images/tomato late blight/google_0087.jpg,Tomato___Late_blight,"Pepper,_bell___healthy",0.884214
plantwild/extracted/plantwild/images/tomato late blight/google_0088.jpg,Tomato___Late_blight,Cherry___healthy,0.883711
plantwild/extracted/plantwild/images/tomato late blight/google_0089.jpg,Tomato___Late_blight,Tomato___healthy,0.358005
plantwild/extracted/plantwild/images/tomato late blight/google_0091.jpg,Tomato___Late_blight,Tomato___Late_blight,0.621935
plantwild/extracted/plantwild/images/tomato late blight/google_0092.jpg,Tomato___Late_blight,"Pepper,_bell___healthy",0.261028
plantwild/extracted/plantwild/images/tomato late blight/google_0094.jpg,Tomato___Late_blight,Cherry___healthy,0.805428
plantwild/extracted/plantwild/images/tomato late blight/google_0095.jpg,Tomato___Late_blight,Tomato___Late_blight,0.890743
plantwild/extracted/plantwild/images/tomato late blight/google_0096.jpg,Tomato___Late_blight,Tomato___Late_blight,0.950670
plantwild/extracted/plantwild/images/tomato late blight/google_0097.jpg,Tomato___Late_blight,Cherry___healthy,0.948004
plantwild/extracted/plantwild/images/tomato late blight/google_0098.jpg,Tomato___Late_blight,Tomato___Septoria_leaf_spot,0.244099
plantwild/extracted/plantwild/images/tomato late blight/google_0100.jpg,Tomato___Late_blight,"Pepper,_bell___healthy",0.938094
plantwild/extracted/plantwild/images/tomato late blight/google_0101.jpg,Tomato___Late_blight,"Pepper,_bell___healthy",0.844191
plantwild/extracted/plantwild/images/tomato late blight/google_0102.jpg,Tomato___Late_blight,Cherry___healthy,0.325561
plantwild/extracted/plantwild/images/tomato late blight/google_0104.jpg,Tomato___Late_blight,"Pepper,_bell___healthy",0.664547
plantwild/extracted/plantwild/images/tomato late blight/google_0105.jpg,Tomato___Late_blight,Cherry___healthy,0.386043
plantwild/extracted/plantwild/images/tomato late blight/google_0107.jpg,Tomato___Late_blight,Potato___Late_blight,0.466302
plantwild/extracted/plantwild/images/tomato late blight/google_0108.jpg,Tomato___Late_blight,Cherry___healthy,0.559983
plantwild/extracted/plantwild/images/tomato late blight/google_0110.jpg,Tomato___Late_blight,Cherry___healthy,0.580055
plantwild/extracted/plantwild/images/tomato late blight/google_0116.jpg,Tomato___Late_blight,Cherry___healthy,0.773809
plantwild/extracted/plantwild/images/tomato late blight/google_0117.jpg,Tomato___Late_blight,"Pepper,_bell___healthy",0.709207
plantwild/extracted/plantwild/images/tomato late blight/google_0118.jpg,Tomato___Late_blight,Strawberry___Leaf_scorch,0.893751
plantwild/extracted/plantwild/images/tomato late blight/google_0119.jpg,Tomato___Late_blight,Cherry___Powdery_mildew,0.423545
plantwild/extracted/plantwild/images/tomato late blight/google_0120.jpg,Tomato___Late_blight,Strawberry___Leaf_scorch,0.816008
plantwild/extracted/plantwild/images/tomato late blight/google_0123.jpg,Tomato___Late_blight,"Pepper,_bell___healthy",0.919378
plantwild/extracted/plantwild/images/tomato late blight/google_0124.jpg,Tomato___Late_blight,"Pepper,_bell___healthy",0.862682
plantwild/extracted/plantwild/images/tomato late blight/google_0126.jpg,Tomato___Late_blight,Tomato___Late_blight,0.886148
plantwild/extracted/plantwild/images/tomato late blight/google_0128.jpg,Tomato___Late_blight,Cherry___healthy,0.847223
plantwild/extracted/plantwild/images/tomato late blight/google_0133.jpg,Tomato___Late_blight,Tomato___Early_blight,0.925358
plantwild/extracted/plantwild/images/tomato late blight/google_0134.jpg,Tomato___Late_blight,Strawberry___Leaf_scorch,0.553658
plantwild/extracted/plantwild/images/tomato late blight/google_0135.jpg,Tomato___Late_blight,Cherry___healthy,0.948774
plantwild/extracted/plantwild/images/tomato late blight/google_0136.jpg,Tomato___Late_blight,Tomato___Early_blight,0.934620
plantwild/extracted/plantwild/images/tomato late blight/google_0137.jpg,Tomato___Late_blight,Cherry___healthy,0.344201
plantwild/extracted/plantwild/images/tomato late blight/google_0138.jpg,Tomato___Late_blight,"Pepper,_bell___healthy",0.929693
plantwild/extracted/plantwild/images/tomato late blight/google_0140.jpg,Tomato___Late_blight,Cherry___healthy,0.597534
plantwild/extracted/plantwild/images/tomato late blight/google_0142.jpg,Tomato___Late_blight,Strawberry___Leaf_scorch,0.427906
plantwild/extracted/plantwild/images/tomato late blight/google_0143.jpg,Tomato___Late_blight,Cherry___healthy,0.862858
plantwild/extracted/plantwild/images/tomato late blight/google_0146.jpg,Tomato___Late_blight,Cherry___healthy,0.916178
plantwild/extracted/plantwild/images/tomato late blight/google_0147.jpg,Tomato___Late_blight,Cherry___healthy,0.529173
plantwild/extracted/plantwild/images/tomato late blight/google_0148.jpg,Tomato___Late_blight,Tomato___Tomato_Yellow_Leaf_Curl_Virus,0.927765
plantwild/extracted/plantwild/images/tomato late blight/google_0149.jpg,Tomato___Late_blight,Tomato___Early_blight,0.309358
plantwild/extracted/plantwild/images/tomato late blight/google_0150.jpg,Tomato___Late_blight,Tomato___Late_blight,0.950564
plantwild/extracted/plantwild/images/tomato late blight/google_0151.jpg,Tomato___Late_blight,"Pepper,_bell___healthy",0.421039
plantwild/extracted/plantwild/images/tomato late blight/google_0155.jpg,Tomato___Late_blight,Cherry___healthy,0.213909
plantwild/extracted/plantwild/images/tomato late blight/google_0156.jpg,Tomato___Late_blight,"Pepper,_bell___healthy",0.780100
plantwild/extracted/plantwild/images/tomato late blight/google_0157.jpg,Tomato___Late_blight,"Pepper,_bell___healthy",0.780379
plantwild/extracted/plantwild/images/tomato late blight/google_0158.jpg,Tomato___Late_blight,"Pepper,_bell___healthy",0.897261
plantwild/extracted/plantwild/images/tomato late blight/google_0159.jpg,Tomato___Late_blight,Tomato___Early_blight,0.388297
plantwild/extracted/plantwild/images/tomato late blight/google_0161.jpg,Tomato___Late_blight,"Pepper,_bell___healthy",0.946695
plantwild/extracted/plantwild/images/tomato late blight/google_0162.jpg,Tomato___Late_blight,"Pepper,_bell___healthy",0.935764
plantwild/extracted/plantwild/images/tomato late blight/google_0163.jpg,Tomato___Late_blight,Tomato___Late_blight,0.949737
plantwild/extracted/plantwild/images/tomato late blight/google_0169.jpg,Tomato___Late_blight,"Pepper,_bell___healthy",0.458059
plantwild/extracted/plantwild/images/tomato late blight/google_0173.jpg,Tomato___Late_blight,Cherry___healthy,0.942705
plantwild/extracted/plantwild/images/tomato late blight/google_0175.jpg,Tomato___Late_blight,Cherry___healthy,0.608657
plantwild/extracted/plantwild/images/tomato late blight/google_0176.jpg,Tomato___Late_blight,"Pepper,_bell___healthy",0.947887
plantwild/extracted/plantwild/images/tomato late blight/google_0181.jpg,Tomato___Late_blight,"Pepper,_bell___healthy",0.860752
plantwild/extracted/plantwild/images/tomato late blight/google_0184.jpg,Tomato___Late_blight,Strawberry___Leaf_scorch,0.858203
plantwild/extracted/plantwild/images/tomato late blight/google_0188.jpg,Tomato___Late_blight,Cherry___healthy,0.938284
plantwild/extracted/plantwild/images/tomato late blight/google_0189.jpg,Tomato___Late_blight,Tomato___Late_blight,0.946588
plantwild/extracted/plantwild/images/tomato late blight/google_0192.jpg,Tomato___Late_blight,Tomato___Late_blight,0.951882
plantwild/extracted/plantwild/images/tomato late blight/google_0194.jpg,Tomato___Late_blight,Tomato___Late_blight,0.930337
plantwild/extracted/plantwild/images/tomato late blight/google_0195.jpg,Tomato___Late_blight,"Pepper,_bell___healthy",0.899908
plantwild/extracted/plantwild/images/tomato late blight/google_0197.jpg,Tomato___Late_blight,Cherry___healthy,0.935442
plantwild/extracted/plantwild/images/tomato late blight/google_0200.jpg,Tomato___Late_blight,Strawberry___Leaf_scorch,0.515144
plantwild/extracted/plantwild/images/tomato late blight/google_0202.jpg,Tomato___Late_blight,"Pepper,_bell___healthy",0.907759
plantwild/extracted/plantwild/images/tomato late blight/google_0204.jpg,Tomato___Late_blight,Corn___healthy,0.904400
plantwild/extracted/plantwild/images/tomato late blight/google_0205.jpg,Tomato___Late_blight,Cherry___healthy,0.835106
plantwild/extracted/plantwild/images/tomato late blight/google_0206.jpg,Tomato___Late_blight,Cherry___healthy,0.522257
plantwild/extracted/plantwild/images/tomato late blight/google_0207.jpg,Tomato___Late_blight,Cherry___healthy,0.712521
plantwild/extracted/plantwild/images/tomato late blight/google_0212.jpg,Tomato___Late_blight,Strawberry___Leaf_scorch,0.504751
plantwild/extracted/plantwild/images/tomato late blight/google_0213.jpg,Tomato___Late_blight,Cherry___healthy,0.859914
plantwild/extracted/plantwild/images/tomato late blight/google_0214.jpg,Tomato___Late_blight,Corn___Northern_Leaf_Blight,0.551924
plantwild/extracted/plantwild/images/tomato late blight/google_0216.jpg,Tomato___Late_blight,"Pepper,_bell___healthy",0.875133
plantwild/extracted/plantwild/images/tomato late blight/google_0217.jpg,Tomato___Late_blight,"Pepper,_bell___healthy",0.905376
plantwild/extracted/plantwild/images/tomato late blight/google_0219.jpg,Tomato___Late_blight,Cherry___healthy,0.473585
plantwild/extracted/plantwild/images/tomato late blight/google_0220.jpg,Tomato___Late_blight,Tomato___Early_blight,0.488718
plantwild/extracted/plantwild/images/tomato late blight/google_0221.jpg,Tomato___Late_blight,"Pepper,_bell___healthy",0.934941
plantwild/extracted/plantwild/images/tomato late blight/google_0222.jpg,Tomato___Late_blight,Strawberry___Leaf_scorch,0.471864
plantwild/extracted/plantwild/images/tomato late blight/google_0224.jpg,Tomato___Late_blight,"Pepper,_bell___healthy",0.950081
plantwild/extracted/plantwild/images/tomato late blight/google_0225.jpg,Tomato___Late_blight,Cherry___healthy,0.913995
plantwild/extracted/plantwild/images/tomato late blight/google_0226.jpg,Tomato___Late_blight,Strawberry___Leaf_scorch,0.418602
plantwild/extracted/plantwild/images/tomato late blight/google_0235.jpg,Tomato___Late_blight,"Pepper,_bell___healthy",0.930671
plantwild/extracted/plantwild/images/tomato late blight/google_0238.jpg,Tomato___Late_blight,"Pepper,_bell___healthy",0.872548
plantwild/extracted/plantwild/images/tomato late blight/google_0239.jpg,Tomato___Late_blight,Strawberry___Leaf_scorch,0.857402
plantwild/extracted/plantwild/images/tomato late blight/google_0240.jpg,Tomato___Late_blight,Tomato___Late_blight,0.954762
plantwild/extracted/plantwild/images/tomato late blight/google_0243.jpg,Tomato___Late_blight,"Pepper,_bell___healthy",0.666900
plantwild/extracted/plantwild/images/tomato late blight/google_0244.jpg,Tomato___Late_blight,"Pepper,_bell___healthy",0.828237
plantwild/extracted/plantwild/images/tomato late blight/google_0246.jpg,Tomato___Late_blight,Strawberry___Leaf_scorch,0.384305
plantwild/extracted/plantwild/images/tomato late blight/google_0250.jpg,Tomato___Late_blight,Tomato___Early_blight,0.789987
plantwild/extracted/plantwild/images/tomato late blight/google_0254.jpg,Tomato___Late_blight,"Pepper,_bell___healthy",0.842172
plantwild/extracted/plantwild/images/tomato late blight/google_0256.jpg,Tomato___Late_blight,"Pepper,_bell___healthy",0.496080
plantwild/extracted/plantwild/images/tomato late blight/google_0258.jpg,Tomato___Late_blight,Tomato___healthy,0.631924
plantwild/extracted/plantwild/images/tomato late blight/google_0259.jpg,Tomato___Late_blight,Apple___Black_rot,0.512958
plantwild/extracted/plantwild/images/tomato late blight/google_0260.jpg,Tomato___Late_blight,"Pepper,_bell___healthy",0.416800
plantwild/extracted/plantwild/images/tomato late blight/google_0262.jpg,Tomato___Late_blight,Tomato___Late_blight,0.945252
plantwild/extracted/plantwild/images/tomato late blight/google_0263.jpg,Tomato___Late_blight,Tomato___Late_blight,0.924258
plantwild/extracted/plantwild/images/tomato late blight/google_0264.jpg,Tomato___Late_blight,Cherry___healthy,0.914175
plantwild/extracted/plantwild/images/tomato late blight/google_0268.jpg,Tomato___Late_blight,Tomato___healthy,0.669961
plantwild/extracted/plantwild/images/tomato late blight/google_0269.jpg,Tomato___Late_blight,Tomato___Late_blight,0.952008
plantwild/extracted/plantwild/images/tomato late blight/google_0271.jpg,Tomato___Late_blight,Tomato___Late_blight,0.591350
plantwild/extracted/plantwild/images/tomato leaf/1.jpg,Tomato___healthy,Cherry___healthy,0.768956
plantwild/extracted/plantwild/images/tomato leaf/10.jpg,Tomato___healthy,Strawberry___Leaf_scorch,0.832581
plantwild/extracted/plantwild/images/tomato leaf/104.jpg,Tomato___healthy,Cherry___healthy,0.937011
plantwild/extracted/plantwild/images/tomato leaf/105.jpg,Tomato___healthy,Tomato___Early_blight,0.314476
plantwild/extracted/plantwild/images/tomato leaf/106.jpg,Tomato___healthy,Tomato___Tomato_Yellow_Leaf_Curl_Virus,0.414752
plantwild/extracted/plantwild/images/tomato leaf/108.jpg,Tomato___healthy,Tomato___healthy,0.646905
plantwild/extracted/plantwild/images/tomato leaf/110.jpg,Tomato___healthy,Cherry___healthy,0.657228
plantwild/extracted/plantwild/images/tomato leaf/12.jpg,Tomato___healthy,Tomato___Septoria_leaf_spot,0.161833
plantwild/extracted/plantwild/images/tomato leaf/13.jpg,Tomato___healthy,Cherry___healthy,0.548825
plantwild/extracted/plantwild/images/tomato leaf/135.jpg,Tomato___healthy,Tomato___Early_blight,0.334615
plantwild/extracted/plantwild/images/tomato leaf/136.jpg,Tomato___healthy,"Pepper,_bell___healthy",0.704089
plantwild/extracted/plantwild/images/tomato leaf/137.jpg,Tomato___healthy,Tomato___Septoria_leaf_spot,0.246346
plantwild/extracted/plantwild/images/tomato leaf/138.jpg,Tomato___healthy,Cherry___healthy,0.919653
plantwild/extracted/plantwild/images/tomato leaf/14.jpg,Tomato___healthy,Strawberry___Leaf_scorch,0.892708
plantwild/extracted/plantwild/images/tomato leaf/140.jpg,Tomato___healthy,Tomato___Early_blight,0.480979
plantwild/extracted/plantwild/images/tomato leaf/141.jpg,Tomato___healthy,Strawberry___Leaf_scorch,0.839521
plantwild/extracted/plantwild/images/tomato leaf/142.jpg,Tomato___healthy,"Pepper,_bell___healthy",0.939577
plantwild/extracted/plantwild/images/tomato leaf/143.jpg,Tomato___healthy,Cherry___healthy,0.900629
plantwild/extracted/plantwild/images/tomato leaf/144.jpg,Tomato___healthy,Strawberry___Leaf_scorch,0.541514
plantwild/extracted/plantwild/images/tomato leaf/145.jpg,Tomato___healthy,"Pepper,_bell___healthy",0.905541
plantwild/extracted/plantwild/images/tomato leaf/146.jpg,Tomato___healthy,"Pepper,_bell___healthy",0.803367
plantwild/extracted/plantwild/images/tomato leaf/147.jpg,Tomato___healthy,Tomato___Tomato_Yellow_Leaf_Curl_Virus,0.867360
plantwild/extracted/plantwild/images/tomato leaf/148.jpg,Tomato___healthy,Cherry___healthy,0.872471
plantwild/extracted/plantwild/images/tomato leaf/15.jpg,Tomato___healthy,Tomato___Leaf_Mold,0.950700
plantwild/extracted/plantwild/images/tomato leaf/150.jpg,Tomato___healthy,Cherry___healthy,0.888029
plantwild/extracted/plantwild/images/tomato leaf/151.jpg,Tomato___healthy,Strawberry___Leaf_scorch,0.805771
plantwild/extracted/plantwild/images/tomato leaf/152.jpg,Tomato___healthy,"Pepper,_bell___healthy",0.913946
plantwild/extracted/plantwild/images/tomato leaf/16.jpg,Tomato___healthy,Tomato___Septoria_leaf_spot,0.339663
plantwild/extracted/plantwild/images/tomato leaf/17.jpg,Tomato___healthy,"Pepper,_bell___healthy",0.918298
plantwild/extracted/plantwild/images/tomato leaf/18.jpg,Tomato___healthy,Tomato___Septoria_leaf_spot,0.294026
plantwild/extracted/plantwild/images/tomato leaf/19.jpg,Tomato___healthy,Cherry___healthy,0.720780
plantwild/extracted/plantwild/images/tomato leaf/2.jpg,Tomato___healthy,Tomato___Early_blight,0.487895
plantwild/extracted/plantwild/images/tomato leaf/20.jpg,Tomato___healthy,Tomato___Septoria_leaf_spot,0.246464
plantwild/extracted/plantwild/images/tomato leaf/21.jpg,Tomato___healthy,Tomato___Septoria_leaf_spot,0.102605
plantwild/extracted/plantwild/images/tomato leaf/22.jpg,Tomato___healthy,Strawberry___Leaf_scorch,0.823027
plantwild/extracted/plantwild/images/tomato leaf/23.jpg,Tomato___healthy,Tomato___Septoria_leaf_spot,0.344581
plantwild/extracted/plantwild/images/tomato leaf/24.jpg,Tomato___healthy,Tomato___Septoria_leaf_spot,0.233920
plantwild/extracted/plantwild/images/tomato leaf/25.jpg,Tomato___healthy,Tomato___Septoria_leaf_spot,0.199714
plantwild/extracted/plantwild/images/tomato leaf/26.jpg,Tomato___healthy,Tomato___Septoria_leaf_spot,0.140170
plantwild/extracted/plantwild/images/tomato leaf/27.jpg,Tomato___healthy,Grape___Black_rot,0.193379
plantwild/extracted/plantwild/images/tomato leaf/28.jpg,Tomato___healthy,Tomato___Septoria_leaf_spot,0.308854
plantwild/extracted/plantwild/images/tomato leaf/29.jpg,Tomato___healthy,Tomato___Septoria_leaf_spot,0.175605
plantwild/extracted/plantwild/images/tomato leaf/3.jpg,Tomato___healthy,Squash___Powdery_mildew,0.653220
plantwild/extracted/plantwild/images/tomato leaf/30.jpg,Tomato___healthy,Tomato___Late_blight,0.948097
plantwild/extracted/plantwild/images/tomato leaf/31.jpg,Tomato___healthy,Tomato___Septoria_leaf_spot,0.220238
plantwild/extracted/plantwild/images/tomato leaf/32.jpg,Tomato___healthy,Cherry___healthy,0.937898
plantwild/extracted/plantwild/images/tomato leaf/33.jpg,Tomato___healthy,Grape___healthy,0.295081
plantwild/extracted/plantwild/images/tomato leaf/34.jpg,Tomato___healthy,Tomato___Septoria_leaf_spot,0.209755
plantwild/extracted/plantwild/images/tomato leaf/35.jpg,Tomato___healthy,"Pepper,_bell___healthy",0.765748
plantwild/extracted/plantwild/images/tomato leaf/36.jpg,Tomato___healthy,Tomato___Late_blight,0.937164
plantwild/extracted/plantwild/images/tomato leaf/37.jpg,Tomato___healthy,Tomato___Late_blight,0.953780
plantwild/extracted/plantwild/images/tomato leaf/38.jpg,Tomato___healthy,Tomato___Septoria_leaf_spot,0.267729
plantwild/extracted/plantwild/images/tomato leaf/39.jpg,Tomato___healthy,Tomato___Septoria_leaf_spot,0.187251
plantwild/extracted/plantwild/images/tomato leaf/4.jpg,Tomato___healthy,Strawberry___Leaf_scorch,0.742610
plantwild/extracted/plantwild/images/tomato leaf/40.jpg,Tomato___healthy,Corn___healthy,0.439173
plantwild/extracted/plantwild/images/tomato leaf/41.jpg,Tomato___healthy,Tomato___Early_blight,0.510079
plantwild/extracted/plantwild/images/tomato leaf/43.jpg,Tomato___healthy,Tomato___healthy,0.600706
plantwild/extracted/plantwild/images/tomato leaf/44.jpg,Tomato___healthy,Cherry___healthy,0.804610
plantwild/extracted/plantwild/images/tomato leaf/45.jpg,Tomato___healthy,"Pepper,_bell___healthy",0.925892
plantwild/extracted/plantwild/images/tomato leaf/46.jpg,Tomato___healthy,Tomato___Late_blight,0.757751
plantwild/extracted/plantwild/images/tomato leaf/47.jpg,Tomato___healthy,Tomato___Septoria_leaf_spot,0.238201
plantwild/extracted/plantwild/images/tomato leaf/48.jpg,Tomato___healthy,"Pepper,_bell___healthy",0.409423
plantwild/extracted/plantwild/images/tomato leaf/49.jpg,Tomato___healthy,Tomato___Early_blight,0.405855
plantwild/extracted/plantwild/images/tomato leaf/5.jpg,Tomato___healthy,Cherry___healthy,0.950659
plantwild/extracted/plantwild/images/tomato leaf/50.jpg,Tomato___healthy,Tomato___Septoria_leaf_spot,0.269860
plantwild/extracted/plantwild/images/tomato leaf/51.jpg,Tomato___healthy,Tomato___Septoria_leaf_spot,0.245989
plantwild/extracted/plantwild/images/tomato leaf/52.jpg,Tomato___healthy,"Pepper,_bell___healthy",0.949130
plantwild/extracted/plantwild/images/tomato leaf/53.jpg,Tomato___healthy,Tomato___Early_blight,0.431888
plantwild/extracted/plantwild/images/tomato leaf/54.jpg,Tomato___healthy,Cherry___healthy,0.645452
plantwild/extracted/plantwild/images/tomato leaf/55.jpg,Tomato___healthy,"Pepper,_bell___healthy",0.454641
plantwild/extracted/plantwild/images/tomato leaf/56.jpg,Tomato___healthy,Tomato___Early_blight,0.338710
plantwild/extracted/plantwild/images/tomato leaf/57.jpg,Tomato___healthy,"Pepper,_bell___healthy",0.498540
plantwild/extracted/plantwild/images/tomato leaf/59.jpg,Tomato___healthy,"Pepper,_bell___healthy",0.498540
plantwild/extracted/plantwild/images/tomato leaf/6.jpg,Tomato___healthy,Tomato___Septoria_leaf_spot,0.250329
plantwild/extracted/plantwild/images/tomato leaf/60.jpg,Tomato___healthy,Tomato___Septoria_leaf_spot,0.214065
plantwild/extracted/plantwild/images/tomato leaf/61.jpg,Tomato___healthy,Tomato___Septoria_leaf_spot,0.145062
plantwild/extracted/plantwild/images/tomato leaf/62.jpg,Tomato___healthy,Tomato___Early_blight,0.321978
plantwild/extracted/plantwild/images/tomato leaf/63.jpg,Tomato___healthy,Tomato___Septoria_leaf_spot,0.249051
plantwild/extracted/plantwild/images/tomato leaf/64.jpg,Tomato___healthy,Tomato___Early_blight,0.185476
plantwild/extracted/plantwild/images/tomato leaf/65.jpg,Tomato___healthy,Tomato___Septoria_leaf_spot,0.172871
plantwild/extracted/plantwild/images/tomato leaf/67.jpg,Tomato___healthy,Tomato___Septoria_leaf_spot,0.236541
plantwild/extracted/plantwild/images/tomato leaf/68.jpg,Tomato___healthy,Cherry___healthy,0.944542
plantwild/extracted/plantwild/images/tomato leaf/69.jpg,Tomato___healthy,"Pepper,_bell___healthy",0.780926
plantwild/extracted/plantwild/images/tomato leaf/7.jpg,Tomato___healthy,Tomato___Septoria_leaf_spot,0.272033
plantwild/extracted/plantwild/images/tomato leaf/72.jpg,Tomato___healthy,Tomato___Septoria_leaf_spot,0.326672
plantwild/extracted/plantwild/images/tomato leaf/73.jpg,Tomato___healthy,Tomato___Septoria_leaf_spot,0.328499
plantwild/extracted/plantwild/images/tomato leaf/75.jpg,Tomato___healthy,Tomato___Septoria_leaf_spot,0.360642
plantwild/extracted/plantwild/images/tomato leaf/76.jpg,Tomato___healthy,Grape___Esca_(Black_Measles),0.924471
plantwild/extracted/plantwild/images/tomato leaf/77.jpg,Tomato___healthy,"Pepper,_bell___healthy",0.363688
plantwild/extracted/plantwild/images/tomato leaf/79.jpg,Tomato___healthy,Tomato___Early_blight,0.325961
plantwild/extracted/plantwild/images/tomato leaf/8.jpg,Tomato___healthy,Tomato___Early_blight,0.265649
plantwild/extracted/plantwild/images/tomato leaf/80.jpg,Tomato___healthy,"Pepper,_bell___healthy",0.914817
plantwild/extracted/plantwild/images/tomato leaf/82.jpg,Tomato___healthy,Corn___Cercospora_leaf_spot Gray_leaf_spot,0.410067
plantwild/extracted/plantwild/images/tomato leaf/85.jpg,Tomato___healthy,Strawberry___Leaf_scorch,0.934305
plantwild/extracted/plantwild/images/tomato leaf/86.jpg,Tomato___healthy,Tomato___Late_blight,0.614874
plantwild/extracted/plantwild/images/tomato leaf/88.jpg,Tomato___healthy,Tomato___Tomato_Yellow_Leaf_Curl_Virus,0.940919
plantwild/extracted/plantwild/images/tomato leaf/9.jpg,Tomato___healthy,Tomato___Septoria_leaf_spot,0.243057
plantwild/extracted/plantwild/images/tomato leaf/90.jpg,Tomato___healthy,"Pepper,_bell___healthy",0.878724
plantwild/extracted/plantwild/images/tomato leaf/91.jpg,Tomato___healthy,Cherry___Powdery_mildew,0.480041
plantwild/extracted/plantwild/images/tomato leaf/92.jpg,Tomato___healthy,"Pepper,_bell___healthy",0.539858
plantwild/extracted/plantwild/images/tomato leaf/93.jpg,Tomato___healthy,Squash___Powdery_mildew,0.909837
plantwild/extracted/plantwild/images/tomato leaf/96.jpg,Tomato___healthy,"Pepper,_bell___healthy",0.869544
plantwild/extracted/plantwild/images/tomato leaf/97.jpg,Tomato___healthy,Tomato___Late_blight,0.954166
plantwild/extracted/plantwild/images/tomato leaf/98.jpg,Tomato___healthy,"Pepper,_bell___healthy",0.712673
plantwild/extracted/plantwild/images/tomato leaf/google_0000.jpg,Tomato___healthy,"Pepper,_bell___healthy",0.439835
plantwild/extracted/plantwild/images/tomato leaf/google_0001.jpg,Tomato___healthy,Tomato___Septoria_leaf_spot,0.340562
plantwild/extracted/plantwild/images/tomato leaf/google_0002.jpg,Tomato___healthy,"Pepper,_bell___healthy",0.810742
plantwild/extracted/plantwild/images/tomato leaf/google_0003.jpg,Tomato___healthy,"Pepper,_bell___healthy",0.943912
plantwild/extracted/plantwild/images/tomato leaf/google_0004.jpg,Tomato___healthy,"Pepper,_bell___healthy",0.819928
plantwild/extracted/plantwild/images/tomato leaf/google_0005.jpg,Tomato___healthy,Cherry___healthy,0.354036
plantwild/extracted/plantwild/images/tomato leaf/google_0006.jpg,Tomato___healthy,Cherry___healthy,0.818853
plantwild/extracted/plantwild/images/tomato leaf/google_0007.jpg,Tomato___healthy,"Pepper,_bell___healthy",0.602785
plantwild/extracted/plantwild/images/tomato leaf/google_0008.jpg,Tomato___healthy,Tomato___Early_blight,0.307867
plantwild/extracted/plantwild/images/tomato leaf/google_0009.jpg,Tomato___healthy,Tomato___Septoria_leaf_spot,0.236115
plantwild/extracted/plantwild/images/tomato leaf/google_0013.jpg,Tomato___healthy,Tomato___Septoria_leaf_spot,0.122608
plantwild/extracted/plantwild/images/tomato leaf/google_0014.jpg,Tomato___healthy,Cherry___healthy,0.944197
plantwild/extracted/plantwild/images/tomato leaf/google_0015.jpg,Tomato___healthy,"Pepper,_bell___healthy",0.926997
plantwild/extracted/plantwild/images/tomato leaf/google_0017.jpg,Tomato___healthy,"Pepper,_bell___healthy",0.926724
plantwild/extracted/plantwild/images/tomato leaf/google_0019.jpg,Tomato___healthy,Cherry___healthy,0.364648
plantwild/extracted/plantwild/images/tomato leaf/google_0021.jpg,Tomato___healthy,Tomato___Septoria_leaf_spot,0.215121
plantwild/extracted/plantwild/images/tomato leaf/google_0022.jpg,Tomato___healthy,Tomato___Late_blight,0.591621
plantwild/extracted/plantwild/images/tomato leaf/google_0025.jpg,Tomato___healthy,"Pepper,_bell___healthy",0.871679
plantwild/extracted/plantwild/images/tomato leaf/google_0029.jpg,Tomato___healthy,Tomato___Septoria_leaf_spot,0.220989
plantwild/extracted/plantwild/images/tomato leaf/google_0049.jpg,Tomato___healthy,Tomato___Septoria_leaf_spot,0.114444
plantwild/extracted/plantwild/images/tomato leaf/google_0056.jpg,Tomato___healthy,"Pepper,_bell___healthy",0.411589
plantwild/extracted/plantwild/images/tomato leaf/google_0063.jpg,Tomato___healthy,Tomato___Early_blight,0.557768
plantwild/extracted/plantwild/images/tomato leaf/google_0071.jpg,Tomato___healthy,Cherry___healthy,0.831915
plantwild/extracted/plantwild/images/tomato leaf/google_0086.jpg,Tomato___healthy,Tomato___Early_blight,0.807018
plantwild/extracted/plantwild/images/tomato leaf/google_0095.jpg,Tomato___healthy,"Pepper,_bell___healthy",0.556627
plantwild/extracted/plantwild/images/tomato leaf/google_0104.jpg,Tomato___healthy,"Pepper,_bell___healthy",0.859569
plantwild/extracted/plantwild/images/tomato leaf/google_0105.jpg,Tomato___healthy,Cherry___healthy,0.598891
plantwild/extracted/plantwild/images/tomato leaf/google_0106.jpg,Tomato___healthy,"Pepper,_bell___healthy",0.643190
plantwild/extracted/plantwild/images/tomato leaf/google_0116.jpg,Tomato___healthy,Tomato___healthy,0.604428
plantwild/extracted/plantwild/images/tomato leaf/google_0124.jpg,Tomato___healthy,Tomato___Septoria_leaf_spot,0.204618
plantwild/extracted/plantwild/images/tomato leaf/google_0127.jpg,Tomato___healthy,Cherry___healthy,0.777369
plantwild/extracted/plantwild/images/tomato leaf/google_0137.jpg,Tomato___healthy,"Pepper,_bell___healthy",0.884958
plantwild/extracted/plantwild/images/tomato leaf/google_0152.jpg,Tomato___healthy,"Pepper,_bell___healthy",0.939994
plantwild/extracted/plantwild/images/tomato leaf/google_0155.jpg,Tomato___healthy,"Pepper,_bell___healthy",0.943625
plantwild/extracted/plantwild/images/tomato leaf/google_0183.jpg,Tomato___healthy,Strawberry___Leaf_scorch,0.669456
plantwild/extracted/plantwild/images/tomato leaf/google_0190.jpg,Tomato___healthy,Tomato___Septoria_leaf_spot,0.136621
plantwild/extracted/plantwild/images/tomato leaf/google_0201.jpg,Tomato___healthy,Cherry___healthy,0.852246
plantwild/extracted/plantwild/images/tomato leaf/google_0202.jpg,Tomato___healthy,Tomato___healthy,0.541586
plantwild/extracted/plantwild/images/tomato leaf/google_0204.jpg,Tomato___healthy,"Pepper,_bell___healthy",0.947690
plantwild/extracted/plantwild/images/tomato leaf/google_0207.jpg,Tomato___healthy,"Pepper,_bell___healthy",0.583645
plantwild/extracted/plantwild/images/tomato leaf/google_0208.jpg,Tomato___healthy,"Pepper,_bell___healthy",0.699074
plantwild/extracted/plantwild/images/tomato leaf/google_0214.jpg,Tomato___healthy,"Pepper,_bell___healthy",0.935158
plantwild/extracted/plantwild/images/tomato leaf/google_0215.jpg,Tomato___healthy,Cherry___healthy,0.922513
plantwild/extracted/plantwild/images/tomato leaf/google_0222.jpg,Tomato___healthy,"Pepper,_bell___healthy",0.718683
plantwild/extracted/plantwild/images/tomato leaf/google_0230.jpg,Tomato___healthy,Cherry___healthy,0.797030
plantwild/extracted/plantwild/images/tomato leaf/google_0239.jpg,Tomato___healthy,Cherry___healthy,0.451662
plantwild/extracted/plantwild/images/tomato leaf/google_0240.jpg,Tomato___healthy,Tomato___Septoria_leaf_spot,0.256595
plantwild/extracted/plantwild/images/tomato leaf/google_0253.jpg,Tomato___healthy,Cherry___healthy,0.533954
plantwild/extracted/plantwild/images/tomato leaf/google_0258.jpg,Tomato___healthy,Cherry___healthy,0.477403
plantwild/extracted/plantwild/images/tomato leaf/google_0260.jpg,Tomato___healthy,"Pepper,_bell___healthy",0.952606
plantwild/extracted/plantwild/images/tomato leaf/google_0262.jpg,Tomato___healthy,Cherry___healthy,0.906427
plantwild/extracted/plantwild/images/tomato leaf/google_0266.jpg,Tomato___healthy,"Pepper,_bell___healthy",0.682948
plantwild/extracted/plantwild/images/tomato leaf/google_0269.jpg,Tomato___healthy,Cherry___healthy,0.779537
plantwild/extracted/plantwild/images/tomato leaf/google_0275.jpg,Tomato___healthy,"Pepper,_bell___healthy",0.856250
plantwild/extracted/plantwild/images/tomato leaf/google_0279.jpg,Tomato___healthy,"Pepper,_bell___healthy",0.844046
plantwild/extracted/plantwild/images/tomato leaf/google_0284.jpg,Tomato___healthy,"Pepper,_bell___healthy",0.826202
plantwild/extracted/plantwild/images/tomato leaf/google_0289.jpg,Tomato___healthy,"Pepper,_bell___healthy",0.623285
plantwild/extracted/plantwild/images/tomato leaf/google_0290.jpg,Tomato___healthy,Tomato___Septoria_leaf_spot,0.196409
plantwild/extracted/plantwild/images/tomato leaf/google_0297.jpg,Tomato___healthy,Cherry___healthy,0.923049
plantwild/extracted/plantwild/images/tomato leaf/google_0302.jpg,Tomato___healthy,Tomato___healthy,0.452486
plantwild/extracted/plantwild/images/tomato leaf/google_0307.jpg,Tomato___healthy,Strawberry___Leaf_scorch,0.941681
plantwild/extracted/plantwild/images/tomato leaf/google_0309.jpg,Tomato___healthy,"Pepper,_bell___healthy",0.893258
plantwild/extracted/plantwild/images/tomato leaf/google_0310.jpg,Tomato___healthy,"Pepper,_bell___healthy",0.880500
plantwild/extracted/plantwild/images/tomato leaf/google_0320.jpg,Tomato___healthy,"Pepper,_bell___healthy",0.897135
plantwild/extracted/plantwild/images/tomato leaf/google_0330.jpg,Tomato___healthy,"Pepper,_bell___healthy",0.640514
plantwild/extracted/plantwild/images/tomato leaf/google_0333.jpg,Tomato___healthy,"Pepper,_bell___healthy",0.924976
plantwild/extracted/plantwild/images/tomato leaf/google_0335.jpg,Tomato___healthy,Tomato___Septoria_leaf_spot,0.261599
plantwild/extracted/plantwild/images/tomato leaf/google_0340.jpg,Tomato___healthy,Cherry___healthy,0.728956
plantwild/extracted/plantwild/images/tomato leaf/google_0346.jpg,Tomato___healthy,Apple___Cedar_apple_rust,0.603464
plantwild/extracted/plantwild/images/tomato leaf/google_0349.jpg,Tomato___healthy,"Pepper,_bell___healthy",0.926754
plantwild/extracted/plantwild/images/tomato leaf/google_0354.jpg,Tomato___healthy,Grape___Esca_(Black_Measles),0.628738
plantwild/extracted/plantwild/images/tomato leaf/google_0355.jpg,Tomato___healthy,Cherry___healthy,0.639103
plantwild/extracted/plantwild/images/tomato leaf/google_0358.jpg,Tomato___healthy,"Pepper,_bell___healthy",0.887294
plantwild/extracted/plantwild/images/tomato leaf/google_0364.jpg,Tomato___healthy,Tomato___Early_blight,0.203203
plantwild/extracted/plantwild/images/tomato leaf/google_0366.jpg,Tomato___healthy,"Pepper,_bell___healthy",0.904982
plantwild/extracted/plantwild/images/tomato leaf/google_0380.jpg,Tomato___healthy,Tomato___Septoria_leaf_spot,0.187908
plantwild/extracted/plantwild/images/tomato leaf/google_0383.jpg,Tomato___healthy,Cherry___healthy,0.951833
plantwild/extracted/plantwild/images/tomato leaf/google_0405.jpg,Tomato___healthy,"Pepper,_bell___healthy",0.662866
plantwild/extracted/plantwild/images/tomato leaf/google_0417.jpg,Tomato___healthy,"Pepper,_bell___healthy",0.903677
plantwild/extracted/plantwild/images/tomato leaf/google_0421.jpg,Tomato___healthy,Cherry___healthy,0.938868
plantwild/extracted/plantwild/images/tomato leaf/google_0427.jpg,Tomato___healthy,"Pepper,_bell___healthy",0.937190
plantwild/extracted/plantwild/images/tomato leaf/google_0428.jpg,Tomato___healthy,"Pepper,_bell___healthy",0.734646
plantwild/extracted/plantwild/images/tomato leaf/google_0431.jpg,Tomato___healthy,"Pepper,_bell___healthy",0.582358
plantwild/extracted/plantwild/images/tomato leaf/google_0434.jpg,Tomato___healthy,"Pepper,_bell___healthy",0.642336
plantwild/extracted/plantwild/images/tomato leaf/google_0435.jpg,Tomato___healthy,Cherry___healthy,0.938390
plantwild/extracted/plantwild/images/tomato leaf/google_0438.jpg,Tomato___healthy,Cherry___healthy,0.628060
plantwild/extracted/plantwild/images/tomato leaf/google_0443.jpg,Tomato___healthy,"Pepper,_bell___healthy",0.926729
plantwild/extracted/plantwild/images/tomato leaf/google_0445.jpg,Tomato___healthy,Cherry___healthy,0.824181
plantwild/extracted/plantwild/images/tomato leaf/google_0448.jpg,Tomato___healthy,"Pepper,_bell___healthy",0.886791
plantwild/extracted/plantwild/images/tomato leaf/google_0450.jpg,Tomato___healthy,"Pepper,_bell___healthy",0.946388
plantwild/extracted/plantwild/images/tomato leaf/google_0452.jpg,Tomato___healthy,Cherry___healthy,0.912337
plantwild/extracted/plantwild/images/tomato leaf/google_0460.jpg,Tomato___healthy,Strawberry___Leaf_scorch,0.800939
plantwild/extracted/plantwild/images/tomato leaf/google_0461.jpg,Tomato___healthy,Cherry___healthy,0.926983
plantwild/extracted/plantwild/images/tomato leaf/google_0468.jpg,Tomato___healthy,"Pepper,_bell___healthy",0.928683
plantwild/extracted/plantwild/images/tomato leaf/google_0469.jpg,Tomato___healthy,"Pepper,_bell___healthy",0.879458
plantwild/extracted/plantwild/images/tomato leaf/google_0471.jpg,Tomato___healthy,Cherry___healthy,0.943624
plantwild/extracted/plantwild/images/tomato leaf/google_0477.jpg,Tomato___healthy,"Pepper,_bell___healthy",0.374067
plantwild/extracted/plantwild/images/tomato leaf/google_0478.jpg,Tomato___healthy,"Pepper,_bell___healthy",0.593377
plantwild/extracted/plantwild/images/tomato leaf/google_0481.jpg,Tomato___healthy,"Pepper,_bell___healthy",0.625120
plantwild/extracted/plantwild/images/tomato leaf/google_0482.jpg,Tomato___healthy,"Pepper,_bell___healthy",0.945893
plantwild/extracted/plantwild/images/tomato leaf/google_0490.jpg,Tomato___healthy,Cherry___healthy,0.836989
plantwild/extracted/plantwild/images/tomato leaf/google_0503.jpg,Tomato___healthy,Strawberry___Leaf_scorch,0.726033
plantwild/extracted/plantwild/images/tomato leaf/google_0519.jpg,Tomato___healthy,Tomato___healthy,0.848630
plantwild/extracted/plantwild/images/tomato leaf/google_0521.jpg,Tomato___healthy,Tomato___Septoria_leaf_spot,0.263487
plantwild/extracted/plantwild/images/tomato leaf/google_0526.jpg,Tomato___healthy,Tomato___Septoria_leaf_spot,0.213871
plantwild/extracted/plantwild/images/tomato leaf/google_0530.jpg,Tomato___healthy,Cherry___healthy,0.609502
plantwild/extracted/plantwild/images/tomato leaf/google_0542.jpg,Tomato___healthy,Squash___Powdery_mildew,0.829436
plantwild/extracted/plantwild/images/tomato leaf/google_0550.jpg,Tomato___healthy,Tomato___Early_blight,0.306616
plantwild/extracted/plantwild/images/tomato leaf/google_0564.jpg,Tomato___healthy,Cherry___healthy,0.935247
plantwild/extracted/plantwild/images/tomato leaf/google_0571.jpg,Tomato___healthy,Tomato___Septoria_leaf_spot,0.227744
plantwild/extracted/plantwild/images/tomato leaf/google_0575.jpg,Tomato___healthy,"Pepper,_bell___healthy",0.706059
plantwild/extracted/plantwild/images/tomato leaf/google_0577.jpg,Tomato___healthy,"Pepper,_bell___healthy",0.931035
plantwild/extracted/plantwild/images/tomato leaf/google_0584.jpg,Tomato___healthy,Tomato___Early_blight,0.308744
plantwild/extracted/plantwild/images/tomato leaf/google_0589.jpg,Tomato___healthy,"Pepper,_bell___healthy",0.850750
plantwild/extracted/plantwild/images/tomato leaf/google_0593.jpg,Tomato___healthy,"Pepper,_bell___healthy",0.832745
plantwild/extracted/plantwild/images/tomato leaf/google_0594.jpg,Tomato___healthy,"Pepper,_bell___healthy",0.399533
plantwild/extracted/plantwild/images/tomato leaf/google_0598.jpg,Tomato___healthy,Tomato___Tomato_Yellow_Leaf_Curl_Virus,0.154021
plantwild/extracted/plantwild/images/tomato leaf/google_0607.jpg,Tomato___healthy,Tomato___Early_blight,0.553102
plantwild/extracted/plantwild/images/tomato leaf/google_0612.jpg,Tomato___healthy,Grape___Esca_(Black_Measles),0.281431
plantwild/extracted/plantwild/images/tomato leaf/google_0629.jpg,Tomato___healthy,Tomato___Septoria_leaf_spot,0.266292
plantwild/extracted/plantwild/images/tomato leaf/google_0631.jpg,Tomato___healthy,Tomato___Septoria_leaf_spot,0.237119
plantwild/extracted/plantwild/images/tomato leaf/google_0635.jpg,Tomato___healthy,Tomato___Early_blight,0.224127
plantwild/extracted/plantwild/images/tomato leaf mold/1.jpg,Tomato___Leaf_Mold,Cherry___healthy,0.836594
plantwild/extracted/plantwild/images/tomato leaf mold/10.jpg,Tomato___Leaf_Mold,Strawberry___Leaf_scorch,0.408319
plantwild/extracted/plantwild/images/tomato leaf mold/108.jpg,Tomato___Leaf_Mold,"Pepper,_bell___healthy",0.883045
plantwild/extracted/plantwild/images/tomato leaf mold/12.jpg,Tomato___Leaf_Mold,Tomato___Late_blight,0.678936
plantwild/extracted/plantwild/images/tomato leaf mold/13.jpg,Tomato___Leaf_Mold,"Pepper,_bell___healthy",0.569029
plantwild/extracted/plantwild/images/tomato leaf mold/136.jpg,Tomato___Leaf_Mold,Tomato___Late_blight,0.951529
plantwild/extracted/plantwild/images/tomato leaf mold/137.jpg,Tomato___Leaf_Mold,Grape___Esca_(Black_Measles),0.918486
plantwild/extracted/plantwild/images/tomato leaf mold/14.jpg,Tomato___Leaf_Mold,Tomato___Late_blight,0.896940
plantwild/extracted/plantwild/images/tomato leaf mold/140.jpg,Tomato___Leaf_Mold,"Pepper,_bell___healthy",0.904030
plantwild/extracted/plantwild/images/tomato leaf mold/141.jpg,Tomato___Leaf_Mold,Strawberry___Leaf_scorch,0.541912
plantwild/extracted/plantwild/images/tomato leaf mold/142.jpg,Tomato___Leaf_Mold,Cherry___healthy,0.880455
plantwild/extracted/plantwild/images/tomato leaf mold/143.jpg,Tomato___Leaf_Mold,Tomato___Late_blight,0.940040
plantwild/extracted/plantwild/images/tomato leaf mold/144.jpg,Tomato___Leaf_Mold,Squash___Powdery_mildew,0.614425
plantwild/extracted/plantwild/images/tomato leaf mold/148.jpg,Tomato___Leaf_Mold,"Pepper,_bell___healthy",0.881873
plantwild/extracted/plantwild/images/tomato leaf mold/149.jpg,Tomato___Leaf_Mold,Tomato___Late_blight,0.839458
plantwild/extracted/plantwild/images/tomato leaf mold/150.jpg,Tomato___Leaf_Mold,Tomato___Late_blight,0.855111
plantwild/extracted/plantwild/images/tomato leaf mold/151.jpg,Tomato___Leaf_Mold,Cherry___healthy,0.614112
plantwild/extracted/plantwild/images/tomato leaf mold/152.jpg,Tomato___Leaf_Mold,Tomato___Late_blight,0.933019
plantwild/extracted/plantwild/images/tomato leaf mold/154.jpg,Tomato___Leaf_Mold,Tomato___Late_blight,0.917306
plantwild/extracted/plantwild/images/tomato leaf mold/155.jpg,Tomato___Leaf_Mold,Tomato___Late_blight,0.953798
plantwild/extracted/plantwild/images/tomato leaf mold/16.jpg,Tomato___Leaf_Mold,"Pepper,_bell___healthy",0.539858
plantwild/extracted/plantwild/images/tomato leaf mold/160.jpg,Tomato___Leaf_Mold,Cherry___healthy,0.712215
plantwild/extracted/plantwild/images/tomato leaf mold/161.jpg,Tomato___Leaf_Mold,Cherry___healthy,0.267048
plantwild/extracted/plantwild/images/tomato leaf mold/163.jpg,Tomato___Leaf_Mold,Tomato___Late_blight,0.955183
plantwild/extracted/plantwild/images/tomato leaf mold/164.jpg,Tomato___Leaf_Mold,Cherry___healthy,0.727108
plantwild/extracted/plantwild/images/tomato leaf mold/166.jpg,Tomato___Leaf_Mold,Cherry___healthy,0.916055
plantwild/extracted/plantwild/images/tomato leaf mold/167.jpg,Tomato___Leaf_Mold,Strawberry___Leaf_scorch,0.908230
plantwild/extracted/plantwild/images/tomato leaf mold/169.jpg,Tomato___Leaf_Mold,Squash___Powdery_mildew,0.934191
plantwild/extracted/plantwild/images/tomato leaf mold/17.jpg,Tomato___Leaf_Mold,Cherry___healthy,0.861864
plantwild/extracted/plantwild/images/tomato leaf mold/170.jpg,Tomato___Leaf_Mold,Tomato___Late_blight,0.943479
plantwild/extracted/plantwild/images/tomato leaf mold/171.jpg,Tomato___Leaf_Mold,Tomato___Late_blight,0.945852
plantwild/extracted/plantwild/images/tomato leaf mold/172.jpg,Tomato___Leaf_Mold,Cherry___healthy,0.869750
plantwild/extracted/plantwild/images/tomato leaf mold/173.jpg,Tomato___Leaf_Mold,Tomato___Late_blight,0.929266
plantwild/extracted/plantwild/images/tomato leaf mold/174.jpg,Tomato___Leaf_Mold,Tomato___Late_blight,0.871223
plantwild/extracted/plantwild/images/tomato leaf mold/175.jpg,Tomato___Leaf_Mold,Tomato___Early_blight,0.673612
plantwild/extracted/plantwild/images/tomato leaf mold/178.jpg,Tomato___Leaf_Mold,"Pepper,_bell___healthy",0.674871
plantwild/extracted/plantwild/images/tomato leaf mold/18.jpg,Tomato___Leaf_Mold,Cherry___healthy,0.939032
plantwild/extracted/plantwild/images/tomato leaf mold/180.jpg,Tomato___Leaf_Mold,Tomato___Late_blight,0.577323
plantwild/extracted/plantwild/images/tomato leaf mold/181.jpg,Tomato___Leaf_Mold,Tomato___Late_blight,0.461718
plantwild/extracted/plantwild/images/tomato leaf mold/182.jpg,Tomato___Leaf_Mold,Tomato___Late_blight,0.642879
plantwild/extracted/plantwild/images/tomato leaf mold/183.jpg,Tomato___Leaf_Mold,Squash___Powdery_mildew,0.910290
plantwild/extracted/plantwild/images/tomato leaf mold/184.jpg,Tomato___Leaf_Mold,Tomato___Late_blight,0.952803
plantwild/extracted/plantwild/images/tomato leaf mold/186.jpg,Tomato___Leaf_Mold,"Pepper,_bell___healthy",0.803220
plantwild/extracted/plantwild/images/tomato leaf mold/189.jpg,Tomato___Leaf_Mold,Tomato___Late_blight,0.653982
plantwild/extracted/plantwild/images/tomato leaf mold/19.jpg,Tomato___Leaf_Mold,Tomato___Late_blight,0.912658
plantwild/extracted/plantwild/images/tomato leaf mold/190.jpg,Tomato___Leaf_Mold,"Pepper,_bell___healthy",0.898338
plantwild/extracted/plantwild/images/tomato leaf mold/195.jpg,Tomato___Leaf_Mold,Strawberry___Leaf_scorch,0.433098
plantwild/extracted/plantwild/images/tomato leaf mold/196.jpg,Tomato___Leaf_Mold,"Pepper,_bell___healthy",0.497448
plantwild/extracted/plantwild/images/tomato leaf mold/197.jpg,Tomato___Leaf_Mold,Cherry___healthy,0.694066
plantwild/extracted/plantwild/images/tomato leaf mold/198.jpg,Tomato___Leaf_Mold,Strawberry___Leaf_scorch,0.391431
plantwild/extracted/plantwild/images/tomato leaf mold/20.jpg,Tomato___Leaf_Mold,Cherry___healthy,0.664107
plantwild/extracted/plantwild/images/tomato leaf mold/200.jpg,Tomato___Leaf_Mold,Cherry___healthy,0.945609
plantwild/extracted/plantwild/images/tomato leaf mold/202.jpg,Tomato___Leaf_Mold,Tomato___Late_blight,0.941813
plantwild/extracted/plantwild/images/tomato leaf mold/203.jpg,Tomato___Leaf_Mold,"Pepper,_bell___healthy",0.363453
plantwild/extracted/plantwild/images/tomato leaf mold/204.jpg,Tomato___Leaf_Mold,Corn___healthy,0.590188
plantwild/extracted/plantwild/images/tomato leaf mold/205.jpg,Tomato___Leaf_Mold,Grape___Black_rot,0.900155
plantwild/extracted/plantwild/images/tomato leaf mold/207.jpg,Tomato___Leaf_Mold,Tomato___Late_blight,0.954648
plantwild/extracted/plantwild/images/tomato leaf mold/208.jpg,Tomato___Leaf_Mold,Strawberry___Leaf_scorch,0.660822
plantwild/extracted/plantwild/images/tomato leaf mold/209.jpg,Tomato___Leaf_Mold,Tomato___Late_blight,0.947582
plantwild/extracted/plantwild/images/tomato leaf mold/21.jpg,Tomato___Leaf_Mold,Cherry___healthy,0.843824
plantwild/extracted/plantwild/images/tomato leaf mold/210.jpg,Tomato___Leaf_Mold,Tomato___Late_blight,0.367401
plantwild/extracted/plantwild/images/tomato leaf mold/211.jpg,Tomato___Leaf_Mold,Tomato___Late_blight,0.823615
plantwild/extracted/plantwild/images/tomato leaf mold/215.jpg,Tomato___Leaf_Mold,Strawberry___Leaf_scorch,0.157188
plantwild/extracted/plantwild/images/tomato leaf mold/216.jpg,Tomato___Leaf_Mold,Apple___Apple_scab,0.811409
plantwild/extracted/plantwild/images/tomato leaf mold/217.jpg,Tomato___Leaf_Mold,Tomato___Leaf_Mold,0.684205
plantwild/extracted/plantwild/images/tomato leaf mold/219.jpg,Tomato___Leaf_Mold,"Pepper,_bell___healthy",0.620276
plantwild/extracted/plantwild/images/tomato leaf mold/22.jpg,Tomato___Leaf_Mold,Tomato___Late_blight,0.555195
plantwild/extracted/plantwild/images/tomato leaf mold/224.jpg,Tomato___Leaf_Mold,Tomato___Late_blight,0.571026
plantwild/extracted/plantwild/images/tomato leaf mold/225.jpg,Tomato___Leaf_Mold,Cherry___healthy,0.259797
plantwild/extracted/plantwild/images/tomato leaf mold/226.jpg,Tomato___Leaf_Mold,Cherry___healthy,0.788180
plantwild/extracted/plantwild/images/tomato leaf mold/227.jpg,Tomato___Leaf_Mold,Tomato___Leaf_Mold,0.920647
plantwild/extracted/plantwild/images/tomato leaf mold/23.jpg,Tomato___Leaf_Mold,Strawberry___Leaf_scorch,0.213792
plantwild/extracted/plantwild/images/tomato leaf mold/230.jpg,Tomato___Leaf_Mold,Tomato___Late_blight,0.286654
plantwild/extracted/plantwild/images/tomato leaf mold/232.jpg,Tomato___Leaf_Mold,Corn___Northern_Leaf_Blight,0.553315
plantwild/extracted/plantwild/images/tomato leaf mold/233.jpg,Tomato___Leaf_Mold,Cherry___healthy,0.351722
plantwild/extracted/plantwild/images/tomato leaf mold/235.jpg,Tomato___Leaf_Mold,Tomato___Late_blight,0.951835
plantwild/extracted/plantwild/images/tomato leaf mold/236.jpg,Tomato___Leaf_Mold,Tomato___Late_blight,0.951617
plantwild/extracted/plantwild/images/tomato leaf mold/239.jpg,Tomato___Leaf_Mold,Potato___Early_blight,0.619992
plantwild/extracted/plantwild/images/tomato leaf mold/24.jpg,Tomato___Leaf_Mold,Tomato___Late_blight,0.930092
plantwild/extracted/plantwild/images/tomato leaf mold/240.jpg,Tomato___Leaf_Mold,Tomato___Tomato_Yellow_Leaf_Curl_Virus,0.706936
plantwild/extracted/plantwild/images/tomato leaf mold/241.jpg,Tomato___Leaf_Mold,Tomato___Late_blight,0.953039
plantwild/extracted/plantwild/images/tomato leaf mold/243.jpg,Tomato___Leaf_Mold,Cherry___healthy,0.939648
plantwild/extracted/plantwild/images/tomato leaf mold/245.jpg,Tomato___Leaf_Mold,Tomato___Late_blight,0.804291
plantwild/extracted/plantwild/images/tomato leaf mold/247.jpg,Tomato___Leaf_Mold,Cherry___healthy,0.831290
plantwild/extracted/plantwild/images/tomato leaf mold/248.jpg,Tomato___Leaf_Mold,Tomato___Late_blight,0.865692
plantwild/extracted/plantwild/images/tomato leaf mold/25.jpg,Tomato___Leaf_Mold,Tomato___Late_blight,0.952191
plantwild/extracted/plantwild/images/tomato leaf mold/254.jpg,Tomato___Leaf_Mold,Strawberry___Leaf_scorch,0.633535
plantwild/extracted/plantwild/images/tomato leaf mold/259.jpg,Tomato___Leaf_Mold,Cherry___healthy,0.195459
plantwild/extracted/plantwild/images/tomato leaf mold/262.jpg,Tomato___Leaf_Mold,Tomato___Late_blight,0.682026
plantwild/extracted/plantwild/images/tomato leaf mold/264.jpg,Tomato___Leaf_Mold,Cherry___healthy,0.354627
plantwild/extracted/plantwild/images/tomato leaf mold/265.jpg,Tomato___Leaf_Mold,Tomato___Late_blight,0.948858
plantwild/extracted/plantwild/images/tomato leaf mold/266.jpg,Tomato___Leaf_Mold,Tomato___Late_blight,0.942443
plantwild/extracted/plantwild/images/tomato leaf mold/267.jpg,Tomato___Leaf_Mold,Tomato___Late_blight,0.951612
plantwild/extracted/plantwild/images/tomato leaf mold/268.jpg,Tomato___Leaf_Mold,Squash___Powdery_mildew,0.611011
plantwild/extracted/plantwild/images/tomato leaf mold/269.jpg,Tomato___Leaf_Mold,"Pepper,_bell___healthy",0.827730
plantwild/extracted/plantwild/images/tomato leaf mold/271.jpg,Tomato___Leaf_Mold,Tomato___Late_blight,0.952849
plantwild/extracted/plantwild/images/tomato leaf mold/272 - Copy.jpg,Tomato___Leaf_Mold,Corn___healthy,0.945395
plantwild/extracted/plantwild/images/tomato leaf mold/272.jpg,Tomato___Leaf_Mold,Tomato___Late_blight,0.829965
plantwild/extracted/plantwild/images/tomato leaf mold/274.jpg,Tomato___Leaf_Mold,Strawberry___Leaf_scorch,0.898450
plantwild/extracted/plantwild/images/tomato leaf mold/275.jpg,Tomato___Leaf_Mold,Tomato___Early_blight,0.657238
plantwild/extracted/plantwild/images/tomato leaf mold/277.jpg,Tomato___Leaf_Mold,Tomato___Early_blight,0.892194
plantwild/extracted/plantwild/images/tomato leaf mold/278.jpg,Tomato___Leaf_Mold,Squash___Powdery_mildew,0.929696
plantwild/extracted/plantwild/images/tomato leaf mold/279.jpg,Tomato___Leaf_Mold,Tomato___Late_blight,0.953981
plantwild/extracted/plantwild/images/tomato leaf mold/28.jpg,Tomato___Leaf_Mold,Tomato___Late_blight,0.653531
plantwild/extracted/plantwild/images/tomato leaf mold/281.jpg,Tomato___Leaf_Mold,Strawberry___Leaf_scorch,0.918167
plantwild/extracted/plantwild/images/tomato leaf mold/282.jpg,Tomato___Leaf_Mold,Cherry___healthy,0.884214
plantwild/extracted/plantwild/images/tomato leaf mold/3.jpg,Tomato___Leaf_Mold,Tomato___Early_blight,0.658292
plantwild/extracted/plantwild/images/tomato leaf mold/30.jpg,Tomato___Leaf_Mold,Cherry___healthy,0.602243
plantwild/extracted/plantwild/images/tomato leaf mold/31.jpg,Tomato___Leaf_Mold,"Pepper,_bell___healthy",0.351710
plantwild/extracted/plantwild/images/tomato leaf mold/32.jpg,Tomato___Leaf_Mold,Tomato___Late_blight,0.951228
plantwild/extracted/plantwild/images/tomato leaf mold/33.jpg,Tomato___Leaf_Mold,Strawberry___Leaf_scorch,0.408384
plantwild/extracted/plantwild/images/tomato leaf mold/34.jpg,Tomato___Leaf_Mold,Corn___Cercospora_leaf_spot Gray_leaf_spot,0.768669
plantwild/extracted/plantwild/images/tomato leaf mold/35.jpg,Tomato___Leaf_Mold,Tomato___Late_blight,0.449139
plantwild/extracted/plantwild/images/tomato leaf mold/38.jpg,Tomato___Leaf_Mold,"Pepper,_bell___healthy",0.738052
plantwild/extracted/plantwild/images/tomato leaf mold/39.jpg,Tomato___Leaf_Mold,Cherry___healthy,0.943932
plantwild/extracted/plantwild/images/tomato leaf mold/40.jpg,Tomato___Leaf_Mold,Tomato___Late_blight,0.227034
plantwild/extracted/plantwild/images/tomato leaf mold/41.jpg,Tomato___Leaf_Mold,Cherry___healthy,0.475378
plantwild/extracted/plantwild/images/tomato leaf mold/45.jpg,Tomato___Leaf_Mold,Tomato___Early_blight,0.594889
plantwild/extracted/plantwild/images/tomato leaf mold/46.jpg,Tomato___Leaf_Mold,"Pepper,_bell___healthy",0.865835
plantwild/extracted/plantwild/images/tomato leaf mold/47.jpg,Tomato___Leaf_Mold,"Pepper,_bell___healthy",0.693535
plantwild/extracted/plantwild/images/tomato leaf mold/48.jpg,Tomato___Leaf_Mold,Tomato___Late_blight,0.930529
plantwild/extracted/plantwild/images/tomato leaf mold/5.jpg,Tomato___Leaf_Mold,Tomato___Late_blight,0.950563
plantwild/extracted/plantwild/images/tomato leaf mold/50.jpg,Tomato___Leaf_Mold,"Pepper,_bell___healthy",0.913946
plantwild/extracted/plantwild/images/tomato leaf mold/58 - Copy.jpg,Tomato___Leaf_Mold,Cherry___healthy,0.902171
plantwild/extracted/plantwild/images/tomato leaf mold/58.jpg,Tomato___Leaf_Mold,Tomato___Early_blight,0.444851
plantwild/extracted/plantwild/images/tomato leaf mold/59.jpg,Tomato___Leaf_Mold,Tomato___Late_blight,0.949091
plantwild/extracted/plantwild/images/tomato leaf mold/60.jpg,Tomato___Leaf_Mold,Corn___healthy,0.947229
plantwild/extracted/plantwild/images/tomato leaf mold/62.jpg,Tomato___Leaf_Mold,"Pepper,_bell___healthy",0.712673
plantwild/extracted/plantwild/images/tomato leaf mold/63.jpg,Tomato___Leaf_Mold,Tomato___Leaf_Mold,0.852481
plantwild/extracted/plantwild/images/tomato leaf mold/64.jpg,Tomato___Leaf_Mold,Cherry___healthy,0.869685
plantwild/extracted/plantwild/images/tomato leaf mold/65.jpg,Tomato___Leaf_Mold,"Pepper,_bell___healthy",0.530521
plantwild/extracted/plantwild/images/tomato leaf mold/66.jpg,Tomato___Leaf_Mold,Tomato___Late_blight,0.319079
plantwild/extracted/plantwild/images/tomato leaf mold/69 - Copy (2).jpg,Tomato___Leaf_Mold,Tomato___Late_blight,0.951716
plantwild/extracted/plantwild/images/tomato leaf mold/69 - Copy (3).jpg,Tomato___Leaf_Mold,Strawberry___Leaf_scorch,0.830444
plantwild/extracted/plantwild/images/tomato leaf mold/69 - Copy.jpg,Tomato___Leaf_Mold,Tomato___Early_blight,0.559992
plantwild/extracted/plantwild/images/tomato leaf mold/69.jpg,Tomato___Leaf_Mold,Strawberry___Leaf_scorch,0.921325
plantwild/extracted/plantwild/images/tomato leaf mold/7.jpg,Tomato___Leaf_Mold,"Pepper,_bell___healthy",0.612530
plantwild/extracted/plantwild/images/tomato leaf mold/71.jpg,Tomato___Leaf_Mold,Cherry___healthy,0.863711
plantwild/extracted/plantwild/images/tomato leaf mold/74.jpg,Tomato___Leaf_Mold,Tomato___Late_blight,0.849756
plantwild/extracted/plantwild/images/tomato leaf mold/77.jpg,Tomato___Leaf_Mold,Strawberry___Leaf_scorch,0.409699
plantwild/extracted/plantwild/images/tomato leaf mold/80.jpg,Tomato___Leaf_Mold,Strawberry___Leaf_scorch,0.934305
plantwild/extracted/plantwild/images/tomato leaf mold/83.jpg,Tomato___Leaf_Mold,Cherry___healthy,0.928973
plantwild/extracted/plantwild/images/tomato leaf mold/86.jpg,Tomato___Leaf_Mold,Cherry___healthy,0.944647
plantwild/extracted/plantwild/images/tomato leaf mold/87.jpg,Tomato___Leaf_Mold,Cherry___healthy,0.742962
plantwild/extracted/plantwild/images/tomato leaf mold/88.jpg,Tomato___Leaf_Mold,Tomato___Late_blight,0.904706
plantwild/extracted/plantwild/images/tomato leaf mold/89.jpg,Tomato___Leaf_Mold,Tomato___Late_blight,0.835566
plantwild/extracted/plantwild/images/tomato leaf mold/9.jpg,Tomato___Leaf_Mold,Cherry___healthy,0.687707
plantwild/extracted/plantwild/images/tomato leaf mold/91.jpg,Tomato___Leaf_Mold,Cherry___Powdery_mildew,0.935562
plantwild/extracted/plantwild/images/tomato leaf mold/92.jpg,Tomato___Leaf_Mold,Cherry___healthy,0.686472
plantwild/extracted/plantwild/images/tomato leaf mold/94.jpg,Tomato___Leaf_Mold,Tomato___Late_blight,0.927739
plantwild/extracted/plantwild/images/tomato leaf mold/99.jpg,Tomato___Leaf_Mold,Tomato___Early_blight,0.893166
plantwild/extracted/plantwild/images/tomato leaf mold/google_0001.jpg,Tomato___Leaf_Mold,Cherry___healthy,0.270817
plantwild/extracted/plantwild/images/tomato leaf mold/google_0002.jpg,Tomato___Leaf_Mold,Squash___Powdery_mildew,0.356525
plantwild/extracted/plantwild/images/tomato leaf mold/google_0006.jpg,Tomato___Leaf_Mold,Corn___healthy,0.519775
plantwild/extracted/plantwild/images/tomato leaf mold/google_0007 - Copy.jpg,Tomato___Leaf_Mold,Tomato___Leaf_Mold,0.889655
plantwild/extracted/plantwild/images/tomato leaf mold/google_0007.jpg,Tomato___Leaf_Mold,Corn___healthy,0.954400
plantwild/extracted/plantwild/images/tomato leaf mold/google_0008.jpg,Tomato___Leaf_Mold,Corn___Cercospora_leaf_spot Gray_leaf_spot,0.761589
plantwild/extracted/plantwild/images/tomato leaf mold/google_0009.jpg,Tomato___Leaf_Mold,Tomato___Leaf_Mold,0.951813
plantwild/extracted/plantwild/images/tomato leaf mold/google_0012.jpg,Tomato___Leaf_Mold,Cherry___healthy,0.454287
plantwild/extracted/plantwild/images/tomato leaf mold/google_0013.jpg,Tomato___Leaf_Mold,Tomato___Late_blight,0.844335
plantwild/extracted/plantwild/images/tomato leaf mold/google_0016.jpg,Tomato___Leaf_Mold,"Pepper,_bell___healthy",0.465954
plantwild/extracted/plantwild/images/tomato leaf mold/google_0017.jpg,Tomato___Leaf_Mold,Tomato___Late_blight,0.946899
plantwild/extracted/plantwild/images/tomato leaf mold/google_0019 - Copy.jpg,Tomato___Leaf_Mold,Tomato___Leaf_Mold,0.726866
plantwild/extracted/plantwild/images/tomato leaf mold/google_0019.jpg,Tomato___Leaf_Mold,Tomato___Late_blight,0.944837
plantwild/extracted/plantwild/images/tomato leaf mold/google_0020.jpg,Tomato___Leaf_Mold,"Pepper,_bell___healthy",0.505815
plantwild/extracted/plantwild/images/tomato leaf mold/google_0022.jpg,Tomato___Leaf_Mold,Cherry___healthy,0.904142
plantwild/extracted/plantwild/images/tomato leaf mold/google_0024.jpg,Tomato___Leaf_Mold,Corn___healthy,0.689690
plantwild/extracted/plantwild/images/tomato leaf mold/google_0028.jpg,Tomato___Leaf_Mold,Corn___Cercospora_leaf_spot Gray_leaf_spot,0.507397
plantwild/extracted/plantwild/images/tomato leaf mold/google_0030.jpg,Tomato___Leaf_Mold,Potato___Early_blight,0.347384
plantwild/extracted/plantwild/images/tomato leaf mold/google_0032.jpg,Tomato___Leaf_Mold,Tomato___Late_blight,0.519669
plantwild/extracted/plantwild/images/tomato leaf mold/google_0036.jpg,Tomato___Leaf_Mold,Tomato___Leaf_Mold,0.947427
plantwild/extracted/plantwild/images/tomato leaf mold/google_0038.jpg,Tomato___Leaf_Mold,Cherry___healthy,0.496179
plantwild/extracted/plantwild/images/tomato leaf mold/google_0042.jpg,Tomato___Leaf_Mold,Tomato___Leaf_Mold,0.948057
plantwild/extracted/plantwild/images/tomato leaf mold/google_0045.jpg,Tomato___Leaf_Mold,Corn___healthy,0.853768
plantwild/extracted/plantwild/images/tomato leaf mold/google_0048.jpg,Tomato___Leaf_Mold,Corn___Northern_Leaf_Blight,0.954671
plantwild/extracted/plantwild/images/tomato leaf mold/google_0049.jpg,Tomato___Leaf_Mold,"Pepper,_bell___healthy",0.514708
plantwild/extracted/plantwild/images/tomato leaf mold/google_0051.jpg,Tomato___Leaf_Mold,Tomato___Late_blight,0.924761
plantwild/extracted/plantwild/images/tomato leaf mold/google_0054.jpg,Tomato___Leaf_Mold,Corn___Cercospora_leaf_spot Gray_leaf_spot,0.100760
plantwild/extracted/plantwild/images/tomato leaf mold/google_0055.jpg,Tomato___Leaf_Mold,Corn___Common_rust,0.579451
plantwild/extracted/plantwild/images/tomato leaf mold/google_0056.jpg,Tomato___Leaf_Mold,Tomato___Late_blight,0.729825
plantwild/extracted/plantwild/images/tomato leaf mold/google_0061.jpg,Tomato___Leaf_Mold,Cherry___healthy,0.783643
plantwild/extracted/plantwild/images/tomato leaf mold/google_0063 - Copy.jpg,Tomato___Leaf_Mold,Cherry___healthy,0.299741
plantwild/extracted/plantwild/images/tomato leaf mold/google_0063.jpg,Tomato___Leaf_Mold,Tomato___Late_blight,0.955149
plantwild/extracted/plantwild/images/tomato leaf mold/google_0067.jpg,Tomato___Leaf_Mold,"Pepper,_bell___healthy",0.752146
plantwild/extracted/plantwild/images/tomato leaf mold/google_0070.jpg,Tomato___Leaf_Mold,"Pepper,_bell___healthy",0.891225
plantwild/extracted/plantwild/images/tomato leaf mold/google_0072.jpg,Tomato___Leaf_Mold,"Pepper,_bell___healthy",0.841496
plantwild/extracted/plantwild/images/tomato leaf mold/google_0083.jpg,Tomato___Leaf_Mold,Tomato___Late_blight,0.301749
plantwild/extracted/plantwild/images/tomato leaf mold/google_0101.jpg,Tomato___Leaf_Mold,Tomato___Tomato_mosaic_virus,0.950171
plantwild/extracted/plantwild/images/tomato leaf mold/google_0104 - Copy.jpg,Tomato___Leaf_Mold,Tomato___Leaf_Mold,0.807891
plantwild/extracted/plantwild/images/tomato leaf mold/google_0104.jpg,Tomato___Leaf_Mold,Tomato___Late_blight,0.946535
plantwild/extracted/plantwild/images/tomato leaf mold/google_0105.jpg,Tomato___Leaf_Mold,"Pepper,_bell___healthy",0.770742
plantwild/extracted/plantwild/images/tomato leaf mold/google_0110.jpg,Tomato___Leaf_Mold,Tomato___Leaf_Mold,0.944970
plantwild/extracted/plantwild/images/tomato leaf mold/google_0111.jpg,Tomato___Leaf_Mold,"Pepper,_bell___healthy",0.799120
plantwild/extracted/plantwild/images/tomato leaf mold/google_0116 - Copy.jpg,Tomato___Leaf_Mold,Tomato___Leaf_Mold,0.949641
plantwild/extracted/plantwild/images/tomato leaf mold/google_0116.jpg,Tomato___Leaf_Mold,Tomato___Leaf_Mold,0.943458
plantwild/extracted/plantwild/images/tomato leaf mold/google_0122.jpg,Tomato___Leaf_Mold,Corn___Cercospora_leaf_spot Gray_leaf_spot,0.647913
plantwild/extracted/plantwild/images/tomato leaf mold/google_0123.jpg,Tomato___Leaf_Mold,Squash___Powdery_mildew,0.290603
plantwild/extracted/plantwild/images/tomato leaf mold/google_0125.jpg,Tomato___Leaf_Mold,Cherry___healthy,0.932523
plantwild/extracted/plantwild/images/tomato leaf mold/google_0127.jpg,Tomato___Leaf_Mold,Cherry___healthy,0.947122
plantwild/extracted/plantwild/images/tomato leaf mold/google_0129.jpg,Tomato___Leaf_Mold,Tomato___Late_blight,0.618269
plantwild/extracted/plantwild/images/tomato leaf mold/google_0131 - Copy (2).jpg,Tomato___Leaf_Mold,Tomato___Leaf_Mold,0.949573
plantwild/extracted/plantwild/images/tomato leaf mold/google_0131 - Copy.jpg,Tomato___Leaf_Mold,Tomato___Leaf_Mold,0.949412
plantwild/extracted/plantwild/images/tomato leaf mold/google_0131.jpg,Tomato___Leaf_Mold,Tomato___Leaf_Mold,0.952137
plantwild/extracted/plantwild/images/tomato leaf mold/google_0135.jpg,Tomato___Leaf_Mold,Tomato___Late_blight,0.934450
plantwild/extracted/plantwild/images/tomato leaf mold/google_0142.jpg,Tomato___Leaf_Mold,Tomato___Leaf_Mold,0.947194
plantwild/extracted/plantwild/images/tomato leaf mold/google_0152.jpg,Tomato___Leaf_Mold,Tomato___Late_blight,0.688692
plantwild/extracted/plantwild/images/tomato leaf mold/google_0153.jpg,Tomato___Leaf_Mold,Potato___Early_blight,0.939264
plantwild/extracted/plantwild/images/tomato leaf mold/google_0174 - Copy.jpg,Tomato___Leaf_Mold,Corn___healthy,0.938953
plantwild/extracted/plantwild/images/tomato leaf mold/google_0174.jpg,Tomato___Leaf_Mold,Corn___healthy,0.951667
plantwild/extracted/plantwild/images/tomato leaf mold/google_0175.jpg,Tomato___Leaf_Mold,Tomato___Leaf_Mold,0.947224
plantwild/extracted/plantwild/images/tomato leaf mold/google_0176.jpg,Tomato___Leaf_Mold,Corn___healthy,0.778567
plantwild/extracted/plantwild/images/tomato leaf mold/google_0177.jpg,Tomato___Leaf_Mold,Strawberry___Leaf_scorch,0.943907
plantwild/extracted/plantwild/images/tomato leaf mold/google_0178.jpg,Tomato___Leaf_Mold,Tomato___Leaf_Mold,0.950918
plantwild/extracted/plantwild/images/tomato leaf mold/google_0185 - Copy (2).jpg,Tomato___Leaf_Mold,Tomato___Leaf_Mold,0.952949
plantwild/extracted/plantwild/images/tomato leaf mold/google_0185 - Copy (3).jpg,Tomato___Leaf_Mold,Tomato___Leaf_Mold,0.950674
plantwild/extracted/plantwild/images/tomato leaf mold/google_0185 - Copy.jpg,Tomato___Leaf_Mold,Tomato___Leaf_Mold,0.951134
plantwild/extracted/plantwild/images/tomato leaf mold/google_0185.jpg,Tomato___Leaf_Mold,Tomato___Leaf_Mold,0.953106
plantwild/extracted/plantwild/images/tomato leaf mold/google_0216.jpg,Tomato___Leaf_Mold,Tomato___Late_blight,0.952943
plantwild/extracted/plantwild/images/tomato leaf mold/google_0220.jpg,Tomato___Leaf_Mold,Strawberry___Leaf_scorch,0.759251
plantwild/extracted/plantwild/images/tomato leaf mold/google_0222.jpg,Tomato___Leaf_Mold,Tomato___Leaf_Mold,0.950544
plantwild/extracted/plantwild/images/tomato leaf mold/google_0226.jpg,Tomato___Leaf_Mold,Tomato___Leaf_Mold,0.945158
plantwild/extracted/plantwild/images/tomato leaf mold/google_0246.jpg,Tomato___Leaf_Mold,Tomato___Late_blight,0.941755
plantwild/extracted/plantwild/images/tomato leaf mold/google_0254.jpg,Tomato___Leaf_Mold,Tomato___Leaf_Mold,0.952619
plantwild/extracted/plantwild/images/tomato leaf mold/google_0257.jpg,Tomato___Leaf_Mold,"Pepper,_bell___healthy",0.740132
plantwild/extracted/plantwild/images/tomato leaf mold/google_0260.jpg,Tomato___Leaf_Mold,Strawberry___Leaf_scorch,0.715380
plantwild/extracted/plantwild/images/tomato leaf mold/google_0261.jpg,Tomato___Leaf_Mold,Corn___healthy,0.942410
plantwild/extracted/plantwild/images/tomato leaf mold/google_0262.jpg,Tomato___Leaf_Mold,"Pepper,_bell___healthy",0.945963
plantwild/extracted/plantwild/images/tomato leaf mold/google_0267.jpg,Tomato___Leaf_Mold,Tomato___Early_blight,0.896103
plantwild/extracted/plantwild/images/tomato leaf mold/google_0277.jpg,Tomato___Leaf_Mold,Cherry___healthy,0.325413
plantwild/extracted/plantwild/images/tomato leaf mold/google_0282.jpg,Tomato___Leaf_Mold,"Pepper,_bell___healthy",0.915158
plantwild/extracted/plantwild/images/tomato leaf mold/google_0283.jpg,Tomato___Leaf_Mold,Tomato___Tomato_Yellow_Leaf_Curl_Virus,0.905788
plantwild/extracted/plantwild/images/tomato leaf mold/google_0284.jpg,Tomato___Leaf_Mold,Tomato___Leaf_Mold,0.950549
plantwild/extracted/plantwild/images/tomato leaf mold/google_0286.jpg,Tomato___Leaf_Mold,Tomato___healthy,0.352308
plantwild/extracted/plantwild/images/tomato leaf mold/google_0293.jpg,Tomato___Leaf_Mold,Tomato___Late_blight,0.948681
plantwild/extracted/plantwild/images/tomato leaf mold/google_0304.jpg,Tomato___Leaf_Mold,Potato___Early_blight,0.367609
plantwild/extracted/plantwild/images/tomato leaf mold/google_0306.jpg,Tomato___Leaf_Mold,"Pepper,_bell___healthy",0.411589
plantwild/extracted/plantwild/images/tomato leaf mold/google_0308 - Copy (2).jpg,Tomato___Leaf_Mold,Tomato___Late_blight,0.955460
plantwild/extracted/plantwild/images/tomato leaf mold/google_0308 - Copy.jpg,Tomato___Leaf_Mold,Cherry___healthy,0.814227
plantwild/extracted/plantwild/images/tomato leaf mold/google_0308.jpg,Tomato___Leaf_Mold,"Pepper,_bell___healthy",0.803476
plantwild/extracted/plantwild/images/tomato mosaic virus/1.jpg,Tomato___Tomato_mosaic_virus,Cherry___healthy,0.521264
plantwild/extracted/plantwild/images/tomato mosaic virus/10.jpg,Tomato___Tomato_mosaic_virus,Strawberry___Leaf_scorch,0.761310
plantwild/extracted/plantwild/images/tomato mosaic virus/11.jpg,Tomato___Tomato_mosaic_virus,Tomato___Early_blight,0.293425
plantwild/extracted/plantwild/images/tomato mosaic virus/112.jpg,Tomato___Tomato_mosaic_virus,Squash___Powdery_mildew,0.436635
plantwild/extracted/plantwild/images/tomato mosaic virus/117.jpg,Tomato___Tomato_mosaic_virus,Cherry___healthy,0.933683
plantwild/extracted/plantwild/images/tomato mosaic virus/118.jpg,Tomato___Tomato_mosaic_virus,Cherry___healthy,0.947133
plantwild/extracted/plantwild/images/tomato mosaic virus/119.jpg,Tomato___Tomato_mosaic_virus,"Pepper,_bell___healthy",0.949895
plantwild/extracted/plantwild/images/tomato mosaic virus/125.jpg,Tomato___Tomato_mosaic_virus,Cherry___healthy,0.942794
plantwild/extracted/plantwild/images/tomato mosaic virus/127.jpg,Tomato___Tomato_mosaic_virus,Strawberry___Leaf_scorch,0.631931
plantwild/extracted/plantwild/images/tomato mosaic virus/129.jpg,Tomato___Tomato_mosaic_virus,"Pepper,_bell___healthy",0.923026
plantwild/extracted/plantwild/images/tomato mosaic virus/13.jpg,Tomato___Tomato_mosaic_virus,Cherry___healthy,0.895379
plantwild/extracted/plantwild/images/tomato mosaic virus/132.jpg,Tomato___Tomato_mosaic_virus,Cherry___healthy,0.863841
plantwild/extracted/plantwild/images/tomato mosaic virus/135.jpg,Tomato___Tomato_mosaic_virus,Squash___Powdery_mildew,0.940777
plantwild/extracted/plantwild/images/tomato mosaic virus/138.jpg,Tomato___Tomato_mosaic_virus,Cherry___healthy,0.622519
plantwild/extracted/plantwild/images/tomato mosaic virus/139.jpg,Tomato___Tomato_mosaic_virus,"Pepper,_bell___healthy",0.842104
plantwild/extracted/plantwild/images/tomato mosaic virus/14.jpg,Tomato___Tomato_mosaic_virus,Cherry___healthy,0.939954
plantwild/extracted/plantwild/images/tomato mosaic virus/140.jpg,Tomato___Tomato_mosaic_virus,"Pepper,_bell___healthy",0.414649
plantwild/extracted/plantwild/images/tomato mosaic virus/143.jpg,Tomato___Tomato_mosaic_virus,Cherry___healthy,0.943556
plantwild/extracted/plantwild/images/tomato mosaic virus/147.jpg,Tomato___Tomato_mosaic_virus,Cherry___healthy,0.939282
plantwild/extracted/plantwild/images/tomato mosaic virus/15.jpg,Tomato___Tomato_mosaic_virus,"Pepper,_bell___healthy",0.733195
plantwild/extracted/plantwild/images/tomato mosaic virus/151.jpg,Tomato___Tomato_mosaic_virus,Squash___Powdery_mildew,0.923183
plantwild/extracted/plantwild/images/tomato mosaic virus/152.jpg,Tomato___Tomato_mosaic_virus,Cherry___healthy,0.904334
plantwild/extracted/plantwild/images/tomato mosaic virus/153.jpg,Tomato___Tomato_mosaic_virus,Cherry___healthy,0.948098
plantwild/extracted/plantwild/images/tomato mosaic virus/154.jpg,Tomato___Tomato_mosaic_virus,Tomato___Late_blight,0.721754
plantwild/extracted/plantwild/images/tomato mosaic virus/155.jpg,Tomato___Tomato_mosaic_virus,Cherry___healthy,0.775118
plantwild/extracted/plantwild/images/tomato mosaic virus/158.jpg,Tomato___Tomato_mosaic_virus,Cherry___healthy,0.937337
plantwild/extracted/plantwild/images/tomato mosaic virus/16.jpg,Tomato___Tomato_mosaic_virus,Strawberry___Leaf_scorch,0.892577
plantwild/extracted/plantwild/images/tomato mosaic virus/162.jpg,Tomato___Tomato_mosaic_virus,Squash___Powdery_mildew,0.851418
plantwild/extracted/plantwild/images/tomato mosaic virus/167.jpg,Tomato___Tomato_mosaic_virus,Grape___Leaf_blight_(Isariopsis_Leaf_Spot),0.744273
plantwild/extracted/plantwild/images/tomato mosaic virus/168.jpg,Tomato___Tomato_mosaic_virus,Cherry___healthy,0.918182
plantwild/extracted/plantwild/images/tomato mosaic virus/169.jpg,Tomato___Tomato_mosaic_virus,Cherry___healthy,0.915414
plantwild/extracted/plantwild/images/tomato mosaic virus/17.jpg,Tomato___Tomato_mosaic_virus,"Pepper,_bell___healthy",0.763913
plantwild/extracted/plantwild/images/tomato mosaic virus/170.jpg,Tomato___Tomato_mosaic_virus,Cherry___healthy,0.852150
plantwild/extracted/plantwild/images/tomato mosaic virus/171.jpg,Tomato___Tomato_mosaic_virus,Squash___Powdery_mildew,0.945071
plantwild/extracted/plantwild/images/tomato mosaic virus/173.jpg,Tomato___Tomato_mosaic_virus,Cherry___healthy,0.869239
plantwild/extracted/plantwild/images/tomato mosaic virus/176.jpg,Tomato___Tomato_mosaic_virus,"Pepper,_bell___healthy",0.497466
plantwild/extracted/plantwild/images/tomato mosaic virus/177.jpg,Tomato___Tomato_mosaic_virus,Cherry___healthy,0.949955
plantwild/extracted/plantwild/images/tomato mosaic virus/179.jpg,Tomato___Tomato_mosaic_virus,Cherry___healthy,0.893001
plantwild/extracted/plantwild/images/tomato mosaic virus/18.jpg,Tomato___Tomato_mosaic_virus,Cherry___healthy,0.898530
plantwild/extracted/plantwild/images/tomato mosaic virus/182.jpg,Tomato___Tomato_mosaic_virus,Cherry___healthy,0.906712
plantwild/extracted/plantwild/images/tomato mosaic virus/184.jpg,Tomato___Tomato_mosaic_virus,"Pepper,_bell___healthy",0.944067
plantwild/extracted/plantwild/images/tomato mosaic virus/188.jpg,Tomato___Tomato_mosaic_virus,Cherry___healthy,0.849502
plantwild/extracted/plantwild/images/tomato mosaic virus/19.jpg,Tomato___Tomato_mosaic_virus,Cherry___healthy,0.904119
plantwild/extracted/plantwild/images/tomato mosaic virus/192.jpg,Tomato___Tomato_mosaic_virus,Cherry___healthy,0.923548
plantwild/extracted/plantwild/images/tomato mosaic virus/194.jpg,Tomato___Tomato_mosaic_virus,Strawberry___Leaf_scorch,0.659726
plantwild/extracted/plantwild/images/tomato mosaic virus/196.jpg,Tomato___Tomato_mosaic_virus,Cherry___healthy,0.885626
plantwild/extracted/plantwild/images/tomato mosaic virus/197.jpg,Tomato___Tomato_mosaic_virus,Cherry___healthy,0.834066
plantwild/extracted/plantwild/images/tomato mosaic virus/199.jpg,Tomato___Tomato_mosaic_virus,Strawberry___Leaf_scorch,0.945745
plantwild/extracted/plantwild/images/tomato mosaic virus/2.jpg,Tomato___Tomato_mosaic_virus,Cherry___healthy,0.941216
plantwild/extracted/plantwild/images/tomato mosaic virus/200.jpg,Tomato___Tomato_mosaic_virus,Cherry___healthy,0.938985
plantwild/extracted/plantwild/images/tomato mosaic virus/202.jpg,Tomato___Tomato_mosaic_virus,Cherry___healthy,0.940256
plantwild/extracted/plantwild/images/tomato mosaic virus/205.jpg,Tomato___Tomato_mosaic_virus,"Pepper,_bell___healthy",0.478243
plantwild/extracted/plantwild/images/tomato mosaic virus/206.jpg,Tomato___Tomato_mosaic_virus,Cherry___healthy,0.868114
plantwild/extracted/plantwild/images/tomato mosaic virus/209.jpg,Tomato___Tomato_mosaic_virus,Strawberry___Leaf_scorch,0.831571
plantwild/extracted/plantwild/images/tomato mosaic virus/21.jpg,Tomato___Tomato_mosaic_virus,Strawberry___Leaf_scorch,0.769566
plantwild/extracted/plantwild/images/tomato mosaic virus/212 - Copy.jpg,Tomato___Tomato_mosaic_virus,Cherry___healthy,0.937122
plantwild/extracted/plantwild/images/tomato mosaic virus/212.jpg,Tomato___Tomato_mosaic_virus,Cherry___healthy,0.573621
plantwild/extracted/plantwild/images/tomato mosaic virus/217.jpg,Tomato___Tomato_mosaic_virus,Squash___Powdery_mildew,0.912478
plantwild/extracted/plantwild/images/tomato mosaic virus/218.jpg,Tomato___Tomato_mosaic_virus,Cherry___healthy,0.929772
plantwild/extracted/plantwild/images/tomato mosaic virus/22.jpg,Tomato___Tomato_mosaic_virus,Strawberry___Leaf_scorch,0.829332
plantwild/extracted/plantwild/images/tomato mosaic virus/228.jpg,Tomato___Tomato_mosaic_virus,Strawberry___Leaf_scorch,0.848553
plantwild/extracted/plantwild/images/tomato mosaic virus/23.jpg,Tomato___Tomato_mosaic_virus,Grape___Leaf_blight_(Isariopsis_Leaf_Spot),0.367035
plantwild/extracted/plantwild/images/tomato mosaic virus/230.jpg,Tomato___Tomato_mosaic_virus,"Pepper,_bell___healthy",0.856903
plantwild/extracted/plantwild/images/tomato mosaic virus/233.jpg,Tomato___Tomato_mosaic_virus,"Pepper,_bell___healthy",0.637920
plantwild/extracted/plantwild/images/tomato mosaic virus/236.jpg,Tomato___Tomato_mosaic_virus,Cherry___healthy,0.948387
plantwild/extracted/plantwild/images/tomato mosaic virus/237.jpg,Tomato___Tomato_mosaic_virus,Cherry___healthy,0.857992
plantwild/extracted/plantwild/images/tomato mosaic virus/24.jpg,Tomato___Tomato_mosaic_virus,Cherry___healthy,0.941698
plantwild/extracted/plantwild/images/tomato mosaic virus/245.jpg,Tomato___Tomato_mosaic_virus,"Pepper,_bell___healthy",0.908163
plantwild/extracted/plantwild/images/tomato mosaic virus/249.jpg,Tomato___Tomato_mosaic_virus,Cherry___healthy,0.869668
plantwild/extracted/plantwild/images/tomato mosaic virus/25.jpg,Tomato___Tomato_mosaic_virus,Cherry___healthy,0.942673
plantwild/extracted/plantwild/images/tomato mosaic virus/251.jpg,Tomato___Tomato_mosaic_virus,Cherry___healthy,0.655729
plantwild/extracted/plantwild/images/tomato mosaic virus/259.jpg,Tomato___Tomato_mosaic_virus,Grape___Esca_(Black_Measles),0.611390
plantwild/extracted/plantwild/images/tomato mosaic virus/264.jpg,Tomato___Tomato_mosaic_virus,Cherry___healthy,0.476843
plantwild/extracted/plantwild/images/tomato mosaic virus/28.jpg,Tomato___Tomato_mosaic_virus,"Pepper,_bell___healthy",0.639507
plantwild/extracted/plantwild/images/tomato mosaic virus/29.jpg,Tomato___Tomato_mosaic_virus,Cherry___healthy,0.848467
plantwild/extracted/plantwild/images/tomato mosaic virus/3.jpg,Tomato___Tomato_mosaic_virus,Cherry___healthy,0.453600
plantwild/extracted/plantwild/images/tomato mosaic virus/30.jpg,Tomato___Tomato_mosaic_virus,Cherry___healthy,0.848467
plantwild/extracted/plantwild/images/tomato mosaic virus/32.jpg,Tomato___Tomato_mosaic_virus,"Pepper,_bell___healthy",0.705438
plantwild/extracted/plantwild/images/tomato mosaic virus/33.jpg,Tomato___Tomato_mosaic_virus,"Pepper,_bell___healthy",0.811410
plantwild/extracted/plantwild/images/tomato mosaic virus/35.jpg,Tomato___Tomato_mosaic_virus,Cherry___healthy,0.475112
plantwild/extracted/plantwild/images/tomato mosaic virus/38.jpg,Tomato___Tomato_mosaic_virus,Cherry___healthy,0.946864
plantwild/extracted/plantwild/images/tomato mosaic virus/4.jpg,Tomato___Tomato_mosaic_virus,Cherry___healthy,0.863121
plantwild/extracted/plantwild/images/tomato mosaic virus/41.jpg,Tomato___Tomato_mosaic_virus,Cherry___healthy,0.774964
plantwild/extracted/plantwild/images/tomato mosaic virus/43.jpg,Tomato___Tomato_mosaic_virus,Strawberry___Leaf_scorch,0.607239
plantwild/extracted/plantwild/images/tomato mosaic virus/44.jpg,Tomato___Tomato_mosaic_virus,Cherry___healthy,0.945824
plantwild/extracted/plantwild/images/tomato mosaic virus/5.jpg,Tomato___Tomato_mosaic_virus,Cherry___healthy,0.918112
plantwild/extracted/plantwild/images/tomato mosaic virus/55.jpg,Tomato___Tomato_mosaic_virus,Cherry___healthy,0.866632
plantwild/extracted/plantwild/images/tomato mosaic virus/58.jpg,Tomato___Tomato_mosaic_virus,Tomato___Late_blight,0.486691
plantwild/extracted/plantwild/images/tomato mosaic virus/59.jpg,Tomato___Tomato_mosaic_virus,Strawberry___Leaf_scorch,0.928381
plantwild/extracted/plantwild/images/tomato mosaic virus/6.jpg,Tomato___Tomato_mosaic_virus,Cherry___healthy,0.681096
plantwild/extracted/plantwild/images/tomato mosaic virus/7.jpg,Tomato___Tomato_mosaic_virus,Cherry___healthy,0.845817
plantwild/extracted/plantwild/images/tomato mosaic virus/70.jpg,Tomato___Tomato_mosaic_virus,Squash___Powdery_mildew,0.935647
plantwild/extracted/plantwild/images/tomato mosaic virus/79.jpg,Tomato___Tomato_mosaic_virus,Cherry___healthy,0.935965
plantwild/extracted/plantwild/images/tomato mosaic virus/9.jpg,Tomato___Tomato_mosaic_virus,Strawberry___Leaf_scorch,0.500243
plantwild/extracted/plantwild/images/tomato mosaic virus/google_0001 - Copy (2).jpg,Tomato___Tomato_mosaic_virus,Tomato___Late_blight,0.951819
plantwild/extracted/plantwild/images/tomato mosaic virus/google_0001 - Copy (3).jpg,Tomato___Tomato_mosaic_virus,Tomato___Late_blight,0.951505
plantwild/extracted/plantwild/images/tomato mosaic virus/google_0001 - Copy.jpg,Tomato___Tomato_mosaic_virus,Tomato___Late_blight,0.956688
plantwild/extracted/plantwild/images/tomato mosaic virus/google_0001.jpg,Tomato___Tomato_mosaic_virus,Tomato___Late_blight,0.876397
plantwild/extracted/plantwild/images/tomato mosaic virus/google_0004.jpg,Tomato___Tomato_mosaic_virus,Cherry___healthy,0.950483
plantwild/extracted/plantwild/images/tomato mosaic virus/google_0005.jpg,Tomato___Tomato_mosaic_virus,Cherry___healthy,0.921409
plantwild/extracted/plantwild/images/tomato mosaic virus/google_0007.jpg,Tomato___Tomato_mosaic_virus,Apple___healthy,0.507646
plantwild/extracted/plantwild/images/tomato mosaic virus/google_0008 - Copy.jpg,Tomato___Tomato_mosaic_virus,Tomato___Early_blight,0.596800
plantwild/extracted/plantwild/images/tomato mosaic virus/google_0008.jpg,Tomato___Tomato_mosaic_virus,Tomato___Late_blight,0.866827
plantwild/extracted/plantwild/images/tomato mosaic virus/google_0009.jpg,Tomato___Tomato_mosaic_virus,Cherry___healthy,0.531516
plantwild/extracted/plantwild/images/tomato mosaic virus/google_0011.jpg,Tomato___Tomato_mosaic_virus,Cherry___healthy,0.310926
plantwild/extracted/plantwild/images/tomato mosaic virus/google_0016.jpg,Tomato___Tomato_mosaic_virus,Tomato___Early_blight,0.645596
plantwild/extracted/plantwild/images/tomato mosaic virus/google_0017.jpg,Tomato___Tomato_mosaic_virus,"Pepper,_bell___healthy",0.917437
plantwild/extracted/plantwild/images/tomato mosaic virus/google_0018 - Copy (2).jpg,Tomato___Tomato_mosaic_virus,Tomato___Late_blight,0.860187
plantwild/extracted/plantwild/images/tomato mosaic virus/google_0018 - Copy.jpg,Tomato___Tomato_mosaic_virus,Tomato___Late_blight,0.951813
plantwild/extracted/plantwild/images/tomato mosaic virus/google_0018.jpg,Tomato___Tomato_mosaic_virus,"Pepper,_bell___healthy",0.909315
plantwild/extracted/plantwild/images/tomato mosaic virus/google_0019 - Copy.jpg,Tomato___Tomato_mosaic_virus,Cherry___healthy,0.332887
plantwild/extracted/plantwild/images/tomato mosaic virus/google_0019.jpg,Tomato___Tomato_mosaic_virus,Cherry___healthy,0.414478
plantwild/extracted/plantwild/images/tomato mosaic virus/google_0020.jpg,Tomato___Tomato_mosaic_virus,Tomato___healthy,0.454091
plantwild/extracted/plantwild/images/tomato mosaic virus/google_0021 - Copy (2).jpg,Tomato___Tomato_mosaic_virus,Tomato___Early_blight,0.697490
plantwild/extracted/plantwild/images/tomato mosaic virus/google_0021 - Copy (3).jpg,Tomato___Tomato_mosaic_virus,Tomato___Late_blight,0.953113
plantwild/extracted/plantwild/images/tomato mosaic virus/google_0021 - Copy.jpg,Tomato___Tomato_mosaic_virus,Tomato___Late_blight,0.951164
plantwild/extracted/plantwild/images/tomato mosaic virus/google_0021.jpg,Tomato___Tomato_mosaic_virus,Tomato___Tomato_Yellow_Leaf_Curl_Virus,0.749790
plantwild/extracted/plantwild/images/tomato mosaic virus/google_0022.jpg,Tomato___Tomato_mosaic_virus,"Pepper,_bell___healthy",0.929887
plantwild/extracted/plantwild/images/tomato mosaic virus/google_0024.jpg,Tomato___Tomato_mosaic_virus,Squash___Powdery_mildew,0.358746
plantwild/extracted/plantwild/images/tomato mosaic virus/google_0026.jpg,Tomato___Tomato_mosaic_virus,Tomato___Early_blight,0.371126
plantwild/extracted/plantwild/images/tomato mosaic virus/google_0027.jpg,Tomato___Tomato_mosaic_virus,Cherry___healthy,0.911337
plantwild/extracted/plantwild/images/tomato mosaic virus/google_0031.jpg,Tomato___Tomato_mosaic_virus,Cherry___healthy,0.844564
plantwild/extracted/plantwild/images/tomato mosaic virus/google_0034.jpg,Tomato___Tomato_mosaic_virus,Tomato___Spider_mites Two-spotted_spider_mite,0.226596
plantwild/extracted/plantwild/images/tomato mosaic virus/google_0037 - Copy.jpg,Tomato___Tomato_mosaic_virus,Cherry___healthy,0.928214
plantwild/extracted/plantwild/images/tomato mosaic virus/google_0037.jpg,Tomato___Tomato_mosaic_virus,Cherry___healthy,0.658875
plantwild/extracted/plantwild/images/tomato mosaic virus/google_0042.jpg,Tomato___Tomato_mosaic_virus,Cherry___healthy,0.932785
plantwild/extracted/plantwild/images/tomato mosaic virus/google_0044.jpg,Tomato___Tomato_mosaic_virus,Tomato___Early_blight,0.291972
plantwild/extracted/plantwild/images/tomato mosaic virus/google_0045.jpg,Tomato___Tomato_mosaic_virus,Tomato___Late_blight,0.588394
plantwild/extracted/plantwild/images/tomato mosaic virus/google_0046.jpg,Tomato___Tomato_mosaic_virus,"Pepper,_bell___healthy",0.949046
plantwild/extracted/plantwild/images/tomato mosaic virus/google_0049.jpg,Tomato___Tomato_mosaic_virus,Tomato___Early_blight,0.284716
plantwild/extracted/plantwild/images/tomato mosaic virus/google_0050.jpg,Tomato___Tomato_mosaic_virus,Strawberry___Leaf_scorch,0.938437
plantwild/extracted/plantwild/images/tomato mosaic virus/google_0051.jpg,Tomato___Tomato_mosaic_virus,"Pepper,_bell___healthy",0.942948
plantwild/extracted/plantwild/images/tomato mosaic virus/google_0052.jpg,Tomato___Tomato_mosaic_virus,Peach___Bacterial_spot,0.265593
plantwild/extracted/plantwild/images/tomato mosaic virus/google_0053 - Copy (2).jpg,Tomato___Tomato_mosaic_virus,Tomato___Late_blight,0.899765
plantwild/extracted/plantwild/images/tomato mosaic virus/google_0053 - Copy.jpg,Tomato___Tomato_mosaic_virus,Tomato___Late_blight,0.861030
plantwild/extracted/plantwild/images/tomato mosaic virus/google_0053.jpg,Tomato___Tomato_mosaic_virus,Cherry___healthy,0.857578
plantwild/extracted/plantwild/images/tomato mosaic virus/google_0054.jpg,Tomato___Tomato_mosaic_virus,Tomato___Late_blight,0.946248
plantwild/extracted/plantwild/images/tomato mosaic virus/google_0057.jpg,Tomato___Tomato_mosaic_virus,Cherry___healthy,0.946897
plantwild/extracted/plantwild/images/tomato mosaic virus/google_0059.jpg,Tomato___Tomato_mosaic_virus,Grape___Esca_(Black_Measles),0.855139
plantwild/extracted/plantwild/images/tomato mosaic virus/google_0063.jpg,Tomato___Tomato_mosaic_virus,Cherry___healthy,0.539453
plantwild/extracted/plantwild/images/tomato mosaic virus/google_0066 - Copy.jpg,Tomato___Tomato_mosaic_virus,Cherry___healthy,0.921594
plantwild/extracted/plantwild/images/tomato mosaic virus/google_0066.jpg,Tomato___Tomato_mosaic_virus,Cherry___healthy,0.545147
plantwild/extracted/plantwild/images/tomato mosaic virus/google_0070.jpg,Tomato___Tomato_mosaic_virus,Cherry___healthy,0.494652
plantwild/extracted/plantwild/images/tomato mosaic virus/google_0073.jpg,Tomato___Tomato_mosaic_virus,Cherry___healthy,0.821466
plantwild/extracted/plantwild/images/tomato mosaic virus/google_0076.jpg,Tomato___Tomato_mosaic_virus,"Pepper,_bell___healthy",0.897073
plantwild/extracted/plantwild/images/tomato mosaic virus/google_0077.jpg,Tomato___Tomato_mosaic_virus,Tomato___Early_blight,0.282475
plantwild/extracted/plantwild/images/tomato mosaic virus/google_0079.jpg,Tomato___Tomato_mosaic_virus,Tomato___Tomato_Yellow_Leaf_Curl_Virus,0.924953
plantwild/extracted/plantwild/images/tomato mosaic virus/google_0083.jpg,Tomato___Tomato_mosaic_virus,Tomato___Late_blight,0.886619
plantwild/extracted/plantwild/images/tomato mosaic virus/google_0084.jpg,Tomato___Tomato_mosaic_virus,Strawberry___Leaf_scorch,0.931455
plantwild/extracted/plantwild/images/tomato mosaic virus/google_0085.jpg,Tomato___Tomato_mosaic_virus,Squash___Powdery_mildew,0.953294
plantwild/extracted/plantwild/images/tomato mosaic virus/google_0089.jpg,Tomato___Tomato_mosaic_virus,"Pepper,_bell___healthy",0.494967
plantwild/extracted/plantwild/images/tomato mosaic virus/google_0091.jpg,Tomato___Tomato_mosaic_virus,Tomato___healthy,0.625273
plantwild/extracted/plantwild/images/tomato mosaic virus/google_0092.jpg,Tomato___Tomato_mosaic_virus,Tomato___Early_blight,0.359651
plantwild/extracted/plantwild/images/tomato mosaic virus/google_0093.jpg,Tomato___Tomato_mosaic_virus,Cherry___healthy,0.886027
plantwild/extracted/plantwild/images/tomato mosaic virus/google_0095.jpg,Tomato___Tomato_mosaic_virus,Cherry___healthy,0.947566
plantwild/extracted/plantwild/images/tomato mosaic virus/google_0098.jpg,Tomato___Tomato_mosaic_virus,Cherry___healthy,0.446833
plantwild/extracted/plantwild/images/tomato mosaic virus/google_0101.jpg,Tomato___Tomato_mosaic_virus,Cherry___healthy,0.949888
plantwild/extracted/plantwild/images/tomato mosaic virus/google_0103.jpg,Tomato___Tomato_mosaic_virus,"Pepper,_bell___healthy",0.881829
plantwild/extracted/plantwild/images/tomato mosaic virus/google_0105.jpg,Tomato___Tomato_mosaic_virus,Cherry___healthy,0.951144
plantwild/extracted/plantwild/images/tomato mosaic virus/google_0106.jpg,Tomato___Tomato_mosaic_virus,Cherry___healthy,0.464223
plantwild/extracted/plantwild/images/tomato mosaic virus/google_0107.jpg,Tomato___Tomato_mosaic_virus,"Pepper,_bell___healthy",0.905285
plantwild/extracted/plantwild/images/tomato mosaic virus/google_0113.jpg,Tomato___Tomato_mosaic_virus,Tomato___Tomato_mosaic_virus,0.854527
plantwild/extracted/plantwild/images/tomato mosaic virus/google_0116.jpg,Tomato___Tomato_mosaic_virus,Tomato___Late_blight,0.702873
plantwild/extracted/plantwild/images/tomato mosaic virus/google_0117.jpg,Tomato___Tomato_mosaic_virus,Cherry___healthy,0.824059
plantwild/extracted/plantwild/images/tomato mosaic virus/google_0126.jpg,Tomato___Tomato_mosaic_virus,Tomato___Early_blight,0.375203
plantwild/extracted/plantwild/images/tomato mosaic virus/google_0131.jpg,Tomato___Tomato_mosaic_virus,Tomato___Tomato_mosaic_virus,0.954539
plantwild/extracted/plantwild/images/tomato mosaic virus/google_0132.jpg,Tomato___Tomato_mosaic_virus,"Pepper,_bell___healthy",0.769076
plantwild/extracted/plantwild/images/tomato mosaic virus/google_0133.jpg,Tomato___Tomato_mosaic_virus,"Pepper,_bell___healthy",0.779789
plantwild/extracted/plantwild/images/tomato mosaic virus/google_0136.jpg,Tomato___Tomato_mosaic_virus,Tomato___Early_blight,0.743246
plantwild/extracted/plantwild/images/tomato mosaic virus/google_0140.jpg,Tomato___Tomato_mosaic_virus,Apple___Apple_scab,0.880587
plantwild/extracted/plantwild/images/tomato mosaic virus/google_0142.jpg,Tomato___Tomato_mosaic_virus,"Pepper,_bell___healthy",0.313482
plantwild/extracted/plantwild/images/tomato mosaic virus/google_0155.jpg,Tomato___Tomato_mosaic_virus,Cherry___healthy,0.940368
plantwild/extracted/plantwild/images/tomato mosaic virus/google_0156.jpg,Tomato___Tomato_mosaic_virus,Corn___Cercospora_leaf_spot Gray_leaf_spot,0.296358
plantwild/extracted/plantwild/images/tomato mosaic virus/google_0157.jpg,Tomato___Tomato_mosaic_virus,Cherry___healthy,0.924158
plantwild/extracted/plantwild/images/tomato mosaic virus/google_0164.jpg,Tomato___Tomato_mosaic_virus,Cherry___healthy,0.828288
plantwild/extracted/plantwild/images/tomato mosaic virus/google_0165.jpg,Tomato___Tomato_mosaic_virus,Cherry___healthy,0.882885
plantwild/extracted/plantwild/images/tomato mosaic virus/google_0170.jpg,Tomato___Tomato_mosaic_virus,Tomato___Late_blight,0.335424
plantwild/extracted/plantwild/images/tomato mosaic virus/google_0190.jpg,Tomato___Tomato_mosaic_virus,Tomato___Tomato_mosaic_virus,0.840762
plantwild/extracted/plantwild/images/tomato mosaic virus/google_0193.jpg,Tomato___Tomato_mosaic_virus,Cherry___healthy,0.687005
plantwild/extracted/plantwild/images/tomato mosaic virus/google_0194.jpg,Tomato___Tomato_mosaic_virus,Tomato___Late_blight,0.631223
plantwild/extracted/plantwild/images/tomato mosaic virus/google_0199.jpg,Tomato___Tomato_mosaic_virus,Strawberry___Leaf_scorch,0.933709
plantwild/extracted/plantwild/images/tomato mosaic virus/google_0200 - Copy (2).jpg,Tomato___Tomato_mosaic_virus,"Pepper,_bell___healthy",0.290193
plantwild/extracted/plantwild/images/tomato mosaic virus/google_0200 - Copy.jpg,Tomato___Tomato_mosaic_virus,Cherry___healthy,0.531620
plantwild/extracted/plantwild/images/tomato mosaic virus/google_0200.jpg,Tomato___Tomato_mosaic_virus,Tomato___Early_blight,0.258322
plantwild/extracted/plantwild/images/tomato mosaic virus/google_0204.jpg,Tomato___Tomato_mosaic_virus,"Pepper,_bell___healthy",0.766827
plantwild/extracted/plantwild/images/tomato mosaic virus/google_0205.jpg,Tomato___Tomato_mosaic_virus,Corn___healthy,0.952220
plantwild/extracted/plantwild/images/tomato mosaic virus/google_0206.jpg,Tomato___Tomato_mosaic_virus,Cherry___healthy,0.942288
plantwild/extracted/plantwild/images/tomato mosaic virus/google_0228.jpg,Tomato___Tomato_mosaic_virus,Cherry___healthy,0.851794
plantwild/extracted/plantwild/images/tomato mosaic virus/google_0238.jpg,Tomato___Tomato_mosaic_virus,Strawberry___Leaf_scorch,0.907005
plantwild/extracted/plantwild/images/tomato septoria leaf spot/1.jpg,Tomato___Septoria_leaf_spot,"Pepper,_bell___healthy",0.491739
plantwild/extracted/plantwild/images/tomato septoria leaf spot/10.jpg,Tomato___Septoria_leaf_spot,Tomato___Early_blight,0.887902
plantwild/extracted/plantwild/images/tomato septoria leaf spot/107.jpg,Tomato___Septoria_leaf_spot,"Pepper,_bell___healthy",0.618524
plantwild/extracted/plantwild/images/tomato septoria leaf spot/13.jpg,Tomato___Septoria_leaf_spot,Tomato___Early_blight,0.850264
plantwild/extracted/plantwild/images/tomato septoria leaf spot/148.jpg,Tomato___Septoria_leaf_spot,Tomato___Late_blight,0.762011
plantwild/extracted/plantwild/images/tomato septoria leaf spot/155.jpg,Tomato___Septoria_leaf_spot,Grape___Black_rot,0.767998
plantwild/extracted/plantwild/images/tomato septoria leaf spot/16.jpg,Tomato___Septoria_leaf_spot,Cherry___healthy,0.704942
plantwild/extracted/plantwild/images/tomato septoria leaf spot/162.jpg,Tomato___Septoria_leaf_spot,Grape___Black_rot,0.261947
plantwild/extracted/plantwild/images/tomato septoria leaf spot/17.jpg,Tomato___Septoria_leaf_spot,Tomato___Late_blight,0.322967
plantwild/extracted/plantwild/images/tomato septoria leaf spot/174.jpg,Tomato___Septoria_leaf_spot,Strawberry___Leaf_scorch,0.938572
plantwild/extracted/plantwild/images/tomato septoria leaf spot/18.jpg,Tomato___Septoria_leaf_spot,"Pepper,_bell___healthy",0.747129
plantwild/extracted/plantwild/images/tomato septoria leaf spot/19.jpg,Tomato___Septoria_leaf_spot,Cherry___healthy,0.933335
plantwild/extracted/plantwild/images/tomato septoria leaf spot/195.jpg,Tomato___Septoria_leaf_spot,Tomato___Late_blight,0.595670
plantwild/extracted/plantwild/images/tomato septoria leaf spot/196.jpg,Tomato___Septoria_leaf_spot,Strawberry___Leaf_scorch,0.485389
plantwild/extracted/plantwild/images/tomato septoria leaf spot/2 - Copy (2).jpg,Tomato___Septoria_leaf_spot,Cherry___healthy,0.911339
plantwild/extracted/plantwild/images/tomato septoria leaf spot/2 - Copy.jpg,Tomato___Septoria_leaf_spot,Tomato___Early_blight,0.276716
plantwild/extracted/plantwild/images/tomato septoria leaf spot/2.jpg,Tomato___Septoria_leaf_spot,Cherry___healthy,0.305574
plantwild/extracted/plantwild/images/tomato septoria leaf spot/20.jpg,Tomato___Septoria_leaf_spot,Tomato___Septoria_leaf_spot,0.351720
plantwild/extracted/plantwild/images/tomato septoria leaf spot/205.jpg,Tomato___Septoria_leaf_spot,"Pepper,_bell___healthy",0.813175
plantwild/extracted/plantwild/images/tomato septoria leaf spot/209.jpg,Tomato___Septoria_leaf_spot,Strawberry___Leaf_scorch,0.926983
plantwild/extracted/plantwild/images/tomato septoria leaf spot/218.jpg,Tomato___Septoria_leaf_spot,Squash___Powdery_mildew,0.942176
plantwild/extracted/plantwild/images/tomato septoria leaf spot/221.jpg,Tomato___Septoria_leaf_spot,Strawberry___Leaf_scorch,0.902712
plantwild/extracted/plantwild/images/tomato septoria leaf spot/225.jpg,Tomato___Septoria_leaf_spot,Strawberry___Leaf_scorch,0.543130
plantwild/extracted/plantwild/images/tomato septoria leaf spot/23 - Copy.jpg,Tomato___Septoria_leaf_spot,Tomato___healthy,0.436615
plantwild/extracted/plantwild/images/tomato septoria leaf spot/23.jpg,Tomato___Septoria_leaf_spot,Strawberry___Leaf_scorch,0.841806
plantwild/extracted/plantwild/images/tomato septoria leaf spot/24.jpg,Tomato___Septoria_leaf_spot,Cherry___healthy,0.828535
plantwild/extracted/plantwild/images/tomato septoria leaf spot/241.jpg,Tomato___Septoria_leaf_spot,Tomato___Early_blight,0.926675
plantwild/extracted/plantwild/images/tomato septoria leaf spot/243.jpg,Tomato___Septoria_leaf_spot,Grape___Black_rot,0.920887
plantwild/extracted/plantwild/images/tomato septoria leaf spot/25.jpg,Tomato___Septoria_leaf_spot,Tomato___Late_blight,0.846973
plantwild/extracted/plantwild/images/tomato septoria leaf spot/26.jpg,Tomato___Septoria_leaf_spot,Tomato___healthy,0.860454
plantwild/extracted/plantwild/images/tomato septoria leaf spot/28.jpg,Tomato___Septoria_leaf_spot,Tomato___Late_blight,0.671561
plantwild/extracted/plantwild/images/tomato septoria leaf spot/32.jpg,Tomato___Septoria_leaf_spot,Tomato___Late_blight,0.946823
plantwild/extracted/plantwild/images/tomato septoria leaf spot/34.jpg,Tomato___Septoria_leaf_spot,Strawberry___Leaf_scorch,0.541912
plantwild/extracted/plantwild/images/tomato septoria leaf spot/37.jpg,Tomato___Septoria_leaf_spot,Cherry___healthy,0.923372
plantwild/extracted/plantwild/images/tomato septoria leaf spot/4.jpg,Tomato___Septoria_leaf_spot,Tomato___Late_blight,0.952524
plantwild/extracted/plantwild/images/tomato septoria leaf spot/49.jpg,Tomato___Septoria_leaf_spot,Corn___Common_rust,0.385328
plantwild/extracted/plantwild/images/tomato septoria leaf spot/5.jpg,Tomato___Septoria_leaf_spot,Tomato___Late_blight,0.929831
plantwild/extracted/plantwild/images/tomato septoria leaf spot/6.jpg,Tomato___Septoria_leaf_spot,Potato___Early_blight,0.459238
plantwild/extracted/plantwild/images/tomato septoria leaf spot/61.jpg,Tomato___Septoria_leaf_spot,"Pepper,_bell___healthy",0.740897
plantwild/extracted/plantwild/images/tomato septoria leaf spot/63.jpg,Tomato___Septoria_leaf_spot,Cherry___healthy,0.901881
plantwild/extracted/plantwild/images/tomato septoria leaf spot/64.jpg,Tomato___Septoria_leaf_spot,Cherry___healthy,0.915468
plantwild/extracted/plantwild/images/tomato septoria leaf spot/66.jpg,Tomato___Septoria_leaf_spot,Strawberry___Leaf_scorch,0.862955
plantwild/extracted/plantwild/images/tomato septoria leaf spot/7.jpg,Tomato___Septoria_leaf_spot,Strawberry___Leaf_scorch,0.888111
plantwild/extracted/plantwild/images/tomato septoria leaf spot/77.jpg,Tomato___Septoria_leaf_spot,Grape___Black_rot,0.863647
plantwild/extracted/plantwild/images/tomato septoria leaf spot/80.jpg,Tomato___Septoria_leaf_spot,Cherry___healthy,0.896294
plantwild/extracted/plantwild/images/tomato septoria leaf spot/83.jpg,Tomato___Septoria_leaf_spot,Tomato___Early_blight,0.931975
plantwild/extracted/plantwild/images/tomato septoria leaf spot/88.jpg,Tomato___Septoria_leaf_spot,"Pepper,_bell___healthy",0.523717
plantwild/extracted/plantwild/images/tomato septoria leaf spot/91.jpg,Tomato___Septoria_leaf_spot,Cherry___healthy,0.334041
plantwild/extracted/plantwild/images/tomato septoria leaf spot/93.jpg,Tomato___Septoria_leaf_spot,Cherry___healthy,0.398602
plantwild/extracted/plantwild/images/tomato septoria leaf spot/96.jpg,Tomato___Septoria_leaf_spot,Cherry___healthy,0.899364
plantwild/extracted/plantwild/images/tomato septoria leaf spot/google_0000.jpg,Tomato___Septoria_leaf_spot,Tomato___Septoria_leaf_spot,0.945609
plantwild/extracted/plantwild/images/tomato septoria leaf spot/google_0001.jpg,Tomato___Septoria_leaf_spot,Strawberry___Leaf_scorch,0.470293
plantwild/extracted/plantwild/images/tomato septoria leaf spot/google_0002 - Copy.jpg,Tomato___Septoria_leaf_spot,Tomato___Early_blight,0.937564
plantwild/extracted/plantwild/images/tomato septoria leaf spot/google_0002.jpg,Tomato___Septoria_leaf_spot,Tomato___Early_blight,0.929240
plantwild/extracted/plantwild/images/tomato septoria leaf spot/google_0003.jpg,Tomato___Septoria_leaf_spot,"Pepper,_bell___healthy",0.891225
plantwild/extracted/plantwild/images/tomato septoria leaf spot/google_0004.jpg,Tomato___Septoria_leaf_spot,Strawberry___Leaf_scorch,0.747299
plantwild/extracted/plantwild/images/tomato septoria leaf spot/google_0005.jpg,Tomato___Septoria_leaf_spot,"Pepper,_bell___healthy",0.435432
plantwild/extracted/plantwild/images/tomato septoria leaf spot/google_0007.jpg,Tomato___Septoria_leaf_spot,Grape___Black_rot,0.511918
plantwild/extracted/plantwild/images/tomato septoria leaf spot/google_0009.jpg,Tomato___Septoria_leaf_spot,"Pepper,_bell___healthy",0.461331
plantwild/extracted/plantwild/images/tomato septoria leaf spot/google_0010.jpg,Tomato___Septoria_leaf_spot,Cherry___healthy,0.943349
plantwild/extracted/plantwild/images/tomato septoria leaf spot/google_0012.jpg,Tomato___Septoria_leaf_spot,Peach___Bacterial_spot,0.950945
plantwild/extracted/plantwild/images/tomato septoria leaf spot/google_0013.jpg,Tomato___Septoria_leaf_spot,Cherry___healthy,0.869707
plantwild/extracted/plantwild/images/tomato septoria leaf spot/google_0014.jpg,Tomato___Septoria_leaf_spot,Corn___Common_rust,0.941642
plantwild/extracted/plantwild/images/tomato septoria leaf spot/google_0015.jpg,Tomato___Septoria_leaf_spot,Cherry___healthy,0.726905
plantwild/extracted/plantwild/images/tomato septoria leaf spot/google_0016.jpg,Tomato___Septoria_leaf_spot,Cherry___healthy,0.906643
plantwild/extracted/plantwild/images/tomato septoria leaf spot/google_0017.jpg,Tomato___Septoria_leaf_spot,Cherry___healthy,0.838052
plantwild/extracted/plantwild/images/tomato septoria leaf spot/google_0018 - Copy.jpg,Tomato___Septoria_leaf_spot,Squash___Powdery_mildew,0.899729
plantwild/extracted/plantwild/images/tomato septoria leaf spot/google_0018.jpg,Tomato___Septoria_leaf_spot,Tomato___Early_blight,0.946391
plantwild/extracted/plantwild/images/tomato septoria leaf spot/google_0020.jpg,Tomato___Septoria_leaf_spot,Tomato___Early_blight,0.233559
plantwild/extracted/plantwild/images/tomato septoria leaf spot/google_0021.jpg,Tomato___Septoria_leaf_spot,Cherry___healthy,0.861732
plantwild/extracted/plantwild/images/tomato septoria leaf spot/google_0022.jpg,Tomato___Septoria_leaf_spot,Strawberry___Leaf_scorch,0.872399
plantwild/extracted/plantwild/images/tomato septoria leaf spot/google_0023.jpg,Tomato___Septoria_leaf_spot,Grape___Black_rot,0.756464
plantwild/extracted/plantwild/images/tomato septoria leaf spot/google_0024.jpg,Tomato___Septoria_leaf_spot,Tomato___Early_blight,0.880898
plantwild/extracted/plantwild/images/tomato septoria leaf spot/google_0025.jpg,Tomato___Septoria_leaf_spot,Cherry___healthy,0.349755
plantwild/extracted/plantwild/images/tomato septoria leaf spot/google_0026.jpg,Tomato___Septoria_leaf_spot,Tomato___Septoria_leaf_spot,0.939457
plantwild/extracted/plantwild/images/tomato septoria leaf spot/google_0027.jpg,Tomato___Septoria_leaf_spot,Strawberry___Leaf_scorch,0.890542
plantwild/extracted/plantwild/images/tomato septoria leaf spot/google_0029.jpg,Tomato___Septoria_leaf_spot,Cherry___healthy,0.733275
plantwild/extracted/plantwild/images/tomato septoria leaf spot/google_0030.jpg,Tomato___Septoria_leaf_spot,Cherry___healthy,0.906516
plantwild/extracted/plantwild/images/tomato septoria leaf spot/google_0032.jpg,Tomato___Septoria_leaf_spot,Tomato___Early_blight,0.530153
plantwild/extracted/plantwild/images/tomato septoria leaf spot/google_0033.jpg,Tomato___Septoria_leaf_spot,Cherry___healthy,0.472793
plantwild/extracted/plantwild/images/tomato septoria leaf spot/google_0035.jpg,Tomato___Septoria_leaf_spot,Cherry___healthy,0.825676
plantwild/extracted/plantwild/images/tomato septoria leaf spot/google_0036.jpg,Tomato___Septoria_leaf_spot,Tomato___Early_blight,0.942132
plantwild/extracted/plantwild/images/tomato septoria leaf spot/google_0037.jpg,Tomato___Septoria_leaf_spot,Strawberry___Leaf_scorch,0.516341
plantwild/extracted/plantwild/images/tomato septoria leaf spot/google_0038.jpg,Tomato___Septoria_leaf_spot,Strawberry___Leaf_scorch,0.944310
plantwild/extracted/plantwild/images/tomato septoria leaf spot/google_0039.jpg,Tomato___Septoria_leaf_spot,"Pepper,_bell___healthy",0.305830
plantwild/extracted/plantwild/images/tomato septoria leaf spot/google_0040.jpg,Tomato___Septoria_leaf_spot,Grape___Black_rot,0.948347
plantwild/extracted/plantwild/images/tomato septoria leaf spot/google_0041.jpg,Tomato___Septoria_leaf_spot,"Pepper,_bell___healthy",0.723175
plantwild/extracted/plantwild/images/tomato septoria leaf spot/google_0042.jpg,Tomato___Septoria_leaf_spot,Cherry___healthy,0.792630
plantwild/extracted/plantwild/images/tomato septoria leaf spot/google_0043.jpg,Tomato___Septoria_leaf_spot,"Pepper,_bell___healthy",0.669693
plantwild/extracted/plantwild/images/tomato septoria leaf spot/google_0044.jpg,Tomato___Septoria_leaf_spot,Tomato___Early_blight,0.779521
plantwild/extracted/plantwild/images/tomato septoria leaf spot/google_0045.jpg,Tomato___Septoria_leaf_spot,Cherry___healthy,0.591035
plantwild/extracted/plantwild/images/tomato septoria leaf spot/google_0048.jpg,Tomato___Septoria_leaf_spot,Strawberry___Leaf_scorch,0.758704
plantwild/extracted/plantwild/images/tomato septoria leaf spot/google_0050.jpg,Tomato___Septoria_leaf_spot,Cherry___healthy,0.814154
plantwild/extracted/plantwild/images/tomato septoria leaf spot/google_0051.jpg,Tomato___Septoria_leaf_spot,Tomato___Septoria_leaf_spot,0.948464
plantwild/extracted/plantwild/images/tomato septoria leaf spot/google_0052.jpg,Tomato___Septoria_leaf_spot,"Pepper,_bell___healthy",0.934409
plantwild/extracted/plantwild/images/tomato septoria leaf spot/google_0053.jpg,Tomato___Septoria_leaf_spot,Tomato___healthy,0.206644
plantwild/extracted/plantwild/images/tomato septoria leaf spot/google_0056.jpg,Tomato___Septoria_leaf_spot,Potato___Early_blight,0.848703
plantwild/extracted/plantwild/images/tomato septoria leaf spot/google_0058.jpg,Tomato___Septoria_leaf_spot,Cherry___healthy,0.938330
plantwild/extracted/plantwild/images/tomato septoria leaf spot/google_0059.jpg,Tomato___Septoria_leaf_spot,"Pepper,_bell___healthy",0.370933
plantwild/extracted/plantwild/images/tomato septoria leaf spot/google_0060.jpg,Tomato___Septoria_leaf_spot,Tomato___healthy,0.624033
plantwild/extracted/plantwild/images/tomato septoria leaf spot/google_0061.jpg,Tomato___Septoria_leaf_spot,Strawberry___Leaf_scorch,0.811758
plantwild/extracted/plantwild/images/tomato septoria leaf spot/google_0062.jpg,Tomato___Septoria_leaf_spot,Tomato___Septoria_leaf_spot,0.537997
plantwild/extracted/plantwild/images/tomato septoria leaf spot/google_0063.jpg,Tomato___Septoria_leaf_spot,Cherry___healthy,0.718214
plantwild/extracted/plantwild/images/tomato septoria leaf spot/google_0064 - Copy (2).jpg,Tomato___Septoria_leaf_spot,Tomato___Early_blight,0.924414
plantwild/extracted/plantwild/images/tomato septoria leaf spot/google_0065.jpg,Tomato___Septoria_leaf_spot,"Pepper,_bell___healthy",0.865081
plantwild/extracted/plantwild/images/tomato septoria leaf spot/google_0068.jpg,Tomato___Septoria_leaf_spot,"Pepper,_bell___healthy",0.884055
plantwild/extracted/plantwild/images/tomato septoria leaf spot/google_0069.jpg,Tomato___Septoria_leaf_spot,Tomato___healthy,0.470324
plantwild/extracted/plantwild/images/tomato septoria leaf spot/google_0070.jpg,Tomato___Septoria_leaf_spot,Tomato___Early_blight,0.747813
plantwild/extracted/plantwild/images/tomato septoria leaf spot/google_0072.jpg,Tomato___Septoria_leaf_spot,"Pepper,_bell___healthy",0.940873
plantwild/extracted/plantwild/images/tomato septoria leaf spot/google_0073.jpg,Tomato___Septoria_leaf_spot,Strawberry___Leaf_scorch,0.951016
plantwild/extracted/plantwild/images/tomato septoria leaf spot/google_0074.jpg,Tomato___Septoria_leaf_spot,Corn___Common_rust,0.943782
plantwild/extracted/plantwild/images/tomato septoria leaf spot/google_0077.jpg,Tomato___Septoria_leaf_spot,"Pepper,_bell___healthy",0.860226
plantwild/extracted/plantwild/images/tomato septoria leaf spot/google_0078.jpg,Tomato___Septoria_leaf_spot,Corn___Common_rust,0.231522
plantwild/extracted/plantwild/images/tomato septoria leaf spot/google_0081.jpg,Tomato___Septoria_leaf_spot,"Pepper,_bell___healthy",0.490555
plantwild/extracted/plantwild/images/tomato septoria leaf spot/google_0084.jpg,Tomato___Septoria_leaf_spot,Tomato___Early_blight,0.736634
plantwild/extracted/plantwild/images/tomato septoria leaf spot/google_0086 - Copy (2).jpg,Tomato___Septoria_leaf_spot,Squash___Powdery_mildew,0.185611
plantwild/extracted/plantwild/images/tomato septoria leaf spot/google_0086 - Copy.jpg,Tomato___Septoria_leaf_spot,Cherry___healthy,0.823999
plantwild/extracted/plantwild/images/tomato septoria leaf spot/google_0086.jpg,Tomato___Septoria_leaf_spot,Cherry___healthy,0.498774
plantwild/extracted/plantwild/images/tomato septoria leaf spot/google_0089.jpg,Tomato___Septoria_leaf_spot,Cherry___healthy,0.479591
plantwild/extracted/plantwild/images/tomato septoria leaf spot/google_0091.jpg,Tomato___Septoria_leaf_spot,Cherry___healthy,0.933031
plantwild/extracted/plantwild/images/tomato septoria leaf spot/google_0093.jpg,Tomato___Septoria_leaf_spot,Tomato___Early_blight,0.947217
plantwild/extracted/plantwild/images/tomato septoria leaf spot/google_0094.jpg,Tomato___Septoria_leaf_spot,Tomato___Late_blight,0.515881
plantwild/extracted/plantwild/images/tomato septoria leaf spot/google_0097 - Copy.jpg,Tomato___Septoria_leaf_spot,Tomato___Late_blight,0.779206
plantwild/extracted/plantwild/images/tomato septoria leaf spot/google_0097.jpg,Tomato___Septoria_leaf_spot,Potato___Early_blight,0.621044
plantwild/extracted/plantwild/images/tomato septoria leaf spot/google_0098.jpg,Tomato___Septoria_leaf_spot,Tomato___Early_blight,0.938313
plantwild/extracted/plantwild/images/tomato septoria leaf spot/google_0103.jpg,Tomato___Septoria_leaf_spot,"Pepper,_bell___healthy",0.884785
plantwild/extracted/plantwild/images/tomato septoria leaf spot/google_0110.jpg,Tomato___Septoria_leaf_spot,Tomato___Early_blight,0.318852
plantwild/extracted/plantwild/images/tomato septoria leaf spot/google_0113.jpg,Tomato___Septoria_leaf_spot,"Pepper,_bell___healthy",0.919952
plantwild/extracted/plantwild/images/tomato septoria leaf spot/google_0115.jpg,Tomato___Septoria_leaf_spot,Corn___Common_rust,0.726511
plantwild/extracted/plantwild/images/tomato septoria leaf spot/google_0119.jpg,Tomato___Septoria_leaf_spot,Cherry___healthy,0.923146
plantwild/extracted/plantwild/images/tomato septoria leaf spot/google_0120.jpg,Tomato___Septoria_leaf_spot,Corn___Common_rust,0.381402
plantwild/extracted/plantwild/images/tomato septoria leaf spot/google_0121.jpg,Tomato___Septoria_leaf_spot,Tomato___Early_blight,0.855924
plantwild/extracted/plantwild/images/tomato septoria leaf spot/google_0122.jpg,Tomato___Septoria_leaf_spot,Peach___Bacterial_spot,0.951719
plantwild/extracted/plantwild/images/tomato septoria leaf spot/google_0127.jpg,Tomato___Septoria_leaf_spot,Strawberry___Leaf_scorch,0.151565
plantwild/extracted/plantwild/images/tomato septoria leaf spot/google_0128.jpg,Tomato___Septoria_leaf_spot,Strawberry___Leaf_scorch,0.426296
plantwild/extracted/plantwild/images/tomato septoria leaf spot/google_0130.jpg,Tomato___Septoria_leaf_spot,Tomato___Early_blight,0.771862
plantwild/extracted/plantwild/images/tomato septoria leaf spot/google_0131.jpg,Tomato___Septoria_leaf_spot,Tomato___Late_blight,0.837095
plantwild/extracted/plantwild/images/tomato septoria leaf spot/google_0132.jpg,Tomato___Septoria_leaf_spot,Corn___Northern_Leaf_Blight,0.859245
plantwild/extracted/plantwild/images/tomato septoria leaf spot/google_0133.jpg,Tomato___Septoria_leaf_spot,Tomato___Early_blight,0.937810
plantwild/extracted/plantwild/images/tomato septoria leaf spot/google_0134.jpg,Tomato___Septoria_leaf_spot,Tomato___Late_blight,0.696717
plantwild/extracted/plantwild/images/tomato septoria leaf spot/google_0135.jpg,Tomato___Septoria_leaf_spot,Tomato___Septoria_leaf_spot,0.949252
plantwild/extracted/plantwild/images/tomato septoria leaf spot/google_0137.jpg,Tomato___Septoria_leaf_spot,Tomato___Early_blight,0.922516
plantwild/extracted/plantwild/images/tomato septoria leaf spot/google_0139 - Copy (2).jpg,Tomato___Septoria_leaf_spot,Tomato___Late_blight,0.939127
plantwild/extracted/plantwild/images/tomato septoria leaf spot/google_0139 - Copy.jpg,Tomato___Septoria_leaf_spot,Tomato___Late_blight,0.952616
plantwild/extracted/plantwild/images/tomato septoria leaf spot/google_0139.jpg,Tomato___Septoria_leaf_spot,Corn___Northern_Leaf_Blight,0.951085
plantwild/extracted/plantwild/images/tomato septoria leaf spot/google_0140 - Copy (2).jpg,Tomato___Septoria_leaf_spot,Tomato___Early_blight,0.599817
plantwild/extracted/plantwild/images/tomato septoria leaf spot/google_0140 - Copy.jpg,Tomato___Septoria_leaf_spot,Cherry___healthy,0.467644
plantwild/extracted/plantwild/images/tomato septoria leaf spot/google_0140.jpg,Tomato___Septoria_leaf_spot,"Pepper,_bell___healthy",0.555359
plantwild/extracted/plantwild/images/tomato septoria leaf spot/google_0141.jpg,Tomato___Septoria_leaf_spot,Corn___Common_rust,0.697028
plantwild/extracted/plantwild/images/tomato septoria leaf spot/google_0143.jpg,Tomato___Septoria_leaf_spot,Tomato___Early_blight,0.405859
plantwild/extracted/plantwild/images/tomato septoria leaf spot/google_0147.jpg,Tomato___Septoria_leaf_spot,Tomato___Septoria_leaf_spot,0.120905
plantwild/extracted/plantwild/images/tomato septoria leaf spot/google_0148.jpg,Tomato___Septoria_leaf_spot,Tomato___Septoria_leaf_spot,0.950677
plantwild/extracted/plantwild/images/tomato septoria leaf spot/google_0149.jpg,Tomato___Septoria_leaf_spot,Grape___Black_rot,0.487982
plantwild/extracted/plantwild/images/tomato septoria leaf spot/google_0151.jpg,Tomato___Septoria_leaf_spot,Tomato___Late_blight,0.929578
plantwild/extracted/plantwild/images/tomato septoria leaf spot/google_0153.jpg,Tomato___Septoria_leaf_spot,Strawberry___Leaf_scorch,0.596810
plantwild/extracted/plantwild/images/tomato septoria leaf spot/google_0155.jpg,Tomato___Septoria_leaf_spot,Strawberry___Leaf_scorch,0.925391
plantwild/extracted/plantwild/images/tomato septoria leaf spot/google_0156.jpg,Tomato___Septoria_leaf_spot,Tomato___Early_blight,0.423827
plantwild/extracted/plantwild/images/tomato septoria leaf spot/google_0157.jpg,Tomato___Septoria_leaf_spot,Corn___Cercospora_leaf_spot Gray_leaf_spot,0.815749
plantwild/extracted/plantwild/images/tomato septoria leaf spot/google_0158.jpg,Tomato___Septoria_leaf_spot,Strawberry___Leaf_scorch,0.668092
plantwild/extracted/plantwild/images/tomato septoria leaf spot/google_0160.jpg,Tomato___Septoria_leaf_spot,Cherry___healthy,0.859081
plantwild/extracted/plantwild/images/tomato septoria leaf spot/google_0162.jpg,Tomato___Septoria_leaf_spot,Cherry___healthy,0.592446
plantwild/extracted/plantwild/images/tomato septoria leaf spot/google_0164.jpg,Tomato___Septoria_leaf_spot,"Pepper,_bell___healthy",0.228641
plantwild/extracted/plantwild/images/tomato septoria leaf spot/google_0170.jpg,Tomato___Septoria_leaf_spot,Tomato___Septoria_leaf_spot,0.197102
plantwild/extracted/plantwild/images/tomato septoria leaf spot/google_0172.jpg,Tomato___Septoria_leaf_spot,Corn___Northern_Leaf_Blight,0.939669
plantwild/extracted/plantwild/images/tomato septoria leaf spot/google_0175.jpg,Tomato___Septoria_leaf_spot,Tomato___Early_blight,0.527779
plantwild/extracted/plantwild/images/tomato septoria leaf spot/google_0178.jpg,Tomato___Septoria_leaf_spot,Strawberry___Leaf_scorch,0.950579
plantwild/extracted/plantwild/images/tomato septoria leaf spot/google_0181.jpg,Tomato___Septoria_leaf_spot,Cherry___healthy,0.781361
plantwild/extracted/plantwild/images/tomato septoria leaf spot/google_0187 - Copy (2).jpg,Tomato___Septoria_leaf_spot,Corn___healthy,0.711323
plantwild/extracted/plantwild/images/tomato septoria leaf spot/google_0187 - Copy.jpg,Tomato___Septoria_leaf_spot,Apple___Apple_scab,0.366873
plantwild/extracted/plantwild/images/tomato septoria leaf spot/google_0187.jpg,Tomato___Septoria_leaf_spot,Corn___healthy,0.936081
plantwild/extracted/plantwild/images/tomato septoria leaf spot/google_0188.jpg,Tomato___Septoria_leaf_spot,Tomato___Septoria_leaf_spot,0.600236
plantwild/extracted/plantwild/images/tomato septoria leaf spot/google_0189.jpg,Tomato___Septoria_leaf_spot,Tomato___Early_blight,0.929383
plantwild/extracted/plantwild/images/tomato septoria leaf spot/google_0191.jpg,Tomato___Septoria_leaf_spot,Cherry___healthy,0.361835
plantwild/extracted/plantwild/images/tomato septoria leaf spot/google_0194.jpg,Tomato___Septoria_leaf_spot,Tomato___Septoria_leaf_spot,0.573160
plantwild/extracted/plantwild/images/tomato septoria leaf spot/google_0195.jpg,Tomato___Septoria_leaf_spot,Strawberry___Leaf_scorch,0.475405
plantwild/extracted/plantwild/images/tomato septoria leaf spot/google_0197.jpg,Tomato___Septoria_leaf_spot,Cherry___healthy,0.886315
plantwild/extracted/plantwild/images/tomato septoria leaf spot/google_0201.jpg,Tomato___Septoria_leaf_spot,"Pepper,_bell___healthy",0.311251
plantwild/extracted/plantwild/images/tomato septoria leaf spot/google_0202.jpg,Tomato___Septoria_leaf_spot,Cherry___healthy,0.912417
plantwild/extracted/plantwild/images/tomato septoria leaf spot/google_0204.jpg,Tomato___Septoria_leaf_spot,"Pepper,_bell___healthy",0.655806
plantwild/extracted/plantwild/images/tomato septoria leaf spot/google_0205.jpg,Tomato___Septoria_leaf_spot,Tomato___Early_blight,0.892136
plantwild/extracted/plantwild/images/tomato septoria leaf spot/google_0208.jpg,Tomato___Septoria_leaf_spot,Tomato___Early_blight,0.828812
plantwild/extracted/plantwild/images/tomato septoria leaf spot/google_0217 - Copy.jpg,Tomato___Septoria_leaf_spot,Cherry___healthy,0.640103
plantwild/extracted/plantwild/images/tomato septoria leaf spot/google_0217.jpg,Tomato___Septoria_leaf_spot,Tomato___Early_blight,0.863626
plantwild/extracted/plantwild/images/tomato septoria leaf spot/google_0219.jpg,Tomato___Septoria_leaf_spot,Tomato___Late_blight,0.737577
plantwild/extracted/plantwild/images/tomato septoria leaf spot/google_0220.jpg,Tomato___Septoria_leaf_spot,"Pepper,_bell___healthy",0.458000
plantwild/extracted/plantwild/images/tomato septoria leaf spot/google_0222 - Copy.jpg,Tomato___Septoria_leaf_spot,Tomato___Late_blight,0.861821
plantwild/extracted/plantwild/images/tomato septoria leaf spot/google_0223.jpg,Tomato___Septoria_leaf_spot,Tomato___Septoria_leaf_spot,0.952474
plantwild/extracted/plantwild/images/tomato septoria leaf spot/google_0224 - Copy.jpg,Tomato___Septoria_leaf_spot,Tomato___Late_blight,0.852772
plantwild/extracted/plantwild/images/tomato septoria leaf spot/google_0224.jpg,Tomato___Septoria_leaf_spot,Potato___Early_blight,0.559130
plantwild/extracted/plantwild/images/tomato septoria leaf spot/google_0226.jpg,Tomato___Septoria_leaf_spot,Tomato___Early_blight,0.549189
plantwild/extracted/plantwild/images/tomato septoria leaf spot/google_0230.jpg,Tomato___Septoria_leaf_spot,Strawberry___Leaf_scorch,0.937867
plantwild/extracted/plantwild/images/tomato septoria leaf spot/google_0231.jpg,Tomato___Septoria_leaf_spot,Cherry___healthy,0.940352
plantwild/extracted/plantwild/images/tomato septoria leaf spot/google_0233.jpg,Tomato___Septoria_leaf_spot,Cherry___healthy,0.932166
plantwild/extracted/plantwild/images/tomato septoria leaf spot/google_0234.jpg,Tomato___Septoria_leaf_spot,Grape___Black_rot,0.776878
plantwild/extracted/plantwild/images/tomato septoria leaf spot/google_0235.jpg,Tomato___Septoria_leaf_spot,Strawberry___Leaf_scorch,0.925764
plantwild/extracted/plantwild/images/tomato septoria leaf spot/google_0237.jpg,Tomato___Septoria_leaf_spot,Tomato___Early_blight,0.572323
plantwild/extracted/plantwild/images/tomato septoria leaf spot/google_0238.jpg,Tomato___Septoria_leaf_spot,Tomato___Late_blight,0.857389
plantwild/extracted/plantwild/images/tomato septoria leaf spot/google_0241.jpg,Tomato___Septoria_leaf_spot,"Pepper,_bell___healthy",0.940485
plantwild/extracted/plantwild/images/tomato septoria leaf spot/google_0242.jpg,Tomato___Septoria_leaf_spot,Strawberry___Leaf_scorch,0.799751
plantwild/extracted/plantwild/images/tomato septoria leaf spot/google_0243.jpg,Tomato___Septoria_leaf_spot,Tomato___Septoria_leaf_spot,0.486310
plantwild/extracted/plantwild/images/tomato septoria leaf spot/google_0250.jpg,Tomato___Septoria_leaf_spot,Cherry___healthy,0.947057
plantwild/extracted/plantwild/images/tomato septoria leaf spot/google_0253.jpg,Tomato___Septoria_leaf_spot,Tomato___Septoria_leaf_spot,0.953145
plantwild/extracted/plantwild/images/tomato septoria leaf spot/google_0254.jpg,Tomato___Septoria_leaf_spot,Tomato___Late_blight,0.823118
plantwild/extracted/plantwild/images/tomato septoria leaf spot/google_0255.jpg,Tomato___Septoria_leaf_spot,"Pepper,_bell___healthy",0.301808
plantwild/extracted/plantwild/images/tomato septoria leaf spot/google_0257 - Copy.jpg,Tomato___Septoria_leaf_spot,Corn___Common_rust,0.744796
plantwild/extracted/plantwild/images/tomato septoria leaf spot/google_0257.jpg,Tomato___Septoria_leaf_spot,Tomato___Septoria_leaf_spot,0.935239
plantwild/extracted/plantwild/images/tomato septoria leaf spot/google_0258.jpg,Tomato___Septoria_leaf_spot,Corn___Common_rust,0.953630
plantwild/extracted/plantwild/images/tomato septoria leaf spot/google_0261.jpg,Tomato___Septoria_leaf_spot,Corn___healthy,0.776911
plantwild/extracted/plantwild/images/tomato septoria leaf spot/google_0266 - Copy.jpg,Tomato___Septoria_leaf_spot,Tomato___Early_blight,0.946169
plantwild/extracted/plantwild/images/tomato septoria leaf spot/google_0266.jpg,Tomato___Septoria_leaf_spot,Tomato___Early_blight,0.684034
plantwild/extracted/plantwild/images/tomato septoria leaf spot/google_0270 - Copy (2).jpg,Tomato___Septoria_leaf_spot,Tomato___Leaf_Mold,0.952479
plantwild/extracted/plantwild/images/tomato septoria leaf spot/google_0270 - Copy (3).jpg,Tomato___Septoria_leaf_spot,Tomato___Septoria_leaf_spot,0.458018
plantwild/extracted/plantwild/images/tomato septoria leaf spot/google_0270 - Copy.jpg,Tomato___Septoria_leaf_spot,Tomato___Septoria_leaf_spot,0.946896
plantwild/extracted/plantwild/images/tomato septoria leaf spot/google_0270.jpg,Tomato___Septoria_leaf_spot,Tomato___Septoria_leaf_spot,0.865369
plantwild/extracted/plantwild/images/tomato septoria leaf spot/google_0272.jpg,Tomato___Septoria_leaf_spot,Corn___Common_rust,0.949135
plantwild/extracted/plantwild/images/tomato septoria leaf spot/google_0273 - Copy (2).jpg,Tomato___Septoria_leaf_spot,Tomato___Tomato_Yellow_Leaf_Curl_Virus,0.922993
plantwild/extracted/plantwild/images/tomato septoria leaf spot/google_0273 - Copy.jpg,Tomato___Septoria_leaf_spot,Tomato___Tomato_Yellow_Leaf_Curl_Virus,0.952834
plantwild/extracted/plantwild/images/tomato septoria leaf spot/google_0273.jpg,Tomato___Septoria_leaf_spot,Tomato___Tomato_Yellow_Leaf_Curl_Virus,0.350924
plantwild/extracted/plantwild/images/tomato septoria leaf spot/google_0276.jpg,Tomato___Septoria_leaf_spot,Tomato___Late_blight,0.934954
plantwild/extracted/plantwild/images/tomato septoria leaf spot/google_0283.jpg,Tomato___Septoria_leaf_spot,Grape___Black_rot,0.725962
plantwild/extracted/plantwild/images/tomato yellow leaf curl virus/1.jpg,Tomato___Tomato_Yellow_Leaf_Curl_Virus,Cherry___healthy,0.941216
plantwild/extracted/plantwild/images/tomato yellow leaf curl virus/10.jpg,Tomato___Tomato_Yellow_Leaf_Curl_Virus,Cherry___healthy,0.947465
plantwild/extracted/plantwild/images/tomato yellow leaf curl virus/101.jpg,Tomato___Tomato_Yellow_Leaf_Curl_Virus,Cherry___healthy,0.932537
plantwild/extracted/plantwild/images/tomato yellow leaf curl virus/11.jpg,Tomato___Tomato_Yellow_Leaf_Curl_Virus,Cherry___healthy,0.521264
plantwild/extracted/plantwild/images/tomato yellow leaf curl virus/115.jpg,Tomato___Tomato_Yellow_Leaf_Curl_Virus,Cherry___healthy,0.814081
plantwild/extracted/plantwild/images/tomato yellow leaf curl virus/12.jpg,Tomato___Tomato_Yellow_Leaf_Curl_Virus,Cherry___healthy,0.848467
plantwild/extracted/plantwild/images/tomato yellow leaf curl virus/13.jpg,Tomato___Tomato_Yellow_Leaf_Curl_Virus,Cherry___healthy,0.888254
plantwild/extracted/plantwild/images/tomato yellow leaf curl virus/14.jpg,Tomato___Tomato_Yellow_Leaf_Curl_Virus,Cherry___healthy,0.934774
plantwild/extracted/plantwild/images/tomato yellow leaf curl virus/149.jpg,Tomato___Tomato_Yellow_Leaf_Curl_Virus,Strawberry___Leaf_scorch,0.945745
plantwild/extracted/plantwild/images/tomato yellow leaf curl virus/15.jpg,Tomato___Tomato_Yellow_Leaf_Curl_Virus,Strawberry___Leaf_scorch,0.831571
plantwild/extracted/plantwild/images/tomato yellow leaf curl virus/151.jpg,Tomato___Tomato_Yellow_Leaf_Curl_Virus,Cherry___healthy,0.949955
plantwild/extracted/plantwild/images/tomato yellow leaf curl virus/152.jpg,Tomato___Tomato_Yellow_Leaf_Curl_Virus,Cherry___healthy,0.936303
plantwild/extracted/plantwild/images/tomato yellow leaf curl virus/162.jpg,Tomato___Tomato_Yellow_Leaf_Curl_Virus,Cherry___healthy,0.755061
plantwild/extracted/plantwild/images/tomato yellow leaf curl virus/165.jpg,Tomato___Tomato_Yellow_Leaf_Curl_Virus,"Pepper,_bell___healthy",0.845760
plantwild/extracted/plantwild/images/tomato yellow leaf curl virus/166.jpg,Tomato___Tomato_Yellow_Leaf_Curl_Virus,Strawberry___Leaf_scorch,0.712317
plantwild/extracted/plantwild/images/tomato yellow leaf curl virus/167.jpg,Tomato___Tomato_Yellow_Leaf_Curl_Virus,Cherry___healthy,0.800947
plantwild/extracted/plantwild/images/tomato yellow leaf curl virus/17.jpg,Tomato___Tomato_Yellow_Leaf_Curl_Virus,Cherry___healthy,0.893339
plantwild/extracted/plantwild/images/tomato yellow leaf curl virus/18.jpg,Tomato___Tomato_Yellow_Leaf_Curl_Virus,Strawberry___Leaf_scorch,0.487182
plantwild/extracted/plantwild/images/tomato yellow leaf curl virus/19.jpg,Tomato___Tomato_Yellow_Leaf_Curl_Virus,Cherry___healthy,0.944816
plantwild/extracted/plantwild/images/tomato yellow leaf curl virus/2.jpg,Tomato___Tomato_Yellow_Leaf_Curl_Virus,Cherry___healthy,0.934794
plantwild/extracted/plantwild/images/tomato yellow leaf curl virus/20.jpg,Tomato___Tomato_Yellow_Leaf_Curl_Virus,Cherry___healthy,0.937126
plantwild/extracted/plantwild/images/tomato yellow leaf curl virus/21.jpg,Tomato___Tomato_Yellow_Leaf_Curl_Virus,Cherry___healthy,0.813713
plantwild/extracted/plantwild/images/tomato yellow leaf curl virus/22.jpg,Tomato___Tomato_Yellow_Leaf_Curl_Virus,Cherry___healthy,0.866425
plantwild/extracted/plantwild/images/tomato yellow leaf curl virus/227.jpg,Tomato___Tomato_Yellow_Leaf_Curl_Virus,Cherry___healthy,0.932168
plantwild/extracted/plantwild/images/tomato yellow leaf curl virus/23.jpg,Tomato___Tomato_Yellow_Leaf_Curl_Virus,Cherry___healthy,0.941128
plantwild/extracted/plantwild/images/tomato yellow leaf curl virus/24.jpg,Tomato___Tomato_Yellow_Leaf_Curl_Virus,Cherry___healthy,0.936893
plantwild/extracted/plantwild/images/tomato yellow leaf curl virus/25.jpg,Tomato___Tomato_Yellow_Leaf_Curl_Virus,Cherry___healthy,0.911423
plantwild/extracted/plantwild/images/tomato yellow leaf curl virus/27.jpg,Tomato___Tomato_Yellow_Leaf_Curl_Virus,Cherry___healthy,0.898135
plantwild/extracted/plantwild/images/tomato yellow leaf curl virus/28.jpg,Tomato___Tomato_Yellow_Leaf_Curl_Virus,Cherry___healthy,0.939335
plantwild/extracted/plantwild/images/tomato yellow leaf curl virus/29.jpg,Tomato___Tomato_Yellow_Leaf_Curl_Virus,Cherry___healthy,0.654424
plantwild/extracted/plantwild/images/tomato yellow leaf curl virus/3.jpg,Tomato___Tomato_Yellow_Leaf_Curl_Virus,Cherry___healthy,0.946113
plantwild/extracted/plantwild/images/tomato yellow leaf curl virus/31.jpg,Tomato___Tomato_Yellow_Leaf_Curl_Virus,Strawberry___Leaf_scorch,0.897977
plantwild/extracted/plantwild/images/tomato yellow leaf curl virus/32.jpg,Tomato___Tomato_Yellow_Leaf_Curl_Virus,Peach___Bacterial_spot,0.942304
plantwild/extracted/plantwild/images/tomato yellow leaf curl virus/35.jpg,Tomato___Tomato_Yellow_Leaf_Curl_Virus,Cherry___healthy,0.948387
plantwild/extracted/plantwild/images/tomato yellow leaf curl virus/36.jpg,Tomato___Tomato_Yellow_Leaf_Curl_Virus,Cherry___healthy,0.917970
plantwild/extracted/plantwild/images/tomato yellow leaf curl virus/37.jpg,Tomato___Tomato_Yellow_Leaf_Curl_Virus,Cherry___healthy,0.906814
plantwild/extracted/plantwild/images/tomato yellow leaf curl virus/38.jpg,Tomato___Tomato_Yellow_Leaf_Curl_Virus,Squash___Powdery_mildew,0.907606
plantwild/extracted/plantwild/images/tomato yellow leaf curl virus/4.jpg,Tomato___Tomato_Yellow_Leaf_Curl_Virus,Cherry___healthy,0.895379
plantwild/extracted/plantwild/images/tomato yellow leaf curl virus/40.jpg,Tomato___Tomato_Yellow_Leaf_Curl_Virus,Cherry___healthy,0.943556
plantwild/extracted/plantwild/images/tomato yellow leaf curl virus/41.jpg,Tomato___Tomato_Yellow_Leaf_Curl_Virus,Strawberry___Leaf_scorch,0.949763
plantwild/extracted/plantwild/images/tomato yellow leaf curl virus/42.jpg,Tomato___Tomato_Yellow_Leaf_Curl_Virus,Cherry___healthy,0.942673
plantwild/extracted/plantwild/images/tomato yellow leaf curl virus/43 - Copy (2).jpg,Tomato___Tomato_Yellow_Leaf_Curl_Virus,Squash___Powdery_mildew,0.809928
plantwild/extracted/plantwild/images/tomato yellow leaf curl virus/43 - Copy.jpg,Tomato___Tomato_Yellow_Leaf_Curl_Virus,Cherry___healthy,0.854095
plantwild/extracted/plantwild/images/tomato yellow leaf curl virus/43.jpg,Tomato___Tomato_Yellow_Leaf_Curl_Virus,Cherry___healthy,0.903952
plantwild/extracted/plantwild/images/tomato yellow leaf curl virus/44.jpg,Tomato___Tomato_Yellow_Leaf_Curl_Virus,Strawberry___Leaf_scorch,0.674511
plantwild/extracted/plantwild/images/tomato yellow leaf curl virus/45.jpg,Tomato___Tomato_Yellow_Leaf_Curl_Virus,Strawberry___Leaf_scorch,0.930630
plantwild/extracted/plantwild/images/tomato yellow leaf curl virus/47.jpg,Tomato___Tomato_Yellow_Leaf_Curl_Virus,Cherry___healthy,0.942290
plantwild/extracted/plantwild/images/tomato yellow leaf curl virus/49.jpg,Tomato___Tomato_Yellow_Leaf_Curl_Virus,Cherry___healthy,0.913084
plantwild/extracted/plantwild/images/tomato yellow leaf curl virus/5.jpg,Tomato___Tomato_Yellow_Leaf_Curl_Virus,Strawberry___Leaf_scorch,0.728781
plantwild/extracted/plantwild/images/tomato yellow leaf curl virus/50.jpg,Tomato___Tomato_Yellow_Leaf_Curl_Virus,Cherry___healthy,0.573499
plantwild/extracted/plantwild/images/tomato yellow leaf curl virus/51.jpg,Tomato___Tomato_Yellow_Leaf_Curl_Virus,Cherry___healthy,0.938226
plantwild/extracted/plantwild/images/tomato yellow leaf curl virus/59.jpg,Tomato___Tomato_Yellow_Leaf_Curl_Virus,Cherry___healthy,0.946305
plantwild/extracted/plantwild/images/tomato yellow leaf curl virus/6.jpg,Tomato___Tomato_Yellow_Leaf_Curl_Virus,Cherry___healthy,0.949486
plantwild/extracted/plantwild/images/tomato yellow leaf curl virus/62.jpg,Tomato___Tomato_Yellow_Leaf_Curl_Virus,Strawberry___Leaf_scorch,0.889705
plantwild/extracted/plantwild/images/tomato yellow leaf curl virus/64.jpg,Tomato___Tomato_Yellow_Leaf_Curl_Virus,Squash___Powdery_mildew,0.949302
plantwild/extracted/plantwild/images/tomato yellow leaf curl virus/68.jpg,Tomato___Tomato_Yellow_Leaf_Curl_Virus,Cherry___healthy,0.718324
plantwild/extracted/plantwild/images/tomato yellow leaf curl virus/69.jpg,Tomato___Tomato_Yellow_Leaf_Curl_Virus,Strawberry___Leaf_scorch,0.739859
plantwild/extracted/plantwild/images/tomato yellow leaf curl virus/7 - Copy.jpg,Tomato___Tomato_Yellow_Leaf_Curl_Virus,Cherry___healthy,0.668223
plantwild/extracted/plantwild/images/tomato yellow leaf curl virus/7.jpg,Tomato___Tomato_Yellow_Leaf_Curl_Virus,Cherry___healthy,0.870966
plantwild/extracted/plantwild/images/tomato yellow leaf curl virus/72.jpg,Tomato___Tomato_Yellow_Leaf_Curl_Virus,Cherry___healthy,0.831641
plantwild/extracted/plantwild/images/tomato yellow leaf curl virus/77.jpg,Tomato___Tomato_Yellow_Leaf_Curl_Virus,Cherry___healthy,0.554323
plantwild/extracted/plantwild/images/tomato yellow leaf curl virus/78.jpg,Tomato___Tomato_Yellow_Leaf_Curl_Virus,Cherry___healthy,0.934687
plantwild/extracted/plantwild/images/tomato yellow leaf curl virus/79.jpg,Tomato___Tomato_Yellow_Leaf_Curl_Virus,Tomato___Late_blight,0.565142
plantwild/extracted/plantwild/images/tomato yellow leaf curl virus/8.jpg,Tomato___Tomato_Yellow_Leaf_Curl_Virus,Cherry___healthy,0.941659
plantwild/extracted/plantwild/images/tomato yellow leaf curl virus/80.jpg,Tomato___Tomato_Yellow_Leaf_Curl_Virus,Cherry___healthy,0.938639
plantwild/extracted/plantwild/images/tomato yellow leaf curl virus/85.jpg,Tomato___Tomato_Yellow_Leaf_Curl_Virus,Cherry___healthy,0.712097
plantwild/extracted/plantwild/images/tomato yellow leaf curl virus/9.jpg,Tomato___Tomato_Yellow_Leaf_Curl_Virus,Cherry___healthy,0.703090
plantwild/extracted/plantwild/images/tomato yellow leaf curl virus/99.jpg,Tomato___Tomato_Yellow_Leaf_Curl_Virus,Cherry___healthy,0.925634
plantwild/extracted/plantwild/images/tomato yellow leaf curl virus/google_0000.jpg,Tomato___Tomato_Yellow_Leaf_Curl_Virus,Cherry___healthy,0.858328
plantwild/extracted/plantwild/images/tomato yellow leaf curl virus/google_0001.jpg,Tomato___Tomato_Yellow_Leaf_Curl_Virus,Cherry___healthy,0.927388
plantwild/extracted/plantwild/images/tomato yellow leaf curl virus/google_0004.jpg,Tomato___Tomato_Yellow_Leaf_Curl_Virus,Cherry___healthy,0.511462
plantwild/extracted/plantwild/images/tomato yellow leaf curl virus/google_0005.jpg,Tomato___Tomato_Yellow_Leaf_Curl_Virus,Apple___Apple_scab,0.466951
plantwild/extracted/plantwild/images/tomato yellow leaf curl virus/google_0007.jpg,Tomato___Tomato_Yellow_Leaf_Curl_Virus,Cherry___healthy,0.950707
plantwild/extracted/plantwild/images/tomato yellow leaf curl virus/google_0008.jpg,Tomato___Tomato_Yellow_Leaf_Curl_Virus,Cherry___healthy,0.150125
plantwild/extracted/plantwild/images/tomato yellow leaf curl virus/google_0009.jpg,Tomato___Tomato_Yellow_Leaf_Curl_Virus,Cherry___healthy,0.510960
plantwild/extracted/plantwild/images/tomato yellow leaf curl virus/google_0010.jpg,Tomato___Tomato_Yellow_Leaf_Curl_Virus,Cherry___healthy,0.849078
plantwild/extracted/plantwild/images/tomato yellow leaf curl virus/google_0012.jpg,Tomato___Tomato_Yellow_Leaf_Curl_Virus,Cherry___healthy,0.928075
plantwild/extracted/plantwild/images/tomato yellow leaf curl virus/google_0013.jpg,Tomato___Tomato_Yellow_Leaf_Curl_Virus,Strawberry___Leaf_scorch,0.517941
plantwild/extracted/plantwild/images/tomato yellow leaf curl virus/google_0015.jpg,Tomato___Tomato_Yellow_Leaf_Curl_Virus,Cherry___healthy,0.882602
plantwild/extracted/plantwild/images/tomato yellow leaf curl virus/google_0016.jpg,Tomato___Tomato_Yellow_Leaf_Curl_Virus,Corn___Common_rust,0.502424
plantwild/extracted/plantwild/images/tomato yellow leaf curl virus/google_0018.jpg,Tomato___Tomato_Yellow_Leaf_Curl_Virus,Cherry___healthy,0.887077
plantwild/extracted/plantwild/images/tomato yellow leaf curl virus/google_0021.jpg,Tomato___Tomato_Yellow_Leaf_Curl_Virus,Cherry___healthy,0.934426
plantwild/extracted/plantwild/images/tomato yellow leaf curl virus/google_0023.jpg,Tomato___Tomato_Yellow_Leaf_Curl_Virus,Cherry___healthy,0.658939
plantwild/extracted/plantwild/images/tomato yellow leaf curl virus/google_0024.jpg,Tomato___Tomato_Yellow_Leaf_Curl_Virus,Cherry___healthy,0.843173
plantwild/extracted/plantwild/images/tomato yellow leaf curl virus/google_0027.jpg,Tomato___Tomato_Yellow_Leaf_Curl_Virus,Tomato___Septoria_leaf_spot,0.236694
plantwild/extracted/plantwild/images/tomato yellow leaf curl virus/google_0028.jpg,Tomato___Tomato_Yellow_Leaf_Curl_Virus,Blueberry___healthy,0.693852
plantwild/extracted/plantwild/images/tomato yellow leaf curl virus/google_0029.jpg,Tomato___Tomato_Yellow_Leaf_Curl_Virus,Cherry___healthy,0.897084
plantwild/extracted/plantwild/images/tomato yellow leaf curl virus/google_0031.jpg,Tomato___Tomato_Yellow_Leaf_Curl_Virus,Cherry___healthy,0.444572
plantwild/extracted/plantwild/images/tomato yellow leaf curl virus/google_0032.jpg,Tomato___Tomato_Yellow_Leaf_Curl_Virus,Tomato___Early_blight,0.450900
plantwild/extracted/plantwild/images/tomato yellow leaf curl virus/google_0033.jpg,Tomato___Tomato_Yellow_Leaf_Curl_Virus,Cherry___healthy,0.917903
plantwild/extracted/plantwild/images/tomato yellow leaf curl virus/google_0034 - Copy (2).jpg,Tomato___Tomato_Yellow_Leaf_Curl_Virus,Tomato___Late_blight,0.951618
plantwild/extracted/plantwild/images/tomato yellow leaf curl virus/google_0034 - Copy (3).jpg,Tomato___Tomato_Yellow_Leaf_Curl_Virus,Tomato___Late_blight,0.954844
plantwild/extracted/plantwild/images/tomato yellow leaf curl virus/google_0034 - Copy.jpg,Tomato___Tomato_Yellow_Leaf_Curl_Virus,Tomato___Late_blight,0.857708
plantwild/extracted/plantwild/images/tomato yellow leaf curl virus/google_0034.jpg,Tomato___Tomato_Yellow_Leaf_Curl_Virus,Tomato___Late_blight,0.952291
plantwild/extracted/plantwild/images/tomato yellow leaf curl virus/google_0037.jpg,Tomato___Tomato_Yellow_Leaf_Curl_Virus,Corn___Cercospora_leaf_spot Gray_leaf_spot,0.664593
plantwild/extracted/plantwild/images/tomato yellow leaf curl virus/google_0046.jpg,Tomato___Tomato_Yellow_Leaf_Curl_Virus,"Pepper,_bell___healthy",0.356992
plantwild/extracted/plantwild/images/tomato yellow leaf curl virus/google_0047.jpg,Tomato___Tomato_Yellow_Leaf_Curl_Virus,Cherry___healthy,0.934853
plantwild/extracted/plantwild/images/tomato yellow leaf curl virus/google_0048.jpg,Tomato___Tomato_Yellow_Leaf_Curl_Virus,Cherry___healthy,0.942614
plantwild/extracted/plantwild/images/tomato yellow leaf curl virus/google_0049.jpg,Tomato___Tomato_Yellow_Leaf_Curl_Virus,Cherry___healthy,0.547328
plantwild/extracted/plantwild/images/tomato yellow leaf curl virus/google_0051.jpg,Tomato___Tomato_Yellow_Leaf_Curl_Virus,"Pepper,_bell___healthy",0.490577
plantwild/extracted/plantwild/images/tomato yellow leaf curl virus/google_0052 - Copy (2).jpg,Tomato___Tomato_Yellow_Leaf_Curl_Virus,Cherry___healthy,0.517572
plantwild/extracted/plantwild/images/tomato yellow leaf curl virus/google_0052 - Copy (3).jpg,Tomato___Tomato_Yellow_Leaf_Curl_Virus,Cherry___healthy,0.668445
plantwild/extracted/plantwild/images/tomato yellow leaf curl virus/google_0052 - Copy.jpg,Tomato___Tomato_Yellow_Leaf_Curl_Virus,Cherry___healthy,0.263814
plantwild/extracted/plantwild/images/tomato yellow leaf curl virus/google_0053.jpg,Tomato___Tomato_Yellow_Leaf_Curl_Virus,Cherry___healthy,0.894520
plantwild/extracted/plantwild/images/tomato yellow leaf curl virus/google_0054.jpg,Tomato___Tomato_Yellow_Leaf_Curl_Virus,Cherry___healthy,0.713378
plantwild/extracted/plantwild/images/tomato yellow leaf curl virus/google_0055.jpg,Tomato___Tomato_Yellow_Leaf_Curl_Virus,Cherry___healthy,0.403608
plantwild/extracted/plantwild/images/tomato yellow leaf curl virus/google_0056.jpg,Tomato___Tomato_Yellow_Leaf_Curl_Virus,Tomato___Early_blight,0.297294
plantwild/extracted/plantwild/images/tomato yellow leaf curl virus/google_0058.jpg,Tomato___Tomato_Yellow_Leaf_Curl_Virus,Tomato___Tomato_Yellow_Leaf_Curl_Virus,0.926952
plantwild/extracted/plantwild/images/tomato yellow leaf curl virus/google_0060.jpg,Tomato___Tomato_Yellow_Leaf_Curl_Virus,Cherry___healthy,0.938345
plantwild/extracted/plantwild/images/tomato yellow leaf curl virus/google_0061.jpg,Tomato___Tomato_Yellow_Leaf_Curl_Virus,Cherry___healthy,0.873990
plantwild/extracted/plantwild/images/tomato yellow leaf curl virus/google_0062.jpg,Tomato___Tomato_Yellow_Leaf_Curl_Virus,Cherry___healthy,0.888450
plantwild/extracted/plantwild/images/tomato yellow leaf curl virus/google_0063.jpg,Tomato___Tomato_Yellow_Leaf_Curl_Virus,Strawberry___Leaf_scorch,0.937800
plantwild/extracted/plantwild/images/tomato yellow leaf curl virus/google_0064.jpg,Tomato___Tomato_Yellow_Leaf_Curl_Virus,"Pepper,_bell___healthy",0.947630
plantwild/extracted/plantwild/images/tomato yellow leaf curl virus/google_0065.jpg,Tomato___Tomato_Yellow_Leaf_Curl_Virus,Cherry___healthy,0.950066
plantwild/extracted/plantwild/images/tomato yellow leaf curl virus/google_0066.jpg,Tomato___Tomato_Yellow_Leaf_Curl_Virus,Cherry___healthy,0.720981
plantwild/extracted/plantwild/images/tomato yellow leaf curl virus/google_0067.jpg,Tomato___Tomato_Yellow_Leaf_Curl_Virus,Cherry___healthy,0.866065
plantwild/extracted/plantwild/images/tomato yellow leaf curl virus/google_0068.jpg,Tomato___Tomato_Yellow_Leaf_Curl_Virus,Cherry___healthy,0.934025
plantwild/extracted/plantwild/images/tomato yellow leaf curl virus/google_0070.jpg,Tomato___Tomato_Yellow_Leaf_Curl_Virus,Cherry___healthy,0.751121
plantwild/extracted/plantwild/images/tomato yellow leaf curl virus/google_0072 - Copy.jpg,Tomato___Tomato_Yellow_Leaf_Curl_Virus,Cherry___healthy,0.730752
plantwild/extracted/plantwild/images/tomato yellow leaf curl virus/google_0072.jpg,Tomato___Tomato_Yellow_Leaf_Curl_Virus,"Pepper,_bell___healthy",0.629620
plantwild/extracted/plantwild/images/tomato yellow leaf curl virus/google_0074 - Copy.jpg,Tomato___Tomato_Yellow_Leaf_Curl_Virus,Squash___Powdery_mildew,0.583187
plantwild/extracted/plantwild/images/tomato yellow leaf curl virus/google_0074.jpg,Tomato___Tomato_Yellow_Leaf_Curl_Virus,Tomato___Tomato_Yellow_Leaf_Curl_Virus,0.929308
plantwild/extracted/plantwild/images/tomato yellow leaf curl virus/google_0075.jpg,Tomato___Tomato_Yellow_Leaf_Curl_Virus,Cherry___healthy,0.699497
plantwild/extracted/plantwild/images/tomato yellow leaf curl virus/google_0076.jpg,Tomato___Tomato_Yellow_Leaf_Curl_Virus,Cherry___healthy,0.931424
plantwild/extracted/plantwild/images/tomato yellow leaf curl virus/google_0077.jpg,Tomato___Tomato_Yellow_Leaf_Curl_Virus,Cherry___healthy,0.934837
plantwild/extracted/plantwild/images/tomato yellow leaf curl virus/google_0078.jpg,Tomato___Tomato_Yellow_Leaf_Curl_Virus,Cherry___healthy,0.622430
plantwild/extracted/plantwild/images/tomato yellow leaf curl virus/google_0080.jpg,Tomato___Tomato_Yellow_Leaf_Curl_Virus,Cherry___healthy,0.874699
plantwild/extracted/plantwild/images/tomato yellow leaf curl virus/google_0085.jpg,Tomato___Tomato_Yellow_Leaf_Curl_Virus,Cherry___healthy,0.933805
plantwild/extracted/plantwild/images/tomato yellow leaf curl virus/google_0087.jpg,Tomato___Tomato_Yellow_Leaf_Curl_Virus,"Pepper,_bell___healthy",0.847176
plantwild/extracted/plantwild/images/tomato yellow leaf curl virus/google_0089.jpg,Tomato___Tomato_Yellow_Leaf_Curl_Virus,Cherry___healthy,0.927844
plantwild/extracted/plantwild/images/tomato yellow leaf curl virus/google_0092.jpg,Tomato___Tomato_Yellow_Leaf_Curl_Virus,"Pepper,_bell___healthy",0.938420
plantwild/extracted/plantwild/images/tomato yellow leaf curl virus/google_0094.jpg,Tomato___Tomato_Yellow_Leaf_Curl_Virus,Cherry___healthy,0.940048
plantwild/extracted/plantwild/images/tomato yellow leaf curl virus/google_0095.jpg,Tomato___Tomato_Yellow_Leaf_Curl_Virus,Cherry___healthy,0.896789
plantwild/extracted/plantwild/images/tomato yellow leaf curl virus/google_0096.jpg,Tomato___Tomato_Yellow_Leaf_Curl_Virus,Cherry___healthy,0.719420
plantwild/extracted/plantwild/images/tomato yellow leaf curl virus/google_0098.jpg,Tomato___Tomato_Yellow_Leaf_Curl_Virus,Cherry___healthy,0.899300
plantwild/extracted/plantwild/images/tomato yellow leaf curl virus/google_0100.jpg,Tomato___Tomato_Yellow_Leaf_Curl_Virus,Cherry___healthy,0.762394
plantwild/extracted/plantwild/images/tomato yellow leaf curl virus/google_0102.jpg,Tomato___Tomato_Yellow_Leaf_Curl_Virus,"Pepper,_bell___healthy",0.552804
plantwild/extracted/plantwild/images/tomato yellow leaf curl virus/google_0103.jpg,Tomato___Tomato_Yellow_Leaf_Curl_Virus,Tomato___Late_blight,0.553109
plantwild/extracted/plantwild/images/tomato yellow leaf curl virus/google_0105.jpg,Tomato___Tomato_Yellow_Leaf_Curl_Virus,Cherry___healthy,0.533596
plantwild/extracted/plantwild/images/tomato yellow leaf curl virus/google_0106.jpg,Tomato___Tomato_Yellow_Leaf_Curl_Virus,Cherry___healthy,0.911589
plantwild/extracted/plantwild/images/tomato yellow leaf curl virus/google_0109.jpg,Tomato___Tomato_Yellow_Leaf_Curl_Virus,Cherry___healthy,0.939884
plantwild/extracted/plantwild/images/tomato yellow leaf curl virus/google_0110.jpg,Tomato___Tomato_Yellow_Leaf_Curl_Virus,"Pepper,_bell___healthy",0.927442
plantwild/extracted/plantwild/images/tomato yellow leaf curl virus/google_0111.jpg,Tomato___Tomato_Yellow_Leaf_Curl_Virus,Cherry___healthy,0.778060
plantwild/extracted/plantwild/images/tomato yellow leaf curl virus/google_0112.jpg,Tomato___Tomato_Yellow_Leaf_Curl_Virus,Cherry___healthy,0.891175
plantwild/extracted/plantwild/images/tomato yellow leaf curl virus/google_0114.jpg,Tomato___Tomato_Yellow_Leaf_Curl_Virus,Cherry___healthy,0.914905
plantwild/extracted/plantwild/images/tomato yellow leaf curl virus/google_0115.jpg,Tomato___Tomato_Yellow_Leaf_Curl_Virus,Cherry___healthy,0.687045
plantwild/extracted/plantwild/images/tomato yellow leaf curl virus/google_0118.jpg,Tomato___Tomato_Yellow_Leaf_Curl_Virus,Cherry___healthy,0.941624
plantwild/extracted/plantwild/images/tomato yellow leaf curl virus/google_0120.jpg,Tomato___Tomato_Yellow_Leaf_Curl_Virus,Cherry___healthy,0.820792
plantwild/extracted/plantwild/images/tomato yellow leaf curl virus/google_0121 - Copy.jpg,Tomato___Tomato_Yellow_Leaf_Curl_Virus,Cherry___healthy,0.849329
plantwild/extracted/plantwild/images/tomato yellow leaf curl virus/google_0121.jpg,Tomato___Tomato_Yellow_Leaf_Curl_Virus,Cherry___healthy,0.846287
plantwild/extracted/plantwild/images/tomato yellow leaf curl virus/google_0122.jpg,Tomato___Tomato_Yellow_Leaf_Curl_Virus,Grape___Black_rot,0.570217
plantwild/extracted/plantwild/images/tomato yellow leaf curl virus/google_0124.jpg,Tomato___Tomato_Yellow_Leaf_Curl_Virus,Soybean___healthy,0.950718
plantwild/extracted/plantwild/images/tomato yellow leaf curl virus/google_0127.jpg,Tomato___Tomato_Yellow_Leaf_Curl_Virus,"Pepper,_bell___healthy",0.898240
plantwild/extracted/plantwild/images/tomato yellow leaf curl virus/google_0135.jpg,Tomato___Tomato_Yellow_Leaf_Curl_Virus,Cherry___healthy,0.609241
plantwild/extracted/plantwild/images/tomato yellow leaf curl virus/google_0138.jpg,Tomato___Tomato_Yellow_Leaf_Curl_Virus,Cherry___healthy,0.926253
plantwild/extracted/plantwild/images/tomato yellow leaf curl virus/google_0139.jpg,Tomato___Tomato_Yellow_Leaf_Curl_Virus,Cherry___healthy,0.953108
plantwild/extracted/plantwild/images/tomato yellow leaf curl virus/google_0140.jpg,Tomato___Tomato_Yellow_Leaf_Curl_Virus,Cherry___healthy,0.912170
plantwild/extracted/plantwild/images/tomato yellow leaf curl virus/google_0141.jpg,Tomato___Tomato_Yellow_Leaf_Curl_Virus,Cherry___healthy,0.949307
plantwild/extracted/plantwild/images/tomato yellow leaf curl virus/google_0146.jpg,Tomato___Tomato_Yellow_Leaf_Curl_Virus,Cherry___healthy,0.932514
plantwild/extracted/plantwild/images/tomato yellow leaf curl virus/google_0147.jpg,Tomato___Tomato_Yellow_Leaf_Curl_Virus,Cherry___healthy,0.743934
plantwild/extracted/plantwild/images/tomato yellow leaf curl virus/google_0148 - Copy.jpg,Tomato___Tomato_Yellow_Leaf_Curl_Virus,Tomato___Tomato_Yellow_Leaf_Curl_Virus,0.507485
plantwild/extracted/plantwild/images/tomato yellow leaf curl virus/google_0148.jpg,Tomato___Tomato_Yellow_Leaf_Curl_Virus,Cherry___healthy,0.442270
plantwild/extracted/plantwild/images/tomato yellow leaf curl virus/google_0150.jpg,Tomato___Tomato_Yellow_Leaf_Curl_Virus,Cherry___healthy,0.491071
plantwild/extracted/plantwild/images/tomato yellow leaf curl virus/google_0151.jpg,Tomato___Tomato_Yellow_Leaf_Curl_Virus,Cherry___healthy,0.816753
plantwild/extracted/plantwild/images/tomato yellow leaf curl virus/google_0155.jpg,Tomato___Tomato_Yellow_Leaf_Curl_Virus,Cherry___healthy,0.804378
plantwild/extracted/plantwild/images/tomato yellow leaf curl virus/google_0162.jpg,Tomato___Tomato_Yellow_Leaf_Curl_Virus,Cherry___healthy,0.941543
plantwild/extracted/plantwild/images/tomato yellow leaf curl virus/google_0163.jpg,Tomato___Tomato_Yellow_Leaf_Curl_Virus,Cherry___healthy,0.943220
plantwild/extracted/plantwild/images/tomato yellow leaf curl virus/google_0171.jpg,Tomato___Tomato_Yellow_Leaf_Curl_Virus,Strawberry___Leaf_scorch,0.935725
plantwild/extracted/plantwild/images/tomato yellow leaf curl virus/google_0172.jpg,Tomato___Tomato_Yellow_Leaf_Curl_Virus,Squash___Powdery_mildew,0.859008
plantwild/extracted/plantwild/images/tomato yellow leaf curl virus/google_0173.jpg,Tomato___Tomato_Yellow_Leaf_Curl_Virus,Tomato___Target_Spot,0.106353
plantwild/extracted/plantwild/images/tomato yellow leaf curl virus/google_0174.jpg,Tomato___Tomato_Yellow_Leaf_Curl_Virus,Cherry___healthy,0.791464
