path,true,pred,top1_prob
plantdoc/PlantDoc-Dataset/test/Apple Scab Leaf/052609%20Hartman%20Crabapple%20scab%20single%20leaf.JPG.jpg,Apple___Apple_scab,Apple___Apple_scab,0.927148
plantdoc/PlantDoc-Dataset/test/Apple Scab Leaf/1b321015-6e33-4f18-aade-888f4383fe92.jpeg.jpg,Apple___Apple_scab,Strawberry___Leaf_scorch,0.925195
plantdoc/PlantDoc-Dataset/test/Apple Scab Leaf/28-500x375.jpg,Apple___Apple_scab,Strawberry___Leaf_scorch,0.942927
plantdoc/PlantDoc-Dataset/test/Apple Scab Leaf/816.jpg,Apple___Apple_scab,Corn___Common_rust,0.169720
plantdoc/PlantDoc-Dataset/test/Apple Scab Leaf/apple%20scab%20leaf.jpg,Apple___Apple_scab,Grape___Leaf_blight_(Isariopsis_Leaf_Spot),0.851870
plantdoc/PlantDoc-Dataset/test/Apple Scab Leaf/apple%20scabnew.jpg,Apple___Apple_scab,Apple___healthy,0.177459
plantdoc/PlantDoc-Dataset/test/Apple Scab Leaf/apple-scab-5366820.jpg,Apple___Apple_scab,Strawberry___Leaf_scorch,0.257770
plantdoc/PlantDoc-Dataset/test/Apple Scab Leaf/apples_apple-scab_01_zoom.jpg,Apple___Apple_scab,Apple___Apple_scab,0.558259
plantdoc/PlantDoc-Dataset/test/Apple Scab Leaf/apples_apple-scab_02_thm.jpg,Apple___Apple_scab,Squash___Powdery_mildew,0.490086
plantdoc/PlantDoc-Dataset/test/Apple Scab Leaf/apples_apple-scab_10_zoom.jpg,Apple___Apple_scab,Apple___Apple_scab,0.516853
plantdoc/PlantDoc-Dataset/train/Apple Scab Leaf/01Apple-scab-2-Venturia-inaequalis.ashx?w=600&h=408&bc=ffffff.jpg,Apple___Apple_scab,"Pepper,_bell___healthy",0.771189
plantdoc/PlantDoc-Dataset/train/Apple Scab Leaf/11NovMW_W4-A_4b.jpg,Apple___Apple_scab,"Pepper,_bell___healthy",0.347799
plantdoc/PlantDoc-Dataset/train/Apple Scab Leaf/12-20_apple_scab1.jpg,Apple___Apple_scab,Apple___healthy,0.078879
plantdoc/PlantDoc-Dataset/train/Apple Scab Leaf/500_F_125294801_k0A2teQwKxZfTV1pcaerZFf9Th04F04q.jpg,Apple___Apple_scab,"Pepper,_bell___healthy",0.613611
plantdoc/PlantDoc-Dataset/train/Apple Scab Leaf/6A642AA3-1DB1-4413-B0B6-7FBB68A5904A_original.jpeg?1528657579.jpg,Apple___Apple_scab,"Pepper,_bell___healthy",0.770317
plantdoc/PlantDoc-Dataset/train/Apple Scab Leaf/Apple%20scab%20-%20early%20infection%20on%20leaves.JPG.jpg,Apple___Apple_scab,"Pepper,_bell___healthy",0.909482
plantdoc/PlantDoc-Dataset/train/Apple Scab Leaf/Apple%20scab%20-%20late%20season%20infection%20on%20petiole%20and%20leaf%20underside.JPG.jpg,Apple___Apple_scab,"Pepper,_bell___healthy",0.905035
plantdoc/PlantDoc-Dataset/train/Apple Scab Leaf/Apple-Scab-Mulrooney.jpg,Apple___Apple_scab,"Pepper,_bell___healthy",0.584556
plantdoc/PlantDoc-Dataset/train/Apple Scab Leaf/Apple-Scab-image-01.jpg,Apple___Apple_scab,"Pepper,_bell___healthy",0.680508
plantdoc/PlantDoc-Dataset/train/Apple Scab Leaf/Apple-Scab-image-02.jpg,Apple___Apple_scab,"Pepper,_bell___healthy",0.843173
plantdoc/PlantDoc-Dataset/train/Apple Scab Leaf/Apple-Scab.jpg,Apple___Apple_scab,"Pepper,_bell___healthy",0.538630
plantdoc/PlantDoc-Dataset/train/Apple Scab Leaf/Apple-Scab1.jpg,Apple___Apple_scab,Tomato___Early_blight,0.609980
plantdoc/PlantDoc-Dataset/train/Apple Scab Leaf/Apple-Scab_1_1.jpg,Apple___Apple_scab,Strawberry___Leaf_scorch,0.455521
plantdoc/PlantDoc-Dataset/train/Apple Scab Leaf/Apple-scab-on-crab-apple.jpg,Apple___Apple_scab,Strawberry___Leaf_scorch,0.598220
plantdoc/PlantDoc-Dataset/train/Apple Scab Leaf/AppleScab.JPG.jpg,Apple___Apple_scab,Apple___healthy,0.279342
plantdoc/PlantDoc-Dataset/train/Apple Scab Leaf/AppleScab02.jpg,Apple___Apple_scab,Corn___Cercospora_leaf_spot Gray_leaf_spot,0.214926
plantdoc/PlantDoc-Dataset/train/Apple Scab Leaf/AppleScab03.jpg,Apple___Apple_scab,Apple___healthy,0.481746
plantdoc/PlantDoc-Dataset/train/Apple Scab Leaf/AppleScab14.jpg,Apple___Apple_scab,Corn___healthy,0.807981
plantdoc/PlantDoc-Dataset/train/Apple Scab Leaf/Apple_Scab163.jpg,Apple___Apple_scab,Tomato___Early_blight,0.337863
plantdoc/PlantDoc-Dataset/train/Apple Scab Leaf/Apple_scab.jpg?t=1473441220256&width=300&height=200&name=Apple_scab.jpg,Apple___Apple_scab,"Pepper,_bell___healthy",0.601735
plantdoc/PlantDoc-Dataset/train/Apple Scab Leaf/Apple_scab_symptoms_on_leaf.jpg,Apple___Apple_scab,"Pepper,_bell___healthy",0.899990
plantdoc/PlantDoc-Dataset/train/Apple Scab Leaf/DSC00005.JPG.jpg,Apple___Apple_scab,Strawberry___Leaf_scorch,0.941853
plantdoc/PlantDoc-Dataset/train/Apple Scab Leaf/DSCF1248-1gz1wpc.jpg,Apple___Apple_scab,Corn___Common_rust,0.337088
plantdoc/PlantDoc-Dataset/train/Apple Scab Leaf/IMG_3166_1500x1500%253E.JPG?1473520197.jpg,Apple___Apple_scab,"Pepper,_bell___healthy",0.402783
plantdoc/PlantDoc-Dataset/train/Apple Scab Leaf/IMG_3455-xjgwni-1024x1024.jpg,Apple___Apple_scab,Tomato___Late_blight,0.813027
plantdoc/PlantDoc-Dataset/train/Apple Scab Leaf/Malus-Scab-disease-225x300.jpg,Apple___Apple_scab,"Pepper,_bell___healthy",0.554181
plantdoc/PlantDoc-Dataset/train/Apple Scab Leaf/Scab+close-up5846.jpg,Apple___Apple_scab,Tomato___Late_blight,0.391137
plantdoc/PlantDoc-Dataset/train/Apple Scab Leaf/acfsca026527.jpg,Apple___Apple_scab,Apple___healthy,0.889289
plantdoc/PlantDoc-Dataset/train/Apple Scab Leaf/apple%20scab%20MF821.JPG.jpg,Apple___Apple_scab,"Pepper,_bell___healthy",0.416589
plantdoc/PlantDoc-Dataset/train/Apple Scab Leaf/apple-scab-disease-tree-fungus-906x391.jpg,Apple___Apple_scab,Tomato___Septoria_leaf_spot,0.350640
plantdoc/PlantDoc-Dataset/train/Apple Scab Leaf/apple-scab-disease.jpg,Apple___Apple_scab,Strawberry___Leaf_scorch,0.737742
plantdoc/PlantDoc-Dataset/train/Apple Scab Leaf/apple-scab-leaf-big.jpg,Apple___Apple_scab,"Pepper,_bell___healthy",0.548417
plantdoc/PlantDoc-Dataset/train/Apple Scab Leaf/apple-scab-obst-krankheit-m7akxy.jpg,Apple___Apple_scab,"Pepper,_bell___healthy",0.910905
plantdoc/PlantDoc-Dataset/train/Apple Scab Leaf/apple-scab-venturia-inaequalis-early-leaf-infection-and-mycelium-AW0TTX.jpg,Apple___Apple_scab,Apple___healthy,0.278865
plantdoc/PlantDoc-Dataset/train/Apple Scab Leaf/apple-scab-venturia-inaequalis-early-leaf-infection-and-mycelium-bxbd0k.jpg,Apple___Apple_scab,Strawberry___Leaf_scorch,0.269977
plantdoc/PlantDoc-Dataset/train/Apple Scab Leaf/apple-scab-venturia-inaequalis-early-leaf-infection-and-mycelium-bxbd23.jpg,Apple___Apple_scab,Apple___healthy,0.938152
plantdoc/PlantDoc-Dataset/train/Apple Scab Leaf/apple-scab-venturia-inaequalis-germinated-from-a-spore-shower-on-an-apple-leaf-X31BGG.jpg,Apple___Apple_scab,Apple___Apple_scab,0.860501
plantdoc/PlantDoc-Dataset/train/Apple Scab Leaf/apple-scab-venturia-inaequalis-germinated-from-a-spore-shower-on-an-aw08hw.jpg,Apple___Apple_scab,Corn___Common_rust,0.693736
plantdoc/PlantDoc-Dataset/train/Apple Scab Leaf/apple-scab-venturia-inaequalis-leaf-symptoms-on-tree-dark-fungal-pustules-aceg6b.jpg,Apple___Apple_scab,"Pepper,_bell___healthy",0.714371
plantdoc/PlantDoc-Dataset/train/Apple Scab Leaf/apple-scab-venturia-inaequalis-lesions-mycelium-on-leaves-a8h9nb.jpg,Apple___Apple_scab,"Pepper,_bell___healthy",0.877678
plantdoc/PlantDoc-Dataset/train/Apple Scab Leaf/apple-scab_figure-2.jpg,Apple___Apple_scab,Apple___Apple_scab,0.828133
plantdoc/PlantDoc-Dataset/train/Apple Scab Leaf/apple_scab.jpg,Apple___Apple_scab,"Pepper,_bell___healthy",0.506236
plantdoc/PlantDoc-Dataset/train/Apple Scab Leaf/apple_scab1.jpg,Apple___Apple_scab,Corn___healthy,0.720855
plantdoc/PlantDoc-Dataset/train/Apple Scab Leaf/apple_scab2.jpg,Apple___Apple_scab,Tomato___Early_blight,0.453697
plantdoc/PlantDoc-Dataset/train/Apple Scab Leaf/apple_scab_1465_180.jpg,Apple___Apple_scab,Apple___Apple_scab,0.132853
plantdoc/PlantDoc-Dataset/train/Apple Scab Leaf/apple_scab_early_jc_sm.jpg,Apple___Apple_scab,Apple___healthy,0.841979
plantdoc/PlantDoc-Dataset/train/Apple Scab Leaf/apples-severely-affected-by-apple-scab-venturia-inaequalis-dgk11a.jpg,Apple___Apple_scab,"Pepper,_bell___healthy",0.466827
plantdoc/PlantDoc-Dataset/train/Apple Scab Leaf/apples_apple-scab_02_zoom.jpg,Apple___Apple_scab,"Pepper,_bell___healthy",0.321855
plantdoc/PlantDoc-Dataset/train/Apple Scab Leaf/apples_apple-scab_03_zoom.jpg,Apple___Apple_scab,Tomato___Septoria_leaf_spot,0.424516
plantdoc/PlantDoc-Dataset/train/Apple Scab Leaf/applescab-500x383.jpg,Apple___Apple_scab,Tomato___Late_blight,0.549391
plantdoc/PlantDoc-Dataset/train/Apple Scab Leaf/applescab.jpg,Apple___Apple_scab,"Pepper,_bell___healthy",0.363375
plantdoc/PlantDoc-Dataset/train/Apple Scab Leaf/applescab004.jpg,Apple___Apple_scab,Tomato___healthy,0.386533
plantdoc/PlantDoc-Dataset/train/Apple Scab Leaf/applescab2.jpg,Apple___Apple_scab,"Pepper,_bell___healthy",0.318404
plantdoc/PlantDoc-Dataset/train/Apple Scab Leaf/applescab_lf.jpg,Apple___Apple_scab,Tomato___Early_blight,0.868232
plantdoc/PlantDoc-Dataset/train/Apple Scab Leaf/applescableaf-pcd.jpg,Apple___Apple_scab,Tomato___healthy,0.193505
plantdoc/PlantDoc-Dataset/train/Apple Scab Leaf/applescableaf.jpg,Apple___Apple_scab,Strawberry___Leaf_scorch,0.366536
plantdoc/PlantDoc-Dataset/train/Apple Scab Leaf/applescabmalus1.jpg,Apple___Apple_scab,Tomato___Early_blight,0.510935
plantdoc/PlantDoc-Dataset/train/Apple Scab Leaf/appletree%20leaf.jpg,Apple___Apple_scab,Apple___healthy,0.364555
plantdoc/PlantDoc-Dataset/train/Apple Scab Leaf/appscab.jpg,Apple___Apple_scab,Corn___healthy,0.415301
plantdoc/PlantDoc-Dataset/train/Apple Scab Leaf/branch-with-ill-leaf-of-apple-scab-disease-picture-id928917010?k=6&m=928917010&s=612x612&w=0&h=UY6EBbnGkTzVcp4Tm8myYO7KoIOtrZo3VRDrd91qslo=.jpg,Apple___Apple_scab,Strawberry___Leaf_scorch,0.948249
plantdoc/PlantDoc-Dataset/train/Apple Scab Leaf/crabapple%20scab%20Snowdrift%201%20Crab%206-24-16.JPG.jpg,Apple___Apple_scab,Strawberry___Leaf_scorch,0.120127
plantdoc/PlantDoc-Dataset/train/Apple Scab Leaf/disease-on-fruit-scab-on-apple-tree-j1r0jp.jpg,Apple___Apple_scab,Strawberry___Leaf_scorch,0.215921
plantdoc/PlantDoc-Dataset/train/Apple Scab Leaf/early-symptoms-of-scab-venturia-inaequalis-on-apple-leaves-AW051N.jpg,Apple___Apple_scab,"Pepper,_bell___healthy",0.915081
plantdoc/PlantDoc-Dataset/train/Apple Scab Leaf/early_symptoms_of_crabapple_scab_on_prairifire.jpg,Apple___Apple_scab,Tomato___Late_blight,0.595822
plantdoc/PlantDoc-Dataset/train/Apple Scab Leaf/image0002.jpg,Apple___Apple_scab,"Pepper,_bell___healthy",0.168616
plantdoc/PlantDoc-Dataset/train/Apple Scab Leaf/image005.jpg,Apple___Apple_scab,Apple___Apple_scab,0.770918
plantdoc/PlantDoc-Dataset/train/Apple Scab Leaf/img_1916.jpg,Apple___Apple_scab,Apple___healthy,0.830346
plantdoc/PlantDoc-Dataset/train/Apple Scab Leaf/img_1920.jpg,Apple___Apple_scab,Apple___healthy,0.402425
plantdoc/PlantDoc-Dataset/train/Apple Scab Leaf/img_6415.jpg,Apple___Apple_scab,Tomato___Late_blight,0.455913
plantdoc/PlantDoc-Dataset/train/Apple Scab Leaf/inaequalis1a.jpg,Apple___Apple_scab,Strawberry___Leaf_scorch,0.549201
plantdoc/PlantDoc-Dataset/train/Apple Scab Leaf/inaequalis1b.jpg,Apple___Apple_scab,Cherry___healthy,0.399759
plantdoc/PlantDoc-Dataset/train/Apple Scab Leaf/s-l300.jpg,Apple___Apple_scab,Strawberry___Leaf_scorch,0.605199
plantdoc/PlantDoc-Dataset/train/Apple Scab Leaf/scab-apple-leaf.jpg,Apple___Apple_scab,Strawberry___Leaf_scorch,0.249857
plantdoc/PlantDoc-Dataset/train/Apple Scab Leaf/scab-disease-apple-leaf-macro-62212448.jpg,Apple___Apple_scab,Corn___healthy,0.167162
plantdoc/PlantDoc-Dataset/train/Apple Scab Leaf/scab-disease-small.jpg,Apple___Apple_scab,Tomato___Late_blight,0.907876
plantdoc/PlantDoc-Dataset/train/Apple Scab Leaf/scab-on-foliage-300x259.jpg,Apple___Apple_scab,Squash___Powdery_mildew,0.475902
plantdoc/PlantDoc-Dataset/train/Apple Scab Leaf/scab-on-tall-spindle-apple-tree-d3phw6.jpg,Apple___Apple_scab,"Pepper,_bell___healthy",0.905446
plantdoc/PlantDoc-Dataset/train/Apple Scab Leaf/scab-venturia-inaequalis-development-of-disease-on-the-stem-upper-B359MJ.jpg,Apple___Apple_scab,Blueberry___healthy,0.330742
plantdoc/PlantDoc-Dataset/train/Apple Scab Leaf/scab_large.jpg,Apple___Apple_scab,Strawberry___Leaf_scorch,0.807699
plantdoc/PlantDoc-Dataset/train/Apple Scab Leaf/scab_on_leaf.jpg,Apple___Apple_scab,Corn___healthy,0.432957
plantdoc/PlantDoc-Dataset/train/Apple Scab Leaf/schurft.jpg,Apple___Apple_scab,Strawberry___Leaf_scorch,0.800223
plantdoc/PlantDoc-Dataset/train/Apple Scab Leaf/seriously-unwell-apple-tree-fruit-brown-and-split-yellow-spots-on-leaves-scab-P67H27.jpg,Apple___Apple_scab,Tomato___Late_blight,0.279403
plantdoc/PlantDoc-Dataset/train/Apple Scab Leaf/venturia.jpg,Apple___Apple_scab,Apple___Apple_scab,0.929595
plantdoc/PlantDoc-Dataset/test/Apple leaf/20180511_090912-14gtw8a-e1526047952754.jpg,Apple___healthy,"Pepper,_bell___healthy",0.467275
plantdoc/PlantDoc-Dataset/test/Apple leaf/20180511_091133-24l1vhg-e1526047988236.jpg,Apple___healthy,Apple___healthy,0.934538
plantdoc/PlantDoc-Dataset/test/Apple leaf/20180511_091252-1gy5xf5-e1526048000596.jpg,Apple___healthy,Apple___healthy,0.935801
plantdoc/PlantDoc-Dataset/test/Apple leaf/4120978-single-green-leaf-of-apple-tree.jpg,Apple___healthy,Cherry___healthy,0.640663
plantdoc/PlantDoc-Dataset/test/Apple leaf/Apple-Leaf-Wallpaper-17.jpg,Apple___healthy,Squash___Powdery_mildew,0.521412
plantdoc/PlantDoc-Dataset/test/Apple leaf/apple-leaf-14319997.jpg,Apple___healthy,Blueberry___healthy,0.419578
plantdoc/PlantDoc-Dataset/test/Apple leaf/apple-leaf-9834637.jpg,Apple___healthy,Tomato___Late_blight,0.873794
plantdoc/PlantDoc-Dataset/test/Apple leaf/apple-leaf-closeup-37636177.jpg,Apple___healthy,Apple___healthy,0.884961
plantdoc/PlantDoc-Dataset/test/Apple leaf/apple-leaf-isolated-white-background-56631026.jpg,Apple___healthy,Cherry___healthy,0.286578
plantdoc/PlantDoc-Dataset/train/Apple leaf/20130519yellowingappleleaves.jpg,Apple___healthy,"Pepper,_bell___healthy",0.880454
plantdoc/PlantDoc-Dataset/train/Apple leaf/2017-09-23-07-48-04.jpg,Apple___healthy,"Pepper,_bell___healthy",0.516433
plantdoc/PlantDoc-Dataset/train/Apple leaf/4633813-sweet-apple-with-leaf.jpg,Apple___healthy,Tomato___healthy,0.580835
plantdoc/PlantDoc-Dataset/train/Apple leaf/Apple-Leaves-Diabetes.jpg,Apple___healthy,"Pepper,_bell___healthy",0.875747
plantdoc/PlantDoc-Dataset/train/Apple leaf/AppleLeavesInRain.jpg,Apple___healthy,"Pepper,_bell___healthy",0.869031
plantdoc/PlantDoc-Dataset/train/Apple leaf/Apple_tree_leaf_J1.jpg,Apple___healthy,Corn___healthy,0.888462
plantdoc/PlantDoc-Dataset/train/Apple leaf/CRABAPPLE2_leaves.jpg,Apple___healthy,"Pepper,_bell___healthy",0.345722
plantdoc/PlantDoc-Dataset/train/Apple leaf/CRABAPPLE3_leaves.jpg,Apple___healthy,Tomato___Late_blight,0.356685
plantdoc/PlantDoc-Dataset/train/Apple leaf/CRABAPPLE_leaves.jpg,Apple___healthy,"Pepper,_bell___healthy",0.323845
plantdoc/PlantDoc-Dataset/train/Apple leaf/Crab-Apple-%28Malus-Sylvestris%29-Leaf.jpg,Apple___healthy,"Pepper,_bell___healthy",0.233236
plantdoc/PlantDoc-Dataset/train/Apple leaf/Dwarf-Apple-Pink-Lady-2545.jpeg.jpg,Apple___healthy,Apple___healthy,0.943922
plantdoc/PlantDoc-Dataset/train/Apple leaf/June%2B2010%2B022.JPG.jpg,Apple___healthy,"Pepper,_bell___healthy",0.662067
plantdoc/PlantDoc-Dataset/train/Apple leaf/Malus+sylvestris+-+Crab+Apple+04.jpg,Apple___healthy,Apple___healthy,0.959392
plantdoc/PlantDoc-Dataset/train/Apple leaf/apple-tree-branch-blossom-plant-fruit-berry-leaf-flower-food-green-produce-evergreen-flora-sad-shrub-apples-branch-with-apples-flowering-plant-rose-family-acerola-malpighia-woody-plant-land-plant-928225.jpg,Apple___healthy,"Pepper,_bell___healthy",0.788369
plantdoc/PlantDoc-Dataset/train/Apple leaf/apple-tree-branch-green-leaves-fresh-isolated-white-background-33032922.jpg,Apple___healthy,Tomato___Late_blight,0.713536
plantdoc/PlantDoc-Dataset/train/Apple leaf/apple-tree-branch-green-leaves-fresh-isolated-white-background-33032924.jpg,Apple___healthy,Tomato___Late_blight,0.406633
plantdoc/PlantDoc-Dataset/train/Apple leaf/apple-tree-branch-plant-fruit-leaf-flower-food-green-produce-flora-immature-apple-tree-flowering-plant-wild-apple-tree-apple-gear-land-plant-606389.jpg,Apple___healthy,Tomato___Late_blight,0.410051
plantdoc/PlantDoc-Dataset/train/Apple leaf/apple-tree-leaf-curl-apple-tree-leaf-curl-aphids-apple-tree-leaves-curling-too-much-water.jpg,Apple___healthy,"Pepper,_bell___healthy",0.399228
plantdoc/PlantDoc-Dataset/train/Apple leaf/apple-tree-leaves.jpg,Apple___healthy,"Pepper,_bell___healthy",0.888397
plantdoc/PlantDoc-Dataset/train/Apple leaf/appleleaf+trial+007.JPG.jpg,Apple___healthy,"Pepper,_bell___healthy",0.897481
plantdoc/PlantDoc-Dataset/train/Apple leaf/apples_silver-leaf_04_zoom.jpg,Apple___healthy,"Pepper,_bell___healthy",0.858175
plantdoc/PlantDoc-Dataset/train/Apple leaf/autumn-red-apple-leaves.jpg,Apple___healthy,"Pepper,_bell___healthy",0.649616
plantdoc/PlantDoc-Dataset/train/Apple leaf/bright-red-crab-apple-fruit-malus-john-downie-on-the-tree-in-late-KH3WRX.jpg,Apple___healthy,"Pepper,_bell___healthy",0.896736
plantdoc/PlantDoc-Dataset/train/Apple leaf/closeup-red-apple-fruit-leaf-isolated-white-background-57605895.jpg,Apple___healthy,Apple___healthy,0.189057
plantdoc/PlantDoc-Dataset/train/Apple leaf/crab_apple_03_leaves.jpg,Apple___healthy,Apple___healthy,0.246749
plantdoc/PlantDoc-Dataset/train/Apple leaf/depositphotos_27383223-stock-photo-apple-leaves.jpg,Apple___healthy,Apple___healthy,0.892769
plantdoc/PlantDoc-Dataset/train/Apple leaf/depositphotos_30057617-Green-leaf-of-apple-tree.jpg,Apple___healthy,Raspberry___healthy,0.863939
plantdoc/PlantDoc-Dataset/train/Apple leaf/depositphotos_4505396-Green-apple-leaf.jpg,Apple___healthy,Apple___healthy,0.277273
plantdoc/PlantDoc-Dataset/train/Apple leaf/depositphotos_45748597-stock-photo-ripe-apple-with-leaf.jpg,Apple___healthy,Tomato___healthy,0.825422
plantdoc/PlantDoc-Dataset/train/Apple leaf/depositphotos_55202179-stock-photo-green-apple-with-leaf-and.jpg,Apple___healthy,Grape___Black_rot,0.189557
plantdoc/PlantDoc-Dataset/train/Apple leaf/depositphotos_56066889-stock-photo-apple-with-leaf.jpg,Apple___healthy,Apple___healthy,0.844950
plantdoc/PlantDoc-Dataset/train/Apple leaf/depositphotos_6657863-stock-photo-single-red-apple-with-leaf.jpg,Apple___healthy,Tomato___healthy,0.869189
"plantdoc/PlantDoc-Dataset/train/Apple leaf/flat,1000x1000,075,f.u2.jpg",Apple___healthy,Orange___Haunglongbing_(Citrus_greening),0.447758
plantdoc/PlantDoc-Dataset/train/Apple leaf/fresh-wet-green-apple-leaf-water-drops-isolated-white-background-31353097.jpg,Apple___healthy,Strawberry___healthy,0.209898
plantdoc/PlantDoc-Dataset/train/Apple leaf/fruit_apple_apple-tree_wallpaper_EA60026.jpg,Apple___healthy,"Pepper,_bell___healthy",0.899045
plantdoc/PlantDoc-Dataset/train/Apple leaf/green-apple-fruits-leaf-16266077.jpg,Apple___healthy,Orange___Haunglongbing_(Citrus_greening),0.874573
plantdoc/PlantDoc-Dataset/train/Apple leaf/green-apple-fruits-leaf-25050127.jpg,Apple___healthy,Orange___Haunglongbing_(Citrus_greening),0.606365
plantdoc/PlantDoc-Dataset/train/Apple leaf/green-apple-leaf-26110796.jpg,Apple___healthy,Orange___Haunglongbing_(Citrus_greening),0.864607
plantdoc/PlantDoc-Dataset/train/Apple leaf/green-apple-leaf-cut-white-ripe-background-clipping-path-42422046.jpg,Apple___healthy,Orange___Haunglongbing_(Citrus_greening),0.928158
plantdoc/PlantDoc-Dataset/train/Apple leaf/green-apple-leaf-slice-isolated-white-ripe-background-clipping-path-42352971.jpg,Apple___healthy,Blueberry___healthy,0.227043
plantdoc/PlantDoc-Dataset/train/Apple leaf/green-apple-leaf-slice-isolated-white-ripe-background-clipping-path-44598638.jpg,Apple___healthy,"Pepper,_bell___healthy",0.263343
plantdoc/PlantDoc-Dataset/train/Apple leaf/green-apple-leaf-slice-isolated-white-ripe-background-clipping-path-45471482.jpg,Apple___healthy,Grape___Black_rot,0.155790
plantdoc/PlantDoc-Dataset/train/Apple leaf/green-apple-leaf-white-background-33503979.jpg,Apple___healthy,Blueberry___healthy,0.585708
plantdoc/PlantDoc-Dataset/train/Apple leaf/green-leaf-apple-tree-14300049.jpg,Apple___healthy,Raspberry___healthy,0.432851
plantdoc/PlantDoc-Dataset/train/Apple leaf/green-leaf-apple-tree-isolated-white-background-33032695.jpg,Apple___healthy,Apple___healthy,0.895555
plantdoc/PlantDoc-Dataset/train/Apple leaf/green-leaf-picture-id177130309?b=1&k=6&m=177130309&s=612x612&w=0&h=VP3U0AM5j0fvQqOwuI5f7cmb2Ji88mVep0eoXQaJRfs=.jpg,Apple___healthy,Apple___healthy,0.842336
plantdoc/PlantDoc-Dataset/train/Apple leaf/grow-an-apple-tree-from-seed-in-singapore-img5.jpg,Apple___healthy,"Pepper,_bell___healthy",0.481383
plantdoc/PlantDoc-Dataset/train/Apple leaf/leaf-apple-tree-one-green-isolated-41556482.jpg,Apple___healthy,Tomato___Late_blight,0.160150
plantdoc/PlantDoc-Dataset/train/Apple leaf/leaves-isolated-on-white-background-picture-id537925565?k=6&m=537925565&s=612x612&w=0&h=Ogzc4YHTI4i4q9aiTIG6Zq2sAMv6xTKiDlCmYANlzK8=.jpg,Apple___healthy,Blueberry___healthy,0.527151
plantdoc/PlantDoc-Dataset/train/Apple leaf/malus-floribunda-le-amoro2-a.jpg,Apple___healthy,Apple___healthy,0.894227
plantdoc/PlantDoc-Dataset/train/Apple leaf/red-apple-green-leaf-isolated-white-background-57496220.jpg,Apple___healthy,Tomato___healthy,0.722837
plantdoc/PlantDoc-Dataset/train/Apple leaf/red-apple-leaf-slice-white-background-29914331.jpg,Apple___healthy,"Pepper,_bell___healthy",0.514419
plantdoc/PlantDoc-Dataset/train/Apple leaf/red-apple-leaves-309078.jpg,Apple___healthy,Tomato___healthy,0.765824
plantdoc/PlantDoc-Dataset/train/Apple leaf/red-apple-one-leaf-13226302.jpg,Apple___healthy,Tomato___healthy,0.682390
plantdoc/PlantDoc-Dataset/train/Apple leaf/ripe-red-apple-with-green-leaf-isolated-on-white-picture-id184640296?s=612x612.jpg,Apple___healthy,Tomato___healthy,0.282372
plantdoc/PlantDoc-Dataset/train/Apple leaf/ripe-red-apple-with-leaf-picture-id117485645?b=1&k=6&m=117485645&s=612x612&w=0&h=Ii96HYzF-2E5ky-IcXbVhvEFvU28o0rlkwagb7T6LhY=.jpg,Apple___healthy,Tomato___healthy,0.854059
plantdoc/PlantDoc-Dataset/train/Apple leaf/shiny-red-apple-green-leaf-isolated-white-background-56202743.jpg,Apple___healthy,Strawberry___Leaf_scorch,0.377112
plantdoc/PlantDoc-Dataset/train/Apple leaf/stock-photo-apple-leaf-isolated-on-white-background-287560226.jpg,Apple___healthy,Apple___healthy,0.678453
plantdoc/PlantDoc-Dataset/train/Apple leaf/stock-photo-apple-leaf-set-isolated-on-white-background-300957002.jpg,Apple___healthy,Orange___Haunglongbing_(Citrus_greening),0.141096
plantdoc/PlantDoc-Dataset/train/Apple leaf/stock-photo-apple-leaves-collection-isolated-on-white-background-373945045.jpg,Apple___healthy,"Pepper,_bell___healthy",0.293030
plantdoc/PlantDoc-Dataset/train/Apple leaf/stock-photo-apple-leaves-isolated-on-a-white-background-leaf-from-an-apple-tree-cut-from-background-520909219.jpg,Apple___healthy,Tomato___Tomato_Yellow_Leaf_Curl_Virus,0.623103
plantdoc/PlantDoc-Dataset/train/Apple leaf/stock-photo-apple-leaves-isolated-on-the-white-background-729570907.jpg,Apple___healthy,Tomato___Late_blight,0.499189
plantdoc/PlantDoc-Dataset/train/Apple leaf/stock-photo-apple-leaves-isolated-on-white-background-232913425.jpg,Apple___healthy,Orange___Haunglongbing_(Citrus_greening),0.288185
plantdoc/PlantDoc-Dataset/train/Apple leaf/stock-photo-apple-leaves-isolated-on-white-background-295979933.jpg,Apple___healthy,Apple___healthy,0.181367
plantdoc/PlantDoc-Dataset/train/Apple leaf/stock-photo-apple-leaves-isolated-on-white-background-326520134.jpg,Apple___healthy,Orange___Haunglongbing_(Citrus_greening),0.170352
plantdoc/PlantDoc-Dataset/train/Apple leaf/stock-photo-apple-leaves-isolated-on-white-collection-197880929.jpg,Apple___healthy,Blueberry___healthy,0.267732
plantdoc/PlantDoc-Dataset/train/Apple leaf/stock-photo-apple-leaves-set-isolated-on-white-271652246.jpg,Apple___healthy,Blueberry___healthy,0.598556
plantdoc/PlantDoc-Dataset/train/Apple leaf/stock-photo-apple-tree-leaf-isolated-on-a-white-622503302.jpg,Apple___healthy,Cherry___healthy,0.397452
plantdoc/PlantDoc-Dataset/train/Apple leaf/stock-photo-fresh-apple-leaf-isolated-on-white-collection-407823346.jpg,Apple___healthy,Apple___healthy,0.169178
plantdoc/PlantDoc-Dataset/train/Apple leaf/stock-photo-green-apple-leaf-clipping-path-258728936.jpg,Apple___healthy,Raspberry___healthy,0.658186
plantdoc/PlantDoc-Dataset/train/Apple leaf/stock-photo-green-apple-leaf-isolated-on-white-with-clipping-path-195130079.jpg,Apple___healthy,Apple___healthy,0.589290
plantdoc/PlantDoc-Dataset/train/Apple leaf/stock-photo-green-apple-leaves-on-the-white-background-796491496.jpg,Apple___healthy,Blueberry___healthy,0.384188
plantdoc/PlantDoc-Dataset/train/Apple leaf/stock-photo-isolated-apple-green-granny-smith-apple-with-leaf-isolated-on-white-background-60343762.jpg,Apple___healthy,Strawberry___healthy,0.355127
plantdoc/PlantDoc-Dataset/train/Apple leaf/stock-photo-one-green-leaf-of-apple-tree-isolated-on-white-background-close-up-studio-photography-102522179.jpg,Apple___healthy,Cherry___healthy,0.511889
plantdoc/PlantDoc-Dataset/train/Apple leaf/stock-photo-red-apple-with-green-leaf-isolated-on-white-background-with-clipping-path-327512429.jpg,Apple___healthy,Tomato___healthy,0.859561
plantdoc/PlantDoc-Dataset/train/Apple leaf/stock-photo-red-apple-with-leaf-124592107.jpg,Apple___healthy,Tomato___healthy,0.882704
plantdoc/PlantDoc-Dataset/train/Apple leaf/stock-photo-red-apple-with-leaf-138430751.jpg,Apple___healthy,Tomato___healthy,0.637480
plantdoc/PlantDoc-Dataset/train/Apple leaf/stock-photo-red-apple-with-leaves-isolated-on-white-99003845.jpg,Apple___healthy,Tomato___healthy,0.715064
plantdoc/PlantDoc-Dataset/train/Apple leaf/stock-photo-sweet-apple-with-leaf-111143150.jpg,Apple___healthy,Tomato___healthy,0.581479
plantdoc/PlantDoc-Dataset/train/Apple leaf/stock-photo-whole-ripe-green-apple-with-apple-leaf-and-green-apple-half-isolated-on-white-background-with-566226067.jpg,Apple___healthy,Blueberry___healthy,0.408814
plantdoc/PlantDoc-Dataset/train/Apple leaf/yellow-apple-leaves-isolated-10868989.jpg,Apple___healthy,Tomato___Late_blight,0.675499
plantdoc/PlantDoc-Dataset/train/Apple leaf/yellow-ripe-apple-leaf-27092797.jpg,Apple___healthy,Orange___Haunglongbing_(Citrus_greening),0.405796
plantdoc/PlantDoc-Dataset/test/Apple rust leaf/02.-Rust-2017-207u24s.jpg,Apple___Cedar_apple_rust,"Pepper,_bell___healthy",0.248112
plantdoc/PlantDoc-Dataset/test/Apple rust leaf/0605_Rust-induced_leafspot.jpg,Apple___Cedar_apple_rust,Grape___Esca_(Black_Measles),0.575911
plantdoc/PlantDoc-Dataset/test/Apple rust leaf/185161-004-EAF28842.jpg,Apple___Cedar_apple_rust,Corn___Cercospora_leaf_spot Gray_leaf_spot,0.768370
plantdoc/PlantDoc-Dataset/test/Apple rust leaf/2011-011.jpg,Apple___Cedar_apple_rust,Potato___Early_blight,0.216757
plantdoc/PlantDoc-Dataset/test/Apple rust leaf/20130519cedarapplerust.jpg,Apple___Cedar_apple_rust,Corn___Cercospora_leaf_spot Gray_leaf_spot,0.392917
plantdoc/PlantDoc-Dataset/test/Apple rust leaf/20130610_110514.jpg,Apple___Cedar_apple_rust,Potato___Early_blight,0.274019
plantdoc/PlantDoc-Dataset/test/Apple rust leaf/20130802_111632.jpg,Apple___Cedar_apple_rust,Strawberry___Leaf_scorch,0.934566
plantdoc/PlantDoc-Dataset/test/Apple rust leaf/4-apple-rust2_19011_matt-bertone.jpg,Apple___Cedar_apple_rust,"Pepper,_bell___Bacterial_spot",0.210961
plantdoc/PlantDoc-Dataset/test/Apple rust leaf/9343310-small.jpg,Apple___Cedar_apple_rust,"Pepper,_bell___healthy",0.892004
plantdoc/PlantDoc-Dataset/test/Apple rust leaf/99e886623c2080c22f6519b0e708c531.jpg,Apple___Cedar_apple_rust,Corn___Common_rust,0.229431
plantdoc/PlantDoc-Dataset/train/Apple rust leaf/1-Cedar-apple-rust-infections-and-rust-induced-leafspot-on-Ginger-Gold-4-Jun-08-2d4hi2k.jpg,Apple___Cedar_apple_rust,"Pepper,_bell___healthy",0.882462
plantdoc/PlantDoc-Dataset/train/Apple rust leaf/1-Severe-cedar-apple-rust-on-Ginger-Gold-1-Jul-09-1n5iktz.jpg,Apple___Cedar_apple_rust,"Pepper,_bell___healthy",0.487216
plantdoc/PlantDoc-Dataset/train/Apple rust leaf/2-Rust-induced-leaf-scorch-1fpa6c3.jpg,Apple___Cedar_apple_rust,"Pepper,_bell___healthy",0.710876
plantdoc/PlantDoc-Dataset/train/Apple rust leaf/20130610_110525.jpg,Apple___Cedar_apple_rust,"Pepper,_bell___healthy",0.705817
plantdoc/PlantDoc-Dataset/train/Apple rust leaf/20130802_111648.jpg,Apple___Cedar_apple_rust,Corn___Northern_Leaf_Blight,0.661759
plantdoc/PlantDoc-Dataset/train/Apple rust leaf/20170524_195105-1k1eu8b.jpg,Apple___Cedar_apple_rust,"Pepper,_bell___healthy",0.364244
plantdoc/PlantDoc-Dataset/train/Apple rust leaf/3-Rust-induced-leaf-scorch-1emjjbl.jpg,Apple___Cedar_apple_rust,"Pepper,_bell___healthy",0.692994
plantdoc/PlantDoc-Dataset/train/Apple rust leaf/601fbee78c62e32a76e768a92ee40193.jpg,Apple___Cedar_apple_rust,"Pepper,_bell___healthy",0.850939
plantdoc/PlantDoc-Dataset/train/Apple rust leaf/Apple_RustSpots2.jpg,Apple___Cedar_apple_rust,Tomato___Septoria_leaf_spot,0.383122
plantdoc/PlantDoc-Dataset/train/Apple rust leaf/Apple_Scab164.jpg,Apple___Cedar_apple_rust,"Pepper,_bell___healthy",0.882005
plantdoc/PlantDoc-Dataset/train/Apple rust leaf/B2750027-Cedar-apple_rust-SPL.jpg,Apple___Cedar_apple_rust,Strawberry___Leaf_scorch,0.496950
plantdoc/PlantDoc-Dataset/train/Apple rust leaf/C0258424-Cedar_apple_rust_on_a_leaf-SPL.jpg,Apple___Cedar_apple_rust,Squash___Powdery_mildew,0.834250
plantdoc/PlantDoc-Dataset/train/Apple rust leaf/C11.11.jpg,Apple___Cedar_apple_rust,Grape___Esca_(Black_Measles),0.138768
plantdoc/PlantDoc-Dataset/train/Apple rust leaf/CAR%2Bzestar.JPG.jpg,Apple___Cedar_apple_rust,Corn___Cercospora_leaf_spot Gray_leaf_spot,0.561716
plantdoc/PlantDoc-Dataset/train/Apple rust leaf/CAR1.jpg,Apple___Cedar_apple_rust,Squash___Powdery_mildew,0.206059
plantdoc/PlantDoc-Dataset/train/Apple rust leaf/CAR4.jpg,Apple___Cedar_apple_rust,"Pepper,_bell___healthy",0.419721
plantdoc/PlantDoc-Dataset/train/Apple rust leaf/Cedar+Apple+rust+on+Crab+apple+leaf.jpg,Apple___Cedar_apple_rust,Strawberry___Leaf_scorch,0.792938
plantdoc/PlantDoc-Dataset/train/Apple rust leaf/Cedar+apple+rust.JPG.jpg,Apple___Cedar_apple_rust,"Pepper,_bell___healthy",0.665341
plantdoc/PlantDoc-Dataset/train/Apple rust leaf/Cedar-Apple-Rust-aecia-on-leaf-pic-by-NC-State.jpg,Apple___Cedar_apple_rust,Corn___Northern_Leaf_Blight,0.830738
plantdoc/PlantDoc-Dataset/train/Apple rust leaf/CedarApple_Rust168.jpg,Apple___Cedar_apple_rust,Strawberry___Leaf_scorch,0.571184
plantdoc/PlantDoc-Dataset/train/Apple rust leaf/Cedar_apple_rust_on_crab_apple_leaf_showing_underside_cup.jpg,Apple___Cedar_apple_rust,"Pepper,_bell___healthy",0.757470
plantdoc/PlantDoc-Dataset/train/Apple rust leaf/Cedar_apple_rust_on_crab_apple_leaf_upper_surface.JPG.jpg,Apple___Cedar_apple_rust,"Pepper,_bell___healthy",0.373340
plantdoc/PlantDoc-Dataset/train/Apple rust leaf/DAxpYpoWAAQxi1f.jpg,Apple___Cedar_apple_rust,Strawberry___Leaf_scorch,0.451172
plantdoc/PlantDoc-Dataset/train/Apple rust leaf/DIsease-Pest-Management.jpg,Apple___Cedar_apple_rust,Strawberry___Leaf_scorch,0.427642
plantdoc/PlantDoc-Dataset/train/Apple rust leaf/Fig-17-Apple-rust-on-lower-surface-on-leaf-at-extreme.jpg,Apple___Cedar_apple_rust,Cherry___Powdery_mildew,0.198658
plantdoc/PlantDoc-Dataset/train/Apple rust leaf/Figure-1.-Typical-cedar-apple-rust-lesions-on-upper-surface-of-apple-leaf.jpg,Apple___Cedar_apple_rust,Strawberry___Leaf_scorch,0.640118
plantdoc/PlantDoc-Dataset/train/Apple rust leaf/Figure-3.-Aecial-projections-on-the-underside-of-an-apple-leaf-with-cedar-apple-rust-disease-.jpg,Apple___Cedar_apple_rust,Tomato___Early_blight,0.288180
plantdoc/PlantDoc-Dataset/train/Apple rust leaf/LIFH3.jpg,Apple___Cedar_apple_rust,Corn___Cercospora_leaf_spot Gray_leaf_spot,0.177661
plantdoc/PlantDoc-Dataset/train/Apple rust leaf/P1020430.jpg,Apple___Cedar_apple_rust,Tomato___Early_blight,0.946417
plantdoc/PlantDoc-Dataset/train/Apple rust leaf/P7290482.JPG.jpg,Apple___Cedar_apple_rust,"Pepper,_bell___healthy",0.865289
plantdoc/PlantDoc-Dataset/train/Apple rust leaf/PLPATH-FRU-02-cedar-apple-rust-figure-1.jpg,Apple___Cedar_apple_rust,Corn___Cercospora_leaf_spot Gray_leaf_spot,0.824707
plantdoc/PlantDoc-Dataset/train/Apple rust leaf/Rust%20on%20Brandywine_ADJ.jpg,Apple___Cedar_apple_rust,Strawberry___Leaf_scorch,0.812393
plantdoc/PlantDoc-Dataset/train/Apple rust leaf/Rust--CA.jpg,Apple___Cedar_apple_rust,Corn___Northern_Leaf_Blight,0.376182
plantdoc/PlantDoc-Dataset/train/Apple rust leaf/a82e389f8b5da4758a747c32ef8af6f9--rust-apples.jpg,Apple___Cedar_apple_rust,Tomato___Late_blight,0.874806
plantdoc/PlantDoc-Dataset/train/Apple rust leaf/aecia-on-apple-e1368285975597.jpeg.jpg,Apple___Cedar_apple_rust,Corn___Northern_Leaf_Blight,0.401392
plantdoc/PlantDoc-Dataset/train/Apple rust leaf/apple+rust+001.jpg,Apple___Cedar_apple_rust,Cherry___healthy,0.265969
plantdoc/PlantDoc-Dataset/train/Apple rust leaf/apple-leaf-rust-and-cedar-apple-roestella-pirata-report-of-the-of-picture-id629456105?s=612x612.jpg,Apple___Cedar_apple_rust,"Pepper,_bell___healthy",0.662150
plantdoc/PlantDoc-Dataset/train/Apple rust leaf/apple-rust-disease_10_845384767.jpg,Apple___Cedar_apple_rust,Corn___Common_rust,0.664584
plantdoc/PlantDoc-Dataset/train/Apple rust leaf/apple-rust.jpg,Apple___Cedar_apple_rust,"Pepper,_bell___healthy",0.580083
plantdoc/PlantDoc-Dataset/train/Apple rust leaf/apple_F14b.jpg,Apple___Cedar_apple_rust,Tomato___Septoria_leaf_spot,0.352567
plantdoc/PlantDoc-Dataset/train/Apple rust leaf/apple_leaf.JPG.jpg,Apple___Cedar_apple_rust,Corn___Common_rust,0.332974
plantdoc/PlantDoc-Dataset/train/Apple rust leaf/applerust-500x383.jpg,Apple___Cedar_apple_rust,Tomato___Early_blight,0.246775
plantdoc/PlantDoc-Dataset/train/Apple rust leaf/apples_black-rot_01_zoom.jpg,Apple___Cedar_apple_rust,Corn___Cercospora_leaf_spot Gray_leaf_spot,0.146096
plantdoc/PlantDoc-Dataset/train/Apple rust leaf/apples_rusts+apple-scab.jpg,Apple___Cedar_apple_rust,"Pepper,_bell___healthy",0.842470
plantdoc/PlantDoc-Dataset/train/Apple rust leaf/apples_rusts+frogs-eye.jpg,Apple___Cedar_apple_rust,"Pepper,_bell___healthy",0.789202
plantdoc/PlantDoc-Dataset/train/Apple rust leaf/apples_rusts-cedar-apple_01_zoom.jpg,Apple___Cedar_apple_rust,"Pepper,_bell___healthy",0.878448
plantdoc/PlantDoc-Dataset/train/Apple rust leaf/buckinghamshire-speen-garden-cedar-apple-rust-on-apple-underside-of-F5D3RD.jpg,Apple___Cedar_apple_rust,Tomato___Bacterial_spot,0.554781
plantdoc/PlantDoc-Dataset/train/Apple rust leaf/buckinghamshire-speen-garden-detail-cedar-apple-rust-on-apple-underside-f5d3r7.jpg,Apple___Cedar_apple_rust,Tomato___Early_blight,0.526317
plantdoc/PlantDoc-Dataset/train/Apple rust leaf/car-apple1.jpg,Apple___Cedar_apple_rust,Squash___Powdery_mildew,0.370862
plantdoc/PlantDoc-Dataset/train/Apple rust leaf/car-apple9.jpg,Apple___Cedar_apple_rust,Apple___Cedar_apple_rust,0.791453
plantdoc/PlantDoc-Dataset/train/Apple rust leaf/car.jpg,Apple___Cedar_apple_rust,"Pepper,_bell___healthy",0.885257
plantdoc/PlantDoc-Dataset/train/Apple rust leaf/car1.jpg,Apple___Cedar_apple_rust,Strawberry___Leaf_scorch,0.309805
plantdoc/PlantDoc-Dataset/train/Apple rust leaf/car2.jpg,Apple___Cedar_apple_rust,"Pepper,_bell___healthy",0.851520
plantdoc/PlantDoc-Dataset/train/Apple rust leaf/cd6bfd6bfbcac781bd496bf13845fb0f.jpg,Apple___Cedar_apple_rust,"Pepper,_bell___healthy",0.260156
plantdoc/PlantDoc-Dataset/train/Apple rust leaf/cedapp04_lg.jpg,Apple___Cedar_apple_rust,Grape___Esca_(Black_Measles),0.835442
plantdoc/PlantDoc-Dataset/train/Apple rust leaf/cedar%20apple%20rust%20lower%20leaf%20haw%20S%202%20ne%20OH%20RA%209-2-16.jpg,Apple___Cedar_apple_rust,"Pepper,_bell___healthy",0.309996
plantdoc/PlantDoc-Dataset/train/Apple rust leaf/cedar%20apple%20rust%20upper%20leaf%20surface%20S%20ne%20OH%20RA%209-2-16.jpg,Apple___Cedar_apple_rust,Corn___healthy,0.421019
plantdoc/PlantDoc-Dataset/train/Apple rust leaf/cedar-apple-rest-225x300.jpg,Apple___Cedar_apple_rust,Apple___Cedar_apple_rust,0.900071
plantdoc/PlantDoc-Dataset/train/Apple rust leaf/cedar-apple-rust-gymnosporangium-juniperi-pustules-on-apple-leaf-lower-c99tfp.jpg,Apple___Cedar_apple_rust,Corn___Common_rust,0.937405
plantdoc/PlantDoc-Dataset/train/Apple rust leaf/cedar-apple-rust-gymnosporangium-juniperi-pustules-on-apple-leaf-lower-surface-X12A9H.jpg,Apple___Cedar_apple_rust,Corn___Common_rust,0.918942
plantdoc/PlantDoc-Dataset/train/Apple rust leaf/cedar-apple-rust.jpg,Apple___Cedar_apple_rust,"Pepper,_bell___healthy",0.397071
plantdoc/PlantDoc-Dataset/train/Apple rust leaf/cedar-apple-rust_fig-1.jpg,Apple___Cedar_apple_rust,"Pepper,_bell___healthy",0.307910
plantdoc/PlantDoc-Dataset/train/Apple rust leaf/cedar-apple-rust_fig-2.jpg,Apple___Cedar_apple_rust,Corn___healthy,0.556305
plantdoc/PlantDoc-Dataset/train/Apple rust leaf/cedar-apple-rust_fig-3.jpg,Apple___Cedar_apple_rust,Tomato___Early_blight,0.347960
plantdoc/PlantDoc-Dataset/train/Apple rust leaf/cedar_apple_rust_3.JPG?1362772840.jpg,Apple___Cedar_apple_rust,Tomato___Early_blight,0.728241
plantdoc/PlantDoc-Dataset/train/Apple rust leaf/cedar_apple_rust_leaf.jpg,Apple___Cedar_apple_rust,"Pepper,_bell___healthy",0.718630
plantdoc/PlantDoc-Dataset/train/Apple rust leaf/cedar_apple_rust_on_jonagold_2.jpg,Apple___Cedar_apple_rust,"Pepper,_bell___healthy",0.650899
plantdoc/PlantDoc-Dataset/train/Apple rust leaf/cedar_apple_rust_on_jonagold_3.jpg,Apple___Cedar_apple_rust,Strawberry___Leaf_scorch,0.301403
plantdoc/PlantDoc-Dataset/train/Apple rust leaf/crab-apple-tree-leaves.jpg,Apple___Cedar_apple_rust,Strawberry___Leaf_scorch,0.403535
plantdoc/PlantDoc-Dataset/train/Apple rust leaf/frog-eye-leaf-spot-on-crabapple-grabowski.jpg,Apple___Cedar_apple_rust,Corn___Northern_Leaf_Blight,0.281059
plantdoc/PlantDoc-Dataset/train/Apple rust leaf/image1_14.jpeg.jpg,Apple___Cedar_apple_rust,Tomato___Septoria_leaf_spot,0.245678
plantdoc/PlantDoc-Dataset/train/Apple rust leaf/nPP7P.jpg,Apple___Cedar_apple_rust,"Pepper,_bell___healthy",0.259822
plantdoc/PlantDoc-Dataset/train/Apple rust leaf/pix053.jpg,Apple___Cedar_apple_rust,"Pepper,_bell___healthy",0.511096
plantdoc/PlantDoc-Dataset/train/Apple rust leaf/quince5_600px.jpg,Apple___Cedar_apple_rust,Squash___Powdery_mildew,0.432419
plantdoc/PlantDoc-Dataset/train/Apple rust leaf/rust-0450.jpg,Apple___Cedar_apple_rust,"Pepper,_bell___healthy",0.447661
plantdoc/PlantDoc-Dataset/train/Apple rust leaf/stock-photo-apple-leaf-damaged-by-apple-rust-mite-a-common-arthropod-in-european-apple-orchards-galls-698959369.jpg,Apple___Cedar_apple_rust,Corn___Common_rust,0.695869
plantdoc/PlantDoc-Dataset/train/Apple rust leaf/thumb-20130802_111648.jpg,Apple___Cedar_apple_rust,Corn___Northern_Leaf_Blight,0.283852
plantdoc/PlantDoc-Dataset/train/Apple rust leaf/thumb-20130802_112143.jpg,Apple___Cedar_apple_rust,Corn___Northern_Leaf_Blight,0.708076
plantdoc/PlantDoc-Dataset/train/Apple rust leaf/tree-problems-cedar-apple-rust-apple-leaf-475x350.jpg,Apple___Cedar_apple_rust,Strawberry___Leaf_scorch,0.845947
plantdoc/PlantDoc-Dataset/test/Bell_pepper leaf/10148582-green-leaf-of-pepper.jpg,"Pepper,_bell___healthy","Pepper,_bell___healthy",0.842801
plantdoc/PlantDoc-Dataset/test/Bell_pepper leaf/4825902504_5fa80b65b8_z.jpg,"Pepper,_bell___healthy",Corn___Common_rust,0.417395
plantdoc/PlantDoc-Dataset/test/Bell_pepper leaf/GREEN%20BELL%20PLANT%20YELLOW%20LEAF.JPG.jpg,"Pepper,_bell___healthy","Pepper,_bell___healthy",0.906677
plantdoc/PlantDoc-Dataset/test/Bell_pepper leaf/IMG_1629.JPG?1507122477.jpg,"Pepper,_bell___healthy","Pepper,_bell___healthy",0.518943
plantdoc/PlantDoc-Dataset/test/Bell_pepper leaf/RnGnC.jpg,"Pepper,_bell___healthy","Pepper,_bell___healthy",0.897789
plantdoc/PlantDoc-Dataset/test/Bell_pepper leaf/e33155.jpg,"Pepper,_bell___healthy","Pepper,_bell___healthy",0.775896
plantdoc/PlantDoc-Dataset/test/Bell_pepper leaf/pepper_leaf.jpg,"Pepper,_bell___healthy","Pepper,_bell___healthy",0.794710
plantdoc/PlantDoc-Dataset/test/Bell_pepper leaf/why-are-my-pepper-plants-yellow-yellow-pepper-plants-yellow-leaves-green-veins-pepper-plants-yellow-veins.jpg,"Pepper,_bell___healthy",Tomato___Tomato_Yellow_Leaf_Curl_Virus,0.392480
plantdoc/PlantDoc-Dataset/train/Bell_pepper leaf/004-10.jpg,"Pepper,_bell___healthy","Pepper,_bell___healthy",0.730201
plantdoc/PlantDoc-Dataset/train/Bell_pepper leaf/007.JPG.jpg,"Pepper,_bell___healthy",Strawberry___Leaf_scorch,0.738058
plantdoc/PlantDoc-Dataset/train/Bell_pepper leaf/0f3sA.jpg,"Pepper,_bell___healthy","Pepper,_bell___healthy",0.897404
plantdoc/PlantDoc-Dataset/train/Bell_pepper leaf/14ec45.jpg,"Pepper,_bell___healthy",Strawberry___Leaf_scorch,0.695503
plantdoc/PlantDoc-Dataset/train/Bell_pepper leaf/2477703364_0c94646b48.jpg,"Pepper,_bell___healthy","Pepper,_bell___healthy",0.423560
plantdoc/PlantDoc-Dataset/train/Bell_pepper leaf/28a593.jpg,"Pepper,_bell___healthy",Strawberry___Leaf_scorch,0.663635
plantdoc/PlantDoc-Dataset/train/Bell_pepper leaf/387502.jpg,"Pepper,_bell___healthy","Pepper,_bell___healthy",0.682611
plantdoc/PlantDoc-Dataset/train/Bell_pepper leaf/5493139683d035a18fd0dfa12893f38b--outdoor-decor-worms.jpg,"Pepper,_bell___healthy","Pepper,_bell___healthy",0.806198
plantdoc/PlantDoc-Dataset/train/Bell_pepper leaf/951d30.jpg,"Pepper,_bell___healthy","Pepper,_bell___healthy",0.356668
plantdoc/PlantDoc-Dataset/train/Bell_pepper leaf/Bell-pepper-leaves.jpg,"Pepper,_bell___healthy","Pepper,_bell___healthy",0.943568
plantdoc/PlantDoc-Dataset/train/Bell_pepper leaf/Bell-pepper-plant.JPG.jpg,"Pepper,_bell___healthy","Pepper,_bell___healthy",0.866373
plantdoc/PlantDoc-Dataset/train/Bell_pepper leaf/CMZEb.jpg,"Pepper,_bell___healthy","Pepper,_bell___healthy",0.481481
plantdoc/PlantDoc-Dataset/train/Bell_pepper leaf/DSC04477.JPG.jpg,"Pepper,_bell___healthy",Strawberry___Leaf_scorch,0.862947
plantdoc/PlantDoc-Dataset/train/Bell_pepper leaf/DSCN0652.jpg,"Pepper,_bell___healthy","Pepper,_bell___healthy",0.308359
plantdoc/PlantDoc-Dataset/train/Bell_pepper leaf/DSCN3768.JPG.jpg,"Pepper,_bell___healthy","Pepper,_bell___healthy",0.736354
plantdoc/PlantDoc-Dataset/train/Bell_pepper leaf/DSCN5835_original.JPG?1472909566.jpg,"Pepper,_bell___healthy","Pepper,_bell___healthy",0.773402
plantdoc/PlantDoc-Dataset/train/Bell_pepper leaf/IMG_1495.JPG.jpg,"Pepper,_bell___healthy","Pepper,_bell___healthy",0.687172
plantdoc/PlantDoc-Dataset/train/Bell_pepper leaf/IMG_2855-1.jpg,"Pepper,_bell___healthy",Strawberry___Leaf_scorch,0.364554
plantdoc/PlantDoc-Dataset/train/Bell_pepper leaf/IMG_3891.JPG?1492073147.jpg,"Pepper,_bell___healthy",Cherry___healthy,0.400461
plantdoc/PlantDoc-Dataset/train/Bell_pepper leaf/M7JV1.jpg,"Pepper,_bell___healthy","Pepper,_bell___healthy",0.790431
plantdoc/PlantDoc-Dataset/train/Bell_pepper leaf/P4190299aS.jpg,"Pepper,_bell___healthy",Strawberry___Leaf_scorch,0.251485
plantdoc/PlantDoc-Dataset/train/Bell_pepper leaf/Seminis-Turnpike-Bell-Pepper-1024x756.jpg,"Pepper,_bell___healthy","Pepper,_bell___healthy",0.411747
plantdoc/PlantDoc-Dataset/train/Bell_pepper leaf/ac9201ad84e0987e6fdd2589258d72fd.jpg,"Pepper,_bell___healthy","Pepper,_bell___healthy",0.806266
plantdoc/PlantDoc-Dataset/train/Bell_pepper leaf/b085c28357a5f7839c2dcf582acc9e52.jpg,"Pepper,_bell___healthy",Corn___healthy,0.316332
plantdoc/PlantDoc-Dataset/train/Bell_pepper leaf/bb2581.jpg,"Pepper,_bell___healthy","Pepper,_bell___healthy",0.939972
plantdoc/PlantDoc-Dataset/train/Bell_pepper leaf/bell%20pepper%20rain%20590x330.jpg,"Pepper,_bell___healthy",Corn___healthy,0.298109
plantdoc/PlantDoc-Dataset/train/Bell_pepper leaf/dscf1776.jpg,"Pepper,_bell___healthy",Strawberry___Leaf_scorch,0.553986
plantdoc/PlantDoc-Dataset/train/Bell_pepper leaf/e8199bb0e4a7edf94351ca07a5aadc06.jpg,"Pepper,_bell___healthy","Pepper,_bell___healthy",0.913651
plantdoc/PlantDoc-Dataset/train/Bell_pepper leaf/ee4ab32985e0f26d556ab9d6ac7d0a35.jpg,"Pepper,_bell___healthy","Pepper,_bell___healthy",0.719911
plantdoc/PlantDoc-Dataset/train/Bell_pepper leaf/file.php?id=18598&t=1.jpg,"Pepper,_bell___healthy",Strawberry___Leaf_scorch,0.339995
plantdoc/PlantDoc-Dataset/train/Bell_pepper leaf/fotolia_4311376_XS.jpg,"Pepper,_bell___healthy","Pepper,_bell___healthy",0.507631
plantdoc/PlantDoc-Dataset/train/Bell_pepper leaf/green-pepper-leaf-parks-3302644.jpg,"Pepper,_bell___healthy","Pepper,_bell___healthy",0.907171
plantdoc/PlantDoc-Dataset/train/Bell_pepper leaf/green-pepper-leaves-11364990.jpg,"Pepper,_bell___healthy","Pepper,_bell___healthy",0.824524
plantdoc/PlantDoc-Dataset/train/Bell_pepper leaf/image_1500x1500%253E.jpeg?1472959493.jpg,"Pepper,_bell___healthy","Pepper,_bell___healthy",0.876005
plantdoc/PlantDoc-Dataset/train/Bell_pepper leaf/img_2509_b.jpg,"Pepper,_bell___healthy","Pepper,_bell___healthy",0.889371
plantdoc/PlantDoc-Dataset/train/Bell_pepper leaf/leaves.jpg,"Pepper,_bell___healthy","Pepper,_bell___healthy",0.865610
plantdoc/PlantDoc-Dataset/train/Bell_pepper leaf/leaves11.jpg,"Pepper,_bell___healthy",Corn___healthy,0.230276
plantdoc/PlantDoc-Dataset/train/Bell_pepper leaf/october-bell-peppers.jpg,"Pepper,_bell___healthy","Pepper,_bell___healthy",0.825937
plantdoc/PlantDoc-Dataset/train/Bell_pepper leaf/pepper+leaves.JPG.jpg,"Pepper,_bell___healthy","Pepper,_bell___healthy",0.828814
plantdoc/PlantDoc-Dataset/train/Bell_pepper leaf/pepper-plant-leaves-green-bell-pepper-seedlings-growing-in-dark-brown-soil-in-the-sunshine-with-a-white-my-pepper-plant-leaves-are-being-eaten.jpg,"Pepper,_bell___healthy","Pepper,_bell___healthy",0.815814
plantdoc/PlantDoc-Dataset/train/Bell_pepper leaf/pepper.jpg,"Pepper,_bell___healthy","Pepper,_bell___healthy",0.881569
plantdoc/PlantDoc-Dataset/train/Bell_pepper leaf/seeding-peppers-a-1024x768.jpg,"Pepper,_bell___healthy","Pepper,_bell___healthy",0.250886
plantdoc/PlantDoc-Dataset/train/Bell_pepper leaf/shutterstock_443115826.jpg,"Pepper,_bell___healthy","Pepper,_bell___healthy",0.898662
plantdoc/PlantDoc-Dataset/train/Bell_pepper leaf/stock-photo-black-pepper-plant-with-green-berries-and-leaves-555241408.jpg,"Pepper,_bell___healthy","Pepper,_bell___healthy",0.864244
plantdoc/PlantDoc-Dataset/train/Bell_pepper leaf/stock-photo-closeup-of-underside-of-bell-pepper-leaf-isolated-on-white-background-114184570.jpg,"Pepper,_bell___healthy","Pepper,_bell___healthy",0.834872
plantdoc/PlantDoc-Dataset/train/Bell_pepper leaf/tomato_bell_pepper_garden_pt3-03.jpg,"Pepper,_bell___healthy","Pepper,_bell___healthy",0.765616
plantdoc/PlantDoc-Dataset/train/Bell_pepper leaf/uGz0O.jpg,"Pepper,_bell___healthy",Strawberry___Leaf_scorch,0.898721
plantdoc/PlantDoc-Dataset/train/Bell_pepper leaf/v9hX3.jpg,"Pepper,_bell___healthy",Tomato___Late_blight,0.832284
plantdoc/PlantDoc-Dataset/train/Bell_pepper leaf/virus1_600px.jpg,"Pepper,_bell___healthy",Strawberry___Leaf_scorch,0.499898
plantdoc/PlantDoc-Dataset/train/Bell_pepper leaf/white-pepper-plant-white-pepper-plant-piper-black-pepper-white-bell-pepper-plants-for-sale-pepper-plant-has-white-leaves.jpg,"Pepper,_bell___healthy","Pepper,_bell___healthy",0.901104
plantdoc/PlantDoc-Dataset/train/Bell_pepper leaf/xKh6iInh.jpg,"Pepper,_bell___healthy","Pepper,_bell___healthy",0.722501
plantdoc/PlantDoc-Dataset/train/Bell_pepper leaf/yellow-leaves-on-pepper-plant-green-bell-plant-yellow-leaf-yellow-curling-leaves-on-pepper-plants.jpg,"Pepper,_bell___healthy","Pepper,_bell___healthy",0.867471
plantdoc/PlantDoc-Dataset/train/Bell_pepper leaf/zT5la.jpg,"Pepper,_bell___healthy","Pepper,_bell___healthy",0.816793
plantdoc/PlantDoc-Dataset/test/Bell_pepper leaf spot/00.jpg,"Pepper,_bell___Bacterial_spot",Strawberry___Leaf_scorch,0.201501
plantdoc/PlantDoc-Dataset/test/Bell_pepper leaf spot/000.jpg,"Pepper,_bell___Bacterial_spot",Corn___Cercospora_leaf_spot Gray_leaf_spot,0.718804
plantdoc/PlantDoc-Dataset/test/Bell_pepper leaf spot/01.jpg,"Pepper,_bell___Bacterial_spot",Tomato___Early_blight,0.362053
plantdoc/PlantDoc-Dataset/test/Bell_pepper leaf spot/Bacterial-spot-pepper2.jpg,"Pepper,_bell___Bacterial_spot",Tomato___Septoria_leaf_spot,0.748641
plantdoc/PlantDoc-Dataset/test/Bell_pepper leaf spot/CMVpepperLeafShock-copy-50QUALITY-1ge8umw.jpg,"Pepper,_bell___Bacterial_spot","Pepper,_bell___healthy",0.900840
plantdoc/PlantDoc-Dataset/test/Bell_pepper leaf spot/H5w92.jpg,"Pepper,_bell___Bacterial_spot","Pepper,_bell___healthy",0.900249
plantdoc/PlantDoc-Dataset/test/Bell_pepper leaf spot/bacterial_leaf_spot_pepper_l.jpg,"Pepper,_bell___Bacterial_spot","Pepper,_bell___Bacterial_spot",0.324304
plantdoc/PlantDoc-Dataset/test/Bell_pepper leaf spot/pepper-spot.jpg,"Pepper,_bell___Bacterial_spot",Squash___Powdery_mildew,0.320148
plantdoc/PlantDoc-Dataset/test/Bell_pepper leaf spot/pepper_bacterial-spot_03_zoom.jpg,"Pepper,_bell___Bacterial_spot","Pepper,_bell___Bacterial_spot",0.208309
plantdoc/PlantDoc-Dataset/train/Bell_pepper leaf spot/0.jpg,"Pepper,_bell___Bacterial_spot","Pepper,_bell___healthy",0.348700
plantdoc/PlantDoc-Dataset/train/Bell_pepper leaf spot/0000.jpg,"Pepper,_bell___Bacterial_spot","Pepper,_bell___healthy",0.604392
plantdoc/PlantDoc-Dataset/train/Bell_pepper leaf spot/02.jpg,"Pepper,_bell___Bacterial_spot","Pepper,_bell___healthy",0.578326
plantdoc/PlantDoc-Dataset/train/Bell_pepper leaf spot/03.jpg,"Pepper,_bell___Bacterial_spot",Tomato___Early_blight,0.621405
plantdoc/PlantDoc-Dataset/train/Bell_pepper leaf spot/04.jpg,"Pepper,_bell___Bacterial_spot","Pepper,_bell___healthy",0.855372
plantdoc/PlantDoc-Dataset/train/Bell_pepper leaf spot/05.jpg,"Pepper,_bell___Bacterial_spot","Pepper,_bell___healthy",0.845958
plantdoc/PlantDoc-Dataset/train/Bell_pepper leaf spot/06.jpg,"Pepper,_bell___Bacterial_spot","Pepper,_bell___healthy",0.793389
plantdoc/PlantDoc-Dataset/train/Bell_pepper leaf spot/100_1657.jpg,"Pepper,_bell___Bacterial_spot","Pepper,_bell___healthy",0.789297
plantdoc/PlantDoc-Dataset/train/Bell_pepper leaf spot/4-dogwood_pm.jpg,"Pepper,_bell___Bacterial_spot","Pepper,_bell___healthy",0.861997
plantdoc/PlantDoc-Dataset/train/Bell_pepper leaf spot/534a.jpg,"Pepper,_bell___Bacterial_spot",Strawberry___Leaf_scorch,0.473370
plantdoc/PlantDoc-Dataset/train/Bell_pepper leaf spot/Bacterial-spot-symptoms-on-pepper-leaves-for-web.jpg,"Pepper,_bell___Bacterial_spot",Corn___Common_rust,0.844609
plantdoc/PlantDoc-Dataset/train/Bell_pepper leaf spot/BacterialSpot08.jpg,"Pepper,_bell___Bacterial_spot","Pepper,_bell___healthy",0.429144
plantdoc/PlantDoc-Dataset/train/Bell_pepper leaf spot/BacterialSpot09.jpg,"Pepper,_bell___Bacterial_spot","Pepper,_bell___healthy",0.477737
plantdoc/PlantDoc-Dataset/train/Bell_pepper leaf spot/BacterialSpot10.jpg,"Pepper,_bell___Bacterial_spot",Corn___Common_rust,0.306773
plantdoc/PlantDoc-Dataset/train/Bell_pepper leaf spot/BacterialSpot17.jpg,"Pepper,_bell___Bacterial_spot","Pepper,_bell___healthy",0.405756
plantdoc/PlantDoc-Dataset/train/Bell_pepper leaf spot/Bacterial_leaf_spot_symptoms.jpg,"Pepper,_bell___Bacterial_spot","Pepper,_bell___healthy",0.846161
plantdoc/PlantDoc-Dataset/train/Bell_pepper leaf spot/FO3zR.jpg,"Pepper,_bell___Bacterial_spot",Cherry___healthy,0.503622
plantdoc/PlantDoc-Dataset/train/Bell_pepper leaf spot/G3O1I.jpg,"Pepper,_bell___Bacterial_spot",Corn___healthy,0.266190
plantdoc/PlantDoc-Dataset/train/Bell_pepper leaf spot/GX3DYbwOynSj6HftBUajAw_m.jpg,"Pepper,_bell___Bacterial_spot",Potato___Early_blight,0.712678
plantdoc/PlantDoc-Dataset/train/Bell_pepper leaf spot/Habanero1.jpg,"Pepper,_bell___Bacterial_spot",Cherry___healthy,0.351861
plantdoc/PlantDoc-Dataset/train/Bell_pepper leaf spot/IMG_0945.jpg,"Pepper,_bell___Bacterial_spot",Strawberry___Leaf_scorch,0.411466
plantdoc/PlantDoc-Dataset/train/Bell_pepper leaf spot/IMG_6029-001_1500x1500%253E.JPG?1403119544.jpg,"Pepper,_bell___Bacterial_spot",Tomato___Bacterial_spot,0.275176
plantdoc/PlantDoc-Dataset/train/Bell_pepper leaf spot/P5270397.JPG.jpg,"Pepper,_bell___Bacterial_spot","Pepper,_bell___healthy",0.902240
plantdoc/PlantDoc-Dataset/train/Bell_pepper leaf spot/Pepper-BLS-Leaf_93303-e1370119902259.jpg,"Pepper,_bell___Bacterial_spot","Pepper,_bell___healthy",0.845818
plantdoc/PlantDoc-Dataset/train/Bell_pepper leaf spot/Pepper-problem.jpg,"Pepper,_bell___Bacterial_spot","Pepper,_bell___healthy",0.726270
plantdoc/PlantDoc-Dataset/train/Bell_pepper leaf spot/PepperPhytophLeaf3-2f94629.jpg,"Pepper,_bell___Bacterial_spot","Pepper,_bell___healthy",0.508408
plantdoc/PlantDoc-Dataset/train/Bell_pepper leaf spot/Septoria-leaf-spot.jpg,"Pepper,_bell___Bacterial_spot",Tomato___Septoria_leaf_spot,0.819613
plantdoc/PlantDoc-Dataset/train/Bell_pepper leaf spot/TCSV_Pepper%20%284%29.jpg,"Pepper,_bell___Bacterial_spot","Pepper,_bell___healthy",0.380170
plantdoc/PlantDoc-Dataset/train/Bell_pepper leaf spot/TCSV_Pepper%20%285%29.jpg,"Pepper,_bell___Bacterial_spot","Pepper,_bell___healthy",0.719703
plantdoc/PlantDoc-Dataset/train/Bell_pepper leaf spot/TCSV_Pepper%20%286%29.jpg,"Pepper,_bell___Bacterial_spot","Pepper,_bell___healthy",0.918718
plantdoc/PlantDoc-Dataset/train/Bell_pepper leaf spot/bJrFf.jpg,"Pepper,_bell___Bacterial_spot","Pepper,_bell___healthy",0.822676
plantdoc/PlantDoc-Dataset/train/Bell_pepper leaf spot/bacspot_confused_w_pseudomonas.jpg,"Pepper,_bell___Bacterial_spot","Pepper,_bell___healthy",0.452580
plantdoc/PlantDoc-Dataset/train/Bell_pepper leaf spot/bacterial-leaf-spot-on-peppers.jpg,"Pepper,_bell___Bacterial_spot","Pepper,_bell___healthy",0.646811
plantdoc/PlantDoc-Dataset/train/Bell_pepper leaf spot/bacterialCanker08-129kre6-on-pepper-50-QUALITY-1tzxf2r.jpg,"Pepper,_bell___Bacterial_spot","Pepper,_bell___Bacterial_spot",0.386906
plantdoc/PlantDoc-Dataset/train/Bell_pepper leaf spot/bacterial_leaf_spot_pepper_plant_l.jpg,"Pepper,_bell___Bacterial_spot",Cherry___healthy,0.448215
plantdoc/PlantDoc-Dataset/train/Bell_pepper leaf spot/bacterialspot3_600px.jpg,"Pepper,_bell___Bacterial_spot",Strawberry___Leaf_scorch,0.530994
plantdoc/PlantDoc-Dataset/train/Bell_pepper leaf spot/e2Vlc.jpg,"Pepper,_bell___Bacterial_spot",Tomato___Late_blight,0.549250
plantdoc/PlantDoc-Dataset/train/Bell_pepper leaf spot/e4d0e5.jpg,"Pepper,_bell___Bacterial_spot",Tomato___Early_blight,0.784827
plantdoc/PlantDoc-Dataset/train/Bell_pepper leaf spot/ed8e20.jpg,"Pepper,_bell___Bacterial_spot","Pepper,_bell___healthy",0.908694
plantdoc/PlantDoc-Dataset/train/Bell_pepper leaf spot/figure1.jpg,"Pepper,_bell___Bacterial_spot",Tomato___Septoria_leaf_spot,0.913367
plantdoc/PlantDoc-Dataset/train/Bell_pepper leaf spot/file.php?id=5336&t=1.jpg,"Pepper,_bell___Bacterial_spot","Pepper,_bell___Bacterial_spot",0.406719
plantdoc/PlantDoc-Dataset/train/Bell_pepper leaf spot/gray-leaf-spot-disease-on-260nw-559799659.jpg,"Pepper,_bell___Bacterial_spot","Pepper,_bell___healthy",0.843318
plantdoc/PlantDoc-Dataset/train/Bell_pepper leaf spot/green-pepper-plant-diseases-bacterial-spot-on-pepper-plant-green-pepper-plant-diseases-photos.jpg,"Pepper,_bell___Bacterial_spot","Pepper,_bell___healthy",0.509985
plantdoc/PlantDoc-Dataset/train/Bell_pepper leaf spot/image_1500x1500%253E.jpeg?1467983528.jpg,"Pepper,_bell___Bacterial_spot","Pepper,_bell___healthy",0.727881
plantdoc/PlantDoc-Dataset/train/Bell_pepper leaf spot/image_1500x1500%253E.jpeg?1472603885.jpg,"Pepper,_bell___Bacterial_spot","Pepper,_bell___Bacterial_spot",0.908122
plantdoc/PlantDoc-Dataset/train/Bell_pepper leaf spot/image_300x300%2523.jpeg?1472603885.jpg,"Pepper,_bell___Bacterial_spot","Pepper,_bell___Bacterial_spot",0.892506
plantdoc/PlantDoc-Dataset/train/Bell_pepper leaf spot/image_300x300%2523.jpeg?1472603886.jpg,"Pepper,_bell___Bacterial_spot","Pepper,_bell___healthy",0.710531
plantdoc/PlantDoc-Dataset/train/Bell_pepper leaf spot/image_original.jpeg?1472603885.jpg,"Pepper,_bell___Bacterial_spot","Pepper,_bell___Bacterial_spot",0.911205
plantdoc/PlantDoc-Dataset/train/Bell_pepper leaf spot/image_original.jpeg?1472603886.jpg,"Pepper,_bell___Bacterial_spot","Pepper,_bell___healthy",0.722729
plantdoc/PlantDoc-Dataset/train/Bell_pepper leaf spot/may27pepleaes001.jpg,"Pepper,_bell___Bacterial_spot",Peach___Bacterial_spot,0.500187
plantdoc/PlantDoc-Dataset/train/Bell_pepper leaf spot/may27pepleaes002.jpg,"Pepper,_bell___Bacterial_spot",Tomato___Early_blight,0.871201
plantdoc/PlantDoc-Dataset/train/Bell_pepper leaf spot/pepper-plant-leaves-holes-in-pepper-plant-leaves-holes-in-pepper-plant-leaves-small-holes-in-pepper-plant-leaves-pepper-plant-leaves-eaten.jpg,"Pepper,_bell___Bacterial_spot","Pepper,_bell___healthy",0.875131
plantdoc/PlantDoc-Dataset/train/Bell_pepper leaf spot/pepper-plant-leaves-turning-yellow-plants-turning-yellow-pepper-plant-leaves-turning-yellow-with-brown-spots.jpg,"Pepper,_bell___Bacterial_spot",Strawberry___Leaf_scorch,0.739198
plantdoc/PlantDoc-Dataset/train/Bell_pepper leaf spot/pepper_V5a.jpg,"Pepper,_bell___Bacterial_spot",Tomato___Septoria_leaf_spot,0.582262
plantdoc/PlantDoc-Dataset/train/Bell_pepper leaf spot/pepper_bacterial-spot_02_zoom.jpg,"Pepper,_bell___Bacterial_spot","Pepper,_bell___healthy",0.524673
plantdoc/PlantDoc-Dataset/train/Bell_pepper leaf spot/pepper_bacterial-spot_04_zoom.jpg,"Pepper,_bell___Bacterial_spot",Grape___Black_rot,0.233314
plantdoc/PlantDoc-Dataset/train/Bell_pepper leaf spot/pepper_phytophtera10x1200.jpg,"Pepper,_bell___Bacterial_spot",Corn___Common_rust,0.613800
plantdoc/PlantDoc-Dataset/train/Bell_pepper leaf spot/pepper_phytophtera12x500.jpg,"Pepper,_bell___Bacterial_spot","Pepper,_bell___healthy",0.725457
plantdoc/PlantDoc-Dataset/train/Bell_pepper leaf spot/pepperplantwithbacterialspotimg3206.jpg,"Pepper,_bell___Bacterial_spot","Pepper,_bell___healthy",0.825144
plantdoc/PlantDoc-Dataset/train/Bell_pepper leaf spot/peppers_bacterial_spot_onpeppertransplant_zoom.jpg,"Pepper,_bell___Bacterial_spot",Tomato___Late_blight,0.860188
plantdoc/PlantDoc-Dataset/train/Bell_pepper leaf spot/peppers_bacterial_spot_zoom.jpg,"Pepper,_bell___Bacterial_spot","Pepper,_bell___healthy",0.569464
plantdoc/PlantDoc-Dataset/train/Bell_pepper leaf spot/thrips001.jpg,"Pepper,_bell___Bacterial_spot",Orange___Haunglongbing_(Citrus_greening),0.437219
plantdoc/PlantDoc-Dataset/test/Blueberry leaf/P1200665+Vaccinium+alaskaense+vs+ovalifolium+leaf+and++twig+cr.jpg,Blueberry___healthy,Orange___Haunglongbing_(Citrus_greening),0.832915
plantdoc/PlantDoc-Dataset/test/Blueberry leaf/P1200701+Vaccinium+ovalifolium+Oval-leaf+Blueberry+leaf+margin+Heather+Meadows+cr.jpg,Blueberry___healthy,Tomato___Septoria_leaf_spot,0.747992
plantdoc/PlantDoc-Dataset/test/Blueberry leaf/blueberry-leaves-normal-above-and-iron-deficient-below-bgahf8.jpg,Blueberry___healthy,"Pepper,_bell___healthy",0.203396
plantdoc/PlantDoc-Dataset/test/Blueberry leaf/blueberrysilverleaf16-1372b.jpg,Blueberry___healthy,Blueberry___healthy,0.924592
plantdoc/PlantDoc-Dataset/test/Blueberry leaf/leaf-blueberry-15281271.jpg,Blueberry___healthy,Blueberry___healthy,0.309318
plantdoc/PlantDoc-Dataset/test/Blueberry leaf/northern-highbush-blueberry-blue-huckleberry-vaccinium-corymbosum-EHNXRR.jpg,Blueberry___healthy,Soybean___healthy,0.462676
plantdoc/PlantDoc-Dataset/test/Blueberry leaf/stock-photo-blueberry-leaf-closeup-isolated-on-white-306486470.jpg,Blueberry___healthy,Blueberry___healthy,0.933874
plantdoc/PlantDoc-Dataset/test/Blueberry leaf/stock-photo-green-blueberry-leaf-isolated-with-clipping-path-550344304.jpg,Blueberry___healthy,Raspberry___healthy,0.328943
plantdoc/PlantDoc-Dataset/test/Blueberry leaf/stock-photo-two-sides-of-blueberry-leaf-isolated-on-white-15582232.jpg,Blueberry___healthy,Blueberry___healthy,0.949252
plantdoc/PlantDoc-Dataset/test/Blueberry leaf/vaccinium-angustifolium-low-bush-blueberry_0830_124221.jpg,Blueberry___healthy,"Pepper,_bell___healthy",0.706163
plantdoc/PlantDoc-Dataset/test/Blueberry leaf/vaccinium_angustifolium_leaf2.JPG.jpg,Blueberry___healthy,Corn___healthy,0.639131
plantdoc/PlantDoc-Dataset/train/Blueberry leaf/10-Pcs-font-b-Blueberry-b-font-Leaves-Natural-font-b-Dried-b-font-Leaf-shaped.jpg,Blueberry___healthy,Orange___Haunglongbing_(Citrus_greening),0.630056
plantdoc/PlantDoc-Dataset/train/Blueberry leaf/15rnn8k.jpg,Blueberry___healthy,"Pepper,_bell___healthy",0.504379
plantdoc/PlantDoc-Dataset/train/Blueberry leaf/179288748.jpg,Blueberry___healthy,"Pepper,_bell___healthy",0.443577
plantdoc/PlantDoc-Dataset/train/Blueberry leaf/20171005_Lowbush_blueberry_leaves.jpg,Blueberry___healthy,Cherry___healthy,0.373993
plantdoc/PlantDoc-Dataset/train/Blueberry leaf/2198823523_4b8fdb3f03_b_d.jpg,Blueberry___healthy,Tomato___healthy,0.661138
plantdoc/PlantDoc-Dataset/train/Blueberry leaf/4715f288527ab7feae1683179ae3073b--red-leaves-autumn-leaves.jpg,Blueberry___healthy,"Pepper,_bell___healthy",0.745332
plantdoc/PlantDoc-Dataset/train/Blueberry leaf/4851522550_02e3b9f3b4.jpg,Blueberry___healthy,Apple___healthy,0.873027
plantdoc/PlantDoc-Dataset/train/Blueberry leaf/5920105029_2c657564ba_b.jpg,Blueberry___healthy,"Pepper,_bell___healthy",0.554575
plantdoc/PlantDoc-Dataset/train/Blueberry leaf/6348380125_ae2d097496_z.jpg,Blueberry___healthy,"Pepper,_bell___healthy",0.546685
plantdoc/PlantDoc-Dataset/train/Blueberry leaf/7-blueberry-leaves.jpg,Blueberry___healthy,"Pepper,_bell___healthy",0.409994
plantdoc/PlantDoc-Dataset/train/Blueberry leaf/9-Folia-Myrtilli-Blueberry-Leaves-Gjethe-Boronice-1.jpg,Blueberry___healthy,"Pepper,_bell___healthy",0.250738
plantdoc/PlantDoc-Dataset/train/Blueberry leaf/9167d851305baf06649c57aea130c8fb.jpg,Blueberry___healthy,"Pepper,_bell___healthy",0.584726
plantdoc/PlantDoc-Dataset/train/Blueberry leaf/A+A+Blueberry+Leaf+Disease+002.jpg,Blueberry___healthy,Strawberry___Leaf_scorch,0.489143
plantdoc/PlantDoc-Dataset/train/Blueberry leaf/A+A+Blueberry+Leaf+Disease+003.jpg,Blueberry___healthy,Strawberry___Leaf_scorch,0.540721
plantdoc/PlantDoc-Dataset/train/Blueberry leaf/BLUEBERRY-BLUE-CROP-LEAF-500x500.jpg,Blueberry___healthy,Cherry___healthy,0.853070
plantdoc/PlantDoc-Dataset/train/Blueberry leaf/BLUEBERRY-SPARTAN-LEAF-500x500.jpg,Blueberry___healthy,Cherry___healthy,0.501882
plantdoc/PlantDoc-Dataset/train/Blueberry leaf/Blueberries+autumn+leaves7.jpg,Blueberry___healthy,Tomato___healthy,0.656923
plantdoc/PlantDoc-Dataset/train/Blueberry leaf/Blueberry-Leaf.jpg,Blueberry___healthy,"Pepper,_bell___healthy",0.871116
plantdoc/PlantDoc-Dataset/train/Blueberry leaf/Blueberry-leaves.jpg,Blueberry___healthy,"Pepper,_bell___healthy",0.656508
plantdoc/PlantDoc-Dataset/train/Blueberry leaf/Blueberry07.jpg,Blueberry___healthy,Cherry___healthy,0.743832
plantdoc/PlantDoc-Dataset/train/Blueberry leaf/Blueberry165.JPG.jpg,Blueberry___healthy,"Pepper,_bell___healthy",0.393936
plantdoc/PlantDoc-Dataset/train/Blueberry leaf/Blueberry169.JPG.jpg,Blueberry___healthy,"Pepper,_bell___healthy",0.843116
plantdoc/PlantDoc-Dataset/train/Blueberry leaf/Blueberry_Damage_1_original.JPG?1472642168.jpg,Blueberry___healthy,Cherry___healthy,0.521632
plantdoc/PlantDoc-Dataset/train/Blueberry leaf/Blueberry_Damage_2_original.JPG?1431126657.jpg,Blueberry___healthy,"Pepper,_bell___healthy",0.493423
plantdoc/PlantDoc-Dataset/train/Blueberry leaf/Chlorotic-Blueberry-Leaf.jpg,Blueberry___healthy,Cherry___healthy,0.352241
plantdoc/PlantDoc-Dataset/train/Blueberry leaf/Copy+of+Vaccinium---.JPG.jpg,Blueberry___healthy,"Pepper,_bell___healthy",0.879512
plantdoc/PlantDoc-Dataset/train/Blueberry leaf/Fruit-Blueberry-Northblue.jpg,Blueberry___healthy,Cherry___healthy,0.449827
plantdoc/PlantDoc-Dataset/train/Blueberry leaf/Highbush_Blueberry_Vaccinium_corymbosum_Leaves_3008px.jpg,Blueberry___healthy,"Pepper,_bell___healthy",0.838538
plantdoc/PlantDoc-Dataset/train/Blueberry leaf/IMG_0002_original.JPG?1500100269.jpg,Blueberry___healthy,"Pepper,_bell___healthy",0.724839
plantdoc/PlantDoc-Dataset/train/Blueberry leaf/IMG_0017_original.JPG?1500100270.jpg,Blueberry___healthy,"Pepper,_bell___healthy",0.507301
plantdoc/PlantDoc-Dataset/train/Blueberry leaf/IMG_2003.JPG.jpg,Blueberry___healthy,"Pepper,_bell___healthy",0.706890
plantdoc/PlantDoc-Dataset/train/Blueberry leaf/IMG_5310.JPG.jpg,Blueberry___healthy,"Pepper,_bell___healthy",0.682617
plantdoc/PlantDoc-Dataset/train/Blueberry leaf/IMG_7119.jpg,Blueberry___healthy,"Pepper,_bell___healthy",0.796156
plantdoc/PlantDoc-Dataset/train/Blueberry leaf/IMG_8502.JPG.jpg,Blueberry___healthy,"Pepper,_bell___healthy",0.808646
plantdoc/PlantDoc-Dataset/train/Blueberry leaf/IMG_8680.JPG.jpg,Blueberry___healthy,Strawberry___Leaf_scorch,0.395465
plantdoc/PlantDoc-Dataset/train/Blueberry leaf/IMG_8695.JPG.jpg,Blueberry___healthy,Strawberry___Leaf_scorch,0.251029
plantdoc/PlantDoc-Dataset/train/Blueberry leaf/IMG_8698.JPG.jpg,Blueberry___healthy,Strawberry___Leaf_scorch,0.687803
plantdoc/PlantDoc-Dataset/train/Blueberry leaf/IMG_9275.JPG.jpg,Blueberry___healthy,Corn___Cercospora_leaf_spot Gray_leaf_spot,0.441869
plantdoc/PlantDoc-Dataset/train/Blueberry leaf/P1200644+Vaccinium+alaskaense+Alaska+Blueberry+cr.jpg,Blueberry___healthy,"Pepper,_bell___healthy",0.708741
plantdoc/PlantDoc-Dataset/train/Blueberry leaf/P1200652+Vaccinium+ovalifolium+Ovalleaf+Blueberry+leaf+top+cr.jpg,Blueberry___healthy,"Pepper,_bell___healthy",0.843222
plantdoc/PlantDoc-Dataset/train/Blueberry leaf/P1200699+Vaccinium+alaskaense+Alaska+Blueberry+hairy+leaf+margin+Heather+Meadows.JPG.jpg,Blueberry___healthy,"Pepper,_bell___healthy",0.564534
plantdoc/PlantDoc-Dataset/train/Blueberry leaf/P1200701+Vaccinium+ovalifolium+Oval-leaf+Blueberry+fruit++Heather+Meadows+cr.jpg,Blueberry___healthy,"Pepper,_bell___healthy",0.566775
plantdoc/PlantDoc-Dataset/train/Blueberry leaf/Red-Blueberry-Leaves.jpg,Blueberry___healthy,Strawberry___Leaf_scorch,0.328211
plantdoc/PlantDoc-Dataset/train/Blueberry leaf/SmzpflTl.jpg,Blueberry___healthy,Cherry___healthy,0.425471
plantdoc/PlantDoc-Dataset/train/Blueberry leaf/acid_0033.jpg,Blueberry___healthy,"Pepper,_bell___healthy",0.513748
"plantdoc/PlantDoc-Dataset/train/Blueberry leaf/autumn,+blueberry+leaves.jpg",Blueberry___healthy,"Pepper,_bell___healthy",0.558722
plantdoc/PlantDoc-Dataset/train/Blueberry leaf/bilberry-blueberry-vaccinium-myrtillus-leaf-herboristerie.jpg,Blueberry___healthy,"Pepper,_bell___healthy",0.778824
plantdoc/PlantDoc-Dataset/train/Blueberry leaf/blueberries-and-leaves.jpg,Blueberry___healthy,Orange___Haunglongbing_(Citrus_greening),0.197178
plantdoc/PlantDoc-Dataset/train/Blueberry leaf/blueberry+leaf.jpg,Blueberry___healthy,Strawberry___Leaf_scorch,0.514386
plantdoc/PlantDoc-Dataset/train/Blueberry leaf/blueberry+leaves+in+fall.jpg,Blueberry___healthy,"Pepper,_bell___healthy",0.832632
plantdoc/PlantDoc-Dataset/train/Blueberry leaf/blueberry-bushes-clipart-16.jpg,Blueberry___healthy,"Pepper,_bell___healthy",0.856359
plantdoc/PlantDoc-Dataset/train/Blueberry leaf/blueberry-chlorotic-leaves_2.jpg,Blueberry___healthy,"Pepper,_bell___healthy",0.296625
plantdoc/PlantDoc-Dataset/train/Blueberry leaf/blueberry-fruit-blooming-flower-with-leaf-g3wa0t.jpg,Blueberry___healthy,"Pepper,_bell___healthy",0.274248
plantdoc/PlantDoc-Dataset/train/Blueberry leaf/blueberry-fruit-leaf-closeup-isolated-white-58260795.jpg,Blueberry___healthy,Blueberry___healthy,0.872405
plantdoc/PlantDoc-Dataset/train/Blueberry leaf/blueberry-goanp-nps.jpg,Blueberry___healthy,"Pepper,_bell___healthy",0.877488
plantdoc/PlantDoc-Dataset/train/Blueberry leaf/blueberry-group-leaves-on-white-background-db8p44.jpg,Blueberry___healthy,Blueberry___healthy,0.916585
plantdoc/PlantDoc-Dataset/train/Blueberry leaf/blueberry-leaf-isolated-white-background-blueberry-leaf-isolated-99227523.jpg,Blueberry___healthy,Orange___Haunglongbing_(Citrus_greening),0.318240
plantdoc/PlantDoc-Dataset/train/Blueberry leaf/blueberry-leaf-isolated-white-background-clipping-path-82775455.jpg,Blueberry___healthy,Blueberry___healthy,0.907092
plantdoc/PlantDoc-Dataset/train/Blueberry leaf/blueberry-leaf-isolated-white-background-clipping-path-84283705.jpg,Blueberry___healthy,Blueberry___healthy,0.913497
plantdoc/PlantDoc-Dataset/train/Blueberry leaf/blueberry-leaf-isolated-white-background-clipping-path-87355538.jpg,Blueberry___healthy,Blueberry___healthy,0.948936
plantdoc/PlantDoc-Dataset/train/Blueberry leaf/blueberry-leaf-set-collection-isolated-white-58283965.jpg,Blueberry___healthy,Blueberry___healthy,0.869152
plantdoc/PlantDoc-Dataset/train/Blueberry leaf/blueberry-leaf.jpg,Blueberry___healthy,Corn___Common_rust,0.881623
plantdoc/PlantDoc-Dataset/train/Blueberry leaf/blueberry-leaves-16311688.jpg,Blueberry___healthy,Blueberry___healthy,0.747732
plantdoc/PlantDoc-Dataset/train/Blueberry leaf/blueberry-leaves-5931369.jpg,Blueberry___healthy,Blueberry___healthy,0.941945
plantdoc/PlantDoc-Dataset/train/Blueberry leaf/blueberry-leaves-in-October.jpg,Blueberry___healthy,Strawberry___Leaf_scorch,0.355271
plantdoc/PlantDoc-Dataset/train/Blueberry leaf/blueberry-leaves-isolated-shadow-95294017.jpg,Blueberry___healthy,Orange___Haunglongbing_(Citrus_greening),0.731822
plantdoc/PlantDoc-Dataset/train/Blueberry leaf/blueberry-leaves-normal-above-and-iron-deficient-below-bgahf8.jpg,Blueberry___healthy,"Pepper,_bell___healthy",0.203396
plantdoc/PlantDoc-Dataset/train/Blueberry leaf/blueberry-leaves-safe.jpeg.jpg,Blueberry___healthy,Tomato___Late_blight,0.784474
plantdoc/PlantDoc-Dataset/train/Blueberry leaf/blueberry-leaves-white-collection-isolated-35579573.jpg,Blueberry___healthy,"Pepper,_bell___healthy",0.650542
plantdoc/PlantDoc-Dataset/train/Blueberry leaf/blueberry-leaves.jpg,Blueberry___healthy,"Pepper,_bell___healthy",0.516038
plantdoc/PlantDoc-Dataset/train/Blueberry leaf/blueberry-plant-berries-and-leaves-blueberries-vaccinium-corybosum-BNDMY8.jpg,Blueberry___healthy,"Pepper,_bell___healthy",0.901279
plantdoc/PlantDoc-Dataset/train/Blueberry leaf/blueberry-plant-unripe-berries-and-leaves-blueberries-vaccinium-corybosum-BNDN04.jpg,Blueberry___healthy,"Pepper,_bell___healthy",0.762484
plantdoc/PlantDoc-Dataset/train/Blueberry leaf/blueberry_leaves_berries_fresh_wood_1280x960_hd-wallpaper-1763513.jpg,Blueberry___healthy,"Pepper,_bell___healthy",0.418136
plantdoc/PlantDoc-Dataset/train/Blueberry leaf/blueberryleaves.jpg,Blueberry___healthy,Tomato___Late_blight,0.252588
plantdoc/PlantDoc-Dataset/train/Blueberry leaf/close-up-of-a-blueberry-leaf-beginning-to-change-color-for-autumn-f6b5yd.jpg,Blueberry___healthy,Corn___Cercospora_leaf_spot Gray_leaf_spot,0.141964
plantdoc/PlantDoc-Dataset/train/Blueberry leaf/dscf9033.jpg,Blueberry___healthy,Strawberry___Leaf_scorch,0.322090
plantdoc/PlantDoc-Dataset/train/Blueberry leaf/dscf9038.jpg,Blueberry___healthy,"Pepper,_bell___healthy",0.513438
plantdoc/PlantDoc-Dataset/train/Blueberry leaf/highbush_blueberry1337725765530.jpg,Blueberry___healthy,Cherry___healthy,0.479013
plantdoc/PlantDoc-Dataset/train/Blueberry leaf/image_1500x1500%253E.jpeg?1472756546.jpg,Blueberry___healthy,"Pepper,_bell___healthy",0.837161
plantdoc/PlantDoc-Dataset/train/Blueberry leaf/image_1500x1500%253E.jpeg?1472756548.jpg,Blueberry___healthy,"Pepper,_bell___healthy",0.595373
plantdoc/PlantDoc-Dataset/train/Blueberry leaf/img_8042.jpg,Blueberry___healthy,Cherry___healthy,0.382958
plantdoc/PlantDoc-Dataset/train/Blueberry leaf/immatureleaffootbug.jpg,Blueberry___healthy,"Pepper,_bell___healthy",0.805870
plantdoc/PlantDoc-Dataset/train/Blueberry leaf/lb_blueberry1.jpg,Blueberry___healthy,"Pepper,_bell___healthy",0.581473
plantdoc/PlantDoc-Dataset/train/Blueberry leaf/leaf-blueberry-plant-vaccinium-corymbosum-north-america-usa-bush-103375785.jpg,Blueberry___healthy,"Pepper,_bell___healthy",0.422537
plantdoc/PlantDoc-Dataset/train/Blueberry leaf/leaf_arangement.jpg,Blueberry___healthy,"Pepper,_bell___healthy",0.634008
plantdoc/PlantDoc-Dataset/train/Blueberry leaf/ovalifolium1.jpg,Blueberry___healthy,"Pepper,_bell___healthy",0.669833
plantdoc/PlantDoc-Dataset/train/Blueberry leaf/plant-fruit-berry-leaf-flower-food-herb-produce-blueberry-botany-flora-plants-wildflower-shrub-macro-photography-wipes-flowering-plant-bilberry-huckleberry-dayflower-land-plant-dayflower-family-1090218.jpg,Blueberry___healthy,"Pepper,_bell___healthy",0.723452
plantdoc/PlantDoc-Dataset/train/Blueberry leaf/red+blueberry+leaves.jpg,Blueberry___healthy,"Pepper,_bell___healthy",0.807714
plantdoc/PlantDoc-Dataset/train/Blueberry leaf/stock-photo-blueberry-heap-with-green-leaves-close-up-macro-isolated-on-white-background-83867578.jpg,Blueberry___healthy,Orange___Haunglongbing_(Citrus_greening),0.357487
plantdoc/PlantDoc-Dataset/train/Blueberry leaf/stock-photo-blueberry-leaves-branch-isolated-on-white-background-490111684.jpg,Blueberry___healthy,"Pepper,_bell___healthy",0.349256
plantdoc/PlantDoc-Dataset/train/Blueberry leaf/stock-photo-blueberry-leaves-isolated-on-white-background-collection-569223157.jpg,Blueberry___healthy,Orange___Haunglongbing_(Citrus_greening),0.551259
plantdoc/PlantDoc-Dataset/train/Blueberry leaf/stock-photo-blueberry-with-leaves-of-mint-70797082.jpg,Blueberry___healthy,Tomato___Late_blight,0.362872
plantdoc/PlantDoc-Dataset/train/Blueberry leaf/stock-photo-fresh-ripe-blueberries-with-leaves-on-white-background-125173964.jpg,Blueberry___healthy,Blueberry___healthy,0.291244
plantdoc/PlantDoc-Dataset/train/Blueberry leaf/stock-photo-leaf-blueberry-57690040.jpg,Blueberry___healthy,Tomato___Late_blight,0.263843
plantdoc/PlantDoc-Dataset/train/Blueberry leaf/three-blueberries-with-leaves-picture-id83566780.jpg,Blueberry___healthy,Blueberry___healthy,0.608725
plantdoc/PlantDoc-Dataset/train/Blueberry leaf/vaccinium-angustifolium-634789-1.jpg,Blueberry___healthy,Strawberry___Leaf_scorch,0.468733
plantdoc/PlantDoc-Dataset/train/Blueberry leaf/vaccinium-angustifolium-le-ahaines.jpg,Blueberry___healthy,Strawberry___Leaf_scorch,0.818727
plantdoc/PlantDoc-Dataset/train/Blueberry leaf/vaccinium-corymbosum-le-mlovit.jpg,Blueberry___healthy,Strawberry___Leaf_scorch,0.331374
plantdoc/PlantDoc-Dataset/train/Blueberry leaf/vaccinium-myrtilloides-13-1.jpg,Blueberry___healthy,"Pepper,_bell___healthy",0.642325
plantdoc/PlantDoc-Dataset/train/Blueberry leaf/vaccinium-myrtilloides-437.jpg,Blueberry___healthy,Cherry___healthy,0.825101
plantdoc/PlantDoc-Dataset/train/Blueberry leaf/vaccinium-myrtilloides-le-dcameron-b.jpg,Blueberry___healthy,Strawberry___Leaf_scorch,0.724238
plantdoc/PlantDoc-Dataset/train/Blueberry leaf/vaccinium-myrtilloides-le-mlovit.jpg,Blueberry___healthy,"Pepper,_bell___healthy",0.812796
plantdoc/PlantDoc-Dataset/train/Blueberry leaf/vaccspp_leaf1.jpg,Blueberry___healthy,"Pepper,_bell___healthy",0.785711
plantdoc/PlantDoc-Dataset/train/Blueberry leaf/vaov_006_lhp.jpg,Blueberry___healthy,"Pepper,_bell___healthy",0.817153
plantdoc/PlantDoc-Dataset/train/Blueberry leaf/wild-blueberries-576x1024.jpg,Blueberry___healthy,"Pepper,_bell___healthy",0.870741
plantdoc/PlantDoc-Dataset/train/Blueberry leaf/wild-blueberries.jpg,Blueberry___healthy,"Pepper,_bell___healthy",0.885926
plantdoc/PlantDoc-Dataset/test/Cherry leaf/d7b79dbc0bca0eb3e63fbe5dfb256ccd53d90a4eb1413_1260x1260.jpg,Cherry___healthy,Orange___Haunglongbing_(Citrus_greening),0.173517
plantdoc/PlantDoc-Dataset/test/Cherry leaf/e52bbb9a08ede2948ba0c006f02fe7b053ad7831d1df6_1260x1260.jpg,Cherry___healthy,Corn___healthy,0.219677
plantdoc/PlantDoc-Dataset/test/Cherry leaf/ed12ff77ce021883de241830dee55e2e53d2c93231699_1260x1260.jpg,Cherry___healthy,Apple___healthy,0.622419
plantdoc/PlantDoc-Dataset/test/Cherry leaf/fc729af279e9087d00bd32d89a1552a756a3ad9de7f2b_1260x1260.jpg,Cherry___healthy,Apple___healthy,0.575536
plantdoc/PlantDoc-Dataset/test/Cherry leaf/five-cherry-tree-green-leaves-white-isolated-background-34493587.jpg,Cherry___healthy,"Pepper,_bell___healthy",0.361470
plantdoc/PlantDoc-Dataset/test/Cherry leaf/prunsero_leaf1.jpg,Cherry___healthy,Corn___healthy,0.486023
plantdoc/PlantDoc-Dataset/test/Cherry leaf/prunsero_leaf2.jpg,Cherry___healthy,Apple___healthy,0.678868
plantdoc/PlantDoc-Dataset/test/Cherry leaf/prunus-virginiana-le-gmittelhauser.jpg,Cherry___healthy,Apple___Apple_scab,0.347144
plantdoc/PlantDoc-Dataset/test/Cherry leaf/red-cherry-tree-leaf-isolated-crisp-white-background-35742030.jpg,Cherry___healthy,Tomato___Late_blight,0.176405
plantdoc/PlantDoc-Dataset/test/Cherry leaf/three-vibrant-leaves-bird-cherry-tree-13905898.jpg,Cherry___healthy,Orange___Haunglongbing_(Citrus_greening),0.674227
plantdoc/PlantDoc-Dataset/train/Cherry leaf/02b13cea19417b15cf3d6ff534aa7ea653ad783094a60_1260x1260.jpg,Cherry___healthy,Orange___Haunglongbing_(Citrus_greening),0.222855
plantdoc/PlantDoc-Dataset/train/Cherry leaf/100_0123_2.jpg,Cherry___healthy,"Pepper,_bell___healthy",0.793195
plantdoc/PlantDoc-Dataset/train/Cherry leaf/100_4608.jpg,Cherry___healthy,"Pepper,_bell___healthy",0.860624
plantdoc/PlantDoc-Dataset/train/Cherry leaf/1348156007-85504600.jpg,Cherry___healthy,Tomato___healthy,0.654710
plantdoc/PlantDoc-Dataset/train/Cherry leaf/15%20CHOKE%20CHERRY.jpg,Cherry___healthy,Strawberry___Leaf_scorch,0.508943
plantdoc/PlantDoc-Dataset/train/Cherry leaf/1b9155649757248759cdbe7d83cc94c0.jpg,Cherry___healthy,Peach___Bacterial_spot,0.228746
plantdoc/PlantDoc-Dataset/train/Cherry leaf/2febe52cfac784c3191c804390d51ab756a3a7c8b9314_1260x1260.jpg,Cherry___healthy,Raspberry___healthy,0.118741
plantdoc/PlantDoc-Dataset/train/Cherry leaf/3b296e7197cc7e3d138892539e2e9ba453ad782db3398_1260x1260.jpg,Cherry___healthy,Cherry___healthy,0.145104
plantdoc/PlantDoc-Dataset/train/Cherry leaf/5dab054e26cde431baf6a8e0e3f0f258.jpg,Cherry___healthy,"Pepper,_bell___healthy",0.697033
plantdoc/PlantDoc-Dataset/train/Cherry leaf/6.-Choke-cherry-fall-leaf-colour.jpg,Cherry___healthy,Tomato___healthy,0.836863
plantdoc/PlantDoc-Dataset/train/Cherry leaf/670px-User-Completed-Image-Identify-Cherry-Trees-2015.12.05-23.48.57.0.jpeg.jpg,Cherry___healthy,Tomato___healthy,0.660654
plantdoc/PlantDoc-Dataset/train/Cherry leaf/7%20CHOKE%20CHERRY.jpg,Cherry___healthy,"Pepper,_bell___healthy",0.682813
plantdoc/PlantDoc-Dataset/train/Cherry leaf/Bird-Cherry-%28Prunus-Padus%29-Leaf-and-Flowers.jpg,Cherry___healthy,"Pepper,_bell___healthy",0.289021
plantdoc/PlantDoc-Dataset/train/Cherry leaf/BlackCherry04.jpg,Cherry___healthy,"Pepper,_bell___healthy",0.666091
plantdoc/PlantDoc-Dataset/train/Cherry leaf/CHERRY_CHOKE2_leaves.jpg,Cherry___healthy,"Pepper,_bell___healthy",0.317496
plantdoc/PlantDoc-Dataset/train/Cherry leaf/CHERRY_CHOKE_leaves.jpg,Cherry___healthy,Apple___healthy,0.473187
plantdoc/PlantDoc-Dataset/train/Cherry leaf/Carolina%2BCherry%2BLaurel%2Bproblem1.jpg,Cherry___healthy,"Pepper,_bell___healthy",0.430686
plantdoc/PlantDoc-Dataset/train/Cherry leaf/Carolina%2BCherry%2BLaurel%2Bproblem3.jpg,Cherry___healthy,Strawberry___Leaf_scorch,0.333748
plantdoc/PlantDoc-Dataset/train/Cherry leaf/Catalina%20Island%20Cherry.JPG.jpg,Cherry___healthy,"Pepper,_bell___healthy",0.628176
plantdoc/PlantDoc-Dataset/train/Cherry leaf/Cherry%20Sweet%20N%20deficiency%20closeup%20Brubaker%202004.JPG.jpg,Cherry___healthy,Strawberry___Leaf_scorch,0.369131
plantdoc/PlantDoc-Dataset/train/Cherry leaf/Cherry-Fruit-and-Leaves-tp1263.jpg,Cherry___healthy,"Pepper,_bell___healthy",0.626837
plantdoc/PlantDoc-Dataset/train/Cherry leaf/ECE47.jpg,Cherry___healthy,Corn___healthy,0.887873
plantdoc/PlantDoc-Dataset/train/Cherry leaf/IMG_4280.JPG.jpg,Cherry___healthy,"Pepper,_bell___healthy",0.697717
plantdoc/PlantDoc-Dataset/train/Cherry leaf/IMG_5892_original.JPG?1500348823.jpg,Cherry___healthy,"Pepper,_bell___healthy",0.833328
plantdoc/PlantDoc-Dataset/train/Cherry leaf/Leaf%20cherry1.JPG.jpg,Cherry___healthy,Corn___healthy,0.773638
plantdoc/PlantDoc-Dataset/train/Cherry leaf/RAx1iE.jpg,Cherry___healthy,"Pepper,_bell___healthy",0.849213
plantdoc/PlantDoc-Dataset/train/Cherry leaf/black-brazilian-cherry-4988.jpeg.jpg,Cherry___healthy,"Pepper,_bell___healthy",0.784912
plantdoc/PlantDoc-Dataset/train/Cherry leaf/canada-red-cherry-leaves.jpg,Cherry___healthy,"Pepper,_bell___healthy",0.433839
plantdoc/PlantDoc-Dataset/train/Cherry leaf/canada_red_chokecherry_11_medium_.jpg,Cherry___healthy,"Pepper,_bell___healthy",0.649500
plantdoc/PlantDoc-Dataset/train/Cherry leaf/cherry+tree.jpg,Cherry___healthy,"Pepper,_bell___healthy",0.593437
plantdoc/PlantDoc-Dataset/train/Cherry leaf/cherry-fertilizer.jpg,Cherry___healthy,"Pepper,_bell___healthy",0.662300
plantdoc/PlantDoc-Dataset/train/Cherry leaf/cherry-leaves-e1335624103663.jpg,Cherry___healthy,Strawberry___Leaf_scorch,0.851730
plantdoc/PlantDoc-Dataset/train/Cherry leaf/cherry-tree-leaves-and-fruits.jpg,Cherry___healthy,"Pepper,_bell___healthy",0.400003
plantdoc/PlantDoc-Dataset/train/Cherry leaf/cherry-tree-leaves.jpg,Cherry___healthy,"Pepper,_bell___healthy",0.672500
plantdoc/PlantDoc-Dataset/train/Cherry leaf/cherrytree-leaf.jpg,Cherry___healthy,"Pepper,_bell___healthy",0.370069
plantdoc/PlantDoc-Dataset/train/Cherry leaf/i-have-a-cherry-tree-5252.jpg,Cherry___healthy,"Pepper,_bell___healthy",0.622971
plantdoc/PlantDoc-Dataset/train/Cherry leaf/img_3088.jpg,Cherry___healthy,"Pepper,_bell___healthy",0.596399
plantdoc/PlantDoc-Dataset/train/Cherry leaf/prunsero_twig3.jpg,Cherry___healthy,"Pepper,_bell___healthy",0.281251
plantdoc/PlantDoc-Dataset/train/Cherry leaf/prunus-avium-le-rvid-c.jpg,Cherry___healthy,Strawberry___Leaf_scorch,0.325858
plantdoc/PlantDoc-Dataset/train/Cherry leaf/prunus-pensylvanica-007.jpg,Cherry___healthy,"Pepper,_bell___healthy",0.879777
plantdoc/PlantDoc-Dataset/train/Cherry leaf/prunus-pensylvanica-le-ahaines-a.jpg,Cherry___healthy,"Pepper,_bell___healthy",0.578414
plantdoc/PlantDoc-Dataset/train/Cherry leaf/radish-black-cherry-fruits-leaves.jpg,Cherry___healthy,"Pepper,_bell___healthy",0.902483
plantdoc/PlantDoc-Dataset/train/Cherry leaf/sunburst_cherry.jpg,Cherry___healthy,"Pepper,_bell___healthy",0.916175
plantdoc/PlantDoc-Dataset/train/Cherry leaf/tree-branch-blossom-plant-fruit-berry-leaf-flower-ripe-food-red-produce-botany-flora-leaves-shrub-fruits-bing-cherry-cherries-flowering-plant-rose-family-fruity-cherry-harvest-sweet-cherry-land-plant-913933.jpg,Cherry___healthy,"Pepper,_bell___healthy",0.884889
plantdoc/PlantDoc-Dataset/train/Cherry leaf/wild-and-choke-cherry-leaves_edited-1.jpg,Cherry___healthy,Tomato___Early_blight,0.214402
plantdoc/PlantDoc-Dataset/train/Cherry leaf/yoshino-weeping-cherry-tree2.jpg,Cherry___healthy,Corn___healthy,0.353374
plantdoc/PlantDoc-Dataset/train/Cherry leaf/yoshino-weeping-cherry-tree9.jpg,Cherry___healthy,Strawberry___Leaf_scorch,0.627554
plantdoc/PlantDoc-Dataset/test/Corn Gray leaf spot/IMG_42231.jpg,Corn___Cercospora_leaf_spot Gray_leaf_spot,Tomato___Early_blight,0.583866
plantdoc/PlantDoc-Dataset/test/Corn Gray leaf spot/rsz0803Figure6.jpg,Corn___Cercospora_leaf_spot Gray_leaf_spot,Corn___Northern_Leaf_Blight,0.887711
"plantdoc/PlantDoc-Dataset/test/Corn Gray leaf spot/show_picture.asp?id=aaaaaaaaaaogcqq&w2=420&h2=378&clip=center,420,378&meta=0.jpg",Corn___Cercospora_leaf_spot Gray_leaf_spot,Corn___Cercospora_leaf_spot Gray_leaf_spot,0.902174
plantdoc/PlantDoc-Dataset/test/Corn Gray leaf spot/strom5.jpg,Corn___Cercospora_leaf_spot Gray_leaf_spot,Corn___Cercospora_leaf_spot Gray_leaf_spot,0.918009
plantdoc/PlantDoc-Dataset/train/Corn Gray leaf spot/0796.16graylspot.jpg,Corn___Cercospora_leaf_spot Gray_leaf_spot,Corn___Cercospora_leaf_spot Gray_leaf_spot,0.931181
plantdoc/PlantDoc-Dataset/train/Corn Gray leaf spot/1192.jpg,Corn___Cercospora_leaf_spot Gray_leaf_spot,Corn___Cercospora_leaf_spot Gray_leaf_spot,0.931637
plantdoc/PlantDoc-Dataset/train/Corn Gray leaf spot/1193.jpg,Corn___Cercospora_leaf_spot Gray_leaf_spot,Corn___Northern_Leaf_Blight,0.913667
plantdoc/PlantDoc-Dataset/train/Corn Gray leaf spot/1355.51grayleafspot.jpg,Corn___Cercospora_leaf_spot Gray_leaf_spot,Corn___Cercospora_leaf_spot Gray_leaf_spot,0.542051
plantdoc/PlantDoc-Dataset/train/Corn Gray leaf spot/18largegls0732_copy-143B1EC97E96BA58322.jpg,Corn___Cercospora_leaf_spot Gray_leaf_spot,Corn___Cercospora_leaf_spot Gray_leaf_spot,0.931962
plantdoc/PlantDoc-Dataset/train/Corn Gray leaf spot/2013Corn_GrayLeafSpot_0815_0003.JPG.jpg,Corn___Cercospora_leaf_spot Gray_leaf_spot,Corn___Cercospora_leaf_spot Gray_leaf_spot,0.916327
plantdoc/PlantDoc-Dataset/train/Corn Gray leaf spot/2013Corn_GrayLeaf_0820_0003.JPG.jpg,Corn___Cercospora_leaf_spot Gray_leaf_spot,Corn___Cercospora_leaf_spot Gray_leaf_spot,0.919414
plantdoc/PlantDoc-Dataset/train/Corn Gray leaf spot/2015070295153021.jpg,Corn___Cercospora_leaf_spot Gray_leaf_spot,Corn___Cercospora_leaf_spot Gray_leaf_spot,0.930025
plantdoc/PlantDoc-Dataset/train/Corn Gray leaf spot/2015Corn_Hail_Taylor_PH%2B%25282%2529.JPG.jpg,Corn___Cercospora_leaf_spot Gray_leaf_spot,Corn___Cercospora_leaf_spot Gray_leaf_spot,0.947867
plantdoc/PlantDoc-Dataset/train/Corn Gray leaf spot/22-broders-CR-Gray-leaf-spot-corn.jpg,Corn___Cercospora_leaf_spot Gray_leaf_spot,Corn___Cercospora_leaf_spot Gray_leaf_spot,0.923712
plantdoc/PlantDoc-Dataset/train/Corn Gray leaf spot/2f73110f80014a25a53f9551c94bf164.png.jpg,Corn___Cercospora_leaf_spot Gray_leaf_spot,Corn___Cercospora_leaf_spot Gray_leaf_spot,0.738995
plantdoc/PlantDoc-Dataset/train/Corn Gray leaf spot/7176752.jpeg?351.jpg,Corn___Cercospora_leaf_spot Gray_leaf_spot,Corn___Cercospora_leaf_spot Gray_leaf_spot,0.948020
plantdoc/PlantDoc-Dataset/train/Corn Gray leaf spot/CGrayLeafSpot.jpg,Corn___Cercospora_leaf_spot Gray_leaf_spot,Corn___Cercospora_leaf_spot Gray_leaf_spot,0.481416
plantdoc/PlantDoc-Dataset/train/Corn Gray leaf spot/Close-up-of-GLS.jpg,Corn___Cercospora_leaf_spot Gray_leaf_spot,Corn___Cercospora_leaf_spot Gray_leaf_spot,0.920755
plantdoc/PlantDoc-Dataset/train/Corn Gray leaf spot/Corn-Gray-leafspot-lesions-300x225.jpg,Corn___Cercospora_leaf_spot Gray_leaf_spot,Corn___Cercospora_leaf_spot Gray_leaf_spot,0.928256
plantdoc/PlantDoc-Dataset/train/Corn Gray leaf spot/Corn-gray-leaf-spot-8-15-F1-660.jpg,Corn___Cercospora_leaf_spot Gray_leaf_spot,Corn___Cercospora_leaf_spot Gray_leaf_spot,0.350092
plantdoc/PlantDoc-Dataset/train/Corn Gray leaf spot/FJ_010_F17220_B00010.jpg,Corn___Cercospora_leaf_spot Gray_leaf_spot,"Pepper,_bell___healthy",0.534101
plantdoc/PlantDoc-Dataset/train/Corn Gray leaf spot/FJ_018_F16271-3.jpg,Corn___Cercospora_leaf_spot Gray_leaf_spot,Corn___Cercospora_leaf_spot Gray_leaf_spot,0.936168
plantdoc/PlantDoc-Dataset/train/Corn Gray leaf spot/Fig%202b.%20GLS%20backlit%20copy.jpg,Corn___Cercospora_leaf_spot Gray_leaf_spot,Corn___Cercospora_leaf_spot Gray_leaf_spot,0.522094
plantdoc/PlantDoc-Dataset/train/Corn Gray leaf spot/Figure%201%20Gray%20leaf%20spot%20and%20Northern%20corn%20leaf%20blight.jpg,Corn___Cercospora_leaf_spot Gray_leaf_spot,Corn___healthy,0.507891
plantdoc/PlantDoc-Dataset/train/Corn Gray leaf spot/Figure%201.jpg,Corn___Cercospora_leaf_spot Gray_leaf_spot,Corn___Cercospora_leaf_spot Gray_leaf_spot,0.823092
plantdoc/PlantDoc-Dataset/train/Corn Gray leaf spot/Figure%204%20Grey%20leaf%20spot.jpg,Corn___Cercospora_leaf_spot Gray_leaf_spot,Corn___Northern_Leaf_Blight,0.397322
plantdoc/PlantDoc-Dataset/train/Corn Gray leaf spot/GLS-pic-1-1-225x300.jpg,Corn___Cercospora_leaf_spot Gray_leaf_spot,Corn___Cercospora_leaf_spot Gray_leaf_spot,0.252542
plantdoc/PlantDoc-Dataset/train/Corn Gray leaf spot/GRAY_LE2.jpg,Corn___Cercospora_leaf_spot Gray_leaf_spot,Corn___Cercospora_leaf_spot Gray_leaf_spot,0.200251
plantdoc/PlantDoc-Dataset/train/Corn Gray leaf spot/GetFile.aspx?guid=fb78e057-33b3-4901-b836-e08e45889f6f.jpg,Corn___Cercospora_leaf_spot Gray_leaf_spot,Corn___Cercospora_leaf_spot Gray_leaf_spot,0.927705
plantdoc/PlantDoc-Dataset/train/Corn Gray leaf spot/Gray%20Leaf%20SpotCORN039.JPG.jpg,Corn___Cercospora_leaf_spot Gray_leaf_spot,Corn___Northern_Leaf_Blight,0.626549
plantdoc/PlantDoc-Dataset/train/Corn Gray leaf spot/Gray%20leaf%20spot-Adam%20Sisson%20%2856%29%20copy-400x267.jpg,Corn___Cercospora_leaf_spot Gray_leaf_spot,Corn___Common_rust,0.906316
plantdoc/PlantDoc-Dataset/train/Corn Gray leaf spot/Gray-Leaf-Spot-on-Corn-um9znc.jpg,Corn___Cercospora_leaf_spot Gray_leaf_spot,"Pepper,_bell___healthy",0.727651
plantdoc/PlantDoc-Dataset/train/Corn Gray leaf spot/Gray-leaf-spot-Adam-Sisson-20.jpg,Corn___Cercospora_leaf_spot Gray_leaf_spot,Corn___Northern_Leaf_Blight,0.589860
plantdoc/PlantDoc-Dataset/train/Corn Gray leaf spot/Gray-leaf-spot.jpg,Corn___Cercospora_leaf_spot Gray_leaf_spot,Corn___Northern_Leaf_Blight,0.717600
plantdoc/PlantDoc-Dataset/train/Corn Gray leaf spot/GrayLeafSpot_Chilvers.jpg,Corn___Cercospora_leaf_spot Gray_leaf_spot,Corn___Cercospora_leaf_spot Gray_leaf_spot,0.839164
plantdoc/PlantDoc-Dataset/train/Corn Gray leaf spot/Greyleafspot.jpg,Corn___Cercospora_leaf_spot Gray_leaf_spot,Strawberry___Leaf_scorch,0.355145
plantdoc/PlantDoc-Dataset/train/Corn Gray leaf spot/IMG_0004.JPG?itok=tv_vWPMi.jpg,Corn___Cercospora_leaf_spot Gray_leaf_spot,Corn___Cercospora_leaf_spot Gray_leaf_spot,0.628782
plantdoc/PlantDoc-Dataset/train/Corn Gray leaf spot/IMG_1359.JPG.jpg,Corn___Cercospora_leaf_spot Gray_leaf_spot,Corn___Northern_Leaf_Blight,0.556662
plantdoc/PlantDoc-Dataset/train/Corn Gray leaf spot/IMG_5251.jpg,Corn___Cercospora_leaf_spot Gray_leaf_spot,"Pepper,_bell___healthy",0.461217
plantdoc/PlantDoc-Dataset/train/Corn Gray leaf spot/IMG_6802%2B%25282%2529.JPG.jpg,Corn___Cercospora_leaf_spot Gray_leaf_spot,Corn___Cercospora_leaf_spot Gray_leaf_spot,0.596242
plantdoc/PlantDoc-Dataset/train/Corn Gray leaf spot/Kelley%20Gray%20leaf%20spot.jpg,Corn___Cercospora_leaf_spot Gray_leaf_spot,Corn___Cercospora_leaf_spot Gray_leaf_spot,0.947862
plantdoc/PlantDoc-Dataset/train/Corn Gray leaf spot/Ontario-Field-Crop-Report_July_27_2017_f3-1024x681.jpg,Corn___Cercospora_leaf_spot Gray_leaf_spot,Corn___Cercospora_leaf_spot Gray_leaf_spot,0.796564
plantdoc/PlantDoc-Dataset/train/Corn Gray leaf spot/corn-gls-bls-lesion-comparison.jpg,Corn___Cercospora_leaf_spot Gray_leaf_spot,Corn___Cercospora_leaf_spot Gray_leaf_spot,0.923238
plantdoc/PlantDoc-Dataset/train/Corn Gray leaf spot/corn-gray-leaf-spot-backlit-2.jpg,Corn___Cercospora_leaf_spot Gray_leaf_spot,Corn___Cercospora_leaf_spot Gray_leaf_spot,0.917419
plantdoc/PlantDoc-Dataset/train/Corn Gray leaf spot/corn-gray-leaf-spot-f4.jpg,Corn___Cercospora_leaf_spot Gray_leaf_spot,Corn___Cercospora_leaf_spot Gray_leaf_spot,0.929892
plantdoc/PlantDoc-Dataset/train/Corn Gray leaf spot/corn-gray-leaf-spot.jpg,Corn___Cercospora_leaf_spot Gray_leaf_spot,Corn___Cercospora_leaf_spot Gray_leaf_spot,0.776832
plantdoc/PlantDoc-Dataset/train/Corn Gray leaf spot/cornGLS2.jpg,Corn___Cercospora_leaf_spot Gray_leaf_spot,Corn___Cercospora_leaf_spot Gray_leaf_spot,0.690206
plantdoc/PlantDoc-Dataset/train/Corn Gray leaf spot/cp_A-325_gray_leaf_spot_article.jpg,Corn___Cercospora_leaf_spot Gray_leaf_spot,Corn___healthy,0.924439
plantdoc/PlantDoc-Dataset/train/Corn Gray leaf spot/g1902-1.jpg,Corn___Cercospora_leaf_spot Gray_leaf_spot,Corn___Cercospora_leaf_spot Gray_leaf_spot,0.931639
plantdoc/PlantDoc-Dataset/train/Corn Gray leaf spot/g1902-3b.jpg,Corn___Cercospora_leaf_spot Gray_leaf_spot,Corn___Cercospora_leaf_spot Gray_leaf_spot,0.866112
plantdoc/PlantDoc-Dataset/train/Corn Gray leaf spot/glfspot.jpg,Corn___Cercospora_leaf_spot Gray_leaf_spot,Corn___Cercospora_leaf_spot Gray_leaf_spot,0.936109
plantdoc/PlantDoc-Dataset/train/Corn Gray leaf spot/gls99-anamosa.jpg,Corn___Cercospora_leaf_spot Gray_leaf_spot,Strawberry___Leaf_scorch,0.276850
plantdoc/PlantDoc-Dataset/train/Corn Gray leaf spot/gray%20leaf%20spot.jpg,Corn___Cercospora_leaf_spot Gray_leaf_spot,Corn___Cercospora_leaf_spot Gray_leaf_spot,0.937145
plantdoc/PlantDoc-Dataset/train/Corn Gray leaf spot/gray-leafspt-09-227x300.jpg,Corn___Cercospora_leaf_spot Gray_leaf_spot,Corn___Cercospora_leaf_spot Gray_leaf_spot,0.924714
plantdoc/PlantDoc-Dataset/train/Corn Gray leaf spot/gray_leaf_spot.jpg,Corn___Cercospora_leaf_spot Gray_leaf_spot,"Pepper,_bell___healthy",0.543965
plantdoc/PlantDoc-Dataset/train/Corn Gray leaf spot/gray_leaf_spot__1-14B8612C8B60CDBC8E2.jpg,Corn___Cercospora_leaf_spot Gray_leaf_spot,Corn___Cercospora_leaf_spot Gray_leaf_spot,0.492060
plantdoc/PlantDoc-Dataset/train/Corn Gray leaf spot/gray_leaf_spot_developing.jpg,Corn___Cercospora_leaf_spot Gray_leaf_spot,Corn___Cercospora_leaf_spot Gray_leaf_spot,0.578283
plantdoc/PlantDoc-Dataset/train/Corn Gray leaf spot/grayleafspot99a.jpg,Corn___Cercospora_leaf_spot Gray_leaf_spot,Corn___Cercospora_leaf_spot Gray_leaf_spot,0.701210
plantdoc/PlantDoc-Dataset/train/Corn Gray leaf spot/grayleafspot_earleaf.jpg,Corn___Cercospora_leaf_spot Gray_leaf_spot,Corn___Cercospora_leaf_spot Gray_leaf_spot,0.312669
plantdoc/PlantDoc-Dataset/train/Corn Gray leaf spot/grayleafspothybrid.jpg,Corn___Cercospora_leaf_spot Gray_leaf_spot,Corn___Cercospora_leaf_spot Gray_leaf_spot,0.430095
plantdoc/PlantDoc-Dataset/train/Corn Gray leaf spot/grayleafspotinbred.jpg,Corn___Cercospora_leaf_spot Gray_leaf_spot,Corn___Cercospora_leaf_spot Gray_leaf_spot,0.946780
plantdoc/PlantDoc-Dataset/train/Corn Gray leaf spot/grayspot.jpg,Corn___Cercospora_leaf_spot Gray_leaf_spot,Corn___Cercospora_leaf_spot Gray_leaf_spot,0.817241
plantdoc/PlantDoc-Dataset/train/Corn Gray leaf spot/grey_leaf_spot.jpg,Corn___Cercospora_leaf_spot Gray_leaf_spot,Corn___Northern_Leaf_Blight,0.885725
plantdoc/PlantDoc-Dataset/train/Corn Gray leaf spot/lipps-d.jpg,Corn___Cercospora_leaf_spot Gray_leaf_spot,Corn___healthy,0.920611
plantdoc/PlantDoc-Dataset/train/Corn Gray leaf spot/lipps-e.jpg,Corn___Cercospora_leaf_spot Gray_leaf_spot,Corn___Cercospora_leaf_spot Gray_leaf_spot,0.836830
plantdoc/PlantDoc-Dataset/train/Corn Gray leaf spot/rsz0715grayleafspot.jpg,Corn___Cercospora_leaf_spot Gray_leaf_spot,Corn___Cercospora_leaf_spot Gray_leaf_spot,0.932226
plantdoc/PlantDoc-Dataset/train/Corn Gray leaf spot/rsz0803Figure5.jpg,Corn___Cercospora_leaf_spot Gray_leaf_spot,Corn___Northern_Leaf_Blight,0.811925
plantdoc/PlantDoc-Dataset/train/Corn Gray leaf spot/uuid%3D23d9bc54-c4a7-4958-890c-0505ac310594%26groupId%3D1841%26t%3D1278717199836.jpg,Corn___Cercospora_leaf_spot Gray_leaf_spot,Corn___Northern_Leaf_Blight,0.563881
plantdoc/PlantDoc-Dataset/test/Corn leaf blight/02c.jpg,Corn___Northern_Leaf_Blight,Corn___Northern_Leaf_Blight,0.660037
plantdoc/PlantDoc-Dataset/test/Corn leaf blight/0796.20graylssymt.jpg,Corn___Northern_Leaf_Blight,Corn___Cercospora_leaf_spot Gray_leaf_spot,0.492958
plantdoc/PlantDoc-Dataset/test/Corn leaf blight/07c.jpg,Corn___Northern_Leaf_Blight,"Pepper,_bell___healthy",0.382428
plantdoc/PlantDoc-Dataset/test/Corn leaf blight/0c.jpg,Corn___Northern_Leaf_Blight,Corn___Northern_Leaf_Blight,0.922933
plantdoc/PlantDoc-Dataset/test/Corn leaf blight/1321189.jpg,Corn___Northern_Leaf_Blight,Corn___Cercospora_leaf_spot Gray_leaf_spot,0.616690
plantdoc/PlantDoc-Dataset/test/Corn leaf blight/160314_web.jpg,Corn___Northern_Leaf_Blight,Corn___Northern_Leaf_Blight,0.955683
plantdoc/PlantDoc-Dataset/test/Corn leaf blight/2013Corn_GrayLeafSpot_0815_0003.JPG.jpg,Corn___Northern_Leaf_Blight,Corn___Cercospora_leaf_spot Gray_leaf_spot,0.929257
plantdoc/PlantDoc-Dataset/test/Corn leaf blight/2015070295153021.jpg,Corn___Northern_Leaf_Blight,Corn___Cercospora_leaf_spot Gray_leaf_spot,0.930025
plantdoc/PlantDoc-Dataset/test/Corn leaf blight/Common%20Diseases%20Figure%201.JPG.jpg,Corn___Northern_Leaf_Blight,Corn___Cercospora_leaf_spot Gray_leaf_spot,0.941758
plantdoc/PlantDoc-Dataset/test/Corn leaf blight/Corn-SCLB-2017-1.jpg,Corn___Northern_Leaf_Blight,Corn___Northern_Leaf_Blight,0.499861
plantdoc/PlantDoc-Dataset/test/Corn leaf blight/corn-disease-update-fig-3-gray-leaf-spot.jpg,Corn___Northern_Leaf_Blight,Corn___Cercospora_leaf_spot Gray_leaf_spot,0.939875
plantdoc/PlantDoc-Dataset/test/Corn leaf blight/corn-gray-leaf-spot-f4.jpg,Corn___Northern_Leaf_Blight,Corn___Cercospora_leaf_spot Gray_leaf_spot,0.929892
plantdoc/PlantDoc-Dataset/train/Corn leaf blight/00c.jpg,Corn___Northern_Leaf_Blight,Corn___Northern_Leaf_Blight,0.873253
plantdoc/PlantDoc-Dataset/train/Corn leaf blight/011.jpg,Corn___Northern_Leaf_Blight,Corn___Cercospora_leaf_spot Gray_leaf_spot,0.363702
plantdoc/PlantDoc-Dataset/train/Corn leaf blight/01c.jpg,Corn___Northern_Leaf_Blight,Corn___Cercospora_leaf_spot Gray_leaf_spot,0.925464
plantdoc/PlantDoc-Dataset/train/Corn leaf blight/02.JPG.jpg,Corn___Northern_Leaf_Blight,Corn___Common_rust,0.894474
plantdoc/PlantDoc-Dataset/train/Corn leaf blight/022.jpg,Corn___Northern_Leaf_Blight,Corn___Cercospora_leaf_spot Gray_leaf_spot,0.933636
plantdoc/PlantDoc-Dataset/train/Corn leaf blight/03c.jpg,Corn___Northern_Leaf_Blight,Corn___Cercospora_leaf_spot Gray_leaf_spot,0.697842
plantdoc/PlantDoc-Dataset/train/Corn leaf blight/04c.jpg,Corn___Northern_Leaf_Blight,Corn___Northern_Leaf_Blight,0.802680
plantdoc/PlantDoc-Dataset/train/Corn leaf blight/05c.jpg,Corn___Northern_Leaf_Blight,Tomato___Early_blight,0.682600
plantdoc/PlantDoc-Dataset/train/Corn leaf blight/06c.jpg,Corn___Northern_Leaf_Blight,"Pepper,_bell___healthy",0.881855
plantdoc/PlantDoc-Dataset/train/Corn leaf blight/071409%20Vincelli%20nlb%20on%20corn%20leaf.JPG.jpg,Corn___Northern_Leaf_Blight,Corn___Northern_Leaf_Blight,0.793562
plantdoc/PlantDoc-Dataset/train/Corn leaf blight/0796.33anthracn.jpg,Corn___Northern_Leaf_Blight,Corn___Northern_Leaf_Blight,0.937243
plantdoc/PlantDoc-Dataset/train/Corn leaf blight/0805Fig3400.jpg,Corn___Northern_Leaf_Blight,Corn___Northern_Leaf_Blight,0.895916
plantdoc/PlantDoc-Dataset/train/Corn leaf blight/09c.jpg,Corn___Northern_Leaf_Blight,"Pepper,_bell___healthy",0.763768
plantdoc/PlantDoc-Dataset/train/Corn leaf blight/1-495x400.jpg,Corn___Northern_Leaf_Blight,"Pepper,_bell___healthy",0.467573
plantdoc/PlantDoc-Dataset/train/Corn leaf blight/1200px-Northern_corn_leaf_blight.JPG.jpg,Corn___Northern_Leaf_Blight,"Pepper,_bell___healthy",0.335284
plantdoc/PlantDoc-Dataset/train/Corn leaf blight/186116-325x209-Northern-Corn-Leaf-Blight-Chilvers.jpg,Corn___Northern_Leaf_Blight,Corn___Northern_Leaf_Blight,0.743978
plantdoc/PlantDoc-Dataset/train/Corn leaf blight/2-3%20Gray%20leaf%20spot%20BRUCE.jpg,Corn___Northern_Leaf_Blight,Corn___Cercospora_leaf_spot Gray_leaf_spot,0.784045
plantdoc/PlantDoc-Dataset/train/Corn leaf blight/2014-07-23-corngosswilt.jpg,Corn___Northern_Leaf_Blight,Corn___Cercospora_leaf_spot Gray_leaf_spot,0.822721
plantdoc/PlantDoc-Dataset/train/Corn leaf blight/20140826_131630.jpg,Corn___Northern_Leaf_Blight,Corn___Cercospora_leaf_spot Gray_leaf_spot,0.261976
plantdoc/PlantDoc-Dataset/train/Corn leaf blight/20160812__13ST_xanthomonas~1.jpg,Corn___Northern_Leaf_Blight,Corn___Cercospora_leaf_spot Gray_leaf_spot,0.929960
plantdoc/PlantDoc-Dataset/train/Corn leaf blight/20160826-corndisease-unlt.jpg,Corn___Northern_Leaf_Blight,Corn___Cercospora_leaf_spot Gray_leaf_spot,0.929671
plantdoc/PlantDoc-Dataset/train/Corn leaf blight/203725159.jpg,Corn___Northern_Leaf_Blight,Corn___Cercospora_leaf_spot Gray_leaf_spot,0.486086
plantdoc/PlantDoc-Dataset/train/Corn leaf blight/2159_0.jpeg?itok=eBFRbolm.jpg,Corn___Northern_Leaf_Blight,Corn___Cercospora_leaf_spot Gray_leaf_spot,0.877767
plantdoc/PlantDoc-Dataset/train/Corn leaf blight/220px-Sporulation_on_leaf.JPG.jpg,Corn___Northern_Leaf_Blight,Corn___Cercospora_leaf_spot Gray_leaf_spot,0.940282
plantdoc/PlantDoc-Dataset/train/Corn leaf blight/24154194959_fd4b42edde_b.jpg,Corn___Northern_Leaf_Blight,"Pepper,_bell___healthy",0.469151
plantdoc/PlantDoc-Dataset/train/Corn leaf blight/28380-1024x768.jpg,Corn___Northern_Leaf_Blight,Corn___Northern_Leaf_Blight,0.654999
plantdoc/PlantDoc-Dataset/train/Corn leaf blight/28430_rel.jpg,Corn___Northern_Leaf_Blight,Corn___Cercospora_leaf_spot Gray_leaf_spot,0.940483
plantdoc/PlantDoc-Dataset/train/Corn leaf blight/28430_web.jpg,Corn___Northern_Leaf_Blight,Corn___Cercospora_leaf_spot Gray_leaf_spot,0.941193
plantdoc/PlantDoc-Dataset/train/Corn leaf blight/4885423651_3c983eaa16_b.jpg,Corn___Northern_Leaf_Blight,Corn___Cercospora_leaf_spot Gray_leaf_spot,0.938783
plantdoc/PlantDoc-Dataset/train/Corn leaf blight/80102321.jpg,Corn___Northern_Leaf_Blight,"Pepper,_bell___healthy",0.529252
plantdoc/PlantDoc-Dataset/train/Corn leaf blight/BacterialLeafStreakinCornImage1.png.jpg,Corn___Northern_Leaf_Blight,Corn___Cercospora_leaf_spot Gray_leaf_spot,0.275962
plantdoc/PlantDoc-Dataset/train/Corn leaf blight/Bsglqj_IYAATS3C.jpg%2Blarge.jpg,Corn___Northern_Leaf_Blight,Corn___Cercospora_leaf_spot Gray_leaf_spot,0.891755
plantdoc/PlantDoc-Dataset/train/Corn leaf blight/CORN-DISEASE.jpg,Corn___Northern_Leaf_Blight,"Pepper,_bell___healthy",0.485609
plantdoc/PlantDoc-Dataset/train/Corn leaf blight/CmyiAkUUIAAqSEa.jpg,Corn___Northern_Leaf_Blight,Corn___Northern_Leaf_Blight,0.956843
plantdoc/PlantDoc-Dataset/train/Corn leaf blight/Cochliobolus_heterostrophus.jpg,Corn___Northern_Leaf_Blight,Corn___Cercospora_leaf_spot Gray_leaf_spot,0.922796
plantdoc/PlantDoc-Dataset/train/Corn leaf blight/Corn+Blight+1970+Fungus%3A+Southern+Corn+Leaf+Blight.jpg,Corn___Northern_Leaf_Blight,"Pepper,_bell___healthy",0.251167
plantdoc/PlantDoc-Dataset/train/Corn leaf blight/Corn-Disease-NCLB-A-Nelson-6-18-2015-F1.jpg,Corn___Northern_Leaf_Blight,Corn___Cercospora_leaf_spot Gray_leaf_spot,0.936920
plantdoc/PlantDoc-Dataset/train/Corn leaf blight/Corn-GLS-Picture2-e1403817927977-1024x416.jpg,Corn___Northern_Leaf_Blight,Corn___Cercospora_leaf_spot Gray_leaf_spot,0.792111
plantdoc/PlantDoc-Dataset/train/Corn leaf blight/Corn-Gray-Leaf-Spot-7-31-F2.jpg,Corn___Northern_Leaf_Blight,Corn___Cercospora_leaf_spot Gray_leaf_spot,0.925351
plantdoc/PlantDoc-Dataset/train/Corn leaf blight/Corn-NCLB.jpg,Corn___Northern_Leaf_Blight,Corn___Northern_Leaf_Blight,0.939267
plantdoc/PlantDoc-Dataset/train/Corn leaf blight/Corn-disease-small-NCLB-lesions-A-Nelson-6-16-2015-F2.jpg,Corn___Northern_Leaf_Blight,Corn___Cercospora_leaf_spot Gray_leaf_spot,0.821941
plantdoc/PlantDoc-Dataset/train/Corn leaf blight/Corn-gray-leaf-spot-8-14-15-F1.jpg,Corn___Northern_Leaf_Blight,Tomato___Early_blight,0.127096
plantdoc/PlantDoc-Dataset/train/Corn leaf blight/Corn-gray-leaf-spot-8-21.jpg,Corn___Northern_Leaf_Blight,Corn___Cercospora_leaf_spot Gray_leaf_spot,0.943904
plantdoc/PlantDoc-Dataset/train/Corn leaf blight/Corn-gray-leaf-spot-F2-8-7-15.jpg,Corn___Northern_Leaf_Blight,Corn___Cercospora_leaf_spot Gray_leaf_spot,0.925640
plantdoc/PlantDoc-Dataset/train/Corn leaf blight/Corn-northern%20corn%20leaf%20blight-8-21.jpg,Corn___Northern_Leaf_Blight,Corn___healthy,0.349930
plantdoc/PlantDoc-Dataset/train/Corn leaf blight/Corn020Fig2.jpg,Corn___Northern_Leaf_Blight,Corn___Northern_Leaf_Blight,0.805501
plantdoc/PlantDoc-Dataset/train/Corn leaf blight/Corn_Fig10.jpg,Corn___Northern_Leaf_Blight,Corn___Cercospora_leaf_spot Gray_leaf_spot,0.627518
plantdoc/PlantDoc-Dataset/train/Corn leaf blight/DSCN0119.jpg,Corn___Northern_Leaf_Blight,Corn___healthy,0.612244
plantdoc/PlantDoc-Dataset/train/Corn leaf blight/DSCN0128.jpg,Corn___Northern_Leaf_Blight,Corn___Cercospora_leaf_spot Gray_leaf_spot,0.954415
plantdoc/PlantDoc-Dataset/train/Corn leaf blight/Erv-sprayed-4.jpg,Corn___Northern_Leaf_Blight,Corn___healthy,0.919835
plantdoc/PlantDoc-Dataset/train/Corn leaf blight/FJ_018_F16271-2.jpg,Corn___Northern_Leaf_Blight,Corn___Northern_Leaf_Blight,0.212923
plantdoc/PlantDoc-Dataset/train/Corn leaf blight/Fig%201b%20BLS%20backlit%20new%20copy.jpg,Corn___Northern_Leaf_Blight,Corn___Cercospora_leaf_spot Gray_leaf_spot,0.927529
plantdoc/PlantDoc-Dataset/train/Corn leaf blight/Fig1_Northern_corn_leaf_blight.JPG.jpg,Corn___Northern_Leaf_Blight,Corn___Cercospora_leaf_spot Gray_leaf_spot,0.928227
plantdoc/PlantDoc-Dataset/train/Corn leaf blight/Figure%202%20Foliar%20symptoms%20of%20similar%20diseases%20to%20Goss.jpg,Corn___Northern_Leaf_Blight,Corn___Cercospora_leaf_spot Gray_leaf_spot,0.889725
plantdoc/PlantDoc-Dataset/train/Corn leaf blight/Figure%202.JPG.jpg,Corn___Northern_Leaf_Blight,Corn___Cercospora_leaf_spot Gray_leaf_spot,0.928255
plantdoc/PlantDoc-Dataset/train/Corn leaf blight/Figure-2-.jpg,Corn___Northern_Leaf_Blight,Corn___Cercospora_leaf_spot Gray_leaf_spot,0.412058
plantdoc/PlantDoc-Dataset/train/Corn leaf blight/Freckles-in-older-lesion1.jpg,Corn___Northern_Leaf_Blight,Corn___Northern_Leaf_Blight,0.878274
plantdoc/PlantDoc-Dataset/train/Corn leaf blight/GLSvsNCLB.jpg,Corn___Northern_Leaf_Blight,Corn___Cercospora_leaf_spot Gray_leaf_spot,0.883829
plantdoc/PlantDoc-Dataset/train/Corn leaf blight/Henrycorn1.jpg,Corn___Northern_Leaf_Blight,Corn___Cercospora_leaf_spot Gray_leaf_spot,0.452575
plantdoc/PlantDoc-Dataset/train/Corn leaf blight/IMG_1153.JPG.jpg,Corn___Northern_Leaf_Blight,Corn___Northern_Leaf_Blight,0.422468
plantdoc/PlantDoc-Dataset/train/Corn leaf blight/IMG_1347.JPG.jpg,Corn___Northern_Leaf_Blight,Corn___Cercospora_leaf_spot Gray_leaf_spot,0.945706
plantdoc/PlantDoc-Dataset/train/Corn leaf blight/IMG_1385.jpg,Corn___Northern_Leaf_Blight,Corn___Northern_Leaf_Blight,0.781075
plantdoc/PlantDoc-Dataset/train/Corn leaf blight/IMG_1468-431x323.JPG.jpg,Corn___Northern_Leaf_Blight,"Pepper,_bell___healthy",0.454759
plantdoc/PlantDoc-Dataset/train/Corn leaf blight/IMG_20140601_143916_7931.jpg,Corn___Northern_Leaf_Blight,Corn___Northern_Leaf_Blight,0.966167
plantdoc/PlantDoc-Dataset/train/Corn leaf blight/IMG_20140601_143928_0711.jpg,Corn___Northern_Leaf_Blight,Corn___Northern_Leaf_Blight,0.503553
plantdoc/PlantDoc-Dataset/train/Corn leaf blight/IMG_42231.jpg,Corn___Northern_Leaf_Blight,Tomato___Early_blight,0.583866
plantdoc/PlantDoc-Dataset/train/Corn leaf blight/Kelley%20NCLB.jpg,Corn___Northern_Leaf_Blight,Corn___Cercospora_leaf_spot Gray_leaf_spot,0.944605
plantdoc/PlantDoc-Dataset/train/Corn leaf blight/N.-Corn-Leaf-Blight-20lx3t9.jpg,Corn___Northern_Leaf_Blight,Corn___Northern_Leaf_Blight,0.877708
plantdoc/PlantDoc-Dataset/train/Corn leaf blight/NCLB-2.jpg,Corn___Northern_Leaf_Blight,Corn___Cercospora_leaf_spot Gray_leaf_spot,0.929951
plantdoc/PlantDoc-Dataset/train/Corn leaf blight/NCLB6.jpg,Corn___Northern_Leaf_Blight,Cherry___healthy,0.396732
plantdoc/PlantDoc-Dataset/train/Corn leaf blight/NoCornLeafBlight13b.jpg,Corn___Northern_Leaf_Blight,"Pepper,_bell___healthy",0.831475
plantdoc/PlantDoc-Dataset/train/Corn leaf blight/Northern-Corn-Blight.jpg,Corn___Northern_Leaf_Blight,Corn___healthy,0.468277
plantdoc/PlantDoc-Dataset/train/Corn leaf blight/Northern-Corn-Leaf-Blight-Lesions.jpg,Corn___Northern_Leaf_Blight,Corn___Northern_Leaf_Blight,0.947338
plantdoc/PlantDoc-Dataset/train/Corn leaf blight/Northern-Corn-Leaf-Blight-NCLB-med.jpg,Corn___Northern_Leaf_Blight,Corn___Northern_Leaf_Blight,0.920948
plantdoc/PlantDoc-Dataset/train/Corn leaf blight/Northern-Corn-Leaf-Blight-in-Sweet-Corn.jpg,Corn___Northern_Leaf_Blight,"Pepper,_bell___healthy",0.807394
plantdoc/PlantDoc-Dataset/train/Corn leaf blight/Northern-Corn-Leaf-Blight.ashx.jpg,Corn___Northern_Leaf_Blight,"Pepper,_bell___healthy",0.638441
plantdoc/PlantDoc-Dataset/train/Corn leaf blight/Northern-Corn-Leaf-Blight.jpg,Corn___Northern_Leaf_Blight,Corn___Northern_Leaf_Blight,0.952135
plantdoc/PlantDoc-Dataset/train/Corn leaf blight/Northern-Corn-Leaf-Blight4.jpg,Corn___Northern_Leaf_Blight,Corn___Northern_Leaf_Blight,0.944689
plantdoc/PlantDoc-Dataset/train/Corn leaf blight/Northern-corn-leaf-blight-NM-F1a.jpg,Corn___Northern_Leaf_Blight,Corn___Northern_Leaf_Blight,0.934646
plantdoc/PlantDoc-Dataset/train/Corn leaf blight/Northern-corn-leaf-blight-NM-F2.jpg,Corn___Northern_Leaf_Blight,Corn___Cercospora_leaf_spot Gray_leaf_spot,0.419896
plantdoc/PlantDoc-Dataset/train/Corn leaf blight/Northern-corn-leaf-blight-V12-leaf-NM-F3.jpg,Corn___Northern_Leaf_Blight,Corn___Cercospora_leaf_spot Gray_leaf_spot,0.435721
plantdoc/PlantDoc-Dataset/train/Corn leaf blight/Northern-corn-leaf-blight2_twitter.jpg,Corn___Northern_Leaf_Blight,"Pepper,_bell___healthy",0.653021
plantdoc/PlantDoc-Dataset/train/Corn leaf blight/Northern-corn-leafblight.jpg,Corn___Northern_Leaf_Blight,Corn___Northern_Leaf_Blight,0.941101
plantdoc/PlantDoc-Dataset/train/Corn leaf blight/Northern-leaf-blight-in-corn.jpg,Corn___Northern_Leaf_Blight,Corn___Northern_Leaf_Blight,0.952319
plantdoc/PlantDoc-Dataset/train/Corn leaf blight/NorthernCornLeafBlight.jpg,Corn___Northern_Leaf_Blight,"Pepper,_bell___healthy",0.799450
plantdoc/PlantDoc-Dataset/train/Corn leaf blight/Ontario-Field-Crop-Report_July_27_2017_f1-1024x768.jpg,Corn___Northern_Leaf_Blight,Corn___Northern_Leaf_Blight,0.954094
plantdoc/PlantDoc-Dataset/train/Corn leaf blight/P1000367.jpg,Corn___Northern_Leaf_Blight,Corn___Northern_Leaf_Blight,0.933850
plantdoc/PlantDoc-Dataset/train/Corn leaf blight/P6120019.jpg,Corn___Northern_Leaf_Blight,Corn___Northern_Leaf_Blight,0.454076
plantdoc/PlantDoc-Dataset/train/Corn leaf blight/Risk+factors+for+Goss%E2%80%99s+wilt+and+leaf+blight+Percent+surface+residue.jpg,Corn___Northern_Leaf_Blight,"Pepper,_bell___healthy",0.672524
plantdoc/PlantDoc-Dataset/train/Corn leaf blight/SAM_0376.JPG.jpg,Corn___Northern_Leaf_Blight,"Pepper,_bell___healthy",0.364690
plantdoc/PlantDoc-Dataset/train/Corn leaf blight/Slide1.preview.jpg,Corn___Northern_Leaf_Blight,Corn___Northern_Leaf_Blight,0.747644
plantdoc/PlantDoc-Dataset/train/Corn leaf blight/Southern-Corn-Leaf-Blight-USDA.ashx?w=770.jpg,Corn___Northern_Leaf_Blight,"Pepper,_bell___healthy",0.861296
plantdoc/PlantDoc-Dataset/train/Corn leaf blight/Stewarts-Leaf-Blight-Phase-24.jpg,Corn___Northern_Leaf_Blight,Corn___Cercospora_leaf_spot Gray_leaf_spot,0.936441
plantdoc/PlantDoc-Dataset/train/Corn leaf blight/agriculture-crop-disease-northern-corn-leaf-blight-fungus-exserohilum-FRA00E.jpg,Corn___Northern_Leaf_Blight,"Pepper,_bell___healthy",0.772562
plantdoc/PlantDoc-Dataset/train/Corn leaf blight/agriculture-crop-disease-northern-corn-leaf-blight-fungus-exserohilum-turcicum-closeup-of-lesions-on-corn-leaves-texas-usa-x74mbx.jpg,Corn___Northern_Leaf_Blight,"Pepper,_bell___healthy",0.721089
plantdoc/PlantDoc-Dataset/train/Corn leaf blight/anthracnoseblight.jpg,Corn___Northern_Leaf_Blight,"Pepper,_bell___Bacterial_spot",0.282593
plantdoc/PlantDoc-Dataset/train/Corn leaf blight/article-fungicides-northern-corn-leaf-blight.jpg,Corn___Northern_Leaf_Blight,Corn___Northern_Leaf_Blight,0.491478
plantdoc/PlantDoc-Dataset/train/Corn leaf blight/bacterial-corn-1.jpg,Corn___Northern_Leaf_Blight,Corn___Cercospora_leaf_spot Gray_leaf_spot,0.930586
plantdoc/PlantDoc-Dataset/train/Corn leaf blight/bacterial-corn-300x300.jpg,Corn___Northern_Leaf_Blight,Corn___Cercospora_leaf_spot Gray_leaf_spot,0.931938
plantdoc/PlantDoc-Dataset/train/Corn leaf blight/bacterial-leaf-streak-corn.jpg,Corn___Northern_Leaf_Blight,Corn___healthy,0.871400
plantdoc/PlantDoc-Dataset/train/Corn leaf blight/bacterial-leaf-streak-of-corn-450-F1.jpg,Corn___Northern_Leaf_Blight,Corn___Northern_Leaf_Blight,0.732450
plantdoc/PlantDoc-Dataset/train/Corn leaf blight/bacterial-leaf-streak-of-corn.jpg,Corn___Northern_Leaf_Blight,Corn___Cercospora_leaf_spot Gray_leaf_spot,0.354168
plantdoc/PlantDoc-Dataset/train/Corn leaf blight/bls-lesions-tjz-hr.jpg,Corn___Northern_Leaf_Blight,Corn___Cercospora_leaf_spot Gray_leaf_spot,0.870886
plantdoc/PlantDoc-Dataset/train/Corn leaf blight/clip_image010.jpg,Corn___Northern_Leaf_Blight,Corn___Northern_Leaf_Blight,0.219977
plantdoc/PlantDoc-Dataset/train/Corn leaf blight/corn-BLS-irregular-lesions.jpg,Corn___Northern_Leaf_Blight,Corn___Cercospora_leaf_spot Gray_leaf_spot,0.930135
plantdoc/PlantDoc-Dataset/train/Corn leaf blight/corn-bacterial-leaf-streak-V4-AdamsCnty-THartman-F1a.jpg,Corn___Northern_Leaf_Blight,Corn___Northern_Leaf_Blight,0.914268
plantdoc/PlantDoc-Dataset/train/Corn leaf blight/corn-bacterial-leaf-streak-backlit-severe-lesions.jpg,Corn___Northern_Leaf_Blight,Corn___Cercospora_leaf_spot Gray_leaf_spot,0.846280
plantdoc/PlantDoc-Dataset/train/Corn leaf blight/corn-bacterial-leaf-streak-f1.JPG.jpg,Corn___Northern_Leaf_Blight,Corn___Cercospora_leaf_spot Gray_leaf_spot,0.931201
plantdoc/PlantDoc-Dataset/train/Corn leaf blight/corn-bacterial-leaf-streak-f4.jpg,Corn___Northern_Leaf_Blight,Corn___Cercospora_leaf_spot Gray_leaf_spot,0.572989
plantdoc/PlantDoc-Dataset/train/Corn leaf blight/corn-bacterial-leaf-streak-f7a-b.jpg,Corn___Northern_Leaf_Blight,Corn___Cercospora_leaf_spot Gray_leaf_spot,0.932993
plantdoc/PlantDoc-Dataset/train/Corn leaf blight/corn-bacterial-leaf-streak-narrow-stripes.jpg,Corn___Northern_Leaf_Blight,Corn___Cercospora_leaf_spot Gray_leaf_spot,0.926248
plantdoc/PlantDoc-Dataset/train/Corn leaf blight/corn-bacterial-leaf-streak-zoomed.jpg,Corn___Northern_Leaf_Blight,Corn___Cercospora_leaf_spot Gray_leaf_spot,0.931577
plantdoc/PlantDoc-Dataset/train/Corn leaf blight/corn-baterial-leaf-stripe-f1b.JPG.jpg,Corn___Northern_Leaf_Blight,Corn___Cercospora_leaf_spot Gray_leaf_spot,0.879919
plantdoc/PlantDoc-Dataset/train/Corn leaf blight/corn-disease-update-fig-1-northern-leaf-blight.jpg,Corn___Northern_Leaf_Blight,Corn___Cercospora_leaf_spot Gray_leaf_spot,0.836412
plantdoc/PlantDoc-Dataset/train/Corn leaf blight/corn-disease-update-fig-2-diplodia-leaf-streak1.jpg,Corn___Northern_Leaf_Blight,Corn___Northern_Leaf_Blight,0.635542
plantdoc/PlantDoc-Dataset/train/Corn leaf blight/corn-fig-1.jpg,Corn___Northern_Leaf_Blight,Corn___Northern_Leaf_Blight,0.848733
plantdoc/PlantDoc-Dataset/train/Corn leaf blight/corn-fig-2.jpg,Corn___Northern_Leaf_Blight,Corn___Cercospora_leaf_spot Gray_leaf_spot,0.926257
plantdoc/PlantDoc-Dataset/train/Corn leaf blight/corn-gray-leaf-spot-f5.jpg,Corn___Northern_Leaf_Blight,"Pepper,_bell___healthy",0.443107
plantdoc/PlantDoc-Dataset/train/Corn leaf blight/corn-large-wavy-Xanth-lesions-f3.jpg,Corn___Northern_Leaf_Blight,Corn___Cercospora_leaf_spot Gray_leaf_spot,0.931843
plantdoc/PlantDoc-Dataset/train/Corn leaf blight/corn-leaf-scald-9a.jpg,Corn___Northern_Leaf_Blight,Corn___Cercospora_leaf_spot Gray_leaf_spot,0.877522
plantdoc/PlantDoc-Dataset/train/Corn leaf blight/corn-leaf-scald-9c.jpg,Corn___Northern_Leaf_Blight,Corn___Cercospora_leaf_spot Gray_leaf_spot,0.936627
plantdoc/PlantDoc-Dataset/train/Corn leaf blight/corn-leaf-scald-9d.jpg,Corn___Northern_Leaf_Blight,Corn___Cercospora_leaf_spot Gray_leaf_spot,0.935007
plantdoc/PlantDoc-Dataset/train/Corn leaf blight/corn-mature-bacterial-leaf-streak.jpg,Corn___Northern_Leaf_Blight,Corn___Cercospora_leaf_spot Gray_leaf_spot,0.936375
plantdoc/PlantDoc-Dataset/train/Corn leaf blight/corn-northern-corn-leaf-blight-f6.jpg,Corn___Northern_Leaf_Blight,Corn___Northern_Leaf_Blight,0.385648
plantdoc/PlantDoc-Dataset/train/Corn leaf blight/corn-northern-corn-leaf-blight.jpg,Corn___Northern_Leaf_Blight,Corn___healthy,0.593864
plantdoc/PlantDoc-Dataset/train/Corn leaf blight/corn-several-Holcus%20spot%20lesions-f4.jpg,Corn___Northern_Leaf_Blight,"Pepper,_bell___healthy",0.855718
plantdoc/PlantDoc-Dataset/train/Corn leaf blight/corn-short-backlit-Xanth-lesions-halos-f2-.jpg,Corn___Northern_Leaf_Blight,Corn___Northern_Leaf_Blight,0.569113
plantdoc/PlantDoc-Dataset/train/Corn leaf blight/corn-short-backlit-Xanth-lesions-halos-f2.jpg,Corn___Northern_Leaf_Blight,Corn___Northern_Leaf_Blight,0.573711
plantdoc/PlantDoc-Dataset/train/Corn leaf blight/corn-stalk-rot-leaf-symptoms-F1.jpg.jpeg,Corn___Northern_Leaf_Blight,Corn___Northern_Leaf_Blight,0.439765
plantdoc/PlantDoc-Dataset/train/Corn leaf blight/corn1.jpg,Corn___Northern_Leaf_Blight,Corn___Northern_Leaf_Blight,0.917510
plantdoc/PlantDoc-Dataset/train/Corn leaf blight/corn_disease_clip_image001_0003.jpg,Corn___Northern_Leaf_Blight,Corn___Northern_Leaf_Blight,0.851703
plantdoc/PlantDoc-Dataset/train/Corn leaf blight/corn_gray_leaf_spot.jpg,Corn___Northern_Leaf_Blight,"Pepper,_bell___healthy",0.199521
plantdoc/PlantDoc-Dataset/train/Corn leaf blight/cp_VA-123_northern_corn_leaf_blight_article.jpg,Corn___Northern_Leaf_Blight,"Pepper,_bell___healthy",0.809663
plantdoc/PlantDoc-Dataset/train/Corn leaf blight/disease.jpg,Corn___Northern_Leaf_Blight,"Pepper,_bell___healthy",0.456152
plantdoc/PlantDoc-Dataset/train/Corn leaf blight/disease3.jpg,Corn___Northern_Leaf_Blight,Corn___healthy,0.916308
plantdoc/PlantDoc-Dataset/train/Corn leaf blight/disease4.jpg,Corn___Northern_Leaf_Blight,Corn___Cercospora_leaf_spot Gray_leaf_spot,0.461644
plantdoc/PlantDoc-Dataset/train/Corn leaf blight/dsc5270.jpg,Corn___Northern_Leaf_Blight,"Pepper,_bell___healthy",0.663521
plantdoc/PlantDoc-Dataset/train/Corn leaf blight/dsc5582.jpg,Corn___Northern_Leaf_Blight,Cherry___healthy,0.422986
plantdoc/PlantDoc-Dataset/train/Corn leaf blight/f7bd710e84db49829a918d85a2ff809c1.jpg,Corn___Northern_Leaf_Blight,Corn___Cercospora_leaf_spot Gray_leaf_spot,0.914106
plantdoc/PlantDoc-Dataset/train/Corn leaf blight/fi00245.JPG.jpg,Corn___Northern_Leaf_Blight,Corn___Northern_Leaf_Blight,0.565876
plantdoc/PlantDoc-Dataset/train/Corn leaf blight/ga-2015-05-20-nclb.jpg,Corn___Northern_Leaf_Blight,Corn___Cercospora_leaf_spot Gray_leaf_spot,0.911711
plantdoc/PlantDoc-Dataset/train/Corn leaf blight/gls99-anamosa-400x334.jpg,Corn___Northern_Leaf_Blight,Strawberry___Leaf_scorch,0.364764
plantdoc/PlantDoc-Dataset/train/Corn leaf blight/gosswilt_TMB.jpg,Corn___Northern_Leaf_Blight,Corn___Northern_Leaf_Blight,0.369240
plantdoc/PlantDoc-Dataset/train/Corn leaf blight/gray-leaf-spot-lesions-F4.jpg,Corn___Northern_Leaf_Blight,Corn___Cercospora_leaf_spot Gray_leaf_spot,0.379279
plantdoc/PlantDoc-Dataset/train/Corn leaf blight/gray-leaf-spot-severe--.jpg,Corn___Northern_Leaf_Blight,"Pepper,_bell___healthy",0.604342
plantdoc/PlantDoc-Dataset/train/Corn leaf blight/helminthosporium-or-turcicum-leaf-stains-on-corn-leaf-disease-of-corn-plant-R5GR3C.jpg,Corn___Northern_Leaf_Blight,Corn___Cercospora_leaf_spot Gray_leaf_spot,0.785322
plantdoc/PlantDoc-Dataset/train/Corn leaf blight/image.jpg,Corn___Northern_Leaf_Blight,"Pepper,_bell___healthy",0.294384
plantdoc/PlantDoc-Dataset/train/Corn leaf blight/image393.jpg,Corn___Northern_Leaf_Blight,Corn___Northern_Leaf_Blight,0.648090
plantdoc/PlantDoc-Dataset/train/Corn leaf blight/image_1500x1500%253E.jpeg?1473988930.jpg,Corn___Northern_Leaf_Blight,Strawberry___Leaf_scorch,0.852565
plantdoc/PlantDoc-Dataset/train/Corn leaf blight/image_1500x1500%253E.jpeg?1473988931.jpg,Corn___Northern_Leaf_Blight,Strawberry___Leaf_scorch,0.588611
plantdoc/PlantDoc-Dataset/train/Corn leaf blight/img_0099-2.jpg,Corn___Northern_Leaf_Blight,Corn___Cercospora_leaf_spot Gray_leaf_spot,0.478934
plantdoc/PlantDoc-Dataset/train/Corn leaf blight/img_5593211e4bf88_49361.jpg,Corn___Northern_Leaf_Blight,Corn___Northern_Leaf_Blight,0.596948
plantdoc/PlantDoc-Dataset/train/Corn leaf blight/leafblightcorn.jpg,Corn___Northern_Leaf_Blight,Corn___Northern_Leaf_Blight,0.602636
plantdoc/PlantDoc-Dataset/train/Corn leaf blight/nclb-2015-n-mcghee.jpg,Corn___Northern_Leaf_Blight,Corn___Cercospora_leaf_spot Gray_leaf_spot,0.892094
plantdoc/PlantDoc-Dataset/train/Corn leaf blight/nclb3_rob_factsheetimage.jpg,Corn___Northern_Leaf_Blight,Cherry___healthy,0.354177
plantdoc/PlantDoc-Dataset/train/Corn leaf blight/nclb3x1200.jpg,Corn___Northern_Leaf_Blight,Corn___Cercospora_leaf_spot Gray_leaf_spot,0.265721
plantdoc/PlantDoc-Dataset/train/Corn leaf blight/nclb4x1200.jpg,Corn___Northern_Leaf_Blight,"Pepper,_bell___healthy",0.497655
plantdoc/PlantDoc-Dataset/train/Corn leaf blight/nclb7x1200.jpg,Corn___Northern_Leaf_Blight,Cherry___healthy,0.645379
plantdoc/PlantDoc-Dataset/train/Corn leaf blight/ncls-2016-a-shirley.jpg,Corn___Northern_Leaf_Blight,Corn___Northern_Leaf_Blight,0.723899
plantdoc/PlantDoc-Dataset/train/Corn leaf blight/ncorn_leaf_blight_0796_02.jpg,Corn___Northern_Leaf_Blight,Corn___healthy,0.851441
plantdoc/PlantDoc-Dataset/train/Corn leaf blight/northern-corn-leaf-blight-exserohilum-turcicum-lesions-on-a-maize-BBFWRB.jpg,Corn___Northern_Leaf_Blight,Corn___Cercospora_leaf_spot Gray_leaf_spot,0.676121
plantdoc/PlantDoc-Dataset/train/Corn leaf blight/northern-corn-leaf-blight-exserohilum-turcicum-lesions-on-a-maize-BX3K2K.jpg,Corn___Northern_Leaf_Blight,Cherry___healthy,0.334491
plantdoc/PlantDoc-Dataset/train/Corn leaf blight/northern-corn-leaf-blight-exserohilum-turcicum-lesions-on-a-maize-leaf-south-africa-XDYJWY.jpg,Corn___Northern_Leaf_Blight,Cherry___healthy,0.309167
plantdoc/PlantDoc-Dataset/train/Corn leaf blight/northern-corn-leaf-blight-exserohilum-turcicum-lesions-on-a-maize-leaf-south-africa-xe3a7j.jpg,Corn___Northern_Leaf_Blight,"Pepper,_bell___healthy",0.543788
plantdoc/PlantDoc-Dataset/train/Corn leaf blight/northern-corn-leaf-blight.jpg,Corn___Northern_Leaf_Blight,Corn___Cercospora_leaf_spot Gray_leaf_spot,0.778691
plantdoc/PlantDoc-Dataset/train/Corn leaf blight/northern_corn_leaf_blight_university_of_delaware-600x400.jpg,Corn___Northern_Leaf_Blight,Corn___Northern_Leaf_Blight,0.923255
plantdoc/PlantDoc-Dataset/train/Corn leaf blight/northern_leaf_blight.jpg,Corn___Northern_Leaf_Blight,Corn___Cercospora_leaf_spot Gray_leaf_spot,0.937283
plantdoc/PlantDoc-Dataset/train/Corn leaf blight/photo-7-004.jpg,Corn___Northern_Leaf_Blight,Corn___Northern_Leaf_Blight,0.947468
plantdoc/PlantDoc-Dataset/train/Corn leaf blight/possible-northerncornleafspot.jpg,Corn___Northern_Leaf_Blight,Corn___Cercospora_leaf_spot Gray_leaf_spot,0.943935
plantdoc/PlantDoc-Dataset/train/Corn leaf blight/rsz0731northernleafblightcigarshapedlesionsfig5.jpg,Corn___Northern_Leaf_Blight,Corn___Cercospora_leaf_spot Gray_leaf_spot,0.933444
plantdoc/PlantDoc-Dataset/train/Corn leaf blight/show_picture.asp?id=aaaaaaaaaanoroz&w=524.jpg,Corn___Northern_Leaf_Blight,Corn___Northern_Leaf_Blight,0.487425
plantdoc/PlantDoc-Dataset/train/Corn leaf blight/smaller-Septoria2.jpg,Corn___Northern_Leaf_Blight,Corn___Northern_Leaf_Blight,0.900415
plantdoc/PlantDoc-Dataset/train/Corn leaf blight/stewartswilt.jpg,Corn___Northern_Leaf_Blight,Corn___Northern_Leaf_Blight,0.789454
plantdoc/PlantDoc-Dataset/train/Corn leaf blight/stock-photo-northern-corn-leaf-blight-nclb-is-a-foliar-disease-of-corn-maize-caused-by-exserohilum-turcicum-592778840.jpg,Corn___Northern_Leaf_Blight,Strawberry___Leaf_scorch,0.342736
plantdoc/PlantDoc-Dataset/train/Corn leaf blight/stock-photo-northern-corn-leaf-blight-nclb-is-a-foliar-disease-of-corn-maize-caused-by-exserohilum-turcicum-592778861.jpg,Corn___Northern_Leaf_Blight,"Pepper,_bell___healthy",0.468617
plantdoc/PlantDoc-Dataset/train/Corn leaf blight/stock-photo-northern-corn-leaf-blight-nclb-is-a-foliar-disease-of-corn-maize-caused-by-exserohilum-turcicum-592778870.jpg,Corn___Northern_Leaf_Blight,Corn___Cercospora_leaf_spot Gray_leaf_spot,0.876947
plantdoc/PlantDoc-Dataset/train/Corn leaf blight/stock-photo-northern-corn-leaf-blight-nclb-is-a-foliar-disease-of-corn-maize-caused-by-exserohilum-turcicum-592778882.jpg,Corn___Northern_Leaf_Blight,Corn___Cercospora_leaf_spot Gray_leaf_spot,0.784784
plantdoc/PlantDoc-Dataset/train/Corn leaf blight/swcdg1-e1482969712678-300x188.jpg,Corn___Northern_Leaf_Blight,Corn___Northern_Leaf_Blight,0.451944
plantdoc/PlantDoc-Dataset/train/Corn leaf blight/swcdg1.jpg,Corn___Northern_Leaf_Blight,Corn___Cercospora_leaf_spot Gray_leaf_spot,0.823028
plantdoc/PlantDoc-Dataset/train/Corn leaf blight/sweetcorn_Northern-corn-leaf-blight_zoom.jpg,Corn___Northern_Leaf_Blight,Corn___Northern_Leaf_Blight,0.915885
plantdoc/PlantDoc-Dataset/test/Corn rust leaf/0796.39maizerust.jpg,Corn___Common_rust,Corn___Northern_Leaf_Blight,0.452646
plantdoc/PlantDoc-Dataset/test/Corn rust leaf/0796.40comrust.jpg,Corn___Common_rust,Corn___Northern_Leaf_Blight,0.451868
plantdoc/PlantDoc-Dataset/test/Corn rust leaf/0796.47southrust.jpg,Corn___Common_rust,Corn___Common_rust,0.891311
plantdoc/PlantDoc-Dataset/test/Corn rust leaf/0796.52srusttelia.jpg,Corn___Common_rust,Corn___Cercospora_leaf_spot Gray_leaf_spot,0.455873
plantdoc/PlantDoc-Dataset/test/Corn rust leaf/12-19striprustJIM.jpg,Corn___Common_rust,Corn___Cercospora_leaf_spot Gray_leaf_spot,0.907577
plantdoc/PlantDoc-Dataset/test/Corn rust leaf/1355.50commonrust.jpg,Corn___Common_rust,Corn___Cercospora_leaf_spot Gray_leaf_spot,0.581820
plantdoc/PlantDoc-Dataset/test/Corn rust leaf/2256-body-1501555581-1.jpg,Corn___Common_rust,Corn___Northern_Leaf_Blight,0.893082
plantdoc/PlantDoc-Dataset/test/Corn rust leaf/393.jpg,Corn___Common_rust,Corn___Common_rust,0.930490
plantdoc/PlantDoc-Dataset/test/Corn rust leaf/5496239405_d95bdb97d1_z.jpg,Corn___Common_rust,Corn___Northern_Leaf_Blight,0.755326
plantdoc/PlantDoc-Dataset/test/Corn rust leaf/80104747.jpg,Corn___Common_rust,Corn___Cercospora_leaf_spot Gray_leaf_spot,0.874321
plantdoc/PlantDoc-Dataset/train/Corn rust leaf/36687400253_a227c2ca28_b.jpg,Corn___Common_rust,Corn___Common_rust,0.813367
plantdoc/PlantDoc-Dataset/train/Corn rust leaf/37310253326_7f32b316d1_b.jpg,Corn___Common_rust,Corn___Northern_Leaf_Blight,0.631696
plantdoc/PlantDoc-Dataset/train/Corn rust leaf/37310253806_04fee91918_b.jpg,Corn___Common_rust,Corn___healthy,0.463565
plantdoc/PlantDoc-Dataset/train/Corn rust leaf/37356969601_4208f8bb7f_b.jpg,Corn___Common_rust,Corn___Northern_Leaf_Blight,0.634130
plantdoc/PlantDoc-Dataset/train/Corn rust leaf/5833328024_724f1df3f2_b.jpg,Corn___Common_rust,Corn___Cercospora_leaf_spot Gray_leaf_spot,0.548243
plantdoc/PlantDoc-Dataset/train/Corn rust leaf/COURTESY_southernrust-greyleaf.jpg,Corn___Common_rust,"Pepper,_bell___healthy",0.347841
plantdoc/PlantDoc-Dataset/train/Corn rust leaf/Common-rust-east-central-Indiana.jpg,Corn___Common_rust,Corn___Northern_Leaf_Blight,0.385106
plantdoc/PlantDoc-Dataset/train/Corn rust leaf/Common-rust-of-corn-Tedford.jpg,Corn___Common_rust,Corn___healthy,0.288009
plantdoc/PlantDoc-Dataset/train/Corn rust leaf/Corn%20Common%20Rust.png.jpg,Corn___Common_rust,Corn___healthy,0.618080
plantdoc/PlantDoc-Dataset/train/Corn rust leaf/Corn-Common-Rust-300x225.jpg,Corn___Common_rust,Corn___Northern_Leaf_Blight,0.783468
plantdoc/PlantDoc-Dataset/train/Corn rust leaf/Corn-Common-Rust.jpg,Corn___Common_rust,Corn___Northern_Leaf_Blight,0.823862
plantdoc/PlantDoc-Dataset/train/Corn rust leaf/Corn-Rusts-wKBishop-story-622x467.jpg,Corn___Common_rust,Corn___Cercospora_leaf_spot Gray_leaf_spot,0.936097
plantdoc/PlantDoc-Dataset/train/Corn rust leaf/Corn-Southern-Rust-7-17-F1.jpg,Corn___Common_rust,Corn___Cercospora_leaf_spot Gray_leaf_spot,0.508990
plantdoc/PlantDoc-Dataset/train/Corn rust leaf/Corn-southern-rust-C-Schleicher-7-31-F1.jpg,Corn___Common_rust,"Pepper,_bell___healthy",0.790635
plantdoc/PlantDoc-Dataset/train/Corn rust leaf/Corn-southern-rust-F1%20%281%29.jpg,Corn___Common_rust,Corn___Northern_Leaf_Blight,0.529633
plantdoc/PlantDoc-Dataset/train/Corn rust leaf/Corn-southern-rust-advanced-F1b-8-7-15.jpg,Corn___Common_rust,Corn___healthy,0.650292
plantdoc/PlantDoc-Dataset/train/Corn rust leaf/Corn-southern-rust-early-F1a-8-7-15.jpg,Corn___Common_rust,Corn___Cercospora_leaf_spot Gray_leaf_spot,0.853958
plantdoc/PlantDoc-Dataset/train/Corn rust leaf/CornRust1.jpg,Corn___Common_rust,Corn___Cercospora_leaf_spot Gray_leaf_spot,0.502315
plantdoc/PlantDoc-Dataset/train/Corn rust leaf/CornRustFS1.jpg,Corn___Common_rust,Corn___Cercospora_leaf_spot Gray_leaf_spot,0.565418
plantdoc/PlantDoc-Dataset/train/Corn rust leaf/CornRustFS3.jpg,Corn___Common_rust,Corn___Cercospora_leaf_spot Gray_leaf_spot,0.665875
plantdoc/PlantDoc-Dataset/train/Corn rust leaf/Faske%20Southern%20rust%20of%20corn.jpg,Corn___Common_rust,Corn___Northern_Leaf_Blight,0.298397
plantdoc/PlantDoc-Dataset/train/Corn rust leaf/Fig3_Common_rust.JPG.jpg,Corn___Common_rust,Corn___Common_rust,0.934907
plantdoc/PlantDoc-Dataset/train/Corn rust leaf/Figure%201%20Common%20rust%20on%20a%20corn.jpg,Corn___Common_rust,Corn___Northern_Leaf_Blight,0.938932
plantdoc/PlantDoc-Dataset/train/Corn rust leaf/Figure%201%20common%20rust%20on%20corn.jpg,Corn___Common_rust,Corn___Common_rust,0.929929
plantdoc/PlantDoc-Dataset/train/Corn rust leaf/Figure%201%20early%20southern%20rust.JPG.jpg,Corn___Common_rust,Corn___Cercospora_leaf_spot Gray_leaf_spot,0.787709
plantdoc/PlantDoc-Dataset/train/Corn rust leaf/Figure%201a%20%20early%20symptoms%20S%20rust.jpg,Corn___Common_rust,Corn___Common_rust,0.271757
plantdoc/PlantDoc-Dataset/train/Corn rust leaf/Figure%202a%20older%20S%20rust%20pustules.jpg,Corn___Common_rust,Corn___Cercospora_leaf_spot Gray_leaf_spot,0.948015
plantdoc/PlantDoc-Dataset/train/Corn rust leaf/Figure-12.jpg,Corn___Common_rust,"Pepper,_bell___healthy",0.639676
plantdoc/PlantDoc-Dataset/train/Corn rust leaf/Figure-4-stripe-rust.jpg,Corn___Common_rust,Corn___healthy,0.937408
plantdoc/PlantDoc-Dataset/train/Corn rust leaf/GetStoredImage?symbolicName=originalX19261YsiteXDTNYcatalogXcatalog%20&category=CMS.jpg,Corn___Common_rust,Corn___Cercospora_leaf_spot Gray_leaf_spot,0.647650
plantdoc/PlantDoc-Dataset/train/Corn rust leaf/IMG_1360-1.jpg,Corn___Common_rust,Corn___Northern_Leaf_Blight,0.831653
plantdoc/PlantDoc-Dataset/train/Corn rust leaf/IMG_1376-300x300.jpg,Corn___Common_rust,Corn___Cercospora_leaf_spot Gray_leaf_spot,0.838530
plantdoc/PlantDoc-Dataset/train/Corn rust leaf/IMG_1762.jpg,Corn___Common_rust,Tomato___Early_blight,0.481429
plantdoc/PlantDoc-Dataset/train/Corn rust leaf/IMG_1841.jpg,Corn___Common_rust,Corn___Cercospora_leaf_spot Gray_leaf_spot,0.452790
plantdoc/PlantDoc-Dataset/train/Corn rust leaf/IMG_20130620_190316.jpg,Corn___Common_rust,Corn___Cercospora_leaf_spot Gray_leaf_spot,0.959356
plantdoc/PlantDoc-Dataset/train/Corn rust leaf/IMG_5011-15vruqb.jpg,Corn___Common_rust,Corn___Northern_Leaf_Blight,0.462195
plantdoc/PlantDoc-Dataset/train/Corn rust leaf/Ontario-Field-Crop-Report_July_27_2017_f2-1024x768.jpg,Corn___Common_rust,Corn___Common_rust,0.453271
plantdoc/PlantDoc-Dataset/train/Corn rust leaf/Resized_DSC_0191_Rust-Closeup.jpg,Corn___Common_rust,Corn___Common_rust,0.920840
plantdoc/PlantDoc-Dataset/train/Corn rust leaf/SCR-2015.jpg,Corn___Common_rust,Corn___Cercospora_leaf_spot Gray_leaf_spot,0.932967
plantdoc/PlantDoc-Dataset/train/Corn rust leaf/SCR.jpg,Corn___Common_rust,Corn___Common_rust,0.546566
plantdoc/PlantDoc-Dataset/train/Corn rust leaf/STANDALONE_Southern-corn-rust_01-WEB.jpg,Corn___Common_rust,"Pepper,_bell___healthy",0.614463
plantdoc/PlantDoc-Dataset/train/Corn rust leaf/So-Corn-Rust.jpg,Corn___Common_rust,"Pepper,_bell___healthy",0.818625
plantdoc/PlantDoc-Dataset/train/Corn rust leaf/Southern%20corn%20rust.ashx?w=600.jpg,Corn___Common_rust,Corn___Cercospora_leaf_spot Gray_leaf_spot,0.910221
plantdoc/PlantDoc-Dataset/train/Corn rust leaf/Southern%20rust.jpg,Corn___Common_rust,Corn___Cercospora_leaf_spot Gray_leaf_spot,0.911839
plantdoc/PlantDoc-Dataset/train/Corn rust leaf/Southern-Corn-Rust.ashx?w=770.jpg,Corn___Common_rust,"Pepper,_bell___healthy",0.372985
plantdoc/PlantDoc-Dataset/train/Corn rust leaf/Southern-Corn-Rust1.jpg,Corn___Common_rust,Corn___Cercospora_leaf_spot Gray_leaf_spot,0.934916
plantdoc/PlantDoc-Dataset/train/Corn rust leaf/Southern-Rust4-300x200.jpg,Corn___Common_rust,Corn___Northern_Leaf_Blight,0.936794
plantdoc/PlantDoc-Dataset/train/Corn rust leaf/Southern-rust-2_Wise.jpg,Corn___Common_rust,Corn___Common_rust,0.509285
plantdoc/PlantDoc-Dataset/train/Corn rust leaf/Southern-rust-underside-of-leaf-1.jpg,Corn___Common_rust,Corn___healthy,0.702901
plantdoc/PlantDoc-Dataset/train/Corn rust leaf/Southern-rust-upper-side-of-leaf-with-pustules-1.jpg,Corn___Common_rust,Corn___Common_rust,0.395594
plantdoc/PlantDoc-Dataset/train/Corn rust leaf/SouthernRustLeaf.png.jpg,Corn___Common_rust,Corn___Common_rust,0.264363
plantdoc/PlantDoc-Dataset/train/Corn rust leaf/common-rust-in-field-300x200.jpg,Corn___Common_rust,Corn___Northern_Leaf_Blight,0.836928
plantdoc/PlantDoc-Dataset/train/Corn rust leaf/common-rust-lower-leaf-side.jpg,Corn___Common_rust,Corn___Northern_Leaf_Blight,0.900001
plantdoc/PlantDoc-Dataset/train/Corn rust leaf/common-rust-upper-leaf-side.jpg,Corn___Common_rust,Corn___healthy,0.564473
plantdoc/PlantDoc-Dataset/train/Corn rust leaf/common-rust3.jpg,Corn___Common_rust,Corn___Northern_Leaf_Blight,0.880317
plantdoc/PlantDoc-Dataset/train/Corn rust leaf/commonrust-2016-a-shirley.jpg,Corn___Common_rust,Corn___Northern_Leaf_Blight,0.840999
plantdoc/PlantDoc-Dataset/train/Corn rust leaf/commonrust2-1024x768.jpg,Corn___Common_rust,Corn___Northern_Leaf_Blight,0.918904
plantdoc/PlantDoc-Dataset/train/Corn rust leaf/corn%20rust.jpg,Corn___Common_rust,Corn___Northern_Leaf_Blight,0.813755
plantdoc/PlantDoc-Dataset/train/Corn rust leaf/corn-common-rust-f5-R.jpg,Corn___Common_rust,Corn___Cercospora_leaf_spot Gray_leaf_spot,0.908219
plantdoc/PlantDoc-Dataset/train/Corn rust leaf/corn-diseases-fig-1-so-rust.jpg,Corn___Common_rust,Corn___healthy,0.590459
plantdoc/PlantDoc-Dataset/train/Corn rust leaf/corn-diseases-fig-2-tar-spot.jpg,Corn___Common_rust,Corn___Northern_Leaf_Blight,0.701931
plantdoc/PlantDoc-Dataset/train/Corn rust leaf/corn-leaf-rust.jpg,Corn___Common_rust,Corn___Northern_Leaf_Blight,0.494729
plantdoc/PlantDoc-Dataset/train/Corn rust leaf/corn-rust-2.jpg,Corn___Common_rust,Corn___Common_rust,0.901091
plantdoc/PlantDoc-Dataset/train/Corn rust leaf/corn-rust-3.jpg,Corn___Common_rust,Corn___Cercospora_leaf_spot Gray_leaf_spot,0.452190
plantdoc/PlantDoc-Dataset/train/Corn rust leaf/corn-rust-4.jpg,Corn___Common_rust,Corn___Northern_Leaf_Blight,0.420409
plantdoc/PlantDoc-Dataset/train/Corn rust leaf/corn-rust-5.jpg,Corn___Common_rust,Corn___Cercospora_leaf_spot Gray_leaf_spot,0.943526
plantdoc/PlantDoc-Dataset/train/Corn rust leaf/corn-rust-6_19_17-image.jpg,Corn___Common_rust,Corn___Northern_Leaf_Blight,0.239730
plantdoc/PlantDoc-Dataset/train/Corn rust leaf/corn-rust-disease-pests-leaf-260nw-1038062233.jpg,Corn___Common_rust,Corn___Common_rust,0.554250
plantdoc/PlantDoc-Dataset/train/Corn rust leaf/corn-rust.jpg,Corn___Common_rust,Corn___Cercospora_leaf_spot Gray_leaf_spot,0.930680
plantdoc/PlantDoc-Dataset/train/Corn rust leaf/corn-southern-rust-2.jpg,Corn___Common_rust,Corn___Cercospora_leaf_spot Gray_leaf_spot,0.550314
plantdoc/PlantDoc-Dataset/train/Corn rust leaf/corn-southern-rust-pustules.JPG?itok=VXIzyv8m.jpg,Corn___Common_rust,Corn___Northern_Leaf_Blight,0.488682
plantdoc/PlantDoc-Dataset/train/Corn rust leaf/corn-southern-rust-spores.jpg,Corn___Common_rust,Corn___Northern_Leaf_Blight,0.222940
plantdoc/PlantDoc-Dataset/train/Corn rust leaf/corn_rust.jpg,Corn___Common_rust,Corn___Common_rust,0.457315
plantdoc/PlantDoc-Dataset/train/Corn rust leaf/corn_rust1_l.jpg,Corn___Common_rust,Corn___Cercospora_leaf_spot Gray_leaf_spot,0.822478
plantdoc/PlantDoc-Dataset/train/Corn rust leaf/disease.JPG.jpg,Corn___Common_rust,Corn___Northern_Leaf_Blight,0.917259
plantdoc/PlantDoc-Dataset/train/Corn rust leaf/disease1.jpg,Corn___Common_rust,Corn___healthy,0.911527
plantdoc/PlantDoc-Dataset/train/Corn rust leaf/disease2.jpg,Corn___Common_rust,Corn___Cercospora_leaf_spot Gray_leaf_spot,0.567491
plantdoc/PlantDoc-Dataset/train/Corn rust leaf/g14-1680-1.jpg,Corn___Common_rust,Corn___Northern_Leaf_Blight,0.649892
plantdoc/PlantDoc-Dataset/train/Corn rust leaf/g14-1680-6.jpg,Corn___Common_rust,Corn___healthy,0.872733
plantdoc/PlantDoc-Dataset/train/Corn rust leaf/ga-2015-06-01-crust-02.jpg,Corn___Common_rust,Tomato___Septoria_leaf_spot,0.225844
plantdoc/PlantDoc-Dataset/train/Corn rust leaf/imag4090.jpg,Corn___Common_rust,Corn___Common_rust,0.368606
plantdoc/PlantDoc-Dataset/train/Corn rust leaf/image1.jpg,Corn___Common_rust,Corn___Northern_Leaf_Blight,0.827441
plantdoc/PlantDoc-Dataset/train/Corn rust leaf/imgF.jpg,Corn___Common_rust,Corn___Cercospora_leaf_spot Gray_leaf_spot,0.735763
plantdoc/PlantDoc-Dataset/train/Corn rust leaf/markjones-corn-001.jpg,Corn___Common_rust,Corn___Northern_Leaf_Blight,0.924228
plantdoc/PlantDoc-Dataset/train/Corn rust leaf/plant-rust-southern-rust-on-corn-leaf-plant-diseases-rust-of-wheat.jpg,Corn___Common_rust,Corn___Cercospora_leaf_spot Gray_leaf_spot,0.939326
plantdoc/PlantDoc-Dataset/train/Corn rust leaf/ppth-friskop-1-corn-rust.png.jpg,Corn___Common_rust,Corn___healthy,0.685936
plantdoc/PlantDoc-Dataset/train/Corn rust leaf/pu_polysora.jpg,Corn___Common_rust,Corn___Northern_Leaf_Blight,0.856514
plantdoc/PlantDoc-Dataset/train/Corn rust leaf/rust-3.jpg,Corn___Common_rust,Corn___Common_rust,0.545058
plantdoc/PlantDoc-Dataset/train/Corn rust leaf/rust.jpg,Corn___Common_rust,Corn___healthy,0.144955
plantdoc/PlantDoc-Dataset/train/Corn rust leaf/rust1_600px-2emtnhc.jpg,Corn___Common_rust,Corn___healthy,0.653108
plantdoc/PlantDoc-Dataset/train/Corn rust leaf/sevc.jpg,Corn___Common_rust,Corn___Northern_Leaf_Blight,0.691418
plantdoc/PlantDoc-Dataset/train/Corn rust leaf/southern-rust-2.jpg,Corn___Common_rust,Corn___Common_rust,0.511559
plantdoc/PlantDoc-Dataset/train/Corn rust leaf/southern-rust-als.jpg,Corn___Common_rust,Corn___Cercospora_leaf_spot Gray_leaf_spot,0.917322
plantdoc/PlantDoc-Dataset/train/Corn rust leaf/southern-rust-close.jpg,Corn___Common_rust,Corn___Cercospora_leaf_spot Gray_leaf_spot,0.868466
plantdoc/PlantDoc-Dataset/train/Corn rust leaf/southern-rust-lower-side.jpg,Corn___Common_rust,"Pepper,_bell___healthy",0.739778
plantdoc/PlantDoc-Dataset/train/Corn rust leaf/southern-rust-upper-side-576x1024.jpg,Corn___Common_rust,Corn___Cercospora_leaf_spot Gray_leaf_spot,0.735087
plantdoc/PlantDoc-Dataset/train/Corn rust leaf/southernrust-seminole-june1.jpg,Corn___Common_rust,Corn___Northern_Leaf_Blight,0.912320
plantdoc/PlantDoc-Dataset/train/Corn rust leaf/southernrust.jpg,Corn___Common_rust,Corn___Northern_Leaf_Blight,0.431590
plantdoc/PlantDoc-Dataset/train/Corn rust leaf/southernrust1.png.jpg,Corn___Common_rust,Corn___Cercospora_leaf_spot Gray_leaf_spot,0.692223
plantdoc/PlantDoc-Dataset/train/Corn rust leaf/stock-photo-rust-disease-in-corn-field-119923045.jpg,Corn___Common_rust,Corn___Cercospora_leaf_spot Gray_leaf_spot,0.697284
plantdoc/PlantDoc-Dataset/train/Corn rust leaf/swcdg3.jpg,Corn___Common_rust,Corn___Common_rust,0.477684
plantdoc/PlantDoc-Dataset/train/Corn rust leaf/swcdg4.jpg,Corn___Common_rust,"Pepper,_bell___healthy",0.464565
plantdoc/PlantDoc-Dataset/train/Corn rust leaf/sweetcorn_Rust-2_zoom.jpg,Corn___Common_rust,Corn___Common_rust,0.707616
plantdoc/PlantDoc-Dataset/train/Corn rust leaf/sweetcorn_Rust-3_zoom.jpg,Corn___Common_rust,Corn___Northern_Leaf_Blight,0.681161
plantdoc/PlantDoc-Dataset/train/Corn rust leaf/uuid%3Db547b743-d1a1-4788-86dc-8e90ad17e170%26groupId%3D1841%26t%3D1375243802648.jpg,Corn___Common_rust,Corn___Northern_Leaf_Blight,0.862520
plantdoc/PlantDoc-Dataset/train/Corn rust leaf/web1_cusoutherncornrust.jpg,Corn___Common_rust,Corn___Cercospora_leaf_spot Gray_leaf_spot,0.600193
plantdoc/PlantDoc-Dataset/test/Peach leaf/00pe.jpg,Peach___healthy,Apple___healthy,0.913895
plantdoc/PlantDoc-Dataset/test/Peach leaf/7190f27ead55c0f6e3ff8b982972810a5446a9713a49d_1260x1260.jpg,Peach___healthy,"Pepper,_bell___healthy",0.314851
plantdoc/PlantDoc-Dataset/test/Peach leaf/depositphotos_3786198-Peach-leaf.jpg,Peach___healthy,"Pepper,_bell___healthy",0.199242
plantdoc/PlantDoc-Dataset/test/Peach leaf/peach-leaf-10223898.jpg,Peach___healthy,Blueberry___healthy,0.312155
plantdoc/PlantDoc-Dataset/test/Peach leaf/peach-leaf-16690421.jpg,Peach___healthy,Corn___healthy,0.313753
plantdoc/PlantDoc-Dataset/test/Peach leaf/peach-leaf-isolated-white-background-42295220.jpg,Peach___healthy,Blueberry___healthy,0.399003
plantdoc/PlantDoc-Dataset/test/Peach leaf/rose_tree_220430.jpg,Peach___healthy,"Pepper,_bell___healthy",0.456436
plantdoc/PlantDoc-Dataset/test/Peach leaf/stock-photo-peach-leaf-isolated-on-white-background-281097503.jpg,Peach___healthy,"Pepper,_bell___healthy",0.156293
plantdoc/PlantDoc-Dataset/test/Peach leaf/stock-photo-peach-tree-leaf-isolated-over-white-background-back-side-64472731.jpg,Peach___healthy,"Pepper,_bell___healthy",0.562129
plantdoc/PlantDoc-Dataset/train/Peach leaf/0052.jpg,Peach___healthy,"Pepper,_bell___healthy",0.809037
plantdoc/PlantDoc-Dataset/train/Peach leaf/020.JPG.jpg,Peach___healthy,"Pepper,_bell___healthy",0.889963
plantdoc/PlantDoc-Dataset/train/Peach leaf/0pe.jpg,Peach___healthy,Cherry___healthy,0.680478
plantdoc/PlantDoc-Dataset/train/Peach leaf/0peach.jpg,Peach___healthy,Strawberry___Leaf_scorch,0.553532
plantdoc/PlantDoc-Dataset/train/Peach leaf/1200px-Illustration_Prunus_persica0.jpg,Peach___healthy,"Pepper,_bell___healthy",0.843900
plantdoc/PlantDoc-Dataset/train/Peach leaf/1343.jpg,Peach___healthy,Corn___healthy,0.125615
plantdoc/PlantDoc-Dataset/train/Peach leaf/1737796_orig.jpg,Peach___healthy,Orange___Haunglongbing_(Citrus_greening),0.358700
plantdoc/PlantDoc-Dataset/train/Peach leaf/17558-peach-and-leaves.jpg,Peach___healthy,"Pepper,_bell___healthy",0.747062
plantdoc/PlantDoc-Dataset/train/Peach leaf/1921.jpg,Peach___healthy,"Pepper,_bell___healthy",0.912930
plantdoc/PlantDoc-Dataset/train/Peach leaf/22+August+2013+008-1.jpg,Peach___healthy,Cherry___healthy,0.490577
plantdoc/PlantDoc-Dataset/train/Peach leaf/22+August+2013+010-1.jpg,Peach___healthy,Cherry___healthy,0.574867
plantdoc/PlantDoc-Dataset/train/Peach leaf/24570793-peach-leaf.jpg,Peach___healthy,"Pepper,_bell___healthy",0.283669
plantdoc/PlantDoc-Dataset/train/Peach leaf/300117.jpg,Peach___healthy,Strawberry___Leaf_scorch,0.215089
plantdoc/PlantDoc-Dataset/train/Peach leaf/300117_1.jpg,Peach___healthy,"Pepper,_bell___healthy",0.795470
plantdoc/PlantDoc-Dataset/train/Peach leaf/366.jpg,Peach___healthy,"Pepper,_bell___healthy",0.906016
plantdoc/PlantDoc-Dataset/train/Peach leaf/3939-960x960.jpg,Peach___healthy,"Pepper,_bell___healthy",0.875932
plantdoc/PlantDoc-Dataset/train/Peach leaf/3940-960x960.jpg,Peach___healthy,"Pepper,_bell___healthy",0.777615
plantdoc/PlantDoc-Dataset/train/Peach leaf/6uo5q.jpg,Peach___healthy,Cherry___healthy,0.453130
plantdoc/PlantDoc-Dataset/train/Peach leaf/78517936.jpg,Peach___healthy,"Pepper,_bell___healthy",0.893218
plantdoc/PlantDoc-Dataset/train/Peach leaf/79a24e562c768cd993776c518b238eed--storyboard-toe.jpg,Peach___healthy,Cherry___healthy,0.563676
plantdoc/PlantDoc-Dataset/train/Peach leaf/DSC02329.jpg,Peach___healthy,Corn___healthy,0.887980
plantdoc/PlantDoc-Dataset/train/Peach leaf/DSCN1913.JPG.jpg,Peach___healthy,"Pepper,_bell___healthy",0.800971
plantdoc/PlantDoc-Dataset/train/Peach leaf/Dwarf-Red-Leaf-Peach-leaves-closeup.jpg,Peach___healthy,"Pepper,_bell___healthy",0.645717
plantdoc/PlantDoc-Dataset/train/Peach leaf/H2c1o.jpg,Peach___healthy,Cherry___healthy,0.320586
plantdoc/PlantDoc-Dataset/train/Peach leaf/P1010703.JPG.jpg,Peach___healthy,Strawberry___Leaf_scorch,0.745643
plantdoc/PlantDoc-Dataset/train/Peach leaf/P1015750.JPG.jpg,Peach___healthy,"Pepper,_bell___healthy",0.899110
plantdoc/PlantDoc-Dataset/train/Peach leaf/P1015775.JPG.jpg,Peach___healthy,"Pepper,_bell___healthy",0.857891
plantdoc/PlantDoc-Dataset/train/Peach leaf/Peach-Leaf.jpg,Peach___healthy,"Pepper,_bell___healthy",0.874170
plantdoc/PlantDoc-Dataset/train/Peach leaf/Peach-Pixzee-tree.jpg,Peach___healthy,Cherry___healthy,0.272844
plantdoc/PlantDoc-Dataset/train/Peach leaf/Peach-leaves.jpg,Peach___healthy,"Pepper,_bell___healthy",0.509422
plantdoc/PlantDoc-Dataset/train/Peach leaf/Peach_leaves_raw.jpg,Peach___healthy,Cherry___healthy,0.409802
plantdoc/PlantDoc-Dataset/train/Peach leaf/Peachleaf-Willow-leaf-1.jpg,Peach___healthy,Corn___healthy,0.363433
plantdoc/PlantDoc-Dataset/train/Peach leaf/Stephanes-Babcock-peach.Few-branches-without-any-leaves.jpg,Peach___healthy,Corn___Cercospora_leaf_spot Gray_leaf_spot,0.474545
plantdoc/PlantDoc-Dataset/train/Peach leaf/Sweet-September-Yellow-Peach.jpg,Peach___healthy,"Pepper,_bell___healthy",0.734082
plantdoc/PlantDoc-Dataset/train/Peach leaf/depositphotos_140609182-stock-photo-beauty-peach-with-leaf.jpg,Peach___healthy,Tomato___healthy,0.116328
plantdoc/PlantDoc-Dataset/train/Peach leaf/depositphotos_31403089-stock-photo-ripe-peach-with-leaf.jpg,Peach___healthy,Orange___Haunglongbing_(Citrus_greening),0.664703
plantdoc/PlantDoc-Dataset/train/Peach leaf/depositphotos_4009139-stock-photo-ripe-peach-with-leaves.jpg,Peach___healthy,Tomato___healthy,0.630231
plantdoc/PlantDoc-Dataset/train/Peach leaf/depositphotos_50812601-stock-photo-peach-leaf-isolated-on-white.jpg,Peach___healthy,"Pepper,_bell___healthy",0.326457
plantdoc/PlantDoc-Dataset/train/Peach leaf/depositphotos_6870648-stock-photo-ripe-peach-fruit-with-leaves.jpg,Peach___healthy,Strawberry___Leaf_scorch,0.210233
plantdoc/PlantDoc-Dataset/train/Peach leaf/depositphotos_88236122-stock-photo-peach-leaf-isolated-on-white.jpg,Peach___healthy,Tomato___Late_blight,0.255062
plantdoc/PlantDoc-Dataset/train/Peach leaf/dsc06413.jpg,Peach___healthy,"Pepper,_bell___healthy",0.878556
plantdoc/PlantDoc-Dataset/train/Peach leaf/foodjuly2011+026.jpg,Peach___healthy,"Pepper,_bell___healthy",0.762310
plantdoc/PlantDoc-Dataset/train/Peach leaf/fresh-peach-fruits-green-leaves-15654533.jpg,Peach___healthy,Tomato___healthy,0.194355
plantdoc/PlantDoc-Dataset/train/Peach leaf/fresh-peach-green-leaf-3346348.jpg,Peach___healthy,Tomato___healthy,0.428397
plantdoc/PlantDoc-Dataset/train/Peach leaf/image_original.jpeg?1473123508.jpg,Peach___healthy,"Pepper,_bell___healthy",0.829914
plantdoc/PlantDoc-Dataset/train/Peach leaf/peach-1024x754.jpg,Peach___healthy,"Pepper,_bell___healthy",0.667001
plantdoc/PlantDoc-Dataset/train/Peach leaf/peach-and-leaf-stock-image-2809274.jpg,Peach___healthy,Blueberry___healthy,0.926936
plantdoc/PlantDoc-Dataset/train/Peach leaf/peach-and-leaf-stock-image-2809275.jpg,Peach___healthy,Orange___Haunglongbing_(Citrus_greening),0.297053
plantdoc/PlantDoc-Dataset/train/Peach leaf/peach-and-leaf-stock-picture-2809277.jpg,Peach___healthy,Orange___Haunglongbing_(Citrus_greening),0.323835
plantdoc/PlantDoc-Dataset/train/Peach leaf/peach-and-nectarine-leaves.jpg,Peach___healthy,Strawberry___Leaf_scorch,0.368489
plantdoc/PlantDoc-Dataset/train/Peach leaf/peach-leaf-11810082.jpg,Peach___healthy,Orange___Haunglongbing_(Citrus_greening),0.333503
plantdoc/PlantDoc-Dataset/train/Peach leaf/peach-leaf-1677674.jpg,Peach___healthy,"Pepper,_bell___healthy",0.603874
plantdoc/PlantDoc-Dataset/train/Peach leaf/peach-leaf-isolated-white-background-39426456.jpg,Peach___healthy,Orange___Haunglongbing_(Citrus_greening),0.579539
plantdoc/PlantDoc-Dataset/train/Peach leaf/peach-leaf-isolated-white-background-42295151.jpg,Peach___healthy,"Pepper,_bell___healthy",0.685375
plantdoc/PlantDoc-Dataset/train/Peach leaf/peach-leaf-isolated-white-background-42295196.jpg,Peach___healthy,"Pepper,_bell___healthy",0.400730
plantdoc/PlantDoc-Dataset/train/Peach leaf/peach-leaf-isolated-white-background-43668230.jpg,Peach___healthy,Blueberry___healthy,0.505019
plantdoc/PlantDoc-Dataset/train/Peach leaf/peach-leaf-stock-picture-855439.jpg,Peach___healthy,"Pepper,_bell___healthy",0.483748
plantdoc/PlantDoc-Dataset/train/Peach leaf/peach-leaf-white-background-40292976.jpg,Peach___healthy,"Pepper,_bell___healthy",0.480307
plantdoc/PlantDoc-Dataset/train/Peach leaf/peach-leaf.jpg,Peach___healthy,"Pepper,_bell___healthy",0.911930
plantdoc/PlantDoc-Dataset/train/Peach leaf/peach-leaves-18058413.jpg,Peach___healthy,"Pepper,_bell___healthy",0.229548
plantdoc/PlantDoc-Dataset/train/Peach leaf/peach-leaves-26807890.jpg,Peach___healthy,Cherry___healthy,0.601917
plantdoc/PlantDoc-Dataset/train/Peach leaf/peach-leaves-isolated-white-background-43668179.jpg,Peach___healthy,"Pepper,_bell___healthy",0.254872
plantdoc/PlantDoc-Dataset/train/Peach leaf/peach-leaves-isolated-white-background-43668233.jpg,Peach___healthy,Orange___Haunglongbing_(Citrus_greening),0.245216
plantdoc/PlantDoc-Dataset/train/Peach leaf/peach-prunus-persica-roter-ellerstaedter-prunus-persica-roter-ellerstaedter-DAM2J4.jpg,Peach___healthy,"Pepper,_bell___healthy",0.479793
plantdoc/PlantDoc-Dataset/train/Peach leaf/peach-tree-leaf-3-1024x681.jpg,Peach___healthy,"Pepper,_bell___healthy",0.898202
plantdoc/PlantDoc-Dataset/train/Peach leaf/peach-tree-trunk-new-leaf-18757494.jpg,Peach___healthy,Corn___healthy,0.133015
plantdoc/PlantDoc-Dataset/train/Peach leaf/peach-with-leaf-isolated-on-white-picture-id466696757.jpg,Peach___healthy,Orange___Haunglongbing_(Citrus_greening),0.325892
plantdoc/PlantDoc-Dataset/train/Peach leaf/peach-with-leaf-picture-id124561113.jpg,Peach___healthy,Strawberry___Leaf_scorch,0.170150
plantdoc/PlantDoc-Dataset/train/Peach leaf/peach-with-leaves-stock-image-1765504.jpg,Peach___healthy,Tomato___healthy,0.237210
plantdoc/PlantDoc-Dataset/train/Peach leaf/peach-with-leaves-stock-picture-1662209.jpg,Peach___healthy,"Pepper,_bell___healthy",0.393192
plantdoc/PlantDoc-Dataset/train/Peach leaf/peach-with-leaves-stock-picture-1662453.jpg,Peach___healthy,Strawberry___Leaf_scorch,0.170999
plantdoc/PlantDoc-Dataset/train/Peach leaf/peach-with-leaves-stock-picture-1721709.jpg,Peach___healthy,Tomato___healthy,0.770425
plantdoc/PlantDoc-Dataset/train/Peach leaf/peach.jpg,Peach___healthy,"Pepper,_bell___healthy",0.765906
plantdoc/PlantDoc-Dataset/train/Peach leaf/peach_tree_20100523.jpg,Peach___healthy,Strawberry___Leaf_scorch,0.382434
plantdoc/PlantDoc-Dataset/train/Peach leaf/peaches-growing-in-tree.jpg,Peach___healthy,"Pepper,_bell___healthy",0.551518
plantdoc/PlantDoc-Dataset/train/Peach leaf/peaches-w-leaves.jpg,Peach___healthy,"Pepper,_bell___healthy",0.912342
plantdoc/PlantDoc-Dataset/train/Peach leaf/product_Peach-leaf.jpg,Peach___healthy,"Pepper,_bell___healthy",0.574364
plantdoc/PlantDoc-Dataset/train/Peach leaf/ripe-peach-fresh-red-tree-green-leaves-57508021.jpg,Peach___healthy,"Pepper,_bell___healthy",0.897731
plantdoc/PlantDoc-Dataset/train/Peach leaf/stock-photo-fresh-peach-fruits-with-green-leaves-isolated-on-white-background-59305621.jpg,Peach___healthy,"Pepper,_bell___healthy",0.266236
plantdoc/PlantDoc-Dataset/train/Peach leaf/stock-photo-peach-fresh-peach-with-green-leaf-isolated-on-white-background-548680618.jpg,Peach___healthy,Orange___Haunglongbing_(Citrus_greening),0.108382
plantdoc/PlantDoc-Dataset/train/Peach leaf/stock-photo-peach-fruit-isolated-on-white-332799767.jpg,Peach___healthy,Orange___Haunglongbing_(Citrus_greening),0.269603
plantdoc/PlantDoc-Dataset/train/Peach leaf/stock-photo-peach-fruits-with-leaf-isolated-on-white-background-639972919.jpg,Peach___healthy,Tomato___healthy,0.291377
plantdoc/PlantDoc-Dataset/train/Peach leaf/stock-photo-peach-leaf-collection-isolated-on-white-236633248.jpg,Peach___healthy,"Pepper,_bell___healthy",0.695733
plantdoc/PlantDoc-Dataset/train/Peach leaf/stock-photo-peach-leaf-isolated-363604259.jpg,Peach___healthy,Orange___Haunglongbing_(Citrus_greening),0.249504
plantdoc/PlantDoc-Dataset/train/Peach leaf/stock-photo-peach-leaf-isolated-370117730.jpg,Peach___healthy,Orange___Haunglongbing_(Citrus_greening),0.280807
plantdoc/PlantDoc-Dataset/train/Peach leaf/stock-photo-peach-leaf-isolated-on-white-background-195325289.jpg,Peach___healthy,Orange___Haunglongbing_(Citrus_greening),0.355466
plantdoc/PlantDoc-Dataset/train/Peach leaf/stock-photo-peach-leaf-isolated-on-white-background-198744794.jpg,Peach___healthy,Tomato___Late_blight,0.223843
plantdoc/PlantDoc-Dataset/train/Peach leaf/stock-photo-peach-leaf-isolated-on-white-background-207823156.jpg,Peach___healthy,Orange___Haunglongbing_(Citrus_greening),0.240447
plantdoc/PlantDoc-Dataset/train/Peach leaf/stock-photo-peach-leaf-isolated-on-white-background-254975221.jpg,Peach___healthy,Orange___Haunglongbing_(Citrus_greening),0.244127
plantdoc/PlantDoc-Dataset/train/Peach leaf/stock-photo-peach-leaves-isolated-203326555.jpg,Peach___healthy,Blueberry___healthy,0.800461
plantdoc/PlantDoc-Dataset/train/Peach leaf/stock-photo-peach-leaves-isolated-on-white-background-298277570.jpg,Peach___healthy,Tomato___Late_blight,0.467875
plantdoc/PlantDoc-Dataset/train/Peach leaf/stock-photo-peach-leaves-isolated-on-white-background-302224460.jpg,Peach___healthy,Orange___Haunglongbing_(Citrus_greening),0.201685
plantdoc/PlantDoc-Dataset/train/Peach leaf/stock-photo-peach-leaves-isolated-on-white-background-529501441.jpg,Peach___healthy,Tomato___Late_blight,0.632072
plantdoc/PlantDoc-Dataset/train/Peach leaf/stock-photo-peach-leaves-isolated-on-white-background-618456884.jpg,Peach___healthy,Tomato___Late_blight,0.173536
plantdoc/PlantDoc-Dataset/train/Peach leaf/stock-photo-peach-wet-fruit-with-leaf-isolated-on-white-248733745.jpg,Peach___healthy,Tomato___healthy,0.156130
plantdoc/PlantDoc-Dataset/train/Peach leaf/stock-photo-peach-with-leaf-699537772.jpg,Peach___healthy,Tomato___healthy,0.093094
plantdoc/PlantDoc-Dataset/train/Peach leaf/stock-photo-peach-with-leaf-isolated-on-white-168119267.jpg,Peach___healthy,Orange___Haunglongbing_(Citrus_greening),0.309651
plantdoc/PlantDoc-Dataset/train/Peach leaf/stock-photo-peach-with-leaf-isolated-on-white-with-clipping-path-494602609.jpg,Peach___healthy,Orange___Haunglongbing_(Citrus_greening),0.286735
plantdoc/PlantDoc-Dataset/train/Peach leaf/stock-photo-peach-with-leaves-isolated-on-white-246532954.jpg,Peach___healthy,Tomato___healthy,0.771750
plantdoc/PlantDoc-Dataset/train/Peach leaf/stock-photo-single-peach-with-leaves-on-a-white-background-111042830.jpg,Peach___healthy,Orange___Haunglongbing_(Citrus_greening),0.321227
plantdoc/PlantDoc-Dataset/train/Peach leaf/stock-photo-two-peach-leaves-isolated-on-white-311533217.jpg,Peach___healthy,"Pepper,_bell___healthy",0.561829
plantdoc/PlantDoc-Dataset/train/Peach leaf/stock-photo-two-sides-of-peach-leaf-isolate-on-white-17407162.jpg,Peach___healthy,"Pepper,_bell___healthy",0.320031
plantdoc/PlantDoc-Dataset/train/Peach leaf/two-peach-leaves-isolated-on-white-picture-id519433636.jpg,Peach___healthy,"Pepper,_bell___healthy",0.709294
plantdoc/PlantDoc-Dataset/test/Potato leaf early blight/3023.jpg,Potato___Early_blight,Strawberry___Leaf_scorch,0.466100
plantdoc/PlantDoc-Dataset/test/Potato leaf early blight/backus-056-potato-blight.jpg,Potato___Early_blight,Potato___Late_blight,0.342128
plantdoc/PlantDoc-Dataset/test/Potato leaf early blight/early-blight-alternaria-alternata-leaf-spotting-on-potato-leaf-X91XJE.jpg,Potato___Early_blight,Potato___Early_blight,0.947499
plantdoc/PlantDoc-Dataset/test/Potato leaf early blight/early-blight-or-target-spot-alternaria-solani-lesions-on-a-tomato-AXK6AY.jpg,Potato___Early_blight,Tomato___Early_blight,0.922116
plantdoc/PlantDoc-Dataset/test/Potato leaf early blight/earlyblightpotato.jpg,Potato___Early_blight,Potato___Early_blight,0.407460
plantdoc/PlantDoc-Dataset/test/Potato leaf early blight/potato-blight-phytophthora-infestans-close-up-of-upper-surface-of-BMMRXC.jpg,Potato___Early_blight,Blueberry___healthy,0.190140
plantdoc/PlantDoc-Dataset/test/Potato leaf early blight/potato-early-blight-alternaria-alternata-lesion-on-a-potato-leaf-a1w1em.jpg,Potato___Early_blight,Corn___Common_rust,0.369675
plantdoc/PlantDoc-Dataset/test/Potato leaf early blight/potatobd001.jpg,Potato___Early_blight,Tomato___Early_blight,0.337690
plantdoc/PlantDoc-Dataset/train/Potato leaf early blight/00009.jpg,Potato___Early_blight,Tomato___Late_blight,0.534695
plantdoc/PlantDoc-Dataset/train/Potato leaf early blight/0042241.jpg,Potato___Early_blight,"Pepper,_bell___healthy",0.523477
plantdoc/PlantDoc-Dataset/train/Potato leaf early blight/0061.jpg,Potato___Early_blight,"Pepper,_bell___healthy",0.795454
plantdoc/PlantDoc-Dataset/train/Potato leaf early blight/1024_x_576_-_alternaria_early_infection_symptoms_spreading.jpg,Potato___Early_blight,Squash___Powdery_mildew,0.230248
plantdoc/PlantDoc-Dataset/train/Potato leaf early blight/1024px-Phytophthora_infestans_potato_%27Dor%C3%A9%27%2C_aardappelziekte_Dor%C3%A9.jpg,Potato___Early_blight,Potato___Early_blight,0.494002
plantdoc/PlantDoc-Dataset/train/Potato leaf early blight/1200px-Late_blight_on_potato_leaf_2.jpg,Potato___Early_blight,"Pepper,_bell___healthy",0.544987
plantdoc/PlantDoc-Dataset/train/Potato leaf early blight/1421_0.jpeg?itok=FMtmgePj.jpg,Potato___Early_blight,Potato___Late_blight,0.939479
plantdoc/PlantDoc-Dataset/train/Potato leaf early blight/14321627273_58d893c3e2_potato-plant.jpg,Potato___Early_blight,Corn___Common_rust,0.551463
plantdoc/PlantDoc-Dataset/train/Potato leaf early blight/1573852-Early-Blight-e1515624612559.jpg,Potato___Early_blight,Tomato___Early_blight,0.943712
plantdoc/PlantDoc-Dataset/train/Potato leaf early blight/15hrt15a1f1.jpg,Potato___Early_blight,Tomato___Late_blight,0.638030
plantdoc/PlantDoc-Dataset/train/Potato leaf early blight/18028_1.jpg,Potato___Early_blight,"Pepper,_bell___healthy",0.884949
plantdoc/PlantDoc-Dataset/train/Potato leaf early blight/20080710-early%2Bblight%2Blesions%2Bwith%2Byellow%2Bhaloes.jpg,Potato___Early_blight,Tomato___Tomato_Yellow_Leaf_Curl_Virus,0.295466
plantdoc/PlantDoc-Dataset/train/Potato leaf early blight/20100816earlyblight.jpg,Potato___Early_blight,Tomato___Early_blight,0.609498
plantdoc/PlantDoc-Dataset/train/Potato leaf early blight/21-late%20blight-early%20symptoms%20potato.jpg,Potato___Early_blight,Strawberry___Leaf_scorch,0.680379
plantdoc/PlantDoc-Dataset/train/Potato leaf early blight/2643371-version%3D1.0%26t%3D1260361493000.jpg,Potato___Early_blight,Corn___Cercospora_leaf_spot Gray_leaf_spot,0.136641
plantdoc/PlantDoc-Dataset/train/Potato leaf early blight/27013702151_95bd415ba9_o.jpg,Potato___Early_blight,Tomato___Early_blight,0.757396
plantdoc/PlantDoc-Dataset/train/Potato leaf early blight/2D1A9552.jpg,Potato___Early_blight,Potato___Late_blight,0.862100
plantdoc/PlantDoc-Dataset/train/Potato leaf early blight/2OBH_29_Gardening_early_blight.jpg,Potato___Early_blight,Tomato___Early_blight,0.787617
plantdoc/PlantDoc-Dataset/train/Potato leaf early blight/36-early-blight-concentric-rings.jpg,Potato___Early_blight,Tomato___Early_blight,0.927300
plantdoc/PlantDoc-Dataset/train/Potato leaf early blight/3785483636_d888419c98_o.jpg,Potato___Early_blight,Tomato___Tomato_Yellow_Leaf_Curl_Virus,0.393054
plantdoc/PlantDoc-Dataset/train/Potato leaf early blight/45035_1.jpg,Potato___Early_blight,"Pepper,_bell___healthy",0.665189
plantdoc/PlantDoc-Dataset/train/Potato leaf early blight/500px-Tomato_Early_Blight_Leaf.jpg,Potato___Early_blight,Tomato___Late_blight,0.412386
plantdoc/PlantDoc-Dataset/train/Potato leaf early blight/5688742112_147f33b89d_Phytophthora-Infestans.jpg,Potato___Early_blight,Tomato___Late_blight,0.843036
plantdoc/PlantDoc-Dataset/train/Potato leaf early blight/5816740026_d42ef24413_Phytophthora-Infestans.jpg,Potato___Early_blight,Tomato___Late_blight,0.943188
plantdoc/PlantDoc-Dataset/train/Potato leaf early blight/80109626.jpg,Potato___Early_blight,Tomato___Early_blight,0.422407
plantdoc/PlantDoc-Dataset/train/Potato leaf early blight/87A_Pot_Early.jpg,Potato___Early_blight,"Pepper,_bell___healthy",0.309052
plantdoc/PlantDoc-Dataset/train/Potato leaf early blight/AF_news_p4_p5_p6_Blight.jpg,Potato___Early_blight,"Pepper,_bell___healthy",0.604397
plantdoc/PlantDoc-Dataset/train/Potato leaf early blight/AGS-154646-S-5801.jpg,Potato___Early_blight,Corn___Northern_Leaf_Blight,0.851817
plantdoc/PlantDoc-Dataset/train/Potato leaf early blight/B2650214-Potato_leaf_blight-SPL.jpg,Potato___Early_blight,Potato___Late_blight,0.371597
plantdoc/PlantDoc-Dataset/train/Potato leaf early blight/Blght.jpg,Potato___Early_blight,Tomato___Late_blight,0.495503
plantdoc/PlantDoc-Dataset/train/Potato leaf early blight/Blight-leaf-.jpg,Potato___Early_blight,Potato___Early_blight,0.459357
plantdoc/PlantDoc-Dataset/train/Potato leaf early blight/Close-up-view-of-blight-lesion-on-leaf-of-potato-c-Blackthorn-Arable-615x346.jpg,Potato___Early_blight,Corn___healthy,0.635705
plantdoc/PlantDoc-Dataset/train/Potato leaf early blight/EB%20lesions1_opt.jpeg.jpg,Potato___Early_blight,Strawberry___Leaf_scorch,0.825466
plantdoc/PlantDoc-Dataset/train/Potato leaf early blight/Early%20Blight%20-%20Potatoes.ashx?w=350.jpg,Potato___Early_blight,Potato___Early_blight,0.736044
plantdoc/PlantDoc-Dataset/train/Potato leaf early blight/Early-Blight-Leaves-56a348bf3df78cf7727cb35e.jpg,Potato___Early_blight,Tomato___Late_blight,0.938812
plantdoc/PlantDoc-Dataset/train/Potato leaf early blight/Early-Blight-UK-A.jpg,Potato___Early_blight,Corn___Cercospora_leaf_spot Gray_leaf_spot,0.870692
plantdoc/PlantDoc-Dataset/train/Potato leaf early blight/Early_Blight_of_Tomato177.jpg,Potato___Early_blight,Corn___Common_rust,0.869925
plantdoc/PlantDoc-Dataset/train/Potato leaf early blight/Early_blight_on_tomato_leaves_7871930010-Fairfax.jpg,Potato___Early_blight,"Pepper,_bell___healthy",0.404965
plantdoc/PlantDoc-Dataset/train/Potato leaf early blight/IMG_0014.jpg,Potato___Early_blight,Tomato___Early_blight,0.746895
plantdoc/PlantDoc-Dataset/train/Potato leaf early blight/IMG_0020.jpg,Potato___Early_blight,Tomato___Late_blight,0.954744
plantdoc/PlantDoc-Dataset/train/Potato leaf early blight/IMG_0022.jpg,Potato___Early_blight,Strawberry___Leaf_scorch,0.618396
plantdoc/PlantDoc-Dataset/train/Potato leaf early blight/IMG_9055.JPG.jpg,Potato___Early_blight,"Pepper,_bell___healthy",0.422855
plantdoc/PlantDoc-Dataset/train/Potato leaf early blight/Leaves-with-early-blight-need-to-be-removed-225x300.jpg,Potato___Early_blight,Cherry___healthy,0.575901
plantdoc/PlantDoc-Dataset/train/Potato leaf early blight/PHYTIN23.img.jpg,Potato___Early_blight,Tomato___Late_blight,0.506795
plantdoc/PlantDoc-Dataset/train/Potato leaf early blight/Potato-Blight-Infecting-Leaves.jpg,Potato___Early_blight,"Pepper,_bell___healthy",0.544182
plantdoc/PlantDoc-Dataset/train/Potato leaf early blight/Potato-Blight-on-Leaves.jpg,Potato___Early_blight,Cherry___healthy,0.480407
plantdoc/PlantDoc-Dataset/train/Potato leaf early blight/Potato-blight-leaves-B.jpg,Potato___Early_blight,"Pepper,_bell___healthy",0.425049
plantdoc/PlantDoc-Dataset/train/Potato leaf early blight/Potato-blight-on-leaf.jpg,Potato___Early_blight,Potato___Late_blight,0.771254
plantdoc/PlantDoc-Dataset/train/Potato leaf early blight/Potato-earlyblight2.jpg,Potato___Early_blight,Corn___healthy,0.943642
plantdoc/PlantDoc-Dataset/train/Potato leaf early blight/Potato_Blight_Leaf.jpg,Potato___Early_blight,Tomato___Early_blight,0.580560
plantdoc/PlantDoc-Dataset/train/Potato leaf early blight/Potato_Early_Blight_%26_Late_Blight.jpg,Potato___Early_blight,"Pepper,_bell___healthy",0.875416
plantdoc/PlantDoc-Dataset/train/Potato leaf early blight/a_solani.jpg,Potato___Early_blight,Corn___Common_rust,0.808524
plantdoc/PlantDoc-Dataset/train/Potato leaf early blight/agriculture-potato-early-blight-leaf-symptoms-on-a-potato-leaf-caused-picture-id586884353.jpg,Potato___Early_blight,Potato___Early_blight,0.936066
plantdoc/PlantDoc-Dataset/train/Potato leaf early blight/alternaria%20%2824%29.JPG.jpg,Potato___Early_blight,Potato___Early_blight,0.946497
plantdoc/PlantDoc-Dataset/train/Potato leaf early blight/backus-045-potato-blight.jpg,Potato___Early_blight,Strawberry___Leaf_scorch,0.869433
plantdoc/PlantDoc-Dataset/train/Potato leaf early blight/blight-2x.jpg,Potato___Early_blight,"Pepper,_bell___healthy",0.327099
plantdoc/PlantDoc-Dataset/train/Potato leaf early blight/blight-leaf-top.jpg,Potato___Early_blight,Potato___Late_blight,0.227592
plantdoc/PlantDoc-Dataset/train/Potato leaf early blight/blighted-potatoe-leave.jpg,Potato___Early_blight,"Pepper,_bell___healthy",0.145771
plantdoc/PlantDoc-Dataset/train/Potato leaf early blight/cq5dam.web.16-9.8.jpg,Potato___Early_blight,Tomato___Septoria_leaf_spot,0.112081
plantdoc/PlantDoc-Dataset/train/Potato leaf early blight/early%20blight.tom_.jpg,Potato___Early_blight,Corn___Cercospora_leaf_spot Gray_leaf_spot,0.224192
plantdoc/PlantDoc-Dataset/train/Potato leaf early blight/early-blight-2.jpg,Potato___Early_blight,Potato___Early_blight,0.678295
plantdoc/PlantDoc-Dataset/train/Potato leaf early blight/early-blight-alternaria-alternata-leaf-spotting-on-potato-leaf-ACG5WF.jpg,Potato___Early_blight,Potato___Early_blight,0.949937
plantdoc/PlantDoc-Dataset/train/Potato leaf early blight/early-blight-closeup-NCSU.jpg,Potato___Early_blight,Tomato___Early_blight,0.888227
plantdoc/PlantDoc-Dataset/train/Potato leaf early blight/early-blight-cmyk-opt.jpeg.jpg,Potato___Early_blight,Potato___Early_blight,0.786676
plantdoc/PlantDoc-Dataset/train/Potato leaf early blight/early-blight-courtesy-Melanson-MS-State-U-Ext-Bugwood.jpg,Potato___Early_blight,Tomato___Early_blight,0.790534
plantdoc/PlantDoc-Dataset/train/Potato leaf early blight/early-blight-or-target-spot-alternaria-solani-lesions-on-a-tomato-by9j8r.jpg,Potato___Early_blight,Tomato___Early_blight,0.790802
plantdoc/PlantDoc-Dataset/train/Potato leaf early blight/early-blight-or-targfet-spot-alternaria-solani-lesions-on-a-tomato-ACG8W6.jpg,Potato___Early_blight,Tomato___Early_blight,0.920848
plantdoc/PlantDoc-Dataset/train/Potato leaf early blight/early-blight-potatoes.jpg,Potato___Early_blight,Potato___Early_blight,0.673389
plantdoc/PlantDoc-Dataset/train/Potato leaf early blight/early-blight-septoria-ls-fig-1.jpg,Potato___Early_blight,Tomato___Early_blight,0.892605
plantdoc/PlantDoc-Dataset/train/Potato leaf early blight/early_blight1.jpg,Potato___Early_blight,Tomato___Early_blight,0.881797
plantdoc/PlantDoc-Dataset/train/Potato leaf early blight/earlyblight21.jpg,Potato___Early_blight,Potato___Early_blight,0.939537
plantdoc/PlantDoc-Dataset/train/Potato leaf early blight/eb2.jpg,Potato___Early_blight,Strawberry___Leaf_scorch,0.886795
plantdoc/PlantDoc-Dataset/train/Potato leaf early blight/f1078eef6945e3430829706f84bf70c0.jpg,Potato___Early_blight,Tomato___Late_blight,0.390987
plantdoc/PlantDoc-Dataset/train/Potato leaf early blight/f204d9b6516c961f48502e0b7ae3f746.jpg,Potato___Early_blight,Tomato___Septoria_leaf_spot,0.210201
plantdoc/PlantDoc-Dataset/train/Potato leaf early blight/fac66s01a.jpg,Potato___Early_blight,"Pepper,_bell___healthy",0.292727
plantdoc/PlantDoc-Dataset/train/Potato leaf early blight/fac66s01h.jpg,Potato___Early_blight,Tomato___Early_blight,0.754802
plantdoc/PlantDoc-Dataset/train/Potato leaf early blight/fi000294.jpg,Potato___Early_blight,Strawberry___Leaf_scorch,0.516196
plantdoc/PlantDoc-Dataset/train/Potato leaf early blight/home-design.jpg,Potato___Early_blight,Tomato___Early_blight,0.481903
plantdoc/PlantDoc-Dataset/train/Potato leaf early blight/irish-blight-symptoms-on-potato-leaves-atmf8b.jpg,Potato___Early_blight,Tomato___Late_blight,0.649697
plantdoc/PlantDoc-Dataset/train/Potato leaf early blight/maxresdefault.jpg,Potato___Early_blight,"Pepper,_bell___healthy",0.741681
plantdoc/PlantDoc-Dataset/train/Potato leaf early blight/pe-mi-lateblightleaf.jpg,Potato___Early_blight,Corn___healthy,0.452510
plantdoc/PlantDoc-Dataset/train/Potato leaf early blight/potato-blight-damage-on-leaves-caused-by-fungus-phytophthora-picture-id505322893.jpg,Potato___Early_blight,Tomato___Late_blight,0.707432
plantdoc/PlantDoc-Dataset/train/Potato leaf early blight/potato-blight-leaf.jpg,Potato___Early_blight,Tomato___Late_blight,0.953277
plantdoc/PlantDoc-Dataset/train/Potato leaf early blight/potato-blight-phytophora-infestans-close-up-of-infected-leaf-showing-A60HXN.jpg,Potato___Early_blight,Potato___Early_blight,0.792686
plantdoc/PlantDoc-Dataset/train/Potato leaf early blight/potato-blight-phytophora-infestans-close-up-of-infected-leaf-showing-a60hxn.jpg,Potato___Early_blight,Potato___Early_blight,0.446092
plantdoc/PlantDoc-Dataset/train/Potato leaf early blight/potato-blight-phytophora-infestans-close-up-of-infected-leaf-top-surface-a60hxg.jpg,Potato___Early_blight,Potato___Early_blight,0.932084
plantdoc/PlantDoc-Dataset/train/Potato leaf early blight/potato-blight-phytophthora-infestans-close-up-of-upper-surface-of-bmmrxd.jpg,Potato___Early_blight,Tomato___Late_blight,0.660408
plantdoc/PlantDoc-Dataset/train/Potato leaf early blight/potato-blight-phytophthora-infestans-showing-infected-leaf-top-surface-bmmrtd.jpg,Potato___Early_blight,Tomato___Late_blight,0.580723
plantdoc/PlantDoc-Dataset/train/Potato leaf early blight/potato-blight-showing-on-potato-plant-leaves-KJ70DB.jpg,Potato___Early_blight,Tomato___Early_blight,0.544284
plantdoc/PlantDoc-Dataset/train/Potato leaf early blight/potato-early-blight-alternaria-alternata-discreet-lesions-on-a-potato-BY651F.jpg,Potato___Early_blight,Potato___Early_blight,0.626948
plantdoc/PlantDoc-Dataset/train/Potato leaf early blight/potato-early-blight-alternaria-alternata-lesion-on-a-potato-leaf-X96EFD.jpg,Potato___Early_blight,Corn___Common_rust,0.875791
plantdoc/PlantDoc-Dataset/train/Potato leaf early blight/potato-early-blight-alternaria-alternata-lesions-on-a-potato-leaf-by650f.jpg,Potato___Early_blight,Corn___Common_rust,0.866853
plantdoc/PlantDoc-Dataset/train/Potato leaf early blight/potato-early-blight-alternaria-alternata-lesions-on-potato-leaf-XDF64E.jpg,Potato___Early_blight,Tomato___Early_blight,0.297853
plantdoc/PlantDoc-Dataset/train/Potato leaf early blight/potato-early-blight-alternaria-alternata-target-spot-lesion-on-a-potato-leaf-x63fwh.jpg,Potato___Early_blight,Potato___Early_blight,0.388139
plantdoc/PlantDoc-Dataset/train/Potato leaf early blight/potato-early-blight-alternaria-alternata-target-spot-lesions-on-a-by64yw.jpg,Potato___Early_blight,Tomato___Early_blight,0.502603
plantdoc/PlantDoc-Dataset/train/Potato leaf early blight/potato-early-blight-lesion-on-a-potato-leaf-picture-id81781211.jpg,Potato___Early_blight,Tomato___Early_blight,0.399581
plantdoc/PlantDoc-Dataset/train/Potato leaf early blight/potato_alternaria_03_zoom.jpg,Potato___Early_blight,Strawberry___Leaf_scorch,0.860690
plantdoc/PlantDoc-Dataset/train/Potato leaf early blight/potato_alternaria_04_zoom.jpg,Potato___Early_blight,Strawberry___Leaf_scorch,0.754896
plantdoc/PlantDoc-Dataset/train/Potato leaf early blight/potato_early-blight_01_zoom.jpg,Potato___Early_blight,Tomato___Early_blight,0.839604
plantdoc/PlantDoc-Dataset/train/Potato leaf early blight/potato_early-blight_02_zoom.jpg,Potato___Early_blight,Corn___healthy,0.285850
plantdoc/PlantDoc-Dataset/train/Potato leaf early blight/potato_early-blight_03_zoom.jpg,Potato___Early_blight,Potato___Early_blight,0.483490
plantdoc/PlantDoc-Dataset/train/Potato leaf early blight/potato_early-blight_04_zoom.jpg,Potato___Early_blight,Strawberry___Leaf_scorch,0.532100
plantdoc/PlantDoc-Dataset/train/Potato leaf early blight/potato_early-blight_05_zoom.jpg,Potato___Early_blight,Strawberry___Leaf_scorch,0.664181
plantdoc/PlantDoc-Dataset/train/Potato leaf early blight/potato_early-blight_06_zoom.jpg,Potato___Early_blight,Strawberry___Leaf_scorch,0.474617
plantdoc/PlantDoc-Dataset/train/Potato leaf early blight/potatoaltkc.jpg,Potato___Early_blight,Tomato___Early_blight,0.678442
plantdoc/PlantDoc-Dataset/train/Potato leaf early blight/potatoearlyblight.jpg,Potato___Early_blight,Tomato___Early_blight,0.722803
plantdoc/PlantDoc-Dataset/train/Potato leaf early blight/potatoearlyblightcloseup_pdc.jpg,Potato___Early_blight,Tomato___Early_blight,0.657230
plantdoc/PlantDoc-Dataset/train/Potato leaf early blight/potatolb_full_leafx1200.jpg,Potato___Early_blight,"Pepper,_bell___healthy",0.342117
plantdoc/PlantDoc-Dataset/train/Potato leaf early blight/potatolb_small_leaf_lesionx1200.jpg,Potato___Early_blight,Tomato___Late_blight,0.904504
plantdoc/PlantDoc-Dataset/test/Potato leaf late blight/1421_0.jpeg?itok=FMtmgePj.jpg,Potato___Late_blight,Potato___Late_blight,0.939479
plantdoc/PlantDoc-Dataset/test/Potato leaf late blight/20090710-lateblight.jpg,Potato___Late_blight,Tomato___Late_blight,0.882612
plantdoc/PlantDoc-Dataset/test/Potato leaf late blight/2540_600.jpg,Potato___Late_blight,Tomato___Late_blight,0.920452
plantdoc/PlantDoc-Dataset/test/Potato leaf late blight/5816740026_d42ef24413_Phytophthora-Infestans.jpg,Potato___Late_blight,Tomato___Late_blight,0.943188
plantdoc/PlantDoc-Dataset/test/Potato leaf late blight/B2750109-Late_blight_on_a_potato_plant-SPL.jpg,Potato___Late_blight,Tomato___Late_blight,0.357103
plantdoc/PlantDoc-Dataset/test/Potato leaf late blight/LateBlight04.jpg,Potato___Late_blight,Tomato___healthy,0.408834
plantdoc/PlantDoc-Dataset/test/Potato leaf late blight/irish-blight-symptoms-on-potato-leaves-atmf8b.jpg,Potato___Late_blight,Tomato___Late_blight,0.649697
plantdoc/PlantDoc-Dataset/test/Potato leaf late blight/potato-late-blight.jpg,Potato___Late_blight,Tomato___Late_blight,0.834741
plantdoc/PlantDoc-Dataset/train/Potato leaf late blight/14321627273_58d893c3e2_b.jpg,Potato___Late_blight,Potato___Late_blight,0.331799
plantdoc/PlantDoc-Dataset/train/Potato leaf late blight/22-late%20blight-advanced%20symptoms%20potato.jpg,Potato___Late_blight,Cherry___healthy,0.306550
plantdoc/PlantDoc-Dataset/train/Potato leaf late blight/24064_1.jpg,Potato___Late_blight,"Pepper,_bell___healthy",0.884949
plantdoc/PlantDoc-Dataset/train/Potato leaf late blight/24847793510_7859b46a3d.jpg,Potato___Late_blight,Cherry___healthy,0.718905
plantdoc/PlantDoc-Dataset/train/Potato leaf late blight/2619_600.jpg,Potato___Late_blight,Tomato___Late_blight,0.644363
plantdoc/PlantDoc-Dataset/train/Potato leaf late blight/286_1600.jpg,Potato___Late_blight,Potato___Late_blight,0.567101
plantdoc/PlantDoc-Dataset/train/Potato leaf late blight/2976_1600.jpg,Potato___Late_blight,Strawberry___Leaf_scorch,0.903839
plantdoc/PlantDoc-Dataset/train/Potato leaf late blight/3720946948_339251cc94_z.jpg,Potato___Late_blight,Corn___Northern_Leaf_Blight,0.223991
plantdoc/PlantDoc-Dataset/train/Potato leaf late blight/3782849713_398f3a1086_b.jpg,Potato___Late_blight,Cherry___healthy,0.596670
plantdoc/PlantDoc-Dataset/train/Potato leaf late blight/39-late-blight-mold.jpg,Potato___Late_blight,Tomato___Late_blight,0.955466
plantdoc/PlantDoc-Dataset/train/Potato leaf late blight/4-late-blight-cmyk-opt.jpeg.jpg,Potato___Late_blight,Tomato___Late_blight,0.722543
plantdoc/PlantDoc-Dataset/train/Potato leaf late blight/4442_1600.jpg,Potato___Late_blight,Tomato___Late_blight,0.907321
plantdoc/PlantDoc-Dataset/train/Potato leaf late blight/460_1600.jpg,Potato___Late_blight,Tomato___Early_blight,0.822007
plantdoc/PlantDoc-Dataset/train/Potato leaf late blight/6-13lateblightleavesMARY.jpg,Potato___Late_blight,"Pepper,_bell___healthy",0.913739
plantdoc/PlantDoc-Dataset/train/Potato leaf late blight/6a00d8341c4fe353ef011571354632970c-800wi.jpg,Potato___Late_blight,Cherry___healthy,0.154524
plantdoc/PlantDoc-Dataset/train/Potato leaf late blight/B2650062-Potato_late_blight-SPL.jpg,Potato___Late_blight,Tomato___Late_blight,0.813083
plantdoc/PlantDoc-Dataset/train/Potato leaf late blight/B2750121-Potato_late_blight-SPL.jpg,Potato___Late_blight,Tomato___Late_blight,0.517093
plantdoc/PlantDoc-Dataset/train/Potato leaf late blight/Blog-3.jpg,Potato___Late_blight,"Pepper,_bell___healthy",0.507167
plantdoc/PlantDoc-Dataset/train/Potato leaf late blight/CzFxqKtWEAA4U3g.jpg,Potato___Late_blight,Tomato___Late_blight,0.945562
plantdoc/PlantDoc-Dataset/train/Potato leaf late blight/IMG_0019.jpg,Potato___Late_blight,Tomato___Late_blight,0.958094
plantdoc/PlantDoc-Dataset/train/Potato leaf late blight/IMG_5358.jpg,Potato___Late_blight,Tomato___Late_blight,0.953129
plantdoc/PlantDoc-Dataset/train/Potato leaf late blight/IMG_5390.jpg,Potato___Late_blight,Squash___Powdery_mildew,0.838769
plantdoc/PlantDoc-Dataset/train/Potato leaf late blight/IMG_5813-1024x768.jpg,Potato___Late_blight,Tomato___Late_blight,0.883836
plantdoc/PlantDoc-Dataset/train/Potato leaf late blight/Jessore-potato-late-blight-8-2h2fdkl.jpg,Potato___Late_blight,Tomato___Early_blight,0.444568
plantdoc/PlantDoc-Dataset/train/Potato leaf late blight/LB_potato_leaf_topside.jpg,Potato___Late_blight,Squash___Powdery_mildew,0.421579
plantdoc/PlantDoc-Dataset/train/Potato leaf late blight/Late+Blight+of+Potato+and+Tomato.jpg,Potato___Late_blight,"Pepper,_bell___healthy",0.403572
plantdoc/PlantDoc-Dataset/train/Potato leaf late blight/Late+blight+on+potato.jpg,Potato___Late_blight,"Pepper,_bell___healthy",0.766013
plantdoc/PlantDoc-Dataset/train/Potato leaf late blight/Late-Blight-336x437.jpg,Potato___Late_blight,Potato___Late_blight,0.859918
plantdoc/PlantDoc-Dataset/train/Potato leaf late blight/Late-Blight-56a34bc55f9b58b7d0d15210.jpg,Potato___Late_blight,Tomato___Late_blight,0.947086
plantdoc/PlantDoc-Dataset/train/Potato leaf late blight/Late-blight-infected-potato-plants_2.jpg,Potato___Late_blight,"Pepper,_bell___healthy",0.582884
plantdoc/PlantDoc-Dataset/train/Potato leaf late blight/Late-blight-leaves_261x240.jpg,Potato___Late_blight,Strawberry___Leaf_scorch,0.784541
plantdoc/PlantDoc-Dataset/train/Potato leaf late blight/Late-blight-on-leaf-email.jpg,Potato___Late_blight,Potato___Early_blight,0.468397
plantdoc/PlantDoc-Dataset/train/Potato leaf late blight/Late-blight.jpg,Potato___Late_blight,Strawberry___Leaf_scorch,0.655500
plantdoc/PlantDoc-Dataset/train/Potato leaf late blight/LateBlight02.jpg,Potato___Late_blight,Strawberry___Leaf_scorch,0.171299
plantdoc/PlantDoc-Dataset/train/Potato leaf late blight/LateBlight03.jpg,Potato___Late_blight,Potato___Early_blight,0.315356
plantdoc/PlantDoc-Dataset/train/Potato leaf late blight/LateBlight13.jpg,Potato___Late_blight,Tomato___Late_blight,0.908138
plantdoc/PlantDoc-Dataset/train/Potato leaf late blight/LateBlightFig3new.jpg,Potato___Late_blight,Tomato___Late_blight,0.824954
plantdoc/PlantDoc-Dataset/train/Potato leaf late blight/Late_blight_on_potato_leaf.jpg,Potato___Late_blight,"Pepper,_bell___healthy",0.790199
plantdoc/PlantDoc-Dataset/train/Potato leaf late blight/Late_blight_on_potato_leaf_3-58bcf5055f9b58af5c27bf74.jpg,Potato___Late_blight,"Pepper,_bell___healthy",0.446193
plantdoc/PlantDoc-Dataset/train/Potato leaf late blight/Lateblight.jpg,Potato___Late_blight,Cherry___healthy,0.858777
plantdoc/PlantDoc-Dataset/train/Potato leaf late blight/Potato-Late-Blight-3-06202014.jpeg.jpg,Potato___Late_blight,"Pepper,_bell___healthy",0.394762
plantdoc/PlantDoc-Dataset/train/Potato leaf late blight/Potato-late-blight-008.jpg,Potato___Late_blight,Tomato___Late_blight,0.904868
plantdoc/PlantDoc-Dataset/train/Potato leaf late blight/Potato-late-blight-caused-by-Phytophthora-infestans_Q320.jpg,Potato___Late_blight,Tomato___Late_blight,0.936394
plantdoc/PlantDoc-Dataset/train/Potato leaf late blight/Potato-late-blight-in-field-trial-1.jpg,Potato___Late_blight,"Pepper,_bell___healthy",0.850756
plantdoc/PlantDoc-Dataset/train/Potato leaf late blight/PotatoLateBlight2.jpg,Potato___Late_blight,Squash___Powdery_mildew,0.665128
plantdoc/PlantDoc-Dataset/train/Potato leaf late blight/Symptom_potato_late_blight.jpg,Potato___Late_blight,Potato___Early_blight,0.761644
plantdoc/PlantDoc-Dataset/train/Potato leaf late blight/White-mould-potato-blight.jpg,Potato___Late_blight,Tomato___Late_blight,0.876722
plantdoc/PlantDoc-Dataset/train/Potato leaf late blight/b3a52d4eda0deedc34260c4dee847a5b.jpg,Potato___Late_blight,Tomato___Early_blight,0.880520
plantdoc/PlantDoc-Dataset/train/Potato leaf late blight/backus-056-potato-blight.jpg,Potato___Late_blight,Potato___Late_blight,0.342128
plantdoc/PlantDoc-Dataset/train/Potato leaf late blight/blight-on-potato-leaves.jpg,Potato___Late_blight,Tomato___Late_blight,0.461857
plantdoc/PlantDoc-Dataset/train/Potato leaf late blight/cropped-symptom_potato_late_blight.jpg,Potato___Late_blight,Corn___healthy,0.884212
plantdoc/PlantDoc-Dataset/train/Potato leaf late blight/d4fc0f56-da2e-4d7e-9a22-2430b562eeee.jpeg.jpg,Potato___Late_blight,"Pepper,_bell___healthy",0.523522
plantdoc/PlantDoc-Dataset/train/Potato leaf late blight/dsc_8151s.jpg,Potato___Late_blight,"Pepper,_bell___healthy",0.832436
plantdoc/PlantDoc-Dataset/train/Potato leaf late blight/early_blight.jpg,Potato___Late_blight,Tomato___Early_blight,0.901252
plantdoc/PlantDoc-Dataset/train/Potato leaf late blight/fi000293.jpg,Potato___Late_blight,Corn___healthy,0.245339
plantdoc/PlantDoc-Dataset/train/Potato leaf late blight/fig1a_500.jpg,Potato___Late_blight,Tomato___Early_blight,0.172572
plantdoc/PlantDoc-Dataset/train/Potato leaf late blight/figure-7-gudmestad-opt.jpeg.jpg,Potato___Late_blight,Strawberry___Leaf_scorch,0.604863
plantdoc/PlantDoc-Dataset/train/Potato leaf late blight/foliar_late_blight.jpg,Potato___Late_blight,Strawberry___Leaf_scorch,0.474326
plantdoc/PlantDoc-Dataset/train/Potato leaf late blight/gcp_A-2_Late_Blight_of_potatoes_callout1.jpg,Potato___Late_blight,Tomato___Late_blight,0.704618
plantdoc/PlantDoc-Dataset/train/Potato leaf late blight/late-blight-leaf-figure1.jpg,Potato___Late_blight,Tomato___Late_blight,0.922177
plantdoc/PlantDoc-Dataset/train/Potato leaf late blight/late-blight-leaf.jpg,Potato___Late_blight,"Pepper,_bell___healthy",0.374375
plantdoc/PlantDoc-Dataset/train/Potato leaf late blight/late-blight-leaves.jpg,Potato___Late_blight,Tomato___Late_blight,0.828183
plantdoc/PlantDoc-Dataset/train/Potato leaf late blight/late-blight-lesions-potato-leaf-miller-research-809.jpg,Potato___Late_blight,Tomato___Late_blight,0.591306
plantdoc/PlantDoc-Dataset/train/Potato leaf late blight/late-blight-midwest_twitter.jpg,Potato___Late_blight,Tomato___Late_blight,0.930339
plantdoc/PlantDoc-Dataset/train/Potato leaf late blight/late-blight-on-potato-leaf-550.jpg,Potato___Late_blight,Tomato___Late_blight,0.829328
plantdoc/PlantDoc-Dataset/train/Potato leaf late blight/late-blight-potato.jpg,Potato___Late_blight,"Pepper,_bell___healthy",0.716435
plantdoc/PlantDoc-Dataset/train/Potato leaf late blight/late.jpg,Potato___Late_blight,"Pepper,_bell___healthy",0.853847
plantdoc/PlantDoc-Dataset/train/Potato leaf late blight/late_blight.jpg,Potato___Late_blight,Strawberry___Leaf_scorch,0.327349
plantdoc/PlantDoc-Dataset/train/Potato leaf late blight/late_blight_potato_leaf_500.jpg,Potato___Late_blight,Tomato___Late_blight,0.238279
plantdoc/PlantDoc-Dataset/train/Potato leaf late blight/lateblight1.JPG.jpg,Potato___Late_blight,Tomato___Late_blight,0.857548
plantdoc/PlantDoc-Dataset/train/Potato leaf late blight/lateblight2.JPG.jpg,Potato___Late_blight,Potato___Late_blight,0.845317
plantdoc/PlantDoc-Dataset/train/Potato leaf late blight/lateblight8.jpg,Potato___Late_blight,Tomato___Late_blight,0.784850
plantdoc/PlantDoc-Dataset/train/Potato leaf late blight/lateblightleaf.jpg,Potato___Late_blight,Tomato___Late_blight,0.730271
plantdoc/PlantDoc-Dataset/train/Potato leaf late blight/lateblightlesions_1.jpg,Potato___Late_blight,"Pepper,_bell___healthy",0.808429
plantdoc/PlantDoc-Dataset/train/Potato leaf late blight/lb4_l.jpg,Potato___Late_blight,Potato___Late_blight,0.761937
plantdoc/PlantDoc-Dataset/train/Potato leaf late blight/lb7_l.jpg,Potato___Late_blight,Tomato___Late_blight,0.211619
plantdoc/PlantDoc-Dataset/train/Potato leaf late blight/phytophthora-infestans-late-blight-or-potato-blight-on-the-haulm-of-E29H6G.jpg,Potato___Late_blight,Tomato___Late_blight,0.936447
plantdoc/PlantDoc-Dataset/train/Potato leaf late blight/phytophthora-infestans-late-blight-or-potato-blight-on-the-haulm-of-EHW1RD.jpg,Potato___Late_blight,"Pepper,_bell___healthy",0.544906
plantdoc/PlantDoc-Dataset/train/Potato leaf late blight/phytophthora-infestans-potato-blight-first-foliar-symptoms-on-solanum-EJKRCK.jpg,Potato___Late_blight,"Pepper,_bell___healthy",0.468863
plantdoc/PlantDoc-Dataset/train/Potato leaf late blight/potato-blight-phytophora-infestans-close-up-of-infected-leaf-top-surface-A60HXG.jpg,Potato___Late_blight,Potato___Early_blight,0.945320
plantdoc/PlantDoc-Dataset/train/Potato leaf late blight/potato-late-blight-phytophthora-infestans-lesions-on-potato-foliage-X4XJF4.jpg,Potato___Late_blight,Strawberry___Leaf_scorch,0.518485
plantdoc/PlantDoc-Dataset/train/Potato leaf late blight/potato-late-blight-phytophthora-infestans-lesions-on-potato-foliage-a1w19k.jpg,Potato___Late_blight,"Pepper,_bell___healthy",0.398725
plantdoc/PlantDoc-Dataset/train/Potato leaf late blight/potato-late-blight-phytophthora-infestans-necrotic-disease-lesions-B7DEW3.jpg,Potato___Late_blight,Tomato___Late_blight,0.862511
plantdoc/PlantDoc-Dataset/train/Potato leaf late blight/potato-late-blight-phytophthora-infestans-necrotic-disease-lesions-B7G2EC.jpg,Potato___Late_blight,"Pepper,_bell___healthy",0.628037
plantdoc/PlantDoc-Dataset/train/Potato leaf late blight/potato-late-blight-symptom-on-leaves-PGB5H9.jpg,Potato___Late_blight,Corn___Cercospora_leaf_spot Gray_leaf_spot,0.175984
plantdoc/PlantDoc-Dataset/train/Potato leaf late blight/potato-late-blight-symptom-on-leaves-PGB5NJ.jpg,Potato___Late_blight,Tomato___Early_blight,0.327238
plantdoc/PlantDoc-Dataset/train/Potato leaf late blight/potato-solanum-tuberosum-late-blight.jpg,Potato___Late_blight,Potato___Late_blight,0.861555
plantdoc/PlantDoc-Dataset/train/Potato leaf late blight/potato_late-blight_02_zoom.jpg,Potato___Late_blight,Tomato___Late_blight,0.811866
plantdoc/PlantDoc-Dataset/train/Potato leaf late blight/potato_late-blight_05_zoom.jpg,Potato___Late_blight,"Pepper,_bell___healthy",0.419330
plantdoc/PlantDoc-Dataset/train/Potato leaf late blight/potato_late-blight_07_zoom.jpg,Potato___Late_blight,Potato___Late_blight,0.912570
plantdoc/PlantDoc-Dataset/train/Potato leaf late blight/potato_late-blight_08_zoom.jpg,Potato___Late_blight,"Pepper,_bell___healthy",0.309629
plantdoc/PlantDoc-Dataset/train/Potato leaf late blight/potato_ocw_botrytis-lateblight.jpg,Potato___Late_blight,Tomato___Late_blight,0.809174
plantdoc/PlantDoc-Dataset/train/Potato leaf late blight/potato_ocw_lateblight-earlyblight.jpg,Potato___Late_blight,Tomato___Early_blight,0.286977
plantdoc/PlantDoc-Dataset/train/Potato leaf late blight/potatolb_branchx500.jpg,Potato___Late_blight,"Pepper,_bell___healthy",0.713610
plantdoc/PlantDoc-Dataset/train/Potato leaf late blight/potatolb_symptoms_meg-cornell_300x225.jpg,Potato___Late_blight,Tomato___Late_blight,0.605814
plantdoc/PlantDoc-Dataset/train/Potato leaf late blight/potatolb_upper_leafcux1200.jpg,Potato___Late_blight,Tomato___Late_blight,0.249105
plantdoc/PlantDoc-Dataset/train/Potato leaf late blight/wur-late-blight-in-potato-809.jpg,Potato___Late_blight,Strawberry___Leaf_scorch,0.337676
plantdoc/PlantDoc-Dataset/test/Raspberry leaf/Raspberry-leaf.jpg,Raspberry___healthy,Raspberry___healthy,0.625895
plantdoc/PlantDoc-Dataset/test/Raspberry leaf/depositphotos_1323264-Raspberry-leaf-on-white.jpg,Raspberry___healthy,Raspberry___healthy,0.912520
plantdoc/PlantDoc-Dataset/test/Raspberry leaf/depositphotos_1323551-stock-photo-raspberry-leaves.jpg,Raspberry___healthy,Raspberry___healthy,0.343888
plantdoc/PlantDoc-Dataset/test/Raspberry leaf/depositphotos_2795312-stock-photo-green-raspberry-leaf.jpg,Raspberry___healthy,Tomato___Late_blight,0.333090
plantdoc/PlantDoc-Dataset/test/Raspberry leaf/iron-deficiency-raspberry-leaf-chlorosis-isolated-32457798.jpg,Raspberry___healthy,Tomato___Tomato_Yellow_Leaf_Curl_Virus,0.857923
plantdoc/PlantDoc-Dataset/test/Raspberry leaf/leaves-of-raspberry-stock-picture-2529053.jpg,Raspberry___healthy,Raspberry___healthy,0.759231
plantdoc/PlantDoc-Dataset/test/Raspberry leaf/three-raspberry-green-leaves-isolated-white-background-62022932.jpg,Raspberry___healthy,Raspberry___healthy,0.623338
plantdoc/PlantDoc-Dataset/train/Raspberry leaf/1-flowering-raspberry.jpg,Raspberry___healthy,Strawberry___Leaf_scorch,0.688234
plantdoc/PlantDoc-Dataset/train/Raspberry leaf/1029980206_21e73f8c57.jpg,Raspberry___healthy,Raspberry___healthy,0.893887
plantdoc/PlantDoc-Dataset/train/Raspberry leaf/1200-534476178-bee-pollinate-flower-of-raspberry.jpg,Raspberry___healthy,Corn___healthy,0.807571
plantdoc/PlantDoc-Dataset/train/Raspberry leaf/12972raspberry_leaf.jpg,Raspberry___healthy,Raspberry___healthy,0.693285
plantdoc/PlantDoc-Dataset/train/Raspberry leaf/140626%20Tiny%20Tree%20frog%20on%20raspberry%20leaf%20%281%29_0.jpg,Raspberry___healthy,Strawberry___Leaf_scorch,0.781243
plantdoc/PlantDoc-Dataset/train/Raspberry leaf/171322132-56a6d3693df78cf7729070d3.jpg,Raspberry___healthy,"Pepper,_bell___healthy",0.454034
plantdoc/PlantDoc-Dataset/train/Raspberry leaf/18183295-H.jpg,Raspberry___healthy,Strawberry___Leaf_scorch,0.407926
plantdoc/PlantDoc-Dataset/train/Raspberry leaf/20130515+008.jpg,Raspberry___healthy,Strawberry___Leaf_scorch,0.480675
plantdoc/PlantDoc-Dataset/train/Raspberry leaf/24049d1216854408-spots-raspberry-leaves-dscf1561.jpg,Raspberry___healthy,Cherry___healthy,0.456423
plantdoc/PlantDoc-Dataset/train/Raspberry leaf/2904.jpg,Raspberry___healthy,Corn___healthy,0.905889
plantdoc/PlantDoc-Dataset/train/Raspberry leaf/2905.jpg,Raspberry___healthy,Tomato___Late_blight,0.895377
plantdoc/PlantDoc-Dataset/train/Raspberry leaf/483255d3dc56a615ebaa5b424309913c--raspberry-plants-red-raspberry.jpg,Raspberry___healthy,Strawberry___Leaf_scorch,0.561571
plantdoc/PlantDoc-Dataset/train/Raspberry leaf/4cffdc67492014fcf2c5f34b0565fad7.jpg,Raspberry___healthy,Corn___healthy,0.882408
plantdoc/PlantDoc-Dataset/train/Raspberry leaf/5-leaf-berry-1-2.jpg,Raspberry___healthy,Strawberry___Leaf_scorch,0.792553
plantdoc/PlantDoc-Dataset/train/Raspberry leaf/53840458-raspberry-leaf.jpg,Raspberry___healthy,Raspberry___healthy,0.655319
plantdoc/PlantDoc-Dataset/train/Raspberry leaf/579a1aa0c6b3fd0354d1a6b57a40ac42--red-raspberry-medicinal-plants.jpg,Raspberry___healthy,Strawberry___Leaf_scorch,0.850791
plantdoc/PlantDoc-Dataset/train/Raspberry leaf/5944718_f1024.jpg,Raspberry___healthy,Strawberry___Leaf_scorch,0.423497
plantdoc/PlantDoc-Dataset/train/Raspberry leaf/608e975059eb73da53ec9bf95362b153.jpg,Raspberry___healthy,Corn___healthy,0.905066
plantdoc/PlantDoc-Dataset/train/Raspberry leaf/800px_COLOURBOX4311119.jpg,Raspberry___healthy,Tomato___Late_blight,0.435065
plantdoc/PlantDoc-Dataset/train/Raspberry leaf/Bee29A.jpg,Raspberry___healthy,Strawberry___Leaf_scorch,0.667140
plantdoc/PlantDoc-Dataset/train/Raspberry leaf/Beetles-Berry_3998.jpg,Raspberry___healthy,Strawberry___Leaf_scorch,0.288784
plantdoc/PlantDoc-Dataset/train/Raspberry leaf/Black%20raspberry%20late%20leaf%20rust%2008F.JPG.jpg,Raspberry___healthy,Corn___Northern_Leaf_Blight,0.291814
plantdoc/PlantDoc-Dataset/train/Raspberry leaf/Black%20raspberry%20late%20leaf%20rust%20top%20view05F.JPG.jpg,Raspberry___healthy,Corn___healthy,0.394283
plantdoc/PlantDoc-Dataset/train/Raspberry leaf/Blackberry-black-raspberry-1024x707.jpg,Raspberry___healthy,Cherry___healthy,0.595955
plantdoc/PlantDoc-Dataset/train/Raspberry leaf/Blackberry-black-raspberry1-1024x440.jpg,Raspberry___healthy,"Pepper,_bell___healthy",0.410359
plantdoc/PlantDoc-Dataset/train/Raspberry leaf/Blackberry-black-raspberry2-1024x606.jpg,Raspberry___healthy,Corn___healthy,0.446226
plantdoc/PlantDoc-Dataset/train/Raspberry leaf/Blackberry-black-raspberry3-1024x665.jpg,Raspberry___healthy,"Pepper,_bell___healthy",0.876414
plantdoc/PlantDoc-Dataset/train/Raspberry leaf/DC77r.jpg,Raspberry___healthy,Corn___healthy,0.841392
plantdoc/PlantDoc-Dataset/train/Raspberry leaf/DSC_0492.JPG.jpg,Raspberry___healthy,Raspberry___healthy,0.418617
plantdoc/PlantDoc-Dataset/train/Raspberry leaf/FsSYF.jpg,Raspberry___healthy,Strawberry___Leaf_scorch,0.501737
plantdoc/PlantDoc-Dataset/train/Raspberry leaf/IMG_0649.JPG.jpg,Raspberry___healthy,Strawberry___Leaf_scorch,0.578178
plantdoc/PlantDoc-Dataset/train/Raspberry leaf/IMG_1982.jpg,Raspberry___healthy,Strawberry___Leaf_scorch,0.785756
plantdoc/PlantDoc-Dataset/train/Raspberry leaf/IMG_2474.JPG.jpg,Raspberry___healthy,Corn___healthy,0.360391
plantdoc/PlantDoc-Dataset/train/Raspberry leaf/IMG_7182_original.JPG?1493665266.jpg,Raspberry___healthy,Apple___healthy,0.562550
plantdoc/PlantDoc-Dataset/train/Raspberry leaf/Leaves-of-Mysore-raspberry.jpg,Raspberry___healthy,Corn___healthy,0.406167
plantdoc/PlantDoc-Dataset/train/Raspberry leaf/Lexicon_Raspberry.jpg,Raspberry___healthy,Strawberry___Leaf_scorch,0.305143
plantdoc/PlantDoc-Dataset/train/Raspberry leaf/P1110947+Rubus+idaeus+fr+St.+Joe+River.JPG.jpg,Raspberry___healthy,Strawberry___Leaf_scorch,0.549897
plantdoc/PlantDoc-Dataset/train/Raspberry leaf/Poison_Ivy.jpg,Raspberry___healthy,"Pepper,_bell___healthy",0.559389
plantdoc/PlantDoc-Dataset/train/Raspberry leaf/Raspberry-Suckers1.jpg,Raspberry___healthy,Strawberry___Leaf_scorch,0.829027
plantdoc/PlantDoc-Dataset/train/Raspberry leaf/Raspberry-leaf-and-thimbleberry-leaf.jpg,Raspberry___healthy,"Pepper,_bell___healthy",0.233746
plantdoc/PlantDoc-Dataset/train/Raspberry leaf/Raspberry-leaf-tea-benefits-_-Ayurvedum.jpg,Raspberry___healthy,Tomato___healthy,0.339923
plantdoc/PlantDoc-Dataset/train/Raspberry leaf/Raspberry41.JPG.jpg,Raspberry___healthy,Corn___healthy,0.832640
plantdoc/PlantDoc-Dataset/train/Raspberry leaf/Red-Rasp-Leaf.jpg,Raspberry___healthy,Cherry___healthy,0.371594
plantdoc/PlantDoc-Dataset/train/Raspberry leaf/Rubus_idaeus_leaf.JPG.jpg,Raspberry___healthy,Corn___healthy,0.617662
plantdoc/PlantDoc-Dataset/train/Raspberry leaf/Rubus_occidentalis_leaf.JPG.jpg,Raspberry___healthy,Tomato___Late_blight,0.314491
plantdoc/PlantDoc-Dataset/train/Raspberry leaf/a61a6-raspberry_leaf_tea_pregnancy.jpg,Raspberry___healthy,Tomato___Leaf_Mold,0.451956
plantdoc/PlantDoc-Dataset/train/Raspberry leaf/basketofraspberryleaves.jpg,Raspberry___healthy,Corn___healthy,0.294862
plantdoc/PlantDoc-Dataset/train/Raspberry leaf/benefits-red-raspberry-leaf.jpg,Raspberry___healthy,"Pepper,_bell___healthy",0.676186
plantdoc/PlantDoc-Dataset/train/Raspberry leaf/black-raspberry-01.jpg,Raspberry___healthy,"Pepper,_bell___healthy",0.685097
plantdoc/PlantDoc-Dataset/train/Raspberry leaf/black-raspberry-three-leaves-like-poison-ivy.jpg,Raspberry___healthy,Corn___healthy,0.676001
plantdoc/PlantDoc-Dataset/train/Raspberry leaf/bramble_leaf_25.JPG.jpg,Raspberry___healthy,Raspberry___healthy,0.235333
plantdoc/PlantDoc-Dataset/train/Raspberry leaf/c-204-raspberry.jpg,Raspberry___healthy,Tomato___healthy,0.304559
plantdoc/PlantDoc-Dataset/train/Raspberry leaf/d8731a01428301a3c46a643d12c6093d.jpg,Raspberry___healthy,Strawberry___Leaf_scorch,0.823625
plantdoc/PlantDoc-Dataset/train/Raspberry leaf/depositphotos_22512509-stock-photo-raspberry-leaf.jpg,Raspberry___healthy,Tomato___Late_blight,0.337193
plantdoc/PlantDoc-Dataset/train/Raspberry leaf/dsc_0127.jpg,Raspberry___healthy,Corn___healthy,0.590372
plantdoc/PlantDoc-Dataset/train/Raspberry leaf/ed00fa5f-60af-4767-b8e8-f5405fd6eb44.jpg,Raspberry___healthy,Raspberry___healthy,0.594971
plantdoc/PlantDoc-Dataset/train/Raspberry leaf/edible_weeds_raspberry_leaf.jpg,Raspberry___healthy,Tomato___Late_blight,0.214636
plantdoc/PlantDoc-Dataset/train/Raspberry leaf/feuille-de-framboisier.jpg,Raspberry___healthy,Strawberry___Leaf_scorch,0.891600
plantdoc/PlantDoc-Dataset/train/Raspberry leaf/fresh-green-raspberry-leaf-isolated-on-white-background-with-clipping-KH37NJ.jpg,Raspberry___healthy,Raspberry___healthy,0.917499
plantdoc/PlantDoc-Dataset/train/Raspberry leaf/gardening+004.JPG.jpg,Raspberry___healthy,Corn___healthy,0.928899
plantdoc/PlantDoc-Dataset/train/Raspberry leaf/gardening+008.JPG.jpg,Raspberry___healthy,Corn___healthy,0.544874
plantdoc/PlantDoc-Dataset/train/Raspberry leaf/green-leaves-cherry-raspberry-isolated-white-backgro-fresh-background-light-veins-close-up-herbarium-75513107.jpg,Raspberry___healthy,Tomato___Late_blight,0.366686
plantdoc/PlantDoc-Dataset/train/Raspberry leaf/green-raspberry-leaf-J68BYN.jpg,Raspberry___healthy,Corn___healthy,0.853067
plantdoc/PlantDoc-Dataset/train/Raspberry leaf/groovy-raspberry1000x1000.jpg,Raspberry___healthy,Raspberry___healthy,0.349074
plantdoc/PlantDoc-Dataset/train/Raspberry leaf/groovy-raspberry3_2.jpg,Raspberry___healthy,"Pepper,_bell___healthy",0.828992
plantdoc/PlantDoc-Dataset/train/Raspberry leaf/groovy-raspberry4.jpg,Raspberry___healthy,"Pepper,_bell___healthy",0.745898
plantdoc/PlantDoc-Dataset/train/Raspberry leaf/iStock-104258470_4x3.jpg,Raspberry___healthy,Strawberry___Leaf_scorch,0.559376
plantdoc/PlantDoc-Dataset/train/Raspberry leaf/img_0509.jpg,Raspberry___healthy,Strawberry___Leaf_scorch,0.614238
plantdoc/PlantDoc-Dataset/train/Raspberry leaf/img_5342.jpg,Raspberry___healthy,Strawberry___Leaf_scorch,0.418590
plantdoc/PlantDoc-Dataset/train/Raspberry leaf/img_5426.jpg,Raspberry___healthy,Strawberry___Leaf_scorch,0.863859
plantdoc/PlantDoc-Dataset/train/Raspberry leaf/imgp9968.jpg,Raspberry___healthy,Raspberry___healthy,0.540711
plantdoc/PlantDoc-Dataset/train/Raspberry leaf/iron-deficiency-symptoms-on-autumn-fruiting-raspberry-leaf-uk-garden-E4W76G.jpg,Raspberry___healthy,Corn___healthy,0.881602
plantdoc/PlantDoc-Dataset/train/Raspberry leaf/iron-deficiency-symptoms-on-autumn-fruiting-raspberry-leaf-uk-garden-E4W77P.jpg,Raspberry___healthy,Corn___healthy,0.873918
plantdoc/PlantDoc-Dataset/train/Raspberry leaf/leaf-on-raspberry-bush.jpg,Raspberry___healthy,Tomato___Late_blight,0.338860
plantdoc/PlantDoc-Dataset/train/Raspberry leaf/leaves-of-a-raspberry-stock-photo-1206396.jpg,Raspberry___healthy,Corn___healthy,0.534278
plantdoc/PlantDoc-Dataset/train/Raspberry leaf/leaves-of-a-raspberry-stock-photo-1214081.jpg,Raspberry___healthy,Corn___healthy,0.836943
plantdoc/PlantDoc-Dataset/train/Raspberry leaf/marioncalico2.jpg,Raspberry___healthy,Corn___Cercospora_leaf_spot Gray_leaf_spot,0.415123
plantdoc/PlantDoc-Dataset/train/Raspberry leaf/muscari-raspberry-leaf-isolated-white-background-31953078.jpg,Raspberry___healthy,Corn___healthy,0.475283
plantdoc/PlantDoc-Dataset/train/Raspberry leaf/organic-herbal-smoke-tea-raspberry-leaf.jpg,Raspberry___healthy,Strawberry___Leaf_scorch,0.898746
plantdoc/PlantDoc-Dataset/train/Raspberry leaf/pbsNJ.jpg,Raspberry___healthy,Strawberry___Leaf_scorch,0.570474
plantdoc/PlantDoc-Dataset/train/Raspberry leaf/product_red-raspberry-leaf-512x384.jpg,Raspberry___healthy,Raspberry___healthy,0.800663
plantdoc/PlantDoc-Dataset/train/Raspberry leaf/raspberry%2Bleaves.jpg,Raspberry___healthy,"Pepper,_bell___healthy",0.234631
plantdoc/PlantDoc-Dataset/train/Raspberry leaf/raspberry-bush-leaves-on-a-white-background-rubi-idaei-folium-D6NDCJ.jpg,Raspberry___healthy,Raspberry___healthy,0.915648
plantdoc/PlantDoc-Dataset/train/Raspberry leaf/raspberry-green-leaves-isolated-white-background-46020616.jpg,Raspberry___healthy,Raspberry___healthy,0.362838
plantdoc/PlantDoc-Dataset/train/Raspberry leaf/raspberry-leaf-26572588.jpg,Raspberry___healthy,Raspberry___healthy,0.459286
plantdoc/PlantDoc-Dataset/train/Raspberry leaf/raspberry-leaf-dehydrator.jpg,Raspberry___healthy,Corn___healthy,0.897619
plantdoc/PlantDoc-Dataset/train/Raspberry leaf/raspberry-leaf-has-traditionally-been-used-during-the-later-stages-raspberry-leaf.jpg,Raspberry___healthy,Tomato___Late_blight,0.251781
plantdoc/PlantDoc-Dataset/train/Raspberry leaf/raspberry-leaf-ingredient-photo.jpg,Raspberry___healthy,Raspberry___healthy,0.613271
plantdoc/PlantDoc-Dataset/train/Raspberry leaf/raspberry-leaf-isolated-white-18415125.jpg,Raspberry___healthy,Raspberry___healthy,0.402412
plantdoc/PlantDoc-Dataset/train/Raspberry leaf/raspberry-leaves-1024x783.jpg,Raspberry___healthy,Tomato___Late_blight,0.826435
plantdoc/PlantDoc-Dataset/train/Raspberry leaf/raspberry-leaves-30apr15-sg.jpg,Raspberry___healthy,Corn___healthy,0.299019
plantdoc/PlantDoc-Dataset/train/Raspberry leaf/raspberry-leaves-isolated-28028038.jpg,Raspberry___healthy,Raspberry___healthy,0.605842
plantdoc/PlantDoc-Dataset/train/Raspberry leaf/raspberry-leaves-isolated-white-background-15358743.jpg,Raspberry___healthy,Tomato___Late_blight,0.278103
plantdoc/PlantDoc-Dataset/train/Raspberry leaf/raspberry-leaves-stock-picture-3093023.jpg,Raspberry___healthy,Corn___healthy,0.708284
plantdoc/PlantDoc-Dataset/train/Raspberry leaf/raspberry_leaf_full.jpg,Raspberry___healthy,Strawberry___Leaf_scorch,0.462425
plantdoc/PlantDoc-Dataset/train/Raspberry leaf/raspberry_leaves.JPG.JPG.jpg,Raspberry___healthy,Corn___healthy,0.524982
plantdoc/PlantDoc-Dataset/train/Raspberry leaf/raspberry_leaves.JPG.jpg,Raspberry___healthy,Cherry___healthy,0.456820
plantdoc/PlantDoc-Dataset/train/Raspberry leaf/raspberryleafrust1.jpg,Raspberry___healthy,Corn___Cercospora_leaf_spot Gray_leaf_spot,0.351345
plantdoc/PlantDoc-Dataset/train/Raspberry leaf/red-raspberry-leaf_1.jpg,Raspberry___healthy,Strawberry___Leaf_scorch,0.729295
plantdoc/PlantDoc-Dataset/train/Raspberry leaf/red-raspberry.jpg,Raspberry___healthy,Raspberry___healthy,0.780678
plantdoc/PlantDoc-Dataset/train/Raspberry leaf/red-rspberry-leaf-help-strengthen-the-uterus-and-the-lining-of-the-uterus.jpg,Raspberry___healthy,"Pepper,_bell___healthy",0.315172
plantdoc/PlantDoc-Dataset/train/Raspberry leaf/red_raspberry03.jpg,Raspberry___healthy,Tomato___Early_blight,0.184473
plantdoc/PlantDoc-Dataset/train/Raspberry leaf/ripe-raspberry-leaf-white-background-30978897.jpg,Raspberry___healthy,Tomato___healthy,0.637496
plantdoc/PlantDoc-Dataset/train/Raspberry leaf/ripe-raspberry-with-green-leaves-and-flowers-Download-Royalty-free-Vector-File-EPS-10297.jpg,Raspberry___healthy,Tomato___healthy,0.626619
plantdoc/PlantDoc-Dataset/train/Raspberry leaf/rubus-idaeus-8280814-9.jpg,Raspberry___healthy,Strawberry___Leaf_scorch,0.616808
plantdoc/PlantDoc-Dataset/train/Raspberry leaf/rubus-idaeus-strigosus-le-ahaines-a.jpg,Raspberry___healthy,Tomato___Late_blight,0.390089
plantdoc/PlantDoc-Dataset/train/Raspberry leaf/rubus-idaeus_0714_122911.jpg,Raspberry___healthy,Strawberry___Leaf_scorch,0.915529
plantdoc/PlantDoc-Dataset/train/Raspberry leaf/shutterstock_302160662.jpg,Raspberry___healthy,Tomato___Late_blight,0.247237
plantdoc/PlantDoc-Dataset/train/Raspberry leaf/slide10.jpg,Raspberry___healthy,Strawberry___Leaf_scorch,0.531652
plantdoc/PlantDoc-Dataset/train/Raspberry leaf/stock-photo-raspberry-leaf-isolated-on-a-white-background-72329308.jpg,Raspberry___healthy,Raspberry___healthy,0.529759
plantdoc/PlantDoc-Dataset/train/Raspberry leaf/village-herbals-bulk-herbs-raspberry-leaves.jpg,Raspberry___healthy,Tomato___Tomato_Yellow_Leaf_Curl_Virus,0.159617
plantdoc/PlantDoc-Dataset/train/Raspberry leaf/yellow-raspberry-leaf-chlorosis-nutrient-deficiency-probably-lack-iron-gardening-problem-72461965.jpg,Raspberry___healthy,"Pepper,_bell___healthy",0.492342
plantdoc/PlantDoc-Dataset/test/Soyabean leaf/07feb_ma_sbr3.JPG.jpg,Soybean___healthy,Tomato___Septoria_leaf_spot,0.814988
plantdoc/PlantDoc-Dataset/test/Soyabean leaf/Soybean%20edamame%20leaf1.JPG.jpg,Soybean___healthy,Blueberry___healthy,0.930793
plantdoc/PlantDoc-Dataset/test/Soyabean leaf/fresh-soy-leaves-isolated-on-260nw-667193923.jpg,Soybean___healthy,Orange___Haunglongbing_(Citrus_greening),0.357557
plantdoc/PlantDoc-Dataset/test/Soyabean leaf/leaf-raspberry-isolated-on-a-white-stock-photography-image-10106222-1625198.jpg,Soybean___healthy,Tomato___Late_blight,0.522015
plantdoc/PlantDoc-Dataset/test/Soyabean leaf/resistance1c.jpg,Soybean___healthy,Corn___healthy,0.562714
plantdoc/PlantDoc-Dataset/test/Soyabean leaf/stock-photo-fresh-soy-leaves-isolated-on-white-94266130.jpg,Soybean___healthy,Blueberry___healthy,0.807838
plantdoc/PlantDoc-Dataset/test/Soyabean leaf/stock-photo-fresh-soy-leaves-isolated-on-white-94700095.jpg,Soybean___healthy,Blueberry___healthy,0.896130
plantdoc/PlantDoc-Dataset/test/Soyabean leaf/stock-photo-soy-leaf-isolated-on-white-background-120961801.jpg,Soybean___healthy,Blueberry___healthy,0.859731
plantdoc/PlantDoc-Dataset/train/Soyabean leaf/487977347.jpg,Soybean___healthy,"Pepper,_bell___healthy",0.588147
plantdoc/PlantDoc-Dataset/train/Soyabean leaf/5834652565_6b00a70309_z.jpg,Soybean___healthy,"Pepper,_bell___healthy",0.580024
plantdoc/PlantDoc-Dataset/train/Soyabean leaf/6.15.12+Soybeans+V3.JPG.jpg,Soybean___healthy,Strawberry___Leaf_scorch,0.648318
plantdoc/PlantDoc-Dataset/train/Soyabean leaf/6.8.12+Soybean+First+Trifoliate+Leaf.JPG.jpg,Soybean___healthy,"Pepper,_bell___healthy",0.510367
plantdoc/PlantDoc-Dataset/train/Soyabean leaf/6898762496_5b9b6c22d3_z.jpg,Soybean___healthy,Tomato___Late_blight,0.765799
plantdoc/PlantDoc-Dataset/train/Soyabean leaf/Brown%20Spot%20-%20dark%20spots.jpg,Soybean___healthy,Grape___Black_rot,0.578603
plantdoc/PlantDoc-Dataset/train/Soyabean leaf/DM-on-soy.jpg,Soybean___healthy,"Pepper,_bell___healthy",0.376371
plantdoc/PlantDoc-Dataset/train/Soyabean leaf/IMG_1138.jpg,Soybean___healthy,"Pepper,_bell___healthy",0.816936
plantdoc/PlantDoc-Dataset/train/Soyabean leaf/IMG_20150714_122008907.jpg,Soybean___healthy,"Pepper,_bell___healthy",0.717558
plantdoc/PlantDoc-Dataset/train/Soyabean leaf/IMG_4780.jpg,Soybean___healthy,Strawberry___Leaf_scorch,0.493613
plantdoc/PlantDoc-Dataset/train/Soyabean leaf/IMG_4810.jpg,Soybean___healthy,Strawberry___Leaf_scorch,0.340965
plantdoc/PlantDoc-Dataset/train/Soyabean leaf/IMG_fig-4.jpg,Soybean___healthy,Strawberry___Leaf_scorch,0.709995
plantdoc/PlantDoc-Dataset/train/Soyabean leaf/KDeficientSoyBean.jpg,Soybean___healthy,"Pepper,_bell___healthy",0.855959
plantdoc/PlantDoc-Dataset/train/Soyabean leaf/Kdefsoybean.JPG.jpg,Soybean___healthy,Tomato___Tomato_Yellow_Leaf_Curl_Virus,0.690117
plantdoc/PlantDoc-Dataset/train/Soyabean leaf/Leaves-of-Soybean.jpg,Soybean___healthy,"Pepper,_bell___healthy",0.407313
plantdoc/PlantDoc-Dataset/train/Soyabean leaf/SOYBEANS_2_1500x1500%253E.JPG?1474027789.jpg,Soybean___healthy,Strawberry___Leaf_scorch,0.238810
plantdoc/PlantDoc-Dataset/train/Soyabean leaf/Soy-leaves-FAZ050-2015US-IL-Wuerffel-USNQ0F002-28DAB-Plot106b.jpg,Soybean___healthy,Strawberry___Leaf_scorch,0.130273
plantdoc/PlantDoc-Dataset/train/Soyabean leaf/Soybean%20edamame%20leaf.JPG.jpg,Soybean___healthy,Blueberry___healthy,0.320082
plantdoc/PlantDoc-Dataset/train/Soyabean leaf/Soybean%20oil%20leaf.JPG.jpg,Soybean___healthy,Blueberry___healthy,0.149040
plantdoc/PlantDoc-Dataset/train/Soyabean leaf/Soybean%20oil%20leaf2.JPG.jpg,Soybean___healthy,Blueberry___healthy,0.945693
plantdoc/PlantDoc-Dataset/train/Soyabean leaf/Soybean%20tofu%20leaf.JPG.jpg,Soybean___healthy,Blueberry___healthy,0.930907
plantdoc/PlantDoc-Dataset/train/Soyabean leaf/Soybean_leaves.jpg,Soybean___healthy,Tomato___Late_blight,0.222309
plantdoc/PlantDoc-Dataset/train/Soyabean leaf/a-mid-season-soybean-plants-leaves-show-virtually-no-insect-damage-cxy77t.jpg,Soybean___healthy,"Pepper,_bell___healthy",0.727536
plantdoc/PlantDoc-Dataset/train/Soyabean leaf/a-mid-season-soybean-plants-leaves-show-virtually-no-insect-damage-cxy78f.jpg,Soybean___healthy,"Pepper,_bell___healthy",0.768031
plantdoc/PlantDoc-Dataset/train/Soyabean leaf/agron10.jpg,Soybean___healthy,Cherry___healthy,0.598987
plantdoc/PlantDoc-Dataset/train/Soyabean leaf/asoybeanleafcloseup.JPG.jpg,Soybean___healthy,"Pepper,_bell___healthy",0.898802
plantdoc/PlantDoc-Dataset/train/Soyabean leaf/close-up-shot-of-soy-leaves-glistening-in-the-sunshine-picture-id157639700?s=612x612.jpg,Soybean___healthy,"Pepper,_bell___healthy",0.649173
plantdoc/PlantDoc-Dataset/train/Soyabean leaf/depositphotos_15928367-stock-photo-soy-leaf.jpg,Soybean___healthy,Blueberry___healthy,0.732680
plantdoc/PlantDoc-Dataset/train/Soyabean leaf/detailed-view-single-soybean-leaf-very-green-crop-growing-field-43444691.jpg,Soybean___healthy,"Pepper,_bell___healthy",0.523027
plantdoc/PlantDoc-Dataset/train/Soyabean leaf/double-crop-soybean-leaves-Aug-19-2013_thumb.jpg,Soybean___healthy,"Pepper,_bell___healthy",0.789671
plantdoc/PlantDoc-Dataset/train/Soyabean leaf/downy-mildew-on-soybeans-2csq9n7.jpg,Soybean___healthy,Corn___healthy,0.848312
plantdoc/PlantDoc-Dataset/train/Soyabean leaf/fresh-soy-leaves-white-46020567.jpg,Soybean___healthy,Blueberry___healthy,0.349524
plantdoc/PlantDoc-Dataset/train/Soyabean leaf/glma4_leaf_001.jpg,Soybean___healthy,"Pepper,_bell___healthy",0.282812
plantdoc/PlantDoc-Dataset/train/Soyabean leaf/kdeficiency2.jpg,Soybean___healthy,"Pepper,_bell___healthy",0.704163
plantdoc/PlantDoc-Dataset/train/Soyabean leaf/kdeficiency4.jpg,Soybean___healthy,"Pepper,_bell___healthy",0.599571
plantdoc/PlantDoc-Dataset/train/Soyabean leaf/soy-964327_960_720.jpg,Soybean___healthy,"Pepper,_bell___healthy",0.290279
plantdoc/PlantDoc-Dataset/train/Soyabean leaf/soy-leaf-27914090.jpg,Soybean___healthy,Blueberry___healthy,0.682666
plantdoc/PlantDoc-Dataset/train/Soyabean leaf/soybean-21357451.jpg,Soybean___healthy,"Pepper,_bell___healthy",0.198786
plantdoc/PlantDoc-Dataset/train/Soyabean leaf/soybean-leaf-picture-id136581201?s=612x612.jpg,Soybean___healthy,Corn___healthy,0.559048
plantdoc/PlantDoc-Dataset/train/Soyabean leaf/soybean-leaf-single.jpg,Soybean___healthy,Orange___Haunglongbing_(Citrus_greening),0.479769
plantdoc/PlantDoc-Dataset/train/Soyabean leaf/soybean-leaves-Aug-19-2013_thumb.jpg,Soybean___healthy,"Pepper,_bell___healthy",0.830436
plantdoc/PlantDoc-Dataset/train/Soyabean leaf/soybean-magnesium-2.jpg,Soybean___healthy,Strawberry___Leaf_scorch,0.596462
plantdoc/PlantDoc-Dataset/train/Soyabean leaf/soybean-plant-seedling.jpg,Soybean___healthy,"Pepper,_bell___healthy",0.239175
plantdoc/PlantDoc-Dataset/train/Soyabean leaf/soybean-potassium-deficiency-2.jpg,Soybean___healthy,"Pepper,_bell___healthy",0.408287
plantdoc/PlantDoc-Dataset/train/Soyabean leaf/soybean-seedling-at-vc-stage-cotyledons-and-unifoliate-leaves-fully-J5RK4F.jpg,Soybean___healthy,Tomato___Late_blight,0.702620
plantdoc/PlantDoc-Dataset/train/Soyabean leaf/soybean_leaves_01.jpg,Soybean___healthy,"Pepper,_bell___healthy",0.381614
plantdoc/PlantDoc-Dataset/train/Soyabean leaf/soybeans-glycine-max-with-leaves-e1hkcy.jpg,Soybean___healthy,"Pepper,_bell___healthy",0.323743
plantdoc/PlantDoc-Dataset/train/Soyabean leaf/soybeans-leaves.jpg,Soybean___healthy,Tomato___Tomato_Yellow_Leaf_Curl_Virus,0.291521
plantdoc/PlantDoc-Dataset/train/Soyabean leaf/stock-photo-fresh-soy-leaves-isolated-on-white-224197243.jpg,Soybean___healthy,Blueberry___healthy,0.262421
plantdoc/PlantDoc-Dataset/train/Soyabean leaf/stock-photo-fresh-soy-leaves-isolated-on-white-93841699.jpg,Soybean___healthy,Blueberry___healthy,0.533222
plantdoc/PlantDoc-Dataset/train/Soyabean leaf/stock-photo-fresh-soy-leaves-with-dew-isolated-on-white-416036248.jpg,Soybean___healthy,Tomato___Late_blight,0.439465
plantdoc/PlantDoc-Dataset/train/Soyabean leaf/stock-photo-green-soy-leaves-in-the-field-agricultural-background-31501516.jpg,Soybean___healthy,"Pepper,_bell___healthy",0.886068
plantdoc/PlantDoc-Dataset/train/Soyabean leaf/stock-photo-green-soy-pods-with-leaves-and-seeds-isolated-on-white-backgraund-310996586.jpg,Soybean___healthy,Tomato___Late_blight,0.197763
plantdoc/PlantDoc-Dataset/train/Soyabean leaf/stock-photo-green-soy-pods-with-leaves-isolated-on-white-backgraund-310996559.jpg,Soybean___healthy,Tomato___Late_blight,0.530402
plantdoc/PlantDoc-Dataset/train/Soyabean leaf/stock-photo-green-soybeans-leaf-on-white-background-450572512.jpg,Soybean___healthy,Tomato___Late_blight,0.588000
plantdoc/PlantDoc-Dataset/train/Soyabean leaf/stock-photo-soy-plant-isolated-on-white-background-122414239.jpg,Soybean___healthy,Blueberry___healthy,0.588746
plantdoc/PlantDoc-Dataset/train/Soyabean leaf/stock-photo-soybean-on-the-pod-with-leaves-for-healthy-eating-concept-62173117.jpg,Soybean___healthy,Tomato___Tomato_Yellow_Leaf_Curl_Virus,0.248359
plantdoc/PlantDoc-Dataset/test/Squash Powdery mildew leaf/Powdery-Mildew-on-squash.jpg,Squash___Powdery_mildew,Squash___Powdery_mildew,0.402822
plantdoc/PlantDoc-Dataset/test/Squash Powdery mildew leaf/powdery-mildew-erysiphe-plantani-on-young-sycamore-leaves-b774tm.jpg,Squash___Powdery_mildew,Tomato___Late_blight,0.315858
plantdoc/PlantDoc-Dataset/test/Squash Powdery mildew leaf/powdery-mildew-on-pumpkin-leaves-close-up-2.jpg,Squash___Powdery_mildew,Corn___healthy,0.467086
plantdoc/PlantDoc-Dataset/test/Squash Powdery mildew leaf/powdery-mildew-sphaerotheca-fuliginea-infection-on-pumpkin-leaves-ajdkkx.jpg,Squash___Powdery_mildew,Strawberry___Leaf_scorch,0.455229
plantdoc/PlantDoc-Dataset/test/Squash Powdery mildew leaf/squash-leave-w-powd-mild.jpg,Squash___Powdery_mildew,Squash___Powdery_mildew,0.295195
plantdoc/PlantDoc-Dataset/test/Squash Powdery mildew leaf/surface.jpg,Squash___Powdery_mildew,Squash___Powdery_mildew,0.942428
plantdoc/PlantDoc-Dataset/train/Squash Powdery mildew leaf/100367_max.jpg,Squash___Powdery_mildew,Squash___Powdery_mildew,0.788746
plantdoc/PlantDoc-Dataset/train/Squash Powdery mildew leaf/100_08631.jpg,Squash___Powdery_mildew,Squash___Powdery_mildew,0.951858
plantdoc/PlantDoc-Dataset/train/Squash Powdery mildew leaf/10_22-jul-11_f11.jpg,Squash___Powdery_mildew,Grape___Black_rot,0.661820
plantdoc/PlantDoc-Dataset/train/Squash Powdery mildew leaf/130813-01-17828-lg.jpg,Squash___Powdery_mildew,Squash___Powdery_mildew,0.446116
plantdoc/PlantDoc-Dataset/train/Squash Powdery mildew leaf/15005869179_9f39994957_z.jpg,Squash___Powdery_mildew,Squash___Powdery_mildew,0.307990
plantdoc/PlantDoc-Dataset/train/Squash Powdery mildew leaf/16459846140_4f0a2762e3_z.jpg,Squash___Powdery_mildew,Strawberry___Leaf_scorch,0.890668
plantdoc/PlantDoc-Dataset/train/Squash Powdery mildew leaf/16488048256_f64cfea40e_z.jpg,Squash___Powdery_mildew,Strawberry___Leaf_scorch,0.630961
plantdoc/PlantDoc-Dataset/train/Squash Powdery mildew leaf/16569580047_a720c56ee0_z.jpg,Squash___Powdery_mildew,Tomato___Septoria_leaf_spot,0.182526
plantdoc/PlantDoc-Dataset/train/Squash Powdery mildew leaf/16629068955_3092aa68a5_b.jpg,Squash___Powdery_mildew,Tomato___Septoria_leaf_spot,0.210216
plantdoc/PlantDoc-Dataset/train/Squash Powdery mildew leaf/16775706591_0c1263e4b6_z.jpg,Squash___Powdery_mildew,Squash___Powdery_mildew,0.933956
plantdoc/PlantDoc-Dataset/train/Squash Powdery mildew leaf/16848460256_9787d1c251_z.jpg,Squash___Powdery_mildew,Squash___Powdery_mildew,0.777458
plantdoc/PlantDoc-Dataset/train/Squash Powdery mildew leaf/16874340125_eb222f747b_z.jpg,Squash___Powdery_mildew,Squash___Powdery_mildew,0.871736
plantdoc/PlantDoc-Dataset/train/Squash Powdery mildew leaf/1846.400x400_4.jpeg?itok=845CLslG.jpg,Squash___Powdery_mildew,Strawberry___Leaf_scorch,0.448252
plantdoc/PlantDoc-Dataset/train/Squash Powdery mildew leaf/1895541545_8cfc6eabee_b.jpg,Squash___Powdery_mildew,Squash___Powdery_mildew,0.360798
plantdoc/PlantDoc-Dataset/train/Squash Powdery mildew leaf/1895543477_9d19ad5257_b.jpg,Squash___Powdery_mildew,Squash___Powdery_mildew,0.423537
plantdoc/PlantDoc-Dataset/train/Squash Powdery mildew leaf/207.jpg,Squash___Powdery_mildew,Squash___Powdery_mildew,0.926787
plantdoc/PlantDoc-Dataset/train/Squash Powdery mildew leaf/3761.400x400_0_0.jpeg.jpg,Squash___Powdery_mildew,Tomato___Late_blight,0.655713
plantdoc/PlantDoc-Dataset/train/Squash Powdery mildew leaf/4-lagenaria_pdic.jpg,Squash___Powdery_mildew,Squash___Powdery_mildew,0.793923
plantdoc/PlantDoc-Dataset/train/Squash Powdery mildew leaf/4917901551206400.jpeg.jpg,Squash___Powdery_mildew,Strawberry___Leaf_scorch,0.614803
plantdoc/PlantDoc-Dataset/train/Squash Powdery mildew leaf/4e55f05d945952cfad9ce97ca444c389.jpg,Squash___Powdery_mildew,Strawberry___Leaf_scorch,0.869396
plantdoc/PlantDoc-Dataset/train/Squash Powdery mildew leaf/53cf2cffb466d325a61897ef320cfccf.jpg,Squash___Powdery_mildew,Corn___healthy,0.468500
plantdoc/PlantDoc-Dataset/train/Squash Powdery mildew leaf/5HttOvj.jpg,Squash___Powdery_mildew,Corn___healthy,0.894622
plantdoc/PlantDoc-Dataset/train/Squash Powdery mildew leaf/628x471.jpg,Squash___Powdery_mildew,Squash___Powdery_mildew,0.682288
plantdoc/PlantDoc-Dataset/train/Squash Powdery mildew leaf/6c460a55e7e8607e922d98e1416448d4.jpg,Squash___Powdery_mildew,Squash___Powdery_mildew,0.926482
plantdoc/PlantDoc-Dataset/train/Squash Powdery mildew leaf/7-17-Powdery-mildew-on-zucchini-LINA.jpg,Squash___Powdery_mildew,Corn___healthy,0.193811
plantdoc/PlantDoc-Dataset/train/Squash Powdery mildew leaf/753654f7cda1b097ab6048c5d4b44b8a.jpg,Squash___Powdery_mildew,Corn___healthy,0.756999
plantdoc/PlantDoc-Dataset/train/Squash Powdery mildew leaf/7e565dd05211332ae896198afc622054.jpg,Squash___Powdery_mildew,"Pepper,_bell___healthy",0.443669
plantdoc/PlantDoc-Dataset/train/Squash Powdery mildew leaf/8%2BPowdery%2Bmildew%2Bzucchini-1.JPG.jpg,Squash___Powdery_mildew,Squash___Powdery_mildew,0.653479
plantdoc/PlantDoc-Dataset/train/Squash Powdery mildew leaf/8-ball-powdery-mildew.jpg,Squash___Powdery_mildew,Strawberry___Leaf_scorch,0.806493
plantdoc/PlantDoc-Dataset/train/Squash Powdery mildew leaf/87985926-1-56a349f35f9b58b7d0d14d82.jpg,Squash___Powdery_mildew,Corn___healthy,0.599884
plantdoc/PlantDoc-Dataset/train/Squash Powdery mildew leaf/Aug+16+2010+049.jpg,Squash___Powdery_mildew,Squash___Powdery_mildew,0.528489
plantdoc/PlantDoc-Dataset/train/Squash Powdery mildew leaf/Aug+16+2010+051.jpg,Squash___Powdery_mildew,Squash___Powdery_mildew,0.905520
plantdoc/PlantDoc-Dataset/train/Squash Powdery mildew leaf/Aug+22+052.jpg,Squash___Powdery_mildew,Squash___Powdery_mildew,0.328759
plantdoc/PlantDoc-Dataset/train/Squash Powdery mildew leaf/B9230061-Powdery_Mildew_on_Squash_Leaf-SPL.jpg,Squash___Powdery_mildew,Squash___Powdery_mildew,0.664902
plantdoc/PlantDoc-Dataset/train/Squash Powdery mildew leaf/DIYPowderyMildewSpray.jpg,Squash___Powdery_mildew,Strawberry___Leaf_scorch,0.769689
plantdoc/PlantDoc-Dataset/train/Squash Powdery mildew leaf/DSC05432.JPG.jpg,Squash___Powdery_mildew,Corn___healthy,0.926766
plantdoc/PlantDoc-Dataset/train/Squash Powdery mildew leaf/DSC05433.JPG.jpg,Squash___Powdery_mildew,Corn___healthy,0.904626
plantdoc/PlantDoc-Dataset/train/Squash Powdery mildew leaf/DSC_0183.JPG.jpg,Squash___Powdery_mildew,Squash___Powdery_mildew,0.754852
plantdoc/PlantDoc-Dataset/train/Squash Powdery mildew leaf/Get-Rid-of-Mold-or-Powdery-Mildew-on-Squash-and-Cucumbers1-1.jpg,Squash___Powdery_mildew,Corn___healthy,0.735920
plantdoc/PlantDoc-Dataset/train/Squash Powdery mildew leaf/Get-Rid-of-Mold-or-Powdery-Mildew-on-Squash-and-Cucumbers3-1.jpg,Squash___Powdery_mildew,Squash___Powdery_mildew,0.782912
plantdoc/PlantDoc-Dataset/train/Squash Powdery mildew leaf/Healthy+squash+leaves.jpg,Squash___Powdery_mildew,Squash___Powdery_mildew,0.447438
plantdoc/PlantDoc-Dataset/train/Squash Powdery mildew leaf/IMG_0702.jpg,Squash___Powdery_mildew,Squash___Powdery_mildew,0.464937
plantdoc/PlantDoc-Dataset/train/Squash Powdery mildew leaf/IMG_1725.JPG.jpg,Squash___Powdery_mildew,Squash___Powdery_mildew,0.579888
plantdoc/PlantDoc-Dataset/train/Squash Powdery mildew leaf/IMG_1726.JPG.jpg,Squash___Powdery_mildew,Squash___Powdery_mildew,0.803573
plantdoc/PlantDoc-Dataset/train/Squash Powdery mildew leaf/IMG_1802-1024x768.jpg,Squash___Powdery_mildew,Corn___healthy,0.413075
plantdoc/PlantDoc-Dataset/train/Squash Powdery mildew leaf/IMG_20150721_144405.jpg,Squash___Powdery_mildew,Corn___healthy,0.344768
plantdoc/PlantDoc-Dataset/train/Squash Powdery mildew leaf/IMG_3829-1024x684.jpg,Squash___Powdery_mildew,Corn___Cercospora_leaf_spot Gray_leaf_spot,0.735467
plantdoc/PlantDoc-Dataset/train/Squash Powdery mildew leaf/IMG_4003.jpg,Squash___Powdery_mildew,Strawberry___Leaf_scorch,0.943323
plantdoc/PlantDoc-Dataset/train/Squash Powdery mildew leaf/IMG_5457.jpg,Squash___Powdery_mildew,"Pepper,_bell___healthy",0.326961
plantdoc/PlantDoc-Dataset/train/Squash Powdery mildew leaf/IMG_5488.JPG.jpg,Squash___Powdery_mildew,Corn___healthy,0.852277
plantdoc/PlantDoc-Dataset/train/Squash Powdery mildew leaf/IMG_5606.jpg,Squash___Powdery_mildew,"Pepper,_bell___healthy",0.327726
plantdoc/PlantDoc-Dataset/train/Squash Powdery mildew leaf/IMG_5937.jpg,Squash___Powdery_mildew,Corn___healthy,0.528220
plantdoc/PlantDoc-Dataset/train/Squash Powdery mildew leaf/IW000047.jpg,Squash___Powdery_mildew,"Pepper,_bell___healthy",0.749723
plantdoc/PlantDoc-Dataset/train/Squash Powdery mildew leaf/L1360830copyrightTendingMyGarden.com-first-signs-of-powdery-mildew.jpg,Squash___Powdery_mildew,Corn___healthy,0.688766
plantdoc/PlantDoc-Dataset/train/Squash Powdery mildew leaf/Mildew-on-cucumber-leaf-1024x768.jpg,Squash___Powdery_mildew,Corn___healthy,0.736082
plantdoc/PlantDoc-Dataset/train/Squash Powdery mildew leaf/Moldy-Leaf-Pumpkin-plant.jpg,Squash___Powdery_mildew,Squash___Powdery_mildew,0.908021
plantdoc/PlantDoc-Dataset/train/Squash Powdery mildew leaf/P1080620.JPG.jpg,Squash___Powdery_mildew,Corn___healthy,0.909096
plantdoc/PlantDoc-Dataset/train/Squash Powdery mildew leaf/P8230073.JPG.jpg,Squash___Powdery_mildew,Squash___Powdery_mildew,0.493417
plantdoc/PlantDoc-Dataset/train/Squash Powdery mildew leaf/PMSquashBHedlundHerndonVA2006-1y47tkc.jpg,Squash___Powdery_mildew,Corn___healthy,0.528606
plantdoc/PlantDoc-Dataset/train/Squash Powdery mildew leaf/Pea-leaves-with-powdery-mildew.jpg,Squash___Powdery_mildew,Squash___Powdery_mildew,0.717527
plantdoc/PlantDoc-Dataset/train/Squash Powdery mildew leaf/Powdery+Mildew+Control.jpg,Squash___Powdery_mildew,Squash___Powdery_mildew,0.952423
plantdoc/PlantDoc-Dataset/train/Squash Powdery mildew leaf/Powdery+Mildew_00.JPG.jpg,Squash___Powdery_mildew,Strawberry___Leaf_scorch,0.843232
plantdoc/PlantDoc-Dataset/train/Squash Powdery mildew leaf/Powdery+Milew+Squash+003.jpg,Squash___Powdery_mildew,Corn___healthy,0.930867
plantdoc/PlantDoc-Dataset/train/Squash Powdery mildew leaf/Powdery-Mildew-Squash.jpg,Squash___Powdery_mildew,Squash___Powdery_mildew,0.431565
plantdoc/PlantDoc-Dataset/train/Squash Powdery mildew leaf/Powdery-Mildew-on-Cucumber-Leaf.jpg,Squash___Powdery_mildew,Squash___Powdery_mildew,0.649693
plantdoc/PlantDoc-Dataset/train/Squash Powdery mildew leaf/Powdery-mildew-on-pumpkin-leaf-1024x768.jpg,Squash___Powdery_mildew,Squash___Powdery_mildew,0.425968
plantdoc/PlantDoc-Dataset/train/Squash Powdery mildew leaf/Powdery-mildew-on-pumpkin-leaf-for-web.jpg,Squash___Powdery_mildew,Squash___Powdery_mildew,0.423614
plantdoc/PlantDoc-Dataset/train/Squash Powdery mildew leaf/Powdery1.jpg,Squash___Powdery_mildew,Corn___healthy,0.622311
plantdoc/PlantDoc-Dataset/train/Squash Powdery mildew leaf/PowderyMildewSquashPlant12010.jpg,Squash___Powdery_mildew,Strawberry___Leaf_scorch,0.888428
plantdoc/PlantDoc-Dataset/train/Squash Powdery mildew leaf/Powdery_Mildew_Squash.jpg,Squash___Powdery_mildew,"Pepper,_bell___healthy",0.796763
plantdoc/PlantDoc-Dataset/train/Squash Powdery mildew leaf/Squash_PowderMildew.jpg,Squash___Powdery_mildew,Squash___Powdery_mildew,0.774085
plantdoc/PlantDoc-Dataset/train/Squash Powdery mildew leaf/Squash_powdery-mildew.jpg,Squash___Powdery_mildew,"Pepper,_bell___healthy",0.757994
plantdoc/PlantDoc-Dataset/train/Squash Powdery mildew leaf/_1030395.JPG.jpg,Squash___Powdery_mildew,Squash___Powdery_mildew,0.813748
plantdoc/PlantDoc-Dataset/train/Squash Powdery mildew leaf/bfb5b4fb0d9a0dbe476ca7002b41fe4d.jpg,Squash___Powdery_mildew,Squash___Powdery_mildew,0.894891
plantdoc/PlantDoc-Dataset/train/Squash Powdery mildew leaf/cucurbit-powdery-mildew-fig-1.jpg,Squash___Powdery_mildew,Strawberry___Leaf_scorch,0.331972
plantdoc/PlantDoc-Dataset/train/Squash Powdery mildew leaf/cucurbit-squash_powdery-mildew-2L.jpg,Squash___Powdery_mildew,Cherry___healthy,0.271791
plantdoc/PlantDoc-Dataset/train/Squash Powdery mildew leaf/curcurbit-powdery-mildew-erysiphe-cichoracearum-showing-development-BMMRPG.jpg,Squash___Powdery_mildew,Squash___Powdery_mildew,0.162918
plantdoc/PlantDoc-Dataset/train/Squash Powdery mildew leaf/curcurbit-powdery-mildew-erysiphe-or-sphaerotheca-on-cucumber-leaf-B5NP51.jpg,Squash___Powdery_mildew,Corn___healthy,0.593748
plantdoc/PlantDoc-Dataset/train/Squash Powdery mildew leaf/dc4cfbd6f94d0435ab166a06acb1cde0.jpg,Squash___Powdery_mildew,Squash___Powdery_mildew,0.905401
plantdoc/PlantDoc-Dataset/train/Squash Powdery mildew leaf/dscn2512.jpg,Squash___Powdery_mildew,Strawberry___Leaf_scorch,0.222076
plantdoc/PlantDoc-Dataset/train/Squash Powdery mildew leaf/dusty-mildew-on-plants-control-powdery-mildew-identifying-powdery-mildew-plant-spray-powdery-mildew-jade-plant-treatment.jpg,Squash___Powdery_mildew,Strawberry___Leaf_scorch,0.889733
plantdoc/PlantDoc-Dataset/train/Squash Powdery mildew leaf/dusty-mildew-on-plants-downy-mildew-zucchini-plants-powdery-mildew-treatment-tomato-plants.jpg,Squash___Powdery_mildew,Strawberry___Leaf_scorch,0.701243
plantdoc/PlantDoc-Dataset/train/Squash Powdery mildew leaf/dusty-mildew-on-plants-powdery-mildew-on-a-courgette-leaf-treat-downy-mildew-plants-controlling-powdery-mildew-on-squash-plants.jpg,Squash___Powdery_mildew,Squash___Powdery_mildew,0.928170
plantdoc/PlantDoc-Dataset/train/Squash Powdery mildew leaf/erysiphe-or-spaerotheca-cucurbit-powdery-mildew-on-butternut-squash-f0rh86.jpg,Squash___Powdery_mildew,Squash___Powdery_mildew,0.792913
plantdoc/PlantDoc-Dataset/train/Squash Powdery mildew leaf/file.php?id=16321&t=1.jpg,Squash___Powdery_mildew,Strawberry___Leaf_scorch,0.693685
plantdoc/PlantDoc-Dataset/train/Squash Powdery mildew leaf/flora-ivy-plant-food-produce-vegetable-conifer-tree-squash-rock.jpg,Squash___Powdery_mildew,Corn___healthy,0.309604
plantdoc/PlantDoc-Dataset/train/Squash Powdery mildew leaf/garden-stuff-143.jpg,Squash___Powdery_mildew,Squash___Powdery_mildew,0.546589
plantdoc/PlantDoc-Dataset/train/Squash Powdery mildew leaf/hqdefault.jpg,Squash___Powdery_mildew,Squash___Powdery_mildew,0.337064
plantdoc/PlantDoc-Dataset/train/Squash Powdery mildew leaf/img_0853.jpg,Squash___Powdery_mildew,Strawberry___Leaf_scorch,0.217695
plantdoc/PlantDoc-Dataset/train/Squash Powdery mildew leaf/img_0963.jpg,Squash___Powdery_mildew,"Pepper,_bell___healthy",0.296167
plantdoc/PlantDoc-Dataset/train/Squash Powdery mildew leaf/mildew-on-leaf.jpg,Squash___Powdery_mildew,Squash___Powdery_mildew,0.245442
plantdoc/PlantDoc-Dataset/train/Squash Powdery mildew leaf/mildewonbigleafmapleslowres.JPG.jpg,Squash___Powdery_mildew,Squash___Powdery_mildew,0.919735
plantdoc/PlantDoc-Dataset/train/Squash Powdery mildew leaf/mold_web12.16.14.jpg,Squash___Powdery_mildew,Squash___Powdery_mildew,0.885168
plantdoc/PlantDoc-Dataset/train/Squash Powdery mildew leaf/p1070482.jpg,Squash___Powdery_mildew,Grape___healthy,0.652794
plantdoc/PlantDoc-Dataset/train/Squash Powdery mildew leaf/p1070616.jpg,Squash___Powdery_mildew,Strawberry___Leaf_scorch,0.277929
plantdoc/PlantDoc-Dataset/train/Squash Powdery mildew leaf/photo4.jpg,Squash___Powdery_mildew,Squash___Powdery_mildew,0.559358
plantdoc/PlantDoc-Dataset/train/Squash Powdery mildew leaf/pm+001.JPG.jpg,Squash___Powdery_mildew,"Pepper,_bell___healthy",0.475196
plantdoc/PlantDoc-Dataset/train/Squash Powdery mildew leaf/pm-001.jpg,Squash___Powdery_mildew,Squash___Powdery_mildew,0.927245
plantdoc/PlantDoc-Dataset/train/Squash Powdery mildew leaf/pm-squash-big.jpg,Squash___Powdery_mildew,Squash___Powdery_mildew,0.551746
plantdoc/PlantDoc-Dataset/train/Squash Powdery mildew leaf/pmild1_600px.jpg,Squash___Powdery_mildew,Corn___healthy,0.912089
plantdoc/PlantDoc-Dataset/train/Squash Powdery mildew leaf/powdery%20mildew%20of%20squash.jpg,Squash___Powdery_mildew,Strawberry___Leaf_scorch,0.600820
plantdoc/PlantDoc-Dataset/train/Squash Powdery mildew leaf/powdery-mildew-1.jpg,Squash___Powdery_mildew,Corn___Common_rust,0.141568
plantdoc/PlantDoc-Dataset/train/Squash Powdery mildew leaf/powdery-mildew-erysiphe-plantani-on-young-sycamore-leaves-b0ah25.jpg,Squash___Powdery_mildew,Tomato___Late_blight,0.142202
plantdoc/PlantDoc-Dataset/train/Squash Powdery mildew leaf/powdery-mildew-on-squash-plants-you-can-prevent-powdery-mildew-disease-by-avoiding-overhead-sprinkling-and-watering-in-the-morning-rather-than-evening-forum-news-service-file-photo-what-causes-powdery.jpg,Squash___Powdery_mildew,Squash___Powdery_mildew,0.136057
plantdoc/PlantDoc-Dataset/train/Squash Powdery mildew leaf/powdery-mildew-pea-leaf.jpg,Squash___Powdery_mildew,Corn___healthy,0.565840
plantdoc/PlantDoc-Dataset/train/Squash Powdery mildew leaf/powdery_mildew.jpg,Squash___Powdery_mildew,Corn___healthy,0.234066
plantdoc/PlantDoc-Dataset/train/Squash Powdery mildew leaf/powderymildew-669x578.jpg,Squash___Powdery_mildew,Squash___Powdery_mildew,0.797213
plantdoc/PlantDoc-Dataset/train/Squash Powdery mildew leaf/powderymildew-on-squash.jpg,Squash___Powdery_mildew,Squash___Powdery_mildew,0.753920
plantdoc/PlantDoc-Dataset/train/Squash Powdery mildew leaf/powderymildew_300.jpg,Squash___Powdery_mildew,Squash___Powdery_mildew,0.894426
plantdoc/PlantDoc-Dataset/train/Squash Powdery mildew leaf/powderymildewcucurb-jallen.jpg,Squash___Powdery_mildew,Strawberry___Leaf_scorch,0.892800
plantdoc/PlantDoc-Dataset/train/Squash Powdery mildew leaf/powderymildewpumpkinaiyura6151.jpg,Squash___Powdery_mildew,Squash___Powdery_mildew,0.881302
plantdoc/PlantDoc-Dataset/train/Squash Powdery mildew leaf/powmil.jpg,Squash___Powdery_mildew,Squash___Powdery_mildew,0.873351
plantdoc/PlantDoc-Dataset/train/Squash Powdery mildew leaf/severe%20PM%20at%20MHRI%202013%20%2821%29.JPG.jpg,Squash___Powdery_mildew,Grape___Black_rot,0.136052
plantdoc/PlantDoc-Dataset/train/Squash Powdery mildew leaf/squash-plant-identification-squash-powdery-mildew-garden-squash-varieties-pictures.jpg,Squash___Powdery_mildew,Squash___Powdery_mildew,0.917058
plantdoc/PlantDoc-Dataset/train/Squash Powdery mildew leaf/squash-powdery-mildew-2.jpg,Squash___Powdery_mildew,"Pepper,_bell___healthy",0.196750
plantdoc/PlantDoc-Dataset/train/Squash Powdery mildew leaf/squash-powdery-mildew-3.jpg,Squash___Powdery_mildew,Corn___healthy,0.805195
plantdoc/PlantDoc-Dataset/train/Squash Powdery mildew leaf/squash-powdery-mildew-4.jpg,Squash___Powdery_mildew,"Pepper,_bell___healthy",0.302268
plantdoc/PlantDoc-Dataset/train/Squash Powdery mildew leaf/squash-powdery-mildew.jpg,Squash___Powdery_mildew,Squash___Powdery_mildew,0.703329
plantdoc/PlantDoc-Dataset/train/Squash Powdery mildew leaf/squash-with-mildew-2x.jpg,Squash___Powdery_mildew,Squash___Powdery_mildew,0.564556
plantdoc/PlantDoc-Dataset/train/Squash Powdery mildew leaf/what-is-powdery-mildew-on-plants-mild-powdery-mildew-that-will-appear-on-most-squash-leaves-during-the-mid-summer-powdery-mildew-plant-spray-powdery-mildew-on-tomato-plant-leaves.jpg,Squash___Powdery_mildew,Squash___Powdery_mildew,0.889634
plantdoc/PlantDoc-Dataset/train/Squash Powdery mildew leaf/white-mold-on-squash-plants-powdery-mildew-on-plant-leaves-how-to-get-rid-of-white-mold-on-squash-plants-white-mold-on-squash-plants.jpg,Squash___Powdery_mildew,Tomato___Early_blight,0.606561
plantdoc/PlantDoc-Dataset/train/Squash Powdery mildew leaf/white-powdery-mildew-leaves.jpg,Squash___Powdery_mildew,Squash___Powdery_mildew,0.925978
plantdoc/PlantDoc-Dataset/train/Squash Powdery mildew leaf/whitemildew1_l.jpg,Squash___Powdery_mildew,Squash___Powdery_mildew,0.866206
plantdoc/PlantDoc-Dataset/train/Squash Powdery mildew leaf/woman-cutting-off-yellow-summer-squash-leaves-with-powdery-mildew-eef3dd.jpg,Squash___Powdery_mildew,Tomato___Target_Spot,0.382936
plantdoc/PlantDoc-Dataset/test/Strawberry leaf/strawberry-leaf--stock-photo-1431216.jpg,Strawberry___healthy,Tomato___Tomato_Yellow_Leaf_Curl_Virus,0.229648
plantdoc/PlantDoc-Dataset/test/Strawberry leaf/strawberry-leaf-22360816.jpg,Strawberry___healthy,Strawberry___healthy,0.253217
plantdoc/PlantDoc-Dataset/test/Strawberry leaf/strawberry-leaves-collection-white-background-36684676.jpg,Strawberry___healthy,Grape___healthy,0.488262
plantdoc/PlantDoc-Dataset/test/Strawberry leaf/strawberry-leaves-isolated-white-17473157.jpg,Strawberry___healthy,Tomato___Late_blight,0.507959
plantdoc/PlantDoc-Dataset/test/Strawberry leaf/strawberry-leaves-isolated-white-34722259.jpg,Strawberry___healthy,Tomato___healthy,0.188427
plantdoc/PlantDoc-Dataset/test/Strawberry leaf/strawberry-leaves-stock-image-948674.jpg,Strawberry___healthy,Strawberry___Leaf_scorch,0.368890
plantdoc/PlantDoc-Dataset/test/Strawberry leaf/strawberry-leaves-stock-picture-948708.jpg,Strawberry___healthy,Strawberry___Leaf_scorch,0.226512
plantdoc/PlantDoc-Dataset/test/Strawberry leaf/wild-strawberry-leaf-top-view-rotated-KTBXCY.jpg,Strawberry___healthy,Strawberry___Leaf_scorch,0.269934
plantdoc/PlantDoc-Dataset/train/Strawberry leaf/0008003-strawberry-leaf-veiner-large.jpg,Strawberry___healthy,Strawberry___Leaf_scorch,0.819437
plantdoc/PlantDoc-Dataset/train/Strawberry leaf/102_0829.JPG.jpg,Strawberry___healthy,Strawberry___Leaf_scorch,0.713866
plantdoc/PlantDoc-Dataset/train/Strawberry leaf/13400strawberry_leaves.jpg,Strawberry___healthy,Tomato___Late_blight,0.505284
plantdoc/PlantDoc-Dataset/train/Strawberry leaf/1534854-a-green-strawberry-leaf-isolated-on-a-white-background.jpg,Strawberry___healthy,Tomato___Tomato_Yellow_Leaf_Curl_Virus,0.321908
plantdoc/PlantDoc-Dataset/train/Strawberry leaf/1788724-spring-leaves-of-garden-strawberry-macro-background-isolated.jpg,Strawberry___healthy,Strawberry___healthy,0.319840
plantdoc/PlantDoc-Dataset/train/Strawberry leaf/18423_original.jpg,Strawberry___healthy,Strawberry___Leaf_scorch,0.786955
plantdoc/PlantDoc-Dataset/train/Strawberry leaf/270412tglr-wild-strawberry-leaf.jpg,Strawberry___healthy,"Pepper,_bell___healthy",0.234507
plantdoc/PlantDoc-Dataset/train/Strawberry leaf/344d1150577229-strange-strawberry-leaves-unhealthy-maxim.jpg,Strawberry___healthy,Strawberry___Leaf_scorch,0.426373
plantdoc/PlantDoc-Dataset/train/Strawberry leaf/41.jpg,Strawberry___healthy,Strawberry___Leaf_scorch,0.543810
plantdoc/PlantDoc-Dataset/train/Strawberry leaf/4719232-strawberry-with-green-leaves-and-flower-isolated-on-white-background.jpg,Strawberry___healthy,"Pepper,_bell___healthy",0.310251
plantdoc/PlantDoc-Dataset/train/Strawberry leaf/5787ab74428a5fdc70e3defda7f00f0a4623876d.jpeg.jpg,Strawberry___healthy,"Pepper,_bell___healthy",0.675441
plantdoc/PlantDoc-Dataset/train/Strawberry leaf/7.jpg,Strawberry___healthy,Strawberry___Leaf_scorch,0.311013
plantdoc/PlantDoc-Dataset/train/Strawberry leaf/7065201-strawberry-leaf.jpg,Strawberry___healthy,Grape___healthy,0.171594
plantdoc/PlantDoc-Dataset/train/Strawberry leaf/DSCN5936.JPG.jpg,Strawberry___healthy,Strawberry___Leaf_scorch,0.914419
plantdoc/PlantDoc-Dataset/train/Strawberry leaf/F-vesca-leaf1.jpg,Strawberry___healthy,Strawberry___Leaf_scorch,0.794235
plantdoc/PlantDoc-Dataset/train/Strawberry leaf/Fragaria-virginiana-6.jpg,Strawberry___healthy,Strawberry___Leaf_scorch,0.886001
plantdoc/PlantDoc-Dataset/train/Strawberry leaf/IMG_1309.JPG.jpg,Strawberry___healthy,Tomato___Late_blight,0.831342
plantdoc/PlantDoc-Dataset/train/Strawberry leaf/IMG_2780.jpg,Strawberry___healthy,Strawberry___Leaf_scorch,0.889529
plantdoc/PlantDoc-Dataset/train/Strawberry leaf/IMG_4056.JPG.jpg,Strawberry___healthy,Strawberry___Leaf_scorch,0.788106
plantdoc/PlantDoc-Dataset/train/Strawberry leaf/IMG_4695.jpg,Strawberry___healthy,Strawberry___Leaf_scorch,0.858028
plantdoc/PlantDoc-Dataset/train/Strawberry leaf/IMG_4696.jpg,Strawberry___healthy,Strawberry___Leaf_scorch,0.673816
plantdoc/PlantDoc-Dataset/train/Strawberry leaf/IMG_5392.JPG.jpg,Strawberry___healthy,Strawberry___Leaf_scorch,0.905623
plantdoc/PlantDoc-Dataset/train/Strawberry leaf/IMG_7107.jpg,Strawberry___healthy,Corn___healthy,0.343423
plantdoc/PlantDoc-Dataset/train/Strawberry leaf/Leaves%2C_Wild_strawberry_-_Flickr_-_nekonomania.jpg,Strawberry___healthy,Corn___healthy,0.266980
plantdoc/PlantDoc-Dataset/train/Strawberry leaf/Leaves-of-Strawberries.jpg,Strawberry___healthy,Strawberry___Leaf_scorch,0.732217
plantdoc/PlantDoc-Dataset/train/Strawberry leaf/Strawberry+leaves.jpg,Strawberry___healthy,Strawberry___Leaf_scorch,0.362545
plantdoc/PlantDoc-Dataset/train/Strawberry leaf/Strawberry-Leaves.jpg,Strawberry___healthy,Strawberry___healthy,0.257910
plantdoc/PlantDoc-Dataset/train/Strawberry leaf/berry-strawberry-leaf-flower-set-isolated-white-background-47595687.jpg,Strawberry___healthy,Strawberry___Leaf_scorch,0.179935
plantdoc/PlantDoc-Dataset/train/Strawberry leaf/bfeba4aaa5a042494590b027686e1d16.jpg,Strawberry___healthy,Corn___Common_rust,0.203412
plantdoc/PlantDoc-Dataset/train/Strawberry leaf/creeping-cinquefoil-potentilla-reptans-4.jpg,Strawberry___healthy,Corn___healthy,0.625994
plantdoc/PlantDoc-Dataset/train/Strawberry leaf/depositphotos_1090254-Strawberry-leaves.jpg,Strawberry___healthy,Strawberry___Leaf_scorch,0.809467
plantdoc/PlantDoc-Dataset/train/Strawberry leaf/depositphotos_164701744-stock-photo-closeup-of-strawberry-leaves.jpg,Strawberry___healthy,Grape___healthy,0.174354
plantdoc/PlantDoc-Dataset/train/Strawberry leaf/depositphotos_3121648-Strawberry-leaf.jpg,Strawberry___healthy,Grape___healthy,0.226494
plantdoc/PlantDoc-Dataset/train/Strawberry leaf/depositphotos_40207459-stock-photo-strawberry-leaves-collection-isolated-on.jpg,Strawberry___healthy,Corn___healthy,0.294234
plantdoc/PlantDoc-Dataset/train/Strawberry leaf/depositphotos_6570354-Strawberry-leaf.jpg,Strawberry___healthy,Grape___healthy,0.241989
plantdoc/PlantDoc-Dataset/train/Strawberry leaf/depositphotos_6570375-stock-photo-strawberry-leaf.jpg,Strawberry___healthy,Grape___healthy,0.880326
plantdoc/PlantDoc-Dataset/train/Strawberry leaf/depositphotos_6570387-stock-photo-strawberry-leaf.jpg,Strawberry___healthy,Grape___healthy,0.556504
plantdoc/PlantDoc-Dataset/train/Strawberry leaf/depositphotos_6598542-Single-green-strawberry-leaf-isolated-on-white.jpg,Strawberry___healthy,Strawberry___healthy,0.238223
plantdoc/PlantDoc-Dataset/train/Strawberry leaf/depositphotos_8078382-stock-photo-strawberry-leaf.jpg,Strawberry___healthy,Strawberry___Leaf_scorch,0.237324
plantdoc/PlantDoc-Dataset/train/Strawberry leaf/depositphotos_9274005-stock-photo-strawberry-leaf.jpg,Strawberry___healthy,Strawberry___healthy,0.552070
plantdoc/PlantDoc-Dataset/train/Strawberry leaf/dew-on-a-leaf-stock-image-1226834.jpg,Strawberry___healthy,Strawberry___healthy,0.523662
plantdoc/PlantDoc-Dataset/train/Strawberry leaf/fragaria-vesca-americana-le-ahaines-c.jpg,Strawberry___healthy,Tomato___healthy,0.275325
plantdoc/PlantDoc-Dataset/train/Strawberry leaf/fresh-green-strawberry-leaf-isolated-on-white-background-with-clipping-KH37KY.jpg,Strawberry___healthy,Strawberry___healthy,0.593443
plantdoc/PlantDoc-Dataset/train/Strawberry leaf/giant-leaves.jpg,Strawberry___healthy,Strawberry___Leaf_scorch,0.825283
plantdoc/PlantDoc-Dataset/train/Strawberry leaf/green-strawberry-leaf-isolated-on-white-picture-id623362994?k=6&m=623362994&s=612x612&w=0&h=l350NQvVUUsLkRD1jOeEDnUledIWPjFXi86jd_Uv0OE=.jpg,Strawberry___healthy,Strawberry___healthy,0.578566
plantdoc/PlantDoc-Dataset/train/Strawberry leaf/green-strawberry-leaf-isolated-on-white-picture-id654400974?k=6&m=654400974&s=612x612&w=0&h=x97U-8miyZxfXvAUVMbPGGj6_Lt-p35dVXiu1zuBt-Q=.jpg,Strawberry___healthy,Strawberry___healthy,0.568047
plantdoc/PlantDoc-Dataset/train/Strawberry leaf/green-strawberry-leaf-isolated-on-white-picture-id692328988?k=6&m=692328988&s=612x612&w=0&h=604VCrDe3mbN0c6LZZSBBvm4iMdWh1wcb3KHDX6CVRE=.jpg,Strawberry___healthy,Strawberry___healthy,0.799495
plantdoc/PlantDoc-Dataset/train/Strawberry leaf/green-strawberry-leaf-isolated-white-single-background-78801845.jpg,Strawberry___healthy,Strawberry___healthy,0.836345
plantdoc/PlantDoc-Dataset/train/Strawberry leaf/green-strawberry-leaf-isolated-white-single-background-78801856.jpg,Strawberry___healthy,Strawberry___healthy,0.151250
plantdoc/PlantDoc-Dataset/train/Strawberry leaf/guttation-on-the-leaves-of-a-strawberry-plant-leaf-guttation-BN3DM8.jpg,Strawberry___healthy,Strawberry___Leaf_scorch,0.771005
plantdoc/PlantDoc-Dataset/train/Strawberry leaf/img_0034.jpg,Strawberry___healthy,Corn___healthy,0.753376
plantdoc/PlantDoc-Dataset/train/Strawberry leaf/img_0164.jpg,Strawberry___healthy,Strawberry___Leaf_scorch,0.606605
plantdoc/PlantDoc-Dataset/train/Strawberry leaf/img_20110302_170719.jpg,Strawberry___healthy,Strawberry___Leaf_scorch,0.916761
plantdoc/PlantDoc-Dataset/train/Strawberry leaf/indian-strawberry-leaf.jpg,Strawberry___healthy,Tomato___Late_blight,0.510519
plantdoc/PlantDoc-Dataset/train/Strawberry leaf/leaf-wild-strawberry-plant-25253212.jpg,Strawberry___healthy,Tomato___Late_blight,0.370519
plantdoc/PlantDoc-Dataset/train/Strawberry leaf/leaves_comparison.jpg,Strawberry___healthy,Strawberry___Leaf_scorch,0.892193
plantdoc/PlantDoc-Dataset/train/Strawberry leaf/single-green-strawberry-leaf-isolated-white-12750533.jpg,Strawberry___healthy,Strawberry___healthy,0.550037
plantdoc/PlantDoc-Dataset/train/Strawberry leaf/stock-photo-fresh-green-strawberry-leaf-isolated-on-white-background-strawberry-leaf-with-clipping-path-630981155.jpg,Strawberry___healthy,Strawberry___healthy,0.306079
plantdoc/PlantDoc-Dataset/train/Strawberry leaf/stock-photo-green-strawberry-leaf-isolated-on-white-background-clipping-path-458155747.jpg,Strawberry___healthy,Tomato___Tomato_Yellow_Leaf_Curl_Virus,0.200307
plantdoc/PlantDoc-Dataset/train/Strawberry leaf/stock-photo-leaf-strawberry-leaf-on-the-white-background-153348767.jpg,Strawberry___healthy,Strawberry___healthy,0.940750
plantdoc/PlantDoc-Dataset/train/Strawberry leaf/stock-photo-strawberry-leaf-isolated-on-the-white-background-255533380.jpg,Strawberry___healthy,Strawberry___healthy,0.260471
plantdoc/PlantDoc-Dataset/train/Strawberry leaf/stock-photo-strawberry-leaf-isolated-on-white-background-572055775.jpg,Strawberry___healthy,Tomato___Late_blight,0.181500
plantdoc/PlantDoc-Dataset/train/Strawberry leaf/stock-photo-strawberry-leaf-isolated-on-white-background-with-clipping-path-568145485.jpg,Strawberry___healthy,Strawberry___healthy,0.839074
plantdoc/PlantDoc-Dataset/train/Strawberry leaf/stock-photo-strawberry-leaves-collection-isolated-on-white-159165548.jpg,Strawberry___healthy,Grape___healthy,0.360146
plantdoc/PlantDoc-Dataset/train/Strawberry leaf/stock-photo-strawberry-leaves-collection-isolated-on-white-163409792.jpg,Strawberry___healthy,Corn___healthy,0.209412
plantdoc/PlantDoc-Dataset/train/Strawberry leaf/stock-photo-strawberry-leaves-isolated-on-white-background-collection-227987416.jpg,Strawberry___healthy,Corn___healthy,0.205928
plantdoc/PlantDoc-Dataset/train/Strawberry leaf/strawberry+leaf+3ds+max+texture.jpg,Strawberry___healthy,Corn___healthy,0.363032
plantdoc/PlantDoc-Dataset/train/Strawberry leaf/strawberry+leaf+eila+collage+obsession.jpg,Strawberry___healthy,Grape___Black_rot,0.183013
plantdoc/PlantDoc-Dataset/train/Strawberry leaf/strawberry-005.jpg,Strawberry___healthy,Strawberry___Leaf_scorch,0.919528
plantdoc/PlantDoc-Dataset/train/Strawberry leaf/strawberry-leaf-24988739.jpg,Strawberry___healthy,Tomato___Late_blight,0.293543
plantdoc/PlantDoc-Dataset/train/Strawberry leaf/strawberry-leaf-isolated-on-white-background-picture-id487562700?k=6&m=487562700&s=612x612&w=0&h=uJYH7WuQOtfgoSp4EKzGuRPXoejL470Pkh_zMoIJYEs=.jpg,Strawberry___healthy,Grape___healthy,0.180375
plantdoc/PlantDoc-Dataset/train/Strawberry leaf/strawberry-leaf-stock-image-3662904.jpg,Strawberry___healthy,Strawberry___healthy,0.231680
plantdoc/PlantDoc-Dataset/train/Strawberry leaf/strawberry-leaf-stock-image-3663564.jpg,Strawberry___healthy,Strawberry___Leaf_scorch,0.534716
plantdoc/PlantDoc-Dataset/train/Strawberry leaf/strawberry-leaf-stock-picture-3646237.jpg,Strawberry___healthy,Strawberry___Leaf_scorch,0.284299
plantdoc/PlantDoc-Dataset/train/Strawberry leaf/strawberry-leaves-14363881.jpg,Strawberry___healthy,Tomato___Late_blight,0.488762
plantdoc/PlantDoc-Dataset/train/Strawberry leaf/strawberry-leaves-14363903.jpg,Strawberry___healthy,Grape___healthy,0.315658
plantdoc/PlantDoc-Dataset/train/Strawberry leaf/strawberry-leaves-15674632.jpg,Strawberry___healthy,Strawberry___Leaf_scorch,0.380198
plantdoc/PlantDoc-Dataset/train/Strawberry leaf/strawberry-leaves-beautiful-shot-white-background-53944290.jpg,Strawberry___healthy,Strawberry___healthy,0.784482
plantdoc/PlantDoc-Dataset/train/Strawberry leaf/strawberry-leaves-close-up.jpg,Strawberry___healthy,Strawberry___Leaf_scorch,0.345516
plantdoc/PlantDoc-Dataset/train/Strawberry leaf/strawberry-leaves-stock-picture-1860898.jpg,Strawberry___healthy,Strawberry___Leaf_scorch,0.384194
plantdoc/PlantDoc-Dataset/train/Strawberry leaf/strawberry-plant-leaves-strawberry-red-spots-on-strawberry-plant-leaves.jpg,Strawberry___healthy,Strawberry___healthy,0.938285
plantdoc/PlantDoc-Dataset/train/Strawberry leaf/strawberry-plant-leaves-the-distorted-wrinkled-leaves-are-showing-signs-of-cold-damage-the-older-and-younger-leaves-around-them-are-normal-looking-strawberry-plant-leaves-turn-red.jpg,Strawberry___healthy,Strawberry___Leaf_scorch,0.510811
plantdoc/PlantDoc-Dataset/train/Strawberry leaf/strawberry-plant.jpg,Strawberry___healthy,Strawberry___Leaf_scorch,0.867782
plantdoc/PlantDoc-Dataset/train/Strawberry leaf/strawberry_plant_l1.jpg,Strawberry___healthy,Strawberry___Leaf_scorch,0.858212
plantdoc/PlantDoc-Dataset/train/Strawberry leaf/strawberryleaves-notpi.jpg,Strawberry___healthy,Strawberry___Leaf_scorch,0.928971
plantdoc/PlantDoc-Dataset/train/Strawberry leaf/wild-strawberry-fragaria-vesca-leaves-with-a-single-flower-KD619N.jpg,Strawberry___healthy,Strawberry___Leaf_scorch,0.876552
plantdoc/PlantDoc-Dataset/train/Strawberry leaf/wood-strawberry-leaves-700w.jpg,Strawberry___healthy,Strawberry___healthy,0.383552
plantdoc/PlantDoc-Dataset/train/Strawberry leaf/yellow-strawberry-leaves.jpg.1080x0_q100_crop-scale.jpg,Strawberry___healthy,Strawberry___Leaf_scorch,0.471611
plantdoc/PlantDoc-Dataset/test/Tomato Early blight leaf/039b47d574bc4bb8a14259a1cd96a741.jpg,Tomato___Early_blight,Strawberry___Leaf_scorch,0.820057
plantdoc/PlantDoc-Dataset/test/Tomato Early blight leaf/100983448.jpg,Tomato___Early_blight,Tomato___Early_blight,0.346460
plantdoc/PlantDoc-Dataset/test/Tomato Early blight leaf/1234080-Early-Blight.jpg,Tomato___Early_blight,"Pepper,_bell___healthy",0.417186
plantdoc/PlantDoc-Dataset/test/Tomato Early blight leaf/Shoemaker_7068.JPG.jpg,Tomato___Early_blight,Tomato___Early_blight,0.205422
plantdoc/PlantDoc-Dataset/test/Tomato Early blight leaf/bugs-and-blight-061.jpg,Tomato___Early_blight,Strawberry___Leaf_scorch,0.571984
plantdoc/PlantDoc-Dataset/test/Tomato Early blight leaf/dscn3175.jpg,Tomato___Early_blight,"Pepper,_bell___healthy",0.711378
plantdoc/PlantDoc-Dataset/test/Tomato Early blight leaf/early_blight1-150x150.jpg,Tomato___Early_blight,Tomato___Early_blight,0.902318
plantdoc/PlantDoc-Dataset/test/Tomato Early blight leaf/earlyblight21_.jpg,Tomato___Early_blight,"Pepper,_bell___healthy",0.910711
plantdoc/PlantDoc-Dataset/test/Tomato Early blight leaf/tomato_early-blight_01_zoom.jpg,Tomato___Early_blight,Tomato___Early_blight,0.764840
plantdoc/PlantDoc-Dataset/train/Tomato Early blight leaf/100_46341.jpg,Tomato___Early_blight,"Pepper,_bell___healthy",0.669669
plantdoc/PlantDoc-Dataset/train/Tomato Early blight leaf/1058_0.jpeg?itok=OQkdtxgv.jpg,Tomato___Early_blight,"Pepper,_bell___healthy",0.674954
plantdoc/PlantDoc-Dataset/train/Tomato Early blight leaf/126689-004-D622CD2F.jpg,Tomato___Early_blight,Potato___Early_blight,0.768680
plantdoc/PlantDoc-Dataset/train/Tomato Early blight leaf/12July_mwnews_3-C.jpg,Tomato___Early_blight,"Pepper,_bell___healthy",0.297375
plantdoc/PlantDoc-Dataset/train/Tomato Early blight leaf/1576389-early%20blight%20symptoms.jpg,Tomato___Early_blight,Tomato___Early_blight,0.934478
plantdoc/PlantDoc-Dataset/train/Tomato Early blight leaf/20020531-early%20blight%20%20starts%20on%20lower%20leaves.jpg,Tomato___Early_blight,Cherry___healthy,0.651242
plantdoc/PlantDoc-Dataset/train/Tomato Early blight leaf/20080526-_DSC4211.jpg,Tomato___Early_blight,Strawberry___Leaf_scorch,0.650863
plantdoc/PlantDoc-Dataset/train/Tomato Early blight leaf/2373320.jpg,Tomato___Early_blight,Tomato___Septoria_leaf_spot,0.375100
plantdoc/PlantDoc-Dataset/train/Tomato Early blight leaf/30053_original.jpg,Tomato___Early_blight,Tomato___Early_blight,0.823060
plantdoc/PlantDoc-Dataset/train/Tomato Early blight leaf/3606630.jpg,Tomato___Early_blight,Tomato___Late_blight,0.891518
plantdoc/PlantDoc-Dataset/train/Tomato Early blight leaf/5086-early.jpg,Tomato___Early_blight,Tomato___Early_blight,0.445109
plantdoc/PlantDoc-Dataset/train/Tomato Early blight leaf/8%20mistakes%204.jpg,Tomato___Early_blight,Strawberry___Leaf_scorch,0.442212
plantdoc/PlantDoc-Dataset/train/Tomato Early blight leaf/8950022d45978228d5e44a35183efdb9--tomatoes-dyi.jpg,Tomato___Early_blight,"Pepper,_bell___healthy",0.338567
plantdoc/PlantDoc-Dataset/train/Tomato Early blight leaf/BCH%20medium%20thumbnail%20for%20upload%20%2836%29.jpg,Tomato___Early_blight,Strawberry___Leaf_scorch,0.389665
plantdoc/PlantDoc-Dataset/train/Tomato Early blight leaf/Diseased-Tomato-Plant.jpg,Tomato___Early_blight,"Pepper,_bell___healthy",0.795800
plantdoc/PlantDoc-Dataset/train/Tomato Early blight leaf/EBTomato.jpg,Tomato___Early_blight,Tomato___Early_blight,0.931724
plantdoc/PlantDoc-Dataset/train/Tomato Early blight leaf/Early+Blight+-+Tomatoes.jpg,Tomato___Early_blight,Tomato___Septoria_leaf_spot,0.801744
plantdoc/PlantDoc-Dataset/train/Tomato Early blight leaf/Early-bligh_t.jpg,Tomato___Early_blight,Tomato___Early_blight,0.432581
plantdoc/PlantDoc-Dataset/train/Tomato Early blight leaf/Early-blight-660x440.jpg,Tomato___Early_blight,"Pepper,_bell___healthy",0.437749
plantdoc/PlantDoc-Dataset/train/Tomato Early blight leaf/Early-blight.jpg,Tomato___Early_blight,Tomato___Early_blight,0.637598
plantdoc/PlantDoc-Dataset/train/Tomato Early blight leaf/Early_Blight_of_Tomato1687.jpg,Tomato___Early_blight,Tomato___Early_blight,0.855592
plantdoc/PlantDoc-Dataset/train/Tomato Early blight leaf/Early_blight_1.jpg?1376579808.jpg,Tomato___Early_blight,Tomato___Early_blight,0.665553
plantdoc/PlantDoc-Dataset/train/Tomato Early blight leaf/FS547-2-big.jpg,Tomato___Early_blight,Tomato___Late_blight,0.399919
plantdoc/PlantDoc-Dataset/train/Tomato Early blight leaf/IMG_0591.jpg,Tomato___Early_blight,Tomato___Early_blight,0.904707
plantdoc/PlantDoc-Dataset/train/Tomato Early blight leaf/IMG_2436w.jpg,Tomato___Early_blight,"Pepper,_bell___healthy",0.874093
plantdoc/PlantDoc-Dataset/train/Tomato Early blight leaf/MPC105550.jpg.rendition.largest.ss.jpg,Tomato___Early_blight,"Pepper,_bell___healthy",0.321515
plantdoc/PlantDoc-Dataset/train/Tomato Early blight leaf/Original_e-blight.JPG.rend.hgtvcom.966.725.jpeg.jpg,Tomato___Early_blight,Tomato___Early_blight,0.772257
plantdoc/PlantDoc-Dataset/train/Tomato Early blight leaf/Tomato%20early%20blight%20target%20like%20leaf%20spot.jpg,Tomato___Early_blight,Tomato___Early_blight,0.565287
plantdoc/PlantDoc-Dataset/train/Tomato Early blight leaf/Tomato-Alternaria-Early-Blight.jpg,Tomato___Early_blight,"Pepper,_bell___healthy",0.127607
plantdoc/PlantDoc-Dataset/train/Tomato Early blight leaf/Tomato-Early-Blight-Leaf-Examples-Cornell-University.jpg,Tomato___Early_blight,Strawberry___Leaf_scorch,0.241718
plantdoc/PlantDoc-Dataset/train/Tomato Early blight leaf/Tomato-Early-Blight-Leaves-Cornell-University.jpg,Tomato___Early_blight,Tomato___Early_blight,0.821873
plantdoc/PlantDoc-Dataset/train/Tomato Early blight leaf/Tomato-Early-Blight-e1513806873934.jpg,Tomato___Early_blight,Strawberry___Leaf_scorch,0.792387
plantdoc/PlantDoc-Dataset/train/Tomato Early blight leaf/Tomato-Early-Blight.jpg,Tomato___Early_blight,Tomato___Early_blight,0.676856
plantdoc/PlantDoc-Dataset/train/Tomato Early blight leaf/Tomato-blight-large.jpg,Tomato___Early_blight,Tomato___Septoria_leaf_spot,0.887847
plantdoc/PlantDoc-Dataset/train/Tomato Early blight leaf/Tomato-diseases-prevention-treatment.-Early-blight..jpg,Tomato___Early_blight,"Pepper,_bell___healthy",0.872492
plantdoc/PlantDoc-Dataset/train/Tomato Early blight leaf/Tomato-early-blight_1_1-12wmver.jpg,Tomato___Early_blight,Tomato___Early_blight,0.858484
plantdoc/PlantDoc-Dataset/train/Tomato Early blight leaf/august-11-early-leaf-blight-single-leaf.jpg,Tomato___Early_blight,Tomato___Early_blight,0.833102
plantdoc/PlantDoc-Dataset/train/Tomato Early blight leaf/b54d0e40027ff5e90e8ba7e1e9abf9bd--garden-guide-garden-ideas.jpg,Tomato___Early_blight,Corn___Common_rust,0.157431
plantdoc/PlantDoc-Dataset/train/Tomato Early blight leaf/blog_early_blight_628.jpg,Tomato___Early_blight,"Pepper,_bell___healthy",0.344460
plantdoc/PlantDoc-Dataset/train/Tomato Early blight leaf/confused-bacterial-canker-early-blight-zoom.JPG.jpg,Tomato___Early_blight,Strawberry___Leaf_scorch,0.702598
plantdoc/PlantDoc-Dataset/train/Tomato Early blight leaf/droppedImage_3-1.jpg,Tomato___Early_blight,Cherry___healthy,0.405417
plantdoc/PlantDoc-Dataset/train/Tomato Early blight leaf/dscn3168.jpg,Tomato___Early_blight,Corn___Cercospora_leaf_spot Gray_leaf_spot,0.441226
plantdoc/PlantDoc-Dataset/train/Tomato Early blight leaf/ealryblight.jpg,Tomato___Early_blight,Tomato___Early_blight,0.613840
plantdoc/PlantDoc-Dataset/train/Tomato Early blight leaf/early%20blight%20%283%29.jpg?itok=UMYWI0xr.jpg,Tomato___Early_blight,Corn___Northern_Leaf_Blight,0.794930
plantdoc/PlantDoc-Dataset/train/Tomato Early blight leaf/early%20blight%20%284%29.jpg?itok=gfK5C193.jpg,Tomato___Early_blight,Tomato___Late_blight,0.806608
plantdoc/PlantDoc-Dataset/train/Tomato Early blight leaf/early-blight-2x.jpg,Tomato___Early_blight,"Pepper,_bell___healthy",0.791647
plantdoc/PlantDoc-Dataset/train/Tomato Early blight leaf/early-blight-closeup-sm.jpg,Tomato___Early_blight,Tomato___Early_blight,0.888227
plantdoc/PlantDoc-Dataset/train/Tomato Early blight leaf/early-blight-in-high-tunnel-tomatoes-19tm74h.jpg,Tomato___Early_blight,"Pepper,_bell___healthy",0.379014
plantdoc/PlantDoc-Dataset/train/Tomato Early blight leaf/early-blight-in-tomatoes.jpg,Tomato___Early_blight,Potato___Early_blight,0.703910
plantdoc/PlantDoc-Dataset/train/Tomato Early blight leaf/early-blight-of-tomato-tomato-1.jpg,Tomato___Early_blight,Strawberry___Leaf_scorch,0.901729
plantdoc/PlantDoc-Dataset/train/Tomato Early blight leaf/early-blight-or-target-spot-alternaria-solani-lesions-on-a-tomato-BH3TH0.jpg,Tomato___Early_blight,Tomato___Early_blight,0.803254
plantdoc/PlantDoc-Dataset/train/Tomato Early blight leaf/early-blight-or-target-spot-alternaria-solani-lesions-on-a-tomato-BY9J8R.jpg,Tomato___Early_blight,Tomato___Early_blight,0.428319
plantdoc/PlantDoc-Dataset/train/Tomato Early blight leaf/early-blight-pp-labeled_orig.jpg,Tomato___Early_blight,Tomato___Early_blight,0.255540
plantdoc/PlantDoc-Dataset/train/Tomato Early blight leaf/early-blight1.jpg,Tomato___Early_blight,Tomato___Late_blight,0.388240
plantdoc/PlantDoc-Dataset/train/Tomato Early blight leaf/early-tomato-blight.jpg,Tomato___Early_blight,Tomato___Early_blight,0.398153
plantdoc/PlantDoc-Dataset/train/Tomato Early blight leaf/early_blight_spots_l.jpg,Tomato___Early_blight,Tomato___Early_blight,0.599726
plantdoc/PlantDoc-Dataset/train/Tomato Early blight leaf/early_blight_tomato.jpg,Tomato___Early_blight,Cherry___healthy,0.737929
plantdoc/PlantDoc-Dataset/train/Tomato Early blight leaf/earlyblight.jpg,Tomato___Early_blight,Tomato___Early_blight,0.346538
plantdoc/PlantDoc-Dataset/train/Tomato Early blight leaf/earlyblightpotato.jpg,Tomato___Early_blight,Potato___Early_blight,0.407460
plantdoc/PlantDoc-Dataset/train/Tomato Early blight leaf/earlyblightresize.jpg,Tomato___Early_blight,Tomato___Early_blight,0.836234
plantdoc/PlantDoc-Dataset/train/Tomato Early blight leaf/earlyblighttomato.jpg,Tomato___Early_blight,"Pepper,_bell___healthy",0.696150
plantdoc/PlantDoc-Dataset/train/Tomato Early blight leaf/ebleafb.jpg,Tomato___Early_blight,Potato___Early_blight,0.904954
plantdoc/PlantDoc-Dataset/train/Tomato Early blight leaf/eblight5.jpg,Tomato___Early_blight,Tomato___Early_blight,0.595849
plantdoc/PlantDoc-Dataset/train/Tomato Early blight leaf/gn201410308259997ar-jpg.jpg,Tomato___Early_blight,Strawberry___Leaf_scorch,0.818850
plantdoc/PlantDoc-Dataset/train/Tomato Early blight leaf/halleck_tomato_earlyblight__inline-half.jpg,Tomato___Early_blight,Tomato___Early_blight,0.629839
plantdoc/PlantDoc-Dataset/train/Tomato Early blight leaf/p1020083cs.jpg,Tomato___Early_blight,Tomato___Septoria_leaf_spot,0.446831
plantdoc/PlantDoc-Dataset/train/Tomato Early blight leaf/p1020084s.jpg,Tomato___Early_blight,"Pepper,_bell___healthy",0.648336
plantdoc/PlantDoc-Dataset/train/Tomato Early blight leaf/spotonleaf1.jpg,Tomato___Early_blight,Corn___healthy,0.332798
plantdoc/PlantDoc-Dataset/train/Tomato Early blight leaf/tomato-blight-phytophthora-infestans-early-stages-on-tomato-plant-b5n952.jpg,Tomato___Early_blight,Strawberry___Leaf_scorch,0.376835
plantdoc/PlantDoc-Dataset/train/Tomato Early blight leaf/tomato-blight-soil-treatment-early-tomato-blight-in-a-microcosm-lower-leaves-curl-up-and-die-bulls-eye-lesions-tomato-fungus-soil-treatment.jpg,Tomato___Early_blight,Tomato___Late_blight,0.912248
plantdoc/PlantDoc-Dataset/train/Tomato Early blight leaf/tomato-early-blight-1.jpg,Tomato___Early_blight,Tomato___Early_blight,0.478194
plantdoc/PlantDoc-Dataset/train/Tomato Early blight leaf/tomato_D2b-Early-blight---RPitblado_zoom.jpg,Tomato___Early_blight,Strawberry___Leaf_scorch,0.715606
plantdoc/PlantDoc-Dataset/train/Tomato Early blight leaf/tomato_blight_early.jpg,Tomato___Early_blight,"Pepper,_bell___healthy",0.859041
plantdoc/PlantDoc-Dataset/train/Tomato Early blight leaf/tomato_early-blight_02_zoom.jpg,Tomato___Early_blight,"Pepper,_bell___healthy",0.245250
plantdoc/PlantDoc-Dataset/train/Tomato Early blight leaf/tomato_early-blight_03_zoom.jpg,Tomato___Early_blight,Tomato___Early_blight,0.419419
plantdoc/PlantDoc-Dataset/train/Tomato Early blight leaf/tomato_q1hq-early-blight-5052_zoom.jpg,Tomato___Early_blight,Squash___Powdery_mildew,0.568284
plantdoc/PlantDoc-Dataset/train/Tomato Early blight leaf/tomatoblight.jpg,Tomato___Early_blight,Tomato___Early_blight,0.928678
plantdoc/PlantDoc-Dataset/train/Tomato Early blight leaf/tomatoearlyblight.jpg,Tomato___Early_blight,"Pepper,_bell___healthy",0.667350
plantdoc/PlantDoc-Dataset/train/Tomato Early blight leaf/web1_copy_early-blight-6-_0.jpg,Tomato___Early_blight,"Pepper,_bell___healthy",0.876913
plantdoc/PlantDoc-Dataset/test/Tomato Septoria leaf spot/0.jpg,Tomato___Septoria_leaf_spot,Tomato___Leaf_Mold,0.237552
plantdoc/PlantDoc-Dataset/test/Tomato Septoria leaf spot/2STEM.jpg,Tomato___Septoria_leaf_spot,Tomato___Septoria_leaf_spot,0.333074
plantdoc/PlantDoc-Dataset/test/Tomato Septoria leaf spot/2septoria-tomato.jpg,Tomato___Septoria_leaf_spot,Corn___Common_rust,0.881307
plantdoc/PlantDoc-Dataset/test/Tomato Septoria leaf spot/55830b60a7cf2.image.jpg,Tomato___Septoria_leaf_spot,"Pepper,_bell___healthy",0.185339
plantdoc/PlantDoc-Dataset/test/Tomato Septoria leaf spot/6134794031202304.jpeg.jpg,Tomato___Septoria_leaf_spot,Tomato___Septoria_leaf_spot,0.450967
plantdoc/PlantDoc-Dataset/test/Tomato Septoria leaf spot/636227737977191231-septoria-leaf-spot-VT.jpg,Tomato___Septoria_leaf_spot,Tomato___Septoria_leaf_spot,0.366878
plantdoc/PlantDoc-Dataset/test/Tomato Septoria leaf spot/6447731_orig.jpg,Tomato___Septoria_leaf_spot,Tomato___Septoria_leaf_spot,0.888096
plantdoc/PlantDoc-Dataset/test/Tomato Septoria leaf spot/7-17-Photo3_Septoria-MARY.jpg,Tomato___Septoria_leaf_spot,Tomato___Early_blight,0.854056
plantdoc/PlantDoc-Dataset/test/Tomato Septoria leaf spot/RARZ4.jpg,Tomato___Septoria_leaf_spot,Tomato___Early_blight,0.870351
plantdoc/PlantDoc-Dataset/test/Tomato Septoria leaf spot/early-blight-septoria-ls-fig-3.jpg,Tomato___Septoria_leaf_spot,"Pepper,_bell___healthy",0.281021
plantdoc/PlantDoc-Dataset/test/Tomato Septoria leaf spot/sept4disease-019.jpg,Tomato___Septoria_leaf_spot,Tomato___Septoria_leaf_spot,0.907763
plantdoc/PlantDoc-Dataset/train/Tomato Septoria leaf spot/128110613-56a6d3633df78cf7729070ad.jpg,Tomato___Septoria_leaf_spot,"Pepper,_bell___healthy",0.796882
plantdoc/PlantDoc-Dataset/train/Tomato Septoria leaf spot/140714+%2811%29.JPG.jpg,Tomato___Septoria_leaf_spot,Strawberry___Leaf_scorch,0.817753
plantdoc/PlantDoc-Dataset/train/Tomato Septoria leaf spot/1b.jpg,Tomato___Septoria_leaf_spot,Strawberry___Leaf_scorch,0.218423
plantdoc/PlantDoc-Dataset/train/Tomato Septoria leaf spot/1c421500ddd390c90596ad2cf12d5429.jpg,Tomato___Septoria_leaf_spot,Cherry___healthy,0.798148
plantdoc/PlantDoc-Dataset/train/Tomato Septoria leaf spot/2010-jul-5-jul-9-03.jpg,Tomato___Septoria_leaf_spot,Tomato___Septoria_leaf_spot,0.855809
plantdoc/PlantDoc-Dataset/train/Tomato Septoria leaf spot/20100824septoria.jpg,Tomato___Septoria_leaf_spot,Tomato___healthy,0.842876
plantdoc/PlantDoc-Dataset/train/Tomato Septoria leaf spot/2014-08-27%2B-%2BCloser%2BView%2Bof%2BSeptoria%2BLeaf%2BSpot.jpg,Tomato___Septoria_leaf_spot,Corn___healthy,0.282863
plantdoc/PlantDoc-Dataset/train/Tomato Septoria leaf spot/20809116-standard.jpg,Tomato___Septoria_leaf_spot,Tomato___Septoria_leaf_spot,0.842564
plantdoc/PlantDoc-Dataset/train/Tomato Septoria leaf spot/28018723549_3a16c1467b_b.jpg,Tomato___Septoria_leaf_spot,Strawberry___Leaf_scorch,0.362898
plantdoc/PlantDoc-Dataset/train/Tomato Septoria leaf spot/3-septoria-leaf-blight-n.jpg,Tomato___Septoria_leaf_spot,Corn___healthy,0.551951
plantdoc/PlantDoc-Dataset/train/Tomato Septoria leaf spot/32-Septoria-leaf-spot.jpg,Tomato___Septoria_leaf_spot,Cherry___healthy,0.112059
plantdoc/PlantDoc-Dataset/train/Tomato Septoria leaf spot/3893.jpg,Tomato___Septoria_leaf_spot,"Pepper,_bell___Bacterial_spot",0.943942
plantdoc/PlantDoc-Dataset/train/Tomato Septoria leaf spot/46-Septoria-leaf-spot.jpg,Tomato___Septoria_leaf_spot,Tomato___Septoria_leaf_spot,0.267506
plantdoc/PlantDoc-Dataset/train/Tomato Septoria leaf spot/4853086777_bc41d29801.jpg,Tomato___Septoria_leaf_spot,"Pepper,_bell___healthy",0.609979
plantdoc/PlantDoc-Dataset/train/Tomato Septoria leaf spot/49-Septoria-leaf-spot.jpg,Tomato___Septoria_leaf_spot,Strawberry___Leaf_scorch,0.872728
plantdoc/PlantDoc-Dataset/train/Tomato Septoria leaf spot/5008922249_880e15c21f.jpg,Tomato___Septoria_leaf_spot,Potato___Early_blight,0.356709
plantdoc/PlantDoc-Dataset/train/Tomato Septoria leaf spot/5315825271570432-600x272.jpeg.jpg,Tomato___Septoria_leaf_spot,Strawberry___Leaf_scorch,0.252246
plantdoc/PlantDoc-Dataset/train/Tomato Septoria leaf spot/5315825271570432.jpeg.jpg,Tomato___Septoria_leaf_spot,"Pepper,_bell___healthy",0.387011
plantdoc/PlantDoc-Dataset/train/Tomato Septoria leaf spot/5336411888680960-600x272.jpeg.jpg,Tomato___Septoria_leaf_spot,Tomato___Septoria_leaf_spot,0.928293
plantdoc/PlantDoc-Dataset/train/Tomato Septoria leaf spot/5454635393351680.jpeg.jpg,Tomato___Septoria_leaf_spot,Strawberry___Leaf_scorch,0.633148
plantdoc/PlantDoc-Dataset/train/Tomato Septoria leaf spot/5516100468998144-600x272.jpeg.jpg,Tomato___Septoria_leaf_spot,Tomato___Septoria_leaf_spot,0.884417
plantdoc/PlantDoc-Dataset/train/Tomato Septoria leaf spot/5516100468998144.jpeg.jpg,Tomato___Septoria_leaf_spot,Strawberry___Leaf_scorch,0.695527
plantdoc/PlantDoc-Dataset/train/Tomato Septoria leaf spot/5579e3247db73.image.jpg,Tomato___Septoria_leaf_spot,Tomato___Septoria_leaf_spot,0.828734
plantdoc/PlantDoc-Dataset/train/Tomato Septoria leaf spot/5775225744523264-600x272.jpeg.jpg,Tomato___Septoria_leaf_spot,Tomato___Septoria_leaf_spot,0.867980
plantdoc/PlantDoc-Dataset/train/Tomato Septoria leaf spot/5775225744523264.jpeg.jpg,Tomato___Septoria_leaf_spot,Strawberry___Leaf_scorch,0.863371
plantdoc/PlantDoc-Dataset/train/Tomato Septoria leaf spot/5866245865865216.jpeg.jpg,Tomato___Septoria_leaf_spot,Tomato___Early_blight,0.195245
plantdoc/PlantDoc-Dataset/train/Tomato Septoria leaf spot/5c77186a4ea326e5495c9d03cd89ce16.jpg,Tomato___Septoria_leaf_spot,Strawberry___Leaf_scorch,0.227616
plantdoc/PlantDoc-Dataset/train/Tomato Septoria leaf spot/6+1+09+019.jpg,Tomato___Septoria_leaf_spot,Cherry___healthy,0.612285
plantdoc/PlantDoc-Dataset/train/Tomato Septoria leaf spot/6078710516023296-600x272.jpeg.jpg,Tomato___Septoria_leaf_spot,Tomato___Septoria_leaf_spot,0.482276
plantdoc/PlantDoc-Dataset/train/Tomato Septoria leaf spot/6078710516023296.jpeg.jpg,Tomato___Septoria_leaf_spot,Tomato___Septoria_leaf_spot,0.615410
plantdoc/PlantDoc-Dataset/train/Tomato Septoria leaf spot/6134794031202304-600x272.jpeg.jpg,Tomato___Septoria_leaf_spot,Tomato___Septoria_leaf_spot,0.821179
plantdoc/PlantDoc-Dataset/train/Tomato Septoria leaf spot/6242739939180544.jpeg.jpg,Tomato___Septoria_leaf_spot,Tomato___Septoria_leaf_spot,0.504719
plantdoc/PlantDoc-Dataset/train/Tomato Septoria leaf spot/6336392950972416.jpeg.jpg,Tomato___Septoria_leaf_spot,"Pepper,_bell___healthy",0.336489
plantdoc/PlantDoc-Dataset/train/Tomato Septoria leaf spot/66e7583ebe11cf0bd06435e4167bd4fd.jpg,Tomato___Septoria_leaf_spot,Tomato___Septoria_leaf_spot,0.390026
plantdoc/PlantDoc-Dataset/train/Tomato Septoria leaf spot/BCH%20medium%20thumbnail%20for%20upload%20%2861%29.jpg,Tomato___Septoria_leaf_spot,"Pepper,_bell___healthy",0.669391
plantdoc/PlantDoc-Dataset/train/Tomato Septoria leaf spot/Bean-rust-on-leaves.jpg,Tomato___Septoria_leaf_spot,Corn___Common_rust,0.493822
plantdoc/PlantDoc-Dataset/train/Tomato Septoria leaf spot/EPP-7625Fig-5-143x300.jpg,Tomato___Septoria_leaf_spot,Tomato___Septoria_leaf_spot,0.656683
plantdoc/PlantDoc-Dataset/train/Tomato Septoria leaf spot/IMG_0312_original.jpg,Tomato___Septoria_leaf_spot,Strawberry___Leaf_scorch,0.285739
plantdoc/PlantDoc-Dataset/train/Tomato Septoria leaf spot/IMG_0863_1500x1500%253E.jpg,Tomato___Septoria_leaf_spot,Tomato___Septoria_leaf_spot,0.887836
plantdoc/PlantDoc-Dataset/train/Tomato Septoria leaf spot/IMG_3175.jpg,Tomato___Septoria_leaf_spot,Corn___Common_rust,0.277648
plantdoc/PlantDoc-Dataset/train/Tomato Septoria leaf spot/IMG_4452_1500x1500%253E.JPG?1407883119.jpg,Tomato___Septoria_leaf_spot,Strawberry___Leaf_scorch,0.541445
plantdoc/PlantDoc-Dataset/train/Tomato Septoria leaf spot/Leaf%20spot.jpg,Tomato___Septoria_leaf_spot,"Pepper,_bell___healthy",0.609633
plantdoc/PlantDoc-Dataset/train/Tomato Septoria leaf spot/MPC105550.jpg.rendition.largest.550.jpg,Tomato___Septoria_leaf_spot,"Pepper,_bell___healthy",0.416511
plantdoc/PlantDoc-Dataset/train/Tomato Septoria leaf spot/PHOTO_1333642732277.jpg,Tomato___Septoria_leaf_spot,"Pepper,_bell___healthy",0.784820
plantdoc/PlantDoc-Dataset/train/Tomato Septoria leaf spot/PHOTO_1333642740144.jpg,Tomato___Septoria_leaf_spot,"Pepper,_bell___healthy",0.863928
plantdoc/PlantDoc-Dataset/train/Tomato Septoria leaf spot/Sept9-300x225.jpg,Tomato___Septoria_leaf_spot,"Pepper,_bell___healthy",0.429854
plantdoc/PlantDoc-Dataset/train/Tomato Septoria leaf spot/Septoria%2Bleaf%2Bspot.tomato.JPG.jpg,Tomato___Septoria_leaf_spot,Tomato___Early_blight,0.424102
plantdoc/PlantDoc-Dataset/train/Tomato Septoria leaf spot/Septoria+Leaf+Spot.jpg,Tomato___Septoria_leaf_spot,"Pepper,_bell___healthy",0.799055
plantdoc/PlantDoc-Dataset/train/Tomato Septoria leaf spot/Septoria-461x346.jpg,Tomato___Septoria_leaf_spot,Tomato___Early_blight,0.868218
plantdoc/PlantDoc-Dataset/train/Tomato Septoria leaf spot/Septoria-Tomato.jpg,Tomato___Septoria_leaf_spot,Strawberry___Leaf_scorch,0.770566
plantdoc/PlantDoc-Dataset/train/Tomato Septoria leaf spot/Septoria-leaf-spot-hc.jpg,Tomato___Septoria_leaf_spot,Peach___Bacterial_spot,0.635892
plantdoc/PlantDoc-Dataset/train/Tomato Septoria leaf spot/Septoria-leaf-spot-on-tomato-FOR-WEB.jpg,Tomato___Septoria_leaf_spot,Tomato___Septoria_leaf_spot,0.356080
plantdoc/PlantDoc-Dataset/train/Tomato Septoria leaf spot/SeptoriaLeaf_T3.jpg,Tomato___Septoria_leaf_spot,"Pepper,_bell___healthy",0.669722
plantdoc/PlantDoc-Dataset/train/Tomato Septoria leaf spot/SeptoriaTomato-B.jpg,Tomato___Septoria_leaf_spot,Tomato___Septoria_leaf_spot,0.860314
plantdoc/PlantDoc-Dataset/train/Tomato Septoria leaf spot/Septoria_Leaf_Spot.jpg,Tomato___Septoria_leaf_spot,Tomato___Septoria_leaf_spot,0.941739
plantdoc/PlantDoc-Dataset/train/Tomato Septoria leaf spot/Septoria_Leaf_Spot_of_Tomato186.jpg,Tomato___Septoria_leaf_spot,Corn___Common_rust,0.372146
plantdoc/PlantDoc-Dataset/train/Tomato Septoria leaf spot/Septoria_Leaf_Spot_of_Tomato187.jpg,Tomato___Septoria_leaf_spot,Corn___Common_rust,0.819004
plantdoc/PlantDoc-Dataset/train/Tomato Septoria leaf spot/Septoria_Leaf_Spot_of_Tomato2241-450x300.jpg,Tomato___Septoria_leaf_spot,Tomato___Septoria_leaf_spot,0.264350
plantdoc/PlantDoc-Dataset/train/Tomato Septoria leaf spot/Septoria_leaf_spot_tomato.jpg,Tomato___Septoria_leaf_spot,Tomato___Septoria_leaf_spot,0.739083
plantdoc/PlantDoc-Dataset/train/Tomato Septoria leaf spot/Septoria_tomato_Margaret%20B_p8170755_0002_25004.jpg,Tomato___Septoria_leaf_spot,Strawberry___Leaf_scorch,0.771807
plantdoc/PlantDoc-Dataset/train/Tomato Septoria leaf spot/Tom_Sept1.jpg,Tomato___Septoria_leaf_spot,Cherry___healthy,0.488944
plantdoc/PlantDoc-Dataset/train/Tomato Septoria leaf spot/Tom_Sept4.jpg,Tomato___Septoria_leaf_spot,Tomato___Septoria_leaf_spot,0.234352
plantdoc/PlantDoc-Dataset/train/Tomato Septoria leaf spot/Tomato%20bacterial%20spot%20closeup-050S.JPG.jpg,Tomato___Septoria_leaf_spot,Tomato___Early_blight,0.810107
plantdoc/PlantDoc-Dataset/train/Tomato Septoria leaf spot/Tomato+Problems+Septoria+Leaf+Spot.jpg,Tomato___Septoria_leaf_spot,Corn___healthy,0.562188
plantdoc/PlantDoc-Dataset/train/Tomato Septoria leaf spot/Tomato+leaf+spot2.jpg,Tomato___Septoria_leaf_spot,Tomato___Septoria_leaf_spot,0.919399
plantdoc/PlantDoc-Dataset/train/Tomato Septoria leaf spot/TomatoDisease_IMG_2744_2016Jul01_original.JPG?1472858324.jpg,Tomato___Septoria_leaf_spot,Cherry___healthy,0.394879
plantdoc/PlantDoc-Dataset/train/Tomato Septoria leaf spot/Tomato_Septoria_Leaf_Spot.jpg,Tomato___Septoria_leaf_spot,"Pepper,_bell___healthy",0.158564
plantdoc/PlantDoc-Dataset/train/Tomato Septoria leaf spot/b54d0e40027ff5e90e8ba7e1e9abf9bd.jpg,Tomato___Septoria_leaf_spot,Corn___healthy,0.281908
plantdoc/PlantDoc-Dataset/train/Tomato Septoria leaf spot/b6ca3f80-cc10-4d4f-be0d-771deb9a4969.jpeg.jpg,Tomato___Septoria_leaf_spot,Tomato___Septoria_leaf_spot,0.370405
plantdoc/PlantDoc-Dataset/train/Tomato Septoria leaf spot/bd0b83af4c5e4b739ccc6c36fa66f141.jpg,Tomato___Septoria_leaf_spot,Tomato___Early_blight,0.639367
plantdoc/PlantDoc-Dataset/train/Tomato Septoria leaf spot/bed-4-tomatoes-23jun13.jpg,Tomato___Septoria_leaf_spot,Cherry___healthy,0.754623
plantdoc/PlantDoc-Dataset/train/Tomato Septoria leaf spot/bigseptoria01.jpg,Tomato___Septoria_leaf_spot,"Pepper,_bell___healthy",0.523246
plantdoc/PlantDoc-Dataset/train/Tomato Septoria leaf spot/bnX8Q.jpg,Tomato___Septoria_leaf_spot,"Pepper,_bell___healthy",0.556510
plantdoc/PlantDoc-Dataset/train/Tomato Septoria leaf spot/caf212ccf4696675469a0beaa9e57213.jpg,Tomato___Septoria_leaf_spot,"Pepper,_bell___healthy",0.401242
plantdoc/PlantDoc-Dataset/train/Tomato Septoria leaf spot/classic-septoria.jpg,Tomato___Septoria_leaf_spot,Cherry___healthy,0.619706
plantdoc/PlantDoc-Dataset/train/Tomato Septoria leaf spot/closeup-of-tomato-leaf-y4af51-1024x768.jpg,Tomato___Septoria_leaf_spot,Potato___Early_blight,0.504495
plantdoc/PlantDoc-Dataset/train/Tomato Septoria leaf spot/confused-early-blight-septoria-zoom.jpg,Tomato___Septoria_leaf_spot,Tomato___Early_blight,0.842382
plantdoc/PlantDoc-Dataset/train/Tomato Septoria leaf spot/early+blight+on+leaf+yel+halo+IMG_2313.JPG.jpg,Tomato___Septoria_leaf_spot,Tomato___Septoria_leaf_spot,0.655455
plantdoc/PlantDoc-Dataset/train/Tomato Septoria leaf spot/early-blight-septoria-ls-fig-3.jpg,Tomato___Septoria_leaf_spot,"Pepper,_bell___healthy",0.281021
plantdoc/PlantDoc-Dataset/train/Tomato Septoria leaf spot/eb56b488e349c2de423ab6afbcc4bd5b.jpg,Tomato___Septoria_leaf_spot,Strawberry___Leaf_scorch,0.242320
plantdoc/PlantDoc-Dataset/train/Tomato Septoria leaf spot/gray-leaf-spot.jpg,Tomato___Septoria_leaf_spot,Tomato___Septoria_leaf_spot,0.481171
plantdoc/PlantDoc-Dataset/train/Tomato Septoria leaf spot/img_6564.jpg,Tomato___Septoria_leaf_spot,Tomato___Tomato_Yellow_Leaf_Curl_Virus,0.242007
plantdoc/PlantDoc-Dataset/train/Tomato Septoria leaf spot/leafspot-5aba8283642dca003687f6fa.jpg,Tomato___Septoria_leaf_spot,Tomato___Early_blight,0.586796
plantdoc/PlantDoc-Dataset/train/Tomato Septoria leaf spot/septoria+leaf+spota.jpg,Tomato___Septoria_leaf_spot,Tomato___Septoria_leaf_spot,0.704845
plantdoc/PlantDoc-Dataset/train/Tomato Septoria leaf spot/septoria+on+rudbeckia.jpg,Tomato___Septoria_leaf_spot,Potato___Early_blight,0.288129
plantdoc/PlantDoc-Dataset/train/Tomato Septoria leaf spot/septoria+tomato.jpg,Tomato___Septoria_leaf_spot,Tomato___Septoria_leaf_spot,0.733707
plantdoc/PlantDoc-Dataset/train/Tomato Septoria leaf spot/septoria-leaf-spot-2.jpg,Tomato___Septoria_leaf_spot,Tomato___Septoria_leaf_spot,0.604338
plantdoc/PlantDoc-Dataset/train/Tomato Septoria leaf spot/septoria-leaf-spot-in-tomatoes.jpg,Tomato___Septoria_leaf_spot,Tomato___Septoria_leaf_spot,0.851474
plantdoc/PlantDoc-Dataset/train/Tomato Septoria leaf spot/septoria-leaf-spot-on-tomato-1.jpg,Tomato___Septoria_leaf_spot,Strawberry___Leaf_scorch,0.848418
plantdoc/PlantDoc-Dataset/train/Tomato Septoria leaf spot/septoria-leaf-spot-tomato-1.jpg,Tomato___Septoria_leaf_spot,Tomato___Early_blight,0.809497
plantdoc/PlantDoc-Dataset/train/Tomato Septoria leaf spot/septoria-leaf-spot-tomatoes1x2400-17g2jzo.jpg,Tomato___Septoria_leaf_spot,Tomato___Leaf_Mold,0.229614
plantdoc/PlantDoc-Dataset/train/Tomato Septoria leaf spot/septoria-leaf-spot-tomatoes2x2400-202yoxg.jpg,Tomato___Septoria_leaf_spot,Tomato___Septoria_leaf_spot,0.922075
plantdoc/PlantDoc-Dataset/train/Tomato Septoria leaf spot/septoria-leaf-spot-treatment-leaf-spot-septoria-leaf-spot-soil-treatment-septoria-leaf-spot-tomato-organic-treatment.jpg,Tomato___Septoria_leaf_spot,Tomato___Septoria_leaf_spot,0.896150
plantdoc/PlantDoc-Dataset/train/Tomato Septoria leaf spot/septoria-leafspot-on-tomato-leaf-rp-c.jpg,Tomato___Septoria_leaf_spot,Tomato___Early_blight,0.878476
plantdoc/PlantDoc-Dataset/train/Tomato Septoria leaf spot/septoria-lycopersici-ascomycota-common-fungal-leaf-disease-of-tomato-picture-id128110611.jpg,Tomato___Septoria_leaf_spot,Tomato___Early_blight,0.856110
plantdoc/PlantDoc-Dataset/train/Tomato Septoria leaf spot/septoria-tomato-leaf.jpg,Tomato___Septoria_leaf_spot,Tomato___Late_blight,0.836600
plantdoc/PlantDoc-Dataset/train/Tomato Septoria leaf spot/septoria2_600px.jpg,Tomato___Septoria_leaf_spot,Tomato___Early_blight,0.509822
plantdoc/PlantDoc-Dataset/train/Tomato Septoria leaf spot/septoria3.jpg,Tomato___Septoria_leaf_spot,Tomato___Early_blight,0.918821
plantdoc/PlantDoc-Dataset/train/Tomato Septoria leaf spot/septoria5.jpg,Tomato___Septoria_leaf_spot,Tomato___Early_blight,0.881657
plantdoc/PlantDoc-Dataset/train/Tomato Septoria leaf spot/septoria_leaf_spot_of_tomato-1500x750.jpg,Tomato___Septoria_leaf_spot,Corn___Cercospora_leaf_spot Gray_leaf_spot,0.522613
plantdoc/PlantDoc-Dataset/train/Tomato Septoria leaf spot/septoria_tom_leaves1x1200.jpg,Tomato___Septoria_leaf_spot,"Pepper,_bell___healthy",0.413993
plantdoc/PlantDoc-Dataset/train/Tomato Septoria leaf spot/septoria_tom_seedlings2x1200.jpg,Tomato___Septoria_leaf_spot,"Pepper,_bell___healthy",0.177788
plantdoc/PlantDoc-Dataset/train/Tomato Septoria leaf spot/septoria_tom_seedlings5x1200.jpg,Tomato___Septoria_leaf_spot,Tomato___Septoria_leaf_spot,0.304335
plantdoc/PlantDoc-Dataset/train/Tomato Septoria leaf spot/septoria_tomato.jpg,Tomato___Septoria_leaf_spot,Tomato___Septoria_leaf_spot,0.576848
plantdoc/PlantDoc-Dataset/train/Tomato Septoria leaf spot/septorialeafspot.jpg,Tomato___Septoria_leaf_spot,Tomato___Early_blight,0.835655
plantdoc/PlantDoc-Dataset/train/Tomato Septoria leaf spot/septorialeafspot2.jpg,Tomato___Septoria_leaf_spot,Tomato___Septoria_leaf_spot,0.943007
plantdoc/PlantDoc-Dataset/train/Tomato Septoria leaf spot/septorialycopersici_small.jpg,Tomato___Septoria_leaf_spot,Tomato___Early_blight,0.526049
plantdoc/PlantDoc-Dataset/train/Tomato Septoria leaf spot/slide21-n.jpg,Tomato___Septoria_leaf_spot,Tomato___Early_blight,0.660976
plantdoc/PlantDoc-Dataset/train/Tomato Septoria leaf spot/sls1.jpg,Tomato___Septoria_leaf_spot,Cherry___healthy,0.301093
plantdoc/PlantDoc-Dataset/train/Tomato Septoria leaf spot/tomato%2Bseptoria%2Bleaf%2Bspot2.JPG.jpg,Tomato___Septoria_leaf_spot,Tomato___Early_blight,0.265623
plantdoc/PlantDoc-Dataset/train/Tomato Septoria leaf spot/tomato-badleaves.jpg,Tomato___Septoria_leaf_spot,Cherry___healthy,0.436560
plantdoc/PlantDoc-Dataset/train/Tomato Septoria leaf spot/tomato-blight-treatment-blight.jpg,Tomato___Septoria_leaf_spot,Tomato___Septoria_leaf_spot,0.856648
plantdoc/PlantDoc-Dataset/train/Tomato Septoria leaf spot/tomato-disease-septoria-leaf-spot-d7e1x9.jpg,Tomato___Septoria_leaf_spot,Tomato___Target_Spot,0.214562
plantdoc/PlantDoc-Dataset/train/Tomato Septoria leaf spot/tomato-disease-septoria-leaf-spot-d7e1xe.jpg,Tomato___Septoria_leaf_spot,Strawberry___Leaf_scorch,0.288846
plantdoc/PlantDoc-Dataset/train/Tomato Septoria leaf spot/tomato-disease-septoria-leaf-spot-d7e1xm.jpg,Tomato___Septoria_leaf_spot,"Pepper,_bell___healthy",0.258815
plantdoc/PlantDoc-Dataset/train/Tomato Septoria leaf spot/tomato-diseases-1-638.jpg,Tomato___Septoria_leaf_spot,Corn___Cercospora_leaf_spot Gray_leaf_spot,0.588786
plantdoc/PlantDoc-Dataset/train/Tomato Septoria leaf spot/tomato-early-blight-e1437503226856.jpg,Tomato___Septoria_leaf_spot,Tomato___Septoria_leaf_spot,0.857713
plantdoc/PlantDoc-Dataset/train/Tomato Septoria leaf spot/tomato-leaf-spot-septoria-lycopersici-leaf-spotting-on-tomato-at9jap.jpg,Tomato___Septoria_leaf_spot,Corn___Common_rust,0.678200
plantdoc/PlantDoc-Dataset/train/Tomato Septoria leaf spot/tomato-leaf-spot-septoria-lycopersici-on-a-tomato-leaflet-acg9j5.jpg,Tomato___Septoria_leaf_spot,Corn___Common_rust,0.899613
plantdoc/PlantDoc-Dataset/train/Tomato Septoria leaf spot/tomato-plant-is-infected-with-septoria-leaf-spot-1.jpg,Tomato___Septoria_leaf_spot,Corn___Cercospora_leaf_spot Gray_leaf_spot,0.257429
plantdoc/PlantDoc-Dataset/train/Tomato Septoria leaf spot/tomato-plant-is-infected-with-septoria-leaf-spot.jpg,Tomato___Septoria_leaf_spot,Strawberry___Leaf_scorch,0.251850
plantdoc/PlantDoc-Dataset/train/Tomato Septoria leaf spot/tomato-septoria-3-500x384.jpg,Tomato___Septoria_leaf_spot,Strawberry___Leaf_scorch,0.679771
plantdoc/PlantDoc-Dataset/train/Tomato Septoria leaf spot/tomato-septoria-3.jpg,Tomato___Septoria_leaf_spot,Strawberry___Leaf_scorch,0.646518
plantdoc/PlantDoc-Dataset/train/Tomato Septoria leaf spot/tomato-septoria-5-500x384.jpg,Tomato___Septoria_leaf_spot,"Pepper,_bell___healthy",0.282920
plantdoc/PlantDoc-Dataset/train/Tomato Septoria leaf spot/tomato-septoria-5.jpg,Tomato___Septoria_leaf_spot,"Pepper,_bell___healthy",0.349456
plantdoc/PlantDoc-Dataset/train/Tomato Septoria leaf spot/tomato-septoria-leaf-spot--.jpg,Tomato___Septoria_leaf_spot,Strawberry___Leaf_scorch,0.672443
plantdoc/PlantDoc-Dataset/train/Tomato Septoria leaf spot/tomato-septoria-leaf-spot-.jpg,Tomato___Septoria_leaf_spot,"Pepper,_bell___healthy",0.848884
plantdoc/PlantDoc-Dataset/train/Tomato Septoria leaf spot/tomato-septoria-leaf-spot-600.jpg,Tomato___Septoria_leaf_spot,Tomato___Early_blight,0.546446
plantdoc/PlantDoc-Dataset/train/Tomato Septoria leaf spot/tomato-septoria-leaf-spot.jpg,Tomato___Septoria_leaf_spot,Strawberry___Leaf_scorch,0.216281
plantdoc/PlantDoc-Dataset/train/Tomato Septoria leaf spot/tomato_V8.jpg,Tomato___Septoria_leaf_spot,Tomato___Septoria_leaf_spot,0.823319
plantdoc/PlantDoc-Dataset/train/Tomato Septoria leaf spot/tomato_leaf_spots_1500x1500%253E.jpg,Tomato___Septoria_leaf_spot,"Pepper,_bell___healthy",0.160332
plantdoc/PlantDoc-Dataset/train/Tomato Septoria leaf spot/tomato_leaves_300x300%2523.jpg,Tomato___Septoria_leaf_spot,Strawberry___Leaf_scorch,0.736125
plantdoc/PlantDoc-Dataset/train/Tomato Septoria leaf spot/tomato_septoria_05_zoom.jpg,Tomato___Septoria_leaf_spot,Cherry___healthy,0.295585
plantdoc/PlantDoc-Dataset/train/Tomato Septoria leaf spot/tomato_septoria_alternaria_1.jpg,Tomato___Septoria_leaf_spot,Tomato___Early_blight,0.804615
plantdoc/PlantDoc-Dataset/train/Tomato Septoria leaf spot/tomatofactsheet.png.png,Tomato___Septoria_leaf_spot,Strawberry___Leaf_scorch,0.600973
plantdoc/PlantDoc-Dataset/train/Tomato Septoria leaf spot/tomatoseptorialeafspotjpg-788d20798a3c74e7.jpg,Tomato___Septoria_leaf_spot,Tomato___Early_blight,0.363537
plantdoc/PlantDoc-Dataset/train/Tomato Septoria leaf spot/vdu-tomato-sept-eb-285x300.jpg,Tomato___Septoria_leaf_spot,Tomato___Septoria_leaf_spot,0.231591
plantdoc/PlantDoc-Dataset/train/Tomato Septoria leaf spot/web1_copy_tomato-septoria-leaf-spot4.jpg,Tomato___Septoria_leaf_spot,Tomato___Septoria_leaf_spot,0.260570
plantdoc/PlantDoc-Dataset/train/Tomato Septoria leaf spot/x3-most-common-types-tomato-blight.jpg.pagespeed.ic.5cLJi6TXEi.jpg,Tomato___Septoria_leaf_spot,Tomato___Septoria_leaf_spot,0.643336
plantdoc/PlantDoc-Dataset/train/Tomato Septoria leaf spot/xgray-leaf-spot.jpg.pagespeed.ic.ltF8KfKtQ1.jpg,Tomato___Septoria_leaf_spot,Tomato___Septoria_leaf_spot,0.481171
plantdoc/PlantDoc-Dataset/test/Tomato leaf/1684.jpg,Tomato___healthy,Tomato___Late_blight,0.846313
plantdoc/PlantDoc-Dataset/test/Tomato leaf/2013-08-20-06.jpg,Tomato___healthy,"Pepper,_bell___healthy",0.402633
plantdoc/PlantDoc-Dataset/test/Tomato leaf/90e2c0.jpg,Tomato___healthy,Tomato___Late_blight,0.403308
plantdoc/PlantDoc-Dataset/test/Tomato leaf/DSCN1015.JPG.jpg,Tomato___healthy,Tomato___Late_blight,0.462345
plantdoc/PlantDoc-Dataset/test/Tomato leaf/IMG_1246.jpg,Tomato___healthy,Tomato___Late_blight,0.432677
plantdoc/PlantDoc-Dataset/test/Tomato leaf/Tomato59.JPG.jpg,Tomato___healthy,"Pepper,_bell___healthy",0.786753
plantdoc/PlantDoc-Dataset/test/Tomato leaf/Tomato_leaf.jpg,Tomato___healthy,"Pepper,_bell___healthy",0.389011
plantdoc/PlantDoc-Dataset/test/Tomato leaf/main-qimg-d9c2a93f60568485c989670d9bbf703b.jpg,Tomato___healthy,Tomato___Late_blight,0.828567
plantdoc/PlantDoc-Dataset/train/Tomato leaf/003.JPG.jpg,Tomato___healthy,"Pepper,_bell___healthy",0.345453
plantdoc/PlantDoc-Dataset/train/Tomato leaf/009-e1373768789869.jpg,Tomato___healthy,"Pepper,_bell___healthy",0.511635
plantdoc/PlantDoc-Dataset/train/Tomato leaf/100_8283.jpg,Tomato___healthy,Strawberry___Leaf_scorch,0.416882
plantdoc/PlantDoc-Dataset/train/Tomato leaf/15481477375.jpg,Tomato___healthy,Tomato___healthy,0.210148
plantdoc/PlantDoc-Dataset/train/Tomato leaf/1686.jpg,Tomato___healthy,Cherry___healthy,0.836651
plantdoc/PlantDoc-Dataset/train/Tomato leaf/1688.jpg,Tomato___healthy,Strawberry___Leaf_scorch,0.640828
plantdoc/PlantDoc-Dataset/train/Tomato leaf/17371378-tomato-leaf.jpg,Tomato___healthy,Tomato___Spider_mites Two-spotted_spider_mite,0.470607
plantdoc/PlantDoc-Dataset/train/Tomato leaf/2013-08-20-03.jpg,Tomato___healthy,Corn___healthy,0.533036
plantdoc/PlantDoc-Dataset/train/Tomato leaf/2013-08-20-04.jpg,Tomato___healthy,"Pepper,_bell___healthy",0.697475
plantdoc/PlantDoc-Dataset/train/Tomato leaf/20130609_151253_zpsc7d93f62.jpg,Tomato___healthy,Tomato___Early_blight,0.223067
plantdoc/PlantDoc-Dataset/train/Tomato leaf/20140818-tomato-sauce-vicky-wasik-1.jpg,Tomato___healthy,Tomato___Late_blight,0.490511
plantdoc/PlantDoc-Dataset/train/Tomato leaf/2015-09-17-01.jpg,Tomato___healthy,Tomato___Late_blight,0.449809
plantdoc/PlantDoc-Dataset/train/Tomato leaf/20160428_080421.jpg,Tomato___healthy,Cherry___healthy,0.264596
plantdoc/PlantDoc-Dataset/train/Tomato leaf/9bfac1dea7f401e3b379dab33f535bb4.jpg,Tomato___healthy,"Pepper,_bell___healthy",0.289582
plantdoc/PlantDoc-Dataset/train/Tomato leaf/Bacterial-leaf-spot-transplants1.jpg,Tomato___healthy,"Pepper,_bell___healthy",0.408809
plantdoc/PlantDoc-Dataset/train/Tomato leaf/Basil%2Binfected%2Bby%2BTomato%2BSpotted%2BWilt%2BVirus.jpg,Tomato___healthy,Corn___healthy,0.671652
plantdoc/PlantDoc-Dataset/train/Tomato leaf/CTG514794.jpg,Tomato___healthy,Strawberry___Leaf_scorch,0.819806
plantdoc/PlantDoc-Dataset/train/Tomato leaf/DSCN1016.JPG.jpg,Tomato___healthy,"Pepper,_bell___healthy",0.775179
plantdoc/PlantDoc-Dataset/train/Tomato leaf/Fig-2.jpg,Tomato___healthy,Corn___healthy,0.537733
plantdoc/PlantDoc-Dataset/train/Tomato leaf/IMG_2061.JPG.jpg,Tomato___healthy,"Pepper,_bell___healthy",0.540451
plantdoc/PlantDoc-Dataset/train/Tomato leaf/IMG_3011.jpg,Tomato___healthy,Cherry___healthy,0.349273
plantdoc/PlantDoc-Dataset/train/Tomato leaf/IMG_3192.JPG.jpg,Tomato___healthy,"Pepper,_bell___healthy",0.634239
plantdoc/PlantDoc-Dataset/train/Tomato leaf/L.peruv-assort.jpg,Tomato___healthy,"Pepper,_bell___healthy",0.191587
plantdoc/PlantDoc-Dataset/train/Tomato leaf/Leaves-of-Tomato.jpg,Tomato___healthy,Tomato___Late_blight,0.388681
plantdoc/PlantDoc-Dataset/train/Tomato leaf/PxWBE.jpg,Tomato___healthy,Tomato___Late_blight,0.420795
plantdoc/PlantDoc-Dataset/train/Tomato leaf/Tomato%2Bleaf.jpg,Tomato___healthy,"Pepper,_bell___healthy",0.732444
plantdoc/PlantDoc-Dataset/train/Tomato leaf/curling-issues.jpg,Tomato___healthy,"Pepper,_bell___healthy",0.359886
plantdoc/PlantDoc-Dataset/train/Tomato leaf/depositphotos_120361722-stock-photo-tomato-leaf-closeup.jpg,Tomato___healthy,Tomato___Late_blight,0.826217
plantdoc/PlantDoc-Dataset/train/Tomato leaf/depositphotos_143371585-stock-photo-tomato-leaf-closeup-isolated-on.jpg,Tomato___healthy,Tomato___Late_blight,0.483693
plantdoc/PlantDoc-Dataset/train/Tomato leaf/depositphotos_7182856-stock-photo-tomato-leaf.jpg,Tomato___healthy,Tomato___Late_blight,0.355101
plantdoc/PlantDoc-Dataset/train/Tomato leaf/flies.jpg,Tomato___healthy,Corn___healthy,0.572673
plantdoc/PlantDoc-Dataset/train/Tomato leaf/fpls-08-01602-g001.jpg,Tomato___healthy,Tomato___Late_blight,0.791406
plantdoc/PlantDoc-Dataset/train/Tomato leaf/happier-inside.jpg,Tomato___healthy,Strawberry___Leaf_scorch,0.418640
plantdoc/PlantDoc-Dataset/train/Tomato leaf/img_1028.jpg,Tomato___healthy,Tomato___Late_blight,0.924716
plantdoc/PlantDoc-Dataset/train/Tomato leaf/img_6635.jpg,Tomato___healthy,Strawberry___Leaf_scorch,0.886102
plantdoc/PlantDoc-Dataset/train/Tomato leaf/late_blight_tomato_leaf4x1200.jpg,Tomato___healthy,"Pepper,_bell___healthy",0.808585
plantdoc/PlantDoc-Dataset/train/Tomato leaf/mortgage-lifter-yellow-leaves-2.jpg,Tomato___healthy,Cherry___healthy,0.329511
plantdoc/PlantDoc-Dataset/train/Tomato leaf/p1011399.jpg,Tomato___healthy,"Pepper,_bell___healthy",0.377029
plantdoc/PlantDoc-Dataset/train/Tomato leaf/russian-2-319-dt-2010-leaves-high-tunnel-9-29-2014-c.jpg,Tomato___healthy,Cherry___healthy,0.673765
plantdoc/PlantDoc-Dataset/train/Tomato leaf/single-a-green-leaf-of-tomato-picture-id496662675?k=6&m=496662675&s=612x612&w=0&h=6zKfv022H_9cLQSIR_kpcOAlTeg1eIVtLBbc80PQA7Y=.jpg,Tomato___healthy,Tomato___Late_blight,0.759077
plantdoc/PlantDoc-Dataset/train/Tomato leaf/stock-photo-leaves-of-tomato-plant-isolated-on-white-12085288.jpg,Tomato___healthy,Tomato___Late_blight,0.319422
plantdoc/PlantDoc-Dataset/train/Tomato leaf/stock-photo-tomato-leaf-isolated-on-white-background-580281301.jpg,Tomato___healthy,Tomato___Late_blight,0.718086
plantdoc/PlantDoc-Dataset/train/Tomato leaf/stock-photo-tomato-leaves-close-up-macro-shot-isolated-on-white-background-78796204.jpg,Tomato___healthy,"Pepper,_bell___healthy",0.377252
plantdoc/PlantDoc-Dataset/train/Tomato leaf/stock-vector-set-of-vector-elements-for-your-design-red-ripe-tomatoes-with-water-drops-tomato-leaves-and-tomato-203297116.jpg,Tomato___healthy,Tomato___healthy,0.696441
plantdoc/PlantDoc-Dataset/train/Tomato leaf/tomato-leaf-20728368.jpg,Tomato___healthy,Tomato___Late_blight,0.246964
plantdoc/PlantDoc-Dataset/train/Tomato leaf/tomato-leaf-26180166.jpg,Tomato___healthy,Tomato___Late_blight,0.390621
plantdoc/PlantDoc-Dataset/train/Tomato leaf/tomato-leaf-6291945.jpg,Tomato___healthy,Tomato___Late_blight,0.154205
plantdoc/PlantDoc-Dataset/train/Tomato leaf/tomato-leaf-6424287.jpg,Tomato___healthy,Tomato___Late_blight,0.940143
plantdoc/PlantDoc-Dataset/train/Tomato leaf/tomato-leaf-close-up.jpg,Tomato___healthy,"Pepper,_bell___healthy",0.540024
plantdoc/PlantDoc-Dataset/train/Tomato leaf/tomato-leaf-isolated-white-34309524.jpg,Tomato___healthy,"Pepper,_bell___healthy",0.291925
plantdoc/PlantDoc-Dataset/train/Tomato leaf/tomato-leaf.jpg,Tomato___healthy,Tomato___Late_blight,0.895476
plantdoc/PlantDoc-Dataset/train/Tomato leaf/tomato-leaves-17427786.jpg,Tomato___healthy,Tomato___Late_blight,0.824823
plantdoc/PlantDoc-Dataset/train/Tomato leaf/tomato-leaves-9025906.jpg,Tomato___healthy,"Pepper,_bell___healthy",0.818841
plantdoc/PlantDoc-Dataset/train/Tomato leaf/tomato-leaves.jpg,Tomato___healthy,Corn___healthy,0.359369
plantdoc/PlantDoc-Dataset/train/Tomato leaf/tomato-vine-ripe-leaves-isolated-against-white-34863029.jpg,Tomato___healthy,Tomato___healthy,0.391335
plantdoc/PlantDoc-Dataset/test/Tomato leaf bacterial spot/%2320+Bacterial+Spot+and+Speck.jpg,Tomato___Bacterial_spot,"Pepper,_bell___healthy",0.268132
plantdoc/PlantDoc-Dataset/test/Tomato leaf bacterial spot/07.17.18-Common_Tomato_Diseases_Canker-258x300.jpg,Tomato___Bacterial_spot,"Pepper,_bell___healthy",0.891003
plantdoc/PlantDoc-Dataset/test/Tomato leaf bacterial spot/Bacterial_spots563.jpg,Tomato___Bacterial_spot,"Pepper,_bell___healthy",0.399872
plantdoc/PlantDoc-Dataset/test/Tomato leaf bacterial spot/Tom_Bact3.jpg,Tomato___Bacterial_spot,Corn___Common_rust,0.774932
plantdoc/PlantDoc-Dataset/test/Tomato leaf bacterial spot/Tom_Bact7.jpg,Tomato___Bacterial_spot,"Pepper,_bell___healthy",0.469850
plantdoc/PlantDoc-Dataset/test/Tomato leaf bacterial spot/Tomato%2BBacterial%2BSpot%2Bon%2BLeaves.jpg,Tomato___Bacterial_spot,"Pepper,_bell___healthy",0.655504
plantdoc/PlantDoc-Dataset/test/Tomato leaf bacterial spot/bact-spot-fig-1.jpg,Tomato___Bacterial_spot,"Pepper,_bell___healthy",0.346912
plantdoc/PlantDoc-Dataset/test/Tomato leaf bacterial spot/tomato_V8.jpg,Tomato___Bacterial_spot,Tomato___Septoria_leaf_spot,0.823319
plantdoc/PlantDoc-Dataset/test/Tomato leaf bacterial spot/tomato_bacterial-speck_01_zoom.jpg,Tomato___Bacterial_spot,Tomato___Septoria_leaf_spot,0.544029
plantdoc/PlantDoc-Dataset/train/Tomato leaf bacterial spot/05-069f1.jpg,Tomato___Bacterial_spot,Tomato___Septoria_leaf_spot,0.355702
plantdoc/PlantDoc-Dataset/train/Tomato leaf bacterial spot/05-069f12.jpg,Tomato___Bacterial_spot,Strawberry___Leaf_scorch,0.366719
plantdoc/PlantDoc-Dataset/train/Tomato leaf bacterial spot/05-069f9.jpg,Tomato___Bacterial_spot,"Pepper,_bell___healthy",0.874470
plantdoc/PlantDoc-Dataset/train/Tomato leaf bacterial spot/10-3-bacterial-speck-on-tomato-RON.jpg,Tomato___Bacterial_spot,Tomato___Early_blight,0.914817
plantdoc/PlantDoc-Dataset/train/Tomato leaf bacterial spot/110608-01-8356c-lg.jpg,Tomato___Bacterial_spot,"Pepper,_bell___healthy",0.264871
plantdoc/PlantDoc-Dataset/train/Tomato leaf bacterial spot/13582051_f520.jpg,Tomato___Bacterial_spot,Tomato___Early_blight,0.386398
plantdoc/PlantDoc-Dataset/train/Tomato leaf bacterial spot/250?cb=20100819110637.jpg,Tomato___Bacterial_spot,Tomato___Septoria_leaf_spot,0.857044
plantdoc/PlantDoc-Dataset/train/Tomato leaf bacterial spot/266914753eb19d87b80567baed1a0f66.jpg,Tomato___Bacterial_spot,Tomato___Septoria_leaf_spot,0.869139
plantdoc/PlantDoc-Dataset/train/Tomato leaf bacterial spot/30290.jpg,Tomato___Bacterial_spot,Corn___Cercospora_leaf_spot Gray_leaf_spot,0.759063
plantdoc/PlantDoc-Dataset/train/Tomato leaf bacterial spot/3182.jpg,Tomato___Bacterial_spot,Tomato___Septoria_leaf_spot,0.877573
plantdoc/PlantDoc-Dataset/train/Tomato leaf bacterial spot/38849847120_7ae02bd6c3_b.jpg,Tomato___Bacterial_spot,Strawberry___Leaf_scorch,0.426561
plantdoc/PlantDoc-Dataset/train/Tomato leaf bacterial spot/39765006175_e2f0da764d_b.jpg,Tomato___Bacterial_spot,"Pepper,_bell___healthy",0.428611
plantdoc/PlantDoc-Dataset/train/Tomato leaf bacterial spot/3bacterial-canker1.jpg,Tomato___Bacterial_spot,Corn___Cercospora_leaf_spot Gray_leaf_spot,0.831640
plantdoc/PlantDoc-Dataset/train/Tomato leaf bacterial spot/4-6%20Keep%20bacterial%20diseasesMARY%20-%20D.jpg,Tomato___Bacterial_spot,"Pepper,_bell___healthy",0.840049
plantdoc/PlantDoc-Dataset/train/Tomato leaf bacterial spot/5114949114265600-600x272.jpeg.jpg,Tomato___Bacterial_spot,Corn___Northern_Leaf_Blight,0.146738
plantdoc/PlantDoc-Dataset/train/Tomato leaf bacterial spot/59380.jpg,Tomato___Bacterial_spot,Corn___Northern_Leaf_Blight,0.181752
plantdoc/PlantDoc-Dataset/train/Tomato leaf bacterial spot/71c944d61b08f6373a9a38d3c250cb2e.jpg,Tomato___Bacterial_spot,Tomato___Early_blight,0.383963
plantdoc/PlantDoc-Dataset/train/Tomato leaf bacterial spot/BCH%20medium%20thumbnail%20for%20upload%20%2814%29.jpg,Tomato___Bacterial_spot,Tomato___Early_blight,0.454054
plantdoc/PlantDoc-Dataset/train/Tomato leaf bacterial spot/BCH%20small%20thumbnail%20for%20upload%20%2814%29.jpg,Tomato___Bacterial_spot,Tomato___Early_blight,0.864111
plantdoc/PlantDoc-Dataset/train/Tomato leaf bacterial spot/Bacterial+Speck+-+Tomatoes.jpg,Tomato___Bacterial_spot,Tomato___Septoria_leaf_spot,0.891269
plantdoc/PlantDoc-Dataset/train/Tomato leaf bacterial spot/Bacterial+Spot+-+Tomatoes.jpg,Tomato___Bacterial_spot,Tomato___Leaf_Mold,0.244341
plantdoc/PlantDoc-Dataset/train/Tomato leaf bacterial spot/Bacterial-Leaf-Spot-2.jpg,Tomato___Bacterial_spot,"Pepper,_bell___healthy",0.833914
plantdoc/PlantDoc-Dataset/train/Tomato leaf bacterial spot/Bacterial-Spot-of-Tomato-Img-2.jpg,Tomato___Bacterial_spot,Strawberry___Leaf_scorch,0.618420
plantdoc/PlantDoc-Dataset/train/Tomato leaf bacterial spot/Bacterial-speck-tomato-leaves.jpg,Tomato___Bacterial_spot,Corn___Common_rust,0.870790
plantdoc/PlantDoc-Dataset/train/Tomato leaf bacterial spot/Bacterial-spot-on-tomato-leaves.jpg,Tomato___Bacterial_spot,Strawberry___Leaf_scorch,0.726993
plantdoc/PlantDoc-Dataset/train/Tomato leaf bacterial spot/Bacterial-spot-tomato.jpg,Tomato___Bacterial_spot,Corn___healthy,0.891662
plantdoc/PlantDoc-Dataset/train/Tomato leaf bacterial spot/BacterialSpot06.jpg,Tomato___Bacterial_spot,Cherry___healthy,0.334300
plantdoc/PlantDoc-Dataset/train/Tomato leaf bacterial spot/BacterialSpot07.jpg,Tomato___Bacterial_spot,Corn___healthy,0.183183
plantdoc/PlantDoc-Dataset/train/Tomato leaf bacterial spot/Bacterial_spots1300.jpg,Tomato___Bacterial_spot,Strawberry___Leaf_scorch,0.945215
plantdoc/PlantDoc-Dataset/train/Tomato leaf bacterial spot/Bacterial_spots2276.jpg,Tomato___Bacterial_spot,Tomato___Late_blight,0.643954
plantdoc/PlantDoc-Dataset/train/Tomato leaf bacterial spot/Bacterial_spots2277.jpg,Tomato___Bacterial_spot,Tomato___Late_blight,0.533889
plantdoc/PlantDoc-Dataset/train/Tomato leaf bacterial spot/Bacterial_spots562.jpg,Tomato___Bacterial_spot,"Pepper,_bell___healthy",0.422631
plantdoc/PlantDoc-Dataset/train/Tomato leaf bacterial spot/Bacterial_spots586.jpg,Tomato___Bacterial_spot,"Pepper,_bell___healthy",0.601164
plantdoc/PlantDoc-Dataset/train/Tomato leaf bacterial spot/Canker-GHTom-CAG-leaf-collapse-copy-50-QUALITY-1ur7cyk.jpg,Tomato___Bacterial_spot,Tomato___Late_blight,0.908956
plantdoc/PlantDoc-Dataset/train/Tomato leaf bacterial spot/CankerFoliar-copy-50-QUALITY-122b09b.jpg,Tomato___Bacterial_spot,"Pepper,_bell___healthy",0.321610
plantdoc/PlantDoc-Dataset/train/Tomato leaf bacterial spot/CankerRhiemsFiring1-copy-50-QUALITY-16lcw30.jpg,Tomato___Bacterial_spot,Cherry___healthy,0.644881
plantdoc/PlantDoc-Dataset/train/Tomato leaf bacterial spot/FS547-4-big.jpg,Tomato___Bacterial_spot,"Pepper,_bell___healthy",0.349209
plantdoc/PlantDoc-Dataset/train/Tomato leaf bacterial spot/Figure-1-6.jpg,Tomato___Bacterial_spot,Tomato___Early_blight,0.518190
plantdoc/PlantDoc-Dataset/train/Tomato leaf bacterial spot/Figure-3-7.jpg,Tomato___Bacterial_spot,Tomato___Early_blight,0.313658
plantdoc/PlantDoc-Dataset/train/Tomato leaf bacterial spot/IMG_2348.jpg,Tomato___Bacterial_spot,Tomato___Septoria_leaf_spot,0.853526
plantdoc/PlantDoc-Dataset/train/Tomato leaf bacterial spot/IN0335.jpg,Tomato___Bacterial_spot,Strawberry___Leaf_scorch,0.348609
plantdoc/PlantDoc-Dataset/train/Tomato leaf bacterial spot/Jeter%20Mtn%20Farm_7053.JPG.jpg,Tomato___Bacterial_spot,Tomato___Bacterial_spot,0.817897
plantdoc/PlantDoc-Dataset/train/Tomato leaf bacterial spot/Leaf%2Bspot%2B1000.jpg,Tomato___Bacterial_spot,Tomato___Septoria_leaf_spot,0.540195
plantdoc/PlantDoc-Dataset/train/Tomato leaf bacterial spot/Leaf%2Bsymptoms%2BMDA.jpg,Tomato___Bacterial_spot,Strawberry___Leaf_scorch,0.319757
plantdoc/PlantDoc-Dataset/train/Tomato leaf bacterial spot/Leaf-Spot-300x253.jpg,Tomato___Bacterial_spot,Tomato___Early_blight,0.210141
plantdoc/PlantDoc-Dataset/train/Tomato leaf bacterial spot/Leaf-spots-on-tomato-leaves-Credits-Hank-Dankers_Q320.jpg,Tomato___Bacterial_spot,Potato___Early_blight,0.288647
plantdoc/PlantDoc-Dataset/train/Tomato leaf bacterial spot/Leafspotx450xBugwood.jpg,Tomato___Bacterial_spot,Tomato___Septoria_leaf_spot,0.947746
plantdoc/PlantDoc-Dataset/train/Tomato leaf bacterial spot/LyraEDISServlet.jpg,Tomato___Bacterial_spot,Tomato___Target_Spot,0.407662
plantdoc/PlantDoc-Dataset/train/Tomato leaf bacterial spot/Paret-Fig-1-tomato-bacterial-leaf-spot.jpg,Tomato___Bacterial_spot,"Pepper,_bell___healthy",0.294864
plantdoc/PlantDoc-Dataset/train/Tomato leaf bacterial spot/Pest2371.jpg,Tomato___Bacterial_spot,Tomato___Septoria_leaf_spot,0.929195
plantdoc/PlantDoc-Dataset/train/Tomato leaf bacterial spot/RyBx7MH.jpg,Tomato___Bacterial_spot,Tomato___Early_blight,0.888495
plantdoc/PlantDoc-Dataset/train/Tomato leaf bacterial spot/TC3.jpg,Tomato___Bacterial_spot,"Pepper,_bell___healthy",0.529492
plantdoc/PlantDoc-Dataset/train/Tomato leaf bacterial spot/TC6-300x194.jpg,Tomato___Bacterial_spot,"Pepper,_bell___healthy",0.177896
plantdoc/PlantDoc-Dataset/train/Tomato leaf bacterial spot/Tomato%20bacterial%20canker.JPG.jpg,Tomato___Bacterial_spot,"Pepper,_bell___healthy",0.860322
plantdoc/PlantDoc-Dataset/train/Tomato leaf bacterial spot/Tomato%20greenhouse%20phythotoxicity03F.JPG.jpg,Tomato___Bacterial_spot,Strawberry___Leaf_scorch,0.298949
plantdoc/PlantDoc-Dataset/train/Tomato leaf bacterial spot/Tomato-Canker-Marginal-Necrosis-Leaf-GH-Guat-50-QUALITY-10e6dzu.jpg,Tomato___Bacterial_spot,Tomato___Early_blight,0.388119
plantdoc/PlantDoc-Dataset/train/Tomato leaf bacterial spot/Tomato2_original.JPG?1472597932.jpg,Tomato___Bacterial_spot,Cherry___healthy,0.922474
plantdoc/PlantDoc-Dataset/train/Tomato leaf bacterial spot/TomatoBacterialSpot2.jpg,Tomato___Bacterial_spot,Tomato___Septoria_leaf_spot,0.562747
plantdoc/PlantDoc-Dataset/train/Tomato leaf bacterial spot/a3fb24f84fe70e5d37352d13106531d6.jpg,Tomato___Bacterial_spot,Tomato___Early_blight,0.595010
plantdoc/PlantDoc-Dataset/train/Tomato leaf bacterial spot/alter_cank2-150x150.jpg,Tomato___Bacterial_spot,Cherry___healthy,0.150365
plantdoc/PlantDoc-Dataset/train/Tomato leaf bacterial spot/b-speck.jpg,Tomato___Bacterial_spot,Tomato___Early_blight,0.789726
plantdoc/PlantDoc-Dataset/train/Tomato leaf bacterial spot/bac-canker.jpg,Tomato___Bacterial_spot,Cherry___healthy,0.304259
plantdoc/PlantDoc-Dataset/train/Tomato leaf bacterial spot/bac-spot.jpg,Tomato___Bacterial_spot,Strawberry___Leaf_scorch,0.702384
plantdoc/PlantDoc-Dataset/train/Tomato leaf bacterial spot/bac.jpg,Tomato___Bacterial_spot,Corn___Common_rust,0.429102
plantdoc/PlantDoc-Dataset/train/Tomato leaf bacterial spot/bac_spot1-300x298.jpg,Tomato___Bacterial_spot,Tomato___Late_blight,0.265650
plantdoc/PlantDoc-Dataset/train/Tomato leaf bacterial spot/bac_spot_tomato_leaf_l.jpg,Tomato___Bacterial_spot,"Pepper,_bell___healthy",0.608744
plantdoc/PlantDoc-Dataset/train/Tomato leaf bacterial spot/bact-spot-leaf-big.jpg,Tomato___Bacterial_spot,Tomato___Septoria_leaf_spot,0.815123
plantdoc/PlantDoc-Dataset/train/Tomato leaf bacterial spot/bacterial%20leaf%20spot.jpg,Tomato___Bacterial_spot,Tomato___Early_blight,0.278827
plantdoc/PlantDoc-Dataset/train/Tomato leaf bacterial spot/bacterial-canker3x2400-2ia1kgd.jpg,Tomato___Bacterial_spot,"Pepper,_bell___healthy",0.892047
plantdoc/PlantDoc-Dataset/train/Tomato leaf bacterial spot/bacterial-canker4x640-1nz1vm7.jpg,Tomato___Bacterial_spot,"Pepper,_bell___healthy",0.725105
plantdoc/PlantDoc-Dataset/train/Tomato leaf bacterial spot/bacterial-leaf-spot.jpg,Tomato___Bacterial_spot,"Pepper,_bell___healthy",0.643727
plantdoc/PlantDoc-Dataset/train/Tomato leaf bacterial spot/bacterial-speck-tomato-2.jpg,Tomato___Bacterial_spot,Tomato___Early_blight,0.879175
plantdoc/PlantDoc-Dataset/train/Tomato leaf bacterial spot/bacterial-speck-tomato-3.jpg,Tomato___Bacterial_spot,Corn___Common_rust,0.857712
plantdoc/PlantDoc-Dataset/train/Tomato leaf bacterial spot/bacterial-speck-tomato1x2400-275mmny.jpg,Tomato___Bacterial_spot,Tomato___Septoria_leaf_spot,0.727404
plantdoc/PlantDoc-Dataset/train/Tomato leaf bacterial spot/bacterial-spot-of-tomato-6-638.jpg,Tomato___Bacterial_spot,Tomato___Leaf_Mold,0.174282
plantdoc/PlantDoc-Dataset/train/Tomato leaf bacterial spot/bacterial-spot-of-tomato-7-638.jpg,Tomato___Bacterial_spot,Tomato___Late_blight,0.882406
plantdoc/PlantDoc-Dataset/train/Tomato leaf bacterial spot/bacterialLeafSpot04-xqxm03.jpg,Tomato___Bacterial_spot,"Pepper,_bell___healthy",0.224234
plantdoc/PlantDoc-Dataset/train/Tomato leaf bacterial spot/bacterialLeafSpot07-2jqdlmz.jpg,Tomato___Bacterial_spot,Tomato___Early_blight,0.827059
plantdoc/PlantDoc-Dataset/train/Tomato leaf bacterial spot/bacterialSpeck03510339f27656b-1scmgh1.jpg,Tomato___Bacterial_spot,Cherry___healthy,0.479543
plantdoc/PlantDoc-Dataset/train/Tomato leaf bacterial spot/bacterialspottomato2.jpg,Tomato___Bacterial_spot,Tomato___Early_blight,0.401813
plantdoc/PlantDoc-Dataset/train/Tomato leaf bacterial spot/bc34aec4ea7f60a64e380fda44c2f380.jpg,Tomato___Bacterial_spot,Corn___Cercospora_leaf_spot Gray_leaf_spot,0.228745
plantdoc/PlantDoc-Dataset/train/Tomato leaf bacterial spot/beg.jpg,Tomato___Bacterial_spot,Strawberry___Leaf_scorch,0.564850
plantdoc/PlantDoc-Dataset/train/Tomato leaf bacterial spot/clothes014.jpg,Tomato___Bacterial_spot,Strawberry___Leaf_scorch,0.482492
plantdoc/PlantDoc-Dataset/train/Tomato leaf bacterial spot/droppedImage_3.jpg,Tomato___Bacterial_spot,Tomato___Septoria_leaf_spot,0.900463
plantdoc/PlantDoc-Dataset/train/Tomato leaf bacterial spot/image3_original.JPG?1472755422.jpg,Tomato___Bacterial_spot,Corn___healthy,0.467423
plantdoc/PlantDoc-Dataset/train/Tomato leaf bacterial spot/image5_300x300%2523.JPG?1472755422.jpg,Tomato___Bacterial_spot,Cherry___healthy,0.205349
plantdoc/PlantDoc-Dataset/train/Tomato leaf bacterial spot/kg32-beefsteak-tomatoes-08_lg.jpg,Tomato___Bacterial_spot,"Pepper,_bell___healthy",0.413158
plantdoc/PlantDoc-Dataset/train/Tomato leaf bacterial spot/latest?cb=20100808132744.jpg,Tomato___Bacterial_spot,Tomato___Septoria_leaf_spot,0.422757
plantdoc/PlantDoc-Dataset/train/Tomato leaf bacterial spot/leaf-spot3-big.jpg,Tomato___Bacterial_spot,"Pepper,_bell___healthy",0.663085
plantdoc/PlantDoc-Dataset/train/Tomato leaf bacterial spot/my-plant-has-brown-spots-leaf-spot-and-canker-on-dogwood.jpg,Tomato___Bacterial_spot,"Pepper,_bell___healthy",0.859349
plantdoc/PlantDoc-Dataset/train/Tomato leaf bacterial spot/patarea-bacteriana-frunzelor-pseudomonas-syringae-maculicola-31_5_2.jpg,Tomato___Bacterial_spot,Corn___Cercospora_leaf_spot Gray_leaf_spot,0.238592
plantdoc/PlantDoc-Dataset/train/Tomato leaf bacterial spot/pddl-highlights-fig-1-bact-spot.jpg,Tomato___Bacterial_spot,"Pepper,_bell___healthy",0.685338
plantdoc/PlantDoc-Dataset/train/Tomato leaf bacterial spot/photo-1.jpg,Tomato___Bacterial_spot,"Pepper,_bell___healthy",0.770378
plantdoc/PlantDoc-Dataset/train/Tomato leaf bacterial spot/photo-764060.JPG.jpg,Tomato___Bacterial_spot,Cherry___healthy,0.226178
plantdoc/PlantDoc-Dataset/train/Tomato leaf bacterial spot/pp1244-05.jpeg.jpg,Tomato___Bacterial_spot,Potato___Early_blight,0.295400
plantdoc/PlantDoc-Dataset/train/Tomato leaf bacterial spot/stock-photo-bacterial-spot-on-tomato-559799107.jpg,Tomato___Bacterial_spot,Tomato___Septoria_leaf_spot,0.381013
plantdoc/PlantDoc-Dataset/train/Tomato leaf bacterial spot/tomato-plant-diseases-identification-leaf-spot-tomato-disease-tomato-plant-fungus-identification.jpg,Tomato___Bacterial_spot,Tomato___Early_blight,0.515253
plantdoc/PlantDoc-Dataset/train/Tomato leaf bacterial spot/tomato-plant-leaves-brown-spots-tomato-leaves-older-ones-with-spots.jpg,Tomato___Bacterial_spot,Tomato___healthy,0.237246
plantdoc/PlantDoc-Dataset/train/Tomato leaf bacterial spot/tomato1A.jpg,Tomato___Bacterial_spot,Corn___Cercospora_leaf_spot Gray_leaf_spot,0.769220
plantdoc/PlantDoc-Dataset/train/Tomato leaf bacterial spot/tomato_bacterial-speck_03_zoom.jpg,Tomato___Bacterial_spot,"Pepper,_bell___healthy",0.700864
plantdoc/PlantDoc-Dataset/train/Tomato leaf bacterial spot/tomato_xanthomonas_foliage.jpg,Tomato___Bacterial_spot,"Pepper,_bell___healthy",0.418513
plantdoc/PlantDoc-Dataset/test/Tomato leaf late blight/110822-206-Tomato-blight.jpg,Tomato___Late_blight,Tomato___Late_blight,0.934964
plantdoc/PlantDoc-Dataset/test/Tomato leaf late blight/18c.jpg,Tomato___Late_blight,Tomato___Late_blight,0.916774
plantdoc/PlantDoc-Dataset/test/Tomato leaf late blight/636368370164094909-late-blight-15-.jpg,Tomato___Late_blight,Tomato___Late_blight,0.863582
plantdoc/PlantDoc-Dataset/test/Tomato leaf late blight/70.jpg,Tomato___Late_blight,"Pepper,_bell___healthy",0.804250
plantdoc/PlantDoc-Dataset/test/Tomato leaf late blight/E%29Tomato-late-blight-foliar.jpg,Tomato___Late_blight,Tomato___Bacterial_spot,0.709502
plantdoc/PlantDoc-Dataset/test/Tomato leaf late blight/IMG_5808.jpg,Tomato___Late_blight,"Pepper,_bell___healthy",0.569579
plantdoc/PlantDoc-Dataset/test/Tomato leaf late blight/LateBlt09_06.jpg,Tomato___Late_blight,Tomato___Early_blight,0.860603
plantdoc/PlantDoc-Dataset/test/Tomato leaf late blight/dsc_8148cs.jpg,Tomato___Late_blight,Tomato___Late_blight,0.413776
plantdoc/PlantDoc-Dataset/test/Tomato leaf late blight/image.jpg,Tomato___Late_blight,"Pepper,_bell___healthy",0.277409
plantdoc/PlantDoc-Dataset/test/Tomato leaf late blight/late_blight_tomato_leaf_spore1x1200.jpg,Tomato___Late_blight,Tomato___Late_blight,0.823884
plantdoc/PlantDoc-Dataset/train/Tomato leaf late blight/118A_Tom_Late.jpg,Tomato___Late_blight,Tomato___Late_blight,0.351758
plantdoc/PlantDoc-Dataset/train/Tomato leaf late blight/20150619d.jpg,Tomato___Late_blight,Tomato___Late_blight,0.937914
plantdoc/PlantDoc-Dataset/train/Tomato leaf late blight/2017-08-27%2B-%2BLate%2BBlight%2Bon%2BGypsy%2B1.jpg,Tomato___Late_blight,Strawberry___Leaf_scorch,0.746368
plantdoc/PlantDoc-Dataset/train/Tomato leaf late blight/5816170621_e1cce08736_z.jpg,Tomato___Late_blight,Tomato___Late_blight,0.898985
plantdoc/PlantDoc-Dataset/train/Tomato leaf late blight/600.jpg,Tomato___Late_blight,Tomato___Late_blight,0.920468
plantdoc/PlantDoc-Dataset/train/Tomato leaf late blight/7262-drought.jpg,Tomato___Late_blight,Tomato___Late_blight,0.758302
plantdoc/PlantDoc-Dataset/train/Tomato leaf late blight/924977LateBlightLeaf.jpg,Tomato___Late_blight,Tomato___Late_blight,0.837503
plantdoc/PlantDoc-Dataset/train/Tomato leaf late blight/August-17-2012-Supplemental-6.jpg,Tomato___Late_blight,Tomato___Late_blight,0.923217
plantdoc/PlantDoc-Dataset/train/Tomato leaf late blight/F%294.jpg,Tomato___Late_blight,Tomato___Late_blight,0.260251
plantdoc/PlantDoc-Dataset/train/Tomato leaf late blight/FS547-6-big.jpg,Tomato___Late_blight,Tomato___Late_blight,0.947135
plantdoc/PlantDoc-Dataset/train/Tomato leaf late blight/Fig.%2014_opta.jpg,Tomato___Late_blight,Tomato___Late_blight,0.950626
plantdoc/PlantDoc-Dataset/train/Tomato leaf late blight/IMG_1526.jpg,Tomato___Late_blight,"Pepper,_bell___healthy",0.790622
plantdoc/PlantDoc-Dataset/train/Tomato leaf late blight/IMG_2254.JPG.jpg,Tomato___Late_blight,Tomato___Septoria_leaf_spot,0.667356
plantdoc/PlantDoc-Dataset/train/Tomato leaf late blight/IMG_4182.JPG.jpg,Tomato___Late_blight,Strawberry___Leaf_scorch,0.303533
plantdoc/PlantDoc-Dataset/train/Tomato leaf late blight/IMG_5360.jpg,Tomato___Late_blight,Tomato___Late_blight,0.937914
plantdoc/PlantDoc-Dataset/train/Tomato leaf late blight/IMG_5368.jpg,Tomato___Late_blight,Tomato___Late_blight,0.929988
plantdoc/PlantDoc-Dataset/train/Tomato leaf late blight/IMG_5813.jpg,Tomato___Late_blight,Tomato___Late_blight,0.879415
plantdoc/PlantDoc-Dataset/train/Tomato leaf late blight/LB-2-225x300.jpg,Tomato___Late_blight,Tomato___Late_blight,0.201753
plantdoc/PlantDoc-Dataset/train/Tomato leaf late blight/LBleaf2INIA_0.jpg,Tomato___Late_blight,Tomato___Late_blight,0.464402
plantdoc/PlantDoc-Dataset/train/Tomato leaf late blight/Late%20blight%20tomato1.jpg,Tomato___Late_blight,Tomato___Late_blight,0.916653
plantdoc/PlantDoc-Dataset/train/Tomato leaf late blight/Late-Blight-A.jpg,Tomato___Late_blight,Tomato___Early_blight,0.821654
plantdoc/PlantDoc-Dataset/train/Tomato leaf late blight/Late-Blight-on-Tomato-4JDill.jpg,Tomato___Late_blight,Tomato___Late_blight,0.928777
plantdoc/PlantDoc-Dataset/train/Tomato leaf late blight/Late-blight-foliar-leasion-on-tomato.jpg,Tomato___Late_blight,"Pepper,_bell___healthy",0.798128
plantdoc/PlantDoc-Dataset/train/Tomato leaf late blight/Late-blight-on-a-tomato-leaf.jpg,Tomato___Late_blight,Tomato___Late_blight,0.777244
plantdoc/PlantDoc-Dataset/train/Tomato leaf late blight/Late-blight-symptoms-on-tomato-leaves-1r3uhy2.jpg,Tomato___Late_blight,Strawberry___Leaf_scorch,0.867663
plantdoc/PlantDoc-Dataset/train/Tomato leaf late blight/Late-blight-tomato-leaf-VikramBisht-MBag.jpg,Tomato___Late_blight,"Pepper,_bell___healthy",0.426432
plantdoc/PlantDoc-Dataset/train/Tomato leaf late blight/LateBlight-Leaflet-Large-Spot_9005-ROTATED-sbzntn.jpg,Tomato___Late_blight,Tomato___Late_blight,0.519632
plantdoc/PlantDoc-Dataset/train/Tomato leaf late blight/LateBlight-Tomato-JJ-2009-17nxg4q.jpg,Tomato___Late_blight,Tomato___Late_blight,0.940299
plantdoc/PlantDoc-Dataset/train/Tomato leaf late blight/LateBlightLeaf.jpg,Tomato___Late_blight,Tomato___Late_blight,0.860829
plantdoc/PlantDoc-Dataset/train/Tomato leaf late blight/LateBlt09_05.jpg,Tomato___Late_blight,Tomato___Early_blight,0.292896
plantdoc/PlantDoc-Dataset/train/Tomato leaf late blight/LateBlt_FromRusinek.jpg,Tomato___Late_blight,"Pepper,_bell___healthy",0.640980
plantdoc/PlantDoc-Dataset/train/Tomato leaf late blight/Late_Blight_2.jpg,Tomato___Late_blight,Strawberry___Leaf_scorch,0.556875
plantdoc/PlantDoc-Dataset/train/Tomato leaf late blight/Late_blight_on_tomato_leaf_%287871756748%29.jpg,Tomato___Late_blight,Tomato___Late_blight,0.938237
plantdoc/PlantDoc-Dataset/train/Tomato leaf late blight/Pest2369.jpg,Tomato___Late_blight,Tomato___Late_blight,0.942180
plantdoc/PlantDoc-Dataset/train/Tomato leaf late blight/TOMATO%20LATE%20BLIGHT%20ON%20LEAF.jpg,Tomato___Late_blight,Tomato___Late_blight,0.857478
plantdoc/PlantDoc-Dataset/train/Tomato leaf late blight/ToamtoLateBlight3-Version-3-oohvze.jpg,Tomato___Late_blight,Squash___Powdery_mildew,0.885828
plantdoc/PlantDoc-Dataset/train/Tomato leaf late blight/Tomato%20late%20blight%20lesion%20closeup%2013F.JPG.jpg,Tomato___Late_blight,Tomato___Early_blight,0.704034
plantdoc/PlantDoc-Dataset/train/Tomato leaf late blight/Tomato-Late-BlightBM.jpg,Tomato___Late_blight,Tomato___Late_blight,0.667387
plantdoc/PlantDoc-Dataset/train/Tomato leaf late blight/Tomato-late-blight-leaf-Margaret-McGrath-Cornell-Bugwood.jpg,Tomato___Late_blight,Tomato___Late_blight,0.912996
plantdoc/PlantDoc-Dataset/train/Tomato leaf late blight/TomatoBlight.JPG.jpg,Tomato___Late_blight,Tomato___Late_blight,0.934259
plantdoc/PlantDoc-Dataset/train/Tomato leaf late blight/TomatoLateBlight-3-Underside-2ebj05b-300x225.jpg,Tomato___Late_blight,Corn___healthy,0.448076
plantdoc/PlantDoc-Dataset/train/Tomato leaf late blight/TomatoLateBlightTop.jpg,Tomato___Late_blight,Tomato___Septoria_leaf_spot,0.569930
plantdoc/PlantDoc-Dataset/train/Tomato leaf late blight/Tomato_Blight_Leaves.JPG.jpg,Tomato___Late_blight,"Pepper,_bell___healthy",0.644726
plantdoc/PlantDoc-Dataset/train/Tomato leaf late blight/a7710b5901ba1f8e9759ef7576cd9f09.jpg,Tomato___Late_blight,Strawberry___Leaf_scorch,0.869657
plantdoc/PlantDoc-Dataset/train/Tomato leaf late blight/dsc_4621c.jpg,Tomato___Late_blight,Corn___healthy,0.804701
plantdoc/PlantDoc-Dataset/train/Tomato leaf late blight/dsc_4624s.jpg,Tomato___Late_blight,"Pepper,_bell___healthy",0.786315
plantdoc/PlantDoc-Dataset/train/Tomato leaf late blight/dsc_8140cs.jpg,Tomato___Late_blight,"Pepper,_bell___healthy",0.842176
plantdoc/PlantDoc-Dataset/train/Tomato leaf late blight/gardening-moisture-lateblight-tomato-leaf.jpg,Tomato___Late_blight,Tomato___Late_blight,0.506978
plantdoc/PlantDoc-Dataset/train/Tomato leaf late blight/late-blight-TomC2-10.jpg,Tomato___Late_blight,"Pepper,_bell___healthy",0.611750
plantdoc/PlantDoc-Dataset/train/Tomato leaf late blight/late-blight-fungicides.jpg,Tomato___Late_blight,Tomato___Late_blight,0.918378
plantdoc/PlantDoc-Dataset/train/Tomato leaf late blight/late-blight-phytophthora-infestans-damage-to-tomato-leaves-and-fruit-cmnxnf.jpg,Tomato___Late_blight,"Pepper,_bell___healthy",0.423615
plantdoc/PlantDoc-Dataset/train/Tomato leaf late blight/late-blight-tom-leaf.jpg,Tomato___Late_blight,Tomato___Late_blight,0.928793
plantdoc/PlantDoc-Dataset/train/Tomato leaf late blight/late-blight-tomato-leaf.jpg,Tomato___Late_blight,Tomato___Late_blight,0.943227
plantdoc/PlantDoc-Dataset/train/Tomato leaf late blight/late-blight-tomato.jpg,Tomato___Late_blight,Tomato___Late_blight,0.672627
plantdoc/PlantDoc-Dataset/train/Tomato leaf late blight/late_blight1.jpg,Tomato___Late_blight,Tomato___Late_blight,0.865272
plantdoc/PlantDoc-Dataset/train/Tomato leaf late blight/late_blight_2013_longisland1x1200.jpg,Tomato___Late_blight,"Pepper,_bell___healthy",0.487892
plantdoc/PlantDoc-Dataset/train/Tomato leaf late blight/late_blight_2013_longisland2x1200.jpg,Tomato___Late_blight,Tomato___Late_blight,0.933518
plantdoc/PlantDoc-Dataset/train/Tomato leaf late blight/late_blight_drought_leaves1x1200.jpg,Tomato___Late_blight,Tomato___Leaf_Mold,0.526720
plantdoc/PlantDoc-Dataset/train/Tomato leaf late blight/late_blight_drought_leavescuux1200.jpg,Tomato___Late_blight,Tomato___Late_blight,0.908342
plantdoc/PlantDoc-Dataset/train/Tomato leaf late blight/late_blight_tomato_leaf.jpg,Tomato___Late_blight,Corn___healthy,0.239078
plantdoc/PlantDoc-Dataset/train/Tomato leaf late blight/late_blight_tomato_leaf1x1200.jpg,Tomato___Late_blight,Tomato___Late_blight,0.252249
plantdoc/PlantDoc-Dataset/train/Tomato leaf late blight/late_blight_tomato_leaf5x12001-650x305.jpg,Tomato___Late_blight,Tomato___Late_blight,0.829469
plantdoc/PlantDoc-Dataset/train/Tomato leaf late blight/late_blight_tomato_leaf5x12001.jpg,Tomato___Late_blight,Tomato___Late_blight,0.873252
plantdoc/PlantDoc-Dataset/train/Tomato leaf late blight/late_blight_tomato_leaf_.jpg,Tomato___Late_blight,"Pepper,_bell___healthy",0.841142
plantdoc/PlantDoc-Dataset/train/Tomato leaf late blight/late_blight_tomato_leaf_sporex1200.jpg,Tomato___Late_blight,Corn___healthy,0.961197
plantdoc/PlantDoc-Dataset/train/Tomato leaf late blight/late_blight_tomato_leavesx500.jpg,Tomato___Late_blight,"Pepper,_bell___healthy",0.197211
plantdoc/PlantDoc-Dataset/train/Tomato leaf late blight/late_blight_tomato_transplant2x1200.jpg,Tomato___Late_blight,Tomato___Late_blight,0.653277
plantdoc/PlantDoc-Dataset/train/Tomato leaf late blight/late_blight_tomato_unusual-symptomsx1200.jpg,Tomato___Late_blight,Tomato___Septoria_leaf_spot,0.574216
plantdoc/PlantDoc-Dataset/train/Tomato leaf late blight/lateblight2.jpg,Tomato___Late_blight,Tomato___healthy,0.510533
plantdoc/PlantDoc-Dataset/train/Tomato leaf late blight/lateblightTom_lesion.jpg,Tomato___Late_blight,Tomato___Late_blight,0.932089
plantdoc/PlantDoc-Dataset/train/Tomato leaf late blight/lateblightTom_lesion3.jpg,Tomato___Late_blight,"Pepper,_bell___healthy",0.274034
plantdoc/PlantDoc-Dataset/train/Tomato leaf late blight/lb2.jpg,Tomato___Late_blight,Tomato___Late_blight,0.936553
plantdoc/PlantDoc-Dataset/train/Tomato leaf late blight/lb_leaf_lesions2x1200.jpg,Tomato___Late_blight,Tomato___Late_blight,0.291100
plantdoc/PlantDoc-Dataset/train/Tomato leaf late blight/lb_leaf_lesions3x1200.jpg,Tomato___Late_blight,Tomato___Late_blight,0.388123
plantdoc/PlantDoc-Dataset/train/Tomato leaf late blight/lb_leaf_lesions4x1200.jpg,Tomato___Late_blight,Tomato___Late_blight,0.490776
plantdoc/PlantDoc-Dataset/train/Tomato leaf late blight/lbleaf.jpg,Tomato___Late_blight,"Pepper,_bell___healthy",0.809929
plantdoc/PlantDoc-Dataset/train/Tomato leaf late blight/p1020076cs.jpg,Tomato___Late_blight,Tomato___Late_blight,0.729385
plantdoc/PlantDoc-Dataset/train/Tomato leaf late blight/photo-2.jpg,Tomato___Late_blight,"Pepper,_bell___healthy",0.738062
plantdoc/PlantDoc-Dataset/train/Tomato leaf late blight/photo-9.jpg,Tomato___Late_blight,Tomato___Late_blight,0.367237
plantdoc/PlantDoc-Dataset/train/Tomato leaf late blight/stock-photo-tomato-plants-infected-by-the-late-blight-plant-pathogen-phytophthora-infestans-macro-539209615.jpg,Tomato___Late_blight,"Pepper,_bell___healthy",0.603318
plantdoc/PlantDoc-Dataset/train/Tomato leaf late blight/symptoms_of_late_blight.jpg2__0.jpg,Tomato___Late_blight,Corn___healthy,0.314575
plantdoc/PlantDoc-Dataset/train/Tomato leaf late blight/symptoms_of_late_blight_0.jpg,Tomato___Late_blight,Tomato___Early_blight,0.479580
plantdoc/PlantDoc-Dataset/train/Tomato leaf late blight/tomato+blight.jpg,Tomato___Late_blight,"Pepper,_bell___healthy",0.725694
plantdoc/PlantDoc-Dataset/train/Tomato leaf late blight/tomato-blight-phytophthora-infestans-close-up-of-infected-leaf-b5n95x.jpg,Tomato___Late_blight,Tomato___Late_blight,0.508794
plantdoc/PlantDoc-Dataset/train/Tomato leaf late blight/tomato-late-blight-conn-2015-137c.jpg,Tomato___Late_blight,Tomato___Late_blight,0.852031
plantdoc/PlantDoc-Dataset/train/Tomato leaf late blight/tomato-late-blight-conn-2015-139rcs.jpg,Tomato___Late_blight,Tomato___Late_blight,0.400360
plantdoc/PlantDoc-Dataset/train/Tomato leaf late blight/tomato-late-blight-foliar-lesions_Scot-Nelson_CC-BY-SA-2.0.jpg,Tomato___Late_blight,Tomato___Late_blight,0.943588
plantdoc/PlantDoc-Dataset/train/Tomato leaf late blight/tomato-late-blight-leaf-61-3x32.jpg,Tomato___Late_blight,Tomato___Late_blight,0.386294
plantdoc/PlantDoc-Dataset/train/Tomato leaf late blight/tomato-late-blight-phytophthora-infestans-lesions-and-damage-on-tomato-bh3w9j.jpg,Tomato___Late_blight,Tomato___Early_blight,0.550230
plantdoc/PlantDoc-Dataset/train/Tomato leaf late blight/tomato-late-blight-phytophthora-infestans-lesions-on-greenhouse-grown-ATA11J.jpg,Tomato___Late_blight,Tomato___Late_blight,0.684132
plantdoc/PlantDoc-Dataset/train/Tomato leaf late blight/tomato-late-blight-phytophthora-infestans-mycelium-and-lesions-on-a15yr2.jpg,Tomato___Late_blight,Tomato___Late_blight,0.457912
plantdoc/PlantDoc-Dataset/train/Tomato leaf late blight/tomato-late-blight-phytophthora-infestans-necrosis-sporulation-on-a-tomato-leaf-underside-X5YDDP.jpg,Tomato___Late_blight,Tomato___Late_blight,0.913642
plantdoc/PlantDoc-Dataset/train/Tomato leaf late blight/tomato-late-blight-phytophthora-infestans-necrosis-sporulation-on-a-tomato-leaf-underside-XA233C.jpg,Tomato___Late_blight,Tomato___Late_blight,0.938310
plantdoc/PlantDoc-Dataset/train/Tomato leaf late blight/tomato-late-blight-phytophthora-infestans-on-tomato-leaves-a15ym0.jpg,Tomato___Late_blight,Tomato___Early_blight,0.346606
plantdoc/PlantDoc-Dataset/train/Tomato leaf late blight/tomato-late-blight-sporulation-on-a-tomato-leaflet-picture-id81781370?s=612x612.jpg,Tomato___Late_blight,Tomato___Late_blight,0.952679
plantdoc/PlantDoc-Dataset/train/Tomato leaf late blight/tomato.early.blightH.jpg,Tomato___Late_blight,"Pepper,_bell___healthy",0.464667
plantdoc/PlantDoc-Dataset/train/Tomato leaf late blight/tomato_D33a-Late-blight-015-OMAFHRT_zoom.jpg,Tomato___Late_blight,Tomato___Late_blight,0.439201
plantdoc/PlantDoc-Dataset/train/Tomato leaf late blight/tomato_late-blight_01_zoom.jpg,Tomato___Late_blight,"Pepper,_bell___healthy",0.751410
plantdoc/PlantDoc-Dataset/train/Tomato leaf late blight/tomato_late-blight_03_zoom.jpg,Tomato___Late_blight,Tomato___Early_blight,0.368717
plantdoc/PlantDoc-Dataset/train/Tomato leaf late blight/tomato_late-blight_04_zoom.jpg,Tomato___Late_blight,"Pepper,_bell___healthy",0.654598
plantdoc/PlantDoc-Dataset/train/Tomato leaf late blight/tomato_late-blight_05_zoom.jpg,Tomato___Late_blight,"Pepper,_bell___healthy",0.895260
plantdoc/PlantDoc-Dataset/test/Tomato leaf mosaic virus/9511.img.jpg,Tomato___Tomato_mosaic_virus,"Pepper,_bell___healthy",0.734225
plantdoc/PlantDoc-Dataset/test/Tomato leaf mosaic virus/D%29AlfMov.jpg,Tomato___Tomato_mosaic_virus,Tomato___Leaf_Mold,0.586751
plantdoc/PlantDoc-Dataset/test/Tomato leaf mosaic virus/Tomato-Mosaic-1wdr2jx-300x225.jpg,Tomato___Tomato_mosaic_virus,Corn___healthy,0.928154
plantdoc/PlantDoc-Dataset/test/Tomato leaf mosaic virus/everystockphoto-21099455-l.jpg,Tomato___Tomato_mosaic_virus,Corn___healthy,0.257802
plantdoc/PlantDoc-Dataset/test/Tomato leaf mosaic virus/ill-tomato-of-tomato-mosaic-virus-DBE17N.jpg,Tomato___Tomato_mosaic_virus,"Pepper,_bell___healthy",0.522069
plantdoc/PlantDoc-Dataset/test/Tomato leaf mosaic virus/page_2.jpg,Tomato___Tomato_mosaic_virus,"Pepper,_bell___healthy",0.809977
plantdoc/PlantDoc-Dataset/test/Tomato leaf mosaic virus/tmv-tomato-34.jpg,Tomato___Tomato_mosaic_virus,"Pepper,_bell___healthy",0.451280
plantdoc/PlantDoc-Dataset/test/Tomato leaf mosaic virus/tmv-tomato-9.jpg,Tomato___Tomato_mosaic_virus,Tomato___Late_blight,0.847143
plantdoc/PlantDoc-Dataset/test/Tomato leaf mosaic virus/toma_TMV.jpg,Tomato___Tomato_mosaic_virus,Tomato___healthy,0.356730
plantdoc/PlantDoc-Dataset/test/Tomato leaf mosaic virus/tomato_virus_04_zoom.jpg,Tomato___Tomato_mosaic_virus,"Pepper,_bell___healthy",0.845532
plantdoc/PlantDoc-Dataset/train/Tomato leaf mosaic virus/1422_0.jpeg.jpg,Tomato___Tomato_mosaic_virus,Tomato___Target_Spot,0.311849
plantdoc/PlantDoc-Dataset/train/Tomato leaf mosaic virus/3-tomato-mosaic-virus_web.jpg,Tomato___Tomato_mosaic_virus,Cherry___healthy,0.498387
plantdoc/PlantDoc-Dataset/train/Tomato leaf mosaic virus/4b0bfd_df5a85f728c74cecbe908a24feadab02.jpg,Tomato___Tomato_mosaic_virus,Tomato___Late_blight,0.930152
plantdoc/PlantDoc-Dataset/train/Tomato leaf mosaic virus/51196-004-61703A1B.jpg,Tomato___Tomato_mosaic_virus,Cherry___healthy,0.340999
plantdoc/PlantDoc-Dataset/train/Tomato leaf mosaic virus/5Tomato+Mosaic+Virus.jpg,Tomato___Tomato_mosaic_virus,Tomato___Leaf_Mold,0.369996
plantdoc/PlantDoc-Dataset/train/Tomato leaf mosaic virus/DSC02246.JPG.jpg,Tomato___Tomato_mosaic_virus,"Pepper,_bell___healthy",0.316823
plantdoc/PlantDoc-Dataset/train/Tomato leaf mosaic virus/TMV-3.jpg,Tomato___Tomato_mosaic_virus,Tomato___Tomato_Yellow_Leaf_Curl_Virus,0.264663
plantdoc/PlantDoc-Dataset/train/Tomato leaf mosaic virus/TNRV2.jpg,Tomato___Tomato_mosaic_virus,Tomato___Early_blight,0.233696
plantdoc/PlantDoc-Dataset/train/Tomato leaf mosaic virus/Tomato%2Bmosaic%2Bvirus.jpg,Tomato___Tomato_mosaic_virus,"Pepper,_bell___healthy",0.825248
plantdoc/PlantDoc-Dataset/train/Tomato leaf mosaic virus/Tomato+mosaic+virus.jpg,Tomato___Tomato_mosaic_virus,Tomato___Leaf_Mold,0.814562
plantdoc/PlantDoc-Dataset/train/Tomato leaf mosaic virus/Tomato-brown-rugose-fruit-virus-ToBRFV-infected-tomato-Solanum-lycopersicum-plants_Q320.jpg,Tomato___Tomato_mosaic_virus,"Pepper,_bell___healthy",0.182017
plantdoc/PlantDoc-Dataset/train/Tomato leaf mosaic virus/ab40cce958c60d8b6e0ec2e4fdb8f526.jpg,Tomato___Tomato_mosaic_virus,Cherry___healthy,0.337753
plantdoc/PlantDoc-Dataset/train/Tomato leaf mosaic virus/d41c86a650e49b8066d6b347d8e9d3ad.jpg,Tomato___Tomato_mosaic_virus,"Pepper,_bell___healthy",0.334122
plantdoc/PlantDoc-Dataset/train/Tomato leaf mosaic virus/dahliaviralsymptoms2lowresjpg.jpg,Tomato___Tomato_mosaic_virus,Strawberry___Leaf_scorch,0.694232
plantdoc/PlantDoc-Dataset/train/Tomato leaf mosaic virus/dummen-tmv.jpg,Tomato___Tomato_mosaic_virus,Tomato___Tomato_Yellow_Leaf_Curl_Virus,0.839270
plantdoc/PlantDoc-Dataset/train/Tomato leaf mosaic virus/fig1-2k11-163-165.jpg,Tomato___Tomato_mosaic_virus,Strawberry___Leaf_scorch,0.297906
plantdoc/PlantDoc-Dataset/train/Tomato leaf mosaic virus/fig2-2k11-1-12.jpg,Tomato___Tomato_mosaic_virus,Squash___Powdery_mildew,0.934408
plantdoc/PlantDoc-Dataset/train/Tomato leaf mosaic virus/image018.jpg,Tomato___Tomato_mosaic_virus,Tomato___Early_blight,0.325701
plantdoc/PlantDoc-Dataset/train/Tomato leaf mosaic virus/image022.jpg,Tomato___Tomato_mosaic_virus,Tomato___Early_blight,0.733652
plantdoc/PlantDoc-Dataset/train/Tomato leaf mosaic virus/image024.jpg,Tomato___Tomato_mosaic_virus,Corn___healthy,0.211423
plantdoc/PlantDoc-Dataset/train/Tomato leaf mosaic virus/mosaic-virus-foliage.jpg,Tomato___Tomato_mosaic_virus,Tomato___Tomato_Yellow_Leaf_Curl_Virus,0.323581
plantdoc/PlantDoc-Dataset/train/Tomato leaf mosaic virus/mosaic_virus_tomato.jpg,Tomato___Tomato_mosaic_virus,Cherry___healthy,0.553619
plantdoc/PlantDoc-Dataset/train/Tomato leaf mosaic virus/mosaic_virus_tomato_small.jpg,Tomato___Tomato_mosaic_virus,Cherry___healthy,0.127873
plantdoc/PlantDoc-Dataset/train/Tomato leaf mosaic virus/mosiac-virus3.jpg,Tomato___Tomato_mosaic_virus,Tomato___Late_blight,0.909816
plantdoc/PlantDoc-Dataset/train/Tomato leaf mosaic virus/stock-photo-tomato-mosaic-virus-disease-on-tomato-559799668.jpg,Tomato___Tomato_mosaic_virus,Corn___healthy,0.610591
plantdoc/PlantDoc-Dataset/train/Tomato leaf mosaic virus/thumb-500.jpg,Tomato___Tomato_mosaic_virus,Squash___Powdery_mildew,0.445706
plantdoc/PlantDoc-Dataset/train/Tomato leaf mosaic virus/tmv-tomato-16.jpg,Tomato___Tomato_mosaic_virus,Corn___healthy,0.506628
plantdoc/PlantDoc-Dataset/train/Tomato leaf mosaic virus/tomato-fern-leaf-a-symptom-of-tmv-cmv-or-pepmv-virus-on-tomato-plants-h6ey8w.jpg,Tomato___Tomato_mosaic_virus,Tomato___Late_blight,0.647487
plantdoc/PlantDoc-Dataset/train/Tomato leaf mosaic virus/tomato-leaf-herbicide-damage.jpg,Tomato___Tomato_mosaic_virus,"Pepper,_bell___healthy",0.762822
plantdoc/PlantDoc-Dataset/train/Tomato leaf mosaic virus/tomato-leaves-260nw-670831669.jpg,Tomato___Tomato_mosaic_virus,"Pepper,_bell___healthy",0.376218
plantdoc/PlantDoc-Dataset/train/Tomato leaf mosaic virus/tomato-mosaic-virus-1.jpg,Tomato___Tomato_mosaic_virus,Corn___Cercospora_leaf_spot Gray_leaf_spot,0.233593
plantdoc/PlantDoc-Dataset/train/Tomato leaf mosaic virus/tomato-mosaic-virus-F0BA26.jpg,Tomato___Tomato_mosaic_virus,Corn___healthy,0.255615
plantdoc/PlantDoc-Dataset/train/Tomato leaf mosaic virus/tomato-mosaic-virus-disease-on-260nw-559799638.jpg,Tomato___Tomato_mosaic_virus,Cherry___healthy,0.350618
plantdoc/PlantDoc-Dataset/train/Tomato leaf mosaic virus/tomato-mosaic-virus-disease-on-260nw-625499771.jpg,Tomato___Tomato_mosaic_virus,Squash___Powdery_mildew,0.305304
plantdoc/PlantDoc-Dataset/train/Tomato leaf mosaic virus/tomato-mosaic-virus-disease-on-260nw-625499777.jpg,Tomato___Tomato_mosaic_virus,"Pepper,_bell___healthy",0.337842
plantdoc/PlantDoc-Dataset/train/Tomato leaf mosaic virus/tomato-mosaic-virus-disease-on-260nw-625499780.jpg,Tomato___Tomato_mosaic_virus,Squash___Powdery_mildew,0.274102
plantdoc/PlantDoc-Dataset/train/Tomato leaf mosaic virus/tomato-mosaic-virus-leaf.jpg,Tomato___Tomato_mosaic_virus,Tomato___Late_blight,0.346101
plantdoc/PlantDoc-Dataset/train/Tomato leaf mosaic virus/tomato-mosaic-virus.jpg,Tomato___Tomato_mosaic_virus,Corn___healthy,0.739500
plantdoc/PlantDoc-Dataset/train/Tomato leaf mosaic virus/tomato_leaf_curl_ND_on_luffah_KC3701030-3.jpg,Tomato___Tomato_mosaic_virus,Tomato___healthy,0.324188
plantdoc/PlantDoc-Dataset/train/Tomato leaf mosaic virus/tomato_mosaic_virus.jpg,Tomato___Tomato_mosaic_virus,Cherry___healthy,0.237125
plantdoc/PlantDoc-Dataset/train/Tomato leaf mosaic virus/tomato_virus_01_zoom.jpg,Tomato___Tomato_mosaic_virus,"Pepper,_bell___healthy",0.592108
plantdoc/PlantDoc-Dataset/train/Tomato leaf mosaic virus/tomato_virus_06_zoom.jpg,Tomato___Tomato_mosaic_virus,"Pepper,_bell___healthy",0.627108
plantdoc/PlantDoc-Dataset/train/Tomato leaf mosaic virus/tomatodisease001sm.jpg,Tomato___Tomato_mosaic_virus,Strawberry___Leaf_scorch,0.648675
plantdoc/PlantDoc-Dataset/train/Tomato leaf mosaic virus/wd0phb4.jpg,Tomato___Tomato_mosaic_virus,Tomato___Tomato_mosaic_virus,0.590557
plantdoc/PlantDoc-Dataset/test/Tomato leaf yellow virus/11-40580_5.jpg,Tomato___Tomato_Yellow_Leaf_Curl_Virus,Cherry___healthy,0.321634
plantdoc/PlantDoc-Dataset/test/Tomato leaf yellow virus/17fc47.jpg,Tomato___Tomato_Yellow_Leaf_Curl_Virus,"Pepper,_bell___healthy",0.814676
plantdoc/PlantDoc-Dataset/test/Tomato leaf yellow virus/8226402877_9abf151b5b_b.jpg,Tomato___Tomato_Yellow_Leaf_Curl_Virus,Tomato___Tomato_Yellow_Leaf_Curl_Virus,0.364591
plantdoc/PlantDoc-Dataset/test/Tomato leaf yellow virus/fwa2013313115151.jpg,Tomato___Tomato_Yellow_Leaf_Curl_Virus,Cherry___healthy,0.404075
plantdoc/PlantDoc-Dataset/test/Tomato leaf yellow virus/glyphosate.jpg,Tomato___Tomato_Yellow_Leaf_Curl_Virus,"Pepper,_bell___healthy",0.239313
plantdoc/PlantDoc-Dataset/test/Tomato leaf yellow virus/tylcv-seminar-1-638.jpg,Tomato___Tomato_Yellow_Leaf_Curl_Virus,"Pepper,_bell___healthy",0.837274
plantdoc/PlantDoc-Dataset/train/Tomato leaf yellow virus/072.jpg,Tomato___Tomato_Yellow_Leaf_Curl_Virus,"Pepper,_bell___healthy",0.754201
plantdoc/PlantDoc-Dataset/train/Tomato leaf yellow virus/1342017-162221-44540.jpg,Tomato___Tomato_Yellow_Leaf_Curl_Virus,Cherry___healthy,0.617215
plantdoc/PlantDoc-Dataset/train/Tomato leaf yellow virus/14456.img.jpg,Tomato___Tomato_Yellow_Leaf_Curl_Virus,Tomato___Leaf_Mold,0.225761
plantdoc/PlantDoc-Dataset/train/Tomato leaf yellow virus/18071.img.jpg,Tomato___Tomato_Yellow_Leaf_Curl_Virus,"Pepper,_bell___healthy",0.169720
plantdoc/PlantDoc-Dataset/train/Tomato leaf yellow virus/2.--Virused-tomato-leaves-versus.jpg,Tomato___Tomato_Yellow_Leaf_Curl_Virus,Cherry___healthy,0.523832
plantdoc/PlantDoc-Dataset/train/Tomato leaf yellow virus/28619919393_7ef44acccc_b.jpg,Tomato___Tomato_Yellow_Leaf_Curl_Virus,Cherry___healthy,0.804458
plantdoc/PlantDoc-Dataset/train/Tomato leaf yellow virus/29994445671_b6914b44d0_b.jpg,Tomato___Tomato_Yellow_Leaf_Curl_Virus,Cherry___healthy,0.714898
plantdoc/PlantDoc-Dataset/train/Tomato leaf yellow virus/36ca1410e232eec4a8003fe411246820.jpg,Tomato___Tomato_Yellow_Leaf_Curl_Virus,Cherry___healthy,0.725242
plantdoc/PlantDoc-Dataset/train/Tomato leaf yellow virus/5146.jpg,Tomato___Tomato_Yellow_Leaf_Curl_Virus,"Pepper,_bell___healthy",0.518483
plantdoc/PlantDoc-Dataset/train/Tomato leaf yellow virus/534ddf3a932e62dd929a3ac1b29bfa29.jpg,Tomato___Tomato_Yellow_Leaf_Curl_Virus,Strawberry___Leaf_scorch,0.436582
plantdoc/PlantDoc-Dataset/train/Tomato leaf yellow virus/7585001780_4b89e826b7.jpg,Tomato___Tomato_Yellow_Leaf_Curl_Virus,"Pepper,_bell___healthy",0.146483
"plantdoc/PlantDoc-Dataset/train/Tomato leaf yellow virus/8.--Virus-Damaged-foliage-at-top-versus-healthy,-non-infected-bottom-foliage.jpg",Tomato___Tomato_Yellow_Leaf_Curl_Virus,"Pepper,_bell___healthy",0.485726
plantdoc/PlantDoc-Dataset/train/Tomato leaf yellow virus/8226402609_62d16884a7_b.jpg,Tomato___Tomato_Yellow_Leaf_Curl_Virus,Cherry___healthy,0.359583
plantdoc/PlantDoc-Dataset/train/Tomato leaf yellow virus/8227475116_0d40e8f21c_b.jpg,Tomato___Tomato_Yellow_Leaf_Curl_Virus,Corn___Cercospora_leaf_spot Gray_leaf_spot,0.586237
plantdoc/PlantDoc-Dataset/train/Tomato leaf yellow virus/8e60bae9f613f360403943f108a03083.jpg,Tomato___Tomato_Yellow_Leaf_Curl_Virus,Tomato___Septoria_leaf_spot,0.189648
plantdoc/PlantDoc-Dataset/train/Tomato leaf yellow virus/DSC01999.JPG.jpg,Tomato___Tomato_Yellow_Leaf_Curl_Virus,Cherry___healthy,0.877893
plantdoc/PlantDoc-Dataset/train/Tomato leaf yellow virus/DSC02006.JPG.jpg,Tomato___Tomato_Yellow_Leaf_Curl_Virus,Cherry___healthy,0.648150
plantdoc/PlantDoc-Dataset/train/Tomato leaf yellow virus/DSC02007.JPG.jpg,Tomato___Tomato_Yellow_Leaf_Curl_Virus,"Pepper,_bell___healthy",0.571398
plantdoc/PlantDoc-Dataset/train/Tomato leaf yellow virus/DSC_3019_320x209.jpg,Tomato___Tomato_Yellow_Leaf_Curl_Virus,"Pepper,_bell___healthy",0.766133
plantdoc/PlantDoc-Dataset/train/Tomato leaf yellow virus/Figure-4.jpg,Tomato___Tomato_Yellow_Leaf_Curl_Virus,Cherry___healthy,0.584156
plantdoc/PlantDoc-Dataset/train/Tomato leaf yellow virus/IMG_2684.JPG.jpg,Tomato___Tomato_Yellow_Leaf_Curl_Virus,Tomato___Tomato_Yellow_Leaf_Curl_Virus,0.461893
plantdoc/PlantDoc-Dataset/train/Tomato leaf yellow virus/IMG_2686.JPG.jpg,Tomato___Tomato_Yellow_Leaf_Curl_Virus,Tomato___Tomato_Yellow_Leaf_Curl_Virus,0.320413
plantdoc/PlantDoc-Dataset/train/Tomato leaf yellow virus/IMG_2687.JPG.jpg,Tomato___Tomato_Yellow_Leaf_Curl_Virus,Tomato___Tomato_Yellow_Leaf_Curl_Virus,0.802162
plantdoc/PlantDoc-Dataset/train/Tomato leaf yellow virus/IU-TYLCV_img_6.jpg,Tomato___Tomato_Yellow_Leaf_Curl_Virus,Strawberry___Leaf_scorch,0.206375
plantdoc/PlantDoc-Dataset/train/Tomato leaf yellow virus/IU-TYLCV_img_8.jpg,Tomato___Tomato_Yellow_Leaf_Curl_Virus,Cherry___healthy,0.528266
plantdoc/PlantDoc-Dataset/train/Tomato leaf yellow virus/TYLCV-tomate-DB-441-170.jpg,Tomato___Tomato_Yellow_Leaf_Curl_Virus,Cherry___healthy,0.599494
plantdoc/PlantDoc-Dataset/train/Tomato leaf yellow virus/TYLCV-tomate-DB-442-167.jpg,Tomato___Tomato_Yellow_Leaf_Curl_Virus,Cherry___healthy,0.813202
plantdoc/PlantDoc-Dataset/train/Tomato leaf yellow virus/TYLCV-tomate-DB-445-171.jpg,Tomato___Tomato_Yellow_Leaf_Curl_Virus,Cherry___healthy,0.515266
plantdoc/PlantDoc-Dataset/train/Tomato leaf yellow virus/TYLCV1.jpg,Tomato___Tomato_Yellow_Leaf_Curl_Virus,Corn___Cercospora_leaf_spot Gray_leaf_spot,0.515560
plantdoc/PlantDoc-Dataset/train/Tomato leaf yellow virus/TYLCV2.jpg,Tomato___Tomato_Yellow_Leaf_Curl_Virus,Cherry___healthy,0.697331
plantdoc/PlantDoc-Dataset/train/Tomato leaf yellow virus/TYLCV4.jpg,Tomato___Tomato_Yellow_Leaf_Curl_Virus,Tomato___Tomato_Yellow_Leaf_Curl_Virus,0.627250
plantdoc/PlantDoc-Dataset/train/Tomato leaf yellow virus/TYLCVDFerrinlr.jpg,Tomato___Tomato_Yellow_Leaf_Curl_Virus,Cherry___healthy,0.244079
plantdoc/PlantDoc-Dataset/train/Tomato leaf yellow virus/Tomato2.jpg,Tomato___Tomato_Yellow_Leaf_Curl_Virus,Cherry___healthy,0.371112
plantdoc/PlantDoc-Dataset/train/Tomato leaf yellow virus/art_15017325188173_a24a66.jpg,Tomato___Tomato_Yellow_Leaf_Curl_Virus,Cherry___healthy,0.553816
plantdoc/PlantDoc-Dataset/train/Tomato leaf yellow virus/dscn1652cropped.jpg,Tomato___Tomato_Yellow_Leaf_Curl_Virus,Cherry___healthy,0.544514
plantdoc/PlantDoc-Dataset/train/Tomato leaf yellow virus/illustration-thematique-urbino-fig5.plante%20tylcv.jpg,Tomato___Tomato_Yellow_Leaf_Curl_Virus,Corn___Common_rust,0.497298
plantdoc/PlantDoc-Dataset/train/Tomato leaf yellow virus/latest?cb=20100719124603.jpg,Tomato___Tomato_Yellow_Leaf_Curl_Virus,Tomato___Tomato_Yellow_Leaf_Curl_Virus,0.854768
plantdoc/PlantDoc-Dataset/train/Tomato leaf yellow virus/leaf%20curl_3.jpg,Tomato___Tomato_Yellow_Leaf_Curl_Virus,Tomato___Tomato_Yellow_Leaf_Curl_Virus,0.720873
plantdoc/PlantDoc-Dataset/train/Tomato leaf yellow virus/leaves-curling-on-tomato-plant-characteristic-symptoms-tomato-plants-leaves-curling-down-on-tomato-plant.jpg,Tomato___Tomato_Yellow_Leaf_Curl_Virus,Cherry___healthy,0.281128
plantdoc/PlantDoc-Dataset/train/Tomato leaf yellow virus/leaves-on-tomato-plant-turning-yellow-what-does-it-mean-when-your-plant-leaves-turn-yellow-tomato-leaf-problems-a-guide-to-leaves-tomato-plant-turning-yellow.jpg,Tomato___Tomato_Yellow_Leaf_Curl_Virus,"Pepper,_bell___healthy",0.422451
plantdoc/PlantDoc-Dataset/train/Tomato leaf yellow virus/psyllid-yellows.jpg,Tomato___Tomato_Yellow_Leaf_Curl_Virus,"Pepper,_bell___healthy",0.782169
plantdoc/PlantDoc-Dataset/train/Tomato leaf yellow virus/r_tomato.jpg,Tomato___Tomato_Yellow_Leaf_Curl_Virus,Cherry___healthy,0.291166
plantdoc/PlantDoc-Dataset/train/Tomato leaf yellow virus/role-of-whitefly-in-plant-virus-transmission-by-pmanikandan-13-638.jpg,Tomato___Tomato_Yellow_Leaf_Curl_Virus,Corn___healthy,0.454919
plantdoc/PlantDoc-Dataset/train/Tomato leaf yellow virus/role-of-whitefly-in-plant-virus-transmission-by-pmanikandan-25-638.jpg,Tomato___Tomato_Yellow_Leaf_Curl_Virus,Corn___healthy,0.460036
plantdoc/PlantDoc-Dataset/train/Tomato leaf yellow virus/s-prasanth-kumar-young-scientist-awarded-presentation-2-728.jpg,Tomato___Tomato_Yellow_Leaf_Curl_Virus,Tomato___Tomato_Yellow_Leaf_Curl_Virus,0.748877
plantdoc/PlantDoc-Dataset/train/Tomato leaf yellow virus/tj5itxzunn3k.jpg,Tomato___Tomato_Yellow_Leaf_Curl_Virus,Tomato___Tomato_Yellow_Leaf_Curl_Virus,0.748341
plantdoc/PlantDoc-Dataset/train/Tomato leaf yellow virus/tlcv-tomato-leaf-curl-virus-symptoms-on-a-glasshouse-tomato-plant-ACGAG6.jpg,Tomato___Tomato_Yellow_Leaf_Curl_Virus,"Pepper,_bell___healthy",0.130901
plantdoc/PlantDoc-Dataset/train/Tomato leaf yellow virus/tlcv-tomato-leaf-curl-virus-symptoms-on-a-glasshouse-tomato-plant-bmyh62.jpg,Tomato___Tomato_Yellow_Leaf_Curl_Virus,"Pepper,_bell___healthy",0.319482
plantdoc/PlantDoc-Dataset/train/Tomato leaf yellow virus/tomato-plant-virus-tomato-yellow-leaf-curl-virus-tomato-plant-disease-mosaic-virus.jpg,Tomato___Tomato_Yellow_Leaf_Curl_Virus,Tomato___Tomato_Yellow_Leaf_Curl_Virus,0.278221
plantdoc/PlantDoc-Dataset/train/Tomato leaf yellow virus/tomato-yellow-closeup-2.jpg,Tomato___Tomato_Yellow_Leaf_Curl_Virus,Cherry___healthy,0.480344
plantdoc/PlantDoc-Dataset/train/Tomato leaf yellow virus/tomato-yellow-closeup-3.jpg,Tomato___Tomato_Yellow_Leaf_Curl_Virus,Cherry___healthy,0.567269
plantdoc/PlantDoc-Dataset/train/Tomato leaf yellow virus/tomato-yellow-closeup-4.jpg,Tomato___Tomato_Yellow_Leaf_Curl_Virus,"Pepper,_bell___healthy",0.421360
plantdoc/PlantDoc-Dataset/train/Tomato leaf yellow virus/tomato-yellow-leaf-curl-disease-260nw-1006958086.jpg,Tomato___Tomato_Yellow_Leaf_Curl_Virus,Tomato___Tomato_Yellow_Leaf_Curl_Virus,0.933163
plantdoc/PlantDoc-Dataset/train/Tomato leaf yellow virus/tomato-yellow-leaf-curl-disease-260nw-1072448252.jpg,Tomato___Tomato_Yellow_Leaf_Curl_Virus,Cherry___healthy,0.562633
plantdoc/PlantDoc-Dataset/train/Tomato leaf yellow virus/tomato-yellow-leaf-curl-disease.jpg,Tomato___Tomato_Yellow_Leaf_Curl_Virus,Cherry___healthy,0.210069
plantdoc/PlantDoc-Dataset/train/Tomato leaf yellow virus/tomato-yellow-leaf-curl-virus-pdf-78kb.jpg,Tomato___Tomato_Yellow_Leaf_Curl_Virus,"Pepper,_bell___healthy",0.430734
plantdoc/PlantDoc-Dataset/train/Tomato leaf yellow virus/tomato-yellow-leaf-curl-virus-symptoms-on-tomato-leaves-on-plants-ACGAME.jpg,Tomato___Tomato_Yellow_Leaf_Curl_Virus,Cherry___healthy,0.416623
plantdoc/PlantDoc-Dataset/train/Tomato leaf yellow virus/tomato-yellow-leaf-curl-virus-symptoms-on-tomato-leaves-on-plants-AXKWFY.jpg,Tomato___Tomato_Yellow_Leaf_Curl_Virus,"Pepper,_bell___healthy",0.391409
plantdoc/PlantDoc-Dataset/train/Tomato leaf yellow virus/tomato-yellow-leaf-curl-virus-tomato-1.jpg,Tomato___Tomato_Yellow_Leaf_Curl_Virus,Cherry___healthy,0.719087
plantdoc/PlantDoc-Dataset/train/Tomato leaf yellow virus/tomato-yellow-leaf-curl-virus-tylcv_950983.jpg,Tomato___Tomato_Yellow_Leaf_Curl_Virus,Corn___healthy,0.385550
plantdoc/PlantDoc-Dataset/train/Tomato leaf yellow virus/tomato-yellow-leaf-curl-virus-tylvcv-symptoms-on-a-tomato-plant-under-BMYHXY.jpg,Tomato___Tomato_Yellow_Leaf_Curl_Virus,Cherry___healthy,0.401414
plantdoc/PlantDoc-Dataset/train/Tomato leaf yellow virus/tomato_leaf_roll.JPG.jpg,Tomato___Tomato_Yellow_Leaf_Curl_Virus,Tomato___Early_blight,0.731844
plantdoc/PlantDoc-Dataset/train/Tomato leaf yellow virus/tomato_yellow_leaf_curl_virus.jpg,Tomato___Tomato_Yellow_Leaf_Curl_Virus,Cherry___healthy,0.828336
plantdoc/PlantDoc-Dataset/train/Tomato leaf yellow virus/tomatoyellowleafcurlcropped.jpg,Tomato___Tomato_Yellow_Leaf_Curl_Virus,Corn___healthy,0.640096
plantdoc/PlantDoc-Dataset/train/Tomato leaf yellow virus/tylcv-seminar-1-638.jpg,Tomato___Tomato_Yellow_Leaf_Curl_Virus,"Pepper,_bell___healthy",0.837274
plantdoc/PlantDoc-Dataset/train/Tomato leaf yellow virus/tylcv.jpg,Tomato___Tomato_Yellow_Leaf_Curl_Virus,Cherry___healthy,0.404736
plantdoc/PlantDoc-Dataset/train/Tomato leaf yellow virus/tylcv1-.jpg,Tomato___Tomato_Yellow_Leaf_Curl_Virus,Cherry___healthy,0.789185
plantdoc/PlantDoc-Dataset/train/Tomato leaf yellow virus/virus1.jpg,Tomato___Tomato_Yellow_Leaf_Curl_Virus,Tomato___Tomato_Yellow_Leaf_Curl_Virus,0.820912
plantdoc/PlantDoc-Dataset/train/Tomato leaf yellow virus/virus2.jpg,Tomato___Tomato_Yellow_Leaf_Curl_Virus,Cherry___healthy,0.778271
plantdoc/PlantDoc-Dataset/train/Tomato leaf yellow virus/yellowing.JPG.jpg,Tomato___Tomato_Yellow_Leaf_Curl_Virus,Tomato___Tomato_Yellow_Leaf_Curl_Virus,0.903870
plantdoc/PlantDoc-Dataset/test/Tomato mold leaf/49%20Leafmold%20Bottom.jpg,Tomato___Leaf_Mold,Tomato___Late_blight,0.924263
plantdoc/PlantDoc-Dataset/test/Tomato mold leaf/50%20Leafmold%20Top.jpg,Tomato___Leaf_Mold,Tomato___Late_blight,0.766383
plantdoc/PlantDoc-Dataset/test/Tomato mold leaf/BIGSD.jpg,Tomato___Leaf_Mold,Tomato___Early_blight,0.577076
plantdoc/PlantDoc-Dataset/test/Tomato mold leaf/black_leaf_mold_in_zina_tina.jpg,Tomato___Leaf_Mold,Corn___Cercospora_leaf_spot Gray_leaf_spot,0.221360
plantdoc/PlantDoc-Dataset/test/Tomato mold leaf/dscn6689.jpg,Tomato___Leaf_Mold,Tomato___Late_blight,0.356255
plantdoc/PlantDoc-Dataset/test/Tomato mold leaf/fungus-univ-of-minnesoeta.jpg,Tomato___Leaf_Mold,Corn___Cercospora_leaf_spot Gray_leaf_spot,0.282987
plantdoc/PlantDoc-Dataset/train/Tomato mold leaf/100_4542.jpg,Tomato___Leaf_Mold,"Pepper,_bell___Bacterial_spot",0.304632
plantdoc/PlantDoc-Dataset/train/Tomato mold leaf/119B_Tom_Mold.jpg,Tomato___Leaf_Mold,Tomato___Leaf_Mold,0.710764
plantdoc/PlantDoc-Dataset/train/Tomato mold leaf/2195890.jpg,Tomato___Leaf_Mold,"Pepper,_bell___healthy",0.823228
plantdoc/PlantDoc-Dataset/train/Tomato mold leaf/23600077_1572609202782510_2145699867_o.jpg,Tomato___Leaf_Mold,"Pepper,_bell___healthy",0.702931
plantdoc/PlantDoc-Dataset/train/Tomato mold leaf/23601051_1572608349449262_2029169498_o.jpg,Tomato___Leaf_Mold,Tomato___Late_blight,0.752603
plantdoc/PlantDoc-Dataset/train/Tomato mold leaf/23633262_1572609386115825_1396180255_o.jpg,Tomato___Leaf_Mold,"Pepper,_bell___healthy",0.433162
plantdoc/PlantDoc-Dataset/train/Tomato mold leaf/4118c92ffde66d327ee14e4023320bf7.jpg,Tomato___Leaf_Mold,Corn___healthy,0.243952
plantdoc/PlantDoc-Dataset/train/Tomato mold leaf/5830204360_757cd7fdfc_z.jpg,Tomato___Leaf_Mold,Tomato___Late_blight,0.953549
plantdoc/PlantDoc-Dataset/train/Tomato mold leaf/603-116-0.jpg,Tomato___Leaf_Mold,Tomato___Late_blight,0.906437
plantdoc/PlantDoc-Dataset/train/Tomato mold leaf/6032331.JPG.jpg,Tomato___Leaf_Mold,Tomato___Early_blight,0.278551
plantdoc/PlantDoc-Dataset/train/Tomato mold leaf/607-155-0.jpg,Tomato___Leaf_Mold,Tomato___Late_blight,0.920257
plantdoc/PlantDoc-Dataset/train/Tomato mold leaf/607-155-1.jpg,Tomato___Leaf_Mold,Tomato___Late_blight,0.691533
plantdoc/PlantDoc-Dataset/train/Tomato mold leaf/8915974546_00664cefe3_z.jpg,Tomato___Leaf_Mold,Strawberry___Leaf_scorch,0.659554
plantdoc/PlantDoc-Dataset/train/Tomato mold leaf/ArticleImage.aspx?imgid=4987.jpg,Tomato___Leaf_Mold,Corn___Northern_Leaf_Blight,0.332177
plantdoc/PlantDoc-Dataset/train/Tomato mold leaf/B%29-Leafunsidecladosp-envez.jpg,Tomato___Leaf_Mold,Potato___Early_blight,0.303183
plantdoc/PlantDoc-Dataset/train/Tomato mold leaf/BlackLeafMold2.jpg,Tomato___Leaf_Mold,Tomato___Early_blight,0.464394
plantdoc/PlantDoc-Dataset/train/Tomato mold leaf/Botrytis-Tomato-Seedlings-2-copy-50QUALITY-17wck0d.jpg,Tomato___Leaf_Mold,Tomato___Late_blight,0.391532
plantdoc/PlantDoc-Dataset/train/Tomato mold leaf/DSCN2697.jpg,Tomato___Leaf_Mold,Strawberry___Leaf_scorch,0.857542
plantdoc/PlantDoc-Dataset/train/Tomato mold leaf/Fig.%2015_opta.jpg,Tomato___Leaf_Mold,"Pepper,_bell___healthy",0.593898
plantdoc/PlantDoc-Dataset/train/Tomato mold leaf/Fig.%2016_opt.jpg,Tomato___Leaf_Mold,Tomato___Late_blight,0.307139
plantdoc/PlantDoc-Dataset/train/Tomato mold leaf/GIVXB.jpg,Tomato___Leaf_Mold,"Pepper,_bell___healthy",0.600374
plantdoc/PlantDoc-Dataset/train/Tomato mold leaf/HighTunnel_TLM5.jpg,Tomato___Leaf_Mold,Tomato___Late_blight,0.450615
plantdoc/PlantDoc-Dataset/train/Tomato mold leaf/HighTunnel_TLM6.jpg,Tomato___Leaf_Mold,Tomato___Late_blight,0.313953
plantdoc/PlantDoc-Dataset/train/Tomato mold leaf/IMG_1261.jpg,Tomato___Leaf_Mold,Tomato___Late_blight,0.771108
plantdoc/PlantDoc-Dataset/train/Tomato mold leaf/IMG_7442%20resized_0.preview.jpg,Tomato___Leaf_Mold,Tomato___Late_blight,0.571928
plantdoc/PlantDoc-Dataset/train/Tomato mold leaf/Leaf+Mold+lower+leaf+surface+spores+%28conidia%29.jpg,Tomato___Leaf_Mold,"Pepper,_bell___healthy",0.421950
plantdoc/PlantDoc-Dataset/train/Tomato mold leaf/Leaf+Mold+upper+leaf+surface.jpg,Tomato___Leaf_Mold,Tomato___Early_blight,0.207503
plantdoc/PlantDoc-Dataset/train/Tomato mold leaf/Leaf+mold+tomato+%25282%2529.JPG.jpg,Tomato___Leaf_Mold,Strawberry___Leaf_scorch,0.311522
plantdoc/PlantDoc-Dataset/train/Tomato mold leaf/Leaf+mold+tomato+%25283%2529.JPG.jpg,Tomato___Leaf_Mold,Strawberry___Leaf_scorch,0.424179
plantdoc/PlantDoc-Dataset/train/Tomato mold leaf/Leaf-mold-caused-by-the-fungal-pathogen-Passalore-fulva-in-tomatoes.jpg,Tomato___Leaf_Mold,"Pepper,_bell___healthy",0.791640
plantdoc/PlantDoc-Dataset/train/Tomato mold leaf/Leaf-mold-web.jpg,Tomato___Leaf_Mold,"Pepper,_bell___healthy",0.226364
plantdoc/PlantDoc-Dataset/train/Tomato mold leaf/Leaf-mold3.jpg,Tomato___Leaf_Mold,Cherry___healthy,0.357492
plantdoc/PlantDoc-Dataset/train/Tomato mold leaf/OLU13.jpg,Tomato___Leaf_Mold,"Pepper,_bell___healthy",0.852565
plantdoc/PlantDoc-Dataset/train/Tomato mold leaf/Ormvn.jpg,Tomato___Leaf_Mold,Tomato___Spider_mites Two-spotted_spider_mite,0.437585
plantdoc/PlantDoc-Dataset/train/Tomato mold leaf/P1020365.jpg,Tomato___Leaf_Mold,Cherry___healthy,0.481147
plantdoc/PlantDoc-Dataset/train/Tomato mold leaf/Problem-2a.jpg,Tomato___Leaf_Mold,Strawberry___Leaf_scorch,0.330996
plantdoc/PlantDoc-Dataset/train/Tomato mold leaf/Tomato%20greenhouse%20leaf%20edema%20and%20distortion2F.JPG.jpg,Tomato___Leaf_Mold,Tomato___Late_blight,0.842415
plantdoc/PlantDoc-Dataset/train/Tomato mold leaf/Tomato+leaf+mold.jpg,Tomato___Leaf_Mold,Tomato___Late_blight,0.807535
plantdoc/PlantDoc-Dataset/train/Tomato mold leaf/TomatoLeafMold1-50QUALITY-16lgkq6.jpg,Tomato___Leaf_Mold,Corn___healthy,0.474257
plantdoc/PlantDoc-Dataset/train/Tomato mold leaf/TomatoLeafMold2-50QUALITY-1b89zfs.jpg,Tomato___Leaf_Mold,Tomato___Late_blight,0.937410
plantdoc/PlantDoc-Dataset/train/Tomato mold leaf/black%20leaf%20mold%20%283%29.JPG?itok=u5TDHCSM.jpg,Tomato___Leaf_Mold,Potato___Early_blight,0.932078
plantdoc/PlantDoc-Dataset/train/Tomato mold leaf/black%20leaf%20mold%20%284%29.JPG?itok=DIIUw9JU.jpg,Tomato___Leaf_Mold,Squash___Powdery_mildew,0.445376
plantdoc/PlantDoc-Dataset/train/Tomato mold leaf/d-to-tylv-fo005-14496A31BE70553130A.jpg,Tomato___Leaf_Mold,Cherry___healthy,0.695690
plantdoc/PlantDoc-Dataset/train/Tomato mold leaf/dscf2712.jpg,Tomato___Leaf_Mold,Tomato___Late_blight,0.580850
plantdoc/PlantDoc-Dataset/train/Tomato mold leaf/dscn6690.jpg,Tomato___Leaf_Mold,Tomato___Leaf_Mold,0.766403
plantdoc/PlantDoc-Dataset/train/Tomato mold leaf/gray-leaf-spot-300x225.jpg,Tomato___Leaf_Mold,"Pepper,_bell___healthy",0.552362
plantdoc/PlantDoc-Dataset/train/Tomato mold leaf/gray-mold-on-tomato-leaf.jpg,Tomato___Leaf_Mold,Tomato___Late_blight,0.934815
plantdoc/PlantDoc-Dataset/train/Tomato mold leaf/grey-mould-botrytis-cinerea-on-bottom-of-a-tomato-leaf-late-in-the-AFRDAN.jpg,Tomato___Leaf_Mold,Tomato___Late_blight,0.939216
plantdoc/PlantDoc-Dataset/train/Tomato mold leaf/image233.jpg,Tomato___Leaf_Mold,Tomato___Late_blight,0.911556
plantdoc/PlantDoc-Dataset/train/Tomato mold leaf/latest?cb=20100723105221.jpg,Tomato___Leaf_Mold,Tomato___healthy,0.635752
plantdoc/PlantDoc-Dataset/train/Tomato mold leaf/leaf%2Binf%2B800%2B1.jpg,Tomato___Leaf_Mold,"Pepper,_bell___healthy",0.857405
plantdoc/PlantDoc-Dataset/train/Tomato mold leaf/leaf_mold1.jpg,Tomato___Leaf_Mold,"Pepper,_bell___healthy",0.397468
plantdoc/PlantDoc-Dataset/train/Tomato mold leaf/leaf_mold2.jpg,Tomato___Leaf_Mold,Tomato___Late_blight,0.935706
plantdoc/PlantDoc-Dataset/train/Tomato mold leaf/leaf_mold_nightshade1x500.jpg,Tomato___Leaf_Mold,Tomato___Late_blight,0.544813
plantdoc/PlantDoc-Dataset/train/Tomato mold leaf/leaf_mold_nightshade2x500.jpg,Tomato___Leaf_Mold,Potato___Early_blight,0.775005
plantdoc/PlantDoc-Dataset/train/Tomato mold leaf/leaf_mold_tomato1x1200.jpg,Tomato___Leaf_Mold,Tomato___Late_blight,0.936081
plantdoc/PlantDoc-Dataset/train/Tomato mold leaf/leaf_mold_tomato2x1200.jpg,Tomato___Leaf_Mold,Corn___healthy,0.511749
plantdoc/PlantDoc-Dataset/train/Tomato mold leaf/leaf_mold_tomato3x1200.jpg,Tomato___Leaf_Mold,Tomato___Late_blight,0.948193
plantdoc/PlantDoc-Dataset/train/Tomato mold leaf/leaf_mold_tomato4x1200.jpg,Tomato___Leaf_Mold,Tomato___Late_blight,0.884506
plantdoc/PlantDoc-Dataset/train/Tomato mold leaf/leaf_mold_tomato5x1200.jpg,Tomato___Leaf_Mold,Tomato___Late_blight,0.495376
plantdoc/PlantDoc-Dataset/train/Tomato mold leaf/leaf_mold_tomato6x1200.jpg,Tomato___Leaf_Mold,"Pepper,_bell___healthy",0.806000
plantdoc/PlantDoc-Dataset/train/Tomato mold leaf/leaf_mold_tomato7x1200.jpg,Tomato___Leaf_Mold,Tomato___Late_blight,0.929930
plantdoc/PlantDoc-Dataset/train/Tomato mold leaf/leafmold.jpg,Tomato___Leaf_Mold,Tomato___Early_blight,0.347050
plantdoc/PlantDoc-Dataset/train/Tomato mold leaf/leafmoldtomato1.jpg,Tomato___Leaf_Mold,Tomato___Late_blight,0.897101
plantdoc/PlantDoc-Dataset/train/Tomato mold leaf/leafmoldtomato2.jpg,Tomato___Leaf_Mold,Tomato___Late_blight,0.942535
plantdoc/PlantDoc-Dataset/train/Tomato mold leaf/pm3.jpg,Tomato___Leaf_Mold,Tomato___Late_blight,0.749642
plantdoc/PlantDoc-Dataset/train/Tomato mold leaf/tdisease12.jpg,Tomato___Leaf_Mold,Tomato___Late_blight,0.458709
plantdoc/PlantDoc-Dataset/train/Tomato mold leaf/tdisease6.jpg,Tomato___Leaf_Mold,Tomato___Leaf_Mold,0.662888
plantdoc/PlantDoc-Dataset/train/Tomato mold leaf/tdisease7.jpg,Tomato___Leaf_Mold,Tomato___Late_blight,0.340988
plantdoc/PlantDoc-Dataset/train/Tomato mold leaf/tomato-gray-leaf-spot.jpg,Tomato___Leaf_Mold,Tomato___Septoria_leaf_spot,0.268129
plantdoc/PlantDoc-Dataset/train/Tomato mold leaf/tomato-leaf-2.jpg,Tomato___Leaf_Mold,Corn___healthy,0.728599
plantdoc/PlantDoc-Dataset/train/Tomato mold leaf/tomato-leaf-mold-2.jpg,Tomato___Leaf_Mold,Corn___healthy,0.910110
plantdoc/PlantDoc-Dataset/train/Tomato mold leaf/tomato-leaf-mold-infection-on-a-leaf-top-and-underside-picture-id81781575?s=612x612.jpg,Tomato___Leaf_Mold,Tomato___Leaf_Mold,0.426317
plantdoc/PlantDoc-Dataset/train/Tomato mold leaf/tomato-leaf-mold.jpg,Tomato___Leaf_Mold,Corn___healthy,0.919462
plantdoc/PlantDoc-Dataset/train/Tomato mold leaf/tomato.jpg,Tomato___Leaf_Mold,Cherry___healthy,0.615569
plantdoc/PlantDoc-Dataset/train/Tomato mold leaf/tomato_Leaf-roll-physiological-7059-SLoewen_thm.jpg,Tomato___Leaf_Mold,Corn___healthy,0.519330
plantdoc/PlantDoc-Dataset/train/Tomato mold leaf/tomato_fulvia.jpg,Tomato___Leaf_Mold,Corn___healthy,0.250531
plantdoc/PlantDoc-Dataset/train/Tomato mold leaf/tomato_fulvia2.jpg,Tomato___Leaf_Mold,Potato___Early_blight,0.486392
plantdoc/PlantDoc-Dataset/train/Tomato mold leaf/tomato_leaf-mold_01_zoom.jpg,Tomato___Leaf_Mold,"Pepper,_bell___healthy",0.606493
plantdoc/PlantDoc-Dataset/train/Tomato mold leaf/tomato_leaf-mold_02_zoom.jpg,Tomato___Leaf_Mold,Tomato___Late_blight,0.789993
plantdoc/PlantDoc-Dataset/train/Tomato mold leaf/tomato_leaf-mold_03_zoom.jpg,Tomato___Leaf_Mold,Corn___Common_rust,0.520150
plantdoc/PlantDoc-Dataset/train/Tomato mold leaf/tomato_leaf-mold_04_zoom.jpg,Tomato___Leaf_Mold,Cherry___healthy,0.303575
plantdoc/PlantDoc-Dataset/train/Tomato mold leaf/tomato_plants_1_original.JPG?1407178095.jpg,Tomato___Leaf_Mold,Cherry___healthy,0.634298
plantdoc/PlantDoc-Dataset/train/Tomato mold leaf/top-leaf-mold-Fulva-fulvea-WN.jpg,Tomato___Leaf_Mold,"Pepper,_bell___healthy",0.525708
plantdoc/PlantDoc-Dataset/train/Tomato mold leaf/tylc.jpg,Tomato___Leaf_Mold,Cherry___healthy,0.210069
plantdoc/PlantDoc-Dataset/train/Tomato two spotted spider mites leaf/SpotSpeckBlightMite-1l4v879.jpg,Tomato___Spider_mites Two-spotted_spider_mite,"Pepper,_bell___healthy",0.441182
plantdoc/PlantDoc-Dataset/train/Tomato two spotted spider mites leaf/comparing-diseases-4-canker-tomato-1y51ejs.jpg,Tomato___Spider_mites Two-spotted_spider_mite,"Pepper,_bell___healthy",0.325584
plantdoc/PlantDoc-Dataset/test/grape leaf/0000.jpg,Grape___healthy,Tomato___Late_blight,0.665998
plantdoc/PlantDoc-Dataset/test/grape leaf/730-grape-leaf-2560x1600-nature-wallpaper.jpg,Grape___healthy,Grape___healthy,0.864919
plantdoc/PlantDoc-Dataset/test/grape leaf/DSCN7317.JPG.jpg,Grape___healthy,"Pepper,_bell___healthy",0.806766
plantdoc/PlantDoc-Dataset/test/grape leaf/P1130286.jpg,Grape___healthy,"Pepper,_bell___healthy",0.613296
plantdoc/PlantDoc-Dataset/test/grape leaf/depositphotos_3443387-stock-photo-the-green-grape-leaf-on.jpg,Grape___healthy,Tomato___Late_blight,0.312615
plantdoc/PlantDoc-Dataset/test/grape leaf/depositphotos_6898486-stock-photo-grape-leaves.jpg,Grape___healthy,Tomato___Late_blight,0.524956
plantdoc/PlantDoc-Dataset/test/grape leaf/grape-leaf-14309623.jpg,Grape___healthy,Grape___healthy,0.936011
plantdoc/PlantDoc-Dataset/test/grape leaf/grape-leaf-picture-id119212425?k=6&m=119212425&s=612x612&w=0&h=8RZBWGcvXe4tAwhhvYZVFzWyRyiN5iTxKfWBpPT1FcU=.jpg,Grape___healthy,Grape___healthy,0.896818
plantdoc/PlantDoc-Dataset/test/grape leaf/grapes-leaves.jpg,Grape___healthy,Grape___healthy,0.544018
plantdoc/PlantDoc-Dataset/test/grape leaf/grapevine-leaf-7466071.jpg,Grape___healthy,Tomato___Late_blight,0.679760
plantdoc/PlantDoc-Dataset/test/grape leaf/latest?cb=20100621160325.jpg,Grape___healthy,Grape___healthy,0.819208
plantdoc/PlantDoc-Dataset/test/grape leaf/vitis-riparia-le-ahaines-b.jpg,Grape___healthy,Strawberry___Leaf_scorch,0.699959
plantdoc/PlantDoc-Dataset/train/grape leaf/000g.jpg,Grape___healthy,"Pepper,_bell___healthy",0.625289
plantdoc/PlantDoc-Dataset/train/grape leaf/0g.jpg,Grape___healthy,"Pepper,_bell___healthy",0.335470
plantdoc/PlantDoc-Dataset/train/grape leaf/10178grape_leaf.jpg,Grape___healthy,Tomato___Late_blight,0.203534
plantdoc/PlantDoc-Dataset/train/grape leaf/4635766-green-grapevine-leaves.jpg,Grape___healthy,Tomato___Late_blight,0.232757
plantdoc/PlantDoc-Dataset/train/grape leaf/6cy5kMMEi.jpg,Grape___healthy,Corn___healthy,0.688643
plantdoc/PlantDoc-Dataset/train/grape leaf/GrapeLeaf.jpg,Grape___healthy,Corn___healthy,0.633004
plantdoc/PlantDoc-Dataset/train/grape leaf/Grape_leaf_01.jpg,Grape___healthy,Grape___healthy,0.796497
plantdoc/PlantDoc-Dataset/train/grape leaf/Grolleau_noir_leaves.jpg,Grape___healthy,Grape___healthy,0.705943
plantdoc/PlantDoc-Dataset/train/grape leaf/IMG_20150511_095517.jpg,Grape___healthy,Cherry___healthy,0.590895
plantdoc/PlantDoc-Dataset/train/grape leaf/IMG_20150511_111942.jpg,Grape___healthy,Raspberry___healthy,0.316371
plantdoc/PlantDoc-Dataset/train/grape leaf/IMG_2666.jpg,Grape___healthy,Strawberry___Leaf_scorch,0.847111
plantdoc/PlantDoc-Dataset/train/grape leaf/P1130239.jpg,Grape___healthy,"Pepper,_bell___healthy",0.621656
plantdoc/PlantDoc-Dataset/train/grape leaf/WildGrapeLeaf_cutout.jpg,Grape___healthy,Grape___healthy,0.407770
plantdoc/PlantDoc-Dataset/train/grape leaf/Wild_Grape_Leaf.jpg,Grape___healthy,Cherry___healthy,0.264257
plantdoc/PlantDoc-Dataset/train/grape leaf/blue-grape-cluster-leaves-3323887.jpg,Grape___healthy,Strawberry___Leaf_scorch,0.308562
plantdoc/PlantDoc-Dataset/train/grape leaf/dc9rk7rKi.jpg,Grape___healthy,Apple___Apple_scab,0.310667
plantdoc/PlantDoc-Dataset/train/grape leaf/depositphotos_6812535-stock-photo-grape-leaves.jpg,Grape___healthy,Tomato___Late_blight,0.310676
plantdoc/PlantDoc-Dataset/train/grape leaf/dsc00849.jpg,Grape___healthy,Cherry___healthy,0.881405
plantdoc/PlantDoc-Dataset/train/grape leaf/grape+leaves.JPG.jpg,Grape___healthy,Apple___healthy,0.821810
plantdoc/PlantDoc-Dataset/train/grape leaf/grape-leaf-15796930.jpg,Grape___healthy,Grape___healthy,0.392596
plantdoc/PlantDoc-Dataset/train/grape leaf/grape-leaf-19616502.jpg,Grape___healthy,Grape___healthy,0.817645
plantdoc/PlantDoc-Dataset/train/grape leaf/grape-leaf-blossoming-buds-spring-macro-31132897.jpg,Grape___healthy,Raspberry___healthy,0.425451
plantdoc/PlantDoc-Dataset/train/grape leaf/grape-leaf-detail-1457175.jpg,Grape___healthy,Grape___healthy,0.658230
plantdoc/PlantDoc-Dataset/train/grape leaf/grape-leaf-dew-465884.jpg,Grape___healthy,Strawberry___healthy,0.166377
plantdoc/PlantDoc-Dataset/train/grape leaf/grape-leaf-isolated-cut-out-on-white-background-picture-id172320164?s=612x612.jpg,Grape___healthy,Tomato___Late_blight,0.522383
plantdoc/PlantDoc-Dataset/train/grape leaf/grape-leaf-with-water-drops-41813-1920x1080.jpg,Grape___healthy,Grape___healthy,0.702953
plantdoc/PlantDoc-Dataset/train/grape leaf/grape-leave-clipping-path-3817989.jpg,Grape___healthy,Tomato___Late_blight,0.831177
plantdoc/PlantDoc-Dataset/train/grape leaf/grape-leaves-03-1103349.jpg,Grape___healthy,Tomato___Late_blight,0.218192
plantdoc/PlantDoc-Dataset/train/grape leaf/grape-leaves-1.jpg,Grape___healthy,"Pepper,_bell___healthy",0.771868
plantdoc/PlantDoc-Dataset/train/grape leaf/grape-leaves-19091-1920x1200.jpg,Grape___healthy,Corn___healthy,0.789161
plantdoc/PlantDoc-Dataset/train/grape leaf/grape-leaves-2.jpg,Grape___healthy,"Pepper,_bell___healthy",0.872210
plantdoc/PlantDoc-Dataset/train/grape leaf/grape-leaves-21658567.jpg,Grape___healthy,Tomato___Late_blight,0.787494
plantdoc/PlantDoc-Dataset/train/grape leaf/grape-leaves-3368435.jpg,Grape___healthy,Tomato___Late_blight,0.581808
plantdoc/PlantDoc-Dataset/train/grape leaf/grape-leaves-878629.jpg,Grape___healthy,Tomato___Late_blight,0.277578
plantdoc/PlantDoc-Dataset/train/grape leaf/grape-leaves-picture-id108483523?k=6&m=108483523&s=612x612&w=0&h=hBDI-YPeBffgjjZzbHsAaCfARsflsveT1NbcncLft5Y=.jpg,Grape___healthy,Tomato___Late_blight,0.524467
plantdoc/PlantDoc-Dataset/train/grape leaf/grape-leaves-up-close.jpg,Grape___healthy,Corn___healthy,0.557631
plantdoc/PlantDoc-Dataset/train/grape leaf/grape-leaves1.jpg,Grape___healthy,Grape___healthy,0.477688
plantdoc/PlantDoc-Dataset/train/grape leaf/grape-leaves2.jpg,Grape___healthy,"Pepper,_bell___healthy",0.858116
plantdoc/PlantDoc-Dataset/train/grape leaf/grape-vine-1238367.jpg,Grape___healthy,Grape___healthy,0.720020
plantdoc/PlantDoc-Dataset/train/grape leaf/grape-vine-leaf-1327453.jpg,Grape___healthy,Grape___healthy,0.678015
plantdoc/PlantDoc-Dataset/train/grape leaf/grape-vines-3876069.jpg,Grape___healthy,Grape___healthy,0.390549
plantdoc/PlantDoc-Dataset/train/grape leaf/grape2b.jpg,Grape___healthy,Strawberry___Leaf_scorch,0.898380
plantdoc/PlantDoc-Dataset/train/grape leaf/grape_leaf_1_bg_20090621.jpg,Grape___healthy,Raspberry___healthy,0.349436
plantdoc/PlantDoc-Dataset/train/grape leaf/grapeleaf4.JPG.jpg,Grape___healthy,Grape___healthy,0.641960
plantdoc/PlantDoc-Dataset/train/grape leaf/grapes+003.JPG.jpg,Grape___healthy,"Pepper,_bell___healthy",0.177966
plantdoc/PlantDoc-Dataset/train/grape leaf/iisland-grape-leaves.jpg,Grape___healthy,Tomato___Late_blight,0.422679
plantdoc/PlantDoc-Dataset/train/grape leaf/img_0389.jpg,Grape___healthy,Grape___Black_rot,0.407540
plantdoc/PlantDoc-Dataset/train/grape leaf/img_20160701_155626898_hdr.jpg,Grape___healthy,Strawberry___Leaf_scorch,0.478702
plantdoc/PlantDoc-Dataset/train/grape leaf/img_4534.jpg,Grape___healthy,Corn___healthy,0.634629
plantdoc/PlantDoc-Dataset/train/grape leaf/mourvedre3.jpg,Grape___healthy,Grape___healthy,0.269127
plantdoc/PlantDoc-Dataset/train/grape leaf/muscadine-leaves-762506.JPG.jpg,Grape___healthy,Cherry___healthy,0.305782
plantdoc/PlantDoc-Dataset/train/grape leaf/nature-plant-grape-vine-wine-fruit-food-green-produce-agriculture-grapevine-vines-shrub-grapes-winegrowing-rebstock-flowering-plant-vitis-grape-leaves-green-grapes-swiss-francs-land-plant-grapevine-family-556232.jpg,Grape___healthy,Cherry___healthy,0.437935
plantdoc/PlantDoc-Dataset/train/grape leaf/p1010008.jpg,Grape___healthy,Strawberry___Leaf_scorch,0.620774
plantdoc/PlantDoc-Dataset/train/grape leaf/stock-photo-grapes-leaf-isolated-on-white-background-108448556.jpg,Grape___healthy,Tomato___Late_blight,0.466674
plantdoc/PlantDoc-Dataset/train/grape leaf/trim-the-stem.jpg,Grape___healthy,Grape___healthy,0.275539
plantdoc/PlantDoc-Dataset/train/grape leaf/vine-leaves-10824119.jpg,Grape___healthy,Tomato___Late_blight,0.713966
plantdoc/PlantDoc-Dataset/train/grape leaf/young-fresh-grape-leaf-picture-id183867740?k=6&m=183867740&s=612x612&w=0&h=Q8_s3Yw7p_VKQjda-mZPl9rN4lDmpVjjbMUk95HtVFk=.jpg,Grape___healthy,Grape___healthy,0.634631
plantdoc/PlantDoc-Dataset/test/grape leaf black rot/03gb.jpg,Grape___Black_rot,"Pepper,_bell___healthy",0.572850
plantdoc/PlantDoc-Dataset/test/grape leaf black rot/35589125035_662dd5b258_b.jpg,Grape___Black_rot,Corn___Common_rust,0.372490
plantdoc/PlantDoc-Dataset/test/grape leaf black rot/5-29black-rot-chardRR.jpg,Grape___Black_rot,Grape___Esca_(Black_Measles),0.218704
plantdoc/PlantDoc-Dataset/test/grape leaf black rot/Black%20rot%20on%20foliage.jpg,Grape___Black_rot,Corn___healthy,0.259019
plantdoc/PlantDoc-Dataset/test/grape leaf black rot/Black%20rot%20on%20foliage2.jpg,Grape___Black_rot,"Pepper,_bell___healthy",0.274334
plantdoc/PlantDoc-Dataset/test/grape leaf black rot/brleaf2_zoom.jpg,Grape___Black_rot,Grape___Black_rot,0.904551
plantdoc/PlantDoc-Dataset/test/grape leaf black rot/grape_F15a.jpg,Grape___Black_rot,Tomato___Septoria_leaf_spot,0.893356
plantdoc/PlantDoc-Dataset/test/grape leaf black rot/piano%20gully%20spray%20seed%20damage%2006%20%289%29.JPG.jpg,Grape___Black_rot,Grape___Black_rot,0.898396
plantdoc/PlantDoc-Dataset/train/grape leaf black rot/000gb.jpg,Grape___Black_rot,Strawberry___Leaf_scorch,0.243624
plantdoc/PlantDoc-Dataset/train/grape leaf black rot/00gb.jpg,Grape___Black_rot,Strawberry___Leaf_scorch,0.191856
plantdoc/PlantDoc-Dataset/train/grape leaf black rot/01gb.jpg,Grape___Black_rot,Strawberry___Leaf_scorch,0.429926
plantdoc/PlantDoc-Dataset/train/grape leaf black rot/02gb.jpg,Grape___Black_rot,Strawberry___Leaf_scorch,0.465900
plantdoc/PlantDoc-Dataset/train/grape leaf black rot/072109%20Hartman%20Grape%20black%20rot-fruit%20&%20lvs.JPG.jpg,Grape___Black_rot,"Pepper,_bell___healthy",0.711745
plantdoc/PlantDoc-Dataset/train/grape leaf black rot/0gb.jpg,Grape___Black_rot,Strawberry___Leaf_scorch,0.193684
plantdoc/PlantDoc-Dataset/train/grape leaf black rot/150px-Plasmopara_viticola_000.jpg,Grape___Black_rot,Grape___Black_rot,0.441252
plantdoc/PlantDoc-Dataset/train/grape leaf black rot/2009+06+069+Downy+mildew.jpg,Grape___Black_rot,Tomato___Septoria_leaf_spot,0.388823
plantdoc/PlantDoc-Dataset/train/grape leaf black rot/2009+07+034+black+rot+leaf+and+berry.jpg,Grape___Black_rot,"Pepper,_bell___healthy",0.359203
plantdoc/PlantDoc-Dataset/train/grape leaf black rot/220px-Guignardia_bidwellii_08.jpg,Grape___Black_rot,Tomato___Late_blight,0.704666
plantdoc/PlantDoc-Dataset/train/grape leaf black rot/35327886795_6f608e0eaa_b.jpg,Grape___Black_rot,Strawberry___Leaf_scorch,0.371376
plantdoc/PlantDoc-Dataset/train/grape leaf black rot/3_21_14-Caption-Black-Rot-leaf-infection.-265x265.jpg,Grape___Black_rot,"Pepper,_bell___healthy",0.449846
plantdoc/PlantDoc-Dataset/train/grape leaf black rot/3_21_14-Caption-Black-Rot-leaf-infection..jpg,Grape___Black_rot,"Pepper,_bell___healthy",0.348359
plantdoc/PlantDoc-Dataset/train/grape leaf black rot/6-14-11%20ANNEMIEK%20blkRotSp.jpg,Grape___Black_rot,Corn___Cercospora_leaf_spot Gray_leaf_spot,0.402870
plantdoc/PlantDoc-Dataset/train/grape leaf black rot/8-21-Anthracnose-shotholing-ANNEMIEK.jpg,Grape___Black_rot,Apple___Apple_scab,0.281493
plantdoc/PlantDoc-Dataset/train/grape leaf black rot/80111791.jpg,Grape___Black_rot,Grape___Black_rot,0.925575
plantdoc/PlantDoc-Dataset/train/grape leaf black rot/Black_Rot_of_Grapes1153.jpg,Grape___Black_rot,Corn___Cercospora_leaf_spot Gray_leaf_spot,0.567924
plantdoc/PlantDoc-Dataset/train/grape leaf black rot/Black_Rot_of_Grapes1154.jpg,Grape___Black_rot,Tomato___Septoria_leaf_spot,0.934379
plantdoc/PlantDoc-Dataset/train/grape leaf black rot/Black_Rot_of_Grapes1155.jpg,Grape___Black_rot,Strawberry___Leaf_scorch,0.669567
plantdoc/PlantDoc-Dataset/train/grape leaf black rot/Black_Rot_of_Grapes1157.jpg,Grape___Black_rot,Corn___Cercospora_leaf_spot Gray_leaf_spot,0.293356
plantdoc/PlantDoc-Dataset/train/grape leaf black rot/Black_Rot_of_Grapes1166.jpg,Grape___Black_rot,Cherry___healthy,0.647379
plantdoc/PlantDoc-Dataset/train/grape leaf black rot/Black_Rot_of_Grapes1167.jpg,Grape___Black_rot,Cherry___healthy,0.184494
plantdoc/PlantDoc-Dataset/train/grape leaf black rot/Black_Rot_of_Grapes1168.jpg,Grape___Black_rot,Cherry___healthy,0.659404
plantdoc/PlantDoc-Dataset/train/grape leaf black rot/Black_Rot_of_Grapes1317.jpg,Grape___Black_rot,Tomato___Septoria_leaf_spot,0.738527
plantdoc/PlantDoc-Dataset/train/grape leaf black rot/Black_Rot_of_Grapes151.jpg,Grape___Black_rot,Strawberry___Leaf_scorch,0.363065
plantdoc/PlantDoc-Dataset/train/grape leaf black rot/Black_Rot_of_Grapes152.jpg,Grape___Black_rot,Corn___Cercospora_leaf_spot Gray_leaf_spot,0.640115
plantdoc/PlantDoc-Dataset/train/grape leaf black rot/Black_rot_on_grape_leaves5.jpg,Grape___Black_rot,Tomato___Late_blight,0.296513
plantdoc/PlantDoc-Dataset/train/grape leaf black rot/Concord-Grapes.jpg,Grape___Black_rot,Strawberry___Leaf_scorch,0.433796
plantdoc/PlantDoc-Dataset/train/grape leaf black rot/DCDl_p8UQAAf2hP.jpg,Grape___Black_rot,Grape___Black_rot,0.808242
plantdoc/PlantDoc-Dataset/train/grape leaf black rot/DSCN1228.jpg,Grape___Black_rot,"Pepper,_bell___healthy",0.212565
plantdoc/PlantDoc-Dataset/train/grape leaf black rot/Guignardia-vigne44.jpg,Grape___Black_rot,Grape___Black_rot,0.647441
plantdoc/PlantDoc-Dataset/train/grape leaf black rot/Guignardia_bidwellii_%28black_rot%29_on_grape_1.jpg,Grape___Black_rot,Corn___Cercospora_leaf_spot Gray_leaf_spot,0.338756
plantdoc/PlantDoc-Dataset/train/grape leaf black rot/Guignardia_bidwellii_%28black_rot%29_on_grape_4.jpg,Grape___Black_rot,Tomato___Early_blight,0.443626
plantdoc/PlantDoc-Dataset/train/grape leaf black rot/IMG_0830_original.JPG?1472588083.jpg,Grape___Black_rot,Tomato___healthy,0.203286
plantdoc/PlantDoc-Dataset/train/grape leaf black rot/PLPATH-FRU-24_Fig1-black-rot-spots-on-grape-leaf_Page_1.jpg,Grape___Black_rot,Tomato___Septoria_leaf_spot,0.348803
plantdoc/PlantDoc-Dataset/train/grape leaf black rot/apr-2016_bryan_black-rot-leaf.jpg,Grape___Black_rot,"Pepper,_bell___healthy",0.643447
plantdoc/PlantDoc-Dataset/train/grape leaf black rot/bad_grapes21.jpg,Grape___Black_rot,Corn___Cercospora_leaf_spot Gray_leaf_spot,0.264715
plantdoc/PlantDoc-Dataset/train/grape leaf black rot/black%20spot%20%2819%29.JPG?itok=mf4II8zq.jpg,Grape___Black_rot,Corn___healthy,0.283285
plantdoc/PlantDoc-Dataset/train/grape leaf black rot/black-rot-guignardia-bidwellii-leaf-spot-lesions-on-muscadine-grape-BY9J7B.jpg,Grape___Black_rot,Grape___Black_rot,0.911902
plantdoc/PlantDoc-Dataset/train/grape leaf black rot/black-rot-guignardia-bidwellii-leaf-spot-lesions-on-muscadine-grape-x85jjd.jpg,Grape___Black_rot,Grape___Black_rot,0.234664
plantdoc/PlantDoc-Dataset/train/grape leaf black rot/black-rot-leaves.jpg,Grape___Black_rot,Grape___Black_rot,0.584126
plantdoc/PlantDoc-Dataset/train/grape leaf black rot/black-rot-of-grape_figure-1.jpg,Grape___Black_rot,Corn___Cercospora_leaf_spot Gray_leaf_spot,0.276935
plantdoc/PlantDoc-Dataset/train/grape leaf black rot/black_rot-grape_leaf.jpeg.jpg,Grape___Black_rot,Grape___Esca_(Black_Measles),0.312306
plantdoc/PlantDoc-Dataset/train/grape leaf black rot/black_rot_1.jpg,Grape___Black_rot,Grape___Black_rot,0.634507
plantdoc/PlantDoc-Dataset/train/grape leaf black rot/br-ocw-dm.jpg,Grape___Black_rot,Corn___Northern_Leaf_Blight,0.342551
plantdoc/PlantDoc-Dataset/train/grape leaf black rot/br-ocw-phom.jpg,Grape___Black_rot,Strawberry___Leaf_scorch,0.770629
plantdoc/PlantDoc-Dataset/train/grape leaf black rot/brshoot2_zoom.jpg,Grape___Black_rot,Strawberry___Leaf_scorch,0.914531
plantdoc/PlantDoc-Dataset/train/grape leaf black rot/fungus_rust.jpg,Grape___Black_rot,Tomato___Septoria_leaf_spot,0.490007
plantdoc/PlantDoc-Dataset/train/grape leaf black rot/grape%20black%20rot%20on%20leaf_DSC0336.jpg,Grape___Black_rot,Corn___healthy,0.217769
plantdoc/PlantDoc-Dataset/train/grape leaf black rot/guignardia-bidwellii-05.jpg,Grape___Black_rot,Grape___Black_rot,0.198975
plantdoc/PlantDoc-Dataset/train/grape leaf black rot/image66.jpg,Grape___Black_rot,Tomato___Late_blight,0.868234
plantdoc/PlantDoc-Dataset/train/grape leaf black rot/image_original.jpeg?1495058317.jpg,Grape___Black_rot,Strawberry___Leaf_scorch,0.930762
plantdoc/PlantDoc-Dataset/train/grape leaf black rot/image_original.jpeg?1495058318.jpg,Grape___Black_rot,Strawberry___Leaf_scorch,0.434065
plantdoc/PlantDoc-Dataset/train/grape leaf black rot/june-9-0181.jpg,Grape___Black_rot,Strawberry___Leaf_scorch,0.535595
plantdoc/PlantDoc-Dataset/train/grape leaf black rot/muscals2.jpg,Grape___Black_rot,Grape___Black_rot,0.551421
plantdoc/PlantDoc-Dataset/train/grape leaf black rot/p_319.jpg,Grape___Black_rot,Apple___Cedar_apple_rust,0.478128
